mean,std,min,max,ptp,abs_mean,abs_max,skew,kurt,zcr_median,janela,y
0.000103442909460523,0.0001876177582933828,-0.0001832289111394,0.0003947033888605,0.0005779322999999,0.0001813426179700343,0.0003947033888605,-0.00040424402232939886,-1.4087678738271205,0.24096385542168675,1,0
0.00017155589066050576,0.00018259397669644393,-0.0001570929111394,0.0005010744888605,0.0006581673999999,0.0002094622854305817,0.0005010744888605,-0.15221957587091212,-1.3095965907812166,0.24497991967871485,2,0
0.00012808816526051642,0.00018493007025130516,-0.0001626347111394,0.0004291520888605,0.0005917867999998999,0.00018523198367888108,0.0004291520888605,0.030710474545703498,-1.4133230178231257,0.24096385542168675,3,0
0.00011294595906051849,0.00018849637885493198,-0.0001779412111394,0.0004003419888605,0.0005782831999999001,0.0001831587634367054,0.0004003419888605,0.02050633680762547,-1.4710943436963537,0.24096385542168675,4,0
0.00010464155966052455,0.00021437874481763613,-0.0002498031111394,0.0004768381888605,0.0007266412999999,0.00019973601137139536,0.0004768381888605,0.08265459266572844,-1.3681612257179188,0.23694779116465864,5,0
-0.0013071673325878372,0.0008346141984452444,-0.0019993421111394,0.0004131195888605,0.0024124616999999,0.0013588807577817055,0.0019993421111394,0.8394542610710523,-0.9767371618399991,0.012048192771084338,6,0
-0.0019226279314910355,9.399127232723414e-05,-0.0019969584111394,-0.0015693565111394,0.0004276019,0.0019226279314910355,0.0019969584111394,1.9559579852016538,3.256442723937137,0.01606425702811245,7,0
-0.0015266191175394021,0.000272670393367315,-0.0019991122111394,-0.0009274999111394,0.0010716123,0.0015266191175394021,0.0019991122111394,0.3190511389310835,-1.0027194599378855,0.24497991967871485,8,0
-0.001134594436139402,0.00028671230557244956,-0.0016775910111394,-0.0005850820111394,0.001092509,0.001134594436139402,0.0016775910111394,0.008066887566993084,-1.107295915639328,0.24497991967871485,9,0
-0.0008520162633394036,0.00026831932039117154,-0.0013841539111394,-0.0003887232111394,0.0009954307,0.0008520162633394036,0.0013841539111394,-0.15258985894015312,-1.3419050187669326,0.24096385542168675,10,0
-0.0007270995417393999,0.0002701954918689088,-0.0011984310111394,-0.0003177688111394,0.0008806622,0.0007270995417393999,0.0011984310111394,-0.08695145689868425,-1.3826023055330456,0.24096385542168675,11,0
-0.0006665992997394017,0.000271444221095399,-0.0010822831111394,-0.0002090019111394,0.0008732812,0.0006665992997394017,0.0010822831111394,0.1431983736695901,-1.3702922775109745,0.24096385542168675,12,0
-0.0006070916933394008,0.0002688375310881725,-0.0010057990111394,-0.0001488286111394,0.0008569704000000001,0.0006070916933394008,0.0010057990111394,0.14277736387971657,-1.4158715124569619,0.24096385542168675,13,0
-0.0006638398947394044,0.0003217541053231438,-0.0014269032111394,-0.0001280771111394,0.0012988261,0.0006638398947394044,0.0014269032111394,-0.1650615357579027,-0.6635025263053658,0.23293172690763053,14,0
-0.00048678894373941115,0.0002737648167291845,-0.0008788216111394,-4.226391113949487e-05,0.0008365576999999052,0.00048678894373941115,0.0008788216111394,0.09982861867754773,-1.4201458424247555,0.24096385542168675,15,0
-0.0007842334897910272,0.0006075641958954869,-0.0019701327111394,-5.352901113949435e-05,0.0019166036999999055,0.0007842334897910272,0.0019701327111394,-0.8025123299631665,-0.6901004088445379,0.17269076305220885,16,0
-0.0019057244466233164,1.7453553475947064e-05,-0.0019357739272685,-0.0018756749659782,6.009896129030015e-05,0.0019057244466233164,0.0019357739272685,0.0,-1.199999999999961,0.004016064257028112,17,0
-0.0017551864257039315,0.0002207621193374606,-0.0019992695111394,-0.0011279969111394,0.0008712726,0.0017551864257039315,0.0019992695111394,1.0716572259436932,0.13755891614979365,0.1285140562248996,18,0
-0.0014142881504394017,0.0003263286360290517,-0.0019965954111394,-0.0008405130111394,0.0011560824000000003,0.0014142881504394017,0.0019965954111394,0.046624469199425395,-1.2638248475168288,0.24096385542168675,19,0
-0.0011867766299394028,0.0002961606244216745,-0.0017281811111394,-0.0006790385111394,0.0010491426,0.0011867766299394028,0.0017281811111394,-0.02308821273799713,-1.2591709117245877,0.24096385542168675,20,0
-0.0010343139534194016,0.0003180818708598673,-0.0016476314111394,-0.0005262518111394,0.0011213795999999998,0.0010343139534194016,0.0016476314111394,0.058026050979264714,-1.3840815708654801,0.24497991967871485,21,0
-0.0009648025800594012,0.0003012692987188896,-0.0014172474111394,-0.0004900486111394,0.0009271988,0.0009648025800594012,0.0014172474111394,0.07086124962242137,-1.4119126544482414,0.24096385542168675,22,0
-0.0009160879655394011,0.00030893794520298013,-0.0013715820111394,-0.0004375346111394,0.0009340474,0.0009160879655394011,0.0013715820111394,0.06838024294265152,-1.4785867090178997,0.24096385542168675,23,0
-0.000851925779539402,0.00030813443934441,-0.0013230973111394,-0.0003956807111394,0.0009274165999999999,0.000851925779539402,0.0013230973111394,-0.11854231592962354,-1.4404406099216411,0.24096385542168675,24,0
-0.000852566498739402,0.00030837237331571635,-0.0013194552111394,-0.0004038482111394,0.0009156069999999999,0.000852566498739402,0.0013194552111394,-0.07307717366718214,-1.4774579691422185,0.24096385542168675,25,0
-0.0010700185172594007,0.0004766272472231351,-0.0019851125111394,-0.0003268801111394,0.0016582324,0.0010700185172594007,0.0019851125111394,-0.29178896266321636,-0.9760272218650883,0.18473895582329317,26,0
-0.0019454434150835936,1.1466451313052417e-05,-0.0019593516111394,-0.0018849283831394,7.442322800000007e-05,0.0019454434150835936,0.0019593516111394,2.414822098662039,8.779446826188842,0.008032128514056224,27,0
-0.0016454187142752612,0.0002592445210199085,-0.0019950708111394,-0.0010129985111394,0.0009820722999999997,0.0016454187142752612,0.0019950708111394,0.6101293041033659,-0.622875957800165,0.17269076305220885,28,0
-0.0013667795937394008,0.00035009656266700884,-0.0019235840111394,-0.0007893058111394,0.0011342782,0.0013667795937394008,0.0019235840111394,0.1090868530059683,-1.424500139905522,0.24899598393574296,29,0
-0.001223884813139401,0.00032807305058868544,-0.0017479283111394,-0.0007193678111394,0.0010285605000000001,0.001223884813139401,0.0017479283111394,-0.035602847991652246,-1.4656756592341234,0.23293172690763053,30,0
-0.0011740839477394007,0.00033084805700713503,-0.0016635429111394,-0.0006466105111394,0.0010169324,0.0011740839477394007,0.0016635429111394,0.04944868435715342,-1.458404947041221,0.23694779116465864,31,0
-0.001064899621939401,0.0003247014358604602,-0.0015889222111394,-0.0006051801111394,0.0009837421000000002,0.001064899621939401,0.0015889222111394,-0.15167159482415746,-1.458619965812554,0.23694779116465864,32,0
-0.0010292701797394005,0.00032180371046631003,-0.0015404980111394,-0.0005657704111394,0.0009747275999999999,0.0010292701797394005,0.0015404980111394,-0.11449827740355785,-1.4239363819552762,0.23694779116465864,33,0
-0.001002048712939402,0.0003178855632169293,-0.0014919649111394,-0.0005262881111394,0.0009656768,0.001002048712939402,0.0014919649111394,0.0034205905448732614,-1.4367976610096633,0.24096385542168675,34,0
-0.0009707964457394012,0.0003214874617917122,-0.0014467109111394,-0.0004963769111394,0.0009503339999999999,0.0009707964457394012,0.0014467109111394,-0.016612938423413246,-1.4692415373553807,0.24096385542168675,35,0
-0.0009426874439394,0.0003287940246487452,-0.0014291417111394,-0.0004661148111394,0.0009630269000000001,0.0009426874439394,0.0014291417111394,-0.04525863967153654,-1.50544475201203,0.24096385542168675,36,0
-0.0009253764038452972,0.0006551931700817138,-0.0019586982111394,0.0008075916888605,0.0027662898999999,0.001048020739912974,0.0019586982111394,1.0086825332669314,1.0416229613620147,0.18072289156626506,37,0
-0.0004142608979815809,0.0006114588111626367,-0.001466998939932,0.0006384771439688,0.0021054760839008,0.0006096644203381541,0.001466998939932,0.0,-1.199999999999981,0.004016064257028112,38,0
-0.001611990471991429,0.0002921934992961483,-0.0019837573111394,-0.0008898810111394,0.0010938762999999998,0.001611990471991429,0.0019837573111394,0.7627852488901671,-0.4464482213369929,0.14859437751004015,39,0
-0.0012310826675394012,0.0003526215937998821,-0.0018657581111394,-0.0007059489111394,0.0011598092,0.0012310826675394012,0.0018657581111394,-0.1358804413049352,-1.4333051289327892,0.24497991967871485,40,0
-0.0011311804695394011,0.0003491709869348919,-0.0016515518111394,-0.0006295737111394,0.0010219781,0.0011311804695394011,0.0016515518111394,-0.019595266867368274,-1.4999301860573937,0.24096385542168675,41,0
-0.001098821318539402,0.0003257892333956462,-0.0016101214111394,-0.0006187926111394,0.0009913288,0.001098821318539402,0.0016101214111394,-0.09317289731632974,-1.4019055344385938,0.24096385542168675,42,0
-0.001092322626339402,0.00032955252260268253,-0.0015962185111394,-0.0005804961111394,0.0010157224,0.001092322626339402,0.0015962185111394,0.031600721663402144,-1.4077697248982877,0.23293172690763053,43,0
-0.001066248070139401,0.00032678664518223367,-0.0015819647111394,-0.0005721229111394,0.0010098417999999999,0.001066248070139401,0.0015819647111394,-0.07512874380964801,-1.4303329798245132,0.24096385542168675,44,0
-0.0010677905539394014,0.0003159885903143364,-0.0018194151111394,-0.0005491934111394,0.0012702217,0.0010677905539394014,0.0018194151111394,0.04878633368254892,-1.2450534947680376,0.24497991967871485,45,0
-0.0010018715689394022,0.00033708819985705705,-0.0015184397111394,-0.0005343104111394,0.0009841293000000001,0.0010018715689394022,0.0015184397111394,-0.1542957763007769,-1.438018102375128,0.24096385542168675,46,0
-0.0010017494718727357,0.00031140457805519777,-0.0015001324111394,-0.0005096748111394,0.0009904576,0.0010017494718727357,0.0015001324111394,0.00340983381470467,-1.311773737685152,0.24899598393574296,47,0
-0.0010620016800060696,0.00034248821594031154,-0.0017875195111394,-0.0004955904111394,0.0012919290999999999,0.0010620016800060696,0.0017875195111394,0.002165817184203995,-1.1977210036531032,0.23694779116465864,48,0
-0.0016617564700550907,0.0005003078464825347,-0.0019934857111394,-7.155801113949492e-05,0.0019219276999999052,0.0016617564700550907,0.0019934857111394,1.2668955690660555,0.17635401639889192,0.01606425702811245,49,0
-0.0019260861914237753,0.00011524645741310926,-0.0019955548111394,-0.0013752604111394,0.0006202944000000001,0.0019260861914237753,0.0019955548111394,2.5696911379116174,6.217827584834538,0.012048192771084338,50,0
-0.001506237732339408,0.00028882994910016694,-0.0019930380111394,-0.0009144198111394,0.0010786182,0.001506237732339408,0.0019930380111394,0.18367106604663175,-0.9679405879664862,0.22088353413654618,51,0
-0.0014157253521394012,0.00035058722030178427,-0.0019748154111394,-0.0008327569111394,0.0011420584999999998,0.0014157253521394012,0.0019748154111394,0.06090673072652869,-1.377919839047067,0.23694779116465864,52,0
-0.0012560222921394002,0.00034811050892406744,-0.0018201290111394,-0.0007093369111394,0.0011107920999999998,0.0012560222921394002,0.0018201290111394,-0.05060007258392564,-1.3849532941423917,0.24096385542168675,53,0
-0.0011797087295394007,0.00034111673662171944,-0.0017387928111394,-0.0006620743111394,0.0010767185000000001,0.0011797087295394007,0.0017387928111394,-0.04223317156335608,-1.4173305389298865,0.24497991967871485,54,0
-0.0011262858259394012,0.00035714364371498516,-0.0016812089111394,-0.0006007515111394,0.0010804574,0.0011262858259394012,0.0016812089111394,-0.0008988702188951623,-1.4641820596705253,0.23694779116465864,55,0
-0.0010848647429394008,0.000346555813122782,-0.0016186519111394,-0.0005800363111394,0.0010386156,0.0010848647429394008,0.0016186519111394,-0.06732160851270799,-1.4465123130917283,0.24096385542168675,56,0
-0.0010745812675394004,0.00034947595186107593,-0.0016034422111394,-0.0005641974111394,0.0010392448000000002,0.0010745812675394004,0.0016034422111394,0.006153502735865021,-1.5102537222768042,0.23694779116465864,57,0
-0.0010197790365394015,0.0003431811789058291,-0.0015612737111394,-0.0005369482111394,0.0010243255,0.0010197790365394015,0.0015612737111394,-0.10134829499040668,-1.434637273780901,0.24096385542168675,58,0
-0.001023229762939402,0.0003446997604708187,-0.0015336373111394,-0.0005111389111394,0.0010224984,0.001023229762939402,0.0015336373111394,-0.04517582917708472,-1.495796365207152,0.24096385542168675,59,0
-0.0009777793557394004,0.00034428410604237257,-0.0015089533111394,-0.0004849303111394,0.001024023,0.0009777793557394004,0.0015089533111394,-0.06553082032634046,-1.4809200733709305,0.24096385542168675,60,0
-0.0014746171511580777,0.0005099259990014334,-0.0019956395111394,-0.0004636706111394,0.0015319689,0.0014746171511580777,0.0019956395111394,0.6218781537188958,-1.0800756622129515,0.028112449799196786,61,0
-0.0019531732206146644,3.6096403456396355e-06,-0.0019593878758625,-0.0019469585653669,1.242931049560015e-05,0.0019531732206146644,0.0019593878758625,0.0,-1.200000000000336,0.004016064257028112,62,0
-0.0015374204966455312,0.00030975108678625265,-0.0019984225111394,-0.0008604296111394,0.0011379929,0.0015374204966455312,0.0019984225111394,0.4885718742094409,-0.9271127874434568,0.20481927710843373,63,0
-0.0012972273175394016,0.000364546364328256,-0.0019484737111394,-0.0007240747111394,0.0012243990000000001,0.0012972273175394016,0.0019484737111394,-0.020384637344616072,-1.353030148597677,0.24096385542168675,64,0
-0.0012189969213394014,0.0003590144863928618,-0.0017833813111394,-0.0006606707111394,0.0011227106,0.0012189969213394014,0.0017833813111394,0.02412660771979603,-1.4155495062259085,0.24497991967871485,65,0
-0.0010829592833394006,0.0003555985470935152,-0.0016987539111394,-0.0005342499111394,0.0011645039999999998,0.0010829592833394006,0.0016987539111394,-0.08231105067818466,-1.366461654377693,0.24096385542168675,66,0
-0.0010685059785394016,0.00036313656102268275,-0.0017874832111394,-0.0005178423111394,0.0012696409000000001,0.0010685059785394016,0.0017874832111394,-0.05687218311866541,-1.3584302539942053,0.24096385542168675,67,0
-0.0010309426901394013,0.00036066537141102306,-0.0015885592111394,-0.0004942836111394,0.0010942756,0.0010309426901394013,0.0015885592111394,0.02244154868780965,-1.45463031887867,0.24497991967871485,68,0
-0.0010018336475394007,0.0003497806688237732,-0.0015342907111394,-0.0004721285111394,0.0010621622,0.0010018336475394007,0.0015342907111394,-0.0054359990832321785,-1.4175173701822574,0.24096385542168675,69,0
-0.0009980002707394029,0.00034369553463829385,-0.0015172902111394,-0.0004576327111394,0.0010596575,0.0009980002707394029,0.0015172902111394,0.05577124121484205,-1.3867689669783212,0.24497991967871485,70,0
-0.0009460652799394016,0.0003438569779734003,-0.0014880203111394,-0.0004339409111394,0.0010540794,0.0009460652799394016,0.0014880203111394,-0.08272664387751637,-1.4303834667791613,0.24096385542168675,71,0
-0.0014438380169630115,0.0004899978031483818,-0.0019642521111394,-0.0004538696111394,0.0015103825,0.0014438380169630115,0.0019642521111394,0.6547094092188268,-0.9276735769981417,0.04417670682730924,72,0
-0.0019074519213271139,6.709015785052407e-07,-0.0019086070009518,-0.0019062968417024,2.3101592493998506e-06,0.0019074519213271139,0.0019086070009518,0.0,0.0,0.004016064257028112,73,0
-0.0017333302399281582,0.00017081362975432802,-0.0019848584111394,-0.0012471214111394,0.0007377369999999998,0.0017333302399281582,0.0019848584111394,0.7037720193326393,-0.2560750174596027,0.12449799196787148,74,0
-0.0014844034517394037,0.00032430140032214754,-0.0019987734111394,-0.0008781561111394,0.0011206173,0.0014844034517394037,0.0019987734111394,0.20953644173380595,-1.2039318357057442,0.24096385542168675,75,0
-0.0013649720473394016,0.00036773671866677915,-0.0019618805111394,-0.0007772542111394,0.0011846263,0.0013649720473394016,0.0019618805111394,0.03396699794153569,-1.4283511418228532,0.24096385542168675,76,0
-0.001247876935139403,0.0003634647231234491,-0.0018446678111394,-0.0006860807111394,0.0011585871,0.001247876935139403,0.0018446678111394,-0.02015881542219765,-1.3718580885127984,0.24497991967871485,77,0
-0.0011649512065394017,0.00037456813492768197,-0.0018773741111394,-0.0005557395111394,0.0013216346000000001,0.0011649512065394017,0.0018773741111394,-0.04136656915719949,-1.331912304819654,0.24096385542168675,78,0
-0.0011538501099394012,0.0003712585889446025,-0.0019482196111394,-0.0005494112111394,0.0013988084000000002,0.0011538501099394012,0.0019482196111394,-0.13445325008716913,-1.0983530563731254,0.24497991967871485,79,0
-0.0010873800667394028,0.00035829859861990257,-0.0016147920111394,-0.0005397312111394,0.0010750608,0.0010873800667394028,0.0016147920111394,0.03894262365666393,-1.442571927510261,0.23694779116465864,80,0
-0.0010991510193394016,0.0003524170727062901,-0.0016294572111394,-0.0005419697111394,0.0010874875,0.0010991510193394016,0.0016294572111394,0.08080599049095027,-1.4027988559933313,0.24096385542168675,81,0
-0.0010307068127394041,0.00035212591438759375,-0.0016057775111394,-0.0004562533111394,0.0011495242,0.0010307068127394041,0.0016057775111394,0.08839768879081562,-1.335043634945994,0.23694779116465864,82,0
-0.0009671290083394012,0.0003699906310343813,-0.0015016691111394,0.0007085531888605,0.0022102222999999,0.0009727974338502852,0.0015016691111394,0.36244062368279556,0.05044866401355019,0.24899598393574296,83,0
-0.0013912946500822727,0.0005159387402609961,-0.0019842050111394,-0.0004288710111394,0.0015553339999999998,0.0013912946500822727,0.0019842050111394,0.4722144734992244,-1.2109023045519702,0.08433734939759036,84,0
-0.0018865937994822996,2.7905786415843847e-05,-0.0019474936111394,-0.0016514671111394,0.00029602649999999997,0.0018865937994822996,0.0019474936111394,4.96534600857501,30.89263916930782,0.020080321285140562,85,0
-0.0015932246634536964,0.0002659872634115232,-0.0019941512111394,-0.0009354617111394,0.0010586894999999998,0.0015932246634536964,0.0019941512111394,0.6693502694688933,-0.38839743368970403,0.22088353413654618,86,0
-0.0013449796529394014,0.0003717525485911334,-0.0019787116111394,-0.0007180731111394,0.0012606385,0.0013449796529394014,0.0019787116111394,0.008371559563532173,-1.3169972686952451,0.23694779116465864,87,0
-0.0012251094299394003,0.00036660879834687346,-0.0018161844111394,-0.0006130451111394,0.0012031393,0.0012251094299394003,0.0018161844111394,-0.008947488948337974,-1.33274581879752,0.24497991967871485,88,0
-0.001148105828539401,0.0003600651959683945,-0.0016972898111394,-0.0005845375111394,0.0011127523,0.001148105828539401,0.0016972898111394,0.031918914752083215,-1.4491074567598188,0.24096385542168675,89,0
-0.0010911240003394008,0.0003613065967339076,-0.0016400689111394,-0.0005139703111394,0.0011260986,0.0010911240003394008,0.0016400689111394,0.044782106730043514,-1.3967417751308842,0.24096385542168675,90,0
-0.0010523260279394018,0.00034581805867088745,-0.0015848324111394,-0.0005007087111394,0.0010841237,0.0010523260279394018,0.0015848324111394,0.04253544710074851,-1.4460407070022514,0.24096385542168675,91,0
-0.0010293784747394032,0.0003560916882194259,-0.0015764713111394,-0.0004727456111394,0.0011037256999999999,0.0010293784747394032,0.0015764713111394,0.021297549867799435,-1.4152684949757754,0.23694779116465864,92,0
-0.000978928468539402,0.0003584100927876434,-0.0015440917111394,-0.0004537244111394,0.0010903673,0.000978928468539402,0.0015440917111394,-0.1173948931824242,-1.4510784133951766,0.23694779116465864,93,0
-0.0010006578421394008,0.0003420778877698749,-0.0015309753111394,-0.0004545230111394,0.0010764523,0.0010006578421394008,0.0015309753111394,0.08483989449236486,-1.3794631320838,0.24096385542168675,94,0
-0.0011164005615394031,0.0004447877699501657,-0.0019848100111394,-0.0004199654111394,0.0015648446000000003,0.0011164005615394031,0.0019848100111394,-0.17055341172575356,-1.0478676330041574,0.20481927710843373,95,0
-0.0019761948111394335,4.666597459804212e-06,-0.0019842292111394,-0.0019681604111394,1.6068799999999998e-05,0.0019761948111394335,0.0019842292111394,0.0,-1.2000000000000823,0.004016064257028112,96,0
-0.0018681752071394242,0.000147538954740841,-0.0019698907111394,-0.0013227101111394,0.0006471806000000002,0.0018681752071394242,0.0019698907111394,1.597121186376277,1.8512312662519332,0.012048192771084338,97,0
-0.001521131162539404,0.00031417519691800277,-0.0019928807111394,-0.0008693957111394,0.0011234849999999998,0.001521131162539404,0.0019928807111394,0.35848204819680884,-1.0680215552225665,0.24096385542168675,98,0
-0.0013494652197394003,0.00038643059649485145,-0.0019667689111394,-0.0007258171111394,0.0012409518,0.0013494652197394003,0.0019667689111394,0.038621809089487286,-1.4376104564471122,0.24096385542168675,99,0
-0.001267911752139402,0.00037064912595408464,-0.0019555038111394,-0.0006543545111394,0.0013011492999999998,0.001267911752139402,0.0019555038111394,-0.0691302796912877,-1.3110261707375106,0.23293172690763053,100,0
-0.0011682122775394008,0.0003729984255098843,-0.0017304196111394,-0.0005860379111394,0.0011443817,0.0011682122775394008,0.0017304196111394,0.029476237793586674,-1.4391684273081744,0.24096385542168675,101,0
-0.0011058832173394004,0.00036483007426614945,-0.0016681167111394,-0.0005357140111394,0.0011324027,0.0011058832173394004,0.0016681167111394,0.024969111455627115,-1.4009443713224443,0.24497991967871485,102,0
-0.0010238916329394026,0.0003726666230774423,-0.0015995581111394,-0.0004492716111394,0.0011502865,0.0010238916329394026,0.0015995581111394,-0.01902502495861182,-1.4312625857376766,0.24096385542168675,103,0
-0.0010257218789394007,0.0003744594360746592,-0.0016232136111394,-0.0004840470111394,0.0011391666,0.0010257218789394007,0.0016232136111394,-0.10773043211230535,-1.475859805256717,0.23694779116465864,104,0
-0.0010723320711394017,0.0003851545752856634,-0.0016641479111394,-0.0005015799111394,0.001162568,0.0010723320711394017,0.0016641479111394,-0.0645736290295348,-1.4608486630952533,0.24096385542168675,105,0
-0.0010399353617394022,0.00037518130457512156,-0.0016023048111394,-0.0004865880111394,0.0011157168,0.0010399353617394022,0.0016023048111394,0.012218902111546208,-1.4840970596761625,0.23694779116465864,106,0
-0.0015289790503519869,0.00046574821521304084,-0.0019578270111394,-0.0004668166111394,0.0014910103999999998,0.0015289790503519869,0.0019578270111394,0.8862388076104162,-0.557851934028124,0.020080321285140562,107,0
-0.0019053810498829015,3.0510018732625214e-06,-0.001910633906951,-0.0019001281928148,1.0505714136200108e-05,0.0019053810498829015,0.001910633906951,0.0,-1.1999999999988613,0.004016064257028112,108,0
-0.0016619923105833912,0.00026406551627413354,-0.0019956758111394,-0.0009285526111394,0.0010671232000000002,0.0016619923105833912,0.0019956758111394,0.9538495642175745,-0.1316373550750778,0.1606425702811245,109,0
-0.0013567011649394005,0.0003805749605869231,-0.0019828861111394,-0.0007006249111394,0.0012822611999999999,0.0013567011649394005,0.0019828861111394,0.03723192924332211,-1.3853170107456536,0.24096385542168675,110,0
-0.0011680251873394016,0.0003633501892667189,-0.0017721525111394,-0.0006136985111394,0.0011584540000000002,0.0011680251873394016,0.0017721525111394,-0.10819251996661118,-1.3441943010618898,0.23694779116465864,111,0
-0.0010377740597394007,0.00037316713584206875,-0.0016508863111394,-0.0004746332111394,0.0011762531,0.0010377740597394007,0.0016508863111394,-0.12589513383089423,-1.4208422862950731,0.24096385542168675,112,0
-0.0009846657803394008,0.0003694534085404737,-0.0015657023111394,-0.0004202921111394,0.0011454102,0.0009846657803394008,0.0015657023111394,-0.021427586520422225,-1.3844269999641012,0.24096385542168675,113,0
-0.0009482516773394007,0.00036255368417735637,-0.0015231224111394,-0.0003894976111394,0.0011336248,0.0009482516773394007,0.0015231224111394,-0.0352131205057985,-1.3103144100494182,0.24096385542168675,114,0
-0.0009203956865394004,0.00036329503288903765,-0.0014951835111394,-0.0003552183111394,0.0011399652,0.0009203956865394004,0.0014951835111394,-0.015443258201844395,-1.3776913862959022,0.23694779116465864,115,0
-0.0008668225251394009,0.00036427283313189725,-0.0014454646111394,-0.0003398029111394,0.0011056617,0.0008668225251394009,0.0014454646111394,-0.1030854322576986,-1.4075062371571152,0.24096385542168675,116,0
-0.000857787624539402,0.000368802888058409,-0.0014218938111394,-0.0003088511111394,0.0011130427,0.000857787624539402,0.0014218938111394,-0.03447441203432012,-1.4246537386975326,0.24096385542168675,117,0
-0.0008344380609394004,0.00036611367942940417,-0.0014145854111394,-0.0002907253111394,0.0011238601,0.0008344380609394004,0.0014145854111394,-0.08848345355801238,-1.379997521352732,0.24497991967871485,118,0
-0.0008123791559394024,0.00036058863575166324,-0.0014045424111394,-0.0002606326111394,0.0011439098,0.0008123791559394024,0.0014045424111394,-0.07455451927440984,-1.373325134218359,0.23694779116465864,119,0
-0.0008117959601394036,0.00036019753504036383,-0.0013613454111394,-0.0002606810111394,0.0011006644,0.0008117959601394036,0.0013613454111394,0.019420402961115767,-1.3940036146355348,0.23694779116465864,120,0
-0.0008011778471394008,0.0003786633135717099,-0.0013677705111394,-0.0002255789111394,0.0011421916,0.0008011778471394008,0.0013677705111394,0.05471476662762365,-1.4896229848132077,0.24096385542168675,121,0
-0.0008677169329394029,0.000361897366243951,-0.0015829932111394,-0.0002306367111394,0.0013523565,0.0008677169329394029,0.0015829932111394,0.04968639583651012,-1.1514455522102665,0.24096385542168675,122,0
-0.0007517905839394012,0.00037766814407782547,-0.0013358386111394,-0.0001348652111394,0.0012009733999999998,0.0007517905839394012,0.0013358386111394,-0.03558650001654459,-1.44022425159499,0.24497991967871485,123,0
-0.0008014694571394007,0.0003603894522167574,-0.0013923214111394,-0.0001787156111394,0.0012136058,0.0008014694571394007,0.0013923214111394,-0.10155216391481539,-1.3129218464682628,0.24096385542168675,124,0
-0.0008452842589394011,0.00037162334323001913,-0.0013803666111394,-0.0002703126111394,0.001110054,0.0008452842589394011,0.0013803666111394,0.04960359920259255,-1.4684240987144286,0.24096385542168675,125,0
-0.0008783398133394005,0.00035103961172677377,-0.0014549994111394,-0.0002869985111394,0.0011680009,0.0008783398133394005,0.0014549994111394,0.04435492321472111,-1.3792147719999897,0.23694779116465864,126,0
-0.0008687543143394003,0.0003481962878679899,-0.0014177798111394,-0.0003018573111394,0.0011159225,0.0008687543143394003,0.0014177798111394,0.06454598148277955,-1.4116288296456474,0.24497991967871485,127,0
-0.0007895119951393999,0.0002908532601089785,-0.0012545992111394,-0.0003276908111394,0.0009269083999999999,0.0007895119951393999,0.0012545992111394,0.01283658124143194,-1.4088178497258923,0.24497991967871485,128,0
-0.0007862495205394005,0.0002723662459108925,-0.0012012866111394,-0.0003741306111394,0.0008271559999999999,0.0007862495205394005,0.0012012866111394,0.058042209082023156,-1.401370787094778,0.23694779116465864,129,0
-0.0007467961395394013,0.0002788607633452414,-0.0014485985111394,-0.0003019178111394,0.0011466807,0.0007467961395394013,0.0014485985111394,-0.049030311674798197,-1.3401844166144132,0.23694779116465864,130,0
-0.0007677079403394011,0.0002705621777379973,-0.0011766026111394,-0.0003259000111394,0.0008507026,0.0007677079403394011,0.0011766026111394,0.06925710248756502,-1.459716448687866,0.24096385542168675,131,0
-0.0006891709543394047,0.00031952293008606685,-0.0012175490111394,0.0001959850888605,0.0014135340999999,0.0006934374810047088,0.0012175490111394,0.24669913463595844,-0.6976842976447366,0.21686746987951808,132,0
-0.0006012474844636427,0.00028249653584985714,-0.0011236651111394,0.0003194292888605,0.0014430943999999,0.0006126326196615987,0.0011236651111394,0.6354090743960877,0.589055685842593,0.1606425702811245,133,0
-0.0003003255774409959,0.00013987050944659656,-0.0005411382103662,-5.951294451578368e-05,0.0004816252658504163,0.0003003255774409959,0.0005411382103662,0.0,-1.2000000000001512,0.004016064257028112,134,0
0.00018323392642490417,0.0001398705094465843,-5.7578706500319805e-05,0.0004240465593501,0.0004816252658504198,0.00019032166769116649,0.0004240465593501,0.0,-1.1999999999999278,0.004016064257028112,135,0
0.00045069627252180525,0.0006597487780982918,-0.0019736054111394,0.0008631185888605,0.0028367239999999,0.0007234729699932293,0.0019736054111394,-3.035054270355261,8.046480252450722,0.008032128514056224,136,0
-0.0006378784559394868,0.0012705141174312053,-0.0019338589278061,0.0009049724888605,0.0028388314166666,0.0013493132794713844,0.0019338589278061,0.31675333809923084,-1.880312532308289,0.004016064257028112,137,0
-0.0008910004965394504,0.0012138722883248427,-0.0017872533111394,0.000817244965331,0.0026044982764703998,0.0014224018489645584,0.0017872533111394,0.6424524995501777,-1.579397472847645,0.0,138,0
-0.0017872533111394002,2.1727542076074445e-19,-0.0017872533111394,-0.0017872533111394,0.0,0.0017872533111394002,0.0017872533111394,0.0,0.0,0.0,139,0
-0.00028727173034792506,0.00023530828985599637,-0.0008785390531479,0.000132670046852,0.0010112090999999,0.0003035527708561221,0.0008785390531479,-0.06946754092681548,-0.9228501431818938,0.24096385542168675,141,0
-0.00016422697554793804,0.00020190589878453435,-0.0005368592531479,0.000179339746852,0.0007161989999999,0.00020885878720136556,0.0005368592531479,-0.11401405506752332,-1.3089327214958513,0.24096385542168675,142,0
-0.00018606304694793172,0.00017999602114556675,-0.0005136877531479,0.000134944846852,0.0006486325999999,0.00020999700835688833,0.0005136877531479,-0.020003136291081077,-1.2149185049893456,0.24497991967871485,143,0
-0.0002566391525479249,0.0002003797146364941,-0.0005989201531479,0.000113999746852,0.0007129198999999,0.0002676554346427774,0.0005989201531479,0.018367781810953603,-1.2327584567004781,0.24497991967871485,144,0
-0.00018860733814793815,0.00024162351329473273,-0.0005912124531479,0.000719072346852,0.0013102847999999,0.0002448641199346951,0.000719072346852,0.09814598716291537,-0.5842895567161439,0.24497991967871485,145,0
-0.00023624460254792744,0.00021735323532628053,-0.0005973713531479,0.000123703946852,0.0007210752999999,0.00026206294051391905,0.0005973713531479,0.0025836707382516986,-1.2578254574703063,0.23694779116465864,146,0
-0.00021763172914793317,0.00023678401208113273,-0.0005908494531479,0.000150215046852,0.0007410644999999,0.00026064494153616385,0.0005908494531479,-0.014354418731655615,-1.4123136193527346,0.2248995983935743,147,0
-0.00019409833024793528,0.0002195813802481213,-0.0005612649531479,0.000166332246852,0.0007275971999999001,0.00023726329277098224,0.0005612649531479,-0.03427921507552289,-1.3100640901193625,0.21686746987951808,148,0
-0.0002487090424479293,0.00023728169875412983,-0.0006482034531479,0.000258110746852,0.0009063141999999,0.000274763491753185,0.0006482034531479,-0.018634619469438736,-1.332838666647033,0.23694779116465864,149,0
-0.0002998338777479236,0.00024406584776092877,-0.0009209616531479,8.545584685202243e-05,0.0010064174999999224,0.0003143165533405706,0.0009209616531479,-0.09240335518897311,-1.0234302000464877,0.2248995983935743,150,0
-0.0003447319199479207,0.0002665346837123026,-0.0010565300531479,8.754914685202198e-05,0.001144079199999922,0.00035582710211685465,0.0010565300531479,-0.12137032246325624,-0.8940051641824716,0.23293172690763053,151,0
-0.00022121829014793294,0.00024329464245697943,-0.0006292427531479,0.000172212846852,0.0008014555999999,0.00027055243283542773,0.0006292427531479,0.07870652214094803,-1.400997107837764,0.24096385542168675,152,0
-0.0001692954719479392,0.00023405500862669557,-0.0005596314531479,0.000159640946852,0.0007192723999998999,0.00023392897404137336,0.0005596314531479,-0.14332971995511484,-1.3637799488446218,0.24096385542168675,153,0
-0.00019170082414793915,0.00024283407173216644,-0.0005719613531479,0.000157172546852,0.0007291338999999,0.00024847927681894013,0.0005719613531479,-0.08321897600309447,-1.4886265713076852,0.23694779116465864,154,0
-0.00020074916058793584,0.00023734242130961968,-0.0008836089531479,0.000151122546852,0.0010347314999999,0.00024904325665024544,0.0008836089531479,-0.12687710645082317,-1.219667337116691,0.25301204819277107,155,0
-0.0002025101123079348,0.0002279521369522652,-0.0005738852531479,0.000139288746852,0.0007131739999999,0.00024473967223691333,0.0005738852531479,-0.07958025874145026,-1.3620155328099237,0.22088353413654618,156,0
-0.00021615562594793104,0.00021685498718734917,-0.0005711022531479,0.000142229046852,0.0007133312999998999,0.0002512739109879996,0.0005711022531479,0.005466965476884837,-1.1858208140335182,0.23694779116465864,157,0
-0.00017618608314793837,0.00022541113805167617,-0.0005696018531479,0.000143923046852,0.0007135248999999,0.00022434155355247854,0.0005696018531479,-0.273517967994116,-1.2521519954462343,0.23694779116465864,158,0
-0.0001659880095479413,0.00025617563804050474,-0.0005656814531479,0.000886342746852,0.0014520241999999,0.00024457558011692723,0.000886342746852,0.3939108665024777,0.36498803942879743,0.24096385542168675,159,0
-0.00020911449074793149,0.00022636775590775864,-0.0005716830531479,0.000149476946852,0.0007211599999998999,0.0002536898652252637,0.0005716830531479,0.05884128403703134,-1.342433583166,0.24899598393574296,160,0
-0.0009280897873479135,0.0006771356242709791,-0.0019866086531479,0.000201724746852,0.0021883333999998997,0.0009500798595183155,0.0019866086531479,0.041403653149102174,-1.434087091096209,0.03614457831325301,161,0
-0.0017292856245479061,0.00016313937938846547,-0.0019974381531479,-0.0014124999531479,0.0005849382,0.0017292856245479061,0.0019974381531479,0.2778079569653479,-1.179135224253095,0.23293172690763053,162,0
-0.0012617043323479033,0.0004381677397813597,-0.0019929369531479,-0.0004894998531479,0.0015034370999999999,0.0012617043323479033,0.0019929369531479,0.013176327604673731,-1.2818012985323441,0.07630522088353414,163,0
-0.0006730174555479036,0.0002589728967530362,-0.0011643531531479,-0.0002434221531479,0.000920931,0.0006730174555479036,0.0011643531531479,-0.03663815341624023,-1.3030990487417196,0.24096385542168675,164,0
-0.0006145584282336192,0.00025173331162320654,-0.0011358939531479,-0.0001602951531479,0.0009755988,0.0006145584282336192,0.0011358939531479,0.008584449374711159,-1.150822765437823,0.24096385542168675,165,0
-0.00043854194426219543,0.00023187428114823552,-0.0008286507531479,-3.859335314797784e-05,0.0007900573999999221,0.00043854194426219543,0.0008286507531479,-0.004108775935742652,-1.3084578121514716,0.24096385542168675,166,0
-0.00037926628794791503,0.000237339665772499,-0.0007608544531479,-1.8313753147977847e-05,0.0007425406999999222,0.00037926628794791503,0.0007608544531479,-0.09382322233876625,-1.399593874814101,0.23694779116465864,167,0
-0.00039879651074791454,0.00024377958871695104,-0.0007803717531479,-2.1617053147978023e-05,0.000758754699999922,0.00039879651074791454,0.0007803717531479,0.027334338544016692,-1.465821899935178,0.2289156626506024,168,0
-0.0003906547111479157,0.00025389435252811115,-0.0014957358531479,-1.2263753147977348e-05,0.0014834720999999226,0.0003906547111479157,0.0014957358531479,-0.30738481286388303,-0.21303259867940305,0.24096385542168675,169,0
-0.00036446075214791865,0.00024348175327344482,-0.0007416154531479,-9.746953147977792e-06,0.0007318684999999222,0.00036446075214791865,0.0007416154531479,-0.04689428549518637,-1.4343428552465793,0.24096385542168675,170,0
-0.0003416284151479204,0.00023576868001270538,-0.0007362551531479,0.000184385446852,0.0009206405999998999,0.00035129223021164533,0.0007362551531479,0.13814885884629288,-1.0712940491857539,0.23694779116465864,171,0
-0.0001244704411479414,0.0002414818865846054,-0.0005673633531479,0.000313891746852,0.0008812550999999,0.00023183012095693783,0.0005673633531479,0.14476593928112716,-1.2293775622036767,0.24096385542168675,172,0
-9.878915747961313e-06,0.0002353749665024016,-0.0004213526531479,0.000309245346852,0.0007305979999999001,0.0002069768516992253,0.0004213526531479,-0.27762737261162684,-1.316022675171896,0.23694779116465864,173,0
-0.0002615080231479267,0.00025076236605515745,-0.0006950304531479,0.000313226246852,0.0010082566999999,0.0002940674163139173,0.0006950304531479,0.06834129045266159,-1.1062847704052692,0.24096385542168675,174,0
-0.00028566134134792577,0.0002490925459625341,-0.0006531281531479,9.069514685202187e-05,0.0007438232999999218,0.0003053730884146537,0.0006531281531479,0.025945836901102744,-1.466341639475915,0.24096385542168675,175,0
-0.0002512822405479296,0.000248504508147178,-0.0006519181531479,8.683524685202183e-05,0.0007387533999999218,0.00027373943246208405,0.0006519181531479,-0.19050990789312752,-1.4359347730884866,0.24096385542168675,176,0
-0.0002812196007479255,0.00024099254756684805,-0.0006681805531479,7.374304685202163e-05,0.0007419235999999216,0.00029719745398946963,0.0006681805531479,-0.043227548546827414,-1.3798098571487807,0.23694779116465864,177,0
-0.0002986535227479249,0.0002487605481512152,-0.0006804862531479,8.572204685202214e-05,0.0007662082999999221,0.0003126281935642852,0.0006804862531479,0.029742055480338824,-1.4709518629591165,0.24096385542168675,178,0
-0.0002886397805479257,0.00024281259505534302,-0.0006690396531479,7.249674685202209e-05,0.0007415363999999221,0.0003023984405465041,0.0006690396531479,-0.032576420560797646,-1.4493008456470549,0.23694779116465864,179,0
-0.00027483690721459445,0.00025367277288174735,-0.0006601824531479,7.777234685202217e-05,0.0007379547999999222,0.00029434000673763376,0.0006601824531479,-0.08399159684918725,-1.4771338925387718,0.24096385542168675,180,0
-0.0004243826060812508,0.00032227358791296536,-0.0013746632531479,9.102184685202268e-05,0.0014656850999999226,0.0004336472373257361,0.0013746632531479,-0.36463365348624704,-0.36002437364652895,0.20883534136546184,181,0
-0.0006971435245479123,0.0004527858309814591,-0.0014235351531479,0.000233160546852,0.0016566956999999,0.0007195477103434982,0.0014235351531479,0.27369573186557433,-0.8910364841768645,0.1566265060240964,182,0
-0.00015384546594794177,0.00027231054746403976,-0.0007438297531479,0.000301452946852,0.0010452826999999,0.0002538037273998929,0.0007438297531479,-0.1302145032440775,-0.9420408539718395,0.23694779116465864,183,0
-0.0003069885593479223,0.0002452195933329566,-0.0006837895531479,7.987774685202195e-05,0.0007636672999999219,0.00032024935919093713,0.0006837895531479,0.02796219172282088,-1.3928147258925214,0.24096385542168675,184,0
-0.0003026829679479216,0.000246719814174318,-0.0006721735531479,8.047064685202163e-05,0.0007526441999999216,0.00031756358673168384,0.0006721735531479,0.018727955171807326,-1.399569352751408,0.24096385542168675,185,0
-0.0002959506973479241,0.0002498523818166832,-0.0006794819531479,7.150454685202288e-05,0.0007509864999999229,0.0003114842385894683,0.0006794819531479,-0.01984667164098343,-1.4425713364762682,0.23694779116465864,186,0
-0.0003113348551479222,0.00024459634643229857,-0.0006714354531479,7.369464685202248e-05,0.0007451300999999225,0.0003236640969657532,0.0006714354531479,0.07230635887214377,-1.404600775472073,0.24096385542168675,187,0
-0.00029232343194792506,0.0002571929356353327,-0.0006757793531479,0.000706681946852,0.0013824612999999001,0.00031291583798946887,0.000706681946852,0.16567638648323565,-0.6438689553877772,0.24899598393574296,188,0
-0.0003139581593479222,0.00024661056242781886,-0.0006819019531479,6.855214685202223e-05,0.0007504540999999222,0.00032553495701612075,0.0006819019531479,0.060102715611699546,-1.4225310521745174,0.24096385542168675,189,0
-0.00030091917514792467,0.0002478016211898966,-0.0006853625531479,6.411144685202277e-05,0.0007494739999999228,0.0003122136572398364,0.0006853625531479,-0.03512349822788156,-1.4195057866050473,0.24096385542168675,190,0
-0.0002950904357479242,0.00024879826255604955,-0.0006805467531479,7.546124685202207e-05,0.0007560079999999221,0.0003092920606146522,0.0006805467531479,-0.046338080414879336,-1.427031897404347,0.23694779116465864,191,0
-0.0009925186089479044,0.0004452798091153798,-0.0017224777531479,4.984554685202175e-05,0.0017723232999999217,0.0009929203224975367,0.0017224777531479,0.3874406083265918,-0.7493094825441755,0.1566265060240964,192,0
-0.0003469391293479269,0.00035092783037313826,-0.0012721883531479,0.000234007546852,0.0015061958999999,0.00039387844646354697,0.0012721883531479,-0.3564111938793467,-0.4519043217410319,0.21285140562248997,193,0
-0.00029060213434792807,0.0002700723757067276,-0.0007959807531479,0.000244050546852,0.0010400312999999,0.00032713222800723695,0.0007959807531479,0.09531474422611766,-1.0061403552096961,0.24096385542168675,194,0
-0.00033891709554792227,0.00025830355816549677,-0.0013618251531479,5.415314685202222e-05,0.0014159782999999223,0.00034679423754203995,0.0013618251531479,-0.14012893543208085,-0.6027982925809394,0.24096385542168675,195,0
-0.0003277558619479226,0.0002528116583666638,-0.0006998220531479,4.776434685202242e-05,0.0007475863999999225,0.00033489635271685643,0.0006998220531479,-0.006633212828603243,-1.4574855280055037,0.24096385542168675,196,0
-0.00034172204494792134,0.0002482759857386361,-0.0007090664531479,4.1472346852021794e-05,0.0007505387999999218,0.0003458809343686935,0.0007090664531479,0.061952044670637745,-1.4521073358412726,0.24096385542168675,197,0
-0.0003349258137479215,0.0002466995295426445,-0.0007083525531479,3.548284685202241e-05,0.0007438353999999224,0.00033945818339240684,0.0007083525531479,0.021312942051690105,-1.3941649336267825,0.24096385542168675,198,0
-0.000327227019347922,0.0002520470444729744,-0.0007071183531479,8.181374685202209e-05,0.0007889320999999221,0.0003330518625924073,0.0007071183531479,-0.019295861913051274,-1.4576555480074582,0.24497991967871485,199,0
-0.0003196272755479212,0.000245919594714064,-0.0007085824531479,4.653014685202222e-05,0.0007551125999999222,0.00032492006726795805,0.0007085824531479,-0.10036379652448812,-1.395540076930503,0.24096385542168675,200,0
-0.00032010737934792366,0.00025782204175866055,-0.0007128295531479,4.812734685202217e-05,0.0007609568999999222,0.00032629240571685746,0.0007128295531479,-0.06139189291327747,-1.5028332888967777,0.24096385542168675,201,0
-0.0009241201645479043,0.0004031238563888962,-0.0016173408531479,2.167674685202205e-05,0.0016390175999999221,0.0009242935785227205,0.0016173408531479,0.2951272823374476,-0.5841751150375658,0.17670682730923695,202,0
-0.00030156642834793185,0.00036436131884741993,-0.0013468695531479,0.000219475446852,0.0015663449999999,0.0003599513419865273,0.0013468695531479,-0.6476077483031987,-0.180387847773805,0.20080321285140562,203,0
-0.00025261440214793026,0.0002728254385085601,-0.0007393648531479,0.000223081246852,0.0009624460999999,0.0002990571288131828,0.0007393648531479,-0.03688891601705934,-1.1481559364509506,0.24096385542168675,204,0
-0.0003159745275479252,0.0002575510206008056,-0.0007038513531479,5.670624685202245e-05,0.0007605575999999225,0.00032515511059094,0.0007038513531479,-0.053753924051945415,-1.4673542708474134,0.24096385542168675,205,0
-0.0003299733321479238,0.00025950978449522773,-0.0007171734531479,4.2718646852022216e-05,0.0007598920999999223,0.00033558724174204146,0.0007171734531479,-0.030357752907214135,-1.5014395145241968,0.24497991967871485,206,0
-0.00029630952042792826,0.00024488136864556255,-0.0007230177531479,3.015884685202228e-05,0.0007531765999999223,0.0002990385496235165,0.0007230177531479,-0.27925338108148057,-1.3341732790777183,0.24096385542168675,207,0
-0.00034208578546792004,0.00024692464402479024,-0.0007222554531479,3.388564685202159e-05,0.0007561410999999216,0.0003447976181390597,0.0007222554531479,-0.051578517257984784,-1.3817532109281543,0.24096385542168675,208,0
-0.0003353197897479218,0.0002551692247368999,-0.0007269986531479,3.1622946852021515e-05,0.0007586215999999215,0.00033844702994351,0.0007269986531479,-0.04309969442927626,-1.4732146022662624,0.24096385542168675,209,0
-0.0003134592279479249,0.0002519156307215718,-0.0007117284531479,3.711634685202216e-05,0.0007488447999999221,0.00031738880946796167,0.0007117284531479,-0.14236884086900944,-1.4539121260166012,0.24096385542168675,210,0
-0.00034050517214792006,0.0002490432210129174,-0.0007240704531479,3.3970346852022285e-05,0.0007580407999999223,0.00034443561356869214,0.0007240704531479,-0.0009288115968043452,-1.4399583857005067,0.24497991967871485,211,0
-0.0007261609943479123,0.0005273712064436633,-0.0018169061531479,4.532014685202247e-05,0.0018622262999999225,0.0007285937300205225,0.0018169061531479,-0.49554151759526827,-0.7720115853455094,0.17269076305220885,212,0
-0.0008937951687479072,0.0005233314044466843,-0.0017921495531479,8.826304685202215e-05,0.001880412599999922,0.0008962035785716204,0.0017921495531479,0.016640937656923777,-1.1101929064743574,0.04417670682730924,213,0
-0.0002329530395479314,0.00025445885169939194,-0.0007822593531479,0.000181917046852,0.0009641763999999,0.0002800249791361616,0.0007822593531479,-0.03494146745182079,-1.2803237395003284,0.23293172690763053,214,0
-0.00035678315694791853,0.0002468797924050879,-0.0007861192531479,3.1562446852022134e-05,0.0008176816999999222,0.0003580538441123793,0.0007861192531479,-0.06383536616293756,-1.3230213496585963,0.24497991967871485,215,0
-0.0003816116309479184,0.0002531347984477506,-0.0007454632531479,0.000321466346852,0.0010669295999999,0.00038492820547089614,0.0007454632531479,0.19486510172770258,-1.2427344836062002,0.24096385542168675,216,0
-0.0003716725699479207,0.0002528018558899923,-0.0007508477531479,1.4114246852022295e-05,0.0007649619999999223,0.0003719584977968178,0.0007508477531479,0.022462052995976468,-1.4481546402661278,0.24096385542168675,217,0
-0.00036951298614791773,0.000252491843032448,-0.0007499281531479,7.51974685202217e-06,0.0007574478999999222,0.000369804283171631,0.0007499281531479,0.04037598400807073,-1.4412322908954933,0.24096385542168675,218,0
-0.000356021655547919,0.00024159878518345356,-0.0007439507531479,1.41868468520219e-05,0.0007581375999999219,0.00035653243044571315,0.0007439507531479,-0.0210236345130165,-1.3527716986431584,0.24096385542168675,219,0
-0.00037664037014791695,0.0002459017805808763,-0.0007438297531479,1.2420246852022296e-05,0.0007562499999999223,0.00037708088114644646,0.0007438297531479,0.0756159982335685,-1.3633572834326715,0.24497991967871485,220,0
-0.0003423429927479212,0.000250139357949677,-0.0007379854531479,1.8095146852021952e-05,0.0007560805999999219,0.0003433528039197962,0.0007379854531479,-0.08243757346268435,-1.4174290577143691,0.24096385542168675,221,0
-0.0007944486366279023,0.00027299604223144047,-0.0013032006531479,-9.816165314797864e-05,0.0012050389999999213,0.0007944486366279023,0.0013032006531479,-0.02277942326397935,-0.914035524127558,0.24497991967871485,222,0
-0.00024376367806793514,0.0003332225514864927,-0.0011293478531479,0.000321405846852,0.0014507536999999,0.00032255065501320774,0.0011293478531479,-0.46223234487936765,-0.4764285549657141,0.20080321285140562,223,0
-0.00025943819714793027,0.00026447952776335074,-0.0006994348531479,0.000238581346852,0.0009380161999999,0.00029044103664578353,0.0006994348531479,-0.14360463434923404,-1.2995695195762038,0.23293172690763053,224,0
-0.00031305143374792273,0.00025184303093978965,-0.0006831240531479,8.917054685202238e-05,0.0007722945999999224,0.0003275003051657536,0.0006831240531479,0.04394363257642148,-1.396662361051091,0.24096385542168675,225,0
-0.0003131051093479236,0.0002515124411017645,-0.0006840920531479,6.878204685202213e-05,0.0007528740999999221,0.0003254150911909384,0.0006840920531479,0.025040533033333652,-1.4372284582762056,0.24096385542168675,226,0
-0.00020150155794793596,0.00027301233736078107,-0.0006887747531479,0.000278124146852,0.0009668988999999,0.0002804504425761748,0.0006887747531479,0.027505016318452674,-1.1036168579293213,0.24096385542168675,227,0
-0.00016432048434793784,0.000254306538515374,-0.0005608898531479,0.000250064246852,0.0008109540999999001,0.0002553722487910033,0.0005608898531479,0.03655837680715719,-1.418161606187626,0.24497991967871485,228,0
-0.00018889113154793856,0.0002520686319813988,-0.0005846784531479,0.000198869146852,0.0007835475999999,0.0002569606787080403,0.0005846784531479,-0.033347592982552486,-1.4392862241122897,0.24096385542168675,229,0
-0.00023449765294793296,0.00025499521997385277,-0.0005930395531479,0.000170409946852,0.0007634494999998999,0.0002880340143109765,0.0005930395531479,0.14525422322684586,-1.4352197637169517,0.24096385542168675,230,0
-0.00023826735954793343,0.00024811205294107425,-0.0006008924531479,0.000156277146852,0.0007571695999998999,0.000286924716955415,0.0006008924531479,0.16343753922392504,-1.369338926586822,0.24096385542168675,231,0
-8.617217454795027e-05,0.0002629393942172216,-0.0005957983531479,0.000352115646852,0.0009479139999998999,0.00023198613838363427,0.0005957983531479,-0.1620387311443817,-1.19785786491643,0.24899598393574296,232,0
-0.0006967239449479079,0.00034757591747112596,-0.0012789159531479,5.196304685202262e-05,0.0013308789999999227,0.0006979392528219888,0.0012789159531479,0.21881557813620447,-0.827720615366736,0.20481927710843373,233,0
-0.0007210844151479055,0.00027765676903444066,-0.0012381994531479,-0.0001848460531479,0.0010533534,0.0007210844151479055,0.0012381994531479,0.07663659271500188,-0.9952474638601352,0.23293172690763053,234,0
-0.0003320025747479221,0.00026611493705203153,-0.0009546964531479,0.000111337746852,0.0010660341999998999,0.0003463410263924063,0.0009546964531479,-0.12079140371261281,-1.0186082182552743,0.23694779116465864,235,0
-0.00027236109394792885,0.0002491294109569788,-0.0006792157531479,9.304254685202176e-05,0.0007722582999999218,0.0002906765786910643,0.0006792157531479,-0.13775823147080893,-1.3998364959647984,0.2289156626506024,236,0
-0.0002861278447479266,0.0002494291962065768,-0.0006829667531479,8.548004685202203e-05,0.000768446799999922,0.0003030192060398385,0.0006829667531479,-0.05840563080383003,-1.421674781663418,0.24096385542168675,237,0
-0.0002932559789479262,0.000253219661972918,-0.0006861248531479,8.699254685202214e-05,0.0007731173999999221,0.0003116419225642865,0.0006861248531479,-0.003911918722813193,-1.4448854077277915,0.24899598393574296,238,0
-0.00030986804474792475,0.00025574039151560673,-0.0013744333531479,9.276424685202272e-05,0.0014671975999999227,0.0003282835801153879,0.0013744333531479,-0.16782765648895098,-0.3021772795893556,0.24096385542168675,239,0
-0.0002794993921479251,0.00024389264959227356,-0.0006731536531479,9.29457468520226e-05,0.0007660993999999226,0.00029954695293910163,0.0006731536531479,-0.04611869151128886,-1.3202795808371433,0.24096385542168675,240,0
-0.0002832377597479267,0.00025030097540754224,-0.0006706852531479,0.000102807246852,0.0007734924999999,0.0003055330229894706,0.0006706852531479,-0.006457869356495866,-1.3905237828713497,0.23694779116465864,241,0
-0.0001515907277479414,0.0002637022941493934,-0.0006672730531479,0.000350240146852,0.0010175131999999,0.0002527086370739724,0.0006672730531479,-0.034522054748145944,-1.1475929757376966,0.24096385542168675,242,0
-0.0006177648867479187,0.0005333367438541548,-0.0016288358531479,0.000994565146852,0.0026234009999999,0.0006688803849405614,0.0016288358531479,0.011091636776863126,-0.8860942588587473,0.06827309236947791,243,0
-0.0011844928771479015,0.00026283331699387263,-0.0016252905531479,-0.0006358977531479,0.0009893928,0.0011844928771479015,0.0016252905531479,0.04225530090977704,-1.154982755227529,0.23694779116465864,244,0
-0.0006772866259479036,0.00035061615335011195,-0.0013776882531479,-6.733085314797847e-05,0.0013103573999999215,0.0006772866259479036,0.0013776882531479,-0.052364325376202184,-0.8520292692771343,0.24096385542168675,245,0
-0.0004424950315479115,0.00027667703642085913,-0.0010650363531479,-1.626885314797745e-05,0.0010487674999999225,0.0004424950315479115,0.0010650363531479,-0.12820884896425272,-1.0908674296025718,0.2289156626506024,246,0
-0.000354964357547921,0.00026204485949522316,-0.0007747694531479,2.7811446852021512e-05,0.0008025808999999215,0.0003561983187953475,0.0007747694531479,-0.11444635201003583,-1.414366199043402,0.24497991967871485,247,0
-0.0003382020339479206,0.0002546068963500944,-0.0007432247531479,5.1660546852022246e-05,0.0007948852999999222,0.00034452955636722204,0.0007432247531479,-0.011050307752978134,-1.3895958221898017,0.24096385542168675,248,0
-0.000299851592147927,0.00026152995444397273,-0.0007129868531479,7.28113468520227e-05,0.0007857981999999226,0.00031324530808873587,0.0007129868531479,-0.12339610538770922,-1.4456504138729296,0.24096385542168675,249,0
-0.00029371485934792695,0.0002756585115918963,-0.0007165321531479,0.000177500546852,0.0008940326999999001,0.000328711121537629,0.0007165321531479,0.10507795925990282,-1.38987934343236,0.24096385542168675,250,0
-0.00020571964214793767,0.000258094669061279,-0.0006339738531479,0.000168159346852,0.0008021331999999,0.0002626703670087759,0.0006339738531479,-0.15170343190036528,-1.3925167135416727,0.24096385542168675,251,0
-0.0001605021760812734,0.00025936992741761933,-0.0006178566531479,0.000366671946852,0.0009845285999999,0.0002492212992917432,0.0006178566531479,-0.001178000036623702,-1.0373685909500618,0.24096385542168675,252,0
-0.00020966379041460049,0.0002814246854008863,-0.0009834218531479,0.000347154646852,0.0013305764999999,0.00028614053695099126,0.0009834218531479,-0.014558012508803174,-0.8968103681075554,0.24096385542168675,253,0
-0.0008870508223479013,0.00027763050709065404,-0.0014005209531479,-0.0003659346531479,0.0010345863,0.0008870508223479013,0.0014005209531479,-0.02649730264900638,-1.269007109761187,0.24096385542168675,254,0
-0.0007205530557479024,0.0002649044231968479,-0.0011829750531479,-0.0002824325531479,0.0009005425000000001,0.0007205530557479024,0.0011829750531479,-0.1689479405631421,-1.3709365814660377,0.24096385542168675,255,0
-0.00045189223034791806,0.0003580599129311834,-0.0011336554531479,0.000226360346852,0.0013600157999998999,0.0004906171930161124,0.0011336554531479,0.11342708531804725,-0.8271548100617396,0.2289156626506024,256,0
-0.00024054687854793187,0.00027248969999737403,-0.0006776790531479,0.000992254046852,0.0016699330999999,0.0002856494221361649,0.000992254046852,0.2143937910850727,0.13494698914619097,0.2570281124497992,257,0
-0.0002863012861479266,0.0002540535765421114,-0.0006799296531479,9.791884685202232e-05,0.0007778484999999224,0.00030717254073021834,0.0006799296531479,0.0024637544490163036,-1.4168432561326603,0.23694779116465864,258,0
-0.00027421137754792604,0.00025744363674120376,-0.0006740853531479,9.791884685202232e-05,0.0007720041999999223,0.00030019484018799957,0.0006740853531479,-0.06161316865229417,-1.4204458710697132,0.24899598393574296,259,0
-0.0003104846365479248,0.00025000739454815723,-0.0006646594531479,9.938294685202156e-05,0.0007640423999999216,0.0003332201494146527,0.0006646594531479,0.23802544923940283,-1.3572021058246688,0.23694779116465864,260,0
-0.00029627911554792435,0.0002539171689846399,-0.0006863789531479,0.000109595346852,0.0007959742999999,0.00031789542681465177,0.0006863789531479,0.041542776045999055,-1.3766094689307036,0.23293172690763053,261,0
-0.00026630891594792963,0.0002568319952200318,-0.0006758277531479,0.000112668746852,0.0007884964999999,0.00029237631386355305,0.0006758277531479,-0.10244022511281847,-1.4383197386173634,0.24096385542168675,262,0
-0.00026266124994792816,0.0002576649720563064,-0.0006584037531479,0.000112608246852,0.0007710119999999,0.00029286601217023056,0.0006584037531479,-0.05683937680003575,-1.4404755215541805,0.24096385542168675,263,0
-0.00025602556154792936,0.0002529525947853668,-0.0006551246531479,0.000132355446852,0.0007874800999999,0.0002872603048043002,0.0006551246531479,-0.06164512575313024,-1.4155138610164517,0.24096385542168675,264,0
-0.00025958685774792945,0.000252387301348293,-0.0006743394531479,0.000134557646852,0.0008088970999999,0.00029166985295393225,0.0006743394531479,-0.010458880692229961,-1.4184908253629318,0.24096385542168675,265,0
-0.00035448737554791764,0.00026745425299002235,-0.0009854909531479,5.700874685202195e-05,0.0010424996999999219,0.00036051453401758675,0.0009854909531479,-0.22321938270014036,-0.9957016330038102,0.24497991967871485,266,0
-0.00027467517054792734,0.00025412395955085634,-0.0006761665531479,9.211084685202196e-05,0.0007682773999999219,0.0002952963584635524,0.0006761665531479,-0.11361211558220957,-1.4283905924145202,0.23694779116465864,267,0
-0.0002911656071479259,0.0002591131101291948,-0.0006851205531479,8.465724685202246e-05,0.0007697777999999225,0.00030869487398947013,0.0006851205531479,-0.06672017732385024,-1.4907053851304868,0.24096385542168675,268,0
-0.0003073767999479249,0.0002580962880389524,-0.0007898218531479,7.590894685202253e-05,0.0008657307999999225,0.00031632877043242245,0.0007898218531479,-0.18708369043594383,-1.3116543275224486,0.24096385542168675,269,0
-0.00033481413074792346,0.00027908448177798824,-0.0007908987531479,0.000100423546852,0.0008913222999999,0.00034701767453463895,0.0007908987531479,-0.06452934832838106,-1.4358026516741478,0.24096385542168675,270,0
-0.00033188798774792154,0.0002929827276531695,-0.0007763424531479,0.000897511046852,0.0016738534999998999,0.0003577480206753715,0.000897511046852,0.4964221482469557,0.7600384410046832,0.24096385542168675,271,0
-0.0003739664879479189,0.000266899489746181,-0.0008020428531479,5.562934685202168e-05,0.0008576721999999217,0.0003772266700205292,0.0008020428531479,-0.007288609424095386,-1.3859124753298806,0.24096385542168675,272,0
-0.0003352332989479194,0.00025498114838629483,-0.0007978804531479,4.897434685202217e-05,0.0008468547999999222,0.0003405825670175886,0.0007978804531479,-0.10764729082377977,-1.3315449463758273,0.24497991967871485,273,0
-0.0004455634947479134,0.00028509332846622464,-0.0010928179531479,0.000178238646852,0.0012710565999999,0.0004471798482471779,0.0010928179531479,-0.15971210203448902,-1.0011360861023837,0.24096385542168675,274,0
-0.00036251940394792183,0.00025915731975085534,-0.0007612537531479,6.639834685202156e-05,0.0008276520999999215,0.000368690504017591,0.0007612537531479,0.12692633308617554,-1.4028956965234012,0.23293172690763053,275,0
-0.00031781692194792475,0.00026331054811709387,-0.0007485850531479,9.465184685202196e-05,0.000843236899999922,0.0003301365224902041,0.0007485850531479,-0.026314203246002858,-1.4289661099485522,0.24497991967871485,276,0
-0.0003635803803479205,0.0002527884129447399,-0.0007250021531479,9.203824685202232e-05,0.0008170403999999224,0.0003712930784931412,0.0007250021531479,0.2322472656891699,-1.3780791572884157,0.23694779116465864,277,0
-0.0003285100549479235,0.0002537127006700293,-0.0007377797531479,7.763924685202147e-05,0.0008154189999999215,0.0003372944355761098,0.0007377797531479,-0.05073143869378796,-1.4041908513180665,0.23293172690763053,278,0
-0.0003350636811479227,0.00025747084384396035,-0.0007341134531479,4.148444685202114e-05,0.0007755978999999211,0.0003399133870012929,0.0007341134531479,-0.07900798234975268,-1.4287756531575853,0.2289156626506024,279,0
-0.0009133744090400995,0.00019194562655264452,-0.0012040482562401,-0.0006048199562401,0.0005992282999999999,0.0009133744090400995,0.0012040482562401,0.08082108612468064,-1.3552341307339189,0.24497991967871485,281,0
-0.0008542934002400976,0.00018930100719929233,-0.0011592056562401,-0.0005246453562401,0.0006345602999999999,0.0008542934002400976,0.0011592056562401,0.24508792204348098,-1.3189521641030442,0.24096385542168675,282,0
-0.0008796280172400967,0.00018748832882585107,-0.0011714508562401,-0.0005547985562401,0.0006166523,0.0008796280172400967,0.0011714508562401,0.10849858697700636,-1.3514264742956783,0.24096385542168675,283,0
-0.0008893328706400987,0.0002004660594232478,-0.0012011926562401,-0.0005467157562401,0.0006544769000000001,0.0008893328706400987,0.0012011926562401,0.052103415605271756,-1.3708739610891842,0.24096385542168675,284,0
-0.0009405962146400959,0.0002191019713939566,-0.0014229735562401,-0.0005705769562401,0.0008523966000000002,0.0009405962146400959,0.0014229735562401,0.1040594088713359,-1.1418441003865167,0.23293172690763053,285,0
-0.0008852091180400969,0.00021677133009969244,-0.0012148535562401,-0.0005437754562401,0.0006710781000000001,0.0008852091180400969,0.0012148535562401,0.14057932608338797,-1.3900831045028168,0.24096385542168675,286,0
-0.0009018936628400989,0.00020486426534225218,-0.0012126513562401,-0.0005417426562401,0.0006709087,0.0009018936628400989,0.0012126513562401,0.13847353041829985,-1.2578727560046339,0.24497991967871485,287,0
-0.0009162781670400981,0.00021361518229856354,-0.0012222466562401,-0.0005762397562401,0.0006460069,0.0009162781670400981,0.0012222466562401,0.16738316933283395,-1.4148731486124106,0.24096385542168675,288,0
-0.0009130450470400993,0.00021338972884735682,-0.0012288653562401,-0.0005690402562401,0.0006598250999999999,0.0009130450470400993,0.0012288653562401,0.10327545056161722,-1.4005603690294854,0.24096385542168675,289,0
-0.0009125808426400979,0.00021199976786365793,-0.0012244609562401,-0.0005748603562401,0.0006496006000000001,0.0009125808426400979,0.0012244609562401,0.14786776257301992,-1.3873451834302553,0.24497991967871485,290,0
-0.0009195816364400968,0.00021245046604129877,-0.0012310917562401,-0.0005726339562401,0.0006584577999999999,0.0009195816364400968,0.0012310917562401,0.20541785358016332,-1.363804487759068,0.24096385542168675,291,0
-0.0008958199226400993,0.00021673024782834893,-0.0012225128562401,-0.0005608485562401,0.0006616643,0.0008958199226400993,0.0012225128562401,0.015474120130935878,-1.429543310845831,0.23694779116465864,292,0
-0.0009113478768400984,0.0002172138612914923,-0.0012240858562401,-0.0005632564562401,0.0006608294000000001,0.0009113478768400984,0.0012240858562401,0.1345647758574624,-1.4051202913457215,0.24096385542168675,293,0
-0.0010837570500400989,0.00029379147653606474,-0.0017944677562401,-0.0005706253562401,0.0012238423999999999,0.0010837570500400989,0.0017944677562401,-0.2938875494652417,-0.4228289371217393,0.21285140562248997,294,1
-0.0010181326032400958,0.00024799954152883533,-0.0017354802562401,-0.0005919697562401,0.0011435105,0.0010181326032400958,0.0017354802562401,-0.38585595571865516,-0.15975650070150538,0.2248995983935743,295,0
-0.0009449601522400988,0.00022171439160100545,-0.0012894621562401,-0.0005950310562401,0.0006944310999999999,0.0009449601522400988,0.0012894621562401,0.025491572312589573,-1.3587421979745358,0.24096385542168675,296,0
-0.0009380618454400973,0.0002390943825341975,-0.0013105282562401,0.0001495545437598,0.0014600827999999,0.0009392582817901757,0.0013105282562401,0.3859225749988337,0.39437389805661693,0.24096385542168675,297,0
-0.0009797574048401,0.00022978791214688365,-0.0013203292562401,-0.0006261038562401,0.0006942254,0.0009797574048401,0.0013203292562401,0.045691295040375904,-1.4417367236368084,0.24096385542168675,298,0
-0.0009729443546400965,0.00022135635703704544,-0.0013072491562401,-0.0006259344562401,0.0006813146999999999,0.0009729443546400965,0.0013072491562401,0.0774951002359095,-1.4008410290795932,0.24096385542168675,299,0
-0.0009539782096400993,0.00022189065144134852,-0.0013167718562401,-0.0006234176562401,0.0006933542,0.0009539782096400993,0.0013167718562401,-0.04660019743865902,-1.3346801615992911,0.24096385542168675,300,0
-0.0009782529634400992,0.0002289451163616379,-0.0013117987562401,-0.0006142095562401,0.0006975891999999999,0.0009782529634400992,0.0013117987562401,0.1017576340741463,-1.439512983568063,0.24096385542168675,301,0
-0.0009762992006400983,0.0002238227700925012,-0.0013201961562401,-0.0006332549562401,0.0006869411999999999,0.0009762992006400983,0.0013201961562401,0.035110639424426396,-1.3657837034404083,0.24096385542168675,302,0
-0.0009923870944400968,0.00022072099196110298,-0.0013167113562401,-0.0006265757562401,0.0006901356,0.0009923870944400968,0.0013167113562401,0.19742028251085705,-1.3434262995068582,0.24096385542168675,303,0
-0.0010224635320400979,0.00027956774589874987,-0.0018716657562401,-0.0006086314562401,0.0012630343000000002,0.0010224635320400979,0.0018716657562401,-0.5183280369828042,-0.13841734867641486,0.2248995983935743,304,0
-0.001287652286640098,0.00036553390238594355,-0.0019808319562401,-0.0006377440562401,0.0013430878999999998,0.001287652286640098,0.0019808319562401,0.15687313682544446,-1.085591704368506,0.14859437751004015,305,1
-0.0009688625164400987,0.00022804434429892815,-0.0013256290562401,-0.0006167505562401,0.0007088785000000001,0.0009688625164400987,0.0013256290562401,-0.05291408819248052,-1.403248084621641,0.24096385542168675,306,0
-0.0009870230192400968,0.00023109820205523615,-0.0013473122562401,-0.0006303025562401,0.0007170096999999999,0.0009870230192400968,0.0013473122562401,0.014238921234650955,-1.4015859522534944,0.24096385542168675,307,0
-0.0009962625066400972,0.00022716878015462502,-0.0013463079562401,-0.0006481016562401,0.0006982063,0.0009962625066400972,0.0013463079562401,0.04799892887496432,-1.403672599497613,0.24096385542168675,308,0
-0.0010065962696400976,0.00022416540292428058,-0.0013466346562401,-0.0006456453562401,0.0007009893000000001,0.0010065962696400976,0.0013466346562401,0.031431901742222816,-1.3269167608881562,0.23694779116465864,309,0
-0.0010060818986400992,0.00022718764063980805,-0.0013505913562401,-0.0006518768562401,0.0006987145000000001,0.0010060818986400992,0.0013505913562401,0.06107711128211659,-1.381805809542699,0.24096385542168675,310,0
-0.000984705240040099,0.00023095910366305918,-0.0013588435562401,-0.0006600322562401,0.0006988113,0.000984705240040099,0.0013588435562401,-0.12443054405735789,-1.427091874831546,0.24096385542168675,311,0
-0.0009852857980400971,0.00023099243674330402,-0.0013588435562401,-0.0006541637562401,0.0007046798,0.0009852857980400971,0.0013588435562401,-0.09510979930819126,-1.4339451800266731,0.24497991967871485,312,0
-0.0009914866850401001,0.0002481189982411414,-0.0013488005562401,0.0001495545437598,0.0014983550999999001,0.0009926831213901784,0.0013488005562401,0.5086329883594783,0.45837891192783964,0.23694779116465864,313,0
-0.0010072728532400975,0.0002317266328604355,-0.0013402942562401,-0.0006371148562401,0.0007031794,0.0010072728532400975,0.0013402942562401,0.1366400052283078,-1.4363496811279417,0.24497991967871485,314,0
-0.001012566603240098,0.00023652165194423176,-0.0016179166562401,-0.0006296491562401,0.0009882675,0.001012566603240098,0.0016179166562401,-0.1664995157021622,-0.9505368674013042,0.24096385542168675,315,0
-0.0011877203952400971,0.00034471502215216454,-0.0019958601562401,-0.0005816363562401,0.0014142238000000003,0.0011877203952400971,0.0019958601562401,-0.20065276928469838,-0.6580580956212367,0.18875502008032127,316,1
-0.0009831566578400977,0.00023973769813030076,-0.0014231550562401,-0.0006144394562401,0.0008087156,0.0009831566578400977,0.0014231550562401,-0.007949945304082192,-1.4164181325769152,0.24096385542168675,317,0
-0.0009588056740400981,0.0002369958402929119,-0.0013261614562401,-0.0006127091562401,0.0007134522999999999,0.0009588056740400981,0.0013261614562401,-0.11723628311093694,-1.4406713225734231,0.24497991967871485,318,0
-0.0009719635770400981,0.00022651076172963444,-0.0013398586562401,-0.0006348400562401,0.0007050186,0.0009719635770400981,0.0013398586562401,-0.1228922034071721,-1.4285951040946747,0.24096385542168675,319,0
-0.0009794196051067657,0.00022223884078974372,-0.0013360229562401,-0.0006403455562401,0.0006956773999999999,0.0009794196051067657,0.0013360229562401,-0.010698680616115473,-1.3321892870554488,0.24096385542168675,320,0
-0.0009734040497734311,0.00023514797295527118,-0.0013357930562401,-0.0006264305562401,0.0007093625000000001,0.0009734040497734311,0.0013357930562401,-0.03214933544935893,-1.4743033874602038,0.23293172690763053,321,0
-0.0009771375370400972,0.00022600250090246102,-0.0013396408562401,-0.0006362920562401,0.0007033488000000001,0.0009771375370400972,0.0013396408562401,-0.07866981898406608,-1.3432425155333387,0.24096385542168675,322,0
-0.0009896660706400977,0.00022652619771984197,-0.0013513657562401,-0.0006463713562401,0.0007049944,0.0009896660706400977,0.0013513657562401,-0.03286773335778855,-1.397126892008464,0.24096385542168675,323,0
-0.0009921881462400983,0.00023711041234113222,-0.0013561573562401,-0.0006535345562401,0.0007026227999999999,0.0009921881462400983,0.0013561573562401,-0.050060264956865726,-1.4792603954865904,0.24096385542168675,324,0
-0.0010214589900400973,0.00024361763363854643,-0.0016871770562401,-0.0006450524562401,0.0010421246,0.0010214589900400973,0.0016871770562401,-0.18222910831912598,-0.98828498295302,0.23293172690763053,325,0
-0.001449999245040098,0.0003357409293016541,-0.0019892898562401,-0.0006841838562401,0.001305106,0.001449999245040098,0.0019892898562401,0.3932678681231032,-0.7700559423703379,0.1686746987951807,326,1
-0.0010202272100400984,0.00024962143690640895,-0.0017177174562401,-0.0006382764562401,0.001079441,0.0010202272100400984,0.0017177174562401,-0.1431798000402821,-0.8984682327503113,0.24497991967871485,327,0
-0.0010070391296400972,0.0002360843467962111,-0.0014623590562401,-0.0006358080562401,0.0008265509999999999,0.0010070391296400972,0.0014623590562401,-0.0629758304951054,-1.3263818358688182,0.24096385542168675,328,0
-0.001000542905840098,0.00024173064793271869,-0.0013643974562401,-0.0006515622562401,0.0007128352000000001,0.001000542905840098,0.0013643974562401,-0.07516322051509566,-1.4911727689554322,0.24096385542168675,329,0
-0.001019991018040097,0.00023044879701215144,-0.0013707499562401,-0.0006679335562401,0.0007028164,0.001019991018040097,0.0013707499562401,0.03271708977938875,-1.3904913282890097,0.24096385542168675,330,0
-0.0009934521122400982,0.0002333612885441136,-0.0013694068562401,-0.0006664815562401,0.0007029253,0.0009934521122400982,0.0013694068562401,-0.08095662771469131,-1.4439053852715795,0.24096385542168675,331,0
-0.001001042514840098,0.00023920832833937652,-0.0013549836562401,-0.0006540911562401,0.0007008924999999999,0.001001042514840098,0.0013549836562401,-0.03283049508913706,-1.4920594911697571,0.24096385542168675,332,0
-0.0010084993576400972,0.00022824744991477042,-0.0013459570562401,-0.0006427655562401,0.0007031915000000001,0.0010084993576400972,0.0013459570562401,0.08516927591538304,-1.4179632048316861,0.23694779116465864,333,0
-0.0009794205166400983,0.00023230565951491846,-0.0013522853562401,-0.0006372963562401,0.0007149890000000001,0.0009794205166400983,0.0013522853562401,-0.05481642635103579,-1.4383585854490442,0.24096385542168675,334,0
-0.0009758370048400984,0.00023340135601181315,-0.0013642280562401,-0.0006438787562401,0.0007203492999999999,0.0009758370048400984,0.0013642280562401,-0.0901960789338898,-1.4446673759945554,0.24096385542168675,335,0
-0.0009878938320400984,0.00023733421643638128,-0.0016177714562401,-0.0006323474562401,0.000985424,0.0009878938320400984,0.0016177714562401,-0.22877433183134438,-1.0411988946287867,0.2289156626506024,336,0
-0.0011079068592400976,0.00028698960934164054,-0.0017043590562401,-0.0004963676562401,0.0012079914,0.0011079068592400976,0.0017043590562401,0.09344627319819948,-0.8012078195837087,0.20481927710843373,337,1
-0.0007999455403734308,0.000195010197138047,-0.0012240616562401,-0.0004685134562401,0.0007555482,0.0007999455403734308,0.0012240616562401,-0.06642885102105964,-1.2643169957751068,0.24096385542168675,338,0
-0.0007146732991067635,0.00018300437415186843,-0.0010263234562401,-0.0004406108562401,0.0005857125999999999,0.0007146732991067635,0.0010263234562401,-0.10917813771176894,-1.3559651873794805,0.23694779116465864,339,0
-0.0007199677428400979,0.00019167941794829866,-0.0010129287562401,-0.0004141481562401,0.0005987806,0.0007199677428400979,0.0010129287562401,0.04995193181988393,-1.391001217734777,0.24096385542168675,340,0
-0.0006963560932400989,0.00019313019156727088,-0.0010025953562401,-0.0003960586562401,0.0006065367,0.0006963560932400989,0.0010025953562401,-0.025742463890207457,-1.3465647497473312,0.24096385542168675,341,0
-0.0006815330608400992,0.0002006763415475814,-0.0009971503562401,-0.0003824824562401,0.0006146678999999999,0.0006815330608400992,0.0009971503562401,-0.06074533621187948,-1.4154751323366452,0.24096385542168675,342,0
-0.0006848495014400976,0.00020103459062499298,-0.0010064673562401,-0.0003796268562401,0.0006268405,0.0006848495014400976,0.0010064673562401,-0.0715903805697506,-1.4122294334445966,0.24497991967871485,343,0
-0.0006912098906400991,0.0002118783918830797,-0.0011248174562401,-0.0003949212562401,0.0007298961999999999,0.0006912098906400991,0.0011248174562401,-0.09144927543651285,-1.4687632904060066,0.24096385542168675,344,0
-0.0006940664586400975,0.0002011230363862744,-0.0010158206562401,-0.0003923923562401,0.0006234283,0.0006940664586400975,0.0010158206562401,-0.06389397270428981,-1.3516294683009022,0.24497991967871485,345,0
-0.0007061030546400988,0.00020699076180916593,-0.0010283441562401,-0.0004008502562401,0.0006274938999999999,0.0007061030546400988,0.0010283441562401,-0.07209174836408358,-1.4540726595932307,0.24096385542168675,346,0
-0.0006920391762400991,0.0002035379330774887,-0.0010308488562401,-0.0003924649562401,0.0006383839,0.0006920391762400991,0.0010308488562401,-0.16065941214183863,-1.3678114777037085,0.24497991967871485,347,0
-0.0009658679116400971,0.000259543257864418,-0.0015239601562401,-0.0004352142562401,0.0010887459,0.0009658679116400971,0.0015239601562401,-0.002803199236302839,-0.7289489270295562,0.2248995983935743,348,1
-0.0008300578988400955,0.00022148243228348882,-0.0011560717562401,0.0001359904437598,0.0012920621999999002,0.000831145822390174,0.0011560717562401,0.48772840791770206,-0.0008308462952597573,0.24497991967871485,349,0
-0.0008263328412400981,0.00021959938032382843,-0.0011561080562401,-0.0004882848562401,0.0006678231999999999,0.0008263328412400981,0.0011561080562401,0.016599442169186726,-1.4628906454678337,0.24096385542168675,350,0
-0.0008223553776400971,0.00021812998117808112,-0.0011555877562401,-0.0004893738562401,0.0006662139000000001,0.0008223553776400971,0.0011555877562401,-0.016461170274790576,-1.4111628409606838,0.24096385542168675,351,0
-0.0008411141770400996,0.0002199504483260135,-0.0011540026562401,-0.0004909468562401,0.0006630557999999999,0.0008411141770400996,0.0011540026562401,0.13341131687908325,-1.4509400468945732,0.24096385542168675,352,0
-0.000840599055840098,0.00022183509439433654,-0.0011551400562401,-0.0004800084562401,0.0006751316,0.000840599055840098,0.0011551400562401,0.16006747519410675,-1.4621111798357638,0.24096385542168675,353,0
-0.0008292906378400971,0.000209959659357815,-0.0011438144562401,-0.0004742972562401,0.0006695172,0.0008292906378400971,0.0011438144562401,0.13213402690196924,-1.3327556297092538,0.24497991967871485,354,0
-0.0008015439100400976,0.00021930206560898192,-0.0011471903562401,-0.0004814241562401,0.0006657662000000001,0.0008015439100400976,0.0011471903562401,-0.04006908358316614,-1.4302805130628822,0.24096385542168675,355,0
-0.0008082301038400992,0.00021521631202177577,-0.0011492836562401,-0.0004845580562401,0.0006647256000000001,0.0008082301038400992,0.0011492836562401,-0.025784306327492564,-1.3790893863990152,0.24096385542168675,356,0
-0.0008298656540400993,0.0002172847274574077,-0.0011644691562401,-0.0004843039562401,0.0006801652,0.0008298656540400993,0.0011644691562401,0.062203823620620526,-1.40172159601126,0.24497991967871485,357,0
-0.0008801994760400989,0.00025648002672688764,-0.0015092828562401,-0.0004538482562401,0.0010554345999999998,0.0008801994760400989,0.0015092828562401,-0.3193654446783114,-0.7223348236606455,0.22088353413654618,358,1
-0.0008011050672400992,0.0002409928806064664,-0.0013728553562401,-0.0003888107562401,0.0009840446,0.0008011050672400992,0.0013728553562401,-0.07709566892656929,-0.8051024907204924,0.23293172690763053,359,1
-0.0007169645954400976,0.00020235683233747333,-0.0010390768562401,-0.0003899360562401,0.0006491407999999999,0.0007169645954400976,0.0010390768562401,0.03133086756446836,-1.3812567287351116,0.23694779116465864,360,0
-0.000729912611840098,0.0001983562886542849,-0.0010555933562401,-0.0003989263562401,0.000656667,0.000729912611840098,0.0010555933562401,-0.05139918913563908,-1.3085008707472043,0.24497991967871485,361,0
-0.0007472359882400977,0.00020992038642486742,-0.0010704642562401,-0.0004226907562401,0.0006477735000000001,0.0007472359882400977,0.0010704642562401,0.02751789987623769,-1.3951975429861212,0.23293172690763053,362,0
-0.0007665616726400992,0.00020983667861243456,-0.0010781840562401,-0.0004321771562401,0.0006460069000000001,0.0007665616726400992,0.0010781840562401,0.09965685675122551,-1.3832825873898256,0.24096385542168675,363,0
-0.0007791114054400976,0.000211716904680674,-0.0010811848562401,-0.0004450273562401,0.0006361575000000001,0.0007791114054400976,0.0010811848562401,0.14877073416381956,-1.3943770502346524,0.24096385542168675,364,0
-0.0007587225666400989,0.00021331957711301822,-0.0010947126562401,-0.0001630973562401,0.0009316153000000001,0.0007587225666400989,0.0010947126562401,0.021531085551479943,-1.185368980552268,0.24096385542168675,365,0
-0.000777322614040098,0.00021467337834089336,-0.0010971689562401,-0.0004413852562401,0.0006557837000000001,0.000777322614040098,0.0010971689562401,0.07430358309848559,-1.4306528806093994,0.24096385542168675,366,0
-0.0007619386982400984,0.0002213999676616241,-0.0015604053562401,-0.0004369929562401,0.0011234124,0.0007619386982400984,0.0015604053562401,-0.16978377752235285,-0.9142329800076201,0.23694779116465864,367,0
-0.0007710693582400991,0.00020912972793859792,-0.0010876704562401,-0.0004340284562401,0.000653642,0.0007710693582400991,0.0010876704562401,0.03837689985290788,-1.3523278125405847,0.24096385542168675,368,0
-0.0007606759664400977,0.00021666184658708013,-0.0011412855562401,-0.0004292247562401,0.0007120607999999999,0.0007606759664400977,0.0011412855562401,0.02505474647500519,-1.4085854542429757,0.23694779116465864,369,0
-0.0009622785192400996,0.00026392776365349234,-0.0015482569562401,-0.0004795728562401,0.0010686841,0.0009622785192400996,0.0015482569562401,-0.11219483709099812,-0.8199039996104887,0.24497991967871485,370,1
-0.0008606270242400984,0.00022912927934953567,-0.0012005029562401,-0.0005089879562401,0.0006915149999999999,0.0008606270242400984,0.0012005029562401,0.06469528321705861,-1.4759761513177663,0.24096385542168675,371,0
-0.0008540680498400963,0.00021864651527001448,-0.0011921297562401,-0.0005154130562401,0.0006767167,0.0008540680498400963,0.0011921297562401,0.009996225723157916,-1.359947362570007,0.23694779116465864,372,0
-0.0008596860798400992,0.00022083975481455097,-0.0012029834562401,-0.0005160906562401,0.0006868928000000001,0.0008596860798400992,0.0012029834562401,-0.011708726387745144,-1.3998275767291217,0.24096385542168675,373,0
-0.0008596232082400989,0.0002253679999607689,-0.0012034795562401,-0.0005346520562401,0.0006688274999999999,0.0008596232082400989,0.0012034795562401,-0.06149200706200061,-1.4429206069027878,0.24497991967871485,374,0
-0.0008762179468400976,0.00022741501086988539,-0.0012093480562401,-0.0005322562562401,0.0006770918000000001,0.0008762179468400976,0.0012093480562401,0.03867018580972234,-1.4873367451274273,0.24096385542168675,375,0
-0.0008720210618400956,0.00021391777822677747,-0.0012116712562401,-0.0005270653562401,0.0006846059,0.0008720210618400956,0.0012116712562401,0.06549026507662092,-1.297254586372018,0.24497991967871485,376,0
-0.0008575944980400976,0.00021947995020799108,-0.0012029592562401,-0.0005178693562401,0.0006850899,0.0008575944980400976,0.0012029592562401,-0.01657362925607421,-1.3637457284872176,0.24096385542168675,377,0
-0.0008759919672400989,0.00021427283126598996,-0.0011964373562401,-0.0005203377562401,0.0006760996,0.0008759919672400989,0.0011964373562401,0.09395432203734652,-1.2967532148684964,0.24497991967871485,378,0
-0.0008467795422400993,0.00023726355816295906,-0.0012005634562401,0.0001359783437598,0.0013365417999999,0.0008478673689901776,0.0012005634562401,0.2614757847092957,-0.33448471918932343,0.24497991967871485,379,0
-0.0009498153740400987,0.00026606748350629336,-0.0016418746562401,-0.0005113474562401,0.0011305272000000002,0.0009498153740400987,0.0016418746562401,-0.1720656293711666,-0.6288464792751016,0.23293172690763053,380,1
-0.0010039525406400985,0.00029227445854146795,-0.0016608716562401,-0.0005235442562401,0.0011373274,0.0010039525406400985,0.0016608716562401,-0.21054427687007765,-0.7226166354412782,0.24096385542168675,381,1
-0.0008796349142400972,0.00021946637515063953,-0.0012176486562401,-0.0005208943562401,0.0006967543,0.0008796349142400972,0.0012176486562401,0.053081028918665896,-1.3466493684098537,0.24096385542168675,382,0
-0.000880260072840098,0.0002164052008213783,-0.0012190280562401,-0.0005361645562401,0.0006828635000000001,0.000880260072840098,0.0012190280562401,0.04395361487369467,-1.2669291579209416,0.24497991967871485,383,0
-0.0008990193804400963,0.00023530694123242602,-0.0012239769562401,-0.0003522566562401,0.0008717203,0.0008990193804400963,0.0012239769562401,0.21862089569614368,-1.3766312549051032,0.23694779116465864,384,0
-0.000873509337640096,0.00021911350899083567,-0.0012186892562401,-0.0005410529562401,0.0006776362999999999,0.000873509337640096,0.0012186892562401,-0.001780266231307706,-1.3534153508350615,0.23293172690763053,385,0
-0.0008853205832400951,0.00022263131826156087,-0.0012119374562401,-0.0005368421562401,0.0006750952999999999,0.0008853205832400951,0.0012119374562401,0.09028158075328697,-1.4355270641867715,0.24096385542168675,386,0
-0.0008754003498400992,0.00022701741780899466,-0.0012230089562401,-0.0005307679562401,0.0006922409999999999,0.0008754003498400992,0.0012230089562401,0.029503808616931512,-1.441679432415862,0.24497991967871485,387,0
-0.0008786944538400976,0.00022432047545612054,-0.0012172614562401,-0.0005315907562401,0.0006856707,0.0008786944538400976,0.0012172614562401,0.055747758694445475,-1.4104940740406304,0.23694779116465864,388,0
-0.0008900115112400988,0.00022667686949152659,-0.0012182657562401,-0.0005290497562401,0.0006892159999999999,0.0008900115112400988,0.0012182657562401,0.11795002003074848,-1.3729038413419097,0.23694779116465864,389,0
-0.0008866749362400968,0.00022676928768064646,-0.0012257314562401,-0.0005333573562401,0.0006923741000000001,0.0008866749362400968,0.0012257314562401,0.05019678892428026,-1.456413804727679,0.24096385542168675,390,0
-0.0008745614084400997,0.00022795978727630309,-0.0012212060562401,-0.0005211121562401,0.0007000939000000001,0.0008745614084400997,0.0012212060562401,0.06439281362762653,-1.4432094738201084,0.23694779116465864,391,0
-0.0009517389594400992,0.00025354422007292004,-0.0014952226562401,-0.0004807828562401,0.0010144398,0.0009517389594400992,0.0014952226562401,-0.17171086714331102,-0.8434081501707196,0.24497991967871485,392,1
-0.0008493359334400969,0.00022256187510523762,-0.0011971875562401,-0.0005202046562401,0.0006769828999999999,0.0008493359334400969,0.0011971875562401,-0.04492892120153494,-1.4341925947352119,0.24096385542168675,393,0
-0.0008636500882400984,0.00022482669203627637,-0.0012051130562401,-0.0005097986562401,0.0006953144000000001,0.0008636500882400984,0.0012051130562401,0.033952076604401485,-1.4382909103609145,0.24096385542168675,394,0
-0.0008665773444400993,0.00021637677557947388,-0.0012055123562401,-0.0005307679562401,0.0006747444,0.0008665773444400993,0.0012055123562401,0.009766682055291529,-1.369940132187648,0.24497991967871485,395,0
-0.0008722896334400984,0.0002247885396211496,-0.0012025962562401,-0.0005181960562401,0.0006844002000000001,0.0008722896334400984,0.0012025962562401,0.0672466634541424,-1.4216633487808445,0.24096385542168675,396,0
-0.000852707743640098,0.0002261885319046339,-0.0011983733562401,-0.0005201804562401,0.0006781928999999999,0.000852707743640098,0.0011983733562401,-0.06108031439466501,-1.4422683869871686,0.23694779116465864,397,0
-0.0008679274624400988,0.00023001342369099016,-0.0012039635562401,-0.0005181113562401,0.0006858522,0.0008679274624400988,0.0012039635562401,0.053469150352597174,-1.4630129120552366,0.23694779116465864,398,0
-0.0008799942842400984,0.0002223554883847038,-0.0011973327562401,-0.0005171070562401,0.0006802257,0.0008799942842400984,0.0011973327562401,0.17172426849878106,-1.368220746027188,0.24899598393574296,399,0
-0.0008757209756400972,0.0002234630662216887,-0.0011988815562401,-0.0005111780562401,0.0006877035,0.0008757209756400972,0.0011988815562401,0.13831569194487994,-1.3733674250265753,0.23694779116465864,400,0
-0.000863877398840096,0.00022444995774123765,-0.0012047621562401,-0.0005222253562401,0.0006825367999999999,0.000863877398840096,0.0012047621562401,-0.008600103870172527,-1.4815972258855428,0.24497991967871485,401,0
-0.0008639514992400981,0.0002231592834044665,-0.0012102071562401,-0.0005129930562401,0.0006972141000000001,0.0008639514992400981,0.0012102071562401,0.011821606003384921,-1.4005413554284347,0.24096385542168675,402,0
-0.0008887021965183009,0.0001864240359393341,-0.0011437655985183,-0.0005836323985183,0.0005601331999999999,0.0008887021965183009,0.0011437655985183,0.21868974661096435,-1.522714201884656,0.23293172690763053,404,0
-0.0008091135027183012,0.00018220910960550348,-0.0011248532985183,-0.0005227935985183,0.0006020597,0.0008091135027183012,0.0011248532985183,0.020102155250845834,-1.4656249209046792,0.24096385542168675,405,0
-0.0008157341871183008,0.00018430197936721617,-0.0011274184985183,-0.0005068699985183,0.0006205485,0.0008157341871183008,0.0011274184985183,-0.03025217646673079,-1.4405899671978637,0.24497991967871485,406,0
-0.0009301717763183032,0.00018368266177807142,-0.0012582678985183,-0.0006051461985183,0.0006531217000000001,0.0009301717763183032,0.0012582678985183,0.13085968619009442,-1.3431865326115549,0.24096385542168675,407,0
-0.0008907834207183012,0.00014573349335917596,-0.0011513885985183,-0.0006332060985183,0.0005181824999999999,0.0008907834207183012,0.0011513885985183,0.15050401066406632,-1.2812615520358814,0.24497991967871485,408,0
-0.0008494496271183011,0.00011284751097572792,-0.0010335224985183,-0.0006384937985183,0.0003950287,0.0008494496271183011,0.0010335224985183,0.2452270799489603,-1.2551776489670325,0.24096385542168675,409,0
-0.0008059722459183032,0.00012230868032144272,-0.0010451747985183,-0.0006014677985183,0.0004437069999999999,0.0008059722459183032,0.0010451747985183,-0.09929427678575949,-1.281424513913662,0.23694779116465864,410,0
-0.0008553937037183008,0.0001668664239194535,-0.0014801334985183,-0.0005086728985183,0.0009714606,0.0008553937037183008,0.0014801334985183,0.06298471861208324,-0.5536031183978158,0.24497991967871485,411,0
-0.0008396242819183004,0.00016866698536319052,-0.0010790063985183,-0.0005312877985183,0.0005477186,0.0008396242819183004,0.0010790063985183,0.20309597835169238,-1.351579632439743,0.24096385542168675,412,0
-0.0008566121253183004,0.00013696205741160248,-0.0010606869985183,-0.0006342345985183,0.00042645240000000004,0.0008566121253183004,0.0010606869985183,0.12860979157929725,-1.3968323993894582,0.24096385542168675,413,0
-0.0008945071473183024,0.00015163416417476766,-0.0013088579985183,-0.0005970028985183,0.0007118551,0.0008945071473183024,0.0013088579985183,-0.10035492921097063,-0.3446888739477103,0.2289156626506024,414,1
-0.0008825999245183008,0.00019163458786911595,-0.0013921664985183,-0.0005768926985183,0.0008152738,0.0008825999245183008,0.0013921664985183,-0.30600655977130176,-0.5072942906455231,0.21285140562248997,415,1
-0.0008371364977183012,0.00014060759916581487,-0.0010430451985183,-0.0005852658985183,0.00045777929999999995,0.0008371364977183012,0.0010430451985183,0.19435256417583346,-1.3539982654761926,0.24497991967871485,416,0
-0.0008596065365183,0.0001423224660173764,-0.0010672088985183,-0.0006286806985183,0.00043852819999999995,0.0008596065365183,0.0010672088985183,0.14656828242254671,-1.4372245188517958,0.24096385542168675,417,0
-0.0008540546451183008,0.0001437899553308281,-0.0010616065985183,-0.0003147703985183,0.0007468361999999999,0.0008540546451183008,0.0010616065985183,0.3239223412830991,-0.7425576285141222,0.24096385542168675,418,0
-0.0008544413127183009,0.00013972026315583588,-0.0010640870985183,-0.0006351662985183,0.0004289208000000001,0.0008544413127183009,0.0010640870985183,0.08613730957969684,-1.4286404579913645,0.24096385542168675,419,0
-0.0008687985435183032,0.00013647763941997059,-0.0010681163985183,-0.0006290799985183,0.0004390364,0.0008687985435183032,0.0010681163985183,0.2549303187459634,-1.317001292163824,0.23694779116465864,420,0
-0.0008466415317183016,0.00013644588296463732,-0.0010578071985183,-0.0006257887985183,0.00043201839999999986,0.0008466415317183016,0.0010578071985183,0.0681567544462171,-1.3535256768239143,0.24096385542168675,421,0
-0.0008466651993183004,0.00013942713670391706,-0.0010535721985183,-0.0006203316985183,0.00043324049999999995,0.0008466651993183004,0.0010535721985183,0.1196681209856599,-1.4032033576791938,0.24497991967871485,422,0
-0.0008361929155183007,0.0001348534265446266,-0.0010521201985183,-0.0006175365985183,0.0004345836,0.0008361929155183007,0.0010521201985183,0.045266896783670206,-1.3203942549530816,0.24096385542168675,423,0
-0.0008364994085183009,0.00013933033532998512,-0.0010517329985183,-0.0006184319985183,0.0004333010000000001,0.0008364994085183009,0.0010517329985183,0.06370019470160378,-1.385260286888275,0.24497991967871485,424,0
-0.0008516186731183012,0.00018508378165899372,-0.0012605305985183,-0.0004260782985183,0.0008344523,0.0008516186731183012,0.0012605305985183,0.018625406419923864,-0.6879303490121331,0.18473895582329317,425,1
-0.0006678841298183025,0.00014588172350663543,-0.0008966835985183,-0.0004212745985183,0.00047540900000000004,0.0006678841298183025,0.0008966835985183,0.07936009667705685,-1.3803059217015312,0.24497991967871485,426,0
-0.0007184053566183008,0.0001293145243341555,-0.0009189959985183,-0.0004947094985183,0.0004242865,0.0007184053566183008,0.0009189959985183,0.1234037619421916,-1.4021754530071031,0.24096385542168675,427,0
-0.0007454029855183016,0.00014955592047140152,-0.0009753819985183,-0.0004945400985183,0.00048084190000000006,0.0007454029855183016,0.0009753819985183,0.15681416871538306,-1.3482710893506171,0.24096385542168675,428,0
-0.0007530077145183027,0.00014457505697064508,-0.0009673838985183,-0.0005188247985183,0.0004485591,0.0007530077145183027,0.0009673838985183,0.10403502396428638,-1.4032994525997913,0.24096385542168675,429,0
-0.000763265852518302,0.00014920364393921848,-0.0009833921985183,-0.0005256975985183,0.0004576945999999999,0.000763265852518302,0.0009833921985183,0.03811894067002439,-1.4335093814509405,0.24096385542168675,430,0
-0.0007630282327183024,0.0001290329435839597,-0.0009712437985183,-0.0005540357985183,0.00041720799999999997,0.0007630282327183024,0.0009712437985183,0.03120122261511667,-1.3327862560881556,0.23694779116465864,431,0
-0.0007717062801183033,0.00013091380232434837,-0.0009703362985183,-0.0005590209985183,0.0004113153,0.0007717062801183033,0.0009703362985183,0.11768160186646931,-1.4113662261919573,0.23694779116465864,432,0
-0.0007561159383183044,0.0001339712076238868,-0.0009748374985183,-0.0005529225985183,0.0004219149,0.0007561159383183044,0.0009748374985183,-0.07571766464378057,-1.4520389083433158,0.24497991967871485,433,0
-0.000753758325918302,0.00013119064001390388,-0.0009541706985183,-0.0005425649985183,0.0004116057,0.000753758325918302,0.0009541706985183,0.07154830334967456,-1.3884398206708621,0.23694779116465864,434,0
-0.0007882522799183007,0.00016250418836433628,-0.0012630352985183,-0.0005267986985183,0.0007362365999999999,0.0007882522799183007,0.0012630352985183,-0.3360409744852459,-0.3690310695560006,0.2248995983935743,435,0
-0.0007311006403183011,0.00015182305297117585,-0.0011713535985183,-0.0004636971985183,0.0007076564,0.0007311006403183011,0.0011713535985183,-0.37285556858431435,-0.2805741568127189,0.2248995983935743,436,1
-0.0007027723139183004,0.00012983466312294322,-0.0009105259985183,-0.0004822464985183,0.00042827949999999995,0.0007027723139183004,0.0009105259985183,0.07262588245285473,-1.3589673859009186,0.24096385542168675,437,0
-0.0007182871517183025,0.0001257828405109103,-0.0009212223985183,-0.0005060592985183,0.0004151631,0.0007182871517183025,0.0009212223985183,0.11606910179692667,-1.3255070125139818,0.24096385542168675,438,0
-0.0007401766567183003,0.00013343456918574024,-0.0009411268985183,-0.0005202888985183,0.0004208380000000001,0.0007401766567183003,0.0009411268985183,0.13459932899633079,-1.4475630174161298,0.24497991967871485,439,0
-0.0007348752837183003,0.00013285100105374977,-0.0009449625985183,-0.0005272705985183,0.000417692,0.0007348752837183003,0.0009449625985183,0.029305214166687604,-1.3644131135441893,0.24096385542168675,440,0
-0.0007441210389183008,0.0001319555399549837,-0.0009442849985183,-0.0005321105985183,0.0004121744,0.0007441210389183008,0.0009442849985183,0.1321208379726603,-1.3666240917184123,0.23694779116465864,441,0
-0.0007506135843183017,0.00014527227730211516,-0.0009721754985183,-0.0004972625985183,0.00047491290000000006,0.0007506135843183017,0.0009721754985183,0.11655280378979796,-1.3714841809095364,0.24497991967871485,442,0
-0.0007399549847183004,0.00015152792390658507,-0.0009831259985183,-0.0004954959985183,0.00048762999999999996,0.0007399549847183004,0.0009831259985183,0.0383359722803665,-1.4403894775593598,0.24096385542168675,443,0
-0.0007518121619183008,0.0001372153534361356,-0.0009595188985183,-0.0005329333985183,0.0004265855,0.0007518121619183008,0.0009595188985183,0.06251022681140182,-1.4670060162119953,0.24096385542168675,444,0
-0.0007620357181183019,0.0001339739225434387,-0.0009556468985183,-0.0005395641985183,0.00041608270000000004,0.0007620357181183019,0.0009556468985183,0.16819190553038746,-1.3695082143751833,0.24096385542168675,445,0
-0.0007494811695183028,0.00012882712827953923,-0.0009563365985183,-0.0005392132985183,0.00041712330000000003,0.0007494811695183028,0.0009563365985183,0.013644826882265234,-1.3200820631796215,0.23293172690763053,446,0
-0.0007688814867183016,0.00015124518491744924,-0.0011765202985183,-0.0005036271985183,0.0006728931000000001,0.0007688814867183016,0.0011765202985183,-0.09493130576681101,-0.7327370315853452,0.23293172690763053,447,1
-0.0007761823121183025,0.00015330896139120555,-0.0011978646985183,-0.0005071724985183,0.0006906922,0.0007761823121183025,0.0011978646985183,-0.09932974589489461,-0.7581381497221726,0.24497991967871485,448,1
-0.0007536873231183007,0.00013877214484717782,-0.0009627495985183,-0.0005341554985183,0.00042859409999999995,0.0007536873231183007,0.0009627495985183,0.09353585973303441,-1.4341103372560602,0.24096385542168675,449,0
-0.0007688569237183008,0.00014159595361159225,-0.0009643830985183,-0.0005316023985183,0.00043278070000000004,0.0007688569237183008,0.0009643830985183,0.2231652133138119,-1.4368397054559294,0.24096385542168675,450,0
-0.0007670311063183021,0.0001376756289250605,-0.0009695981985183,-0.0005463643985183,0.0004232338,0.0007670311063183021,0.0009695981985183,0.14109353231606475,-1.401053874272701,0.24096385542168675,451,0
-0.0007647160133183014,0.0001351714724464979,-0.0009655930985183,-0.0005359220985183,0.00042967100000000007,0.0007647160133183014,0.0009655930985183,0.15593091503000664,-1.3744837758911506,0.24096385542168675,452,0
-0.0007706539189183028,0.00014198257951789743,-0.0009804518985183,-0.0005252498985183,0.00045520199999999993,0.0007706539189183028,0.0009804518985183,0.20472550192927205,-1.3423785430355626,0.24096385542168675,453,0
-0.0007601097853183021,0.00013288676974723484,-0.0009611644985183,-0.0005326429985183,0.0004285215,0.0007601097853183021,0.0009611644985183,0.14992009017181665,-1.2838918222795346,0.24497991967871485,454,0
-0.0007480785133183019,0.00013404062163166163,-0.0009610918985183,-0.0005405926985183,0.00042049920000000003,0.0007480785133183019,0.0009610918985183,0.020519406831717574,-1.3712223289810996,0.24096385542168675,455,0
-0.0007613308931183019,0.00013639772666279053,-0.0009632940985183,-0.0005380637985183,0.00042523030000000007,0.0007613308931183019,0.0009632940985183,0.11608124476820733,-1.4086589261560287,0.24497991967871485,456,0
-0.0008182166957183003,0.00017302613162284314,-0.0012870295985183,-0.0005334052985183,0.0007536243000000001,0.0008182166957183003,0.0012870295985183,-0.21328716216925234,-0.3763658115135633,0.20481927710843373,457,1
-0.0007904513339183016,0.00017709588166565332,-0.0012587639985183,-0.0005018605985183,0.0007569033999999999,0.0007904513339183016,0.0012587639985183,-0.32241734325332794,-0.35567378264889804,0.2289156626506024,458,1
-0.0007480674539183027,0.00014907430675755432,-0.0009874819985183,-0.0005108750985183,0.00047660690000000006,0.0007480674539183027,0.0009874819985183,-0.02615295860554363,-1.4451850839432736,0.24096385542168675,459,0
-0.0007601219095183004,0.0001402187895740765,-0.0009841423985183,-0.0005461586985183,0.0004379837000000001,0.0007601219095183004,0.0009841423985183,-0.028373064122124255,-1.4357191225633423,0.24096385542168675,460,0
-0.0007783830601183009,0.000140952499551851,-0.0009876271985183,-0.0005632801985183,0.00042434699999999994,0.0007783830601183009,0.0009876271985183,0.03246100309870698,-1.4646017032690444,0.24096385542168675,461,0
-0.0007762980365183008,0.00013438986275219993,-0.0009906037985183,-0.0005664140985183,0.00042418969999999997,0.0007762980365183008,0.0009906037985183,0.028604181002273167,-1.350043427830661,0.24096385542168675,462,0
-0.0007699713579183007,0.00014165942091741652,-0.0009985171985183,-0.0005548827985183,0.00044363440000000007,0.0007699713579183007,0.0009985171985183,-0.07381370259291269,-1.450065025804728,0.23694779116465864,463,0
-0.0007845460257183012,0.00014586848580076806,-0.0010061038985183,-0.0005442710985183,0.0004618328000000001,0.0007845460257183012,0.0010061038985183,0.07329896058565476,-1.4655209372905253,0.24096385542168675,464,0
-0.000780077156918302,0.000153278085256156,-0.0010104840985183,-0.0005411250985183,0.0004693589999999999,0.000780077156918302,0.0010104840985183,0.11863611448968539,-1.4271647728961259,0.24497991967871485,465,0
-0.0007830390675183029,0.00014612122401200036,-0.0010164372985183,-0.0005282506985183,0.0004881865999999999,0.0007830390675183029,0.0010164372985183,0.1070985121404604,-1.3939548151131398,0.23694779116465864,466,0
-0.000785069810518302,0.0001394043992358596,-0.0009915959985183,-0.0005564557985183,0.00043514020000000005,0.000785069810518302,0.0009915959985183,0.1881144658907909,-1.3636181321108383,0.24096385542168675,467,0
-0.000831205368118302,0.0001736565049229434,-0.0012597440985183,-0.0005170823985183,0.0007426617,0.000831205368118302,0.0012597440985183,-0.14125584245128514,-0.6434639327903096,0.24096385542168675,468,1
-0.0007579410781183011,0.0001440255870420531,-0.0009759869985183,-0.0005251046985183,0.0004508823,0.0007579410781183011,0.0009759869985183,0.06741078510121028,-1.4504874964599022,0.24497991967871485,469,0
-0.0007818671825183036,0.0001413778095820888,-0.0009958672985183,-0.0005476348985183,0.00044823240000000004,0.0007818671825183036,0.0009958672985183,0.21227185989687453,-1.3423529463516106,0.24096385542168675,470,0
-0.0007831346091183012,0.00013971858525474426,-0.0009889097985183,-0.0005461949985183,0.0004427147999999999,0.0007831346091183012,0.0009889097985183,0.15994633777103506,-1.351140140819239,0.24497991967871485,471,0
-0.0007921538523183012,0.00015117713025732989,-0.0010170664985183,-0.0005175421985183,0.0004995243000000001,0.0007921538523183012,0.0010170664985183,0.22029136291127993,-1.3343118629897843,0.24096385542168675,472,0
-0.0007990331379183008,0.00016565568834259588,-0.0015685481985183,-0.0005361035985183,0.0010324446,0.0007990331379183008,0.0015685481985183,-0.4992012044719577,1.2141784855301494,0.24497991967871485,473,0
-0.0007828829049183005,0.00013980729186299692,-0.0009976459985183,-0.0005503331985183,0.0004473128000000001,0.0007828829049183005,0.0009976459985183,0.0780349573765518,-1.3767565465557636,0.24096385542168675,474,0
-0.000776180690718302,0.00013690451311816986,-0.0009750068985183,-0.0005463764985183,0.00042863039999999997,0.000776180690718302,0.0009750068985183,0.17568685355428337,-1.31986214177433,0.23293172690763053,475,0
-0.0007749726993183008,0.0001417172229970501,-0.0009788062985183,-0.0005418994985183,0.0004369068,0.0007749726993183008,0.0009788062985183,0.1341820222405247,-1.3773105370478882,0.23694779116465864,476,0
-0.0007814685359183025,0.00014443831041859137,-0.0009795080985183,-0.0005379427985183,0.0004415653000000001,0.0007814685359183025,0.0009795080985183,0.24336863209694046,-1.421784822741984,0.24497991967871485,477,0
-0.0007826980169183013,0.00014375828628902934,-0.0009852797985183,-0.0005437265985183,0.0004415532,0.0007826980169183013,0.0009852797985183,0.20394176299528247,-1.4246942051309122,0.24096385542168675,478,0
-0.0008451085101183012,0.00017979734178786633,-0.0012732476985183,-0.0005279602985183,0.0007452874,0.0008451085101183012,0.0012732476985183,-0.2298103635222461,-0.71153452589407,0.2248995983935743,479,1
-0.0008527730131183007,0.00017722093646348113,-0.0012817055985183,-0.0005552215985183,0.000726484,0.0008527730131183007,0.0012817055985183,-0.21717392506367955,-0.6558001868151271,0.2289156626506024,480,1
-0.0007819957571183013,0.00014198603898385746,-0.0009885709985183,-0.0005523054985183,0.0004362655,0.0007819957571183013,0.0009885709985183,0.13977963940943128,-1.4038377146511634,0.24497991967871485,481,0
-0.000776065595518301,0.00014183562553981394,-0.0009969441985183,-0.0005445130985183,0.0004524310999999999,0.000776065595518301,0.0009969441985183,0.01152245220359943,-1.3868425480598823,0.24096385542168675,482,0
-0.0007756964729183012,0.00014403393841739816,-0.0010046760985183,-0.0005621790985183,0.00044249700000000003,0.0007756964729183012,0.0010046760985183,-0.024461445389670725,-1.4814930061973484,0.24096385542168675,483,0
-0.0007988597933183021,0.00013967617578824893,-0.0010101815985183,-0.0005455899985183,0.00046459159999999997,0.0007988597933183021,0.0010101815985183,0.21226030393420395,-1.2767107635580832,0.24497991967871485,484,0
-0.0007947258041183005,0.00013804191734943577,-0.0010197647985183,-0.0005665229985183,0.0004532417999999999,0.0007947258041183005,0.0010197647985183,0.028372223312630205,-1.3102354028239196,0.23293172690763053,485,0
-0.0007889040827183008,0.0001415553132481701,-0.0010140051985183,-0.0005718711985183,0.00044213399999999995,0.0007889040827183008,0.0010140051985183,0.0006214422171103017,-1.3917049394927634,0.24096385542168675,486,0
-0.0007976482687183024,0.00013828038492582476,-0.0010215918985183,-0.0005712056985183,0.00045038619999999995,0.0007976482687183024,0.0010215918985183,0.015228683031729341,-1.3649119145538167,0.24096385542168675,487,0
-0.0008010919771183012,0.00014447545717459834,-0.0010268311985183,-0.0005639819985183,0.00046284920000000005,0.0008010919771183012,0.0010268311985183,0.09845055888032844,-1.3565093626987714,0.24096385542168675,488,0
-0.0008041176789183012,0.00015727562572022128,-0.0010402500985183,-0.0005554151985183,0.00048483490000000005,0.0008041176789183012,0.0010402500985183,0.0722324646157515,-1.3875855644346236,0.23694779116465864,489,0
-0.0008117260863183013,0.0001643059458484236,-0.0012607725985183,-0.0004904865985183,0.0007702860000000001,0.0008117260863183013,0.0012607725985183,-0.10829117057345033,-0.6656608231052412,0.23293172690763053,490,1
-0.0008451762217183016,0.0001739329396066442,-0.0012902481985183,-0.0005029979985183,0.0007872502,0.0008451762217183016,0.0012902481985183,-0.10650235252893721,-0.5562350899726054,0.21686746987951808,491,1
-0.0007938296781183027,0.00013812038307467166,-0.0010063821985183,-0.0005498612985183,0.00045652089999999995,0.0007938296781183027,0.0010063821985183,0.24496127070726206,-1.2498750045949722,0.24096385542168675,492,0
-0.0007962788633183013,0.00014125860826275398,-0.0010610741985183,-0.0005615982985183,0.0004994759000000001,0.0007962788633183013,0.0010610741985183,0.1041602248446352,-1.3298739793695769,0.23694779116465864,493,0
-0.0008009358145183005,0.00014664314582541442,-0.0010154087985183,-0.0005718348985183,0.00044357390000000004,0.0008009358145183005,0.0010154087985183,0.12040488855315408,-1.44072415587212,0.24096385542168675,494,0
-0.0008020029328783013,0.00014950168240918753,-0.0010321914985183,-0.0005612836985183,0.00047090779999999996,0.0008020029328783013,0.0010321914985183,0.1264198512785045,-1.3801799764123155,0.24497991967871485,495,0
-0.0008197817871583015,0.00014875709401402065,-0.0010267343985183,-0.0005598437985183,0.00046689060000000007,0.0008197817871583015,0.0010267343985183,0.23994552284303336,-1.3590421623464106,0.24096385542168675,496,0
-0.0008160710027183,0.00014689163748758208,-0.0010296383985183,-0.0005760698985183,0.00045356849999999996,0.0008160710027183,0.0010296383985183,0.1721492165311222,-1.4231356651456055,0.24096385542168675,497,0
-0.0008113753799183012,0.0001430416190754306,-0.0010273393985183,-0.0005812607985183,0.0004460785999999999,0.0008113753799183012,0.0010273393985183,0.08522787220906117,-1.4118083417639355,0.24096385542168675,498,0
-0.0008182660879183024,0.00013901914913923475,-0.0010211925985183,-0.0005878673985183,0.0004333252,0.0008182660879183024,0.0010211925985183,0.11570144906144855,-1.360549959877711,0.24096385542168675,499,0
-0.0008304908873183032,0.0001354608067771455,-0.0010363780985183,-0.0005857861985183,0.00045059189999999995,0.0008304908873183032,0.0010363780985183,0.25020019604702437,-1.2563359447486884,0.23694779116465864,500,0
-0.0008209469397183012,0.00014649515759902336,-0.0010389311985183,-0.0005874922985183,0.00045143889999999995,0.0008209469397183012,0.0010389311985183,0.09845456877309249,-1.410164386988494,0.24497991967871485,501,0
-0.0008846172123183016,0.00019021251423799777,-0.0012897157985183,-0.0005262299985183,0.0007634858,0.0008846172123183016,0.0012897157985183,-0.05367462975755506,-0.6626839466647585,0.23293172690763053,502,1
-0.0008403502819183015,0.0001479095092557189,-0.0012111262985183,-0.0005924290985183,0.0006186972,0.0008403502819183015,0.0012111262985183,0.04713876772299476,-1.0497444603507247,0.24096385542168675,503,0
-0.000825024034718302,0.00013676854136737796,-0.0010242296985183,-0.0005921386985183,0.000432091,0.000825024034718302,0.0010242296985183,0.2191840913041808,-1.2845993501043331,0.24497991967871485,504,0
-0.0008241049913183012,0.00013748888812367596,-0.0010276176985183,-0.0005936753985183,0.0004339423000000001,0.0008241049913183012,0.0010276176985183,0.24146773744198347,-1.3364066851633682,0.24096385542168675,505,0
-0.0008132204363183028,0.00014454437044958125,-0.0010356036985183,-0.0005825312985183,0.00045307240000000003,0.0008132204363183028,0.0010356036985183,0.075568163284265,-1.4410362050319108,0.24096385542168675,506,0
-0.0008272524917183016,0.0001492139689790393,-0.0010525920985183,-0.0005779574985183,0.0004746346,0.0008272524917183016,0.0010525920985183,0.1945804943314536,-1.306490665642888,0.24497991967871485,507,0
-0.0008120349267183012,0.00015590650419112525,-0.0010445697985183,-0.0005722462985183,0.00047232350000000003,0.0008120349267183012,0.0010445697985183,0.05825972486277655,-1.4601212826234353,0.24096385542168675,508,0
-0.0008106220339183023,0.00014515571952126687,-0.0010405283985183,-0.0005757794985183,0.00046474889999999994,0.0008106220339183023,0.0010405283985183,0.10013247863417674,-1.377724052680704,0.24096385542168675,509,0
-0.000819838797518302,0.00014901129172229996,-0.0010283920985183,-2.2337598518390542e-05,0.0010060544999999095,0.000819838797518302,0.0010283920985183,0.7934955454271729,1.6570667099125962,0.24899598393574296,510,0
-0.0008183944931183008,0.0001417515393740406,-0.0010324818985183,-0.0005856167985183,0.0004468650999999999,0.0008183944931183008,0.0010324818985183,0.1781844820941724,-1.3718678553353458,0.24096385542168675,511,0
-0.0008341620999183012,0.0001373900834756731,-0.0010419682985183,-0.0005822650985183,0.00045970320000000007,0.0008341620999183012,0.0010419682985183,0.22500913447090443,-1.1894786474297105,0.24096385542168675,512,0
-0.0008985691657183008,0.00018809603831623377,-0.0013268022985183,-0.0005475622985183,0.0007792399999999999,0.0008985691657183008,0.0013268022985183,-0.0192319532759118,-0.7899089206838124,0.2289156626506024,513,1
-0.0008759803049183013,0.0001507247148205977,-0.0012598408985183,-0.0006113534985183,0.0006484874,0.0008759803049183013,0.0012598408985183,-0.1273662659646855,-0.6365756717488247,0.23293172690763053,514,0
-0.0008229231601183035,0.00013757855732152833,-0.0010549636985183,-0.0005952725985183,0.00045969109999999995,0.0008229231601183035,0.0010549636985183,0.01318322636528621,-1.3615571116145415,0.24096385542168675,515,0
-0.0008483793095183012,0.00013908465654159457,-0.0010606869985183,-0.0006147535985183,0.00044593340000000006,0.0008483793095183012,0.0010606869985183,0.22726248251146922,-1.3082390938508215,0.24096385542168675,516,0
-0.0008399652357183004,0.00014529115645605436,-0.0010598278985183,-0.0006117285985183,0.0004480993000000001,0.0008399652357183004,0.0010598278985183,0.055664972187004495,-1.4496184850564378,0.24096385542168675,517,0
-0.0008381305853183032,0.00015566720132571504,-0.0010672693985183,-0.0006024962985183,0.00046477309999999996,0.0008381305853183032,0.0010672693985183,0.09506253576703799,-1.4817036664049246,0.24096385542168675,518,0
-0.0008342800023183028,0.00015291137874978367,-0.0010747834985183,-0.0005812365985183,0.0004935469,0.0008342800023183028,0.0010747834985183,0.09284936473105615,-1.342452265713144,0.23694779116465864,519,0
-0.000837308075718302,0.000157031723830526,-0.0010739122985183,-0.0005701771985183,0.0005037350999999999,0.000837308075718302,0.0010739122985183,0.1715688533093461,-1.3117096283411491,0.24899598393574296,520,0
-0.0008382474713183025,0.00015201876383080692,-0.0010572263985183,-0.0005726939985183,0.0004845324,0.0008382474713183025,0.0010572263985183,0.23368969364551603,-1.3088742664836759,0.23694779116465864,521,0
-0.0008265519017183015,0.0001600456554051176,-0.0011106599985183,-7.846949851839091e-05,0.001032190499999909,0.0008265519017183015,0.0011106599985183,0.49314430165332734,0.3688223700246951,0.24096385542168675,522,0
-0.001279092403395517,0.00030828753864669384,-0.0019975958725955,-0.0008690046725955,0.0011285912000000003,0.001279092403395517,0.0019975958725955,-0.49306654106762476,-0.9001994468203911,0.2570281124497992,524,0
-0.0012308470413955155,0.00037799428039794975,-0.0019989873725955,-0.0006321713725955,0.0013668159999999999,0.0012308470413955155,0.0019989873725955,-0.218334526679075,-1.0279004938395957,0.27309236947791166,525,0
-0.0012975152704955172,0.0003145053589198354,-0.0019888354725956,-0.0008446957725955,0.0011441397000000997,0.0012975152704955172,0.0019888354725956,-0.4610452767620335,-0.9125022795586424,0.23694779116465864,526,0
-0.0012676584962955128,0.0003457034348585007,-0.0019932761725955,-0.0006858832725955,0.0013073929,0.0012676584962955128,0.0019932761725955,-0.25775437363700293,-1.0850525371103423,0.25301204819277107,527,0
-0.0013124645502621806,0.00036300310319433885,-0.0019832210725956,-0.0008008332725955,0.0011823878000001,0.0013124645502621806,0.0019832210725956,-0.2926906155199112,-1.3151987091224957,0.24497991967871485,528,0
-0.0013194568095288453,0.0003369656302805273,-0.0019480342725955,-0.0008565053725955,0.0010915289,0.0013194568095288453,0.0019480342725955,-0.2261616144697957,-1.2171883505707524,0.26104417670682734,529,0
-0.0013296001386955156,0.0003574829448268705,-0.0019937117725955,-0.0008501770725955,0.0011435347000000001,0.0013296001386955156,0.0019937117725955,-0.21267111704309113,-1.2986621168837662,0.26907630522088355,530,0
-0.0012980896816955152,0.00039386976020397646,-0.0019837171725955,0.0009125509274044,0.0028962680999999,0.0013081631218139855,0.0019837171725955,0.8803982234251947,3.614851371387392,0.27710843373493976,531,0
-0.0013161828963955133,0.00034773818103353755,-0.0019857136725955,-0.0008607524725955,0.0011249612000000003,0.0013161828963955133,0.0019857136725955,-0.24156944822914858,-1.2817758629612077,0.26907630522088355,532,0
-0.0013032487949955146,0.00033295473139391705,-0.0019787198725955,-0.0008680608725955,0.001110659,0.0013032487949955146,0.0019787198725955,-0.33150799607090486,-1.1139001855173647,0.26104417670682734,533,0
-0.0012946407097955096,0.0003164534024370793,-0.0019971844725955,-0.0008681455725956,0.0011290388999998999,0.0012946407097955096,0.0019971844725955,-0.3932782943174678,-0.9964684749205013,0.25301204819277107,534,0
-0.0013164649473955139,0.000349944103387422,-0.0019989268725955,-0.0008816128725955,0.001117314,0.0013164649473955139,0.0019989268725955,-0.3690359846727761,-1.184507688624496,0.24899598393574296,535,0
-0.0013227067081955188,0.0003384624905912683,-0.0019993624725955,-0.0008763735725955,0.0011229888999999998,0.0013227067081955188,0.0019993624725955,-0.39389554260236065,-1.0868020692095468,0.25301204819277107,536,0
-0.001282814750595516,0.0003092230431776737,-0.0019879158725955,-0.0008731065725955,0.0011148093000000001,0.001282814750595516,0.0019879158725955,-0.512693244846707,-0.8247932173147698,0.2248995983935743,537,0
-0.0014846882949955148,0.00032626784740914886,-0.0019739645725955,-0.0008130421725955,0.0011609224000000001,0.0014846882949955148,0.0019739645725955,0.5597560615157058,-0.9704998171430743,0.15261044176706828,538,1
-0.001296687182795517,0.00037749083110720196,-0.0019976805725955,-0.0007600804725955,0.0012376001000000002,0.001296687182795517,0.0019976805725955,-0.1952393188316012,-1.3817229284062624,0.26104417670682734,539,0
-0.0013327108575155123,0.0003432022796040918,-0.0019508293725955,-0.0008671533725955,0.001083676,0.0013327108575155123,0.0019508293725955,-0.3240091296613994,-1.162812207722372,0.26104417670682734,540,0
-0.0013110826350755224,0.0003434797916993913,-0.0019853022725955,-0.0008960360725955,0.0010892661999999998,0.0013110826350755224,0.0019853022725955,-0.4994269470026441,-1.084112336593759,0.23694779116465864,541,0
-0.0013295322939955185,0.0003237571659748613,-0.0019904326725955,-0.0009154565725955,0.0010749761,0.0013295322939955185,0.0019904326725955,-0.5198859571198977,-0.8650161075607268,0.24899598393574296,542,0
-0.0013786119025955145,0.0003436407975679919,-0.0019941473725955,-0.0008979478725955,0.0010961995,0.0013786119025955145,0.0019941473725955,-0.2077169458733131,-1.2131554601915644,0.26104417670682734,543,0
-0.0013422932443955126,0.00033258448563591546,-0.0019896703725955,-0.0009125041725955,0.0010771661999999997,0.0013422932443955126,0.0019896703725955,-0.3903483298113633,-1.0705505177489059,0.24497991967871485,544,0
-0.0013626461098955075,0.0003423663627995733,-0.0019995560725955,-0.0009085111725955,0.0010910448999999999,0.0013626461098955075,0.0019995560725955,-0.3221848214865523,-1.1387324087536925,0.26104417670682734,545,0
-0.0013502115690955145,0.0002921088483251279,-0.0019945950725955,-0.0008963748725956,0.0010982201999999,0.0013502115690955145,0.0019945950725955,-0.2806925601709186,-0.9665672838147281,0.2248995983935743,546,0
-0.001412445027195517,0.0003220613832987626,-0.0019936633725955,-0.0008136229725955,0.0011800404000000002,0.001412445027195517,0.0019936633725955,0.1691662287648879,-1.1461196019112527,0.23293172690763053,547,1
-0.0013772051323955189,0.0003123859945994855,-0.0019910013725955,-0.0009250639725956,0.0010659373999999,0.0013772051323955189,0.0019910013725955,-0.306237708701247,-1.0212291302826055,0.26907630522088355,548,0
-0.0013443047919555176,0.0002959322373736086,-0.0019986606725955,-0.0009662160725955,0.0010324445999999998,0.0013443047919555176,0.0019986606725955,-0.45137570638807195,-0.890912205295971,0.23694779116465864,549,0
-0.0013427663350355115,0.00030980822238547127,-0.0019976200725955,-0.0009408665725955,0.0010567534999999999,0.0013427663350355115,0.0019976200725955,-0.4409262087123629,-0.9818104730107828,0.24497991967871485,550,0
-0.0013683418823955177,0.0002926481166585652,-0.0019888112725955,-0.0009606137725956,0.0010281974999999,0.0013683418823955177,0.0019888112725955,-0.25655183231957973,-0.9375566682955756,0.2570281124497992,551,0
-0.0013615298727955136,0.00030461459803936297,-0.0019687010725955,-0.0009650060725956,0.0010036949999999,0.0013615298727955136,0.0019687010725955,-0.40666987301291907,-0.990335534841777,0.2570281124497992,552,0
-0.0013635390051955096,0.0003036717278646045,-0.0019640425725955,-0.0009619326725955,0.0010021099,0.0013635390051955096,0.0019640425725955,-0.3422248873189295,-0.995226400776434,0.24497991967871485,553,0
-0.0014128362927955157,0.0003094167020713743,-0.0019916063725956,-0.0009666879725956,0.0010249184000000002,0.0014128362927955157,0.0019916063725956,-0.18585122184533026,-1.0011902162525046,0.26907630522088355,554,0
-0.0013948849021955107,0.00031604953152583647,-0.0019992414725955,-0.0009605048725955,0.0010387366000000002,0.0013948849021955107,0.0019992414725955,-0.2797942255007429,-1.0336068994450813,0.26506024096385544,555,0
-0.001475878284995514,0.00030845357348012855,-0.0019989752725955,-0.0008435220725955,0.0011554532,0.001475878284995514,0.0019989752725955,0.33529391304355566,-1.0277526800421395,0.20481927710843373,556,1
-0.001359883159595515,0.0003166086088388112,-0.0019995681725955,-0.0009039131725956,0.0010956549999999,0.001359883159595515,0.0019995681725955,-0.2650433899572668,-1.1346332946606765,0.2289156626506024,557,0
-0.0013234968091555086,0.00032223735272447155,-0.0019970634725955,-0.0009212403725956,0.0010758230999999,0.0013234968091555086,0.0019970634725955,-0.43770210704616774,-1.019143190977211,0.24899598393574296,558,0
-0.0013648062672355129,0.0003129092840160038,-0.0019966520725955,-0.0009270967725955,0.0010695553000000001,0.0013648062672355129,0.0019966520725955,-0.283600280938746,-1.0370908682653,0.26506024096385544,559,0
-0.0013155083213955126,0.0002740075862046401,-0.0019875044725955,-0.0009490703725955,0.0010384340999999998,0.0013155083213955126,0.0019875044725955,-0.5219531124043638,-0.7282493808666985,0.2289156626506024,560,0
-0.0013261632667955156,0.00028762661391875077,-0.0019700320725955,-0.0009273750725955,0.001042657,0.0013261632667955156,0.0019700320725955,-0.3684767184701682,-0.8710208189901296,0.24096385542168675,561,0
-0.001361967336195516,0.00029846806022022234,-0.0019841648725955,-0.0009513814725955,0.0010327834,0.001361967336195516,0.0019841648725955,-0.36701943265662546,-0.9107734313034332,0.24497991967871485,562,0
-0.0013360321719955133,0.0003054976119028678,-0.0019990478725955,-0.0009604080725955,0.0010386398000000001,0.0013360321719955133,0.0019990478725955,-0.4914545955269211,-0.9453370923402322,0.23293172690763053,563,0
-0.0013313552961288443,0.00024979383939794096,-0.0018948789725955,-0.0009623924725955,0.0009324865,0.0013313552961288443,0.0018948789725955,-0.22516135743435853,-1.0512021843900492,0.24497991967871485,564,0
-0.001418798152362181,0.0002891053654093929,-0.0019972086725955,-0.0009066114725955,0.0010905972,0.001418798152362181,0.0019972086725955,-0.10096439367322656,-1.0404111380046008,0.18072289156626506,565,0
-0.0013819296620955165,0.0003108061780990094,-0.0019812729725955,-0.0008648422725955,0.0011164306999999999,0.0013819296620955165,0.0019812729725955,-0.000574931190926651,-1.043578214582113,0.24096385542168675,566,0
-0.0013088580161955171,0.0003323658334129718,-0.0019943530725955,-0.0008701783725955,0.0011241746999999997,0.0013088580161955171,0.0019943530725955,-0.36765935316213977,-1.1167160178756763,0.2570281124497992,567,0
-0.0013165973455955137,0.0003276793026089515,-0.0019646959725955,-0.0008789024725956,0.0010857934999999,0.0013165973455955137,0.0019646959725955,-0.36658493612150117,-1.0252199635074657,0.26104417670682734,568,0
-0.0013136681533955127,0.0003222981996620731,-0.0019568188725955,-0.0008700694725955,0.0010867494000000003,0.0013136681533955127,0.0019568188725955,-0.3136526181439272,-1.0706155644133935,0.26104417670682734,569,0
-0.0013421321207955138,0.00034721554582926135,-0.0019838381725955,-0.0008558640725956,0.0011279740999998998,0.0013421321207955138,0.0019838381725955,-0.15377591542902747,-1.2837499397895962,0.27309236947791166,570,0
-0.0013510749887955156,0.0003531985767972956,-0.0019950790725955,-0.0008764703725955,0.0011186087,0.0013510749887955156,0.0019950790725955,-0.2015507045869878,-1.350492084530973,0.25301204819277107,571,0
-0.001307792872555512,0.0003299567277727691,-0.0019813818725955,-0.0008722837725955,0.0011090981000000002,0.001307792872555512,0.0019813818725955,-0.33960159687473723,-1.1382925020449581,0.2570281124497992,572,0
-0.0013275688802355185,0.00034096616304905375,-0.0019985396725955,-0.0008681334725955,0.0011304061999999997,0.0013275688802355185,0.0019985396725955,-0.29993284538617426,-1.1162859780435241,0.26506024096385544,573,0
-0.0013486593447955158,0.0003182238721941589,-0.0019882425725955,-0.0007296731725956,0.0012585693999999,0.0013486593447955158,0.0019882425725955,-0.0015951426937307668,-1.0277900298038865,0.24497991967871485,574,0
-0.0013530095125955125,0.00032524279123595073,-0.0019722463725955,-0.0007749150725955,0.0011973313,0.0013530095125955125,0.0019722463725955,0.07907937289509573,-1.251943237992448,0.1927710843373494,575,1
-0.0013127766737955136,0.0003397896113849475,-0.0019913159725955,-0.0008607887725955,0.0011305271999999997,0.0013127766737955136,0.0019913159725955,-0.36341675284252184,-1.1241579088442593,0.24899598393574296,576,0
-0.0013132234057955158,0.00030105781152239765,-0.0019984065725955,-0.0008997386725955,0.0010986679,0.0013132234057955158,0.0019984065725955,-0.3563083839266823,-0.8686234651382976,0.27309236947791166,577,0
-0.0013365187371955122,0.00031080464487359623,-0.0019808736725955,-0.0009104592725955,0.0010704144,0.0013365187371955122,0.0019808736725955,-0.2630502184665111,-1.0245218936421225,0.26506024096385544,578,0
-0.0013082486117955124,0.000302039923826911,-0.0019983218725955,-0.0009187598725955,0.001079562,0.0013082486117955124,0.0019983218725955,-0.4287181688986606,-0.8551176140602301,0.26104417670682734,579,0
-0.0013336628225955117,0.0003043815410485674,-0.0019921750725955,-0.0009227649725955,0.0010694101,0.0013336628225955117,0.0019921750725955,-0.4130452833912885,-0.9033538361675229,0.25301204819277107,580,0
-0.0013010890175955154,0.0003079566334472019,-0.0019887507725955,-0.0009265280725955,0.0010622226999999998,0.0013010890175955154,0.0019887507725955,-0.5983077299535025,-0.7580183281427666,0.23694779116465864,581,0
-0.0013507570733955131,0.0003183483133966317,-0.0019938690725955,-0.0009349980725955,0.001058871,0.0013507570733955131,0.0019938690725955,-0.356963171973354,-1.003478151144694,0.27710843373493976,582,0
-0.0014007283309955118,0.0003165922470922759,-0.0019893678725955,-0.0007828526725955,0.0012065151999999999,0.0014007283309955118,0.0019893678725955,0.12007994608427958,-1.0159619728223706,0.22088353413654618,583,1
-0.0013436213161955128,0.00034242958710183947,-0.0019983581725956,-0.0008660401725955,0.0011323180000001002,0.0013436213161955128,0.0019983581725956,-0.298676705402283,-1.1768639226899331,0.26907630522088355,584,0
-0.00134257313675551,0.0003126700826102402,-0.0019980193725955,-0.0009044213725955,0.0010935980000000003,0.00134257313675551,0.0019980193725955,-0.3235539174991174,-1.0318206377849894,0.24899598393574296,585,0
-0.0013325125675555105,0.00030669745208087695,-0.0019989631725955,-0.0009062968725955,0.0010926662999999998,0.0013325125675555105,0.0019989631725955,-0.39734079489532087,-0.9164979223695235,0.24899598393574296,586,0
-0.0013136490934755128,0.0003194698365555912,-0.0019959502725956,-0.0009087531725955,0.0010871971000001,0.0013136490934755128,0.0019959502725956,-0.45069369950710125,-0.9436592734096205,0.25301204819277107,587,0
-0.0013117767781955095,0.00032076981086823,-0.0019792643725955,-0.0009120927725955,0.0010671716000000002,0.0013117767781955095,0.0019792643725955,-0.403282983042104,-1.036125108573707,0.27309236947791166,588,0
-0.0013243827437288483,0.00032661909959287534,-0.0019987332725955,-0.0009105197725955,0.0010882135,0.0013243827437288483,0.0019987332725955,-0.4389533797437709,-1.0012774751005815,0.26907630522088355,589,0
-0.0012655620946621744,0.0002963928927035016,-0.0019862097725955,-0.0009152629725955,0.0010709467999999998,0.0012655620946621744,0.0019862097725955,-0.5385191482281675,-0.7675961418928225,0.24497991967871485,590,0
-0.0012977457996955159,0.00030394013548132423,-0.0019969424725956,-0.0009053772725955,0.0010915652000001,0.0012977457996955159,0.0019969424725956,-0.5146923221011622,-0.8040196085601434,0.24899598393574296,591,0
-0.00133526214009551,0.0003264184912680934,-0.0019890653725955,-0.0007614840725955,0.0012275812999999998,0.00133526214009551,0.0019890653725955,-0.13820165341159993,-1.0809442169464074,0.21285140562248997,592,0
-0.0013763794283955125,0.0003085111851176971,-0.0019577989725955,-0.0008719570725955,0.0010858419,0.0013763794283955125,0.0019577989725955,-0.021569310889381754,-1.20879429839491,0.21285140562248997,593,1
-0.0012881224276955156,0.0002993199385424506,-0.0019940868725955,-0.0009142223725955,0.0010798645,0.0012881224276955156,0.0019940868725955,-0.5291004107357448,-0.7717676647293019,0.26104417670682734,594,0
-0.0013138044840955163,0.0003177214243347453,-0.0019939900725955,-0.0009331588725955,0.0010608312,0.0013138044840955163,0.0019939900725955,-0.532412054300508,-0.9181533236602486,0.21686746987951808,595,0
-0.0013362616363955073,0.0003002066037658618,-0.0019900575725955,-0.0009326990725955,0.0010573585000000002,0.0013362616363955073,0.0019900575725955,-0.4464830897956511,-0.8256042732384006,0.24497991967871485,596,0
-0.0013337035511955166,0.00030150613277027226,-0.0019902027725955,-0.0009428267725955,0.001047376,0.0013337035511955166,0.0019902027725955,-0.48414928350444936,-0.8558705138128011,0.24497991967871485,597,0
-0.0013772305181955081,0.000315105583852967,-0.0019998343725955,-0.0009555680725955,0.0010442663,0.0013772305181955081,0.0019998343725955,-0.25059943541411617,-1.0628424151222808,0.2570281124497992,598,0
-0.0013321755147955112,0.00030027354792423706,-0.0019864517725955,-0.0009560520725955,0.0010303996999999998,0.0013321755147955112,0.0019864517725955,-0.45229787229966667,-0.8667332974599926,0.26104417670682734,599,0
-0.001361189015795516,0.0003032941170314725,-0.0019967851725955,-0.0009509216725955,0.0010458635,0.001361189015795516,0.0019967851725955,-0.3281681579424861,-0.954578268350891,0.25301204819277107,600,0
-0.0013824185141955146,0.0003140723723443441,-0.0019999795725955,-0.0008018496725955,0.0011981299,0.0013824185141955146,0.0019999795725955,-0.027205823948192293,-1.0643740130515926,0.26104417670682734,601,0
-0.001403764462995515,0.00031583675961261294,-0.0019865122725956,-0.0009114393725955,0.0010750729000000999,0.001403764462995515,0.0019865122725956,0.008834416630272112,-1.1625908278282469,0.21285140562248997,602,1
-0.0013131312884955139,0.00031054420214517197,-0.0019758158725955,-0.0009273992725956,0.0010484165999999,0.0013131312884955139,0.0019758158725955,-0.538067299103077,-0.8839557391938486,0.26104417670682734,603,0
-0.0013493143782955137,0.000304486613038875,-0.0019856894725955,-0.0009386764725956,0.0010470129999999,0.0013493143782955137,0.0019856894725955,-0.35456664061760035,-0.9502347543844936,0.23694779116465864,604,0
-0.0013167548149955136,0.00030723944685873226,-0.0019957566725955,-0.0009584357725955,0.0010373209,0.0013167548149955136,0.0019957566725955,-0.6416617828249442,-0.7344141277509166,0.2289156626506024,605,0
-0.001318767141795509,0.000305233477929461,-0.0019796757725955,-0.0009484774725956,0.0010311982999999,0.001318767141795509,0.0019796757725955,-0.48319382362282937,-0.9113701989232998,0.23694779116465864,606,0
-0.0013453369558355124,0.0003059398424018478,-0.0019821804725955,-0.0009271935725955,0.0010549869000000003,0.0013453369558355124,0.0019821804725955,-0.4055163804383473,-0.8731456195008431,0.25301204819277107,607,0
-0.0013017824395555157,0.0002755559583094726,-0.0019929252725955,-0.0009393056725955,0.0010536196,0.0013017824395555157,0.0019929252725955,-0.48130915500488264,-0.7404828801238721,0.23293172690763053,608,0
-0.0013731260771955144,0.00030745727348181274,-0.0019984670725956,-0.0009700275725955,0.0010284395000000998,0.0013731260771955144,0.0019984670725956,-0.37758667896155423,-0.9859391238652133,0.26104417670682734,609,0
-0.0013470161768955116,0.0002806469362915984,-0.0019866574725955,-0.0009522042725955,0.0010344532,0.0013470161768955116,0.0019866574725955,-0.34673381082611776,-0.7714778019610251,0.25301204819277107,610,0
-0.0013574346156955154,0.0003157438957245736,-0.0019891016725955,-0.0007563173725955,0.0012327843000000003,0.0013574346156955154,0.0019891016725955,0.015358876498056603,-1.0143442408593613,0.20080321285140562,611,1
-0.0013634202396621805,0.00032050706523336053,-0.0019840680725956,-0.0008927811725955,0.0010912869000001,0.0013634202396621805,0.0019840680725956,-0.23383368190853868,-1.0918349091214983,0.25301204819277107,612,0
-0.0013285799191288471,0.0003026789132647575,-0.0019956598725955,-0.0009321182725955,0.0010635416,0.0013285799191288471,0.0019956598725955,-0.4587570794698014,-0.8504079318445168,0.25301204819277107,613,0
-0.001326442679995515,0.0002920456789952975,-0.0019915700725955,-0.0009621625725955,0.0010294075000000001,0.001326442679995515,0.0019915700725955,-0.468210009560225,-0.8360153382134952,0.25301204819277107,614,0
-0.001332603322395513,0.00028900115581409914,-0.0019887628725955,-0.0003842181725955,0.0016045447,0.001332603322395513,0.0019887628725955,-0.09204079309950886,-0.3762749781812236,0.25301204819277107,615,0
-0.0013493314271955175,0.00032209835720010667,-0.0019915821725956,0.0004562962274044,0.0024478784000000003,0.0013529817970147527,0.0019915821725956,0.31229945821482114,2.774913086420558,0.26506024096385544,616,0
-0.0013622994811955118,0.00029445599813261427,-0.0019868389725955,-0.0009582300725956,0.0010286088999999,0.0013622994811955118,0.0019868389725955,-0.29219849393084035,-0.9436106567776057,0.25301204819277107,617,0
-0.0013411625961955158,0.00029907166396947314,-0.0019831484725955,-0.0009501593725956,0.0010329890999999,0.0013411625961955158,0.0019831484725955,-0.3613487378803448,-0.9543949089067607,0.24899598393574296,618,0
-0.0013365893769955175,0.00031097244658950216,-0.0019969424725956,-0.0009487073725956,0.0010482351,0.0013365893769955175,0.0019969424725956,-0.49774051581335627,-0.8720978950031011,0.24899598393574296,619,0
-0.0014415148415955156,0.0002876296685800775,-0.0019882546725955,-0.0008424330725955,0.0011458216000000002,0.0014415148415955156,0.0019882546725955,0.26464183549321996,-0.8469423244230856,0.1606425702811245,620,1
-0.0013127525221955135,0.00029201543162093714,-0.0019968940725955,-0.0009267942725955,0.0010700998,0.0013127525221955135,0.0019968940725955,-0.5594114324282495,-0.7614553340901731,0.23293172690763053,621,0
-0.0013747864101555157,0.0002877453911971328,-0.0019978620725955,-0.0009608799725955,0.0010369821,0.0013747864101555157,0.0019978620725955,-0.2598752873862717,-0.8016298962214741,0.26907630522088355,622,0
-0.0013299385684355169,0.0002925624877565171,-0.0019870688725955,-0.0009642679725955,0.0010228009,0.0013299385684355169,0.0019870688725955,-0.4986497752643465,-0.8451933213188334,0.24497991967871485,623,0
-0.001369014037395512,0.00030717451928393807,-0.0019992051725955,-0.0009572499725955,0.0010419551999999999,0.001369014037395512,0.0019992051725955,-0.3406421914444206,-0.9701551310579806,0.25301204819277107,624,0
-0.0013469627311955082,0.0003058484682944929,-0.0019827007725955,-0.0009540434725955,0.0010286573000000002,0.0013469627311955082,0.0019827007725955,-0.46169293306080494,-0.9020552273798002,0.24497991967871485,625,0
-0.0013503676469955152,0.00027939037849055484,-0.0019939779725955,-0.0009580122725955,0.0010359656999999998,0.0013503676469955152,0.0019939779725955,-0.348226787351348,-0.8112920410568565,0.24497991967871485,626,0
-0.0013674334748955156,0.0002919631120097548,-0.0019864033725956,-0.0009811232725955,0.0010052801000001,0.0013674334748955156,0.0019864033725956,-0.33294395569993773,-0.9311105516611318,0.25301204819277107,627,0
-0.0013477466054955109,0.00029170094676031185,-0.0019847577725955,-0.0009789815725955,0.0010057762,0.0013477466054955109,0.0019847577725955,-0.48778637267906155,-0.813673265240717,0.26506024096385544,628,0
-0.0013139767275955165,0.00027525785316548335,-0.0019996044725955,-0.0009768640725956,0.0010227403999999,0.0013139767275955165,0.0019996044725955,-0.6064528300603532,-0.5630829442940137,0.24096385542168675,629,0
-0.0013362561913955178,0.00029742487383544884,-0.0019998706725955,-0.0009598998725956,0.0010399707999999,0.0013362561913955178,0.0019998706725955,-0.44089939286029006,-0.9198032182794709,0.23694779116465864,630,0
-0.0013639667643955175,0.0003013601150232244,-0.0019745937725955,-0.0009482354725955,0.0010263582999999999,0.0013639667643955175,0.0019745937725955,-0.3641512496847442,-0.8999625835082941,0.26907630522088355,631,0
-0.0014398812453352023,0.00020810615773316106,-0.0019794443243352,-0.0010840564243352,0.0008953879000000002,0.0014398812453352023,0.0019794443243352,-0.5372419590650654,-0.6511852633303263,0.25301204819277107,637,0
-0.0014586798053352087,0.00020651670426387198,-0.0019931778243352,-0.0011756776243352,0.0008175001999999999,0.0014586798053352087,0.0019931778243352,-0.6034341716524162,-0.5421998661710328,0.22088353413654618,638,0
-0.0014552219399352024,0.0002358690305637557,-0.0019998570243352,-0.0011315731243352,0.0008682839,0.0014552219399352024,0.0019998570243352,-0.6656691585317941,-0.5125291566608734,0.23694779116465864,639,0
-0.0015623325193352016,0.0002836734946255391,-0.0019784158243352,-0.0009746724243352,0.0010037433999999998,0.0015623325193352016,0.0019784158243352,0.4314478509320273,-1.0824475517244319,0.17670682730923695,640,1
-0.0013743529935352043,0.0002598853647386137,-0.0019910119243352,-0.0009935605243352,0.0009974514,0.0013743529935352043,0.0019910119243352,-0.598931533202568,-0.6646109120598962,0.27309236947791166,641,0
-0.0014016056299352032,0.00020357111875832326,-0.0019986954243352,-0.0011235992243352,0.0008750962000000002,0.0014016056299352032,0.0019986954243352,-0.6872762452270832,-0.2598058304145927,0.25301204819277107,642,0
-0.001459822747135204,0.0002524715320581993,-0.0019886282243352,-0.0011250512243352,0.0008635769999999999,0.001459822747135204,0.0019886282243352,-0.6471915499026425,-0.6129909755361944,0.26506024096385544,643,0
-0.0014415606285352056,0.0002430248825838185,-0.0019771937243352,-0.0011436973243352,0.0008334963999999999,0.0014415606285352056,0.0019771937243352,-0.8172366470472966,-0.4286093814097849,0.2289156626506024,644,0
-0.0014322278017352052,0.00019921859322451736,-0.0019177343243352,-0.0011671713243352,0.0007505629999999999,0.0014322278017352052,0.0019177343243352,-0.6817144614117036,-0.535119387198423,0.24899598393574296,645,0
-0.0014605541195352014,0.00019490462335380637,-0.0019442575243352,-0.0011918432243352,0.0007524143,0.0014605541195352014,0.0019442575243352,-0.4558085832386095,-0.8495215760196859,0.24096385542168675,646,0
-0.0014561700136552066,0.00019220587083354553,-0.0019817917243352,-0.0011817276243352,0.0008000641000000001,0.0014561700136552066,0.0019817917243352,-0.6175971533937253,-0.4567912548357129,0.25301204819277107,647,0
-0.0014666677752152063,0.00022540786074859982,-0.0019966142243352,-0.0011815461243352,0.0008150681,0.0014666677752152063,0.0019966142243352,-0.8834997893762925,-0.15653062413724683,0.2248995983935743,648,0
-0.0015455210213352068,0.0002597171779705737,-0.0019800009243352,-0.0010091332243352,0.0009708676999999998,0.0015455210213352068,0.0019800009243352,0.19471963555452468,-1.144905355007183,0.1606425702811245,649,1
-0.0013889467309352046,0.0002340971700450376,-0.0019816828243352,-0.0010707101243352,0.0009109727000000001,0.0013889467309352046,0.0019816828243352,-0.719982868488019,-0.529497124822941,0.23694779116465864,650,0
-0.0014391648769352026,0.00021981890411926187,-0.0019910119243352,-0.0011494811243352,0.0008415307999999999,0.0014391648769352026,0.0019910119243352,-0.6706943933990073,-0.5357681706012642,0.24096385542168675,651,0
-0.001413488773735205,0.00019506687479754203,-0.0019970982243352,-0.0011554343243352,0.0008416638999999997,0.001413488773735205,0.0019970982243352,-0.724662113846314,-0.3563679133305184,0.24096385542168675,652,0
-0.0014136758518352036,0.00020545173221507082,-0.0019960818243352,-0.0011532684243352,0.0008428134000000001,0.0014136758518352036,0.0019960818243352,-0.7259796302125782,-0.281677516449367,0.25301204819277107,653,0
-0.001456701394835204,0.00024039427191764376,-0.0019968804243352,-0.0011548414243352,0.0008420390000000002,0.001456701394835204,0.0019968804243352,-0.7206453456208441,-0.5072487164839772,0.26907630522088355,654,0
-0.0014664633481352057,0.0002322810138737809,-0.0019829654243352,-0.0011631904243352,0.000819775,0.0014664633481352057,0.0019829654243352,-0.6969840580810482,-0.43766709455623376,0.2289156626506024,655,0
-0.001449424728295205,0.00023022865271519596,-0.0019891485243352,-0.0011890360243352,0.0008001124999999999,0.001449424728295205,0.0019891485243352,-0.8564162737466593,-0.32934198243312496,0.23293172690763053,656,0
-0.001484259839375206,0.00022278453918780707,-0.0019991431243352,-0.0011852729243352,0.0008138701999999998,0.001484259839375206,0.0019991431243352,-0.5707843358040151,-0.6203617409543325,0.2570281124497992,657,0
-0.00158320735463521,0.0002622564013085996,-0.0019974007243352,-0.0010792285243352,0.0009181722000000002,0.00158320735463521,0.0019974007243352,0.04941907781109817,-1.257407040621766,0.13253012048192772,658,1
-0.0014189908494352066,0.00022902397908957167,-0.0019828323243352,-0.0010895377243352,0.0008932946000000002,0.0014189908494352066,0.0019828323243352,-0.6535929702871279,-0.6295060411571409,0.25301204819277107,659,0
-0.0014452982620685375,0.00018496593828411313,-0.0019545425243352,-0.0011913471243352,0.0007631953999999999,0.0014452982620685375,0.0019545425243352,-0.8019691449737595,-0.2834379154839435,0.23694779116465864,660,0
-0.0014680211828018738,0.00018825779383865112,-0.0019931657243352,-0.0008226359243352,0.0011705298000000003,0.0014680211828018738,0.0019931657243352,-0.6418882728432511,0.13027656275006994,0.2248995983935743,661,0
-0.0014744547205352047,0.0001956235827893733,-0.0019991552243352,-0.0012230370243352,0.0007761182,0.0014744547205352047,0.0019991552243352,-0.7403767002311626,-0.2979306018979768,0.24497991967871485,662,0
-0.0015201563721352048,0.00023080285955802226,-0.0019973281243352,-0.0012230733243352,0.0007742548000000001,0.0015201563721352048,0.0019973281243352,-0.5918316436005022,-0.6758940345325763,0.27309236947791166,663,0
-0.001474632905135204,0.00021781252332794267,-0.0019955857243352,-0.0012068835243352,0.0007887022000000001,0.001474632905135204,0.0019955857243352,-0.8183219908661088,-0.35240417630214127,0.23694779116465864,664,0
-0.0014720431905352036,0.00019294860227514428,-0.0019957430243352,-0.0012058066243352,0.0007899363999999999,0.0014720431905352036,0.0019957430243352,-0.5506887802821927,-0.49812600318054123,0.25301204819277107,665,0
-0.0014641250150685377,0.00020736894625023625,-0.0019993367243352,-0.0012010634243352,0.0007982732999999998,0.0014641250150685377,0.0019993367243352,-0.5786360230549896,-0.6923327681374922,0.23694779116465864,666,0
-0.0014377961088018734,0.00020173979956264056,-0.0019819974243352,-0.0011791987243352,0.0008027987,0.0014377961088018734,0.0019819974243352,-0.7786818003510573,-0.3772339863755261,0.23293172690763053,667,0
-0.0015993290356685408,0.0002533564984487562,-0.0019935892243352,-0.0010630508243352,0.0009305384000000002,0.0015993290356685408,0.0019935892243352,0.20880901949018807,-1.0702813382373726,0.0963855421686747,668,1
-0.00142552578920187,0.00020304707862416855,-0.0019972676243352,-0.0011624644243352,0.0008348031999999999,0.00142552578920187,0.0019972676243352,-0.8031467419604603,-0.2320219869189848,0.21285140562248997,669,0
-0.0014727424495352053,0.00020629097205462395,-0.0019998933243352,-0.0011927749243352,0.0008071184000000003,0.0014727424495352053,0.0019998933243352,-0.4838388210316247,-0.7005664838665786,0.26104417670682734,670,0
-0.0014438328197752023,0.00019739906838251377,-0.0019969651243352,-0.0011837362243352,0.0008132288999999999,0.0014438328197752023,0.0019969651243352,-0.6619620978377431,-0.5479427131973047,0.24096385542168675,671,0
-0.0014632979590952023,0.00019868798074278344,-0.0019995666243352,-0.0012048507243352,0.0007947158999999997,0.0014632979590952023,0.0019995666243352,-0.5900002282215051,-0.6330088138152883,0.2289156626506024,672,0
-0.001474832095335203,0.0002207723156563881,-0.0019985744243352,-0.0011988975243352,0.0007996769000000001,0.001474832095335203,0.0019985744243352,-0.5828553861528402,-0.7133203549802611,0.26907630522088355,673,0
-0.0014469975360552026,0.00020880381347157482,-0.0019765887243352,-0.0011698938243352,0.0008066949,0.0014469975360552026,0.0019765887243352,-0.6692233322046534,-0.41938803474101594,0.2570281124497992,674,0
-0.0014797234332152018,0.00024699346886077744,-0.0019793596243352,-0.0011698938243352,0.0008094657999999999,0.0014797234332152018,0.0019793596243352,-0.5947122717312894,-0.7565268133267851,0.26104417670682734,675,0
-0.001464092740335204,0.00023884430019938444,-0.0019957067243352,-0.0011505096243352,0.0008451971000000003,0.001464092740335204,0.0019957067243352,-0.5740176364491316,-0.7871399949553228,0.2289156626506024,676,0
-0.0015260356895352037,0.00023746537673335232,-0.0019963722243352,-0.0010402302243352,0.0009561419999999999,0.0015260356895352037,0.0019963722243352,0.1342259094199795,-0.9413255768828122,0.18875502008032127,677,1
-0.0014438424465352052,0.00023128580600235296,-0.0019970377243352,-0.0011339568243352,0.0008630809000000001,0.0014438424465352052,0.0019970377243352,-0.6234255552124877,-0.6632438940453089,0.25301204819277107,678,0
-0.0014529167689352048,0.0002141227945934927,-0.0019884830243352,-0.0011627064243352,0.0008257766000000003,0.0014529167689352048,0.0019884830243352,-0.5070327259190539,-0.6719715106694997,0.24497991967871485,679,0
-0.0014728143186952037,0.00023346237036446998,-0.0019938796243352,-0.0011772264243352,0.0008166531999999999,0.0014728143186952037,0.0019938796243352,-0.6490949072330295,-0.6772467881114124,0.25301204819277107,680,0
-0.0014599619987752032,0.00022954545296769116,-0.0019794685243352,-0.0011810742243352,0.0007983943000000001,0.0014599619987752032,0.0019794685243352,-0.684693729960835,-0.6121370295972044,0.2570281124497992,681,0
-0.0014892161800685393,0.00022792621160577868,-0.0019851071243352,-0.0011746733243352,0.0008104338,0.0014892161800685393,0.0019851071243352,-0.6010096970207591,-0.5599966160348511,0.25301204819277107,682,0
-0.0014767179368018702,0.00019008811239305402,-0.0019529090243352,-0.0011985950243352,0.0007543139999999999,0.0014767179368018702,0.0019529090243352,-0.33600071129195225,-0.6675056152596035,0.26104417670682734,683,0
-0.001473686612535201,0.00019619547727989817,-0.0019565995243352,-0.0011998413243352,0.0007567582,0.001473686612535201,0.0019565995243352,-0.43401186793835234,-0.8098489875151387,0.26104417670682734,684,0
-0.0014870990027352029,0.00020300184355682115,-0.0019865591243352,-0.0011211550243352,0.0008654040999999998,0.0014870990027352029,0.0019865591243352,-0.38570693824171276,-0.6337075870180477,0.21686746987951808,685,1
-0.0015370236995352056,0.0002421640638664501,-0.0019899229243352,-0.0010358016243352,0.0009541212999999999,0.0015370236995352056,0.0019899229243352,0.23976953304379867,-0.9516102932091526,0.1606425702811245,686,1
-0.0014922745841352046,0.00023735096285104528,-0.0019966263243352,-0.0011891328243352,0.0008074934999999998,0.0014922745841352046,0.0019966263243352,-0.6479114465390098,-0.7811364894625732,0.24096385542168675,687,0
-0.0014865674013352038,0.00022441591162190605,-0.0019998328243352,-0.0011907058243352,0.000809127,0.0014865674013352038,0.0019998328243352,-0.6407811156918554,-0.6106252091341884,0.24497991967871485,688,0
-0.0014969684887352046,0.00022404811024643006,-0.0019986107243352,-0.0012137321243352,0.0007848785999999999,0.0014969684887352046,0.0019986107243352,-0.7475960950194732,-0.40841109474469084,0.24096385542168675,689,0
-0.001482706993135205,0.00022005746061742944,-0.0019927422243352,-0.0012122075243352,0.0007805347000000003,0.001482706993135205,0.0019927422243352,-0.7952048257823116,-0.29472513143535695,0.26104417670682734,690,0
-0.0014991541843352035,0.000239591244616213,-0.0019906005243352,-0.0011877050243352,0.0008028955000000003,0.0014991541843352035,0.0019906005243352,-0.6853991622418741,-0.5993426721084321,0.24497991967871485,691,0
-0.0014227849859352036,0.00020857390749162417,-0.0019944725243352,-0.0011957757243352,0.0007986968,0.0014227849859352036,0.0019944725243352,-0.9146039263118522,-0.019810715651110478,0.2289156626506024,692,0
-0.0014096488750352043,0.00019024982428181978,-0.0019175528243352,-0.0011735117243352,0.0007440411,0.0014096488750352043,0.0019175528243352,-0.6928507281181925,-0.5480427943190729,0.23293172690763053,693,0
-0.0014241479904352058,0.00020411111751071875,-0.0019973523243352,-0.0011751089243352,0.0008222434000000002,0.0014241479904352058,0.0019973523243352,-0.8004542424658625,-0.34139719257025236,0.21686746987951808,694,0
-0.0014052647010494982,0.00020961327203590982,-0.0019856032243352,-0.0011675101243352,0.0008180931,0.0014052647010494982,0.0019856032243352,-0.9167700630255814,-0.1065122196626711,0.2289156626506024,695,0
-0.0014760498566209184,0.00024163706643745821,-0.0019962391243352,-0.0010547018243352,0.0009415373,0.0014760498566209184,0.0019962391243352,-0.3729722282610132,-1.025791669400209,0.18072289156626506,696,1
-0.0014775876525352032,0.00026598271348783587,-0.0019975943243352,-0.0009931370243352,0.0010044573,0.0014775876525352032,0.0019975943243352,-0.0746578239142236,-1.1273500031254027,0.22088353413654618,697,1
-0.0014102610261352044,0.00023215698132361118,-0.0019928269243352,-0.0010983586243352,0.0008944682999999999,0.0014102610261352044,0.0019928269243352,-0.6562204506279358,-0.6089842902671423,0.25301204819277107,698,0
-0.0014237672155352037,0.0002402717478087397,-0.0019485046243352,-0.0011016377243352,0.0008468669,0.0014237672155352037,0.0019485046243352,-0.5558500252028747,-0.8116112201757573,0.2570281124497992,699,0
-0.0014403423037352046,0.00022972177020459214,-0.0019497388243352,-0.0011288385243352,0.0008209002999999999,0.0014403423037352046,0.0019497388243352,-0.5932336142194663,-0.6950051068032219,0.26104417670682734,700,0
-0.001419483597735204,0.0002317961169376595,-0.0019667998243352,-0.0011340052243352,0.0008327946,0.001419483597735204,0.0019667998243352,-0.811988968321278,-0.4494506896484758,0.24497991967871485,701,0
-0.0014044519855352035,0.00021709475425628374,-0.0019639563243352,-0.0011423905243352,0.0008215658000000001,0.0014044519855352035,0.0019639563243352,-0.8533738541860387,-0.2373583461529707,0.2289156626506024,702,0
-0.001439902154135205,0.00022259923388553025,-0.0019580636243352,-0.0011423058243352,0.0008157578000000001,0.001439902154135205,0.0019580636243352,-0.6521302955312654,-0.5499824005646343,0.26907630522088355,703,0
-0.0014224659089352044,0.0002174383790122426,-0.0019685301243352,-0.0011455607243352,0.0008229694000000001,0.0014224659089352044,0.0019685301243352,-0.7338184118280906,-0.4349844448302065,0.21686746987951808,704,0
-0.0014344678263352075,0.0002436688792514027,-0.0019960213243352,-0.0009879945243352,0.0010080268,0.0014344678263352075,0.0019960213243352,-0.2159134378751955,-0.8299666402864645,0.1927710843373494,705,0
-0.0014764705563352046,0.0002770268119143209,-0.0019988164243352,-0.0010652046243352,0.0009336117999999998,0.0014764705563352046,0.0019988164243352,-0.16543245562758294,-1.3347631493279928,0.20481927710843373,706,1
-0.0014065835215352027,0.00023481615347859937,-0.0019315767243352,-0.0010875170243352,0.0008440597000000001,0.0014065835215352027,0.0019315767243352,-0.49002461408372555,-0.851131301848814,0.2570281124497992,707,0
-0.0013861475411352058,0.00022847697405969892,-0.0019996755243352,-0.0010986127243352,0.0009010628000000001,0.0013861475411352058,0.0019996755243352,-0.7757438611215163,-0.44382085941100247,0.24497991967871485,708,0
-0.0014363122535352027,0.0002554173176623956,-0.0019698006243352,-0.0010854842243352,0.0008843164000000001,0.0014363122535352027,0.0019698006243352,-0.5332549417045132,-0.9024889266761664,0.24497991967871485,709,0
-0.0014080621173352041,0.0002757123807634356,-0.0019656140243352,-0.0010828464243352,0.0008827676000000002,0.0014080621173352041,0.0019656140243352,-0.6481641247259021,-1.0005338349676878,0.23293172690763053,710,0
-0.0014300025149352024,0.0002597678889499833,-0.0019851313243352,-0.0010933855243352,0.0008917458,0.0014300025149352024,0.0019851313243352,-0.5187853546816245,-0.9633554543137728,0.26506024096385544,711,0
-0.0014099898409352036,0.0002488784019076525,-0.0019977516243352,-0.0011186019243352,0.0008791497000000001,0.0014099898409352036,0.0019977516243352,-0.7378480945717468,-0.6191120744346614,0.24096385542168675,712,0
-0.0014184457565352055,0.0002493163590164038,-0.0019964448243352,-0.0011098415243352,0.0008866033,0.0014184457565352055,0.0019964448243352,-0.6420135683938668,-0.7675857436371238,0.24899598393574296,713,0
-0.001382117200535206,0.00021250638623680572,-0.0019039161243352,-0.0011011295243352,0.0008027866,0.001382117200535206,0.0019039161243352,-0.5960350884195701,-0.5650508052016807,0.24497991967871485,714,0
-0.0010772678886481928,0.00040070368615258844,-0.0019947529780482,-0.0002964453780482,0.0016983076,0.0010772678886481928,0.0019947529780482,-0.44802032808927594,-0.8194850024696629,0.26104417670682734,720,0
-0.001201300487448194,0.0003827365686565439,-0.0019646602780482,-0.0004460618780482,0.0015185984,0.001201300487448194,0.0019646602780482,-0.05605706662751524,-1.0592440144159467,0.2289156626506024,721,0
-0.0011626433227481965,0.0003783093365673804,-0.0019722590780482,-0.0005873414780482,0.0013849176,0.0011626433227481965,0.0019722590780482,-0.2651988524336199,-1.076283364059629,0.21686746987951808,722,1
-0.0010130334777481971,0.00048016078849150704,-0.0019764335780482,-0.0002356307780482,0.0017408028000000001,0.0010130334777481971,0.0019764335780482,-0.18391091100029355,-1.0361860727107377,0.25301204819277107,723,1
-0.0010447434274481924,0.0004697382764567893,-0.0019493053780482,-0.0003499636780482,0.0015993417,0.0010447434274481924,0.0019493053780482,-0.295569345682476,-1.2396630013785896,0.26506024096385544,724,0
-0.001000516427048195,0.0004205684952328247,-0.0019654951780482,-0.0004072934780482,0.0015582017000000002,0.001000516427048195,0.0019654951780482,-0.5309243560425958,-0.9857772382460506,0.26907630522088355,725,0
-0.0010410585902481963,0.0004260274550559572,-0.0019108515780482,-0.0004720526780482,0.0014387989000000001,0.0010410585902481963,0.0019108515780482,-0.3449707867459051,-1.3039139767305445,0.26907630522088355,726,0
-0.0010509839540481937,0.00043484232876443593,-0.0019963017780482,-0.0004691728780482,0.0015271288999999999,0.0010509839540481937,0.0019963017780482,-0.5098547995497156,-0.949836131496391,0.24497991967871485,727,0
-0.001003052841148192,0.00039056225567512273,-0.0019834152780482,-0.0004500185780482,0.0015333967,0.001003052841148192,0.0019834152780482,-0.7321634189750568,-0.49891235450531735,0.26104417670682734,728,0
-0.001028127840548196,0.00040615290830074046,-0.0018822592780482,-0.0004558749780482,0.0014263843,0.001028127840548196,0.0018822592780482,-0.41983667640518085,-1.1700028676141492,0.27710843373493976,729,0
-0.0010287359744481951,0.0004039496188389017,-0.0019178695780482,-0.0004807283780482,0.0014371412,0.0010287359744481951,0.0019178695780482,-0.44712370542505286,-1.082239327915409,0.26907630522088355,730,0
-0.001018746214448197,0.00040627061228434706,-0.0019397221780482,-0.0004701892780482,0.0014695328999999998,0.001018746214448197,0.0019397221780482,-0.5235073043964679,-0.9814584630484009,0.27309236947791166,731,0
-0.0011508706761481934,0.0003801567488746553,-0.0019968825780482,-0.0004753559780482,0.0015215266000000002,0.0011508706761481934,0.0019968825780482,-0.15087924326310764,-0.9176281524662229,0.20481927710843373,732,1
-0.0010312499551481944,0.0004262380475999259,-0.0019239316780482,-0.0003998882780482,0.0015240434,0.0010312499551481944,0.0019239316780482,-0.37612283113266637,-1.1032615966515376,0.26907630522088355,733,0
-0.0010711667782481926,0.0004550096492355239,-0.0019501160780482,-0.0004446582780482,0.0015054578,0.0010711667782481926,0.0019501160780482,-0.3547753470502895,-1.2214577982445227,0.26907630522088355,734,0
-0.001005555750348194,0.00042958183510577566,-0.0019319176780482,-0.0004283958780482,0.0015035218000000001,0.001005555750348194,0.0019319176780482,-0.6222976343033566,-0.8503001484140467,0.26104417670682734,735,0
-0.0010702764965481943,0.00043017071142151773,-0.0019829433780482,-0.0004471992780482,0.0015357441,0.0010702764965481943,0.0019829433780482,-0.34675969917116817,-1.0559110613941338,0.26104417670682734,736,0
-0.0010293380462481937,0.00039844197839532193,-0.0019895983780482,-0.0004301624780482,0.0015594359,0.0010293380462481937,0.0019895983780482,-0.40559134712658534,-0.9932513799870972,0.28112449799196787,737,0
-0.0009790256896481972,0.00039765242272681316,-0.0019966526780482,-0.0004340465780482,0.0015626060999999998,0.0009790256896481972,0.0019966526780482,-0.5889359074227448,-0.7715138863179609,0.2570281124497992,738,0
-0.001007547277248196,0.00041844596683405865,-0.0019993267780482,-0.0004515673780482,0.0015477594000000003,0.001007547277248196,0.0019993267780482,-0.49557140950273265,-1.0726341188202873,0.26104417670682734,739,0
-0.001007631299648195,0.0004173031550497969,-0.0019914859780482,-0.0004326429780482,0.001558843,0.001007631299648195,0.0019914859780482,-0.6282727551416643,-0.8605800453812362,0.26506024096385544,740,0
-0.0010820036108481962,0.0004403772574976045,-0.0019958298780482,-0.0003886352780482,0.0016071946,0.0010820036108481962,0.0019958298780482,-0.3337234558522407,-1.1465336238215744,0.26506024096385544,741,1
-0.0010761898996481955,0.00045644264708745924,-0.0019979231780482,-0.0002894515780482,0.0017084715999999998,0.0010761898996481955,0.0019979231780482,-0.33739594519249394,-0.9015671160746446,0.22088353413654618,742,1
-0.0009759942040481937,0.00037988151806531975,-0.0019917884780482,-0.0004138274780482,0.001577961,0.0009759942040481937,0.0019917884780482,-0.5724981225658388,-0.6212355465884678,0.27710843373493976,743,0
-0.0010678684634481917,0.00041905239341029295,-0.0019914980780482,-0.0004298115780482,0.0015616864999999998,0.0010678684634481917,0.0019914980780482,-0.34308722443832756,-1.1312079002470752,0.2570281124497992,744,0
-0.0010786936558481947,0.0004356390115456094,-0.0019835120780482,-0.0004467273780482,0.0015367847,0.0010786936558481947,0.0019835120780482,-0.38007280806849153,-1.1490628804271315,0.27710843373493976,745,0
-0.0009902803836481936,0.00040018539084773894,-0.0019502612780482,-3.062047804821763e-05,0.0019196407999999823,0.0009902803836481936,0.0019502612780482,-0.5557271302786125,-0.7313673406872789,0.26104417670682734,746,0
-0.0009949923172481946,0.00040303177797618503,-0.0019859925780482,-0.0004335625780482,0.0015524299999999998,0.0009949923172481946,0.0019859925780482,-0.5987204196351654,-0.9475848345708244,0.27710843373493976,747,0
-0.0010584047872481957,0.00042113493519097315,-0.0019816244780482,-0.0004340707780482,0.0015475537,0.0010584047872481957,0.0019816244780482,-0.41307328845489194,-1.029551953114059,0.27309236947791166,748,0
-0.0009771419616481953,0.0004023719206120884,-0.0018692033780482,-0.0004443557780482,0.0014248476000000001,0.0009771419616481953,0.0018692033780482,-0.5288139364377569,-1.0457938344754916,0.2570281124497992,749,0
-0.0010617781704481957,0.0004402359167879641,-0.0019985402780482,-0.0004497886780482,0.0015487515999999999,0.0010617781704481957,0.0019985402780482,-0.45424664659342456,-1.0739341090927648,0.27309236947791166,750,0
-0.0011903418078481947,0.0004161702549135331,-0.0019974875780482,-0.0003063915780482,0.001691096,0.0011903418078481947,0.0019974875780482,0.05641485804167823,-0.8576432627175934,0.19678714859437751,751,1
-0.0009562338150481949,0.000418816546319556,-0.0019753566780482,-0.0004084671780482,0.0015668895000000003,0.0009562338150481949,0.0019753566780482,-0.7411880564422864,-0.6754444815854304,0.26104417670682734,752,0
-0.0010237380210481942,0.00042030151364520296,-0.0019898887780482,-0.0004401449780482,0.0015497438,0.0010237380210481942,0.0019898887780482,-0.5259378831235401,-0.9050281645463385,0.26907630522088355,753,0
-0.001011415240688197,0.0003997892194140491,-0.0019166716780482,-0.0004632680780482,0.0014534036,0.001011415240688197,0.0019166716780482,-0.5716062979228308,-0.9781900015154967,0.2248995983935743,754,0
-0.0010664532910081958,0.0004203895577547356,-0.0019822052780482,-0.0004604487780482,0.0015217564999999997,0.0010664532910081958,0.0019822052780482,-0.42259718079113984,-1.1256062044017014,0.27309236947791166,755,0
-0.0010215906945481958,0.0003980695105566143,-0.0019939180780482,-0.0004571333780482,0.0015367847000000003,0.0010215906945481958,0.0019939180780482,-0.5181225634992486,-0.9137427828431837,0.26907630522088355,756,0
-0.0010234642827481935,0.0003853166973796097,-0.0019007238780482,-0.0004761182780482,0.0014246056,0.0010234642827481935,0.0019007238780482,-0.5846639171375504,-0.8385038375578335,0.27710843373493976,757,0
-0.0010697527238481951,0.00041674954083045627,-0.0018874380780482,-0.0004542777780482,0.0014331603,0.0010697527238481951,0.0018874380780482,-0.3975035484495592,-1.1785785840903016,0.26907630522088355,758,0
-0.0011494218100481955,0.00045369509504679574,-0.0019937607780482,-0.0004590209780482,0.0015347397999999999,0.0011494218100481955,0.0019937607780482,-0.1938222168244354,-1.34030014124142,0.27710843373493976,759,0
-0.0010777247846481947,0.0004367927474498272,-0.0019869726780482,-0.0004595654780482,0.0015274072000000002,0.0010777247846481947,0.0019869726780482,-0.4176058041956116,-1.0555847406439656,0.26104417670682734,760,0
-0.0010874085356481955,0.0004062826693612757,-0.0019590821780482,-0.0003418445780482,0.0016172375999999999,0.0010874085356481955,0.0019590821780482,-0.18895930823007737,-0.980490845673514,0.25301204819277107,761,0
-0.0011662031790481966,0.00038064855896015684,-0.0019961081780482,-0.0004456625780482,0.0015504456,0.0011662031790481966,0.0019961081780482,0.07469304002149714,-0.8705159597393615,0.25301204819277107,762,0
-0.0010829211780481963,0.00045199630483818456,-0.0019969914780482,-0.0004093262780482,0.0015876652,0.0010829211780481963,0.0019969914780482,-0.2687684658260033,-1.2180531502535892,0.27710843373493976,763,0
-0.0010873241502481934,0.0004281194088021534,-0.0019672496780482,-0.0004318322780482,0.0015354174,0.0010873241502481934,0.0019672496780482,-0.3466010353964135,-1.036299579334837,0.25301204819277107,764,0
-0.0010440574784481916,0.00041061210670810674,-0.0019820116780482,-0.0004559112780482,0.0015261004000000002,0.0010440574784481916,0.0019820116780482,-0.5573573048654004,-0.8750748303056977,0.26104417670682734,765,0
-0.0010024047530481951,0.0004010045246664978,-0.0019958903780482,-0.0004558507780482,0.0015400396000000002,0.0010024047530481951,0.0019958903780482,-0.6618016035205337,-0.8584266607930595,0.24497991967871485,766,0
-0.0010209794872481947,0.00039770258330239564,-0.0019057211780482,-0.0004764691780482,0.001429252,0.0010209794872481947,0.0019057211780482,-0.5383908020440284,-0.9926360656168356,0.26907630522088355,767,0
-0.0010409565388481954,0.0004059435330794973,-0.0019388267780482,-0.0004803048780482,0.0014585218999999998,0.0010409565388481954,0.0019388267780482,-0.45498872020462283,-1.0614787980378608,0.26907630522088355,768,0
-0.0010745605297815281,0.0004260178789574992,-0.0019902638780482,-0.0004662809780482,0.0015239829,0.0010745605297815281,0.0019902638780482,-0.45809158416900525,-1.0040647018106865,0.2570281124497992,769,0
-0.0011716825188481939,0.0004068085244924197,-0.0019903122780482,-0.0002928758780482,0.0016974364,0.0011716825188481939,0.0019903122780482,0.09235401706606426,-0.9706485589517824,0.20883534136546184,770,1
-0.0010145389073148608,0.00041270431758257776,-0.0019872025780482,-0.0004019815780482,0.001585221,0.0010145389073148608,0.0019872025780482,-0.47050805120940997,-0.9672890745198157,0.26907630522088355,771,0
-0.0011239117672481964,0.0004399748435052474,-0.0019971850780482,-0.0004402296780482,0.0015569554000000002,0.0011239117672481964,0.0019971850780482,-0.2400952133629117,-1.1778810362568393,0.27710843373493976,772,0
-0.0010510611762481956,0.00041177626597188805,-0.0019032527780482,-0.0004523901780482,0.0014508626,0.0010510611762481956,0.0019032527780482,-0.47035341007715087,-1.100742345919764,0.27710843373493976,773,0
-0.0010366460106481952,0.0003908831318088693,-0.0019656282780482,-0.0004856530780482,0.0014799752,0.0010366460106481952,0.0019656282780482,-0.5454146819061487,-0.8638023833747059,0.26104417670682734,774,0
-0.001041341197848196,0.000411642388307542,-0.0019856174780482,-0.0004636915780482,0.0015219258999999998,0.001041341197848196,0.0019856174780482,-0.5886619594466187,-0.8502615971523149,0.26104417670682734,775,0
-0.0010482155950481936,0.00038803465786556795,-0.0019347732780482,-0.0004772677780482,0.0014575055,0.0010482155950481936,0.0019347732780482,-0.5230070732925107,-0.9194124859193229,0.26104417670682734,776,0
-0.0010232704286481924,0.00041375856848570574,-0.0019972455780482,-0.0004514947780482,0.0015457507999999999,0.0010232704286481924,0.0019972455780482,-0.6222836484961504,-0.7979702467099261,0.26104417670682734,777,0
-0.0010249546437815264,0.00042561197155314956,-0.0019980925780482,-0.0004282990780482,0.0015697935,0.0010249546437815264,0.0019980925780482,-0.5914382204935652,-0.8780890599313449,0.26506024096385544,778,0
-0.0009625232579148624,0.0003983765603983097,-0.0018922054780482,-0.0004381605780482,0.0014540449000000001,0.0009625232579148624,0.0018922054780482,-0.7068173151386917,-0.7413643594724011,0.24497991967871485,779,0
-0.001072316689648196,0.000400740618275559,-0.0019367697780482,-0.0003364600780482,0.0016003096999999999,0.001072316689648196,0.0019367697780482,-0.1698821768659526,-1.0547822808606073,0.2289156626506024,780,1
-0.00105470576078153,0.0004523171724901564,-0.0019993025780482,-0.0002615368780482,0.0017377657,0.00105470576078153,0.0019993025780482,-0.11056500262532523,-1.0862253583793458,0.2248995983935743,781,1
-0.0009893452553148621,0.0004221247174192275,-0.0019810436780482,-0.0003128650780482,0.0016681786,0.0009893452553148621,0.0019810436780482,-0.44326152170714067,-1.0363072852000488,0.27710843373493976,782,0
-0.0010501137462481935,0.0004146512279542948,-0.0019717508780482,-0.0004215230780482,0.0015502278000000002,0.0010501137462481935,0.0019717508780482,-0.3837774953708247,-1.0387960519152997,0.27710843373493976,783,0
-0.0010080358510481933,0.00041676959274497983,-0.0019781638780482,-0.0004338287780482,0.0015443351,0.0010080358510481933,0.0019781638780482,-0.589367315817459,-0.790205941686668,0.24899598393574296,784,0
-0.000998075639248193,0.0003897624772273678,-0.0018755437780482,-0.0004365391780482,0.0014390046,0.000998075639248193,0.0018755437780482,-0.5526329098095206,-0.8834808266727125,0.2570281124497992,785,0
-0.0010663946834481952,0.0004351212264270655,-0.0019935792780482,-0.0004115042780482,0.001582075,0.0010663946834481952,0.0019935792780482,-0.37955321712449414,-1.1078956763929557,0.26907630522088355,786,0
-0.0010406183438481968,0.0004229961601918142,-0.0019805838780482,0.0003144594219517,0.0022950432999999,0.0010431340192238105,0.0019805838780482,-0.3106688107503164,-0.5884080164527767,0.27309236947791166,787,0
-0.001020192212848194,0.00040811068704700175,-0.0019330550780482,-0.0004439080780482,0.0014891470000000001,0.001020192212848194,0.0019330550780482,-0.4946460399953174,-1.0312547658541904,0.24497991967871485,788,0
-0.0010796357812081932,0.0004299869961246883,-0.0019768933780482,-0.0004437870780482,0.0015331063,0.0010796357812081932,0.0019768933780482,-0.41770623501119697,-1.0753601293710078,0.23694779116465864,789,0
-0.0011283932490881977,0.0004133405736039196,-0.0019817454780482,-0.0003410459780482,0.0016406995,0.0011283932490881977,0.0019817454780482,0.03366626714886581,-1.0097758805927053,0.20080321285140562,790,1
-0.000943804791848194,0.0004148846208796295,-0.0019954426780482,-0.0003486931780482,0.0016467495,0.000943804791848194,0.0019954426780482,-0.631235331790498,-0.6166026174647432,0.27710843373493976,791,0
-0.0010646048030481935,0.0004651978183599289,-0.0019976327780482,-0.0003937535780482,0.0016038792000000002,0.0010646048030481935,0.0019976327780482,-0.36830080805671295,-1.1251993161778389,0.2570281124497992,792,0
-0.0010354316546481942,0.0004323945476976643,-0.0019725857780482,-0.0004037360780482,0.0015688497,0.0010354316546481942,0.0019725857780482,-0.3796576100010895,-1.082705635559551,0.27309236947791166,793,0
-0.001000565819248195,0.0004277330955041085,-0.0019906268780482,-0.0003988960780482,0.0015917307999999998,0.001000565819248195,0.0019906268780482,-0.5276050470244357,-0.8851293073014621,0.27710843373493976,794,0
-0.0009764443966481952,0.0004207939232996078,-0.0019877349780482,-0.0004109234780482,0.0015768114999999997,0.0009764443966481952,0.0019877349780482,-0.6120830230411063,-0.7317444105739646,0.2570281124497992,795,0
-0.001034270417648196,0.00043784307527403705,-0.0019694397780482,-0.0003982305780482,0.0015712092000000001,0.001034270417648196,0.0019694397780482,-0.4601082360359908,-0.9963770516956094,0.27710843373493976,796,0
-0.0009882292884481959,0.0004121985996123072,-0.0019799304780482,-0.0004241971780482,0.0015557333,0.0009882292884481959,0.0019799304780482,-0.5289327099843454,-1.0206054522156651,0.26907630522088355,797,0
-0.0010057014706481965,0.00042195456163213077,-0.0019943657780482,-0.0004114679780482,0.0015828978000000003,0.0010057014706481965,0.0019943657780482,-0.5822313861902754,-0.8381521510207737,0.26907630522088355,798,0
-0.0010001694474481937,0.00043290628922410993,-0.0019890417780482,-0.0003765715780482,0.0016124702,0.0010001694474481937,0.0019890417780482,-0.5254093508610294,-0.9397390139317596,0.25301204819277107,799,0
-0.0010796480554481945,0.00045412421353495256,-0.0019935792780482,-0.0002671270780482,0.0017264522,0.0010796480554481945,0.0019935792780482,-0.06622378546839204,-1.0313969884178578,0.26104417670682734,800,0
-0.0010374363826481936,0.0004402754227597788,-0.0019490633780482,-0.0003599703780482,0.001589093,0.0010374363826481936,0.0019490633780482,-0.3220653201630601,-1.1391220571404324,0.26907630522088355,801,0
-0.0010183029430481934,0.0004316834780655415,-0.0019981288780482,-0.0003873526780482,0.0016107762000000002,0.0010183029430481934,0.0019981288780482,-0.40536070444347766,-1.0542215030964672,0.27710843373493976,802,0
-0.0010184229508481955,0.00043089539155653767,-0.0019956846780482,-0.0003943827780482,0.0016013018999999997,0.0010184229508481955,0.0019956846780482,-0.44441796032482306,-1.0506629622524821,0.27710843373493976,803,0
-0.0009463224872481937,0.0004296823255444246,-0.0019655919780482,-0.0003790520780482,0.0015865399000000002,0.0009463224872481937,0.0019655919780482,-0.6443269859858883,-0.8456678025309876,0.25301204819277107,804,0
-0.0009977290952481936,0.00041552783161509846,-0.0019916069780482,-0.0004035908780482,0.0015880161,0.0009977290952481936,0.0019916069780482,-0.473200029872539,-0.9923985175994994,0.26907630522088355,805,0
-0.0010253555732481947,0.0004302832627175421,-0.0019794101780482,-0.0003981458780482,0.0015812642999999999,0.0010253555732481947,0.0019794101780482,-0.4586006467501301,-0.9775273102884423,0.28112449799196787,806,0
-0.0009815251624481949,0.0004239434877243033,-0.0019891869780482,-0.0003996220780482,0.0015895649000000002,0.0009815251624481949,0.0019891869780482,-0.59602873511899,-0.8074124185633824,0.26104417670682734,807,0
-0.0009520101164481969,0.0004274731099331642,-0.0019983345780482,-0.0003765715780482,0.001621763,0.0009520101164481969,0.0019983345780482,-0.7214534206432074,-0.6542983981042023,0.25301204819277107,808,0
-0.0009839901986481952,0.0004288980711451054,-0.0019929258780482,-0.0003267800780482,0.0016661458000000002,0.0009839901986481952,0.0019929258780482,-0.5132876806996279,-0.8929598448935523,0.23694779116465864,809,1
-0.0010918880766481948,0.0004332530428421164,-0.0019643093780482,-0.0003632736780482,0.0016010357,0.0010918880766481948,0.0019643093780482,-0.06549808123798913,-1.2072723086477204,0.2289156626506024,810,1
-0.0010179922876481947,0.0004457234665136809,-0.0019984071780482,-0.0003672061780482,0.001631201,0.0010179922876481947,0.0019984071780482,-0.43259368053794206,-1.0246706899545917,0.26907630522088355,811,0
-0.0010126816702481945,0.00043956635710661784,-0.0019912560780482,-0.0003678716780482,0.0016233844,0.0010126816702481945,0.0019912560780482,-0.43222130730174046,-1.0893296892676907,0.25301204819277107,812,0
-0.0009805197492481947,0.00043860928021734663,-0.0019886666780482,-0.0003836137780482,0.0016050529000000001,0.0009805197492481947,0.0019886666780482,-0.5547351213434587,-0.9240360502818721,0.26907630522088355,813,0
-0.0009936628015148634,0.0004441722421187734,-0.0019833305780482,-0.0003858159780482,0.0015975146000000002,0.0009936628015148634,0.0019833305780482,-0.4777756387334481,-0.9817521866350725,0.26104417670682734,814,0
-0.0009998071895815277,0.00043689924369588566,-0.0019869847780482,-0.0003814236780482,0.0016055611,0.0009998071895815277,0.0019869847780482,-0.48754208142862154,-0.9658144033374234,0.26907630522088355,815,0
-0.000954140369848194,0.0004306741430042934,-0.0019978021780482,-0.0003945521780482,0.0016032499999999999,0.000954140369848194,0.0019978021780482,-0.6729806014848699,-0.7677469590422223,0.27710843373493976,816,0
-0.0009711522196481945,0.00043560018759905084,-0.0019818543780482,-0.0003904623780482,0.0015913919999999999,0.0009711522196481945,0.0019818543780482,-0.5473690711097554,-0.9940106164567846,0.2570281124497992,817,0
-0.001016974024248196,0.00043888400423557213,-0.0019800030780482,-0.0003893612780482,0.0015906418000000001,0.001016974024248196,0.0019800030780482,-0.4521570029937876,-1.063503478267214,0.26907630522088355,818,0
-0.0009824643402481948,0.0004161172037271164,-0.0019736263780482,-0.0003823795780482,0.0015912468,0.0009824643402481948,0.0019736263780482,-0.5563944910577631,-0.8417859766614924,0.27309236947791166,819,0
-0.0009576004051815264,0.00041999984028219566,-0.0019986975780482,-0.0004027559780482,0.0015959415999999998,0.0009576004051815264,0.0019986975780482,-0.7370758854463575,-0.47956478137655,0.27710843373493976,820,0
-0.0009774632973148607,0.00041327078187233953,-0.0019822173780482,-0.0004047040780482,0.0015775133,0.0009774632973148607,0.0019822173780482,-0.6312716394181342,-0.8270951734482308,0.26506024096385544,821,0
-0.0009774630069148602,0.00041069341945435906,-0.0019502733780482,-0.0003945037780482,0.0015557696,0.0009774630069148602,0.0019502733780482,-0.566571593600468,-0.8950640894713549,0.28112449799196787,822,0
-0.001032422174914863,0.0004048261037811941,-0.0019974391780482,-0.0003969237780482,0.0016005154,0.001032422174914863,0.0019974391780482,-0.490526915445961,-0.9227837770393261,0.27710843373493976,823,0
-0.0010072044923148623,0.00037417223762181375,-0.0019621192780482,-0.0004930098780482,0.0014691093999999998,0.0010072044923148623,0.0019621192780482,-0.7729856562514243,-0.4395733123201806,0.26104417670682734,824,0
