t_s,sinal_filtrado,janela,classificacao
2.0,-0.0013597428243352,5,0
2.002,-0.0012028905243352,5,0
2.004,-0.0012685007576686,5,0
2.006,-0.0013341109910019,5,0
2.008,-0.0013997212243352,5,0
2.01,-0.0014587329243352,5,0
2.012,-0.0015177446243352,5,0
2.014,-0.0015767563243352,5,0
2.016,-0.0013304063743352,5,0
2.018,-0.0010840564243352,5,0
2.02,-0.0013007432243352,5,0
2.022,-0.0014138328493352,5,0
2.024,-0.0015269224743352,5,0
2.026,-0.0016400120993352,5,0
2.028,-0.0017531017243352,5,0
2.03,-0.0014576560243352,5,0
2.032,-0.0011622103243352,5,0
2.034,-0.0011261523243352,5,0
2.036,-0.0012355484243352,5,0
2.038,-0.0019065902243352,5,0
2.04,-0.0019032022243352,5,0
2.042,-0.0018998142243352,5,0
2.044,-0.0018964262243352,5,0
2.046,-0.0012881834243352,5,0
2.048,-0.0010937364243352,5,0
2.05,-0.0012636204243352,5,0
2.052,-0.0015889652243352,5,0
2.054,-0.0014737490243352,5,0
2.056,-0.0013585328243352,5,0
2.058,-0.0012433166243352,5,0
2.06,-0.0011281004243352,5,0
2.062,-0.0012880987243352,5,0
2.064,-0.0013407095243352,5,0
2.066,-0.0013933203243352,5,0
2.068,-0.0014552965243352,5,0
2.07,-0.0015172727243352,5,0
2.072,-0.0015792489243352,5,0
2.074,-0.0016412251243352,5,0
2.076,-0.0011754477243352,5,0
2.078,-0.0012416105243352,5,0
2.08,-0.0012617933243352,5,0
2.082,-0.0014088022743352,5,0
2.084,-0.0015558112243352,5,0
2.086,-0.0017028201743352,5,0
2.088,-0.0018498291243352,5,0
2.09,-0.0012943302243352,5,0
2.092,-0.0012295710243352,5,0
2.094,-0.0012779468243352,5,0
2.096,-0.0018739686243352,5,0
2.098,-0.0017693368993352,5,0
2.1,-0.0016647051743352,5,0
2.102,-0.0015600734493352,5,0
2.104,-0.0014554417243352,5,0
2.106,-0.0012012328243352,5,0
2.108,-0.0013059462243352,5,0
2.11,-0.0015743968243352,5,0
2.112,-0.0015710733576686,5,0
2.114,-0.0015677498910019,5,0
2.116,-0.0015644264243352,5,0
2.118,-0.0013840517243352,5,0
2.12,-0.0012036770243352,5,0
2.122,-0.0012993638243352,5,0
2.124,-0.0013539469243352,5,0
2.126,-0.0014858288576686,5,0
2.128,-0.0016177107910019,5,0
2.13,-0.0017495927243352,5,0
2.132,-0.0012724292243352,5,0
2.134,-0.0012698882243352,5,0
2.136,-0.0012673472243352,5,0
2.138,-0.0012770465843352,5,0
2.14,-0.0012867459443352,5,0
2.142,-0.0012964453043352,5,0
2.144,-0.0013061446643352,5,0
2.146,-0.0013158440243352,5,0
2.148,-0.0012556586243352,5,0
2.15,-0.0011954732243352,5,0
2.152,-0.0012129335243352,5,0
2.154,-0.0018114237243352,5,0
2.156,-0.0017186772243352,5,0
2.158,-0.0016259307243352,5,0
2.16,-0.0015331842243352,5,0
2.162,-0.0014404377243352,5,0
2.164,-0.0011596572243352,5,0
2.166,-0.0012582359243352,5,0
2.168,-0.0015254039243352,5,0
2.17,-0.0015439411243352,5,0
2.172,-0.0015624783243352,5,0
2.174,-0.0015810155243352,5,0
2.176,-0.0013683822243352,5,0
2.178,-0.0011557489243352,5,0
2.18,-0.0013059704243352,5,0
2.182,-0.0013877833643352,5,0
2.184,-0.0014695963043352,5,0
2.186,-0.0015514092443352,5,0
2.188,-0.0016332221843352,5,0
2.19,-0.0017150351243352,5,0
2.192,-0.0012018136243352,5,0
2.194,-0.0012166966243352,5,0
2.196,-0.0012123043243352,5,0
2.198,-0.0013856489243352,5,0
2.2,-0.0015589935243352,5,0
2.202,-0.0017323381243352,5,0
2.204,-0.0019056827243352,5,0
2.206,-0.0012755631243352,5,0
2.208,-0.0011571888243352,5,0
2.21,-0.0012196853243352,5,0
2.212,-0.0018236689243352,5,0
2.214,-0.0016901010576686,5,0
2.216,-0.0015565331910019,5,0
2.218,-0.0014229653243352,5,0
2.22,-0.0012806874743352,5,0
2.222,-0.0011384096243352,5,0
2.224,-0.0012324508243352,5,0
2.226,-0.0015085849243352,5,0
2.228,-0.0014145013743352,5,0
2.23,-0.0013204178243352,5,0
2.232,-0.0012263342743352,5,0
2.234,-0.0011322507243352,5,0
2.236,-0.0012272962243352,5,0
2.238,-0.0012579152743352,5,0
2.24,-0.0012885343243352,5,0
2.242,-0.0014004199993352,5,0
2.244,-0.0015123056743352,5,0
2.246,-0.0016241913493352,5,0
2.248,-0.0017360770243352,5,0
2.25,-0.0012189835243352,5,0
2.252,-0.0012254570243352,5,0
2.254,-0.0011970825243352,5,0
2.256,-0.0012260559743352,5,0
2.258,-0.0012550294243352,5,0
2.26,-0.0012840028743352,5,0
2.262,-0.0013129763243352,5,0
2.264,-0.0012509517243352,5,0
2.266,-0.0011889271243352,5,0
2.268,-0.0012402795243352,5,0
2.27,-0.0018253508243352,5,0
2.272,-0.0017291104493352,5,0
2.274,-0.0016328700743352,5,0
2.276,-0.0015366296993352,5,0
2.278,-0.0014403893243352,5,0
2.28,-0.0011607825243352,5,0
2.282,-0.0012475516243352,5,0
2.284,-0.0015109202243352,5,0
2.286,-0.0015381845493352,5,0
2.288,-0.0015654488743352,5,0
2.29,-0.0015927131993352,5,0
2.292,-0.0016199775243352,5,0
2.294,-0.0012898290243352,5,0
2.296,-0.0013009670743352,5,0
2.298,-0.0013121051243352,5,0
2.3,-0.0014581803576686,5,0
2.302,-0.0016042555910019,5,0
2.304,-0.0017503308243352,5,0
2.306,-0.0014921047243352,5,0
2.308,-0.0012338786243352,5,0
2.31,-0.0012279980243352,5,0
2.312,-0.0013703932443352,5,0
2.314,-0.0015127884643352,5,0
2.316,-0.0016551836843352,5,0
2.318,-0.0017975789043352,5,0
2.32,-0.0019399741243352,5,0
2.322,-0.0013684911243352,5,0
2.324,-0.0012268727243352,5,0
2.326,-0.0012497780243352,5,0
2.328,-0.0017947257243352,5,0
2.33,-0.0016506600993352,5,0
2.332,-0.0015065944743352,5,0
2.334,-0.0013625288493352,5,0
2.336,-0.0012184632243352,5,0
2.338,-0.0012899258243352,5,0
2.34,-0.0013908579743352,5,0
2.342,-0.0014917901243352,5,0
2.344,-0.0015218525743352,5,0
2.346,-0.0015519150243352,5,0
2.348,-0.0015819774743352,5,0
2.35,-0.0016120399243352,5,0
2.352,-0.0011920005243352,5,0
2.354,-0.0012376296243352,5,0
2.356,-0.0012515325243352,5,0
2.358,-0.0013780622243352,5,0
2.36,-0.0015045919243352,5,0
2.362,-0.0016311216243352,5,0
2.364,-0.0017576513243352,5,0
2.366,-0.0012512663243352,5,0
2.368,-0.0012487495243352,5,0
2.37,-0.0012009424243352,5,0
2.372,-0.0013802825743352,5,0
2.374,-0.0015596227243352,5,0
2.376,-0.0017389628743352,5,0
2.378,-0.0019183030243352,5,0
2.38,-0.0013530031243352,5,0
2.382,-0.0012150268243352,5,0
2.384,-0.0012419493243352,5,0
2.386,-0.0017774469243352,5,0
2.388,-0.0017076964743352,5,0
2.39,-0.0016379460243352,5,0
2.392,-0.0015681955743352,5,0
2.394,-0.0014984451243352,5,0
2.396,-0.0012135264243352,5,0
2.398,-0.0012909422243352,5,0
2.4,-0.0014759149243352,5,0
2.402,-0.0015526107743352,5,0
2.404,-0.0016293066243352,5,0
2.406,-0.0014929315576686,5,0
2.408,-0.0013565564910019,5,0
2.41,-0.0012201814243352,5,0
2.412,-0.0012707594243352,5,0
2.414,-0.0012802579243352,5,0
2.416,-0.0012892663743352,5,0
2.418,-0.0012982748243352,5,0
2.42,-0.0013072832743352,5,0
2.422,-0.0013162917243352,5,0
2.424,-0.0012898895243352,5,0
2.426,-0.0012418888243352,5,0
2.428,-0.0014735070243352,5,0
2.43,-0.0017051252243352,5,0
2.432,-0.0019367434243352,5,0
2.434,-0.0016566889243352,5,0
2.436,-0.0013766344243352,5,0
2.438,-0.0012348829243352,5,0
2.44,-0.0012400980243352,5,0
2.442,-0.0017146600243352,5,0
2.444,-0.0016703014243352,5,0
2.446,-0.0016259428243352,5,0
2.448,-0.0015815842243352,5,0
2.45,-0.0015372256243352,5,0
2.452,-0.0012339875243352,5,0
2.454,-0.0012955402243352,5,0
2.456,-0.0014713532243352,5,0
2.458,-0.0015243088743352,5,0
2.46,-0.0015772645243352,5,0
2.462,-0.0016302201743352,5,0
2.464,-0.0016831758243352,5,0
2.466,-0.0012671536243352,5,0
2.468,-0.0012824722243352,5,0
2.47,-0.0012516898243352,5,0
2.472,-0.0013842453243352,5,0
2.474,-0.0015168008243352,5,0
2.476,-0.0016493563243352,5,0
2.478,-0.0017819118243352,5,0
2.48,-0.0012840089243352,5,0
2.482,-0.0012365527243352,5,0
2.484,-0.0011840750243352,5,0
2.486,-0.0013829173493352,5,0
2.488,-0.0015817596743352,5,0
2.49,-0.0017806019993352,5,0
2.492,-0.0019794443243352,5,0
2.494,-0.0014154875243352,5,0
2.496,-0.0012230370243352,5,0
2.498,-0.0016877375243352,5,0
2.5,-0.0016540487043352,6,0
2.502,-0.0016203598843352,6,0
2.504,-0.0015866710643352,6,0
2.506,-0.0015529822443352,6,0
2.508,-0.0015192934243352,6,0
2.51,-0.0012366132243352,6,0
2.512,-0.0012661130243352,6,0
2.514,-0.0014068602243352,6,0
2.516,-0.0014745445993352,6,0
2.518,-0.0015422289743352,6,0
2.52,-0.0016099133493352,6,0
2.522,-0.0016775977243352,6,0
2.524,-0.0012640802243352,6,0
2.526,-0.0013133393243352,6,0
2.528,-0.0012658952243352,6,0
2.53,-0.0014110014493352,6,0
2.532,-0.0015561076743352,6,0
2.534,-0.0017012138993352,6,0
2.536,-0.0018463201243352,6,0
2.538,-0.0013478727243352,6,0
2.54,-0.0012155471243352,6,0
2.542,-0.0013641278643352,6,0
2.544,-0.0015127086043352,6,0
2.546,-0.0016612893443352,6,0
2.548,-0.0018098700843352,6,0
2.55,-0.0019584508243352,6,0
2.552,-0.0014093165243352,6,0
2.554,-0.0012549205243352,6,0
2.556,-0.0012565419243352,6,0
2.558,-0.0017114777243352,6,0
2.56,-0.0016651740493352,6,0
2.562,-0.0016188703743352,6,0
2.564,-0.0015725666993352,6,0
2.566,-0.0015262630243352,6,0
2.568,-0.0012352822243352,6,0
2.57,-0.0012911963243352,6,0
2.572,-0.0014295961243352,6,0
2.574,-0.0015053501910019,6,0
2.576,-0.0015811042576686,6,0
2.578,-0.0016568583243352,6,0
2.58,-0.0012745830243352,6,0
2.582,-0.0012092793243352,6,0
2.584,-0.0013148114910019,6,0
2.586,-0.0014203436576686,6,0
2.588,-0.0015258758243352,6,0
2.59,-0.0016314079910019,6,0
2.592,-0.0017369401576686,6,0
2.594,-0.0018424723243352,6,0
2.596,-0.0013067327243352,6,0
2.598,-0.0012534080243352,6,0
2.6,-0.0011986192243352,6,0
2.602,-0.0013972588743352,6,0
2.604,-0.0015958985243352,6,0
2.606,-0.0017945381743352,6,0
2.608,-0.0019931778243352,6,0
2.61,-0.0014422406243352,6,0
2.612,-0.0012396019243352,6,0
2.614,-0.0012506613243352,6,0
2.616,-0.0013150544993352,6,0
2.618,-0.0013794476743352,6,0
2.62,-0.0014438408493352,6,0
2.622,-0.0015082340243352,6,0
2.624,-0.0013640080743352,6,0
2.626,-0.0012197821243352,6,0
2.628,-0.0012855335243352,6,0
2.63,-0.0014317499243352,6,0
2.632,-0.0014924646993352,6,0
2.634,-0.0015531794743352,6,0
2.636,-0.0016138942493352,6,0
2.638,-0.0016746090243352,6,0
2.64,-0.0012256627243352,6,0
2.642,-0.0012565540243352,6,0
2.644,-0.0013926487743352,6,0
2.646,-0.0015287435243352,6,0
2.648,-0.0016648382743352,6,0
2.65,-0.0018009330243352,6,0
2.652,-0.0015453023743352,6,0
2.654,-0.0012896717243352,6,0
2.656,-0.0012462932243352,6,0
2.658,-0.0011994662243352,6,0
2.66,-0.0013950506243352,6,0
2.662,-0.0015906350243352,6,0
2.664,-0.0017862194243352,6,0
2.666,-0.0019818038243352,6,0
2.668,-0.0013930662243352,6,0
2.67,-0.0012010029243352,6,0
2.672,-0.0012269816243352,6,0
2.674,-0.0017041209243352,6,0
2.676,-0.0016441613910019,6,0
2.678,-0.0015842018576686,6,0
2.68,-0.0015242423243352,6,0
2.682,-0.0015388089957638,6,0
2.684,-0.0015533756671924,6,0
2.686,-0.001567942338621,6,0
2.688,-0.0015825090100495,6,0
2.69,-0.0015970756814781,6,0
2.692,-0.0016116423529067,6,0
2.694,-0.0016262090243352,6,0
2.696,-0.0011981594243352,6,0
2.698,-0.0012481929243352,6,0
2.7,-0.0012441636243352,6,0
2.702,-0.0012586805993352,6,0
2.704,-0.0012731975743352,6,0
2.706,-0.0012877145493352,6,0
2.708,-0.0013022315243352,6,0
2.71,-0.0012711526743352,6,0
2.712,-0.0012400738243352,6,0
2.714,-0.0012020072243352,6,0
2.716,-0.0013946392243352,6,0
2.718,-0.0015872712243352,6,0
2.72,-0.0017799032243352,6,0
2.722,-0.0019725352243352,6,0
2.724,-0.0013874518243352,6,0
2.726,-0.0012032535243352,6,0
2.728,-0.0012413322243352,6,0
2.73,-0.0017062142243352,6,0
2.732,-0.0016522935993352,6,0
2.734,-0.0015983729743352,6,0
2.736,-0.0015444523493352,6,0
2.738,-0.0014905317243352,6,0
2.74,-0.0011756776243352,6,0
2.742,-0.0012462085243352,6,0
2.744,-0.0013497572993352,6,0
2.746,-0.0014533060743352,6,0
2.748,-0.0015568548493352,6,0
2.75,-0.0016604036243352,6,0
2.752,-0.0016943175043352,6,0
2.754,-0.0017282313843352,6,0
2.756,-0.0017621452643352,6,0
2.758,-0.0017960591443352,6,0
2.76,-0.0018299730243352,6,0
2.762,-0.0012833676243352,6,0
2.764,-0.0012479267243352,6,0
2.766,-0.0014938914910019,6,0
2.768,-0.0017398562576686,6,0
2.77,-0.0019858210243352,6,0
2.772,-0.0013976763243352,6,0
2.774,-0.0012440184243352,6,0
2.776,-0.0014828542743352,6,0
2.778,-0.0017216901243352,6,0
2.78,-0.0016152222243352,6,0
2.782,-0.0015087543243352,6,0
2.784,-0.0014040933576686,6,0
2.786,-0.0012994323910019,6,0
2.788,-0.0011947714243352,6,0
2.79,-0.0012608253243352,6,0
2.792,-0.0014107685243352,6,0
2.794,-0.0014609907843352,6,0
2.796,-0.0015112130443352,6,0
2.798,-0.0015614353043352,6,0
2.8,-0.0016116575643352,6,0
2.802,-0.0016618798243352,6,0
2.804,-0.0012995453243352,6,0
2.806,-0.0012677949243352,6,0
2.808,-0.0012896354243352,6,0
2.81,-0.0013114759243352,6,0
2.812,-0.0012865620243352,6,0
2.814,-0.0012616481243352,6,0
2.816,-0.0012535266043352,6,0
2.818,-0.0012454050843352,6,0
2.82,-0.0012372835643352,6,0
2.822,-0.0012291620443352,6,0
2.824,-0.0012210405243352,6,0
2.826,-0.001224036138621,6,0
2.828,-0.0012270317529067,6,0
2.83,-0.0012300273671924,6,0
2.832,-0.0012330229814781,6,0
2.834,-0.0012360185957638,6,0
2.836,-0.0012390142100495,6,0
2.838,-0.0012420098243352,6,0
2.84,-0.0012515688243352,6,0
2.842,-0.0013010820243352,6,0
2.844,-0.0013505952243352,6,0
2.846,-0.0014001084243352,6,0
2.848,-0.0014496216243352,6,0
2.85,-0.0014991348243352,6,0
2.852,-0.0015486480243352,6,0
2.854,-0.0012010513243352,6,0
2.856,-0.0013657403910019,6,0
2.858,-0.0015304294576686,6,0
2.86,-0.0016951185243352,6,0
2.862,-0.0012878809243352,6,0
2.864,-0.0012445024243352,6,0
2.866,-0.0013489455910019,6,0
2.868,-0.0014533887576686,6,0
2.87,-0.0015578319243352,6,0
2.872,-0.0016622750910019,6,0
2.874,-0.0017667182576686,6,0
2.876,-0.0018711614243352,6,0
2.878,-0.0012547269243352,6,0
2.88,-0.0019892090243352,6,0
2.882,-0.0019157948671924,6,0
2.884,-0.0018423807100495,6,0
2.886,-0.0017689665529067,6,0
2.888,-0.0016955523957638,6,0
2.89,-0.001622138238621,6,0
2.892,-0.0015487240814781,6,0
2.894,-0.0014753099243352,6,0
2.896,-0.0012524279243352,6,0
2.898,-0.0014641416243352,6,0
2.9,-0.0016758553243352,6,0
2.902,-0.0015724275493352,6,0
2.904,-0.0014689997743352,6,0
2.906,-0.0013655719993352,6,0
2.908,-0.0012621442243352,6,0
2.91,-0.0012940519243352,6,0
2.912,-0.0013629049576686,6,0
2.914,-0.0014317579910019,6,0
2.916,-0.0015006110243352,6,0
2.918,-0.0015694640576686,6,0
2.92,-0.0016383170910019,6,0
2.922,-0.0017071701243352,6,0
2.924,-0.0012608495243352,6,0
2.926,-0.0012228313243352,6,0
2.928,-0.0012672463910019,6,0
2.93,-0.0013116614576686,6,0
2.932,-0.0013560765243352,6,0
2.934,-0.0013304698993352,6,0
2.936,-0.0013048632743352,6,0
2.938,-0.0012792566493352,6,0
2.94,-0.0012536500243352,6,0
2.942,-0.0011798642243352,6,0
2.944,-0.0019485167243352,6,0
2.946,-0.0018256200493352,6,0
2.948,-0.0017027233743352,6,0
2.95,-0.0015798266993352,6,0
2.952,-0.0014569300243352,6,0
2.954,-0.0012427358243352,6,0
2.956,-0.0012380652243352,6,0
2.958,-0.0016483157243352,6,0
2.96,-0.0016303593243352,6,0
2.962,-0.0016124029243352,6,0
2.964,-0.0015944465243352,6,0
2.966,-0.0012429052243352,6,0
2.968,-0.0013687452243352,6,0
2.97,-0.0013516539743352,6,0
2.972,-0.0013345627243352,6,0
2.974,-0.0013174714743352,6,0
2.976,-0.0013003802243352,6,0
2.978,-0.0012832889743352,6,0
2.98,-0.0012661977243352,6,0
2.982,-0.0012739054243352,6,0
2.984,-0.0012436917243352,6,0
2.986,-0.0012134780243352,6,0
2.988,-0.0014317660576686,6,0
2.99,-0.0016500540910019,6,0
2.992,-0.0018683421243352,6,0
2.994,-0.0013432868243352,6,0
2.996,-0.0012616057743352,6,0
2.998,-0.0011799247243352,6,0
3.0,-0.0013439111843352,7,0
3.002,-0.0015078976443352,7,0
3.004,-0.0016718841043352,7,0
3.006,-0.0018358705643352,7,0
3.008,-0.0019998570243352,7,0
3.01,-0.0014524772243352,7,0
3.012,-0.0012395898243352,7,0
3.014,-0.0014286220743352,7,0
3.016,-0.0016176543243352,7,0
3.018,-0.0016063952743352,7,0
3.02,-0.0015951362243352,7,0
3.022,-0.0015838771743352,7,0
3.024,-0.0015726181243352,7,0
3.026,-0.0013787761243352,7,0
3.028,-0.0014491182643352,7,0
3.03,-0.0015194604043352,7,0
3.032,-0.0015898025443352,7,0
3.034,-0.0016601446843352,7,0
3.036,-0.0017304868243352,7,0
3.038,-0.0012606680243352,7,0
3.04,-0.0013450534243352,7,0
3.042,-0.0014294388243352,7,0
3.044,-0.0015138242243352,7,0
3.046,-0.0015982096243352,7,0
3.048,-0.0016825950243352,7,0
3.05,-0.0017669804243352,7,0
3.052,-0.0018513658243352,7,0
3.054,-0.0013040102243352,7,0
3.056,-0.0012010876243352,7,0
3.058,-0.0013983448493352,7,0
3.06,-0.0015956020743352,7,0
3.062,-0.0017928592993352,7,0
3.064,-0.0019901165243352,7,0
3.066,-0.0017039878243352,7,0
3.068,-0.0014178591243352,7,0
3.07,-0.0011956668243352,7,0
3.072,-0.0012182091243352,7,0
3.074,-0.0016402450243352,7,0
3.076,-0.0016066039993352,7,0
3.078,-0.0015729629743352,7,0
3.08,-0.0015393219493352,7,0
3.082,-0.0015056809243352,7,0
3.084,-0.0011803603243352,7,0
3.086,-0.0012543034243352,7,0
3.088,-0.0013663373243352,7,0
3.09,-0.0013211317243352,7,0
3.092,-0.0012759261243352,7,0
3.094,-0.0012307205243352,7,0
3.096,-0.0011855149243352,7,0
3.098,-0.0012156620743352,7,0
3.1,-0.0012458092243352,7,0
3.102,-0.0012359235243352,7,0
3.104,-0.0014375296910019,7,0
3.106,-0.0016391358576686,7,0
3.108,-0.0018407420243352,7,0
3.11,-0.0015656787743352,7,0
3.112,-0.0012906155243352,7,0
3.114,-0.0011914197243352,7,0
3.116,-0.0019741445243352,7,0
3.118,-0.0019646379576686,7,0
3.12,-0.0019551313910019,7,0
3.122,-0.0019456248243352,7,0
3.124,-0.0016454903743352,7,0
3.126,-0.0013453559243352,7,0
3.128,-0.0011463714243352,7,0
3.13,-0.0015933575243352,7,0
3.132,-0.0015722278993352,7,0
3.134,-0.0015510982743352,7,0
3.136,-0.0015299686493352,7,0
3.138,-0.0015088390243352,7,0
3.14,-0.0011608430243352,7,0
3.142,-0.0012002708743352,7,0
3.144,-0.0012396987243352,7,0
3.146,-0.0013495909243352,7,0
3.148,-0.0014321159493352,7,0
3.15,-0.0015146409743352,7,0
3.152,-0.0015971659993352,7,0
3.154,-0.0016796910243352,7,0
3.156,-0.0011906453243352,7,0
3.158,-0.0012191287243352,7,0
3.16,-0.0012314989576686,7,0
3.162,-0.0012438691910019,7,0
3.164,-0.0012562394243352,7,0
3.166,-0.0012372212493352,7,0
3.168,-0.0012182030743352,7,0
3.17,-0.0011991848993352,7,0
3.172,-0.0011801667243352,7,0
3.174,-0.0011980747243352,7,0
3.176,-0.0019667030243352,7,0
3.178,-0.0019792204743352,7,0
3.18,-0.0019917379243352,7,0
3.182,-0.0013795747243352,7,0
3.184,-0.0011467102243352,7,0
3.186,-0.0012097754243352,7,0
3.188,-0.0014130977743352,7,0
3.19,-0.0016164201243352,7,0
3.192,-0.0015074777743352,7,0
3.194,-0.0013985354243352,7,0
3.196,-0.0012895930743352,7,0
3.198,-0.0011806507243352,7,0
3.2,-0.0012185781743352,7,0
3.202,-0.0012565056243352,7,0
3.204,-0.0013453438243352,7,0
3.206,-0.0014311963493352,7,0
3.208,-0.0015170488743352,7,0
3.21,-0.0016029013993352,7,0
3.212,-0.0016887539243352,7,0
3.214,-0.0011950981243352,7,0
3.216,-0.0012320636243352,7,0
3.218,-0.0012419977243352,7,0
3.22,-0.0013893515243352,7,0
3.222,-0.0015367053243352,7,0
3.224,-0.0016840591243352,7,0
3.226,-0.0018314129243352,7,0
3.228,-0.0012648667243352,7,0
3.23,-0.0011719629243352,7,0
3.232,-0.0019380502243352,7,0
3.234,-0.0019501865243352,7,0
3.236,-0.0019623228243352,7,0
3.238,-0.0019744591243352,7,0
3.24,-0.0016734837243352,7,0
3.242,-0.0013725083243352,7,0
3.244,-0.0011786300243352,7,0
3.246,-0.0012535653243352,7,0
3.248,-0.0016155852243352,7,0
3.25,-0.0015833719993352,7,0
3.252,-0.0015511587743352,7,0
3.254,-0.0015189455493352,7,0
3.256,-0.0014867323243352,7,0
3.258,-0.0011315731243352,7,0
3.26,-0.0012226619243352,7,0
3.262,-0.0012216721443352,7,0
3.264,-0.0012206823643352,7,0
3.266,-0.0012196925843352,7,0
3.268,-0.0012187028043352,7,0
3.27,-0.0012177130243352,7,0
3.272,-0.0012540735243352,7,0
3.274,-0.0012528332743352,7,0
3.276,-0.0012515930243352,7,0
3.278,-0.0015276242743352,7,0
3.28,-0.0018036555243352,7,0
3.282,-0.0015262327743352,7,0
3.284,-0.0012488100243352,7,0
3.286,-0.0012221960743352,7,0
3.288,-0.0011955821243352,7,0
3.29,-0.0012013780243352,7,0
3.292,-0.0019512634243352,7,0
3.294,-0.0019646903910019,7,0
3.296,-0.0019781173576686,7,0
3.298,-0.0019915443243352,7,0
3.3,-0.0016136613243352,7,0
3.302,-0.0012357783243352,7,0
3.304,-0.0015928977243352,7,0
3.306,-0.0015787225743352,7,0
3.308,-0.0015645474243352,7,0
3.31,-0.0015503722743352,7,0
3.312,-0.0015361971243352,7,0
3.314,-0.0011727373243352,7,0
3.316,-0.0012389969243352,7,0
3.318,-0.0013430085243352,7,0
3.32,-0.0014248256993352,7,0
3.322,-0.0015066428743352,7,0
3.324,-0.0015884600493352,7,0
3.326,-0.0016702772243352,7,0
3.328,-0.0012079362243352,7,0
3.33,-0.0012382588243352,7,0
3.332,-0.0012085775243352,7,0
3.334,-0.0013672750743352,7,0
3.336,-0.0015259726243352,7,0
3.338,-0.0016846701743352,7,0
3.34,-0.0018433677243352,7,0
3.342,-0.0012795803243352,7,0
3.344,-0.0012071013243352,7,0
3.346,-0.0011993331243352,7,0
3.348,-0.0019200938243352,7,0
3.35,-0.0017923934493352,7,0
3.352,-0.0016646930743352,7,0
3.354,-0.0015369926993352,7,0
3.356,-0.0014092923243352,7,0
3.358,-0.0011611455243352,7,0
3.36,-0.0012206291243352,7,0
3.362,-0.0015775670243352,7,0
3.364,-0.0015549480910019,7,0
3.366,-0.0015323291576686,7,0
3.368,-0.0015097102243352,7,0
3.37,-0.0011752662243352,7,0
3.372,-0.0012093579743352,7,0
3.374,-0.0012434497243352,7,0
3.376,-0.0012392800643352,7,0
3.378,-0.0012351104043352,7,0
3.38,-0.0012309407443352,7,0
3.382,-0.0012267710843352,7,0
3.384,-0.0012226014243352,7,0
3.386,-0.0012386218243352,7,0
3.388,-0.0012546422243352,7,0
3.39,-0.0012095092243352,7,0
3.392,-0.0013745653243352,7,0
3.394,-0.0015396214243352,7,0
3.396,-0.0017046775243352,7,0
3.398,-0.0018697336243352,7,0
3.4,-0.0013323363243352,7,0
3.402,-0.0011953038243352,7,0
3.404,-0.0015520723243352,7,0
3.406,-0.0019088408243352,7,0
3.408,-0.0017850820243352,7,0
3.41,-0.0016613232243352,7,0
3.412,-0.0015375644243352,7,0
3.414,-0.0014138056243352,7,0
3.416,-0.0011864466243352,7,0
3.418,-0.0012450227243352,7,0
3.42,-0.0013108951243352,7,0
3.422,-0.0013767675243352,7,0
3.424,-0.0014426399243352,7,0
3.426,-0.0015085123243352,7,0
3.428,-0.0015743847243352,7,0
3.43,-0.0012637656243352,7,0
3.432,-0.0013369343243352,7,0
3.434,-0.0015251921743352,7,0
3.436,-0.0017134500243352,7,0
3.438,-0.0014874099243352,7,0
3.44,-0.0012613698243352,7,0
3.442,-0.0012669680910019,7,0
3.444,-0.0012725663576686,7,0
3.446,-0.0012781646243352,7,0
3.448,-0.0012052379243352,7,0
3.45,-0.0012291928993352,7,0
3.452,-0.0012531478743352,7,0
3.454,-0.0012771028493352,7,0
3.456,-0.0013010578243352,7,0
3.458,-0.0012649090743352,7,0
3.46,-0.0012287603243352,7,0
3.462,-0.0011861199243352,7,0
3.464,-0.0018634779243352,7,0
3.466,-0.0017595056493352,7,0
3.468,-0.0016555333743352,7,0
3.47,-0.0015515610993352,7,0
3.472,-0.0014475888243352,7,0
3.474,-0.0012519802243352,7,0
3.476,-0.0015894734243352,7,0
3.478,-0.0015779481743352,7,0
3.48,-0.0015664229243352,7,0
3.482,-0.0015548976743352,7,0
3.484,-0.0015433724243352,7,0
3.486,-0.0013836100743352,7,0
3.488,-0.0012238477243352,7,0
3.49,-0.0012803426243352,7,0
3.492,-0.0013207929243352,7,0
3.494,-0.0014236338493352,7,0
3.496,-0.0015264747743352,7,0
3.498,-0.0016293156993352,7,0
3.5,-0.0017321566243352,8,1
3.502,-0.0012426753243352,8,1
3.504,-0.0012697067243352,8,1
3.506,-0.0012224683243352,8,1
3.508,-0.0014514164576686,8,1
3.51,-0.0016803645910019,8,1
3.512,-0.0019093127243352,8,1
3.514,-0.0014562524243352,8,1
3.516,-0.0013962122243352,8,1
3.518,-0.0013361720243352,8,1
3.52,-0.0012555255243352,8,1
3.522,-0.0019340935243352,8,1
3.524,-0.0018317396243352,8,1
3.526,-0.0017293857243352,8,1
3.528,-0.0016270318243352,8,1
3.53,-0.0015246779243352,8,1
3.532,-0.0014508074243352,8,1
3.534,-0.0017788384243352,8,1
3.536,-0.0018063102643352,8,1
3.538,-0.0018337821043352,8,1
3.54,-0.0018612539443352,8,1
3.542,-0.0018887257843352,8,1
3.544,-0.0019161976243352,8,1
3.546,-0.0015861459243352,8,1
3.548,-0.0017655526243352,8,1
3.55,-0.0018036966643352,8,1
3.552,-0.0018418407043352,8,1
3.554,-0.0018799847443352,8,1
3.556,-0.0019181287843352,8,1
3.558,-0.0019562728243352,8,1
3.56,-0.0019534051243352,8,1
3.562,-0.0019461148743352,8,1
3.564,-0.0019388246243352,8,1
3.566,-0.0019278354043352,8,1
3.568,-0.0019168461843352,8,1
3.57,-0.0019058569643352,8,1
3.572,-0.0018948677443352,8,1
3.574,-0.0018838785243352,8,1
3.576,-0.0018154167243352,8,1
3.578,-0.0018309361843352,8,1
3.58,-0.0018464556443352,8,1
3.582,-0.0018619751043352,8,1
3.584,-0.0018774945643352,8,1
3.586,-0.0018930140243352,8,1
3.588,-0.0016351630243352,8,1
3.59,-0.0016639731243352,8,1
3.592,-0.0018079994243352,8,1
3.594,-0.0019520257243352,8,1
3.596,-0.0019110036993352,8,1
3.598,-0.0018699816743352,8,1
3.6,-0.0018289596493352,8,1
3.602,-0.0017879376243352,8,1
3.604,-0.0014337827243352,8,1
3.606,-0.0014734586243352,8,1
3.608,-0.0014787826243352,8,1
3.61,-0.0015869687243352,8,1
3.612,-0.0016951548243352,8,1
3.614,-0.0018033409243352,8,1
3.616,-0.0015200496743352,8,1
3.618,-0.0012367584243352,8,1
3.62,-0.0014377474910019,8,1
3.622,-0.0016387365576686,8,1
3.624,-0.0018397256243352,8,1
3.626,-0.0012398802243352,8,1
3.628,-0.0012059719910019,8,1
3.63,-0.0011720637576686,8,1
3.632,-0.0011381555243352,8,1
3.634,-0.0011367640243352,8,1
3.636,-0.0017842350243352,8,1
3.638,-0.0018260768243352,8,1
3.64,-0.0018679186243352,8,1
3.642,-0.0019097604243352,8,1
3.644,-0.0013077975243352,8,1
3.646,-0.0010778975243352,8,1
3.648,-0.0011534015243352,8,1
3.65,-0.0013164127243352,8,1
3.652,-0.0014794239243352,8,1
3.654,-0.0014774697743352,8,1
3.656,-0.0014755156243352,8,1
3.658,-0.0014735614743352,8,1
3.66,-0.0014716073243352,8,1
3.662,-0.0011054008243352,8,1
3.664,-0.0011935856243352,8,1
3.666,-0.0012428447243352,8,1
3.668,-0.0013299102743352,8,1
3.67,-0.0014169758243352,8,1
3.672,-0.0015040413743352,8,1
3.674,-0.0015911069243352,8,1
3.676,-0.0011213486243352,8,1
3.678,-0.0011701963243352,8,1
3.68,-0.0013178768243352,8,1
3.682,-0.0014655573243352,8,1
3.684,-0.0016132378243352,8,1
3.686,-0.0017609183243352,8,1
3.688,-0.0012226861243352,8,1
3.69,-0.0011597540243352,8,1
3.692,-0.0012014627243352,8,1
3.694,-0.0018501921243352,8,1
3.696,-0.0017477333576686,8,1
3.698,-0.0016452745910019,8,1
3.7,-0.0015428158243352,8,1
3.702,-0.0014293480743352,8,1
3.704,-0.0013158803243352,8,1
3.706,-0.0014185367243352,8,1
3.708,-0.0015856135243352,8,1
3.71,-0.0016912162743352,8,1
3.712,-0.0017968190243352,8,1
3.714,-0.0016339832743352,8,1
3.716,-0.0014711475243352,8,1
3.718,-0.0015866057243352,8,1
3.72,-0.0016954210243352,8,1
3.722,-0.0017184896743352,8,1
3.724,-0.0017415583243352,8,1
3.726,-0.0017646269743352,8,1
3.728,-0.0017876956243352,8,1
3.73,-0.0018107642743352,8,1
3.732,-0.0018338329243352,8,1
3.734,-0.0019070863243352,8,1
3.736,-0.0018169534243352,8,1
3.738,-0.0018470388643352,8,1
3.74,-0.0018771243043352,8,1
3.742,-0.0019072097443352,8,1
3.744,-0.0019372951843352,8,1
3.746,-0.0019673806243352,8,1
3.748,-0.0018639982243352,8,1
3.75,-0.0018443478243352,8,1
3.752,-0.0018227795743352,8,1
3.754,-0.0018012113243352,8,1
3.756,-0.0017796430743352,8,1
3.758,-0.0017580748243352,8,1
3.76,-0.0018087496243352,8,1
3.762,-0.0018030913618352,8,1
3.764,-0.0017974330993352,8,1
3.766,-0.0017917748368352,8,1
3.768,-0.0017861165743352,8,1
3.77,-0.0017804583118352,8,1
3.772,-0.0017748000493352,8,1
3.774,-0.0017691417868352,8,1
3.776,-0.0017634835243352,8,1
3.778,-0.0018116778243352,8,1
3.78,-0.0018909449243352,8,1
3.782,-0.0018601715993352,8,1
3.784,-0.0018293982743352,8,1
3.786,-0.0017986249493352,8,1
3.788,-0.0017678516243352,8,1
3.79,-0.0017602407243352,8,1
3.792,-0.0017222225243352,8,1
3.794,-0.0017265882043352,8,1
3.796,-0.0017309538843352,8,1
3.798,-0.0017353195643352,8,1
3.8,-0.0017396852443352,8,1
3.802,-0.0017440509243352,8,1
3.804,-0.0016667319243352,8,1
3.806,-0.0015894129243352,8,1
3.808,-0.0015536211243352,8,1
3.81,-0.0015986905993352,8,1
3.812,-0.0016437600743352,8,1
3.814,-0.0016888295493352,8,1
3.816,-0.0017338990243352,8,1
3.818,-0.0015932365243352,8,1
3.82,-0.0014525740243352,8,1
3.822,-0.0014887409243352,8,1
3.824,-0.0015436725043352,8,1
3.826,-0.0015986040843352,8,1
3.828,-0.0016535356643352,8,1
3.83,-0.0017084672443352,8,1
3.832,-0.0017633988243352,8,1
3.834,-0.0013514059243352,8,1
3.836,-0.0013854069243352,8,1
3.838,-0.0014106112243352,8,1
3.84,-0.0015143566243352,8,1
3.842,-0.0016181020243352,8,1
3.844,-0.0017218474243352,8,1
3.846,-0.0018255928243352,8,1
3.848,-0.0013109193243352,8,1
3.85,-0.0012487495243352,8,1
3.852,-0.0014131370993352,8,1
3.854,-0.0015775246743352,8,1
3.856,-0.0017419122493352,8,1
3.858,-0.0019062998243352,8,1
3.86,-0.0013110766243352,8,1
3.862,-0.0012074401243352,8,1
3.864,-0.0018392053243352,8,1
3.866,-0.0018688654493352,8,1
3.868,-0.0018985255743352,8,1
3.87,-0.0019281856993352,8,1
3.872,-0.0019578458243352,8,1
3.874,-0.0013682249243352,8,1
3.876,-0.0011173556243352,8,1
3.878,-0.0011728825243352,8,1
3.88,-0.0014508437243352,8,1
3.882,-0.0014447332243352,8,1
3.884,-0.0014386227243352,8,1
3.886,-0.0014325122243352,8,1
3.888,-0.0014264017243352,8,1
3.89,-0.0011542122243352,8,1
3.892,-0.0011883221243352,8,1
3.894,-0.0012680587043352,8,1
3.896,-0.0013477952843352,8,1
3.898,-0.0014275318643352,8,1
3.9,-0.0015072684443352,8,1
3.902,-0.0015870050243352,8,1
3.904,-0.0010968098243352,8,1
3.906,-0.0011155890243352,8,1
3.908,-0.0010545082243352,8,1
3.91,-0.0012803547243352,8,1
3.912,-0.0015062012243352,8,1
3.914,-0.0017320477243352,8,1
3.916,-0.0014560346243352,8,1
3.918,-0.0011800215243352,8,1
3.92,-0.0010668018243352,8,1
3.922,-0.0010334663243352,8,1
3.924,-0.0012359930993352,8,1
3.926,-0.0014385198743352,8,1
3.928,-0.0016410466493352,8,1
3.93,-0.0018435734243352,8,1
3.932,-0.0010166352243352,8,1
3.934,-0.0010613144743352,8,1
3.936,-0.0011059937243352,8,1
3.938,-0.0013498087243352,8,1
3.94,-0.0019508641243352,8,1
3.942,-0.0016633318243352,8,1
3.944,-0.0013757995243352,8,1
3.946,-0.0010084314243352,8,1
3.948,-0.0010475507243352,8,1
3.95,-0.0010866700243352,8,1
3.952,-0.0011116928243352,8,1
3.954,-0.0010995716493352,8,1
3.956,-0.0010874504743352,8,1
3.958,-0.0010753292993352,8,1
3.96,-0.0010632081243352,8,1
3.962,-0.0010387237743352,8,1
3.964,-0.0010142394243352,8,1
3.966,-0.0014963276243352,8,1
3.968,-0.0019784158243352,8,1
3.97,-0.0018361198243352,8,1
3.972,-0.0016938238243352,8,1
3.974,-0.0011373569243352,8,1
3.976,-0.0010235443243352,8,1
3.978,-0.0010277732743352,8,1
3.98,-0.0010320022243352,8,1
3.982,-0.0016457263243352,8,1
3.984,-0.0014412544743352,8,1
3.986,-0.0012367826243352,8,1
3.988,-0.0009746724243352,8,1
3.99,-0.0010491237243352,8,1
3.992,-0.0013234912243352,8,1
3.994,-0.0014785254993352,8,1
3.996,-0.0016335597743352,8,1
3.998,-0.0017885940493352,8,1
4.0,-0.0019436283243352,9,0
4.002,-0.0014694414243352,9,0
4.004,-0.0009952545243352,9,0
4.006,-0.0010337869743352,9,0
4.008,-0.0010723194243352,9,0
4.01,-0.0011228248243352,9,0
4.012,-0.0012219601243352,9,0
4.014,-0.0013210954243352,9,0
4.016,-0.0014202307243352,9,0
4.018,-0.0015193660243352,9,0
4.02,-0.0010314577243352,9,0
4.022,-0.0010601589243352,9,0
4.024,-0.0010072335243352,9,0
4.026,-0.0019736363243352,9,0
4.028,-0.0018757795910019,9,0
4.03,-0.0017779228576686,9,0
4.032,-0.0016800661243352,9,0
4.034,-0.0011064051243352,9,0
4.036,-0.0009935605243352,9,0
4.038,-0.0010133319243352,9,0
4.04,-0.0016195782243352,9,0
4.042,-0.0017329975743352,9,0
4.044,-0.0018464169243352,9,0
4.046,-0.0012413685243352,9,0
4.048,-0.0011195941243352,9,0
4.05,-0.0009978197243352,9,0
4.052,-0.0010623248243352,9,0
4.054,-0.0013414476243352,9,0
4.056,-0.0015528951243352,9,0
4.058,-0.0017643426243352,9,0
4.06,-0.0019757901243352,9,0
4.062,-0.0013828901243352,9,0
4.064,-0.0010214268243352,9,0
4.066,-0.0011163634243352,9,0
4.068,-0.0011410111243352,9,0
4.07,-0.0012935800243352,9,0
4.072,-0.0014461489243352,9,0
4.074,-0.0015987178243352,9,0
4.076,-0.0013381503743352,9,0
4.078,-0.0010775829243352,9,0
4.08,-0.0010988910243352,9,0
4.082,-0.0010605582243352,9,0
4.084,-0.0012337787993352,9,0
4.086,-0.0014069993743352,9,0
4.088,-0.0015802199493352,9,0
4.09,-0.0017534405243352,9,0
4.092,-0.0011602622243352,9,0
4.094,-0.0010358742243352,9,0
4.096,-0.0010600621243352,9,0
4.098,-0.0016785173243352,9,0
4.1,-0.0017454303243352,9,0
4.102,-0.0018123433243352,9,0
4.104,-0.0018792563243352,9,0
4.106,-0.0012601719243352,9,0
4.108,-0.0011193400243352,9,0
4.11,-0.0011733282076686,9,0
4.112,-0.0012273163910019,9,0
4.114,-0.0012813045743352,9,0
4.116,-0.0013352927576686,9,0
4.118,-0.0013892809410019,9,0
4.12,-0.0014432691243352,9,0
4.122,-0.0010419726243352,9,0
4.124,-0.0011200176243352,9,0
4.126,-0.0011611213243352,9,0
4.128,-0.0013045708576686,9,0
4.13,-0.0014480203910019,9,0
4.132,-0.0015914699243352,9,0
4.134,-0.0010976326243352,9,0
4.136,-0.0012307229443352,9,0
4.138,-0.0013638132643352,9,0
4.14,-0.0014969035843352,9,0
4.142,-0.0016299939043352,9,0
4.144,-0.0017630842243352,9,0
4.146,-0.0014631010243352,9,0
4.148,-0.0011631178243352,9,0
4.15,-0.0010692823243352,9,0
4.152,-0.0011095027243352,9,0
4.154,-0.0017174430243352,9,0
4.156,-0.0017826539576686,9,0
4.158,-0.0018478648910019,9,0
4.16,-0.0019130758243352,9,0
4.162,-0.0012944875243352,9,0
4.164,-0.0010397341243352,9,0
4.166,-0.0013824182243352,9,0
4.168,-0.0013997454243352,9,0
4.17,-0.0014170726243352,9,0
4.172,-0.0014343998243352,9,0
4.174,-0.0014517270243352,9,0
4.176,-0.0012631424743352,9,0
4.178,-0.0010745579243352,9,0
4.18,-0.0011839419243352,9,0
4.182,-0.0012881894743352,9,0
4.184,-0.0013924370243352,9,0
4.186,-0.0014966845743352,9,0
4.188,-0.0016009321243352,9,0
4.19,-0.0010906267243352,9,0
4.192,-0.0011053161243352,9,0
4.194,-0.0011200055243352,9,0
4.196,-0.0010820236243352,9,0
4.198,-0.0012611429493352,9,0
4.2,-0.0014402622743352,9,0
4.202,-0.0016193815993352,9,0
4.204,-0.0017985009243352,9,0
4.206,-0.0012253602243352,9,0
4.208,-0.0010959386243352,9,0
4.21,-0.0011180211243352,9,0
4.212,-0.0017240133243352,9,0
4.214,-0.0018328225743352,9,0
4.216,-0.0019416318243352,9,0
4.218,-0.0013254151243352,9,0
4.22,-0.0010573880243352,9,0
4.222,-0.0011321539243352,9,0
4.224,-0.0012685148743352,9,0
4.226,-0.0014048758243352,9,0
4.228,-0.0013197099743352,9,0
4.23,-0.0012345441243352,9,0
4.232,-0.0011493782743352,9,0
4.234,-0.0010642124243352,9,0
4.236,-0.0011231515243352,9,0
4.238,-0.0011681030243352,9,0
4.24,-0.0012891907493352,9,0
4.242,-0.0014102784743352,9,0
4.244,-0.0015313661993352,9,0
4.246,-0.0016524539243352,9,0
4.248,-0.0011426446243352,9,0
4.25,-0.0011364131243352,9,0
4.252,-0.0010951884243352,9,0
4.254,-0.0012371311043352,9,0
4.256,-0.0013790737843352,9,0
4.258,-0.0015210164643352,9,0
4.26,-0.0016629591443352,9,0
4.262,-0.0018049018243352,9,0
4.264,-0.0012097633243352,9,0
4.266,-0.0010984433243352,9,0
4.268,-0.0011095753243352,9,0
4.27,-0.0017186893243352,9,0
4.272,-0.0018490789243352,9,0
4.274,-0.0019794685243352,9,0
4.276,-0.0016767265243352,9,0
4.278,-0.0013739845243352,9,0
4.28,-0.0010960233243352,9,0
4.282,-0.0011527602243352,9,0
4.284,-0.0014042708243352,9,0
4.286,-0.0014306810910019,9,0
4.288,-0.0014570913576686,9,0
4.29,-0.0014835016243352,9,0
4.292,-0.0012925878243352,9,0
4.294,-0.0011016740243352,9,0
4.296,-0.0011759680243352,9,0
4.298,-0.0012077426243352,9,0
4.3,-0.0013237392743352,9,0
4.302,-0.0014397359243352,9,0
4.304,-0.0015557325743352,9,0
4.306,-0.0016717292243352,9,0
4.308,-0.0011328920243352,9,0
4.31,-0.0011027872243352,9,0
4.312,-0.0012350983043352,9,0
4.314,-0.0013674093843352,9,0
4.316,-0.0014997204643352,9,0
4.318,-0.0016320315443352,9,0
4.32,-0.0017643426243352,9,0
4.322,-0.0012179792243352,9,0
4.324,-0.0011107974243352,9,0
4.326,-0.0011147904243352,9,0
4.328,-0.0016886087243352,9,0
4.33,-0.0017894097910019,9,0
4.332,-0.0018902108576686,9,0
4.334,-0.0019910119243352,9,0
4.336,-0.0013497845243352,9,0
4.338,-0.0010764818243352,9,0
4.34,-0.0011489729243352,9,0
4.342,-0.0014002294243352,9,0
4.344,-0.0014555324743352,9,0
4.346,-0.0015108355243352,9,0
4.348,-0.0011201023243352,9,0
4.35,-0.0011815703243352,9,0
4.352,-0.0012014143243352,9,0
4.354,-0.0012732984076686,9,0
4.356,-0.0013451824910019,9,0
4.358,-0.0014170665743352,9,0
4.36,-0.0014889506576686,9,0
4.362,-0.0015608347410019,9,0
4.364,-0.0016327188243352,9,0
4.366,-0.0011196062243352,9,0
4.368,-0.0011325048243352,9,0
4.37,-0.0011082201243352,9,0
4.372,-0.0012893903993352,9,0
4.374,-0.0014705606743352,9,0
4.376,-0.0016517309493352,9,0
4.378,-0.0018329012243352,9,0
4.38,-0.0012484954243352,9,0
4.382,-0.0011059211243352,9,0
4.384,-0.0016873382243352,9,0
4.386,-0.0017623551993352,9,0
4.388,-0.0018373721743352,9,0
4.39,-0.0019123891493352,9,0
4.392,-0.0019874061243352,9,0
4.394,-0.0013705602243352,9,0
4.396,-0.0010914979243352,9,0
4.398,-0.0011550955243352,9,0
4.4,-0.0013886618243352,9,0
4.402,-0.0014213983743352,9,0
4.404,-0.0014541349243352,9,0
4.406,-0.0014868714743352,9,0
4.408,-0.0015196080243352,9,0
4.41,-0.0011193279243352,9,0
4.412,-0.0011879833243352,9,0
4.414,-0.0012066899243352,9,0
4.416,-0.0013568267243352,9,0
4.418,-0.0015069635243352,9,0
4.42,-0.0016571003243352,9,0
4.422,-0.0011666994243352,9,0
4.424,-0.0011530264243352,9,0
4.426,-0.0012878978643352,9,0
4.428,-0.0014227693043352,9,0
4.43,-0.0015576407443352,9,0
4.432,-0.0016925121843352,9,0
4.434,-0.0018273836243352,9,0
4.436,-0.0012577882243352,9,0
4.438,-0.0011247487243352,9,0
4.44,-0.0011315368243352,9,0
4.442,-0.0011980989243352,9,0
4.444,-0.0012646610243352,9,0
4.446,-0.0013312231243352,9,0
4.448,-0.0013977852243352,9,0
4.45,-0.0011187108243352,9,0
4.452,-0.0011530385243352,9,0
4.454,-0.0011873662243352,9,0
4.456,-0.0013856610243352,9,0
4.458,-0.0014192324743352,9,0
4.46,-0.0014528039243352,9,0
4.462,-0.0014863753743352,9,0
4.464,-0.0015199468243352,9,0
4.466,-0.0011504249243352,9,0
4.468,-0.0012054315243352,9,0
4.47,-0.0011893748243352,9,0
4.472,-0.0013555481576686,9,0
4.474,-0.0015217214910019,9,0
4.476,-0.0016878948243352,9,0
4.478,-0.0012176525243352,9,0
4.48,-0.0011665542243352,9,0
4.482,-0.0011154559243352,9,0
4.484,-0.0011745079576686,9,0
4.486,-0.0012335599910019,9,0
4.488,-0.0012926120243352,9,0
4.49,-0.0011429955243352,9,0
4.492,-0.0016629688243352,9,0
4.494,-0.0016168012743352,9,0
4.496,-0.0015706337243352,9,0
4.498,-0.0015244661743352,9,0
4.5,-0.0014782986243352,10,0
4.502,-0.0014321310743352,10,0
4.504,-0.0013859635243352,10,0
4.506,-0.0012570017243352,10,0
4.508,-0.0011280399243352,10,0
4.51,-0.0011921215243352,10,0
4.512,-0.0013935018243352,10,0
4.514,-0.0014688969243352,10,0
4.516,-0.0015442920243352,10,0
4.518,-0.0011235992243352,10,0
4.52,-0.0012013538243352,10,0
4.522,-0.0012725052814781,10,0
4.524,-0.001343656738621,10,0
4.526,-0.0014148081957638,10,0
4.528,-0.0014859596529067,10,0
4.53,-0.0015571111100495,10,0
4.532,-0.0016282625671924,10,0
4.534,-0.0016994140243352,10,0
4.536,-0.0011961266243352,10,0
4.538,-0.0011496747243352,10,0
4.54,-0.0012921764243352,10,0
4.542,-0.0014346781243352,10,0
4.544,-0.0015771798243352,10,0
4.546,-0.0017196815243352,10,0
4.548,-0.0018621832243352,10,0
4.55,-0.0012900105243352,10,0
4.552,-0.0011635534243352,10,0
4.554,-0.0012152325243352,10,0
4.556,-0.0012669116243352,10,0
4.558,-0.0013185907243352,10,0
4.56,-0.0013702698243352,10,0
4.562,-0.0014219489243352,10,0
4.564,-0.0011290926243352,10,0
4.566,-0.0012620776743352,10,0
4.568,-0.0013950627243352,10,0
4.57,-0.0014273987643352,10,0
4.572,-0.0014597348043352,10,0
4.574,-0.0014920708443352,10,0
4.576,-0.0015244068843352,10,0
4.578,-0.0015567429243352,10,0
4.58,-0.0011459479243352,10,0
4.582,-0.0012143613243352,10,0
4.584,-0.0012177493243352,10,0
4.586,-0.0013834346243352,10,0
4.588,-0.0015491199243352,10,0
4.59,-0.0017148052243352,10,0
4.592,-0.0012013901243352,10,0
4.594,-0.0011912261243352,10,0
4.596,-0.0011547809243352,10,0
4.598,-0.0012954168043352,10,0
4.6,-0.0014360526843352,10,0
4.602,-0.0015766885643352,10,0
4.604,-0.0017173244443352,10,0
4.606,-0.0018579603243352,10,0
4.608,-0.0012964477243352,10,0
4.61,-0.0011553980243352,10,0
4.612,-0.0011620893243352,10,0
4.614,-0.0016798483243352,10,0
4.616,-0.0015463943993352,10,0
4.618,-0.0014129404743352,10,0
4.62,-0.0012794865493352,10,0
4.622,-0.0011460326243352,10,0
4.624,-0.0014283014243352,10,0
4.626,-0.0014761851576686,10,0
4.628,-0.0015240688910019,10,0
4.63,-0.0015719526243352,10,0
4.632,-0.0014692720243352,10,0
4.634,-0.0013665914243352,10,0
4.636,-0.0012639108243352,10,0
4.638,-0.0011612302243352,10,0
4.64,-0.0012289902243352,10,0
4.642,-0.0012209316243352,10,0
4.644,-0.0013481691743352,10,0
4.646,-0.0014754067243352,10,0
4.648,-0.0016026442743352,10,0
4.65,-0.0017298818243352,10,0
4.652,-0.0012261225243352,10,0
4.654,-0.0012124858243352,10,0
4.656,-0.0011711159243352,10,0
4.658,-0.0013418106243352,10,0
4.66,-0.0015125053243352,10,0
4.662,-0.0016832000243352,10,0
4.664,-0.0018538947243352,10,0
4.666,-0.0012871791243352,10,0
4.668,-0.0011673407243352,10,0
4.67,-0.0014362269243352,10,0
4.672,-0.0017051131243352,10,0
4.674,-0.0016149923243352,10,0
4.676,-0.0015248715243352,10,0
4.678,-0.0014347507243352,10,0
4.68,-0.0011649812243352,10,0
4.682,-0.0012379502743352,10,0
4.684,-0.0013109193243352,10,0
4.686,-0.0013838883743352,10,0
4.688,-0.0014568574243352,10,0
4.69,-0.0015298264743352,10,0
4.692,-0.0016027955243352,10,0
4.694,-0.0011775410243352,10,0
4.696,-0.0012423607243352,10,0
4.698,-0.0012198063243352,10,0
4.7,-0.0013921869576686,10,0
4.702,-0.0015645675910019,10,0
4.704,-0.0017369482243352,10,0
4.706,-0.0012258321243352,10,0
4.708,-0.0012145549243352,10,0
4.71,-0.0012032777243352,10,0
4.712,-0.0011427535243352,10,0
4.714,-0.0011818365243352,10,0
4.716,-0.0012209195243352,10,0
4.718,-0.0012600025243352,10,0
4.72,-0.0012990855243352,10,0
4.722,-0.0011956426243352,10,0
4.724,-0.0017020276243352,10,0
4.726,-0.0017613611843352,10,0
4.728,-0.0018206947443352,10,0
4.73,-0.0018800283043352,10,0
4.732,-0.0019393618643352,10,0
4.734,-0.0019986954243352,10,0
4.736,-0.0011249786243352,10,0
4.738,-0.0014056260243352,10,0
4.74,-0.0014460460743352,10,0
4.742,-0.0014864661243352,10,0
4.744,-0.0015268861743352,10,0
4.746,-0.0015673062243352,10,0
4.748,-0.0013681220743352,10,0
4.75,-0.0011689379243352,10,0
4.752,-0.0012026969243352,10,0
4.754,-0.0012940821743352,10,0
4.756,-0.0013854674243352,10,0
4.758,-0.0014768526743352,10,0
4.76,-0.0015682379243352,10,0
4.762,-0.0016596231743352,10,0
4.764,-0.0017510084243352,10,0
4.766,-0.0012293895243352,10,0
4.768,-0.0012167813243352,10,0
4.77,-0.0011597056243352,10,0
4.772,-0.0012029812743352,10,0
4.774,-0.0012462569243352,10,0
4.776,-0.0012895325743352,10,0
4.778,-0.0013328082243352,10,0
4.78,-0.0012446899743352,10,0
4.782,-0.0011565717243352,10,0
4.784,-0.0011970341243352,10,0
4.786,-0.0012607799493352,10,0
4.788,-0.0013245257743352,10,0
4.79,-0.0013882715993352,10,0
4.792,-0.0014520174243352,10,0
4.794,-0.0011745765243352,10,0
4.796,-0.0012011481243352,10,0
4.798,-0.0012277197243352,10,0
4.8,-0.0013923160243352,10,0
4.802,-0.0014403681493352,10,0
4.804,-0.0014884202743352,10,0
4.806,-0.0015364723993352,10,0
4.808,-0.0015845245243352,10,0
4.81,-0.0011746975243352,10,0
4.812,-0.0012233758243352,10,0
4.814,-0.0013233363443352,10,0
4.816,-0.0014232968643352,10,0
4.818,-0.0015232573843352,10,0
4.82,-0.0016232179043352,10,0
4.822,-0.0017231784243352,10,0
4.824,-0.0012355968243352,10,0
4.826,-0.0012050080243352,10,0
4.828,-0.0011513808243352,10,0
4.83,-0.0013355730743352,10,0
4.832,-0.0015197653243352,10,0
4.834,-0.0017039575743352,10,0
4.836,-0.0018881498243352,10,0
4.838,-0.0013219545243352,10,0
4.84,-0.0011804329243352,10,0
4.842,-0.0012018378243352,10,0
4.844,-0.0016820868243352,10,0
4.846,-0.0016089705576686,10,0
4.848,-0.0015358542910019,10,0
4.85,-0.0014627380243352,10,0
4.852,-0.0013197160243352,10,0
4.854,-0.0011766940243352,10,0
4.856,-0.0012331042243352,10,0
4.858,-0.0013043683843352,10,0
4.86,-0.0013756325443352,10,0
4.862,-0.0014468967043352,10,0
4.864,-0.0015181608643352,10,0
4.866,-0.0015894250243352,10,0
4.868,-0.0011896168243352,10,0
4.87,-0.0012374723243352,10,0
4.872,-0.0013674021243352,10,0
4.874,-0.0014973319243352,10,0
4.876,-0.0016272617243352,10,0
4.878,-0.0017571915243352,10,0
4.88,-0.0014887167243352,10,0
4.882,-0.0012202419243352,10,0
4.884,-0.0011770570243352,10,0
4.886,-0.0013213204843352,10,0
4.888,-0.0014655839443352,10,0
4.89,-0.0016098474043352,10,0
4.892,-0.0017541108643352,10,0
4.894,-0.0018983743243352,10,0
4.896,-0.0013365108243352,10,0
4.898,-0.0011704746243352,10,0
4.9,-0.0011743345243352,10,0
4.902,-0.0016517037243352,10,0
4.904,-0.0015835766910019,10,0
4.906,-0.0015154496576686,10,0
4.908,-0.0014473226243352,10,0
4.91,-0.0013007371743352,10,0
4.912,-0.0011541517243352,10,0
4.914,-0.0013871493243352,10,0
4.916,-0.0014553489576686,10,0
4.918,-0.0015235485910019,10,0
4.92,-0.0015917482243352,10,0
4.922,-0.0011773111243352,10,0
4.924,-0.0012170717243352,10,0
4.926,-0.0012181909743352,10,0
4.928,-0.0012193102243352,10,0
4.93,-0.0012204294743352,10,0
4.932,-0.0012215487243352,10,0
4.934,-0.0012226679743352,10,0
4.936,-0.0012237872243352,10,0
4.938,-0.0011879228243352,10,0
4.94,-0.0011520584243352,10,0
4.942,-0.0015675542743352,10,0
4.944,-0.0019830501243352,10,0
4.946,-0.0018920823243352,10,0
4.948,-0.0016085551243352,10,0
4.95,-0.0013250279243352,10,0
4.952,-0.0011749032243352,10,0
4.954,-0.0016688131243352,10,0
4.956,-0.0016181746243352,10,0
4.958,-0.0015675361243352,10,0
4.96,-0.0015168976243352,10,0
4.962,-0.0014662591243352,10,0
4.964,-0.0011565959243352,10,0
4.966,-0.0012303575243352,10,0
4.968,-0.0013041191243352,10,0
4.97,-0.0013778807243352,10,0
4.972,-0.0014319465493352,10,0
4.974,-0.0014860123743352,10,0
4.976,-0.0015400781993352,10,0
4.978,-0.0015941440243352,10,0
4.98,-0.0014046761743352,10,0
4.982,-0.0012152083243352,10,0
4.984,-0.0012071678743352,10,0
4.986,-0.0011991274243352,10,0
4.988,-0.0013469077493352,10,0
4.99,-0.0014946880743352,10,0
4.992,-0.0016424683993352,10,0
4.994,-0.0017902487243352,10,0
4.996,-0.0012594459243352,10,0
4.998,-0.0012042336243352,10,0
5.0,-0.0011523851243352,11,0
5.002,-0.0013312533743352,11,0
5.004,-0.0015101216243352,11,0
5.006,-0.0016889898743352,11,0
5.008,-0.0018678581243352,11,0
5.01,-0.0011502676243352,11,0
5.012,-0.0011685386243352,11,0
5.014,-0.0011868096243352,11,0
5.016,-0.0016339893243352,11,0
5.018,-0.0015679596243352,11,0
5.02,-0.0015019299243352,11,0
5.022,-0.0014359002243352,11,0
5.024,-0.0011828650243352,11,0
5.026,-0.0012667543243352,11,0
5.028,-0.0013506436243352,11,0
5.03,-0.0014314917910019,11,0
5.032,-0.0015123399576686,11,0
5.034,-0.0015931881243352,11,0
5.036,-0.0011717451243352,11,0
5.038,-0.0011965138243352,11,0
5.04,-0.0012212825243352,11,0
5.042,-0.0011959330243352,11,0
5.044,-0.0012981368843352,11,0
5.046,-0.0014003407443352,11,0
5.048,-0.0015025446043352,11,0
5.05,-0.0016047484643352,11,0
5.052,-0.0017069523243352,11,0
5.054,-0.0011873904243352,11,0
5.056,-0.0019603747243352,11,0
5.058,-0.0019406928643352,11,0
5.06,-0.0019210110043352,11,0
5.062,-0.0019013291443352,11,0
5.064,-0.0018816472843352,11,0
5.066,-0.0018619654243352,11,0
5.068,-0.0012972463243352,11,0
5.07,-0.0011407691243352,11,0
5.072,-0.0011852487243352,11,0
5.074,-0.0016583103243352,11,0
5.076,-0.0016045711993352,11,0
5.078,-0.0015508320743352,11,0
5.08,-0.0014970929493352,11,0
5.082,-0.0014433538243352,11,0
5.084,-0.0011989459243352,11,0
5.086,-0.0012770369043352,11,0
5.088,-0.0013551278843352,11,0
5.09,-0.0014332188643352,11,0
5.092,-0.0015113098443352,11,0
5.094,-0.0015894008243352,11,0
5.096,-0.0014074228743352,11,0
5.098,-0.0012254449243352,11,0
5.1,-0.0012088013743352,11,0
5.102,-0.0011921578243352,11,0
5.104,-0.0013362506743352,11,0
5.106,-0.0014803435243352,11,0
5.108,-0.0016244363743352,11,0
5.11,-0.0017685292243352,11,0
5.112,-0.0012413685243352,11,0
5.114,-0.0011880075243352,11,0
5.116,-0.0011471095243352,11,0
5.118,-0.0019886282243352,11,0
5.12,-0.0019580958910019,11,0
5.122,-0.0019275635576686,11,0
5.124,-0.0018970312243352,11,0
5.126,-0.0013136176243352,11,0
5.128,-0.0011410837243352,11,0
5.13,-0.0016367602243352,11,0
5.132,-0.0015880304993352,11,0
5.134,-0.0015393007743352,11,0
5.136,-0.0014905710493352,11,0
5.138,-0.0014418413243352,11,0
5.14,-0.0011274712243352,11,0
5.142,-0.0011712187743352,11,0
5.144,-0.0012149663243352,11,0
5.146,-0.0013664704243352,11,0
5.148,-0.0013215431243352,11,0
5.15,-0.0012766158243352,11,0
5.152,-0.0012316885243352,11,0
5.154,-0.0011867612243352,11,0
5.156,-0.0012282763243352,11,0
5.158,-0.0012107071243352,11,0
5.16,-0.0011931379243352,11,0
5.162,-0.0011973487243352,11,0
5.164,-0.0012015595243352,11,0
5.166,-0.0012057703243352,11,0
5.168,-0.0012099811243352,11,0
5.17,-0.0011666268243352,11,0
5.172,-0.0011417734243352,11,0
5.174,-0.0015569183743352,11,0
5.176,-0.0019720633243352,11,0
5.178,-0.0019473672243352,11,0
5.18,-0.0019226711243352,11,0
5.182,-0.0018979750243352,11,0
5.184,-0.0011534378243352,11,0
5.186,-0.0011627427243352,11,0
5.188,-0.0011720476243352,11,0
5.19,-0.0016295970243352,11,0
5.192,-0.0015625751243352,11,0
5.194,-0.0014955532243352,11,0
5.196,-0.0014285313243352,11,0
5.198,-0.0011386274243352,11,0
5.2,-0.0013486471243352,11,0
5.202,-0.0013896641076686,11,0
5.204,-0.0014306810910019,11,0
5.206,-0.0014716980743352,11,0
5.208,-0.0015127150576686,11,0
5.21,-0.0015537320410019,11,0
5.212,-0.0015947490243352,11,0
5.214,-0.0011485615243352,11,0
5.216,-0.0011960782243352,11,0
5.218,-0.0013319763493352,11,0
5.22,-0.0014678744743352,11,0
5.222,-0.0016037725993352,11,0
5.224,-0.0017396707243352,11,0
5.226,-0.0012291717243352,11,0
5.228,-0.0011623797243352,11,0
5.23,-0.0019832558243352,11,0
5.232,-0.0019674320493352,11,0
5.234,-0.0019516082743352,11,0
5.236,-0.0019357844993352,11,0
5.238,-0.0019199607243352,11,0
5.24,-0.0013249432243352,11,0
5.242,-0.0014763686743352,11,0
5.244,-0.0016277941243352,11,0
5.246,-0.0015960094410019,11,0
5.248,-0.0015642247576686,11,0
5.25,-0.0015324400743352,11,0
5.252,-0.0015006553910019,11,0
5.254,-0.0014688707076686,11,0
5.256,-0.0014370860243352,11,0
5.258,-0.0011250512243352,11,0
5.26,-0.0013244229243352,11,0
5.262,-0.0013871765493352,11,0
5.264,-0.0014499301743352,11,0
5.266,-0.0015126837993352,11,0
5.268,-0.0015754374243352,11,0
5.27,-0.0013885166243352,11,0
5.272,-0.0012015958243352,11,0
5.274,-0.0011646666243352,11,0
5.276,-0.0012877744443352,11,0
5.278,-0.0014108822643352,11,0
5.28,-0.0015339900843352,11,0
5.282,-0.0016570979043352,11,0
5.284,-0.0017802057243352,11,0
5.286,-0.0012298856243352,11,0
5.288,-0.0011778435243352,11,0
5.29,-0.0011409264243352,11,0
5.292,-0.0019682881243352,11,0
5.294,-0.0019335369243352,11,0
5.296,-0.0018987857243352,11,0
5.298,-0.0011548414243352,11,0
5.3,-0.0016251805243352,11,0
5.302,-0.0015455431643352,11,0
5.304,-0.0014659058043352,11,0
5.306,-0.0013862684443352,11,0
5.308,-0.0013066310843352,11,0
5.31,-0.0012269937243352,11,0
5.312,-0.0012981477743352,11,0
5.314,-0.0013693018243352,11,0
5.316,-0.0014242769643352,11,0
5.318,-0.0014792521043352,11,0
5.32,-0.0015342272443352,11,0
5.322,-0.0015892023843352,11,0
5.324,-0.0016441775243352,11,0
5.326,-0.0011922667243352,11,0
5.328,-0.0012176525243352,11,0
5.33,-0.0011974092243352,11,0
5.332,-0.0013901622243352,11,0
5.334,-0.0015829152243352,11,0
5.336,-0.0017756682243352,11,0
5.338,-0.0012555981243352,11,0
5.34,-0.0012234242243352,11,0
5.342,-0.0011742982243352,11,0
5.344,-0.0015608871743352,11,0
5.346,-0.0019474761243352,11,0
5.348,-0.0019489240910019,11,0
5.35,-0.0019503720576686,11,0
5.352,-0.0019518200243352,11,0
5.354,-0.0013645828243352,11,0
5.356,-0.0011704504243352,11,0
5.358,-0.0012015595243352,11,0
5.36,-0.0016746211243352,11,0
5.362,-0.0016268140243352,11,0
5.364,-0.0015790069243352,11,0
5.366,-0.0015311998243352,11,0
5.368,-0.0014833927243352,11,0
5.37,-0.0011748306243352,11,0
5.372,-0.0012304180243352,11,0
5.374,-0.0013491069243352,11,0
5.376,-0.0014165553493352,11,0
5.378,-0.0014840037743352,11,0
5.38,-0.0015514521993352,11,0
5.382,-0.0016189006243352,11,0
5.384,-0.0011814130243352,11,0
5.386,-0.0012540009243352,11,0
5.388,-0.0013647522243352,11,0
5.39,-0.0014755035243352,11,0
5.392,-0.0015862548243352,11,0
5.394,-0.0016970061243352,11,0
5.396,-0.0018077574243352,11,0
5.398,-0.0012738933243352,11,0
5.4,-0.0012263645243352,11,0
5.402,-0.0011935009243352,11,0
5.404,-0.0019842359243352,11,0
5.406,-0.0019764394910019,11,0
5.408,-0.0019686430576686,11,0
5.41,-0.0019608466243352,11,0
5.412,-0.0013738393243352,11,0
5.414,-0.0011979295243352,11,0
5.416,-0.0016250837243352,11,0
5.418,-0.0015154395743352,11,0
5.42,-0.0014057954243352,11,0
5.422,-0.0012961512743352,11,0
5.424,-0.0011865071243352,11,0
5.426,-0.0012513026243352,11,0
5.428,-0.0013224566743352,11,0
5.43,-0.0013936107243352,11,0
5.432,-0.0014542438243352,11,0
5.434,-0.0015148769243352,11,0
5.436,-0.0015755100243352,11,0
5.438,-0.0016361431243352,11,0
5.44,-0.0014425189243352,11,0
5.442,-0.0012488947243352,11,0
5.444,-0.0012298130243352,11,0
5.446,-0.0014172178243352,11,0
5.448,-0.0016046226243352,11,0
5.45,-0.0017920274243352,11,0
5.452,-0.0012493061243352,11,0
5.454,-0.0012105619243352,11,0
5.456,-0.0019555710243352,11,0
5.458,-0.0019569322743352,11,0
5.46,-0.0019582935243352,11,0
5.462,-0.0016662842243352,11,0
5.464,-0.0013742749243352,11,0
5.466,-0.0012829925243352,11,0
5.468,-0.0011917101243352,11,0
5.47,-0.0016257976243352,11,0
5.472,-0.0015162895993352,11,0
5.474,-0.0014067815743352,11,0
5.476,-0.0012972735493352,11,0
5.478,-0.0011877655243352,11,0
5.48,-0.0012073997910019,11,0
5.482,-0.0012270340576686,11,0
5.484,-0.0012466683243352,11,0
5.486,-0.0012888247243352,11,0
5.488,-0.0013309811243352,11,0
5.49,-0.0013731375243352,11,0
5.492,-0.0014566960910019,11,0
5.494,-0.0015402546576686,11,0
5.496,-0.0016238132243352,11,0
5.498,-0.0011914439243352,11,0
5.5,-0.0012585747243352,12,0
5.502,-0.0013483526910019,12,0
5.504,-0.0014381306576686,12,0
5.506,-0.0015279086243352,12,0
5.508,-0.0016176865910019,12,0
5.51,-0.0017074645576686,12,0
5.512,-0.0017972425243352,12,0
5.514,-0.0012822060243352,12,0
5.516,-0.0012325234243352,12,0
5.518,-0.0011763310243352,12,0
5.52,-0.0019505374243352,12,0
5.522,-0.0019453828243352,12,0
5.524,-0.0019402282243352,12,0
5.526,-0.0019350736243352,12,0
5.528,-0.0013649942243352,12,0
5.53,-0.0016363730243352,12,0
5.532,-0.0015221974243352,12,0
5.534,-0.0014080218243352,12,0
5.536,-0.0012938462243352,12,0
5.538,-0.0011796706243352,12,0
5.54,-0.0012146396243352,12,0
5.542,-0.0012496086243352,12,0
5.544,-0.0012885786910019,12,0
5.546,-0.0013275487576686,12,0
5.548,-0.0013665188243352,12,0
5.55,-0.0014379632743352,12,0
5.552,-0.0015094077243352,12,0
5.554,-0.0015808521743352,12,0
5.556,-0.0016522966243352,12,0
5.558,-0.0012004584243352,12,0
5.56,-0.0013519655493352,12,0
5.562,-0.0015034726743352,12,0
5.564,-0.0016549797993352,12,0
5.566,-0.0018064869243352,12,0
5.568,-0.0012578729243352,12,0
5.57,-0.0013732585243352,12,0
5.572,-0.0014886441243352,12,0
5.574,-0.0016040297243352,12,0
5.576,-0.0017194153243352,12,0
5.578,-0.0018348009243352,12,0
5.58,-0.0019501865243352,12,0
5.582,-0.0013772636243352,12,0
5.584,-0.0012894357743352,12,0
5.586,-0.0012016079243352,12,0
5.588,-0.0012285183243352,12,0
5.59,-0.0016246723243352,12,0
5.592,-0.0015978950243352,12,0
5.594,-0.0015711177243352,12,0
5.596,-0.0015443404243352,12,0
5.598,-0.0015175631243352,12,0
5.6,-0.0011768271243352,12,0
5.602,-0.0013665793243352,12,0
5.604,-0.0014278271043352,12,0
5.606,-0.0014890748843352,12,0
5.608,-0.0015503226643352,12,0
5.61,-0.0016115704443352,12,0
5.612,-0.0016728182243352,12,0
5.614,-0.0012026122243352,12,0
5.616,-0.0012262919243352,12,0
5.618,-0.0012050806243352,12,0
5.62,-0.0012267486993352,12,0
5.622,-0.0012484167743352,12,0
5.624,-0.0012700848493352,12,0
5.626,-0.0012917529243352,12,0
5.628,-0.0012627613243352,12,0
5.63,-0.0012337697243352,12,0
5.632,-0.0012022613243352,12,0
5.634,-0.0019502712243352,12,0
5.636,-0.0016649290243352,12,0
5.638,-0.0013795868243352,12,0
5.64,-0.0013117461576686,12,0
5.642,-0.0012439054910019,12,0
5.644,-0.0011760648243352,12,0
5.646,-0.0016033763243352,12,0
5.648,-0.0015804782843352,12,0
5.65,-0.0015575802443352,12,0
5.652,-0.0015346822043352,12,0
5.654,-0.0015117841643352,12,0
5.656,-0.0014888861243352,12,0
5.658,-0.0011468917243352,12,0
5.66,-0.0011973608243352,12,0
5.662,-0.0013269155243352,12,0
5.664,-0.0014253893576686,12,0
5.666,-0.0015238631910019,12,0
5.668,-0.0016223370243352,12,0
5.67,-0.0011649933243352,12,0
5.672,-0.0012067504243352,12,0
5.674,-0.0011604074243352,12,0
5.676,-0.0012869927843352,12,0
5.678,-0.0014135781443352,12,0
5.68,-0.0015401635043352,12,0
5.682,-0.0016667488643352,12,0
5.684,-0.0017933342243352,12,0
5.686,-0.0012521738243352,12,0
5.688,-0.0011878865243352,12,0
5.69,-0.0011436973243352,12,0
5.692,-0.0019320607243352,12,0
5.694,-0.0019419625576686,12,0
5.696,-0.0019518643910019,12,0
5.698,-0.0019617662243352,12,0
5.7,-0.0011676432243352,12,0
5.702,-0.0012548993493352,12,0
5.704,-0.0013421554743352,12,0
5.706,-0.0014294115993352,12,0
5.708,-0.0015166677243352,12,0
5.71,-0.0011746249243352,12,0
5.712,-0.0012076397743352,12,0
5.714,-0.0012406546243352,12,0
5.716,-0.0012718847243352,12,0
5.718,-0.0013031148243352,12,0
5.72,-0.0013343449243352,12,0
5.722,-0.0013048572243352,12,0
5.724,-0.0012753695243352,12,0
5.726,-0.0012458818243352,12,0
5.728,-0.0012163941243352,12,0
5.73,-0.0012302062743352,12,0
5.732,-0.0012440184243352,12,0
5.734,-0.0011910930243352,12,0
5.736,-0.0012073433243352,12,0
5.738,-0.0012235936243352,12,0
5.74,-0.0012398439243352,12,0
5.742,-0.0012560942243352,12,0
5.744,-0.0011973729243352,12,0
5.746,-0.0011906937243352,12,0
5.748,-0.0019394659243352,12,0
5.75,-0.0019438340243352,12,0
5.752,-0.0019482021243352,12,0
5.754,-0.0019525702243352,12,0
5.756,-0.0019569383243352,12,0
5.758,-0.0013889038243352,12,0
5.76,-0.0011824294243352,12,0
5.762,-0.0011895926243352,12,0
5.764,-0.0015667617243352,12,0
5.766,-0.0015557809743352,12,0
5.768,-0.0015448002243352,12,0
5.77,-0.0015338194743352,12,0
5.772,-0.0015228387243352,12,0
5.774,-0.0011990064243352,12,0
5.776,-0.0012613940243352,12,0
5.778,-0.0013458278243352,12,0
5.78,-0.0014277599493352,12,0
5.782,-0.0015096920743352,12,0
5.784,-0.0015916241993352,12,0
5.786,-0.0016735563243352,12,0
5.788,-0.0012100537243352,12,0
5.79,-0.0012071134243352,12,0
5.792,-0.0013301292843352,12,0
5.794,-0.0014531451443352,12,0
5.796,-0.0015761610043352,12,0
5.798,-0.0016991768643352,12,0
5.8,-0.0018221927243352,12,0
5.802,-0.0012915956243352,12,0
5.804,-0.0012251545243352,12,0
5.806,-0.0012049475243352,12,0
5.808,-0.0019253694243352,12,0
5.81,-0.0019359286910019,12,0
5.812,-0.0019464879576686,12,0
5.814,-0.0019570472243352,12,0
5.816,-0.0013839912243352,12,0
5.818,-0.0011850672243352,12,0
5.82,-0.0012177251243352,12,0
5.822,-0.0015739733243352,12,0
5.824,-0.0015596751576686,12,0
5.826,-0.0015453769910019,12,0
5.828,-0.0015310788243352,12,0
5.83,-0.0013548725743352,12,0
5.832,-0.0011786663243352,12,0
5.834,-0.0012312529243352,12,0
5.836,-0.0013318523243352,12,0
5.838,-0.0013009216993352,12,0
5.84,-0.0012699910743352,12,0
5.842,-0.0012390604493352,12,0
5.844,-0.0012081298243352,12,0
5.846,-0.0011872452243352,12,0
5.848,-0.0012056815910019,12,0
5.85,-0.0012241179576686,12,0
5.852,-0.0012425543243352,12,0
5.854,-0.0012609906910019,12,0
5.856,-0.0012794270576686,12,0
5.858,-0.0012978634243352,12,0
5.86,-0.0012583750743352,12,0
5.862,-0.0012188867243352,12,0
5.864,-0.0011911172243352,12,0
5.866,-0.0019117206243352,12,0
5.868,-0.0019335449910019,12,0
5.87,-0.0019553693576686,12,0
5.872,-0.0019771937243352,12,0
5.874,-0.0014070780243352,12,0
5.876,-0.0012125342243352,12,0
5.878,-0.0015704280243352,12,0
5.88,-0.0015598986043352,12,0
5.882,-0.0015493691843352,12,0
5.884,-0.0015388397643352,12,0
5.886,-0.0015283103443352,12,0
5.888,-0.0015177809243352,12,0
5.89,-0.0011824778243352,12,0
5.892,-0.0012497296243352,12,0
5.894,-0.0013089591243352,12,0
5.896,-0.0014047911243352,12,0
5.898,-0.0015006231243352,12,0
5.9,-0.0015964551243352,12,0
5.902,-0.0016922871243352,12,0
5.904,-0.0012193465243352,12,0
5.906,-0.0012533354243352,12,0
5.908,-0.0011951102243352,12,0
5.91,-0.0012283650576686,12,0
5.912,-0.0012616198910019,12,0
5.914,-0.0012948747243352,12,0
5.916,-0.0012619344910019,12,0
5.918,-0.0012289942576686,12,0
5.92,-0.0011960540243352,12,0
5.922,-0.0011903065243352,12,0
5.924,-0.0018997053243352,12,0
5.926,-0.0017317048910019,12,0
5.928,-0.0015637044576686,12,0
5.93,-0.0013957040243352,12,0
5.932,-0.0011967800243352,12,0
5.934,-0.0012428205243352,12,0
5.936,-0.0014042526743352,12,0
5.938,-0.0015656848243352,12,0
5.94,-0.0015485300493352,12,0
5.942,-0.0015313752743352,12,0
5.944,-0.0015142204993352,12,0
5.946,-0.0014970657243352,12,0
5.948,-0.0011703778243352,12,0
5.95,-0.0013015660243352,12,0
5.952,-0.0013975825493352,12,0
5.954,-0.0014935990743352,12,0
5.956,-0.0015896155993352,12,0
5.958,-0.0016856321243352,12,0
5.96,-0.0012152446243352,12,0
5.962,-0.0012192134243352,12,0
5.964,-0.0012231822243352,12,0
5.966,-0.0011784243243352,12,0
5.968,-0.0013407548993352,12,0
5.97,-0.0015030854743352,12,0
5.972,-0.0016654160493352,12,0
5.974,-0.0018277466243352,12,0
5.976,-0.0012810202243352,12,0
5.978,-0.0012071860243352,12,0
5.98,-0.0011663727243352,12,0
5.982,-0.0018732063243352,12,0
5.984,-0.0019064934243352,12,0
5.986,-0.0019397805243352,12,0
5.988,-0.0019730676243352,12,0
5.99,-0.0013789697243352,12,0
5.992,-0.0012044877243352,12,0
5.994,-0.0013759447243352,12,0
5.996,-0.0015474017243352,12,0
5.998,-0.0015395306743352,12,0
6.0,-0.0015316596243352,13,0
6.002,-0.0015237885743352,13,0
6.004,-0.0015159175243352,13,0
6.006,-0.0011939607243352,13,0
6.008,-0.0012529361243352,13,0
6.01,-0.0013157472243352,13,0
6.012,-0.0014368762910019,13,0
6.014,-0.0015580053576686,13,0
6.016,-0.0016791344243352,13,0
6.018,-0.0012137321243352,13,0
6.02,-0.0012406667243352,13,0
6.022,-0.0011791745243352,13,0
6.024,-0.0012009037043352,13,0
6.026,-0.0012226328843352,13,0
6.028,-0.0012443620643352,13,0
6.03,-0.0012660912443352,13,0
6.032,-0.0012878204243352,13,0
6.034,-0.0012466985743352,13,0
6.036,-0.0012055767243352,13,0
6.038,-0.0011720234243352,13,0
6.04,-0.0018891178243352,13,0
6.042,-0.0016446070743352,13,0
6.044,-0.0014000963243352,13,0
6.046,-0.0011941543243352,13,0
6.048,-0.0012196732243352,13,0
6.05,-0.0012619488957638,13,0
6.052,-0.0013042245671924,13,0
6.054,-0.001346500238621,13,0
6.056,-0.0013887759100495,13,0
6.058,-0.0014310515814781,13,0
6.06,-0.0014733272529067,13,0
6.062,-0.0015156029243352,13,0
6.064,-0.0011671713243352,13,0
6.066,-0.0012481808243352,13,0
6.068,-0.0013103022243352,13,0
6.07,-0.0012796206576686,13,0
6.072,-0.0012489390910019,13,0
6.074,-0.0012182575243352,13,0
6.076,-0.0012381015243352,13,0
6.078,-0.0011780250243352,13,0
6.08,-0.0013452107243352,13,0
6.082,-0.0015123964243352,13,0
6.084,-0.0016795821243352,13,0
6.086,-0.0018467678243352,13,0
6.088,-0.0015727451743352,13,0
6.09,-0.0012987225243352,13,0
6.092,-0.0012620413743352,13,0
6.094,-0.0012253602243352,13,0
6.096,-0.0011700995243352,13,0
6.098,-0.0018672652243352,13,0
6.1,-0.0017562900743352,13,0
6.102,-0.0016453149243352,13,0
6.104,-0.0015343397743352,13,0
6.106,-0.0014233646243352,13,0
6.108,-0.0012039432243352,13,0
6.11,-0.0015688429243352,13,0
6.112,-0.0014954273843352,13,0
6.114,-0.0014220118443352,13,0
6.116,-0.0013485963043352,13,0
6.118,-0.0012751807643352,13,0
6.12,-0.0012017652243352,13,0
6.122,-0.0012532144243352,13,0
6.124,-0.0013253909243352,13,0
6.126,-0.0013022194243352,13,0
6.128,-0.0012790479243352,13,0
6.13,-0.0012558764243352,13,0
6.132,-0.0012327049243352,13,0
6.134,-0.0012095334243352,13,0
6.136,-0.0012286877243352,13,0
6.138,-0.0012478420243352,13,0
6.14,-0.0012075006243352,13,0
6.142,-0.0014394374576686,13,0
6.144,-0.0016713742910019,13,0
6.146,-0.0019033111243352,13,0
6.148,-0.0013520230243352,13,0
6.15,-0.0012896293743352,13,0
6.152,-0.0012272357243352,13,0
6.154,-0.0019112124243352,13,0
6.156,-0.0017709056643352,13,0
6.158,-0.0016305989043352,13,0
6.16,-0.0014902921443352,13,0
6.162,-0.0013499853843352,13,0
6.164,-0.0012096786243352,13,0
6.166,-0.0012342537243352,13,0
6.168,-0.0015720010243352,13,0
6.17,-0.0015663079743352,13,0
6.172,-0.0015606149243352,13,0
6.174,-0.0015549218743352,13,0
6.176,-0.0015492288243352,13,0
6.178,-0.0011955216243352,13,0
6.18,-0.0012570380243352,13,0
6.182,-0.0013187359243352,13,0
6.184,-0.0014049193843352,13,0
6.186,-0.0014911028443352,13,0
6.188,-0.0015772863043352,13,0
6.19,-0.0016634697643352,13,0
6.192,-0.0017496532243352,13,0
6.194,-0.0012726470243352,13,0
6.196,-0.0012838637243352,13,0
6.198,-0.0014722728243352,13,0
6.2,-0.0016606819243352,13,0
6.202,-0.0018490910243352,13,0
6.204,-0.0016704748576686,13,0
6.206,-0.0014918586910019,13,0
6.208,-0.0013132425243352,13,0
6.21,-0.0012354879243352,13,0
6.212,-0.0012411870243352,13,0
6.214,-0.0018797282243352,13,0
6.216,-0.0016541176743352,13,0
6.218,-0.0014285071243352,13,0
6.22,-0.0012326565243352,13,0
6.222,-0.0013888675243352,13,0
6.224,-0.0015450785243352,13,0
6.226,-0.0014820665643352,13,0
6.228,-0.0014190546043352,13,0
6.23,-0.0013560426443352,13,0
6.232,-0.0012930306843352,13,0
6.234,-0.0012300187243352,13,0
6.236,-0.0012585202743352,13,0
6.238,-0.0012870218243352,13,0
6.24,-0.0013743063843352,13,0
6.242,-0.0014615909443352,13,0
6.244,-0.0015488755043352,13,0
6.246,-0.0016361600643352,13,0
6.248,-0.0017234446243352,13,0
6.25,-0.0012654233243352,13,0
6.252,-0.0012824117243352,13,0
6.254,-0.0012165756243352,13,0
6.256,-0.0013809450493352,13,0
6.258,-0.0015453144743352,13,0
6.26,-0.0017096838993352,13,0
6.262,-0.0018740533243352,13,0
6.264,-0.0013255603243352,13,0
6.266,-0.0012324387243352,13,0
6.268,-0.0012115904243352,13,0
6.27,-0.0012684967243352,13,0
6.272,-0.0013254030243352,13,0
6.274,-0.0013823093243352,13,0
6.276,-0.0014392156243352,13,0
6.278,-0.0011994420243352,13,0
6.28,-0.0012579213243352,13,0
6.282,-0.0015556418243352,13,0
6.284,-0.0015667254243352,13,0
6.286,-0.0015778090243352,13,0
6.288,-0.0015888926243352,13,0
6.29,-0.0015999762243352,13,0
6.292,-0.0014404800743352,13,0
6.294,-0.0012809839243352,13,0
6.296,-0.0012999385743352,13,0
6.298,-0.0013188932243352,13,0
6.3,-0.0013029877743352,13,0
6.302,-0.0012870823243352,13,0
6.304,-0.0012711768743352,13,0
6.306,-0.0012552714243352,13,0
6.308,-0.0012590829243352,13,0
6.31,-0.0013688581576686,13,0
6.312,-0.0014786333910019,13,0
6.314,-0.0015884086243352,13,0
6.316,-0.0016981838576686,13,0
6.318,-0.0018079590910019,13,0
6.32,-0.0019177343243352,13,0
6.322,-0.0013387614243352,13,0
6.324,-0.0012412112243352,13,0
6.326,-0.0018691407243352,13,0
6.328,-0.0017378412043352,13,0
6.33,-0.0016065416843352,13,0
6.332,-0.0014752421643352,13,0
6.334,-0.0013439426443352,13,0
6.336,-0.0012126431243352,13,0
6.338,-0.0013827267743352,13,0
6.34,-0.0015528104243352,13,0
6.342,-0.0014817277643352,13,0
6.344,-0.0014106451043352,13,0
6.346,-0.0013395624443352,13,0
6.348,-0.0012684797843352,13,0
6.35,-0.0011973971243352,13,0
6.352,-0.0012739659243352,13,0
6.354,-0.0012944209743352,13,0
6.356,-0.0013148760243352,13,0
6.358,-0.0014210172243352,13,0
6.36,-0.0015271584243352,13,0
6.362,-0.0016332996243352,13,0
6.364,-0.0017394408243352,13,0
6.366,-0.0012509759243352,13,0
6.368,-0.0012623862243352,13,0
6.37,-0.0011868943243352,13,0
6.372,-0.0015368747243352,13,0
6.374,-0.0018868551243352,13,0
6.376,-0.0012148574243352,13,0
6.378,-0.0018421940243352,13,0
6.38,-0.0017523912814781,13,0
6.382,-0.001662588538621,13,0
6.384,-0.0015727857957638,13,0
6.386,-0.0014829830529067,13,0
6.388,-0.0013931803100495,13,0
6.39,-0.0013033775671924,13,0
6.392,-0.0012135748243352,13,0
6.394,-0.0012396563743352,13,0
6.396,-0.0012657379243352,13,0
6.398,-0.0015343458243352,13,0
6.4,-0.0015481428493352,13,0
6.402,-0.0015619398743352,13,0
6.404,-0.0015757368993352,13,0
6.406,-0.0015895339243352,13,0
6.408,-0.0012281674243352,13,0
6.41,-0.0012908454243352,13,0
6.412,-0.0013219061243352,13,0
6.414,-0.0014690259910019,13,0
6.416,-0.0016161458576686,13,0
6.418,-0.0017632657243352,13,0
6.42,-0.0015107084743352,13,0
6.422,-0.0012581512243352,13,0
6.424,-0.0012641044243352,13,0
6.426,-0.0011999260243352,13,0
6.428,-0.0013630854493352,13,0
6.43,-0.0015262448743352,13,0
6.432,-0.0016894042993352,13,0
6.434,-0.0018525637243352,13,0
6.436,-0.0013126859243352,13,0
6.438,-0.0012166603243352,13,0
6.44,-0.0018521886243352,13,0
6.442,-0.0017669465443352,13,0
6.444,-0.0016817044643352,13,0
6.446,-0.0015964623843352,13,0
6.448,-0.0015112203043352,13,0
6.45,-0.0014259782243352,13,0
6.452,-0.0012060849243352,13,0
6.454,-0.0012831014243352,13,0
6.456,-0.0015716743243352,13,0
6.458,-0.0015782930243352,13,0
6.46,-0.0015849117243352,13,0
6.462,-0.0015915304243352,13,0
6.464,-0.0013985959243352,13,0
6.466,-0.0012056614243352,13,0
6.468,-0.0013189295243352,13,0
6.47,-0.0014052388243352,13,0
6.472,-0.0014915481243352,13,0
6.474,-0.0015778574243352,13,0
6.476,-0.0016641667243352,13,0
6.478,-0.0017504760243352,13,0
6.48,-0.0012777169243352,13,0
6.482,-0.0012919949243352,13,0
6.484,-0.0012309020243352,13,0
6.486,-0.0014019566993352,13,0
6.488,-0.0015730113743352,13,0
6.49,-0.0017440660493352,13,0
6.492,-0.0019151207243352,13,0
6.494,-0.0013383258243352,13,0
6.496,-0.0012149300243352,13,0
6.498,-0.0015287858743352,13,0
6.5,-0.0018426417243352,14,0
6.502,-0.0017402394243352,14,0
6.504,-0.0016378371243352,14,0
6.506,-0.0015354348243352,14,0
6.508,-0.0014330325243352,14,0
6.51,-0.0011950981243352,14,0
6.512,-0.0012552593243352,14,0
6.514,-0.0015109565243352,14,0
6.516,-0.0015245901993352,14,0
6.518,-0.0015382238743352,14,0
6.52,-0.0015518575493352,14,0
6.522,-0.0015654912243352,14,0
6.524,-0.0012111064243352,14,0
6.526,-0.0012757325243352,14,0
6.528,-0.0012908817243352,14,0
6.53,-0.0014111103493352,14,0
6.532,-0.0015313389743352,14,0
6.534,-0.0016515675993352,14,0
6.536,-0.0017717962243352,14,0
6.538,-0.0012727075243352,14,0
6.54,-0.0012626040243352,14,0
6.542,-0.0012170838243352,14,0
6.544,-0.0013842241493352,14,0
6.546,-0.0015513644743352,14,0
6.548,-0.0017185047993352,14,0
6.55,-0.0018856451243352,14,0
6.552,-0.0013420163243352,14,0
6.554,-0.0012355726243352,14,0
6.556,-0.0012235210243352,14,0
6.558,-0.0018468525243352,14,0
6.56,-0.0017185199243352,14,0
6.562,-0.0015901873243352,14,0
6.564,-0.0014618547243352,14,0
6.566,-0.0011918432243352,14,0
6.568,-0.0012135324743352,14,0
6.57,-0.0012352217243352,14,0
6.572,-0.0015249804243352,14,0
6.574,-0.0015446398993352,14,0
6.576,-0.0015642993743352,14,0
6.578,-0.0015839588493352,14,0
6.58,-0.0016036183243352,14,0
6.582,-0.0012329711243352,14,0
6.584,-0.0013026792243352,14,0
6.586,-0.0013141379243352,14,0
6.588,-0.0014545543910019,14,0
6.59,-0.0015949708576686,14,0
6.592,-0.0017353873243352,14,0
6.594,-0.0015020085743352,14,0
6.596,-0.0012686298243352,14,0
6.598,-0.0012858481243352,14,0
6.6,-0.0012108886243352,14,0
6.602,-0.0012471008993352,14,0
6.604,-0.0012833131743352,14,0
6.606,-0.0013195254493352,14,0
6.608,-0.0013557377243352,14,0
6.61,-0.0012980146743352,14,0
6.612,-0.0012402916243352,14,0
6.614,-0.0012367826243352,14,0
6.616,-0.0018657285243352,14,0
6.618,-0.0017706043743352,14,0
6.62,-0.0016754802243352,14,0
6.622,-0.0015803560743352,14,0
6.624,-0.0014852319243352,14,0
6.626,-0.0012828836243352,14,0
6.628,-0.0015278965243352,14,0
6.63,-0.0015414170643352,14,0
6.632,-0.0015549376043352,14,0
6.634,-0.0015684581443352,14,0
6.636,-0.0015819786843352,14,0
6.638,-0.0015954992243352,14,0
6.64,-0.0012942455243352,14,0
6.642,-0.0012974520243352,14,0
6.644,-0.0013006585243352,14,0
6.646,-0.0014567243243352,14,0
6.648,-0.0016127901243352,14,0
6.65,-0.0017688559243352,14,0
6.652,-0.0012687750243352,14,0
6.654,-0.0012578668743352,14,0
6.656,-0.0012469587243352,14,0
6.658,-0.0014074682493352,14,0
6.66,-0.0015679777743352,14,0
6.662,-0.0017284872993352,14,0
6.664,-0.0018889968243352,14,0
6.666,-0.0016058749743352,14,0
6.668,-0.0013227531243352,14,0
6.67,-0.0012275745243352,14,0
6.672,-0.0012297646243352,14,0
6.674,-0.0018096329243352,14,0
6.676,-0.0016978410243352,14,0
6.678,-0.0015860491243352,14,0
6.68,-0.0014742572243352,14,0
6.682,-0.0013389368743352,14,0
6.684,-0.0012036165243352,14,0
6.686,-0.0012674077243352,14,0
6.688,-0.0015204187243352,14,0
6.69,-0.0015461997910019,14,0
6.692,-0.0015719808576686,14,0
6.694,-0.0015977619243352,14,0
6.696,-0.0014444125743352,14,0
6.698,-0.0012910632243352,14,0
6.7,-0.0012893873743352,14,0
6.702,-0.0012877115243352,14,0
6.704,-0.0012777895243352,14,0
6.706,-0.0012678675243352,14,0
6.708,-0.0012579455243352,14,0
6.71,-0.0012480235243352,14,0
6.712,-0.0012499716243352,14,0
6.714,-0.0012065931243352,14,0
6.716,-0.0013500386243352,14,0
6.718,-0.0014934841243352,14,0
6.72,-0.0016369296243352,14,0
6.722,-0.0017803751243352,14,0
6.724,-0.0019238206243352,14,0
6.726,-0.0013734037243352,14,0
6.728,-0.0012631969243352,14,0
6.73,-0.0012428689243352,14,0
6.732,-0.0018127789243352,14,0
6.734,-0.0016665322743352,14,0
6.736,-0.0015202856243352,14,0
6.738,-0.0013740389743352,14,0
6.74,-0.0012277923243352,14,0
6.742,-0.0014980579243352,14,0
6.744,-0.0015260791043352,14,0
6.746,-0.0015541002843352,14,0
6.748,-0.0015821214643352,14,0
6.75,-0.0016101426443352,14,0
6.752,-0.0016381638243352,14,0
6.754,-0.0012454462243352,14,0
6.756,-0.0013163401243352,14,0
6.758,-0.0014732488910019,14,0
6.76,-0.0016301576576686,14,0
6.762,-0.0017870664243352,14,0
6.764,-0.0015408556243352,14,0
6.766,-0.0012946448243352,14,0
6.768,-0.0012883286243352,14,0
6.77,-0.0012304059243352,14,0
6.772,-0.0014009070243352,14,0
6.774,-0.0015714081243352,14,0
6.776,-0.0017419092243352,14,0
6.778,-0.0019124103243352,14,0
6.78,-0.0016258944243352,14,0
6.782,-0.0013393785243352,14,0
6.784,-0.0012272962243352,14,0
6.786,-0.0012397955243352,14,0
6.788,-0.0018177520243352,14,0
6.79,-0.0017393863743352,14,0
6.792,-0.0016610207243352,14,0
6.794,-0.0015826550743352,14,0
6.796,-0.0015042894243352,14,0
6.798,-0.0012266912243352,14,0
6.8,-0.0013205660493352,14,0
6.802,-0.0014144408743352,14,0
6.804,-0.0015083156993352,14,0
6.806,-0.0016021905243352,14,0
6.808,-0.0012322814243352,14,0
6.81,-0.0013018564243352,14,0
6.812,-0.0013014208243352,14,0
6.814,-0.0013787277243352,14,0
6.816,-0.0014560346243352,14,0
6.818,-0.0015333415243352,14,0
6.82,-0.0016106484243352,14,0
6.822,-0.0016879553243352,14,0
6.824,-0.0017652622243352,14,0
6.826,-0.0012749097243352,14,0
6.828,-0.0012745104243352,14,0
6.83,-0.0012395414243352,14,0
6.832,-0.0014078403243352,14,0
6.834,-0.0015761392243352,14,0
6.836,-0.0017444381243352,14,0
6.838,-0.0019127370243352,14,0
6.84,-0.0013661800243352,14,0
6.842,-0.0012477452243352,14,0
6.844,-0.0015241636743352,14,0
6.846,-0.0018005821243352,14,0
6.848,-0.0017175821743352,14,0
6.85,-0.0016345822243352,14,0
6.852,-0.0015515822743352,14,0
6.854,-0.0014685823243352,14,0
6.856,-0.0012041852243352,14,0
6.858,-0.0012853278243352,14,0
6.86,-0.0013545567643352,14,0
6.862,-0.0014237857043352,14,0
6.864,-0.0014930146443352,14,0
6.866,-0.0015622435843352,14,0
6.868,-0.0016314725243352,14,0
6.87,-0.0012239929243352,14,0
6.872,-0.0012837185243352,14,0
6.874,-0.0012846502243352,14,0
6.876,-0.0012859872743352,14,0
6.878,-0.0012873243243352,14,0
6.88,-0.0012886613743352,14,0
6.882,-0.0012899984243352,14,0
6.884,-0.0012687871243352,14,0
6.886,-0.0012316280243352,14,0
6.888,-0.0012587852643352,14,0
6.89,-0.0012859425043352,14,0
6.892,-0.0013130997443352,14,0
6.894,-0.0013402569843352,14,0
6.896,-0.0013674142243352,14,0
6.898,-0.0012347861243352,14,0
6.9,-0.0012318942243352,14,0
6.902,-0.0015143324243352,14,0
6.904,-0.0017967706243352,14,0
6.906,-0.0016502063493352,14,0
6.908,-0.0015036420743352,14,0
6.91,-0.0013570777993352,14,0
6.912,-0.0012105135243352,14,0
6.914,-0.0013490464243352,14,0
6.916,-0.0014875793243352,14,0
6.918,-0.0015166072243352,14,0
6.92,-0.0015456351243352,14,0
6.922,-0.0015746630243352,14,0
6.924,-0.0016036909243352,14,0
6.926,-0.0016327188243352,14,0
6.928,-0.0012310956243352,14,0
6.93,-0.0013024372243352,14,0
6.932,-0.0013315740243352,14,0
6.934,-0.0014782582910019,14,0
6.936,-0.0016249425576686,14,0
6.938,-0.0017716268243352,14,0
6.94,-0.0012767247243352,14,0
6.942,-0.0012549628743352,14,0
6.944,-0.0012332010243352,14,0
6.946,-0.0013754123243352,14,0
6.948,-0.0015176236243352,14,0
6.95,-0.0016598349243352,14,0
6.952,-0.0018020462243352,14,0
6.954,-0.0019442575243352,14,0
6.956,-0.0013808210243352,14,0
6.958,-0.0012467651243352,14,0
6.96,-0.0012874211243352,14,0
6.962,-0.0018062207243352,14,0
6.964,-0.0017294704243352,14,0
6.966,-0.0016527201243352,14,0
6.968,-0.0015759698243352,14,0
6.97,-0.0014992195243352,14,0
6.972,-0.0012181002243352,14,0
6.974,-0.0012926604243352,14,0
6.976,-0.0014912577243352,14,0
6.978,-0.0015291912243352,14,0
6.98,-0.0015671247243352,14,0
6.982,-0.0016050582243352,14,0
6.984,-0.0012034108243352,14,0
6.986,-0.0012780557243352,14,0
6.988,-0.0012926483243352,14,0
6.99,-0.0013072409243352,14,0
6.992,-0.0014236610743352,14,0
6.994,-0.0015400812243352,14,0
6.996,-0.0016565013743352,14,0
6.998,-0.0017729215243352,14,0
7.0,-0.0012831740243352,15,0
7.002,-0.0012760592243352,15,0
7.004,-0.0012452284243352,15,0
7.006,-0.0014647506576686,15,0
7.008,-0.0016842728910019,15,0
7.01,-0.0019037951243352,15,0
7.012,-0.0013407458243352,15,0
7.014,-0.0012934469243352,15,0
7.016,-0.0012461480243352,15,0
7.018,-0.0015192208243352,15,0
7.02,-0.0017922936243352,15,0
7.022,-0.0016781059243352,15,0
7.024,-0.0015639182243352,15,0
7.026,-0.0014497305243352,15,0
7.028,-0.0013209320743352,15,0
7.03,-0.0011921336243352,15,0
7.032,-0.0012838516243352,15,0
7.034,-0.0015052332243352,15,0
7.036,-0.0014321340993352,15,0
7.038,-0.0013590349743352,15,0
7.04,-0.0012859358493352,15,0
7.042,-0.0012128367243352,15,0
7.044,-0.0013039376243352,15,0
7.046,-0.0013124802243352,15,0
7.048,-0.0013210228243352,15,0
7.05,-0.0014647829243352,15,0
7.052,-0.0016085430243352,15,0
7.054,-0.0017523031243352,15,0
7.056,-0.0012628823243352,15,0
7.058,-0.0012663066243352,15,0
7.06,-0.0013948473443352,15,0
7.062,-0.0015233880643352,15,0
7.064,-0.0016519287843352,15,0
7.066,-0.0017804695043352,15,0
7.068,-0.0019090102243352,15,0
7.07,-0.0012070892243352,15,0
7.072,-0.0014868775243352,15,0
7.074,-0.0017666658243352,15,0
7.076,-0.0016532646243352,15,0
7.078,-0.0015398634243352,15,0
7.08,-0.0014264622243352,15,0
7.082,-0.0013130610243352,15,0
7.084,-0.0011996598243352,15,0
7.086,-0.0012860417243352,15,0
7.088,-0.001330842838621,15,0
7.09,-0.0013756439529067,15,0
7.092,-0.0014204450671924,15,0
7.094,-0.0014652461814781,15,0
7.096,-0.0015100472957638,15,0
7.098,-0.0015548484100495,15,0
7.1,-0.0015996495243352,15,0
7.102,-0.0012161158243352,15,0
7.104,-0.0013018927243352,15,0
7.106,-0.0013098424243352,15,0
7.108,-0.0012976940243352,15,0
7.11,-0.0012855456243352,15,0
7.112,-0.0012733972243352,15,0
7.114,-0.0012612488243352,15,0
7.116,-0.0013535735529067,15,0
7.118,-0.0014458982814781,15,0
7.12,-0.0015382230100495,15,0
7.122,-0.001630547738621,15,0
7.124,-0.0017228724671924,15,0
7.126,-0.0018151971957638,15,0
7.128,-0.0019075219243352,15,0
7.13,-0.0012150752243352,15,0
7.132,-0.0012515325243352,15,0
7.134,-0.0015114647243352,15,0
7.136,-0.0017713969243352,15,0
7.138,-0.0016283930743352,15,0
7.14,-0.0014853892243352,15,0
7.142,-0.0013423853743352,15,0
7.144,-0.0011993815243352,15,0
7.146,-0.0012518471243352,15,0
7.148,-0.0013043127243352,15,0
7.15,-0.0015112106243352,15,0
7.152,-0.0015387048493352,15,0
7.154,-0.0015661990743352,15,0
7.156,-0.0015936932993352,15,0
7.158,-0.0016211875243352,15,0
7.16,-0.0012322330243352,15,0
7.162,-0.0013089228243352,15,0
7.164,-0.0015380544743352,15,0
7.166,-0.0017671861243352,15,0
7.168,-0.0016410466493352,15,0
7.17,-0.0015149071743352,15,0
7.172,-0.0013887676993352,15,0
7.174,-0.0012626282243352,15,0
7.176,-0.0012426632243352,15,0
7.178,-0.0013858643043352,15,0
7.18,-0.0015290653843352,15,0
7.182,-0.0016722664643352,15,0
7.184,-0.0018154675443352,15,0
7.186,-0.0019586686243352,15,0
7.188,-0.0013688178243352,15,0
7.19,-0.0012557917243352,15,0
7.192,-0.0015080948743352,15,0
7.194,-0.0017603980243352,15,0
7.196,-0.0014712927243352,15,0
7.198,-0.0013332256743352,15,0
7.2,-0.0011951586243352,15,0
7.202,-0.0012257272576686,15,0
7.204,-0.0012562958910019,15,0
7.206,-0.0012868645243352,15,0
7.208,-0.0014521868243352,15,0
7.21,-0.0014936111743352,15,0
7.211999999999998,-0.0015350355243352,15,0
7.214,-0.0015764598743352,15,0
7.216,-0.0016178842243352,15,0
7.218,-0.0013018080243352,15,0
7.219999999999998,-0.0014224661993352,15,0
7.222,-0.0015431243743352,15,0
7.224,-0.0016637825493352,15,0
7.226,-0.0017844407243352,15,0
7.227999999999998,-0.0016143873243352,15,0
7.23,-0.0014443339243352,15,0
7.232,-0.0012742805243352,15,0
7.234,-0.0012879172243352,15,0
7.235999999999998,-0.0013015539243352,15,0
7.238,-0.0013151906243352,15,0
7.24,-0.0013288273243352,15,0
7.242,-0.0013424640243352,15,0
7.243999999999998,-0.0012744741243352,15,0
7.246,-0.0012064842243352,15,0
7.248,-0.0012640802243352,15,0
7.25,-0.0017558484243352,15,0
7.251999999999998,-0.0016442114043352,15,0
7.253999999999999,-0.0015325743843352,15,0
7.256,-0.0014209373643352,15,0
7.258,-0.0013093003443352,15,0
7.259999999999998,-0.0011976633243352,15,0
7.261999999999999,-0.0012700092243352,15,0
7.264,-0.0014650128243352,15,0
7.266,-0.0014984239493352,15,0
7.267999999999998,-0.0015318350743352,15,0
7.269999999999999,-0.0015652461993352,15,0
7.272,-0.0015986573243352,15,0
7.274,-0.0011915770243352,15,0
7.276,-0.0012694163243352,15,0
7.277999999999999,-0.0012804152243352,15,0
7.28,-0.0014057984493352,15,0
7.282,-0.0015311816743352,15,0
7.284,-0.0016565648993352,15,0
7.285999999999999,-0.0017819481243352,15,0
7.288,-0.0012578124243352,15,0
7.29,-0.0012381741243352,15,0
7.292,-0.0013546668743352,15,0
7.293999999999999,-0.0014711596243352,15,0
7.296,-0.0015876523743352,15,0
7.298,-0.0017041451243352,15,0
7.3,-0.0018206378743352,15,0
7.301999999999999,-0.0019371306243352,15,0
7.304,-0.0013402860243352,15,0
7.306,-0.0012594459243352,15,0
7.308,-0.0017609667243352,15,0
7.309999999999999,-0.0016836567993352,15,0
7.312,-0.0016063468743352,15,0
7.314,-0.0015290369493352,15,0
7.316,-0.0014517270243352,15,0
7.317999999999999,-0.0011817276243352,15,0
7.32,-0.0012932291243352,15,0
7.322,-0.0013797380743352,15,0
7.324,-0.0014662470243352,15,0
7.325999999999999,-0.0015425435743352,15,0
7.328,-0.0016188401243352,15,0
7.33,-0.0015046846910019,15,0
7.332,-0.0013905292576686,15,0
7.333999999999999,-0.0012763738243352,15,0
7.336,-0.0012746011743352,15,0
7.338,-0.0012728285243352,15,0
7.34,-0.0012670326243352,15,0
7.341999999999999,-0.0012631202910019,15,0
7.344,-0.0012592079576686,15,0
7.346,-0.0012552956243352,15,0
7.348,-0.0012513832910019,15,0
7.349999999999999,-0.0012474709576686,15,0
7.352,-0.0012435586243352,15,0
7.354,-0.0014666100243352,15,0
7.356,-0.0016896614243352,15,0
7.357999999999999,-0.0019127128243352,15,0
7.36,-0.0016294094743352,15,0
7.362,-0.0013461061243352,15,0
7.364,-0.0012512058243352,15,0
7.365999999999999,-0.0012939571410019,15,0
7.368,-0.0013367084576686,15,0
7.37,-0.0013794597743352,15,0
7.372,-0.0014222110910019,15,0
7.373999999999999,-0.0014649624076686,15,0
7.376,-0.0015077137243352,15,0
7.378,-0.0013115606243352,15,0
7.38,-0.0013714999910019,15,0
7.381999999999999,-0.0014314393576686,15,0
7.384,-0.0014913787243352,15,0
7.386,-0.0015513180910019,15,0
7.388,-0.0016112574576686,15,0
7.389999999999999,-0.0016711968243352,15,0
7.392,-0.0012255780243352,15,0
7.394,-0.0012928177243352,15,0
7.396,-0.0013060309243352,15,0
7.397999999999999,-0.0014266800243352,15,0
7.4,-0.0015473291243352,15,0
7.402,-0.0016679782243352,15,0
7.404,-0.0017886273243352,15,0
7.405999999999999,-0.0012831014243352,15,0
7.408,-0.0012530208243352,15,0
7.41,-0.0012383798243352,15,0
7.412,-0.0014809001243352,15,0
7.413999999999999,-0.0017234204243352,15,0
7.416,-0.0019659407243352,15,0
7.418,-0.0016666109243352,15,0
7.42,-0.0013672811243352,15,0
7.421999999999999,-0.0012204234243352,15,0
7.424,-0.0012561668243352,15,0
7.426,-0.0017229122243352,15,0
7.428,-0.0016646325743352,15,0
7.429999999999999,-0.0016063529243352,15,0
7.432,-0.0015480732743352,15,0
7.434,-0.0014897936243352,15,0
7.436,-0.0012048870243352,15,0
7.437999999999999,-0.0012922127243352,15,0
7.44,-0.0014664527243352,15,0
7.442,-0.0015175147243352,15,0
7.444,-0.0015685767243352,15,0
7.445999999999999,-0.0016196387243352,15,0
7.448,-0.0016707007243352,15,0
7.45,-0.0012558764243352,15,0
7.452,-0.0013132062243352,15,0
7.453999999999998,-0.0015580860243352,15,0
7.456,-0.0018029658243352,15,0
7.458,-0.0016257532576686,15,0
7.46,-0.0014485406910019,15,0
7.461999999999998,-0.0012713281243352,15,0
7.464,-0.0012613335243352,15,0
7.466,-0.0012513389243352,15,0
7.468,-0.0012371698243352,15,0
7.469999999999998,-0.0014233252993352,15,0
7.472,-0.0016094807743352,15,0
7.474,-0.0017956362493352,15,0
7.476,-0.0019817917243352,15,0
7.477999999999998,-0.0014007376243352,15,0
7.48,-0.0012860417243352,15,0
7.482,-0.0015123419743352,15,0
7.484,-0.0017386422243352,15,0
7.485999999999998,-0.0016516956576686,15,0
7.488,-0.0015647490910019,15,0
7.49,-0.0014778025243352,15,0
7.492,-0.0011942995243352,15,0
7.493999999999998,-0.0012977787243352,15,0
7.496,-0.0013745120843352,15,0
7.498,-0.0014512454443352,15,0
7.5,-0.0015279788043352,16,0
7.501999999999998,-0.0016047121643352,16,0
7.503999999999999,-0.0016814455243352,16,0
7.506,-0.0014810574243352,16,0
7.508,-0.0012806693243352,16,0
7.509999999999998,-0.0012711345243352,16,0
7.511999999999999,-0.0014609875576686,16,0
7.514,-0.0016508405910019,16,0
7.516,-0.0018406936243352,16,0
7.517999999999998,-0.0015638516743352,16,0
7.519999999999999,-0.0012870097243352,16,0
7.522,-0.0012710256243352,16,0
7.524,-0.0012550415243352,16,0
7.526,-0.0012571590243352,16,0
7.527999999999999,-0.0014964324910019,16,0
7.53,-0.0017357059576686,16,0
7.532,-0.0019749794243352,16,0
7.534,-0.0012191771243352,16,0
7.535999999999999,-0.0012354435576686,16,0
7.538,-0.0012517099910019,16,0
7.54,-0.0012679764243352,16,0
7.542,-0.0017089125243352,16,0
7.543999999999999,-0.0016546500743352,16,0
7.546,-0.0016003876243352,16,0
7.548,-0.0015461251743352,16,0
7.55,-0.0014918627243352,16,0
7.551999999999999,-0.0012143734243352,16,0
7.554,-0.0012973068243352,16,0
7.556,-0.0014169395243352,16,0
7.558,-0.0014730109243352,16,0
7.559999999999999,-0.0015290823243352,16,0
7.562,-0.0015851537243352,16,0
7.564,-0.0016412251243352,16,0
7.566,-0.0012210768243352,16,0
7.567999999999999,-0.0012958427243352,16,0
7.57,-0.0012807540243352,16,0
7.572,-0.0014128981243352,16,0
7.574,-0.0015450422243352,16,0
7.575999999999999,-0.0016771863243352,16,0
7.578,-0.0018093304243352,16,0
7.58,-0.0012745709243352,16,0
7.582,-0.0012240050243352,16,0
7.583999999999999,-0.0014025223743352,16,0
7.586,-0.0015810397243352,16,0
7.588,-0.0017595570743352,16,0
7.59,-0.0019380744243352,16,0
7.591999999999999,-0.0013626226243352,16,0
7.594,-0.0012869431743352,16,0
7.596,-0.0012112637243352,16,0
7.598,-0.0012694889243352,16,0
7.599999999999999,-0.0017113930243352,16,0
7.602,-0.0016577658243352,16,0
7.604,-0.0016041386243352,16,0
7.606,-0.0015505114243352,16,0
7.607999999999999,-0.0014968842243352,16,0
7.61,-0.0012077305243352,16,0
7.612,-0.0012837064243352,16,0
7.614,-0.0014498394243352,16,0
7.615999999999999,-0.0014998003243352,16,0
7.618,-0.0015497612243352,16,0
7.62,-0.0015997221243352,16,0
7.622,-0.0016496830243352,16,0
7.623999999999999,-0.0012369278243352,16,0
7.626,-0.0012999083243352,16,0
7.628,-0.0012784187243352,16,0
7.63,-0.0014135484993352,16,0
7.631999999999999,-0.0015486782743352,16,0
7.634,-0.0016838080493352,16,0
7.636,-0.0018189378243352,16,0
7.638,-0.0012443572243352,16,0
7.639999999999999,-0.0012335035243352,16,0
7.642,-0.0013846228443352,16,0
7.644,-0.0015357421643352,16,0
7.646,-0.0016868614843352,16,0
7.647999999999999,-0.0018379808043352,16,0
7.65,-0.0019891001243352,16,0
7.652,-0.0012262314243352,16,0
7.654,-0.0012799433243352,16,0
7.655999999999999,-0.0013166769076686,16,0
7.658,-0.0013534104910019,16,0
7.66,-0.0013901440743352,16,0
7.662,-0.0014268776576686,16,0
7.663999999999999,-0.0014636112410019,16,0
7.666,-0.0015003448243352,16,0
7.668,-0.0011815461243352,16,0
7.67,-0.0012983474243352,16,0
7.671999999999999,-0.0014415630243352,16,0
7.674,-0.0014953928993352,16,0
7.676,-0.0015492227743352,16,0
7.678,-0.0016030526493352,16,0
7.679999999999999,-0.0016568825243352,16,0
7.682,-0.0012263403243352,16,0
7.684,-0.0012871670243352,16,0
7.686,-0.0012706505243352,16,0
7.687999999999999,-0.0015511890243352,16,0
7.69,-0.0018317275243352,16,0
7.692,-0.0015384900743352,16,0
7.694,-0.0012452526243352,16,0
7.695999999999999,-0.0013477845671924,16,0
7.698,-0.0014503165100495,16,0
7.7,-0.0015528484529067,16,0
7.702,-0.0016553803957638,16,0
7.703999999999998,-0.001757912338621,16,0
7.706,-0.0018604442814781,16,0
7.708,-0.0019629762243352,16,0
7.71,-0.0013761141243352,16,0
7.711999999999998,-0.0012425301243352,16,0
7.714,-0.0013272180243352,16,0
7.716,-0.0017292889243352,16,0
7.718,-0.0016830699493352,16,0
7.719999999999998,-0.0016368509743352,16,0
7.722,-0.0015906319993352,16,0
7.724,-0.0015444130243352,16,0
7.726,-0.0013009852243352,16,0
7.727999999999998,-0.0014272729243352,16,0
7.73,-0.0013920304643352,16,0
7.732,-0.0013567880043352,16,0
7.734,-0.0013215455443352,16,0
7.735999999999998,-0.0012863030843352,16,0
7.738,-0.0012510606243352,16,0
7.74,-0.0012891937743352,16,0
7.742,-0.0013273269243352,16,0
7.743999999999998,-0.0012909059243352,16,0
7.746,-0.0014776411910019,16,0
7.748,-0.0016643764576686,16,0
7.75,-0.0018511117243352,16,0
7.751999999999998,-0.0012661009243352,16,0
7.753999999999999,-0.0012718000243352,16,0
7.756,-0.0012662132814781,16,0
7.758,-0.001260626538621,16,0
7.759999999999998,-0.0012550397957638,16,0
7.761999999999999,-0.0012494530529067,16,0
7.764,-0.0012438663100495,16,0
7.766,-0.0012382795671924,16,0
7.767999999999998,-0.0012326928243352,16,0
7.769999999999999,-0.0012701907243352,16,0
7.772,-0.0014781897243352,16,0
7.774,-0.0016861887243352,16,0
7.776,-0.0015281869243352,16,0
7.777999999999999,-0.0013701851243352,16,0
7.78,-0.0012121833243352,16,0
7.782,-0.0013069263243352,16,0
7.784,-0.0014243931243352,16,0
7.785999999999999,-0.0014716291043352,16,0
7.788,-0.0015188650843352,16,0
7.79,-0.0015661010643352,16,0
7.792,-0.0016133370443352,16,0
7.793999999999999,-0.0016605730243352,16,0
7.796,-0.0014511885743352,16,0
7.798,-0.0012418041243352,16,0
7.8,-0.0012979239243352,16,0
7.801999999999999,-0.0012895426576686,16,0
7.804,-0.0012811613910019,16,0
7.806,-0.0012727801243352,16,0
7.808,-0.0012643988576686,16,0
7.809999999999999,-0.0012560175910019,16,0
7.812,-0.0012476363243352,16,0
7.814,-0.0019920525243352,16,0
7.816,-0.0019929648643352,16,0
7.817999999999999,-0.0019938772043352,16,0
7.82,-0.0019947895443352,16,0
7.822,-0.0019957018843352,16,0
7.824,-0.0019966142243352,16,0
7.825999999999999,-0.0013967688243352,16,0
7.828,-0.0012073191243352,16,0
7.83,-0.0012729374243352,16,0
7.832,-0.0013229249443352,16,0
7.833999999999999,-0.0013729124643352,16,0
7.836,-0.0014228999843352,16,0
7.838,-0.0014728875043352,16,0
7.84,-0.0015228750243352,16,0
7.841999999999999,-0.0012859933243352,16,0
7.844,-0.0014091350243352,16,0
7.846,-0.0013709135443352,16,0
7.848,-0.0013326920643352,16,0
7.849999999999999,-0.0012944705843352,16,0
7.852,-0.0012562491043352,16,0
7.854,-0.0012180276243352,16,0
7.856,-0.0012783219243352,16,0
7.857999999999999,-0.0012718000243352,16,0
7.86,-0.0012652781243352,16,0
7.862,-0.0012719542993352,16,0
7.864,-0.0012786304743352,16,0
7.865999999999999,-0.0012853066493352,16,0
7.868,-0.0012919828243352,16,0
7.87,-0.0012731370743352,16,0
7.872,-0.0012542913243352,16,0
7.873999999999999,-0.0014352498493352,16,0
7.876,-0.0016162083743352,16,0
7.878,-0.0017971668993352,16,0
7.88,-0.0019781254243352,16,0
7.881999999999999,-0.0015880516743352,16,0
7.884,-0.0011979779243352,16,0
7.886,-0.0012589740243352,16,0
7.888,-0.0016816754243352,16,0
7.889999999999999,-0.0016504453243352,16,0
7.892,-0.0016192152243352,16,0
7.894,-0.0015879851243352,16,0
7.896,-0.0015567550243352,16,0
7.897999999999999,-0.0015255249243352,16,0
7.9,-0.0012058066243352,16,0
7.902,-0.0012929992243352,16,0
7.904,-0.0014195652243352,16,0
7.905999999999999,-0.0014883174243352,16,0
7.908,-0.0015570696243352,16,0
7.91,-0.0016258218243352,16,0
7.912,-0.0016945740243352,16,0
7.913999999999999,-0.0012761076243352,16,0
7.916,-0.0012670689243352,16,0
7.918,-0.0012580302243352,16,0
7.92,-0.0015505598243352,16,0
7.921999999999999,-0.0018430894243352,16,0
7.924,-0.0015611836243352,16,0
7.926,-0.0012792778243352,16,0
7.928,-0.0012376538243352,16,0
7.929999999999999,-0.0012382043743352,16,0
7.932,-0.0012387549243352,16,0
7.934,-0.0019905521243352,16,0
7.936,-0.0017909021243352,16,0
7.937999999999999,-0.0015912521243352,16,0
7.94,-0.0013916021243352,16,0
7.942,-0.0013318825743352,16,0
7.944,-0.0012721630243352,16,0
7.945999999999999,-0.0016588911243352,16,0
7.948,-0.0016235893743352,16,0
7.95,-0.0015882876243352,16,0
7.952,-0.0015529858743352,16,0
7.953999999999998,-0.0015176841243352,16,0
7.956,-0.0013625742243352,16,0
7.958,-0.0012074643243352,16,0
7.96,-0.0012998841243352,16,0
7.961999999999998,-0.0014105628243352,16,0
7.964,-0.0013711137993352,16,0
7.966,-0.0013316647743352,16,0
7.968,-0.0012922157493352,16,0
7.969999999999998,-0.0012527667243352,16,0
7.972,-0.0012759926743352,16,0
7.974,-0.0012992186243352,16,0
7.976,-0.0012791205243352,16,0
7.977999999999998,-0.0012816857243352,16,0
7.98,-0.0012842509243352,16,0
7.982,-0.0012868161243352,16,0
7.984,-0.0012502983243352,16,0
7.985999999999998,-0.0019784279243352,16,0
7.988,-0.0019802328410019,16,0
7.99,-0.0019820377576686,16,0
7.992,-0.0019838426743352,16,0
7.993999999999998,-0.0019856475910019,16,0
7.996,-0.0019874525076686,16,0
7.998,-0.0019892574243352,16,0
8.0,-0.0014060253243352,17,1
8.002,-0.0012214156243352,17,1
8.003999999999998,-0.0013006101243352,17,1
8.006,-0.0016907867243352,17,1
8.008,-0.0016407411243352,17,1
8.009999999999998,-0.0015906955243352,17,1
8.012,-0.0015406499243352,17,1
8.013999999999998,-0.0012240413243352,17,1
8.016,-0.0012586957243352,17,1
8.018,-0.0012933501243352,17,1
8.019999999999998,-0.0013976732993352,17,1
8.022,-0.0015019964743352,17,1
8.024,-0.0016063196493352,17,1
8.026,-0.0017106428243352,17,1
8.028,-0.0014832596243352,17,1
8.029999999999998,-0.0012558764243352,17,1
8.032,-0.0013126617243352,17,1
8.034,-0.0014309368043352,17,1
8.035999999999998,-0.0015492118843352,17,1
8.038,-0.0016674869643352,17,1
8.04,-0.0017857620443352,17,1
8.042,-0.0019040371243352,17,1
8.044,-0.0013876817243352,17,1
8.045999999999998,-0.0013578431243352,17,1
8.048,-0.0013923281243352,17,1
8.05,-0.0014464756243352,17,1
8.051999999999998,-0.0015006231243352,17,1
8.054,-0.0015547706243352,17,1
8.056,-0.0014942282743352,17,1
8.058,-0.0014336859243352,17,1
8.06,-0.0015430457243352,17,1
8.061999999999998,-0.0017532711243352,17,1
8.064,-0.0019634965243352,17,1
8.066,-0.0019242538043352,17,1
8.067999999999998,-0.0018850110843352,17,1
8.07,-0.0018457683643352,17,1
8.072,-0.0018065256443352,17,1
8.074,-0.0017672829243352,17,1
8.076,-0.0017907831410019,17,1
8.077999999999998,-0.0018142833576686,17,1
8.08,-0.0018377835743352,17,1
8.082,-0.0018612837910019,17,1
8.083999999999998,-0.0018847840076686,17,1
8.086,-0.0019082842243352,17,1
8.088,-0.0019055980243352,17,1
8.09,-0.0018867401743352,17,1
8.092,-0.0018678823243352,17,1
8.093999999999998,-0.0018642620043352,17,1
8.096,-0.0018606416843352,17,1
8.098,-0.0018570213643352,17,1
8.099999999999998,-0.0018534010443352,17,1
8.102,-0.0018497807243352,17,1
8.104,-0.0017671740243352,17,1
8.106,-0.0017263607243352,17,1
8.108,-0.0017397947493352,17,1
8.109999999999998,-0.0017532287743352,17,1
8.112,-0.0017666627993352,17,1
8.114,-0.0017800968243352,17,1
8.115999999999998,-0.0016648745743352,17,1
8.118,-0.0015496523243352,17,1
8.12,-0.0015635673243352,17,1
8.122,-0.0015913900643352,17,1
8.124,-0.0016192128043352,17,1
8.125999999999998,-0.0016470355443352,17,1
8.128,-0.0016748582843352,17,1
8.13,-0.0017026810243352,17,1
8.131999999999998,-0.0014271882243352,17,1
8.134,-0.0014725148243352,17,1
8.136,-0.0015178414243352,17,1
8.138,-0.0014466510743352,17,1
8.14,-0.0013754607243352,17,1
8.141999999999998,-0.0013042703743352,17,1
8.144,-0.0012330800243352,17,1
8.146,-0.0012537831243352,17,1
8.147999999999998,-0.0013595322843352,17,1
8.15,-0.0014652814443352,17,1
8.152,-0.0015710306043352,17,1
8.154,-0.0016767797643352,17,1
8.156,-0.0017825289243352,17,1
8.157999999999998,-0.0015058019243352,17,1
8.16,-0.0012290749243352,17,1
8.162,-0.0011675948243352,17,1
8.163999999999998,-0.0011417008243352,17,1
8.166,-0.0018664908243352,17,1
8.168,-0.0018340789576686,17,1
8.17,-0.0018016670910019,17,1
8.172,-0.0017692552243352,17,1
8.173999999999998,-0.0011595846243352,17,1
8.176,-0.0010091332243352,17,1
8.178,-0.0011241558243352,17,1
8.179999999999998,-0.0014995220243352,17,1
8.182,-0.0014523118576686,17,1
8.184,-0.0014051016910019,17,1
8.186,-0.0013578915243352,17,1
8.188,-0.0010623490243352,17,1
8.189999999999998,-0.0011046022243352,17,1
8.192,-0.0011468554243352,17,1
8.194,-0.0012312892243352,17,1
8.195999999999998,-0.0013181873910019,17,1
8.198,-0.0014050855576686,17,1
8.199999999999998,-0.0014919837243352,17,1
8.202,-0.0010613205243352,17,1
8.204,-0.0010962653243352,17,1
8.205999999999998,-0.0011312101243352,17,1
8.208,-0.0011022306243352,17,1
8.21,-0.0012510031493352,17,1
8.211999999999998,-0.0013997756743352,17,1
8.214,-0.0015485481993352,17,1
8.215999999999998,-0.0016973207243352,17,1
8.218,-0.0010847461243352,17,1
8.22,-0.0011198119243352,17,1
8.221999999999998,-0.0014978703743352,17,1
8.224,-0.0018759288243352,17,1
8.226,-0.0018841245576686,17,1
8.227999999999998,-0.0018923202910019,17,1
8.23,-0.0019005160243352,17,1
8.231999999999998,-0.0012891393243352,17,1
8.234,-0.0011052072243352,17,1
8.236,-0.0012193102243352,17,1
8.237999999999998,-0.0016194209243352,17,1
8.24,-0.0015981692910019,17,1
8.242,-0.0015769176576686,17,1
8.243999999999998,-0.0015556660243352,17,1
8.246,-0.0012566871243352,17,1
8.247999999999998,-0.0014036658243352,17,1
8.25,-0.0014728536243352,17,1
8.252,-0.0015746055493352,17,1
8.253999999999998,-0.0016763574743352,17,1
8.256,-0.0017781093993352,17,1
8.258,-0.0018798613243352,17,1
8.259999999999998,-0.0014291605243352,17,1
8.262,-0.0014563915743352,17,1
8.263999999999998,-0.0014836226243352,17,1
8.266,-0.0015469419243352,17,1
8.268,-0.0015983911243352,17,1
8.269999999999998,-0.0016498403243352,17,1
8.272,-0.0017012895243352,17,1
8.274,-0.0017527387243352,17,1
8.276,-0.0018041879243352,17,1
8.278,-0.0017358713243352,17,1
8.279999999999998,-0.0017697271243352,17,1
8.282,-0.0017884192043352,17,1
8.284,-0.0018071112843352,17,1
8.285999999999998,-0.0018258033643352,17,1
8.288,-0.0018444954443352,17,1
8.29,-0.0018631875243352,17,1
8.292,-0.0019185329243352,17,1
8.294,-0.0019140956814781,17,1
8.295999999999998,-0.001909658438621,17,1
8.298,-0.0019052211957638,17,1
8.3,-0.0019007839529067,17,1
8.301999999999998,-0.0018963467100495,17,1
8.304,-0.0018919094671924,17,1
8.306,-0.0018874722243352,17,1
8.308,-0.0019700426243352,17,1
8.31,-0.0019463790576686,17,1
8.311999999999998,-0.0019227154910019,17,1
8.314,-0.0018990519243352,17,1
8.316,-0.0018753883576686,17,1
8.317999999999998,-0.0018517247910019,17,1
8.32,-0.0018280612243352,17,1
8.322,-0.0018444688243352,17,1
8.324,-0.0018060755243352,17,1
8.326,-0.0017964287993352,17,1
8.327999999999998,-0.0017867820743352,17,1
8.33,-0.0017771353493352,17,1
8.332,-0.0017674886243352,17,1
8.333999999999998,-0.0016656308243352,17,1
8.336,-0.0016559326743352,17,1
8.338,-0.0016462345243352,17,1
8.34,-0.0015954054493352,17,1
8.342,-0.0015445763743352,17,1
8.343999999999998,-0.0014937472993352,17,1
8.346,-0.0014429182243352,17,1
8.348,-0.0014608262243352,17,1
8.349999999999998,-0.0014787342243352,17,1
8.352,-0.0014966422243352,17,1
8.354,-0.0015355824443352,17,1
8.356,-0.0015745226643352,17,1
8.358,-0.0016134628843352,17,1
8.359999999999998,-0.0016524031043352,17,1
8.362,-0.0016913433243352,17,1
8.364,-0.0013167515243352,17,1
8.365999999999998,-0.0013894120243352,17,1
8.368,-0.0014611892243352,17,1
8.37,-0.0015298688243352,17,1
8.372,-0.0015985484243352,17,1
8.374,-0.0016672280243352,17,1
8.375999999999998,-0.0017359076243352,17,1
8.378,-0.0012557554243352,17,1
8.38,-0.0012954192243352,17,1
8.381999999999998,-0.0012695131243352,17,1
8.384,-0.0014667915243352,17,1
8.386,-0.0016640699243352,17,1
8.388,-0.0018613483243352,17,1
8.39,-0.0015638214243352,17,1
8.391999999999998,-0.0012662945243352,17,1
8.394,-0.0011981231243352,17,1
8.396,-0.0012185600243352,17,1
8.397999999999998,-0.0014538122576686,17,1
8.4,-0.0016890644910019,17,1
8.402,-0.0019243167243352,17,1
8.404,-0.0013484293243352,17,1
8.406,-0.0011388089243352,17,1
8.407999999999998,-0.0013401650243352,17,1
8.41,-0.0015415211243352,17,1
8.412,-0.0015242350643352,17,1
8.413999999999998,-0.0015069490043352,17,1
8.416,-0.0014896629443352,17,1
8.418,-0.0014723768843352,17,1
8.42,-0.0014550908243352,17,1
8.422,-0.0011160246243352,17,1
8.423999999999998,-0.0012092430243352,17,1
8.426,-0.0012963267243352,17,1
8.428,-0.0013980352910019,17,1
8.429999999999998,-0.0014997438576686,17,1
8.432,-0.0016014524243352,17,1
8.434,-0.0011340778243352,17,1
8.436,-0.0011820059243352,17,1
8.438,-0.0011653865743352,17,1
8.439999999999998,-0.0011487672243352,17,1
8.442,-0.0012905731743352,17,1
8.444,-0.0014323791243352,17,1
8.445999999999998,-0.0015741850743352,17,1
8.448,-0.0017159910243352,17,1
8.449999999999998,-0.0011921699243352,17,1
8.452,-0.0011373690243352,17,1
8.454,-0.0018351760243352,17,1
8.455999999999998,-0.0018419278243352,17,1
8.458,-0.0018486796243352,17,1
8.46,-0.0018554314243352,17,1
8.461999999999998,-0.0018621832243352,17,1
8.464,-0.0010853511243352,17,1
8.465999999999998,-0.0011721807243352,17,1
8.468,-0.0013428693743352,17,1
8.47,-0.0015135580243352,17,1
8.471999999999998,-0.0016690389910019,17,1
8.474,-0.0018245199576686,17,1
8.476,-0.0019800009243352,17,1
8.477999999999998,-0.0014102482243352,17,1
8.48,-0.0010904452243352,17,1
8.481999999999998,-0.0011858174243352,17,1
8.484,-0.0012304664243352,17,1
8.486,-0.0011910970576686,17,1
8.487999999999998,-0.0011517276910019,17,1
8.49,-0.0011123583243352,17,1
8.492,-0.0011310729910019,17,1
8.493999999999998,-0.0011497876576686,17,1
8.496,-0.0011685023243352,17,1
8.497999999999998,-0.0011532321243352,17,1
8.5,-0.0013000232743352,18,0
8.502,-0.0014468144243352,18,0
8.503999999999998,-0.0015936055743352,18,0
8.506,-0.0017403967243352,18,0
8.508,-0.0011908631243352,18,0
8.509999999999998,-0.0011283787243352,18,0
8.512,-0.0018214788243352,18,0
8.513999999999998,-0.0018343007910019,18,0
8.516,-0.0018471227576686,18,0
8.518,-0.0018599447243352,18,0
8.519999999999998,-0.0015662051243352,18,0
8.522,-0.0012724655243352,18,0
8.524,-0.0010787929243352,18,0
8.526,-0.0011577817243352,18,0
8.528,-0.0012199696743352,18,0
8.529999999999998,-0.0012821576243352,18,0
8.532,-0.0013443455743352,18,0
8.534,-0.0014065335243352,18,0
8.535999999999998,-0.0010707101243352,18,0
8.538,-0.0011143366743352,18,0
8.54,-0.0011579632243352,18,0
8.542,-0.0012551383243352,18,0
8.544,-0.0013300947993352,18,0
8.545999999999998,-0.0014050512743352,18,0
8.548,-0.0014800077493352,18,0
8.55,-0.0015549642243352,18,0
8.551999999999998,-0.0011075304243352,18,0
8.554,-0.0011490818243352,18,0
8.556,-0.0011293830243352,18,0
8.558,-0.0011302209493352,18,0
8.56,-0.0011310588743352,18,0
8.561999999999998,-0.0011318967993352,18,0
8.564,-0.0011327347243352,18,0
8.566,-0.0011413741243352,18,0
8.567999999999998,-0.0011500135243352,18,0
8.57,-0.0011586529243352,18,0
8.572,-0.0018120287243352,18,0
8.574,-0.0018330827243352,18,0
8.576,-0.0018541367243352,18,0
8.577999999999998,-0.0018751907243352,18,0
8.58,-0.0011028598243352,18,0
8.582,-0.0011393836743352,18,0
8.583999999999998,-0.0011759075243352,18,0
8.586,-0.0015009619243352,18,0
8.588,-0.0014807125743352,18,0
8.59,-0.0014604632243352,18,0
8.592,-0.0014402138743352,18,0
8.593999999999998,-0.0014199645243352,18,0
8.596,-0.0010830037243352,18,0
8.598,-0.0011898225243352,18,0
8.599999999999998,-0.0012621926243352,18,0
8.602,-0.0013476488743352,18,0
8.604,-0.0014331051243352,18,0
8.606,-0.0015185613743352,18,0
8.608,-0.0016040176243352,18,0
8.609999999999998,-0.0011387484243352,18,0
8.612,-0.0011656467243352,18,0
8.614,-0.0011465892243352,18,0
8.615999999999998,-0.0012911146493352,18,0
8.618,-0.0014356400743352,18,0
8.62,-0.0015801654993352,18,0
8.622,-0.0017246909243352,18,0
8.624,-0.0011909357243352,18,0
8.625999999999998,-0.0011318030243352,18,0
8.628,-0.0011548293243352,18,0
8.63,-0.0018288114243352,18,0
8.631999999999998,-0.0018506761243352,18,0
8.634,-0.0018725408243352,18,0
8.636,-0.0018944055243352,18,0
8.638,-0.0013107620243352,18,0
8.64,-0.0011049894243352,18,0
8.641999999999998,-0.0012218875243352,18,0
8.644,-0.0011985659843352,18,0
8.646,-0.0011752444443352,18,0
8.647999999999998,-0.0011519229043352,18,0
8.65,-0.0011286013643352,18,0
8.652,-0.0011052798243352,18,0
8.654,-0.0012074885243352,18,0
8.656,-0.0012875663243352,18,0
8.657999999999998,-0.0012542187243352,18,0
8.66,-0.0012208711243352,18,0
8.662,-0.0011875235243352,18,0
8.663999999999998,-0.0011541759243352,18,0
8.666,-0.0011208283243352,18,0
8.668,-0.0011478234243352,18,0
8.67,-0.0011748185243352,18,0
8.672,-0.0011353725243352,18,0
8.673999999999998,-0.0013541566576686,18,0
8.676,-0.0015729407910019,18,0
8.678,-0.0017917249243352,18,0
8.679999999999998,-0.0012488705243352,18,0
8.682,-0.0012135264243352,18,0
8.684,-0.0011781823243352,18,0
8.686,-0.0015075685243352,18,0
8.688,-0.0018369547243352,18,0
8.689999999999998,-0.0015910403743352,18,0
8.692,-0.0013451260243352,18,0
8.694,-0.0011368003243352,18,0
8.695999999999998,-0.0011545469910019,18,0
8.698,-0.0011722936576686,18,0
8.699999999999998,-0.0011900403243352,18,0
8.702,-0.0014903381243352,18,0
8.704,-0.0013971257743352,18,0
8.705999999999998,-0.0013039134243352,18,0
8.708,-0.0012107010743352,18,0
8.71,-0.0011174887243352,18,0
8.711999999999998,-0.0011722472743352,18,0
8.714,-0.0012270058243352,18,0
8.715999999999998,-0.0012957096243352,18,0
8.718,-0.0014088647910019,18,0
8.72,-0.0015220199576686,18,0
8.721999999999998,-0.0016351751243352,18,0
8.724,-0.0011854665243352,18,0
8.726,-0.0011823527910019,18,0
8.727999999999998,-0.0011792390576686,18,0
8.73,-0.0011761253243352,18,0
8.731999999999998,-0.0011915255993352,18,0
8.734,-0.0012069258743352,18,0
8.736,-0.0012223261493352,18,0
8.737999999999998,-0.0012377264243352,18,0
8.74,-0.0011739715243352,18,0
8.742,-0.0011929806243352,18,0
8.743999999999998,-0.0018266092243352,18,0
8.746,-0.0018567684743352,18,0
8.747999999999998,-0.0018869277243352,18,0
8.75,-0.0019170869743352,18,0
8.752,-0.0019472462243352,18,0
8.753999999999998,-0.0012069924243352,18,0
8.756,-0.0013601239743352,18,0
8.758,-0.0015132555243352,18,0
8.759999999999998,-0.0015116534843352,18,0
8.762,-0.0015100514443352,18,0
8.763999999999998,-0.0015084494043352,18,0
8.766,-0.0015068473643352,18,0
8.768,-0.0015052453243352,18,0
8.769999999999998,-0.0011338963243352,18,0
8.772,-0.0012847349243352,18,0
8.774,-0.0014102320910019,18,0
8.776,-0.0015357292576686,18,0
8.778,-0.0016612264243352,18,0
8.779999999999998,-0.0015074999576686,18,0
8.782,-0.0013537734910019,18,0
8.784,-0.0012000470243352,18,0
8.785999999999998,-0.0013192150843352,18,0
8.788,-0.0014383831443352,18,0
8.79,-0.0015575512043352,18,0
8.792,-0.0016767192643352,18,0
8.794,-0.0017958873243352,18,0
8.795999999999998,-0.0015178232743352,18,0
8.798,-0.0012397592243352,18,0
8.8,-0.0011528570243352,18,0
8.801999999999998,-0.0011685023243352,18,0
8.804,-0.0018144487243352,18,0
8.806,-0.0016552651576686,18,0
8.808,-0.0014960815910019,18,0
8.81,-0.0013368980243352,18,0
8.811999999999998,-0.0012345925243352,18,0
8.814,-0.0013773846243352,18,0
8.816,-0.0015201767243352,18,0
8.817999999999998,-0.0015082001443352,18,0
8.82,-0.0014962235643352,18,0
8.822,-0.0014842469843352,18,0
8.824,-0.0014722704043352,18,0
8.826,-0.0014602938243352,18,0
8.827999999999998,-0.0011147904243352,18,0
8.83,-0.0012120260243352,18,0
8.832,-0.0012979650643352,18,0
8.833999999999998,-0.0013839041043352,18,0
8.836,-0.0014698431443352,18,0
8.838,-0.0015557821843352,18,0
8.84,-0.0016417212243352,18,0
8.842,-0.0011737174243352,18,0
8.843999999999998,-0.0012127157243352,18,0
8.846,-0.0011864103243352,18,0
8.848,-0.0013395690993352,18,0
8.849999999999998,-0.0014927278743352,18,0
8.852,-0.0016458866493352,18,0
8.854,-0.0017990454243352,18,0
8.856,-0.0011401399243352,18,0
8.858,-0.0011851398243352,18,0
8.859999999999998,-0.0018246974243352,18,0
8.862,-0.0018745675743352,18,0
8.864,-0.0019244377243352,18,0
8.865999999999998,-0.0013472919243352,18,0
8.868,-0.0011325532243352,18,0
8.87,-0.0011749818743352,18,0
8.872,-0.0012174105243352,18,0
8.874,-0.0014864661243352,18,0
8.875999999999998,-0.0014889435993352,18,0
8.878,-0.0014914210743352,18,0
8.88,-0.0014938985493352,18,0
8.881999999999998,-0.0014963760243352,18,0
8.884,-0.0011388089243352,18,0
8.886,-0.0012310472243352,18,0
8.888,-0.0012760471243352,18,0
8.89,-0.0012549174993352,18,0
8.891999999999998,-0.0012337878743352,18,0
8.894,-0.0012126582493352,18,0
8.896,-0.0011915286243352,18,0
8.897999999999998,-0.0011928475243352,18,0
8.9,-0.0011813404243352,18,0
8.902,-0.0011698333243352,18,0
8.904,-0.0013266039493352,18,0
8.906,-0.0014833745743352,18,0
8.907999999999998,-0.0016401451993352,18,0
8.91,-0.0017969158243352,18,0
8.912,-0.0012372424243352,18,0
8.913999999999998,-0.0011604558243352,18,0
8.916,-0.0012004463243352,18,0
8.918,-0.0015910645743352,18,0
8.92,-0.0019816828243352,18,0
8.922,-0.0017855377910019,18,0
8.923999999999998,-0.0015893927576686,18,0
8.926,-0.0013932477243352,18,0
8.928,-0.0011619925243352,18,0
8.929999999999998,-0.0012466078243352,18,0
8.932,-0.0015222700243352,18,0
8.934,-0.0015192873743352,18,0
8.936,-0.0015163047243352,18,0
8.938,-0.0015133220743352,18,0
8.939999999999998,-0.0015103394243352,18,0
8.942,-0.0011556521243352,18,0
8.944,-0.0012281311243352,18,0
8.945999999999998,-0.0012659315243352,18,0
8.948,-0.0013677893243352,18,0
8.949999999999998,-0.0014696471243352,18,0
8.952,-0.0015715049243352,18,0
8.954,-0.0016733627243352,18,0
8.955999999999998,-0.0012049354243352,18,0
8.958,-0.0012320999243352,18,0
8.96,-0.0012261346243352,18,0
8.961999999999998,-0.0014345893910019,18,0
8.964,-0.0016430441576686,18,0
8.965999999999998,-0.0018514989243352,18,0
8.968,-0.0012862353243352,18,0
8.97,-0.0011794407243352,18,0
8.971999999999998,-0.0012008516743352,18,0
8.974,-0.0012222626243352,18,0
8.976,-0.0018313524243352,18,0
8.977999999999998,-0.0016105455743352,18,0
8.98,-0.0013897387243352,18,0
8.981999999999998,-0.0013230737743352,18,0
8.984,-0.0012564088243352,18,0
8.986,-0.0015047734243352,18,0
8.987999999999998,-0.0015084014076686,18,0
8.99,-0.0015120293910019,18,0
8.992,-0.0015156573743352,18,0
8.993999999999998,-0.0015192853576686,18,0
8.996,-0.0015229133410019,18,0
8.997999999999998,-0.0015265413243352,18,0
9.0,-0.0011494811243352,19,0
9.002,-0.0012195280243352,19,0
9.003999999999998,-0.0012667422243352,19,0
9.006,-0.0013655931743352,19,0
9.008,-0.0014644441243352,19,0
9.01,-0.0015632950743352,19,0
9.012,-0.0016621460243352,19,0
9.014,-0.0012141193243352,19,0
9.016,-0.0011918069243352,19,0
9.018,-0.0013257515043352,19,0
9.02,-0.0014596960843352,19,0
9.022,-0.0015936406643352,19,0
9.024,-0.0017275852443352,19,0
9.026,-0.0018615298243352,19,0
9.028,-0.0012953345243352,19,0
9.03,-0.0012024428243352,19,0
9.032,-0.0018124038243352,19,0
9.034,-0.0018570558493352,19,0
9.036,-0.0019017078743352,19,0
9.038,-0.0019463598993352,19,0
9.04,-0.0019910119243352,19,0
9.042,-0.0014158747243352,19,0
9.044,-0.0011521310243352,19,0
9.046,-0.0015083066243352,19,0
9.048,-0.0015137298443352,19,0
9.05,-0.0015191530643352,19,0
9.052,-0.0015245762843352,19,0
9.054,-0.0015299995043352,19,0
9.056,-0.0015354227243352,19,0
9.058,-0.0011750968243352,19,0
9.06,-0.0012439458243352,19,0
9.062,-0.0012916440243352,19,0
9.064,-0.0014002808493352,19,0
9.066,-0.0015089176743352,19,0
9.068,-0.0016175544993352,19,0
9.07,-0.0017261913243352,19,0
9.072,-0.0012279859243352,19,0
9.074,-0.0012197579243352,19,0
9.076,-0.0013421518443352,19,0
9.078,-0.0014645457643352,19,0
9.08,-0.0015869396843352,19,0
9.082,-0.0017093336043352,19,0
9.084,-0.0018317275243352,19,0
9.086,-0.0012938583243352,19,0
9.088,-0.0012411386243352,19,0
9.09,-0.0015223607743352,19,0
9.092,-0.0018035829243352,19,0
9.094,-0.0018595897910019,19,0
9.096,-0.0019155966576686,19,0
9.098,-0.0019716035243352,19,0
9.1,-0.0013802765243352,19,0
9.102,-0.0011503160243352,19,0
9.104,-0.0012423607243352,19,0
9.106,-0.0013040465243352,19,0
9.108,-0.0013657323243352,19,0
9.11,-0.0014274181243352,19,0
9.112,-0.0014891039243352,19,0
9.114,-0.0015507897243352,19,0
9.116,-0.0011639648243352,19,0
9.118,-0.0012379321243352,19,0
9.12,-0.0012826779243352,19,0
9.122,-0.0012601779743352,19,0
9.124,-0.0012376780243352,19,0
9.126,-0.0012151780743352,19,0
9.128,-0.0011926781243352,19,0
9.13,-0.0011994359743352,19,0
9.132,-0.0012061938243352,19,0
9.134,-0.0012058913243352,19,0
9.136,-0.0013744957493352,19,0
9.138000000000002,-0.0015431001743352,19,0
9.14,-0.0017117045993352,19,0
9.142,-0.0018803090243352,19,0
9.144,-0.0013058252243352,19,0
9.146,-0.0011886609243352,19,0
9.148,-0.0014763747243352,19,0
9.15,-0.0017640885243352,19,0
9.152,-0.0015892737743352,19,0
9.154000000000002,-0.0014144590243352,19,0
9.156,-0.0012918255243352,19,0
9.158,-0.0011691920243352,19,0
9.16,-0.0013230919243352,19,0
9.162,-0.0014769918243352,19,0
9.164,-0.0014913333493352,19,0
9.166,-0.0015056748743352,19,0
9.168,-0.0015200163993352,19,0
9.170000000000002,-0.0015343579243352,19,0
9.172,-0.0011673165243352,19,0
9.174,-0.0012312347743352,19,0
9.176,-0.0012951530243352,19,0
9.178,-0.0013955104243352,19,0
9.18,-0.0014958678243352,19,0
9.182,-0.0015962252243352,19,0
9.184,-0.0016965826243352,19,0
9.186000000000002,-0.0012309504243352,19,0
9.188,-0.0012409087243352,19,0
9.19,-0.0012172048243352,19,0
9.192,-0.0011935009243352,19,0
9.194,-0.0013580215993352,19,0
9.196,-0.0015225422743352,19,0
9.198,-0.0016870629493352,19,0
9.2,-0.0018515836243352,19,0
9.202000000000002,-0.0013049540243352,19,0
9.204,-0.0012284215243352,19,0
9.206,-0.0018011992243352,19,0
9.208,-0.0017053732743352,19,0
9.21,-0.0016095473243352,19,0
9.212,-0.0015137213743352,19,0
9.214,-0.0014178954243352,19,0
9.216,-0.0011701237243352,19,0
9.218000000000002,-0.0013314469743352,19,0
9.22,-0.0014927702243352,19,0
9.222,-0.0015049839643352,19,0
9.224,-0.0015171977043352,19,0
9.226,-0.0015294114443352,19,0
9.228,-0.0015416251843352,19,0
9.23,-0.0015538389243352,19,0
9.232,-0.0011876203243352,19,0
9.234000000000002,-0.0012726349243352,19,0
9.236,-0.0013631332443352,19,0
9.238,-0.0014536315643352,19,0
9.24,-0.0015441298843352,19,0
9.242,-0.0016346282043352,19,0
9.244,-0.0017251265243352,19,0
9.246,-0.0012438853243352,19,0
9.248,-0.0012506976243352,19,0
9.25,-0.0011975786243352,19,0
9.252,-0.0014298945910019,19,0
9.254,-0.0016622105576686,19,0
9.256,-0.0018945265243352,19,0
9.258,-0.0016085430243352,19,0
9.26,-0.0013225595243352,19,0
9.262,-0.0012087590243352,19,0
9.264,-0.0012376054243352,19,0
9.266,-0.0017777736243352,19,0
9.268,-0.0016935697243352,19,0
9.27,-0.0016093658243352,19,0
9.272,-0.0015251619243352,19,0
9.274,-0.0014409580243352,19,0
9.276,-0.0011795738243352,19,0
9.278,-0.0012654233243352,19,0
9.28,-0.0015119729243352,19,0
9.282,-0.0014316561493352,19,0
9.284,-0.0013513393743352,19,0
9.286,-0.0012710225993352,19,0
9.288,-0.0011907058243352,19,0
9.29,-0.0012531660243352,19,0
9.292,-0.0012634812743352,19,0
9.294,-0.0012737965243352,19,0
9.296,-0.0012590314993352,19,0
9.298,-0.0012442664743352,19,0
9.3,-0.0012295014493352,19,0
9.302,-0.0012147364243352,19,0
9.304,-0.0012253481243352,19,0
9.306,-0.0012035318243352,19,0
9.308,-0.0013297372443352,19,0
9.31,-0.0014559426643352,19,0
9.312,-0.0015821480843352,19,0
9.314,-0.0017083535043352,19,0
9.316,-0.0018345589243352,19,0
9.318,-0.0011840629243352,19,0
9.32,-0.0014649160243352,19,0
9.322,-0.0017457691243352,19,0
9.324,-0.0018247054910019,19,0
9.326,-0.0019036418576686,19,0
9.328,-0.0019825782243352,19,0
9.33,-0.0013856005243352,19,0
9.332,-0.0011616416243352,19,0
9.334,-0.0012077668243352,19,0
9.336,-0.0012538920243352,19,0
9.338,-0.0014631010243352,19,0
9.34,-0.0014826092493352,19,0
9.342,-0.0015021174743352,19,0
9.344,-0.0015216256993352,19,0
9.346,-0.0015411339243352,19,0
9.348,-0.0011623918243352,19,0
9.35,-0.0012324992243352,19,0
9.352,-0.0012716306243352,19,0
9.354,-0.0012642465993352,19,0
9.356,-0.0012568625743352,19,0
9.358,-0.0012494785493352,19,0
9.36,-0.0012420945243352,19,0
9.362,-0.0012260438743352,19,0
9.364,-0.0012099932243352,19,0
9.366,-0.0013405304443352,19,0
9.368,-0.0014710676643352,19,0
9.37,-0.0016016048843352,19,0
9.372,-0.0017321421043352,19,0
9.374,-0.0018626793243352,19,0
9.376,-0.0012884133243352,19,0
9.378,-0.0011768150243352,19,0
9.38,-0.0012084081243352,19,0
9.382,-0.0017562598243352,19,0
9.384,-0.0016556563910019,19,0
9.386,-0.0015550529576686,19,0
9.388000000000002,-0.0014544495243352,19,0
9.39,-0.0011974818243352,19,0
9.392,-0.0012414834743352,19,0
9.394,-0.0012854851243352,19,0
9.396,-0.0014830176243352,19,0
9.398,-0.0015202009243352,19,0
9.4,-0.0015573842243352,19,0
9.402,-0.0015945675243352,19,0
9.404000000000002,-0.0014024255743352,19,0
9.406,-0.0012102836243352,19,0
9.408,-0.0012677707243352,19,0
9.41,-0.0013004165243352,19,0
9.412,-0.0014444145910019,19,0
9.414,-0.0015884126576686,19,0
9.416,-0.0017324107243352,19,0
9.418,-0.0014816987243352,19,0
9.420000000000002,-0.0012309867243352,19,0
9.422,-0.0012330921243352,19,0
9.424,-0.0013922524993352,19,0
9.426,-0.0015514128743352,19,0
9.428,-0.0017105732493352,19,0
9.43,-0.0018697336243352,19,0
9.432,-0.0016026624243352,19,0
9.434,-0.0013355912243352,19,0
9.436000000000002,-0.0012171685243352,19,0
9.438,-0.0012384403243352,19,0
9.44,-0.0017575303243352,19,0
9.442,-0.0018329980243352,19,0
9.444,-0.0019084657243352,19,0
9.446,-0.0019839334243352,19,0
9.448,-0.0014041014243352,19,0
9.45,-0.0011657677243352,19,0
9.452000000000002,-0.0012691622243352,19,0
9.454,-0.0014912698243352,19,0
9.456,-0.0015167826743352,19,0
9.458,-0.0015422955243352,19,0
9.46,-0.0015678083743352,19,0
9.462,-0.0015933212243352,19,0
9.464,-0.0012579455243352,19,0
9.466,-0.0012828352243352,19,0
9.468000000000002,-0.0013980544493352,19,0
9.47,-0.0015132736743352,19,0
9.472,-0.0016284928993352,19,0
9.474,-0.0017437121243352,19,0
9.476,-0.0012406062243352,19,0
9.478,-0.0012300308243352,19,0
9.48,-0.0012153716743352,19,0
9.482,-0.0012007125243352,19,0
9.484000000000002,-0.0012430584910019,19,0
9.486,-0.0012854044576686,19,0
9.488,-0.0013277504243352,19,0
9.49,-0.0011998292243352,19,0
9.492,-0.0012284699243352,19,0
9.494,-0.0012586715243352,19,0
9.496,-0.0012888731243352,19,0
9.498,-0.0013190747243352,19,0
9.5,-0.0013492763243352,20,0
9.502,-0.0013794779243352,20,0
9.504,-0.0014096795243352,20,0
9.506,-0.0012825569243352,20,0
9.508,-0.0011554343243352,20,0
9.51,-0.0012461843243352,20,0
9.512,-0.0014556595243352,20,0
9.514,-0.0014885715243352,20,0
9.516,-0.0015214835243352,20,0
9.518,-0.0015543955243352,20,0
9.52,-0.0015873075243352,20,0
9.522,-0.0011865313243352,20,0
9.524,-0.0012385976243352,20,0
9.526,-0.0012745225243352,20,0
9.528,-0.0012673028576686,20,0
9.53,-0.0012600831910019,20,0
9.532,-0.0012528635243352,20,0
9.534,-0.0012423849243352,20,0
9.536,-0.0012231277743352,20,0
9.538,-0.0012038706243352,20,0
9.54,-0.0013390978043352,20,0
9.542,-0.0014743249843352,20,0
9.544,-0.0016095521643352,20,0
9.546,-0.0017447793443352,20,0
9.548,-0.0018800065243352,20,0
9.55,-0.0011948198243352,20,0
9.552,-0.0012152264743352,20,0
9.554,-0.0012356331243352,20,0
9.556,-0.0017546989243352,20,0
9.558,-0.0016743881993352,20,0
9.56,-0.0015940774743352,20,0
9.562,-0.0015137667493352,20,0
9.564,-0.0014334560243352,20,0
9.566,-0.0011827319243352,20,0
9.568,-0.0012671415243352,20,0
9.57,-0.0014828361243352,20,0
9.572,-0.0015098473576686,20,0
9.574,-0.0015368585910019,20,0
9.576,-0.0015638698243352,20,0
9.578,-0.0013763621743352,20,0
9.58,-0.0011888545243352,20,0
9.582,-0.0012612851243352,20,0
9.584,-0.0012709893243352,20,0
9.586,-0.0014246915910019,20,0
9.588,-0.0015783938576686,20,0
9.59,-0.0017320961243352,20,0
9.592,-0.0012407877243352,20,0
9.594,-0.0012428265743352,20,0
9.596,-0.0012448654243352,20,0
9.598,-0.0012268364243352,20,0
9.6,-0.0014492061910019,20,0
9.602,-0.0016715759576686,20,0
9.604,-0.0018939457243352,20,0
9.606,-0.0013154568243352,20,0
9.608,-0.0011848857243352,20,0
9.61,-0.0012005189243352,20,0
9.612,-0.0012161521243352,20,0
9.614,-0.0017262760243352,20,0
9.616,-0.0015696092576686,20,0
9.618,-0.0014129424910019,20,0
9.62,-0.0012562757243352,20,0
9.622,-0.0014397722243352,20,0
9.624,-0.0013920570843352,20,0
9.626,-0.0013443419443352,20,0
9.628,-0.0012966268043352,20,0
9.63,-0.0012489116643352,20,0
9.632,-0.0012011965243352,20,0
9.634,-0.0012170928993352,20,0
9.636,-0.0012329892743352,20,0
9.638000000000002,-0.0012488856493352,20,0
9.64,-0.0012647820243352,20,0
9.642,-0.0013589902043352,20,0
9.644,-0.0014531983843352,20,0
9.646,-0.0015474065643352,20,0
9.648,-0.0016416147443352,20,0
9.65,-0.0017358229243352,20,0
9.652,-0.0012585989243352,20,0
9.654000000000002,-0.0012745951243352,20,0
9.656,-0.0012905913243352,20,0
9.658,-0.0013065875243352,20,0
9.66,-0.0013225837243352,20,0
9.662,-0.0013385799243352,20,0
9.664,-0.0012908050910019,20,0
9.666,-0.0012430302576686,20,0
9.668,-0.0011952554243352,20,0
9.670000000000002,-0.0017509600243352,20,0
9.672,-0.0016741129243352,20,0
9.674,-0.0015972658243352,20,0
9.676,-0.0015204187243352,20,0
9.678,-0.0014435716243352,20,0
9.68,-0.0013490343243352,20,0
9.682,-0.0012544970243352,20,0
9.684,-0.0014484237243352,20,0
9.686000000000002,-0.0014850504243352,20,0
9.688,-0.0015216771243352,20,0
9.69,-0.0015583038243352,20,0
9.692,-0.0014271680576686,20,0
9.694,-0.0012960322910019,20,0
9.696,-0.0011648965243352,20,0
9.698,-0.0012575946243352,20,0
9.7,-0.0012813106243352,20,0
9.702000000000002,-0.0014380620910019,20,0
9.704,-0.0015948135576686,20,0
9.706,-0.0017515650243352,20,0
9.708,-0.0012522343243352,20,0
9.71,-0.0012433045243352,20,0
9.712,-0.0012234847243352,20,0
9.714,-0.0012036649243352,20,0
9.716,-0.0014284667910019,20,0
9.718000000000002,-0.0016532686576686,20,0
9.72,-0.0018780705243352,20,0
9.722,-0.0016037332743352,20,0
9.724,-0.0013293960243352,20,0
9.726,-0.0011981957243352,20,0
9.728,-0.0012491004243352,20,0
9.73,-0.0017442566243352,20,0
9.732,-0.0016704042743352,20,0
9.734000000000002,-0.0015965519243352,20,0
9.736,-0.0015226995743352,20,0
9.738,-0.0014488472243352,20,0
9.74,-0.0011720718243352,20,0
9.742,-0.0012657742243352,20,0
9.744,-0.0014651338243352,20,0
9.746,-0.0015075322243352,20,0
9.748,-0.0015499306243352,20,0
9.75,-0.0015923290243352,20,0
9.752,-0.0012594943243352,20,0
9.754,-0.0012636930243352,20,0
9.756,-0.0013625814843352,20,0
9.758,-0.0014614699443352,20,0
9.76,-0.0015603584043352,20,0
9.762,-0.0016592468643352,20,0
9.764,-0.0017581353243352,20,0
9.766,-0.0012435344243352,20,0
9.768,-0.0012406001743352,20,0
9.77,-0.0012376659243352,20,0
9.772,-0.0012147485243352,20,0
9.774,-0.0012481687243352,20,0
9.776,-0.0012815889243352,20,0
9.778,-0.0013150091243352,20,0
9.78,-0.0013484293243352,20,0
9.782,-0.0011962597243352,20,0
9.784,-0.0012485801243352,20,0
9.786,-0.0012357420243352,20,0
9.788,-0.0012229039243352,20,0
9.79,-0.0012100658243352,20,0
9.792,-0.0011972277243352,20,0
9.794,-0.0011843896243352,20,0
9.796,-0.0014482543243352,20,0
9.798,-0.0014760383443352,20,0
9.8,-0.0015038223643352,20,0
9.802,-0.0015316063843352,20,0
9.804,-0.0015593904043352,20,0
9.806,-0.0015871744243352,20,0
9.808,-0.0014745597243352,20,0
9.81,-0.0013619450243352,20,0
9.812,-0.0012493303243352,20,0
9.814,-0.0013448114243352,20,0
9.816,-0.0014402925243352,20,0
9.818,-0.0015357736243352,20,0
9.82,-0.0016312547243352,20,0
9.822,-0.0017267358243352,20,0
9.824,-0.0012349797243352,20,0
9.826,-0.0012181546743352,20,0
9.828,-0.0012013296243352,20,0
9.83,-0.0014330768910019,20,0
9.832,-0.0016648241576686,20,0
9.834,-0.0018965714243352,20,0
9.836,-0.0013213737243352,20,0
9.838,-0.0017092029243352,20,0
9.84,-0.0017667819843352,20,0
9.842,-0.0018243610443352,20,0
9.844,-0.0018819401043352,20,0
9.846,-0.0019395191643352,20,0
9.848,-0.0019970982243352,20,0
9.85,-0.0014158626243352,20,0
9.852,-0.0012602566243352,20,0
9.854,-0.0014288096243352,20,0
9.856,-0.0014707905743352,20,0
9.858,-0.0015127715243352,20,0
9.86,-0.0015547524743352,20,0
9.862,-0.0015967334243352,20,0
9.864,-0.0013912875243352,20,0
9.866,-0.0011858416243352,20,0
9.868,-0.0012171806243352,20,0
9.87,-0.0012485196243352,20,0
9.872,-0.0012722114243352,20,0
9.874,-0.0014275713910019,20,0
9.876,-0.0015829313576686,20,0
9.878,-0.0017382913243352,20,0
9.88,-0.0011973124243352,20,0
9.882,-0.0014170524576686,20,0
9.884,-0.0016367924910019,20,0
9.886,-0.0018565325243352,20,0
9.888000000000002,-0.0011911656243352,20,0
9.89,-0.0012457971243352,20,0
9.892,-0.0013999672576686,20,0
9.894,-0.0015541373910019,20,0
9.896,-0.0017083075243352,20,0
9.898,-0.0016643784743352,20,0
9.9,-0.0016204494243352,20,0
9.902,-0.0015765203743352,20,0
9.904000000000002,-0.0015325913243352,20,0
9.906,-0.0014886622743352,20,0
9.908,-0.0014447332243352,20,0
9.91,-0.0013073498243352,20,0
9.912,-0.0011699664243352,20,0
9.914,-0.0012502862243352,20,0
9.916,-0.0014033996243352,20,0
9.918,-0.0014551150243352,20,0
9.920000000000002,-0.0015068304243352,20,0
9.922,-0.0015585458243352,20,0
9.924,-0.0011634929243352,20,0
9.926,-0.0011960842743352,20,0
9.928,-0.0012286756243352,20,0
9.93,-0.0012321483243352,20,0
9.932,-0.0013661679243352,20,0
9.934,-0.0015001875243352,20,0
9.936000000000002,-0.0016342071243352,20,0
9.938,-0.0017682267243352,20,0
9.94,-0.0012247189243352,20,0
9.942,-0.0011899919243352,20,0
9.944,-0.0011870395243352,20,0
9.946,-0.0013552355743352,20,0
9.948,-0.0015234316243352,20,0
9.95,-0.0016916276743352,20,0
9.952000000000002,-0.0018598237243352,20,0
9.954,-0.0012009303243352,20,0
9.956,-0.0012312529243352,20,0
9.958,-0.0014668641243352,20,0
9.96,-0.0017024753243352,20,0
9.962,-0.0016374771493352,20,0
9.964,-0.0015724789743352,20,0
9.966,-0.0015074807993352,20,0
9.968000000000002,-0.0014424826243352,20,0
9.97,-0.0012324387243352,20,0
9.972,-0.0013867258243352,20,0
9.974,-0.0013438022843352,20,0
9.976,-0.0013008787443352,20,0
9.978,-0.0012579552043352,20,0
9.98,-0.0012150316643352,20,0
9.982,-0.0011721081243352,20,0
9.984000000000002,-0.0012396866243352,20,0
9.986,-0.0012413564243352,20,0
9.988,-0.0012430262243352,20,0
9.99,-0.0012446960243352,20,0
9.992,-0.0012463658243352,20,0
9.994,-0.0012480356243352,20,0
9.996,-0.0012497054243352,20,0
9.998,-0.0012392933743352,20,0
10.0,-0.0012288813243352,21,0
10.002,-0.0013599751443352,21,0
10.004,-0.0014910689643352,21,0
10.006,-0.0016221627843352,21,0
10.008,-0.0017532566043352,21,0
10.01,-0.0018843504243352,21,0
10.012,-0.0013143678243352,21,0
10.014,-0.0011874872243352,21,0
10.016,-0.0012416129443352,21,0
10.018,-0.0012957386643352,21,0
10.02,-0.0013498643843352,21,0
10.022,-0.0014039901043352,21,0
10.024,-0.0014581158243352,21,0
10.026,-0.0013470620243352,21,0
10.028,-0.0012360082243352,21,0
10.03,-0.0013047362243352,21,0
10.032,-0.0013734642243352,21,0
10.034,-0.0013087332576686,21,0
10.036,-0.0012440022910019,21,0
10.038,-0.0011792713243352,21,0
10.04,-0.0012451316243352,21,0
10.042,-0.0012374965243352,21,0
10.044,-0.0013616001743352,21,0
10.046,-0.0014857038243352,21,0
10.048,-0.0016098074743352,21,0
10.05,-0.0017339111243352,21,0
10.052,-0.0012209195243352,21,0
10.054,-0.0012021100743352,21,0
10.056,-0.0011833006243352,21,0
10.058,-0.0011682845243352,21,0
10.06,-0.0011532684243352,21,0
10.062,-0.0013970309910019,21,0
10.064,-0.0016407935576686,21,0
10.066,-0.0018845561243352,21,0
10.068,-0.0016136673743352,21,0
10.07,-0.0013427786243352,21,0
10.072,-0.0011874509243352,21,0
10.074,-0.0011999260243352,21,0
10.076,-0.0016765692243352,21,0
10.078,-0.0016180173243352,21,0
10.08,-0.0015594654243352,21,0
10.082,-0.0015009135243352,21,0
10.084,-0.0014423616243352,21,0
10.086,-0.0011622829243352,21,0
10.088,-0.0012569896243352,21,0
10.09,-0.0014014999243352,21,0
10.092,-0.0014639238243352,21,0
10.094,-0.0015263477243352,21,0
10.096,-0.0015887716243352,21,0
10.098,-0.0013886739243352,21,0
10.1,-0.0011885762243352,21,0
10.102,-0.0012505524243352,21,0
10.104,-0.0013459657643352,21,0
10.106,-0.0014413791043352,21,0
10.108,-0.0015367924443352,21,0
10.11,-0.0016322057843352,21,0
10.112,-0.0017276191243352,21,0
10.114,-0.0012188625243352,21,0
10.116,-0.0011973003243352,21,0
10.118,-0.0013357799843352,21,0
10.12,-0.0014742596443352,21,0
10.122,-0.0016127393043352,21,0
10.124,-0.0017512189643352,21,0
10.126,-0.0018896986243352,21,0
10.128,-0.0013182640243352,21,0
10.13,-0.0011987039243352,21,0
10.132,-0.0014397540743352,21,0
10.134,-0.0016808042243352,21,0
10.136,-0.0015634160743352,21,0
10.138,-0.0014460279243352,21,0
10.14,-0.0011538129243352,21,0
10.142,-0.0011880377743352,21,0
10.144,-0.0012222626243352,21,0
10.146,-0.0013082452243352,21,0
10.148,-0.0013942278243352,21,0
10.15,-0.0014492586243352,21,0
10.152,-0.0015042894243352,21,0
10.154,-0.0015593202243352,21,0
10.156,-0.0016143510243352,21,0
10.158,-0.0011888787243352,21,0
10.16,-0.0012482897243352,21,0
10.162,-0.0012354637243352,21,0
10.164,-0.0014092479576686,21,0
10.166,-0.0015830321910019,21,0
10.168,-0.0017568164243352,21,0
10.17,-0.0014986750243352,21,0
10.172,-0.0012405336243352,21,0
10.174,-0.0011779645243352,21,0
10.176,-0.0014172581576686,21,0
10.178,-0.0016565517910019,21,0
10.18,-0.0018958454243352,21,0
10.182,-0.0013392575243352,21,0
10.184,-0.0012701060243352,21,0
10.186,-0.0012009545243352,21,0
10.188,-0.0012227708243352,21,0
10.19,-0.0016877012243352,21,0
10.192,-0.0016145526910019,21,0
10.194,-0.0015414041576686,21,0
10.196,-0.0014682556243352,21,0
10.198,-0.0011799731243352,21,0
10.2,-0.0012180760243352,21,0
10.202,-0.0012561789243352,21,0
10.204,-0.0012392558643352,21,0
10.206,-0.0012223328043352,21,0
10.208,-0.0012054097443352,21,0
10.21,-0.0011884866843352,21,0
10.212,-0.0011715636243352,21,0
10.214,-0.0012114210243352,21,0
10.216,-0.0012512784243352,21,0
10.218,-0.0013519601043352,21,0
10.22,-0.0014526417843352,21,0
10.222,-0.0015533234643352,21,0
10.224,-0.0016540051443352,21,0
10.226,-0.0017546868243352,21,0
10.228,-0.0011976391243352,21,0
10.23,-0.0011905848243352,21,0
10.232,-0.0011835305243352,21,0
10.234,-0.0014254861576686,21,0
10.236,-0.0016674417910019,21,0
10.238,-0.0019093974243352,21,0
10.24,-0.0013490464243352,21,0
10.242,-0.0012974459743352,21,0
10.244,-0.0012458455243352,21,0
10.246,-0.0014715105243352,21,0
10.248,-0.0016971755243352,21,0
10.25,-0.0016378340993352,21,0
10.252,-0.0015784926743352,21,0
10.254,-0.0015191512493352,21,0
10.256,-0.0014598098243352,21,0
10.258,-0.0011536193243352,21,0
10.26,-0.0013976763243352,21,0
10.262,-0.0014338529043352,21,0
10.264,-0.0014700294843352,21,0
10.266,-0.0015062060643352,21,0
10.268,-0.0015423826443352,21,0
10.27,-0.0015785592243352,21,0
10.272,-0.0012258442243352,21,0
10.274,-0.0012316643243352,21,0
10.276,-0.0013336600643352,21,0
10.278,-0.0014356558043352,21,0
10.28,-0.0015376515443352,21,0
10.282,-0.0016396472843352,21,0
10.284,-0.0017416430243352,21,0
10.286,-0.0012171685243352,21,0
10.288,-0.0011945536243352,21,0
10.29,-0.0011954369243352,21,0
10.292,-0.0013784675743352,21,0
10.294,-0.0015614982243352,21,0
10.296,-0.0017445288743352,21,0
10.298,-0.0019275595243352,21,0
10.3,-0.0011679699243352,21,0
10.302,-0.0011927144243352,21,0
10.304,-0.0012174589243352,21,0
10.306,-0.0016838897243352,21,0
10.308,-0.0016327430243352,21,0
10.31,-0.0015815963243352,21,0
10.312,-0.0015304496243352,21,0
10.314,-0.0014793029243352,21,0
10.316,-0.0011984135243352,21,0
10.318,-0.0012801127243352,21,0
10.32,-0.0014399537243352,21,0
10.322,-0.0013761262243352,21,0
10.324,-0.0013122987243352,21,0
10.326,-0.0012484712243352,21,0
10.328,-0.0011846437243352,21,0
10.33,-0.0012165272243352,21,0
10.332,-0.0012484107243352,21,0
10.334,-0.0012578487243352,21,0
10.336,-0.0015035392243352,21,0
10.338,-0.0017492297243352,21,0
10.34,-0.0012588651243352,21,0
10.342,-0.0012094245243352,21,0
10.344,-0.0011888666243352,21,0
10.346,-0.0013137789576686,21,0
10.348,-0.0014386912910019,21,0
10.35,-0.0015636036243352,21,0
10.352,-0.0016885159576686,21,0
10.354,-0.0018134282910019,21,0
10.356,-0.0019383406243352,21,0
10.358,-0.0011903186243352,21,0
10.36,-0.0012151720243352,21,0
10.362,-0.0014509707743352,21,0
10.364,-0.0016867695243352,21,0
10.366,-0.0015599826993352,21,0
10.368,-0.0014331958743352,21,0
10.37,-0.0013064090493352,21,0
10.372,-0.0011796222243352,21,0
10.374,-0.0012615876243352,21,0
10.376,-0.0013954136243352,21,0
10.378,-0.0014458524743352,21,0
10.38,-0.0014962913243352,21,0
10.382,-0.0015467301743352,21,0
10.384,-0.0015971690243352,21,0
10.386,-0.0013908156243352,21,0
10.388,-0.0011844622243352,21,0
10.39,-0.0012383919243352,21,0
10.392,-0.0012195643243352,21,0
10.394,-0.0013567994993352,21,0
10.396,-0.0014940346743352,21,0
10.398,-0.0016312698493352,21,0
10.4,-0.0017685050243352,21,0
10.402,-0.0012330800243352,21,0
10.404,-0.0011995993243352,21,0
10.406,-0.0012273857643352,21,0
10.408,-0.0012551722043352,21,0
10.41,-0.0012829586443352,21,0
10.412,-0.0013107450843352,21,0
10.414,-0.0013385315243352,21,0
10.416,-0.0011722533243352,21,0
10.418,-0.0011910264743352,21,0
10.42,-0.0012097996243352,21,0
10.422,-0.0016551159243352,21,0
10.424,-0.0015511587743352,21,0
10.426,-0.0014472016243352,21,0
10.428,-0.0011600686243352,21,0
10.43,-0.0012033442743352,21,0
10.432,-0.0012466199243352,21,0
10.434,-0.0013249190243352,21,0
10.436,-0.0014032181243352,21,0
10.438,-0.0013528367493352,21,0
10.44,-0.0013024553743352,21,0
10.442,-0.0012520739993352,21,0
10.444,-0.0012016926243352,21,0
10.446,-0.0012315372743352,21,0
10.448,-0.0012613819243352,21,0
10.45,-0.0013638834443352,21,0
10.452,-0.0014663849643352,21,0
10.454,-0.0015688864843352,21,0
10.456,-0.0016713880043352,21,0
10.458,-0.0017738895243352,21,0
10.46,-0.0012419251243352,21,0
10.462,-0.0011951586243352,21,0
10.464,-0.0011769965243352,21,0
10.466,-0.0019960818243352,21,0
10.468,-0.0019645653576686,21,0
10.47,-0.0019330488910019,21,0
10.472,-0.0019015324243352,21,0
10.474,-0.0013383500243352,21,0
10.476,-0.0011651990243352,21,0
10.478,-0.0016560355243352,21,0
10.48,-0.0016204324843352,21,0
10.482,-0.0015848294443352,21,0
10.484,-0.0015492264043352,21,0
10.486,-0.0015136233643352,21,0
10.488,-0.0014780203243352,21,0
10.49,-0.0011831917243352,21,0
10.492,-0.0012634631243352,21,0
10.494,-0.0013837250243352,21,0
10.496,-0.0014369498993352,21,0
10.498,-0.0014901747743352,21,0
10.5,-0.0015433996493352,22,0
10.502,-0.0015966245243352,22,0
10.504,-0.0011882132243352,22,0
10.506,-0.0012557433243352,22,0
10.508,-0.0012434376243352,22,0
10.51,-0.0013803037493352,22,0
10.512,-0.0015171698743352,22,0
10.514,-0.0016540359993352,22,0
10.516,-0.0017909021243352,22,0
10.518,-0.0012121833243352,22,0
10.52,-0.0011975544243352,22,0
10.522,-0.0013430230443352,22,0
10.524,-0.0014884916643352,22,0
10.526,-0.0016339602843352,22,0
10.528,-0.0017794289043352,22,0
10.53,-0.0019248975243352,22,0
10.532,-0.0011831312243352,22,0
10.534,-0.0012225530243352,22,0
10.536,-0.0016532041243352,22,0
10.538,-0.0015573793843352,22,0
10.54,-0.0014615546443352,22,0
10.542,-0.0013657299043352,22,0
10.544,-0.0012699051643352,22,0
10.546,-0.0011740804243352,22,0
10.548,-0.0012576551243352,22,0
10.55,-0.0013280287243352,22,0
10.552,-0.0013984023243352,22,0
10.554,-0.0014627864243352,22,0
10.556,-0.0015271705243352,22,0
10.558,-0.0015915546243352,22,0
10.56,-0.0011906937243352,22,0
10.562,-0.0012107494743352,22,0
10.564,-0.0012308052243352,22,0
10.566,-0.0012181365243352,22,0
10.568,-0.0013581970493352,22,0
10.57,-0.0014982575743352,22,0
10.572,-0.0016383180993352,22,0
10.574,-0.0017783786243352,22,0
10.576,-0.0012557312243352,22,0
10.578,-0.0012096181243352,22,0
10.58,-0.0012112637243352,22,0
10.582,-0.0013862720743352,22,0
10.584,-0.0015612804243352,22,0
10.586,-0.0017362887743352,22,0
10.588,-0.0019112971243352,22,0
10.59,-0.0012069440243352,22,0
10.592,-0.0016574149243352,22,0
10.594,-0.0016237466743352,22,0
10.596,-0.0015900784243352,22,0
10.598,-0.0015564101743352,22,0
10.6,-0.0015227419243352,22,0
10.602,-0.0014890736743352,22,0
10.604,-0.0014554054243352,22,0
10.606,-0.0011548414243352,22,0
10.608,-0.0012532749243352,22,0
10.61,-0.0014026131243352,22,0
10.612,-0.0013326267243352,22,0
10.614,-0.0012626403243352,22,0
10.616,-0.0011926539243352,22,0
10.618,-0.0012311440243352,22,0
10.62,-0.0012292322243352,22,0
10.622,-0.0012273204243352,22,0
10.624,-0.0013636390243352,22,0
10.626,-0.0014999576243352,22,0
10.628,-0.0016362762243352,22,0
10.63,-0.0017725948243352,22,0
10.632,-0.0014988323243352,22,0
10.634,-0.0012250698243352,22,0
10.636,-0.0016072846243352,22,0
10.638,-0.0019894994243352,22,0
10.64,-0.0019770696993352,22,0
10.642,-0.0019646399743352,22,0
10.644,-0.0019522102493352,22,0
10.646,-0.0019397805243352,22,0
10.648,-0.0011829860243352,22,0
10.65,-0.0012155955243352,22,0
10.652,-0.0012482050243352,22,0
10.654,-0.0016789650243352,22,0
10.656,-0.0015118035243352,22,0
10.658,-0.0013446420243352,22,0
10.66,-0.0011774805243352,22,0
10.662,-0.0012453736243352,22,0
10.664,-0.0013132667243352,22,0
10.666,-0.0013811598243352,22,0
10.668,-0.0014635043576686,22,0
10.67,-0.0015458488910019,22,0
10.672,-0.0016281934243352,22,0
10.674,-0.0014856957576686,22,0
10.676,-0.0013431980910019,22,0
10.678,-0.0012007004243352,22,0
10.68,-0.0012593370243352,22,0
10.682,-0.0013636341843352,22,0
10.684,-0.0014679313443352,22,0
10.686,-0.0015722285043352,22,0
10.688,-0.0016765256643352,22,0
10.69,-0.0017808228243352,22,0
10.692,-0.0012720178243352,22,0
10.694,-0.0012123043243352,22,0
10.696,-0.0011931379243352,22,0
10.698,-0.0019713978243352,22,0
10.7,-0.0019409784243352,22,0
10.702,-0.0019105590243352,22,0
10.704,-0.0013517568243352,22,0
10.706,-0.0012328138243352,22,0
10.708,-0.0016602342243352,22,0
10.71,-0.0016227944043352,22,0
10.712,-0.0015853545843352,22,0
10.714,-0.0015479147643352,22,0
10.716,-0.0015104749443352,22,0
10.718,-0.0014730351243352,22,0
10.72,-0.0013188266743352,22,0
10.722,-0.0011646182243352,22,0
10.724,-0.0013808089243352,22,0
10.726,-0.0014265638643352,22,0
10.728,-0.0014723188043352,22,0
10.73,-0.0015180737443352,22,0
10.732,-0.0015638286843352,22,0
10.734,-0.0016095836243352,22,0
10.736,-0.0011901492243352,22,0
10.738,-0.0012394325243352,22,0
10.74,-0.0012257353243352,22,0
10.742,-0.0013680313243352,22,0
10.744,-0.0015103273243352,22,0
10.746,-0.0016526233243352,22,0
10.748,-0.0017949193243352,22,0
10.75,-0.0012045119243352,22,0
10.752,-0.0011895321243352,22,0
10.754,-0.0015932062743352,22,0
10.756,-0.0019968804243352,22,0
10.758,-0.0019742453576686,22,0
10.76,-0.0019516102910019,22,0
10.762,-0.0019289752243352,22,0
10.764,-0.0013727745243352,22,0
10.766,-0.0012301639243352,22,0
10.768,-0.0012775031576686,22,0
10.77,-0.0013248423910019,22,0
10.772,-0.0013721816243352,22,0
10.774,-0.0014195208576686,22,0
10.776,-0.0014668600910019,22,0
10.778,-0.0015141993243352,22,0
10.78,-0.0011889876243352,22,0
10.782,-0.0012756720243352,22,0
10.784,-0.0014143138243352,22,0
10.786,-0.0014669367243352,22,0
10.788,-0.0015195596243352,22,0
10.79,-0.0015721825243352,22,0
10.792,-0.0016248054243352,22,0
10.794,-0.0011882374243352,22,0
10.796,-0.0012548479243352,22,0
10.798,-0.0012303212243352,22,0
10.8,-0.0014146727910019,22,0
10.802,-0.0015990243576686,22,0
10.804,-0.0017833759243352,22,0
10.806,-0.0012672141243352,22,0
10.808,-0.0012262435243352,22,0
10.81,-0.0011912261243352,22,0
10.812,-0.0019671628243352,22,0
10.814,-0.0019556799243352,22,0
10.816,-0.0019441970243352,22,0
10.818,-0.0019327141243352,22,0
10.82,-0.0019212312243352,22,0
10.822,-0.0013539953243352,22,0
10.824,-0.0011874993243352,22,0
10.826,-0.0012142645243352,22,0
10.828,-0.0016419269243352,22,0
10.83,-0.0016012255493352,22,0
10.832,-0.0015605241743352,22,0
10.834,-0.0015198227993352,22,0
10.836,-0.0014791214243352,22,0
10.838,-0.0011711764243352,22,0
10.84,-0.0012462448243352,22,0
10.842,-0.0013382653243352,22,0
10.844,-0.0012987104243352,22,0
10.846,-0.0012591555243352,22,0
10.848,-0.0012196006243352,22,0
10.85,-0.0011800457243352,22,0
10.852,-0.0012200241243352,22,0
10.854,-0.0012600025243352,22,0
10.856,-0.0012233758243352,22,0
10.858,-0.0013594009993352,22,0
10.86,-0.0014954261743352,22,0
10.862,-0.0016314513493352,22,0
10.864,-0.0017674765243352,22,0
10.866,-0.0011948924243352,22,0
10.868,-0.0015678265243352,22,0
10.87,-0.0019407606243352,22,0
10.872,-0.0019189080243352,22,0
10.874,-0.0018970554243352,22,0
10.876,-0.0016176603743352,22,0
10.878,-0.0013382653243352,22,0
10.88,-0.0012521859243352,22,0
10.882,-0.0011661065243352,22,0
10.884,-0.0012098238243352,22,0
10.886,-0.0015962736243352,22,0
10.888,-0.0014523481576686,22,0
10.89,-0.0013084226910019,22,0
10.892,-0.0011644972243352,22,0
10.894,-0.0011884269910019,22,0
10.896,-0.0012123567576686,22,0
10.898,-0.0012362865243352,22,0
10.9,-0.0013670875243352,22,0
10.902,-0.0014459351576686,22,0
10.904,-0.0015247827910019,22,0
10.906,-0.0016036304243352,22,0
10.908,-0.0011898225243352,22,0
10.91,-0.0012218512243352,22,0
10.912,-0.0012538799243352,22,0
10.914,-0.0013825301493352,22,0
10.916,-0.0015111803743352,22,0
10.918,-0.0016398305993352,22,0
10.92,-0.0017684808243352,22,0
10.922,-0.0015067820243352,22,0
10.924,-0.0012450832243352,22,0
10.926,-0.0011880196243352,22,0
10.928,-0.0019494000243352,22,0
10.93,-0.0017986642743352,22,0
10.932,-0.0016479285243352,22,0
10.934,-0.0014971927743352,22,0
10.936,-0.0013464570243352,22,0
10.938,-0.0012700636743352,22,0
10.94,-0.0011936703243352,22,0
10.942,-0.0012276955243352,22,0
10.944,-0.0013138596243352,22,0
10.946,-0.0014000237243352,22,0
10.948,-0.0014861878243352,22,0
10.95,-0.0013788648576686,22,0
10.952,-0.0012715418910019,22,0
10.954,-0.0011642189243352,22,0
10.956,-0.0012568807243352,22,0
10.958,-0.0013669786243352,22,0
10.96,-0.0014363448993352,22,0
10.962,-0.0015057111743352,22,0
10.964,-0.0015750774493352,22,0
10.966,-0.0016444437243352,22,0
10.968,-0.0012052016243352,22,0
10.97,-0.0012400980243352,22,0
10.972,-0.0012150268243352,22,0
10.974,-0.0013547061993352,22,0
10.976,-0.0014943855743352,22,0
10.978,-0.0016340649493352,22,0
10.98,-0.0017737443243352,22,0
10.982,-0.0012535895243352,22,0
10.984,-0.0012194554243352,22,0
10.986,-0.0011821874243352,22,0
10.988,-0.0019529090243352,22,0
10.99,-0.0019492185243352,22,0
10.992,-0.0019455280243352,22,0
10.994,-0.0019418375243352,22,0
10.996,-0.0013784736243352,22,0
10.998,-0.0011878502243352,22,0
11.0,-0.0012300792243352,23,0
11.002,-0.0016329245243352,23,0
11.004,-0.0016067159243352,23,0
11.006,-0.0015805073243352,23,0
11.008,-0.0015542987243352,23,0
11.01,-0.0015280901243352,23,0
11.012,-0.0012755147243352,23,0
11.014,-0.0013919046243352,23,0
11.016,-0.0014445686643352,23,0
11.018,-0.0014972327043352,23,0
11.02,-0.0015498967443352,23,0
11.022,-0.0016025607843352,23,0
11.024,-0.0016552248243352,23,0
11.026,-0.0012636446243352,23,0
11.028,-0.0012537891743352,23,0
11.03,-0.0012439337243352,23,0
11.032,-0.0014350370910019,23,0
11.034,-0.0016261404576686,23,0
11.036,-0.0018172438243352,23,0
11.038,-0.0015470992243352,23,0
11.04,-0.0012769546243352,23,0
11.042,-0.0012194191243352,23,0
11.044,-0.0011948924243352,23,0
11.046,-0.0019523040243352,23,0
11.048,-0.0019391150243352,23,0
11.05,-0.0019259260243352,23,0
11.052,-0.0019127370243352,23,0
11.054,-0.0013655508243352,23,0
11.056,-0.0011833732243352,23,0
11.058,-0.0012247189243352,23,0
11.06,-0.0012126745843352,23,0
11.062,-0.0012006302443352,23,0
11.064,-0.0011885859043352,23,0
11.066,-0.0011765415643352,23,0
11.068,-0.0011644972243352,23,0
11.07,-0.0012042941243352,23,0
11.072,-0.0012440910243352,23,0
11.074,-0.0013599364243352,23,0
11.076,-0.0013223840743352,23,0
11.078,-0.0012848317243352,23,0
11.08,-0.0012472793743352,23,0
11.082,-0.0012097270243352,23,0
11.084,-0.0012270723743352,23,0
11.086,-0.0012444177243352,23,0
11.088,-0.0012171080243352,23,0
11.09,-0.0013598244993352,23,0
11.092,-0.0015025409743352,23,0
11.094,-0.0016452574493352,23,0
11.096,-0.0017879739243352,23,0
11.098,-0.0012107071243352,23,0
11.1,-0.0015793033743352,23,0
11.102,-0.0019478996243352,23,0
11.104,-0.0019463840993352,23,0
11.106,-0.0019448685743352,23,0
11.108,-0.0019433530493352,23,0
11.11,-0.0019418375243352,23,0
11.112,-0.0011713095243352,23,0
11.114,-0.0012147848243352,23,0
11.116,-0.0016156094243352,23,0
11.118,-0.0015919515043352,23,0
11.12,-0.0015682935843352,23,0
11.122,-0.0015446356643352,23,0
11.124,-0.0015209777443352,23,0
11.126,-0.0014973198243352,23,0
11.128,-0.0011631904243352,23,0
11.13,-0.0012341085243352,23,0
11.132,-0.0013166160043352,23,0
11.134,-0.0013991234843352,23,0
11.136,-0.0014816309643352,23,0
11.138,-0.0015641384443352,23,0
11.14,-0.0016466459243352,23,0
11.142,-0.0012393599243352,23,0
11.144,-0.0012094850243352,23,0
11.146,-0.0013296307643352,23,0
11.148,-0.0014497765043352,23,0
11.15,-0.0015699222443352,23,0
11.152,-0.0016900679843352,23,0
11.154,-0.0018102137243352,23,0
11.156,-0.0012842993243352,23,0
11.158,-0.0012223957243352,23,0
11.16,-0.0011915165243352,23,0
11.162,-0.0012376023993352,23,0
11.164,-0.0012836882743352,23,0
11.166,-0.0013297741493352,23,0
11.168,-0.0013758600243352,23,0
11.17,-0.0011911414243352,23,0
11.172,-0.0012307084243352,23,0
11.174,-0.0014268615243352,23,0
11.176,-0.0016230146243352,23,0
11.178,-0.0016025353743352,23,0
11.18,-0.0015820561243352,23,0
11.182,-0.0015615768743352,23,0
11.184,-0.0015410976243352,23,0
11.186,-0.0012608132243352,23,0
11.188,-0.0013561975243352,23,0
11.19,-0.0014173315643352,23,0
11.192,-0.0014784656043352,23,0
11.194,-0.0015395996443352,23,0
11.196,-0.0016007336843352,23,0
11.198,-0.0016618677243352,23,0
11.2,-0.0012396866243352,23,0
11.202,-0.0013367326576686,23,0
11.204,-0.0014337786910019,23,0
11.206,-0.0015308247243352,23,0
11.208,-0.0016278707576686,23,0
11.21,-0.0017249167910019,23,0
11.212,-0.0018219628243352,23,0
11.214,-0.0012739054243352,23,0
11.216,-0.0012088679243352,23,0
11.218,-0.0015782506743352,23,0
11.22,-0.0019476334243352,23,0
11.222,-0.0019507068243352,23,0
11.224,-0.0019537802243352,23,0
11.226,-0.0015698532743352,23,0
11.228,-0.0011859263243352,23,0
11.23,-0.0012356815243352,23,0
11.232,-0.0014244415243352,23,0
11.234,-0.0016132015243352,23,0
11.236,-0.0015841010243352,23,0
11.238,-0.0015550005243352,23,0
11.24,-0.0015259000243352,23,0
11.242,-0.0014967995243352,23,0
11.244,-0.0011678247243352,23,0
11.246,-0.0012512784243352,23,0
11.248,-0.0013571292243352,23,0
11.25,-0.0014292210243352,23,0
11.252,-0.0015013128243352,23,0
11.254,-0.0015734046243352,23,0
11.256,-0.0016454964243352,23,0
11.258,-0.0012345199243352,23,0
11.26,-0.0011967316243352,23,0
11.262,-0.0013155875043352,23,0
11.264,-0.0014344433843352,23,0
11.266,-0.0015532992643352,23,0
11.268,-0.0016721551443352,23,0
11.27,-0.0017910110243352,23,0
11.272,-0.0012528272243352,23,0
11.274,-0.0012077184243352,23,0
11.276,-0.0012066294243352,23,0
11.278,-0.0019326415243352,23,0
11.28,-0.0019578034743352,23,0
11.282,-0.0019829654243352,23,0
11.284,-0.0014145437243352,23,0
11.286,-0.0013030603743352,23,0
11.288,-0.0011915770243352,23,0
11.29,-0.0012456277243352,23,0
11.292,-0.0016194572243352,23,0
11.294,-0.0015140541243352,23,0
11.296,-0.0014086510243352,23,0
11.298,-0.0013032479243352,23,0
11.3,-0.0011978448243352,23,0
11.302,-0.0012574978243352,23,0
11.304,-0.0013086384743352,23,0
11.306,-0.0013597791243352,23,0
11.308,-0.0014309573743352,23,0
11.31,-0.0015021356243352,23,0
11.312,-0.0015733138743352,23,0
11.314,-0.0016444921243352,23,0
11.316,-0.0014395362743352,23,0
11.318,-0.0012345804243352,23,0
11.32,-0.0015173876743352,23,0
11.322,-0.0018001949243352,23,0
11.324,-0.0018519062910019,23,0
11.326,-0.0019036176576686,23,0
11.328,-0.0019553290243352,23,0
11.33,-0.0019591364910019,23,0
11.332,-0.0019629439576686,23,0
11.334,-0.0019667514243352,23,0
11.336,-0.0019705588910019,23,0
11.338,-0.0019743663576686,23,0
11.34,-0.0019781738243352,23,0
11.342,-0.0011920005243352,23,0
11.344,-0.0012443693243352,23,0
11.346,-0.0016158635243352,23,0
11.348,-0.0015300358043352,23,0
11.35,-0.0014442080843352,23,0
11.352,-0.0013583803643352,23,0
11.354,-0.0012725526443352,23,0
11.356,-0.0011867249243352,23,0
11.358,-0.0012604260243352,23,0
11.36,-0.0013810388243352,23,0
11.362,-0.0014379669043352,23,0
11.364,-0.0014948949843352,23,0
11.366,-0.0015518230643352,23,0
11.368,-0.0016087511443352,23,0
11.37,-0.0016656792243352,23,0
11.372,-0.0012339270243352,23,0
11.374,-0.0012834644243352,23,0
11.376,-0.0012558764243352,23,0
11.378,-0.0012653991243352,23,0
11.38,-0.0012749218243352,23,0
11.382,-0.0012844445243352,23,0
11.384,-0.0012939672243352,23,0
11.386,-0.0012463658243352,23,0
11.388,-0.0012336971243352,23,0
11.39,-0.0014137178993352,23,0
11.392,-0.0015937386743352,23,0
11.394,-0.0017737594493352,23,0
11.396,-0.0019537802243352,23,0
11.398,-0.0015720433743352,23,0
11.4,-0.0011903065243352,23,0
11.402,-0.0012450227243352,23,0
11.404,-0.0016008837243352,23,0
11.406,-0.0015185335443352,23,0
11.408,-0.0014361833643352,23,0
11.41,-0.0013538331843352,23,0
11.412,-0.0012714830043352,23,0
11.414,-0.0011891328243352,23,0
11.416,-0.0013703545243352,23,0
11.418,-0.0014263936576686,23,0
11.42,-0.0014824327910019,23,0
11.422,-0.0015384719243352,23,0
11.424,-0.0015945110576686,23,0
11.426,-0.0016505501910019,23,0
11.428,-0.0017065893243352,23,0
11.43,-0.0012547753243352,23,0
11.432,-0.0012412959243352,23,0
11.434,-0.0012278165243352,23,0
11.436,-0.0012565217576686,23,0
11.438,-0.0012852269910019,23,0
11.44,-0.0013139322243352,23,0
11.442,-0.0012443209243352,23,0
11.444,-0.0012273083243352,23,0
11.446,-0.0015967031743352,23,0
11.448,-0.0019660980243352,23,0
11.45,-0.0016815665243352,23,0
11.452,-0.0013970350243352,23,0
11.454,-0.0013313239576686,23,0
11.456,-0.0012656128910019,23,0
11.458,-0.0011999018243352,23,0
11.46,-0.0014036113743352,23,0
11.462,-0.0016073209243352,23,0
11.464,-0.0015884610576686,23,0
11.466,-0.0015696011910019,23,0
11.468,-0.0015507413243352,23,0
11.47,-0.0012151357243352,23,0
11.472,-0.0012715822243352,23,0
11.474,-0.0013280269957638,23,0
11.476,-0.0013844717671924,23,0
11.478,-0.001440916538621,23,0
11.48,-0.0014973613100495,23,0
11.482,-0.0015538060814781,23,0
11.484,-0.0016102508529067,23,0
11.486,-0.0016666956243352,23,0
11.488,-0.0012209558243352,23,0
11.49,-0.0012518834243352,23,0
11.492,-0.0013631840643352,23,0
11.494,-0.0014744847043352,23,0
11.496,-0.0015857853443352,23,0
11.498,-0.0016970859843352,23,0
11.5,-0.0018083866243352,24,0
11.502,-0.0012891877243352,24,0
11.504,-0.0012238719243352,24,0
11.506,-0.0012169749243352,24,0
11.508,-0.0019382317243352,24,0
11.51,-0.0019539496243352,24,0
11.512,-0.0019696675243352,24,0
11.514,-0.0019853854243352,24,0
11.516,-0.0014246109243352,24,0
11.518,-0.0012181486243352,24,0
11.52,-0.0012619748243352,24,0
11.522,-0.0016039813243352,24,0
11.524,-0.0015839154910019,24,0
11.526,-0.0015638496576686,24,0
11.528,-0.0015437838243352,24,0
11.53,-0.0011959814243352,24,0
11.532,-0.0013698705243352,24,0
11.534,-0.0014209446243352,24,0
11.536,-0.0014720187243352,24,0
11.538,-0.0015230928243352,24,0
11.54,-0.0015741669243352,24,0
11.542,-0.0016252410243352,24,0
11.544,-0.0016763151243352,24,0
11.546,-0.0012389485243352,24,0
11.548,-0.0012360566243352,24,0
11.55,-0.0015332144743352,24,0
11.552,-0.0018303723243352,24,0
11.554,-0.0012844929243352,24,0
11.556,-0.0012236662243352,24,0
11.558,-0.0012200120243352,24,0
11.56,-0.0015762541743352,24,0
11.562,-0.0019324963243352,24,0
11.564,-0.0018497000576686,24,0
11.566,-0.0017669037910019,24,0
11.568,-0.0016841075243352,24,0
11.57,-0.0016013112576686,24,0
11.572,-0.0015185149910019,24,0
11.574,-0.0014357187243352,24,0
11.576,-0.0012252997243352,24,0
11.578,-0.0012654354243352,24,0
11.58,-0.0016198202243352,24,0
11.582,-0.0015992925743352,24,0
11.584,-0.0015787649243352,24,0
11.586,-0.0015582372743352,24,0
11.588,-0.0015377096243352,24,0
11.59,-0.0012089163243352,24,0
11.592,-0.0012928661243352,24,0
11.594,-0.0012757657993352,24,0
11.596,-0.0012586654743352,24,0
11.598,-0.0012415651493352,24,0
11.6,-0.0012244648243352,24,0
11.602,-0.0012509396243352,24,0
11.604,-0.0013924612243352,24,0
11.606,-0.0015339828243352,24,0
11.608,-0.0016755044243352,24,0
11.61,-0.0018170260243352,24,0
11.612,-0.0016467225576686,24,0
11.614,-0.0014764190910019,24,0
11.616,-0.0013061156243352,24,0
11.618,-0.0012699366243352,24,0
11.62,-0.0012337576243352,24,0
11.622,-0.0019292656243352,24,0
11.624,-0.0019379231743352,24,0
11.626,-0.0019465807243352,24,0
11.628,-0.0019552382743352,24,0
11.63,-0.0019638958243352,24,0
11.632,-0.0013967083243352,24,0
11.634,-0.0011925329243352,24,0
11.636,-0.0012545817243352,24,0
11.638,-0.0015885417243352,24,0
11.64,-0.0015768682493352,24,0
11.642,-0.0015651947743352,24,0
11.644,-0.0015535212993352,24,0
11.646,-0.0015418478243352,24,0
11.648,-0.0011970946243352,24,0
11.65,-0.0012714975243352,24,0
11.652,-0.0013443758243352,24,0
11.654,-0.0014256908493352,24,0
11.656,-0.0015070058743352,24,0
11.658,-0.0015883208993352,24,0
11.66,-0.0016696359243352,24,0
11.662,-0.0012579939243352,24,0
11.664,-0.0012081056243352,24,0
11.666,-0.0013593616743352,24,0
11.668,-0.0015106177243352,24,0
11.67,-0.0016618737743352,24,0
11.672,-0.0018131298243352,24,0
11.674,-0.0015510377743352,24,0
11.676,-0.0012889457243352,24,0
11.678,-0.0012204718243352,24,0
11.68,-0.0012179913243352,24,0
11.682,-0.0012666665993352,24,0
11.684,-0.0013153418743352,24,0
11.686,-0.0013640171493352,24,0
11.688,-0.0014126924243352,24,0
11.69,-0.0013008642243352,24,0
11.692,-0.0011890360243352,24,0
11.694,-0.0012435344243352,24,0
11.696,-0.0015867267243352,24,0
11.698,-0.0015776365993352,24,0
11.7,-0.0015685464743352,24,0
11.702,-0.0015594563493352,24,0
11.704,-0.0015503662243352,24,0
11.706,-0.0012083960243352,24,0
11.708,-0.0012828231243352,24,0
11.71,-0.0013835556243352,24,0
11.712,-0.0014842881243352,24,0
11.714,-0.0015850206243352,24,0
11.716,-0.0016857531243352,24,0
11.718,-0.0012738570243352,24,0
11.72,-0.0012591393910019,24,0
11.722,-0.0012444217576686,24,0
11.724,-0.0012297041243352,24,0
11.726,-0.0013804459243352,24,0
11.728,-0.0015311877243352,24,0
11.73,-0.0016819295243352,24,0
11.732,-0.0018326713243352,24,0
11.734,-0.0013238058243352,24,0
11.736,-0.0012164667243352,24,0
11.738,-0.0019081269243352,24,0
11.74,-0.0019277531243352,24,0
11.742,-0.0019473793243352,24,0
11.744,-0.0019670055243352,24,0
11.746,-0.0019866317243352,24,0
11.748,-0.0014149914243352,24,0
11.75,-0.0012636325243352,24,0
11.752,-0.0014215435743352,24,0
11.754,-0.0015794546243352,24,0
11.756,-0.0015712205743352,24,0
11.758,-0.0015629865243352,24,0
11.76,-0.0015547524743352,24,0
11.762,-0.0015465184243352,24,0
11.764,-0.0012053347243352,24,0
11.766,-0.0012619627243352,24,0
11.768,-0.0013736668993352,24,0
11.77,-0.0014853710743352,24,0
11.772,-0.0015970752493352,24,0
11.774,-0.0017087794243352,24,0
11.776,-0.0014719400743352,24,0
11.778,-0.0012351007243352,24,0
11.78,-0.0012347921743352,24,0
11.782,-0.0012344836243352,24,0
11.784,-0.0012341750743352,24,0
11.786,-0.0012338665243352,24,0
11.788,-0.0012335579743352,24,0
11.79,-0.0012332494243352,24,0
11.792,-0.0012286151243352,24,0
11.794,-0.0012239808243352,24,0
11.796,-0.0012193465243352,24,0
11.798,-0.0014753220243352,24,0
11.8,-0.0017312975243352,24,0
11.802,-0.0019872730243352,24,0
11.804,-0.0012412233243352,24,0
11.806,-0.0012357440410019,24,0
11.808,-0.0012302647576686,24,0
11.81,-0.0012247854743352,24,0
11.812,-0.0012193061910019,24,0
11.814,-0.0012138269076686,24,0
11.816,-0.0012083476243352,24,0
11.818,-0.0012291434910019,24,0
11.82,-0.0012499393576686,24,0
11.822,-0.0012707352243352,24,0
11.824,-0.0012654818076686,24,0
11.826,-0.0012602283910019,24,0
11.828,-0.0012549749743352,24,0
11.83,-0.0012497215576686,24,0
11.832,-0.0012444681410019,24,0
11.834,-0.0012392147243352,24,0
11.836,-0.0012321120243352,24,0
11.838,-0.0012250093243352,24,0
11.84,-0.0013508469043352,24,0
11.842,-0.0014766844843352,24,0
11.844,-0.0016025220643352,24,0
11.846,-0.0017283596443352,24,0
11.848,-0.0018541972243352,24,0
11.85,-0.0013305455243352,24,0
11.852,-0.0012675287243352,24,0
11.854,-0.0012493182243352,24,0
11.856,-0.0019200938243352,24,0
11.858,-0.0019353559576686,24,0
11.86,-0.0019506180910019,24,0
11.862,-0.0019658802243352,24,0
11.864,-0.0014418050243352,24,0
11.866,-0.0012368310243352,24,0
11.868,-0.0012638019243352,24,0
11.87,-0.0012553246643352,24,0
11.872,-0.0012468474043352,24,0
11.874,-0.0012383701443352,24,0
11.876,-0.0012298928843352,24,0
11.878,-0.0012214156243352,24,0
11.88,-0.0012619687743352,24,0
11.882,-0.0013025219243352,24,0
11.884,-0.0013708506243352,24,0
11.886,-0.0014582489243352,24,0
11.888,-0.0015456472243352,24,0
11.89,-0.0016330455243352,24,0
11.892,-0.0017204438243352,24,0
11.894,-0.0012748008243352,24,0
11.896,-0.0013063576243352,24,0
11.898,-0.0012670568243352,24,0
11.9,-0.0014169969993352,24,0
11.902,-0.0015669371743352,24,0
11.904,-0.0017168773493352,24,0
11.906,-0.0018668175243352,24,0
11.908,-0.0013333285243352,24,0
11.91,-0.0012551020243352,24,0
11.912,-0.0013009428743352,24,0
11.914,-0.0013467837243352,24,0
11.916,-0.0013926245743352,24,0
11.918,-0.0014384654243352,24,0
11.92,-0.0013277746243352,24,0
11.922,-0.0012170838243352,24,0
11.924,-0.0012441031243352,24,0
11.926,-0.0012711224243352,24,0
11.928,-0.0015897033243352,24,0
11.93,-0.0015774823243352,24,0
11.932,-0.0015652613243352,24,0
11.934,-0.0015530403243352,24,0
11.936,-0.0015408193243352,24,0
11.938,-0.0012745346243352,24,0
11.94,-0.0013129218743352,24,0
11.942,-0.0013513091243352,24,0
11.944,-0.0013241204243352,24,0
11.946,-0.0012969317243352,24,0
11.948,-0.0012697430243352,24,0
11.95,-0.0012425543243352,24,0
11.952,-0.0012857997243352,24,0
11.954,-0.0012317248243352,24,0
11.956,-0.0013835162993352,24,0
11.958,-0.0015353077743352,24,0
11.96,-0.0016870992493352,24,0
11.962,-0.0018388907243352,24,0
11.964,-0.0015819835243352,24,0
11.966,-0.0013250763243352,24,0
11.968,-0.0012362623243352,24,0
11.97,-0.0012165514243352,24,0
11.972,-0.0014740837910019,24,0
11.974,-0.0017316161576686,24,0
11.976,-0.0019891485243352,24,0
11.978,-0.0016009260743352,24,0
11.98,-0.0012127036243352,24,0
11.982,-0.0012326202243352,24,0
11.984,-0.0012525368243352,24,0
11.986,-0.0015628534243352,24,0
11.988,-0.0014431118243352,24,0
11.99,-0.0013233702243352,24,0
11.992,-0.0012036286243352,24,0
11.994,-0.0012773176243352,24,0
11.996,-0.0013510066243352,24,0
11.998,-0.0014235751643352,24,0
12.0,-0.0014961437043352,25,0
12.002,-0.0015687122443352,25,0
12.004,-0.0016412807843352,25,0
12.006,-0.0017138493243352,25,0
12.008,-0.0012678433243352,25,0
12.01,-0.0013518985671924,25,0
12.012,-0.0014359538100495,25,0
12.014,-0.0015200090529067,25,0
12.016,-0.0016040642957638,25,0
12.018,-0.001688119538621,25,0
12.02,-0.0017721747814781,25,0
12.022,-0.0018562300243352,25,0
12.024,-0.0013123471243352,25,0
12.026,-0.0012367342243352,25,0
12.028,-0.0012189109243352,25,0
12.03,-0.0018822934243352,25,0
12.032,-0.0019184441910019,25,0
12.034,-0.0019545949576686,25,0
12.036,-0.0019907457243352,25,0
12.038,-0.0014398811243352,25,0
12.04,-0.0012166119243352,25,0
12.042,-0.0012560337243352,25,0
12.044,-0.0015526410243352,25,0
12.046,-0.0015434329243352,25,0
12.048,-0.0015342248243352,25,0
12.05,-0.0015250167243352,25,0
12.052,-0.0015158086243352,25,0
12.054,-0.0011877050243352,25,0
12.056,-0.0013266009243352,25,0
12.058,-0.0013976230843352,25,0
12.06,-0.0014686452443352,25,0
12.062,-0.0015396674043352,25,0
12.064,-0.0016106895643352,25,0
12.066,-0.0016817117243352,25,0
12.068,-0.0012073917243352,25,0
12.07,-0.0012444661243352,25,0
12.072,-0.0012058429243352,25,0
12.074,-0.0013603962243352,25,0
12.076,-0.0015149495243352,25,0
12.078,-0.0016695028243352,25,0
12.08,-0.0018240561243352,25,0
12.082,-0.0012902041243352,25,0
12.084,-0.0012134901243352,25,0
12.086,-0.0012226377243352,25,0
12.088,-0.0018715123243352,25,0
12.09,-0.0019248854243352,25,0
12.092,-0.0019782585243352,25,0
12.094,-0.0016965402743352,25,0
12.096,-0.0014148220243352,25,0
12.098,-0.0012148211243352,25,0
12.1,-0.0012722598243352,25,0
12.102,-0.0015750986243352,25,0
12.104,-0.0015753930576686,25,0
12.106,-0.0015756874910019,25,0
12.108,-0.0015759819243352,25,0
12.11,-0.0013985112243352,25,0
12.112,-0.0012210405243352,25,0
12.114,-0.0012799554243352,25,0
12.116,-0.0013343086243352,25,0
12.118,-0.0014587893910019,25,0
12.12,-0.0015832701576686,25,0
12.122,-0.0017077509243352,25,0
12.124,-0.0012582964243352,25,0
12.126,-0.0012669479243352,25,0
12.128,-0.0012755994243352,25,0
12.13,-0.0012169628243352,25,0
12.132,-0.0014259378910019,25,0
12.134,-0.0016349129576686,25,0
12.136,-0.0018438880243352,25,0
12.138,-0.0013144283243352,25,0
12.14,-0.0012480477243352,25,0
12.142,-0.0012355060743352,25,0
12.144,-0.0012229644243352,25,0
12.146,-0.0018727465243352,25,0
12.148,-0.0019104057576686,25,0
12.15,-0.0019480649910019,25,0
12.152,-0.0019857242243352,25,0
12.154,-0.0014276238243352,25,0
12.156,-0.0012378111243352,25,0
12.158,-0.0015595259243352,25,0
12.16,-0.0015591290443352,25,0
12.162,-0.0015587321643352,25,0
12.164,-0.0015583352843352,25,0
12.166,-0.0015579384043352,25,0
12.168,-0.0015575415243352,25,0
12.17,-0.0012111911243352,25,0
12.172,-0.0012800038243352,25,0
12.174,-0.0013320217243352,25,0
12.176,-0.0014241299493352,25,0
12.178,-0.0015162381743352,25,0
12.18,-0.0016083463993352,25,0
12.182,-0.0017004546243352,25,0
12.184,-0.0012299340243352,25,0
12.186,-0.0012551383243352,25,0
12.188,-0.0012184390243352,25,0
12.19,-0.0014307173910019,25,0
12.192,-0.0016429957576686,25,0
12.194,-0.0018552741243352,25,0
12.196,-0.0013097577243352,25,0
12.198,-0.0012279375243352,25,0
12.2,-0.0012160069243352,25,0
12.202,-0.0012040763243352,25,0
12.204,-0.0018513053243352,25,0
12.206,-0.0017058068576686,25,0
12.208,-0.0015603083910019,25,0
12.21,-0.0014148099243352,25,0
12.212,-0.0011994541243352,25,0
12.214,-0.0012730947243352,25,0
12.216,-0.0014210837743352,25,0
12.218,-0.0015690728243352,25,0
12.22,-0.0015637215993352,25,0
12.222,-0.0015583703743352,25,0
12.224,-0.0015530191493352,25,0
12.226,-0.0015476679243352,25,0
12.228,-0.0012666575243352,25,0
12.23,-0.0013189658243352,25,0
12.232,-0.0013914182043352,25,0
12.234,-0.0014638705843352,25,0
12.236,-0.0015363229643352,25,0
12.238,-0.0016087753443352,25,0
12.24,-0.0016812277243352,25,0
12.242,-0.0012297888243352,25,0
12.244,-0.0012763012243352,25,0
12.246,-0.0012227103243352,25,0
12.248,-0.0013807847243352,25,0
12.25,-0.0015388591243352,25,0
12.252,-0.0016969335243352,25,0
12.254,-0.0018550079243352,25,0
12.256,-0.0013382653243352,25,0
12.258,-0.0012525731243352,25,0
12.26,-0.0012369399243352,25,0
12.262,-0.0014893741576686,25,0
12.264,-0.0017418083910019,25,0
12.266,-0.0019942426243352,25,0
12.268,-0.0017113688243352,25,0
12.27,-0.0014284950243352,25,0
12.272,-0.0012688355243352,25,0
12.274,-0.0014086570743352,25,0
12.276,-0.0015484786243352,25,0
12.278,-0.0015549823743352,25,0
12.28,-0.0015614861243352,25,0
12.282,-0.0015679898743352,25,0
12.284,-0.0015744936243352,25,0
12.286,-0.0012083113243352,25,0
12.288,-0.0012846986243352,25,0
12.29,-0.0013292145243352,25,0
12.292,-0.0014633712576686,25,0
12.294,-0.0015975279910019,25,0
12.296,-0.0017316847243352,25,0
12.298,-0.0014987597243352,25,0
12.3,-0.0012658347243352,25,0
12.302,-0.0012765432243352,25,0
12.304,-0.0013911205443352,25,0
12.306,-0.0015056978643352,25,0
12.308,-0.0016202751843352,25,0
12.31,-0.0017348525043352,25,0
12.312,-0.0018494298243352,25,0
12.314,-0.0013105684243352,25,0
12.316,-0.0012395656243352,25,0
12.318,-0.0012322330243352,25,0
12.32,-0.0018708710243352,25,0
12.322,-0.0017589490493352,25,0
12.324,-0.0016470270743352,25,0
12.326,-0.0015351050993352,25,0
12.328,-0.0014231831243352,25,0
12.33,-0.0011852729243352,25,0
12.332,-0.0012588893243352,25,0
12.334,-0.0015625025243352,25,0
12.336,-0.0015649225243352,25,0
12.338,-0.0015673425243352,25,0
12.34,-0.0015697625243352,25,0
12.342,-0.0015721825243352,25,0
12.344,-0.0012230854243352,25,0
12.346,-0.0012833918243352,25,0
12.348,-0.0013341876243352,25,0
12.35,-0.0014636132576686,25,0
12.352,-0.0015930388910019,25,0
12.354,-0.0017224645243352,25,0
12.356,-0.0014927702243352,25,0
12.358,-0.0012630759243352,25,0
12.36,-0.0012852431243352,25,0
12.362,-0.0012354637243352,25,0
12.364,-0.0012561456493352,25,0
12.366,-0.0012768275743352,25,0
12.368,-0.0012975094993352,25,0
12.37,-0.0013181914243352,25,0
12.372,-0.0012629851743352,25,0
12.374,-0.0012077789243352,25,0
12.376,-0.0012012933243352,25,0
12.378,-0.0013974101243352,25,0
12.38,-0.0015935269243352,25,0
12.382,-0.0017896437243352,25,0
12.384,-0.0019857605243352,25,0
12.386,-0.0014339400243352,25,0
12.388,-0.0012090978243352,25,0
12.39,-0.0012672746243352,25,0
12.392,-0.0015501484243352,25,0
12.394,-0.0015513069993352,25,0
12.396,-0.0015524655743352,25,0
12.398,-0.0015536241493352,25,0
12.4,-0.0015547827243352,25,0
12.402,-0.0011897983243352,25,0
12.404,-0.0012697914243352,25,0
12.406,-0.0013199943243352,25,0
12.408,-0.0013066722243352,25,0
12.41,-0.0012933501243352,25,0
12.412,-0.0012800280243352,25,0
12.414,-0.0013009368243352,25,0
12.416,-0.0012742200243352,25,0
12.418,-0.0012475032243352,25,0
12.42,-0.0013694809043352,25,0
12.422,-0.0014914585843352,25,0
12.424,-0.0016134362643352,25,0
12.426,-0.0017354139443352,25,0
12.428,-0.0018573916243352,25,0
12.43,-0.0013248101243352,25,0
12.432,-0.0012404731243352,25,0
12.434,-0.0012587562243352,25,0
12.436,-0.0018955308243352,25,0
12.438,-0.0019300682576686,25,0
12.44,-0.0019646056910019,25,0
12.442,-0.0019991431243352,25,0
12.444,-0.0014509042243352,25,0
12.446,-0.0012194433243352,25,0
12.448,-0.0015430094243352,25,0
12.45,-0.0015483503643352,25,0
12.452,-0.0015536913043352,25,0
12.454,-0.0015590322443352,25,0
12.456,-0.0015643731843352,25,0
12.458,-0.0015697141243352,25,0
12.46,-0.0012136958243352,25,0
12.462,-0.0012915472243352,25,0
12.464,-0.0014062915243352,25,0
12.466,-0.0015210358243352,25,0
12.468,-0.0016357801243352,25,0
12.47,-0.0017505244243352,25,0
12.472,-0.0015058442743352,25,0
12.474,-0.0012611641243352,25,0
12.476,-0.0012757083243352,25,0
12.478,-0.0014242963243352,25,0
12.48,-0.0015728843243352,25,0
12.482,-0.0017214723243352,25,0
12.484,-0.0018700603243352,25,0
12.486,-0.0013482236243352,25,0
12.488,-0.0012965989743352,25,0
12.49,-0.0012449743243352,25,0
12.492,-0.0012530450243352,25,0
12.494,-0.0018802727243352,25,0
12.496,-0.0019157176576686,25,0
12.498,-0.0019511625910019,25,0
12.5,-0.0019866075243352,26,1
12.502,-0.0014360091243352,26,1
12.504,-0.0012060244243352,26,1
12.506,-0.0015700771243352,26,1
12.508,-0.0015690939993352,26,1
12.51,-0.0015681108743352,26,1
12.512,-0.0015671277493352,26,1
12.514,-0.0015661446243352,26,1
12.516,-0.0012188746243352,26,1
12.518,-0.0012643706243352,26,1
12.52,-0.0012972342243352,26,1
12.522,-0.0013300978243352,26,1
12.524,-0.0014521343910019,26,1
12.526,-0.0015741709576686,26,1
12.528,-0.0016962075243352,26,1
12.53,-0.0014690965743352,26,1
12.532,-0.0012419856243352,26,1
12.534,-0.0012739175243352,26,1
12.536,-0.0012514115243352,26,1
12.538,-0.0014602776910019,26,1
12.54,-0.0016691438576686,26,1
12.542,-0.0018780100243352,26,1
12.544,-0.0016134435243352,26,1
12.546,-0.0013488770243352,26,1
12.548,-0.0012290144243352,26,1
12.55,-0.0012486648243352,26,1
12.552,-0.0018947201243352,26,1
12.554,-0.0019460604243352,26,1
12.556,-0.0019974007243352,26,1
12.558,-0.0017098502743352,26,1
12.56,-0.0014222998243352,26,1
12.562,-0.0012004342243352,26,1
12.564,-0.0012807419243352,26,1
12.566,-0.0015730295243352,26,1
12.568,-0.0014786888493352,26,1
12.57,-0.0013843481743352,26,1
12.572,-0.0012900074993352,26,1
12.574,-0.0011956668243352,26,1
12.576,-0.0012358085743352,26,1
12.578,-0.0012759503243352,26,1
12.58,-0.0013551932243352,26,1
12.582,-0.0013270909743352,26,1
12.584,-0.0012989887243352,26,1
12.586,-0.0012708864743352,26,1
12.588,-0.0012427842243352,26,1
12.59,-0.0012448412243352,26,1
12.592,-0.0012468982243352,26,1
12.594,-0.0012682523043352,26,1
12.596,-0.0012896063843352,26,1
12.598,-0.0013109604643352,26,1
12.6,-0.0013323145443352,26,1
12.602,-0.0013536686243352,26,1
12.604,-0.0012987346243352,26,1
12.606,-0.0012438006243352,26,1
12.608,-0.0012269211243352,26,1
12.61,-0.0012457577993352,26,1
12.612,-0.0012645944743352,26,1
12.614,-0.0012834311493352,26,1
12.616,-0.0013022678243352,26,1
12.618,-0.0013605051243352,26,1
12.62,-0.0015076350743352,26,1
12.622,-0.0016547650243352,26,1
12.624,-0.0016596473743352,26,1
12.626,-0.0016645297243352,26,1
12.628,-0.0016694120743352,26,1
12.63,-0.0016742944243352,26,1
12.632,-0.0015136790243352,26,1
12.634,-0.0013530636243352,26,1
12.636,-0.0014250586243352,26,1
12.638,-0.0015065400243352,26,1
12.64,-0.0015354299843352,26,1
12.642,-0.0015643199443352,26,1
12.644,-0.0015932099043352,26,1
12.646,-0.0016220998643352,26,1
12.648,-0.0016509898243352,26,1
12.65,-0.0017067587243352,26,1
12.652,-0.0017261812410019,26,1
12.654,-0.0017456037576686,26,1
12.656,-0.0017650262743352,26,1
12.658,-0.0017844487910019,26,1
12.66,-0.0018038713076686,26,1
12.662,-0.0018232938243352,26,1
12.664,-0.0018052285243352,26,1
12.666,-0.0018357971576686,26,1
12.668,-0.0018663657910019,26,1
12.67,-0.0018969344243352,26,1
12.672,-0.0019275030576686,26,1
12.674,-0.0019580716910019,26,1
12.676,-0.0019886403243352,26,1
12.678,-0.0017227670243352,26,1
12.68,-0.0017469307243352,26,1
12.682,-0.0019936497243352,26,1
12.684,-0.0019813117576686,26,1
12.686,-0.0019689737910019,26,1
12.688,-0.0019566358243352,26,1
12.69,-0.0017546263243352,26,1
12.692,-0.0015526168243352,26,1
12.694,-0.0015897275243352,26,1
12.696,-0.0016109751243352,26,1
12.698,-0.0017104250243352,26,1
12.7,-0.0018098749243352,26,1
12.702,-0.0019093248243352,26,1
12.704,-0.0014061463243352,26,1
12.706,-0.0013974706243352,26,1
12.708,-0.0013388582243352,26,1
12.71,-0.0014592411243352,26,1
12.712,-0.0015796240243352,26,1
12.714,-0.0017000069243352,26,1
12.716,-0.0018203898243352,26,1
12.718,-0.0019407727243352,26,1
12.72,-0.0013521077243352,26,1
12.722,-0.0012310109243352,26,1
12.724,-0.0012352701243352,26,1
12.726,-0.0018607554243352,26,1
12.728,-0.0019146669743352,26,1
12.73,-0.0019685785243352,26,1
12.732,-0.0015457016743352,26,1
12.734,-0.0011228248243352,26,1
12.736,-0.0011813041243352,26,1
12.738,-0.0013808724493352,26,1
12.74,-0.0015804407743352,26,1
12.742,-0.0017800090993352,26,1
12.744,-0.0019795774243352,26,1
12.746,-0.0014190207243352,26,1
12.748,-0.0010792285243352,26,1
12.75,-0.0011530990243352,26,1
12.752,-0.0012090857243352,26,1
12.754,-0.0013014903993352,26,1
12.756,-0.0013938950743352,26,1
12.758,-0.0014862997493352,26,1
12.76,-0.0015787044243352,26,1
12.762,-0.0011259224243352,26,1
12.764,-0.0011638075243352,26,1
12.766,-0.0011081959243352,26,1
12.768,-0.0011541476910019,26,1
12.77,-0.0012000994576686,26,1
12.772,-0.0012460512243352,26,1
12.774,-0.0011610487243352,26,1
12.776,-0.0011710312243352,26,1
12.778,-0.0011810137243352,26,1
12.78,-0.0014665858243352,26,1
12.782,-0.0017521579243352,26,1
12.784,-0.0018071564576686,26,1
12.786,-0.0018621549910019,26,1
12.788,-0.0019171535243352,26,1
12.79,-0.0014142654243352,26,1
12.792,-0.0011365704243352,26,1
12.794,-0.0011906574243352,26,1
12.796,-0.0015905140243352,26,1
12.798,-0.0015775881993352,26,1
12.8,-0.0015646623743352,26,1
12.802,-0.0015517365493352,26,1
12.804,-0.0015388107243352,26,1
12.806,-0.0012264129243352,26,1
12.808,-0.0013486834243352,26,1
12.81,-0.0013927395243352,26,1
12.812,-0.0015284954743352,26,1
12.814,-0.0016642514243352,26,1
12.816,-0.0018000073743352,26,1
12.818,-0.0019357633243352,26,1
12.82,-0.0015103878243352,26,1
12.822,-0.0016227968243352,26,1
12.824,-0.0016066917243352,26,1
12.826,-0.0016680417493352,26,1
12.828,-0.0017293917743352,26,1
12.83,-0.0017907417993352,26,1
12.832,-0.0018520918243352,26,1
12.834,-0.0018191072243352,26,1
12.836,-0.0018373540243352,26,1
12.838,-0.0018556008243352,26,1
12.84,-0.0018498371910019,26,1
12.842,-0.0018440735576686,26,1
12.844,-0.0018383099243352,26,1
12.846,-0.0018325462910019,26,1
12.848,-0.0018267826576686,26,1
12.85,-0.0018210190243352,26,1
12.852,-0.0018429787957638,26,1
12.854,-0.0018649385671924,26,1
12.856,-0.001886898338621,26,1
12.858,-0.0019088581100495,26,1
12.86,-0.0019308178814781,26,1
12.862,-0.0019527776529067,26,1
12.864,-0.0019747374243352,26,1
12.866,-0.0019749041354464,26,1
12.868,-0.0019750708465575,26,1
12.87,-0.0019752375576686,26,1
12.872,-0.0019754042687797,26,1
12.874,-0.0019755709798908,26,1
12.876,-0.0019757376910019,26,1
12.878,-0.001975904402113,26,1
12.88,-0.0019760711132241,26,1
12.882,-0.0019762378243352,26,1
12.884,-0.0019632202410019,26,1
12.886,-0.0019502026576686,26,1
12.888,-0.0019371850743352,26,1
12.89,-0.0019241674910019,26,1
12.892,-0.0019111499076686,26,1
12.894,-0.0018981323243352,26,1
12.896,-0.0018861170243352,26,1
12.898,-0.0018488466043352,26,1
12.9,-0.0018115761843352,26,1
12.902,-0.0017743057643352,26,1
12.904,-0.0017370353443352,26,1
12.906,-0.0016997649243352,26,1
12.908,-0.0017280970743352,26,1
12.91,-0.0017564292243352,26,1
12.912,-0.0017967924043352,26,1
12.914,-0.0018371555843352,26,1
12.916,-0.0018775187643352,26,1
12.918,-0.0019178819443352,26,1
12.92,-0.0019582451243352,26,1
12.922,-0.0015968302243352,26,1
12.924,-0.0016275884243352,26,1
12.926,-0.0016056289410019,26,1
12.928,-0.0015836694576686,26,1
12.93,-0.0015617099743352,26,1
12.932,-0.0015397504910019,26,1
12.934,-0.0015177910076686,26,1
12.936,-0.0014958315243352,26,1
12.938,-0.0014986871243352,26,1
12.94,-0.0014756172643352,26,1
12.942,-0.0014525474043352,26,1
12.944,-0.0014294775443352,26,1
12.946,-0.0014064076843352,26,1
12.948,-0.0013833378243352,26,1
12.95,-0.0013634333243352,26,1
12.952,-0.0019640773243352,26,1
12.954,-0.0018881357076686,26,1
12.956,-0.0018121940910019,26,1
12.958,-0.0017362524743352,26,1
12.96,-0.0016603108576686,26,1
12.962,-0.0015843692410019,26,1
12.964,-0.0015084276243352,26,1
12.966,-0.0012604865243352,26,1
12.968,-0.0015850811243352,26,1
12.97,-0.0015819310910019,26,1
12.972,-0.0015787810576686,26,1
12.974,-0.0015756310243352,26,1
12.976,-0.0013822730243352,26,1
12.978,-0.0011889150243352,26,1
12.98,-0.0012464928743352,26,1
12.982,-0.0013040707243352,26,1
12.984,-0.0013761383243352,26,1
12.986,-0.0014482059243352,26,1
12.988,-0.0015202735243352,26,1
12.99,-0.0015923411243352,26,1
12.992,-0.0016644087243352,26,1
12.994,-0.0012032051243352,26,1
12.996,-0.0012232669243352,26,1
12.998,-0.0013685062493352,26,1
13.0,-0.0015137455743352,27,0
13.002,-0.0016589848993352,27,0
13.004,-0.0018042242243352,27,0
13.006,-0.0012238356243352,27,0
13.008,-0.0011795254243352,27,0
13.01,-0.0011352152243352,27,0
13.012,-0.0011691678243352,27,0
13.014,-0.0017763216243352,27,0
13.016,-0.0018225557243352,27,0
13.018,-0.0018687898243352,27,0
13.02,-0.0019150239243352,27,0
13.022,-0.0013280045243352,27,0
13.024,-0.0010907719243352,27,0
13.026,-0.0011615690243352,27,0
13.028,-0.0014180406243352,27,0
13.03,-0.0013359148993352,27,0
13.032,-0.0012537891743352,27,0
13.034,-0.0011716634493352,27,0
13.036,-0.0010895377243352,27,0
13.038,-0.0012288692243352,27,0
13.04,-0.0013032697043352,27,0
13.042,-0.0013776701843352,27,0
13.044,-0.0014520706643352,27,0
13.046,-0.0015264711443352,27,0
13.048,-0.0016008716243352,27,0
13.05,-0.0011385427243352,27,0
13.052,-0.0011703173243352,27,0
13.054,-0.0011391961243352,27,0
13.056,-0.0012957670993352,27,0
13.058,-0.0014523380743352,27,0
13.06,-0.0016089090493352,27,0
13.062,-0.0017654800243352,27,0
13.064,-0.0012298130243352,27,0
13.066,-0.0011352515243352,27,0
13.068,-0.0017630963243352,27,0
13.07,-0.0018027903743352,27,0
13.072,-0.0018424844243352,27,0
13.074,-0.0018821784743352,27,0
13.076,-0.0019218725243352,27,0
13.078,-0.0011120074243352,27,0
13.08,-0.0011846437243352,27,0
13.082,-0.0014399416243352,27,0
13.084,-0.0013758188843352,27,0
13.086,-0.0013116961443352,27,0
13.088,-0.0012475734043352,27,0
13.09,-0.0011834506643352,27,0
13.092,-0.0011193279243352,27,0
13.094,-0.0011576304743352,27,0
13.096,-0.0011959330243352,27,0
13.098,-0.0012432198243352,27,0
13.1,-0.0013719678576686,27,0
13.102,-0.0015007158910019,27,0
13.104,-0.0016294639243352,27,0
13.106,-0.0011550592243352,27,0
13.108,-0.0011792108243352,27,0
13.11,-0.0011672741743352,27,0
13.112,-0.0011553375243352,27,0
13.114,-0.0013139836493352,27,0
13.116,-0.0014726297743352,27,0
13.118,-0.0016312758993352,27,0
13.12,-0.0017899220243352,27,0
13.122,-0.0011396680243352,27,0
13.124,-0.0011498562243352,27,0
13.126,-0.0011600444243352,27,0
13.128,-0.0017724254243352,27,0
13.13,-0.0018360028576686,27,0
13.132,-0.0018995802910019,27,0
13.134,-0.0019631577243352,27,0
13.136,-0.0013932598243352,27,0
13.138,-0.0011520584243352,27,0
13.14,-0.0012084444243352,27,0
13.142,-0.0014625323243352,27,0
13.144,-0.0014726085993352,27,0
13.146,-0.0014826848743352,27,0
13.148,-0.0014927611493352,27,0
13.15,-0.0015028374243352,27,0
13.152,-0.0011269751243352,27,0
13.154,-0.0012164788243352,27,0
13.156,-0.0012694405243352,27,0
13.158,-0.0013625832993352,27,0
13.16,-0.0014557260743352,27,0
13.162,-0.0015488688493352,27,0
13.164,-0.0016420116243352,27,0
13.166,-0.0011694098243352,27,0
13.168,-0.0011959330243352,27,0
13.17,-0.0011532321243352,27,0
13.172,-0.0013667527576686,27,0
13.174,-0.0015802733910019,27,0
13.176,-0.0017937940243352,27,0
13.178,-0.0012337334243352,27,0
13.18,-0.0011486099243352,27,0
13.182,-0.0011627245743352,27,0
13.184,-0.0011768392243352,27,0
13.186,-0.0017780882243352,27,0
13.188,-0.0018319090243352,27,0
13.19,-0.0018857298243352,27,0
13.192,-0.0019395506243352,27,0
13.194,-0.0013688420243352,27,0
13.196,-0.0011285844243352,27,0
13.198,-0.0012035439243352,27,0
13.2,-0.0012671947643352,27,0
13.202,-0.0013308456043352,27,0
13.204,-0.0013944964443352,27,0
13.206,-0.0014581472843352,27,0
13.208,-0.0015217981243352,27,0
13.21,-0.0011535346243352,27,0
13.212,-0.0012387065243352,27,0
13.214,-0.0012511574243352,27,0
13.216,-0.0013635543243352,27,0
13.218,-0.0014759512243352,27,0
13.22,-0.0015883481243352,27,0
13.222,-0.0017007450243352,27,0
13.224,-0.0012037859243352,27,0
13.226,-0.0012306600243352,27,0
13.228,-0.0012290870243352,27,0
13.23,-0.0012539121910019,27,0
13.232,-0.0012787373576686,27,0
13.234,-0.0013035625243352,27,0
13.236,-0.0012554529243352,27,0
13.238,-0.0012073433243352,27,0
13.24,-0.0012105679743352,27,0
13.242,-0.0012137926243352,27,0
13.244,-0.0014016935243352,27,0
13.246,-0.0015895944243352,27,0
13.248,-0.0017774953243352,27,0
13.25,-0.0019653962243352,27,0
13.252,-0.0014079371243352,27,0
13.254,-0.0011731487243352,27,0
13.256,-0.0012399286243352,27,0
13.258,-0.0014855102243352,27,0
13.26,-0.0015071298993352,27,0
13.262,-0.0015287495743352,27,0
13.264,-0.0015503692493352,27,0
13.266,-0.0015719889243352,27,0
13.268,-0.0011786300243352,27,0
13.27,-0.0012442362243352,27,0
13.272,-0.0013959137576686,27,0
13.274,-0.0015475912910019,27,0
13.276,-0.0016992688243352,27,0
13.278,-0.0012313376243352,27,0
13.28,-0.0013310819576686,27,0
13.282,-0.0014308262910019,27,0
13.284,-0.0015305706243352,27,0
13.286,-0.0016303149576686,27,0
13.288,-0.0017300592910019,27,0
13.29,-0.0018298036243352,27,0
13.292,-0.0015521207243352,27,0
13.294,-0.0012744378243352,27,0
13.296,-0.0011763431243352,27,0
13.298,-0.0012073675243352,27,0
13.3,-0.0017846101243352,27,0
13.302,-0.0018506841910019,27,0
13.304,-0.0019167582576686,27,0
13.306,-0.0019828323243352,27,0
13.308,-0.0014162498243352,27,0
13.31,-0.0011727857243352,27,0
13.312,-0.0012504798243352,27,0
13.314,-0.0014772096243352,27,0
13.316,-0.0014028883993352,27,0
13.318,-0.0013285671743352,27,0
13.32,-0.0012542459493352,27,0
13.322,-0.0011799247243352,27,0
13.324,-0.0012612730243352,27,0
13.326,-0.0012725078743352,27,0
13.328,-0.0012837427243352,27,0
13.33,-0.0014224127576686,27,0
13.332,-0.0015610827910019,27,0
13.334,-0.0016997528243352,27,0
13.336,-0.0014566819743352,27,0
13.338,-0.0012136111243352,27,0
13.34,-0.0012326323243352,27,0
13.342,-0.0011687080243352,27,0
13.344,-0.0012082356993352,27,0
13.346,-0.0012477633743352,27,0
13.348,-0.0012872910493352,27,0
13.35,-0.0013268187243352,27,0
13.352,-0.0012638019243352,27,0
13.354,-0.0012007851243352,27,0
13.356,-0.0012073796243352,27,0
13.358,-0.0017921847243352,27,0
13.36,-0.0016706886243352,27,0
13.362,-0.0015491925243352,27,0
13.364,-0.0014276964243352,27,0
13.366,-0.0013058857243352,27,0
13.368,-0.0011840750243352,27,0
13.37,-0.0012429657243352,27,0
13.372,-0.0014914876243352,27,0
13.374,-0.0015168451910019,27,0
13.376,-0.0015422027576686,27,0
13.378,-0.0015675603243352,27,0
13.38,-0.0013773241243352,27,0
13.382,-0.0011870879243352,27,0
13.384,-0.0012552956243352,27,0
13.386,-0.0013518512043352,27,0
13.388,-0.0014484067843352,27,0
13.39,-0.0015449623643352,27,0
13.392,-0.0016415179443352,27,0
13.394,-0.0017380735243352,27,0
13.396,-0.0012432561243352,27,0
13.398,-0.0012203992243352,27,0
13.4,-0.0013560305443352,27,0
13.402,-0.0014916618643352,27,0
13.404,-0.0016272931843352,27,0
13.406,-0.0017629245043352,27,0
13.408,-0.0018985558243352,27,0
13.41,-0.0012173863243352,27,0
13.412,-0.0012184995243352,27,0
13.414,-0.0017965044243352,27,0
13.416,-0.0016819617910019,27,0
13.418,-0.0015674191576686,27,0
13.42,-0.0014528765243352,27,0
13.422,-0.0012105861243352,27,0
13.424,-0.0013597609743352,27,0
13.426,-0.0015089358243352,27,0
13.428,-0.0015221268410019,27,0
13.43,-0.0015353178576686,27,0
13.432,-0.0015485088743352,27,0
13.434,-0.0015616998910019,27,0
13.436,-0.0015748909076686,27,0
13.438,-0.0015880819243352,27,0
13.44,-0.0012040763243352,27,0
13.442,-0.0012815647243352,27,0
13.444,-0.0014038715243352,27,0
13.446,-0.0015261783243352,27,0
13.448,-0.0016484851243352,27,0
13.45,-0.0017707919243352,27,0
13.452,-0.0012834523243352,27,0
13.454,-0.0012741675910019,27,0
13.456,-0.0012648828576686,27,0
13.458,-0.0012555981243352,27,0
13.46,-0.0012463133910019,27,0
13.462,-0.0012370286576686,27,0
13.464,-0.0012277439243352,27,0
13.466,-0.0012350482910019,27,0
13.468,-0.0012423526576686,27,0
13.47,-0.0012496570243352,27,0
13.472,-0.0018086891243352,27,0
13.474,-0.0016748903493352,27,0
13.476,-0.0015410915743352,27,0
13.478,-0.0014072927993352,27,0
13.48,-0.0012734940243352,27,0
13.482,-0.0014882327243352,27,0
13.484,-0.0015053348643352,27,0
13.486,-0.0015224370043352,27,0
13.488,-0.0015395391443352,27,0
13.49,-0.0015566412843352,27,0
13.492,-0.0015737434243352,27,0
13.494,-0.0011958604243352,27,0
13.496,-0.0012695373243352,27,0
13.498,-0.0012882076243352,27,0
13.5,-0.0014029670493352,28,0
13.502,-0.0015177264743352,28,0
13.504,-0.0016324858993352,28,0
13.506,-0.0017472453243352,28,0
13.508,-0.0012393236243352,28,0
13.51,-0.0011913471243352,28,0
13.512,-0.0013658321493352,28,0
13.514,-0.0015403171743352,28,0
13.516,-0.0017148021993352,28,0
13.518,-0.0018892872243352,28,0
13.52,-0.0016112534243352,28,0
13.522,-0.0013332196243352,28,0
13.524,-0.0012137805243352,28,0
13.526,-0.0012209195243352,28,0
13.528,-0.0017965770243352,28,0
13.53,-0.0017157217993352,28,0
13.532,-0.0016348665743352,28,0
13.534,-0.0015540113493352,28,0
13.536,-0.0014731561243352,28,0
13.538,-0.0011984982243352,28,0
13.54,-0.0012727922243352,28,0
13.542,-0.0014893580243352,28,0
13.544,-0.0014389978243352,28,0
13.546,-0.0013886376243352,28,0
13.548,-0.0013382774243352,28,0
13.55,-0.0012879172243352,28,0
13.552,-0.0012965808243352,28,0
13.554,-0.0012918759410019,28,0
13.556,-0.0012871710576686,28,0
13.558,-0.0012824661743352,28,0
13.56,-0.0012777612910019,28,0
13.562,-0.0012730564076686,28,0
13.564,-0.0012683515243352,28,0
13.566,-0.0012747040243352,28,0
13.568,-0.0012241139243352,28,0
13.57,-0.0013916202743352,28,0
13.572,-0.0015591266243352,28,0
13.574,-0.0017266329743352,28,0
13.576,-0.0018941393243352,28,0
13.578,-0.0013529305243352,28,0
13.58,-0.0012851160743352,28,0
13.582,-0.0012173016243352,28,0
13.584,-0.0018046598243352,28,0
13.586,-0.0017382405043352,28,0
13.588,-0.0016718211843352,28,0
13.59,-0.0016054018643352,28,0
13.592,-0.0015389825443352,28,0
13.594,-0.0014725632243352,28,0
13.596,-0.0012167329243352,28,0
13.598,-0.0012819398243352,28,0
13.6,-0.0015031278243352,28,0
13.602,-0.0015346725243352,28,0
13.604,-0.0015662172243352,28,0
13.606,-0.0015977619243352,28,0
13.608,-0.0016293066243352,28,0
13.61,-0.0013037440243352,28,0
13.612,-0.0013120809243352,28,0
13.614,-0.0013204178243352,28,0
13.616,-0.0012962964743352,28,0
13.618,-0.0012721751243352,28,0
13.62,-0.0012541461243352,28,0
13.622,-0.0012472642493352,28,0
13.624,-0.0012403823743352,28,0
13.626,-0.0012335004993352,28,0
13.628,-0.0012266186243352,28,0
13.63,-0.0014616086910019,28,0
13.632,-0.0016965987576686,28,0
13.634,-0.0019315888243352,28,0
13.636,-0.0013706812243352,28,0
13.638,-0.0012502862243352,28,0
13.64,-0.0012901073243352,28,0
13.642,-0.0018325261243352,28,0
13.644,-0.0017070249243352,28,0
13.646,-0.0015815237243352,28,0
13.648,-0.0014560225243352,28,0
13.65,-0.0013305213243352,28,0
13.652,-0.0012050201243352,28,0
13.654,-0.0012830288243352,28,0
13.656,-0.0013500918643352,28,0
13.658,-0.0014171549043352,28,0
13.66,-0.0014842179443352,28,0
13.662,-0.0015512809843352,28,0
13.664,-0.0016183440243352,28,0
13.666,-0.0014233041243352,28,0
13.668,-0.0012282642243352,28,0
13.67,-0.0013171911576686,28,0
13.672,-0.0014061180910019,28,0
13.674,-0.0014950450243352,28,0
13.676,-0.0015839719576686,28,0
13.678,-0.0016728988910019,28,0
13.68,-0.0017618258243352,28,0
13.682,-0.0012702754243352,28,0
13.684,-0.0012392873243352,28,0
13.686,-0.0012652394043352,28,0
13.688,-0.0012911914843352,28,0
13.69,-0.0013171435643352,28,0
13.692,-0.0013430956443352,28,0
13.694,-0.0013690477243352,28,0
13.696,-0.0013125407243352,28,0
13.698,-0.0012560337243352,28,0
13.7,-0.0017947499243352,28,0
13.702,-0.0017149897493352,28,0
13.704,-0.0016352295743352,28,0
13.706,-0.0015554693993352,28,0
13.708,-0.0014757092243352,28,0
13.71,-0.0013474431743352,28,0
13.712,-0.0012191771243352,28,0
13.714,-0.0013120204243352,28,0
13.716,-0.0015189183243352,28,0
13.718,-0.0014247399910019,28,0
13.72,-0.0013305616576686,28,0
13.722,-0.0012363833243352,28,0
13.724,-0.0012568323243352,28,0
13.726,-0.0012772813243352,28,0
13.728,-0.0012977303243352,28,0
13.73,-0.0012922127243352,28,0
13.732,-0.0012866951243352,28,0
13.734,-0.0012811775243352,28,0
13.736,-0.0012756599243352,28,0
13.738,-0.0012701423243352,28,0
13.74,-0.0012585626243352,28,0
13.742,-0.0012469829243352,28,0
13.744,-0.0013797078243352,28,0
13.746,-0.0015124327243352,28,0
13.748,-0.0016451576243352,28,0
13.75,-0.0017778825243352,28,0
13.752,-0.0019106074243352,28,0
13.754,-0.0013591015243352,28,0
13.756,-0.0012603776243352,28,0
13.758,-0.0015319439743352,28,0
13.76,-0.0018035103243352,28,0
13.762,-0.0017229122243352,28,0
13.764,-0.0016423141243352,28,0
13.766,-0.0015617160243352,28,0
13.768,-0.0014811179243352,28,0
13.77,-0.0012820245243352,28,0
13.772,-0.0014930485243352,28,0
13.774,-0.0014591370643352,28,0
13.776,-0.0014252256043352,28,0
13.778,-0.0013913141443352,28,0
13.78,-0.0013574026843352,28,0
13.782,-0.0013234912243352,28,0
13.784,-0.0013873602100495,28,0
13.786,-0.0014512291957638,28,0
13.788,-0.0015150981814781,28,0
13.79,-0.0015789671671924,28,0
13.792,-0.0016428361529067,28,0
13.794,-0.001706705138621,28,0
13.796,-0.0017705741243352,28,0
13.798,-0.0012842388243352,28,0
13.8,-0.0012321725243352,28,0
13.802,-0.0014127650243352,28,0
13.804,-0.0015933575243352,28,0
13.806,-0.0017739500243352,28,0
13.808,-0.0019545425243352,28,0
13.81,-0.0012613456243352,28,0
13.812,-0.0012707231243352,28,0
13.814,-0.0012801006243352,28,0
13.816,-0.0012894781243352,28,0
13.818,-0.0013343788043352,28,0
13.82,-0.0013792794843352,28,0
13.822,-0.0014241801643352,28,0
13.824,-0.0014690808443352,28,0
13.826,-0.0015139815243352,28,0
13.828,-0.0012302607243352,28,0
13.83,-0.0013043732243352,28,0
13.832,-0.0015150342243352,28,0
13.834,-0.0015492469743352,28,0
13.836,-0.0015834597243352,28,0
13.838,-0.0016176724743352,28,0
13.84,-0.0016518852243352,28,0
13.842,-0.0012607164243352,28,0
13.844,-0.0013242414243352,28,0
13.846,-0.0013170685443352,28,0
13.848,-0.0013098956643352,28,0
13.85,-0.0013027227843352,28,0
13.852,-0.0012955499043352,28,0
13.854,-0.0012883770243352,28,0
13.856,-0.0012714854243352,28,0
13.858,-0.0014965817243352,28,0
13.86,-0.0017216780243352,28,0
13.862,-0.0019467743243352,28,0
13.864,-0.0017664117243352,28,0
13.866,-0.0015860491243352,28,0
13.868,-0.0014056865243352,28,0
13.87,-0.0013441277743352,28,0
13.872,-0.0012825690243352,28,0
13.874,-0.0015463974243352,28,0
13.876,-0.0018102258243352,28,0
13.878,-0.0017212908243352,28,0
13.88,-0.0016323558243352,28,0
13.882,-0.0015434208243352,28,0
13.884,-0.0013303277243352,28,0
13.886,-0.0014195591743352,28,0
13.888,-0.0015087906243352,28,0
13.89,-0.0014613562043352,28,0
13.892,-0.0014139217843352,28,0
13.894,-0.0013664873643352,28,0
13.896,-0.0013190529443352,28,0
13.898,-0.0012716185243352,28,0
13.9,-0.0013382653243352,28,0
13.902,-0.0013412358743352,28,0
13.904,-0.0013442064243352,28,0
13.906,-0.0014592229743352,28,0
13.908,-0.0015742395243352,28,0
13.91,-0.0016892560743352,28,0
13.912,-0.0018042726243352,28,0
13.914,-0.0013035020243352,28,0
13.916,-0.0012524763243352,28,0
13.918,-0.0013875437843352,28,0
13.92,-0.0015226112443352,28,0
13.922,-0.0016576787043352,28,0
13.924,-0.0017927461643352,28,0
13.926,-0.0019278136243352,28,0
13.928,-0.0013740329243352,28,0
13.93,-0.0012619022243352,28,0
13.932,-0.0012824480243352,28,0
13.934,-0.0013412086493352,28,0
13.936,-0.0013999692743352,28,0
13.938,-0.0014587298993352,28,0
13.94,-0.0015174905243352,28,0
13.942,-0.0012978029243352,28,0
13.944,-0.0014956984243352,28,0
13.946,-0.0015251498243352,28,0
13.948,-0.0015546012243352,28,0
13.95,-0.0015840526243352,28,0
13.952,-0.0016135040243352,28,0
13.954,-0.0016429554243352,28,0
13.956,-0.0012571348243352,28,0
13.958,-0.0012819156243352,28,0
13.96,-0.0013066964243352,28,0
13.962,-0.0013019532243352,28,0
13.964,-0.0014729826910019,28,0
13.966,-0.0016440121576686,28,0
13.968,-0.0018150416243352,28,0
13.97,-0.0012982990243352,28,0
13.972,-0.0012954555243352,28,0
13.974,-0.0012926120243352,28,0
13.976,-0.0012530329243352,28,0
13.978,-0.0012948565743352,28,0
13.98,-0.0013366802243352,28,0
13.982,-0.0013785038743352,28,0
13.984,-0.0014203275243352,28,0
13.986,-0.0012779952243352,28,0
13.988,-0.0013554715243352,28,0
13.99,-0.0014329478243352,28,0
13.992,-0.0015104241243352,28,0
13.994,-0.0014178349243352,28,0
13.996,-0.0013252457243352,28,0
13.998,-0.0013879882576686,28,0
14.0,-0.0014507307910019,29,0
14.002,-0.0015134733243352,29,0
14.004,-0.0014666463243352,29,0
14.006,-0.0014198193243352,29,0
14.008,-0.0013729923243352,29,0
14.01,-0.0013261653243352,29,0
14.012,-0.0014938390576686,29,0
14.014,-0.0016615127910019,29,0
14.016,-0.0018291865243352,29,0
14.018,-0.0013244350243352,29,0
14.02,-0.0012968288743352,29,0
14.022,-0.0012692227243352,29,0
14.024,-0.001285659902113,29,0
14.026,-0.0013020970798908,29,0
14.028,-0.0013185342576686,29,0
14.03,-0.0013349714354464,29,0
14.032,-0.0013514086132241,29,0
14.034,-0.0013678457910019,29,0
14.036,-0.0013842829687797,29,0
14.038,-0.0014007201465575,29,0
14.04,-0.0014171573243352,29,0
14.042,-0.0013417380243352,29,0
14.044,-0.0012663187243352,29,0
14.046,-0.0013104958243352,29,0
14.048,-0.0013592564043352,29,0
14.05,-0.0014080169843352,29,0
14.052,-0.0014567775643352,29,0
14.054,-0.0015055381443352,29,0
14.056,-0.0015542987243352,29,0
14.058,-0.0015063665910019,29,0
14.06,-0.0014584344576686,29,0
14.062,-0.0014105023243352,29,0
14.064,-0.0013625701910019,29,0
14.066,-0.0013146380576686,29,0
14.068,-0.0012667059243352,29,0
14.07,-0.0012961210243352,29,0
14.072,-0.0013255361243352,29,0
14.074,-0.0013265283243352,29,0
14.076,-0.0014538596493352,29,0
14.078,-0.0015811909743352,29,0
14.08,-0.0017085222993352,29,0
14.082,-0.0018358536243352,29,0
14.084,-0.0013301341243352,29,0
14.086,-0.0013166184243352,29,0
14.088,-0.0012621079243352,29,0
14.09,-0.0014970737910019,29,0
14.092,-0.0017320396576686,29,0
14.094,-0.0019670055243352,29,0
14.096,-0.0013056800243352,29,0
14.098,-0.0008226359243352,29,0
14.1,-0.0013116634743352,29,0
14.102,-0.0018006910243352,29,0
14.104,-0.0017348095493352,29,0
14.106,-0.0016689280743352,29,0
14.108,-0.0016030465993352,29,0
14.11,-0.0015371651243352,29,0
14.112,-0.0012613577243352,29,0
14.114,-0.0013343933243352,29,0
14.116,-0.0015096618243352,29,0
14.118,-0.0015714565243352,29,0
14.12,-0.0016332512243352,29,0
14.122,-0.0016950459243352,29,0
14.124,-0.0012983111243352,29,0
14.126,-0.0013168241243352,29,0
14.128,-0.0013209804743352,29,0
14.13,-0.0013251368243352,29,0
14.132,-0.0013292931743352,29,0
14.134,-0.0013334495243352,29,0
14.136,-0.0013376058743352,29,0
14.138,-0.0013417622243352,29,0
14.14,-0.0013152874243352,29,0
14.142,-0.0014282671410019,29,0
14.144,-0.0015412468576686,29,0
14.146,-0.0016542265743352,29,0
14.148,-0.0017672062910019,29,0
14.15,-0.0018801860076686,29,0
14.152,-0.0019931657243352,29,0
14.154,-0.0014458464243352,29,0
14.156,-0.0012743410243352,29,0
14.158,-0.0017884216243352,29,0
14.16,-0.0017193427243352,29,0
14.162,-0.0016502638243352,29,0
14.164,-0.0015811849243352,29,0
14.166,-0.0015121060243352,29,0
14.168,-0.0012948263243352,29,0
14.17,-0.0013594806576686,29,0
14.172,-0.0014241349910019,29,0
14.174,-0.0014887893243352,29,0
14.176,-0.0015534436576686,29,0
14.178,-0.0016180979910019,29,0
14.18,-0.0016827523243352,29,0
14.182,-0.0014741483243352,29,0
14.184,-0.0012655443243352,29,0
14.186,-0.0013291540243352,29,0
14.188,-0.0013157351243352,29,0
14.19,-0.0014830700576686,29,0
14.192,-0.0016504049910019,29,0
14.194,-0.0018177399243352,29,0
14.196,-0.0013265041243352,29,0
14.198,-0.0013225958243352,29,0
14.2,-0.0013186875243352,29,0
14.202,-0.0012787938243352,29,0
14.204,-0.0015155383910019,29,0
14.206,-0.0017522829576686,29,0
14.208,-0.0019890275243352,29,0
14.21,-0.0014168911243352,29,0
14.212,-0.0012522827243352,29,0
14.214,-0.0012700878743352,29,0
14.216,-0.0012878930243352,29,0
14.218,-0.0017610998243352,29,0
14.22,-0.0017013137243352,29,0
14.222,-0.0016415276243352,29,0
14.224,-0.0015817415243352,29,0
14.226,-0.0015219554243352,29,0
14.228,-0.0012399286243352,29,0
14.23,-0.0014774879243352,29,0
14.232,-0.0015175800643352,29,0
14.234,-0.0015576722043352,29,0
14.236,-0.0015977643443352,29,0
14.238,-0.0016378564843352,29,0
14.24,-0.0016779486243352,29,0
14.242,-0.0012808750243352,29,0
14.244,-0.0013155778243352,29,0
14.246,-0.0013151470643352,29,0
14.248,-0.0013147163043352,29,0
14.25,-0.0013142855443352,29,0
14.252,-0.0013138547843352,29,0
14.254,-0.0013134240243352,29,0
14.256,-0.0012941366243352,29,0
14.258,-0.0012748492243352,29,0
14.26,-0.0012664397243352,29,0
14.262,-0.0015070724243352,29,0
14.264,-0.0017477051243352,29,0
14.266,-0.0019883378243352,29,0
14.268,-0.0017117439243352,29,0
14.27,-0.0014351500243352,29,0
14.272,-0.0012950804243352,29,0
14.274,-0.0017666053243352,29,0
14.276,-0.0017182125843352,29,0
14.278,-0.0016698198443352,29,0
14.28,-0.0016214271043352,29,0
14.282,-0.0015730343643352,29,0
14.284,-0.0015246416243352,29,0
14.286,-0.0012403400243352,29,0
14.288,-0.0013347563243352,29,0
14.29,-0.0015229960243352,29,0
14.292,-0.0014417445243352,29,0
14.294,-0.0013604930243352,29,0
14.296,-0.0012792415243352,29,0
14.298,-0.0013000293243352,29,0
14.3,-0.0013208171243352,29,0
14.302,-0.0013416049243352,29,0
14.304,-0.0013140532243352,29,0
14.306,-0.0014479760243352,29,0
14.308,-0.0015818988243352,29,0
14.31,-0.0017158216243352,29,0
14.312,-0.0018497444243352,29,0
14.314,-0.0013431053243352,29,0
14.316,-0.0013079790243352,29,0
14.318,-0.0012768941243352,29,0
14.32,-0.0012822689443352,29,0
14.322,-0.0012876437643352,29,0
14.324,-0.0012930185843352,29,0
14.326,-0.0012983934043352,29,0
14.328,-0.0013037682243352,29,0
14.33,-0.0015364270243352,29,0
14.332,-0.0017690858243352,29,0
14.334,-0.0017136496743352,29,0
14.336,-0.0016582135243352,29,0
14.338,-0.0016027773743352,29,0
14.34,-0.0015473412243352,29,0
14.342,-0.0013329050243352,29,0
14.344,-0.0013888110576686,29,0
14.346,-0.0014447170910019,29,0
14.348,-0.0015006231243352,29,0
14.35,-0.0015673344576686,29,0
14.352,-0.0016340457910019,29,0
14.354,-0.0017007571243352,29,0
14.356,-0.0015173574243352,29,0
14.358,-0.0013339577243352,29,0
14.36,-0.0013353431743352,29,0
14.362,-0.0013367286243352,29,0
14.364,-0.0013427241743352,29,0
14.366,-0.0013487197243352,29,0
14.368,-0.0013547152743352,29,0
14.37,-0.0013607108243352,29,0
14.372,-0.0013193651243352,29,0
14.374,-0.0012780194243352,29,0
14.376,-0.0014198507843352,29,0
14.378,-0.0015616821443352,29,0
14.38,-0.0017035135043352,29,0
14.382,-0.0018453448643352,29,0
14.384,-0.0019871762243352,29,0
14.386,-0.0014059406243352,29,0
14.388,-0.0013111008243352,29,0
14.39,-0.0017714453243352,29,0
14.392,-0.0017332359443352,29,0
14.394,-0.0016950265643352,29,0
14.396,-0.0016568171843352,29,0
14.398,-0.0016186078043352,29,0
14.4,-0.0015803984243352,29,0
14.402,-0.0012732520243352,29,0
14.404,-0.0013486592243352,29,0
14.406,-0.0014899509243352,29,0
14.408,-0.0013815107243352,29,0
14.41,-0.0012730705243352,29,0
14.412,-0.0012875511993352,29,0
14.414,-0.0013020318743352,29,0
14.416,-0.0013165125493352,29,0
14.418,-0.0013309932243352,29,0
14.42,-0.0014982031243352,29,0
14.422,-0.0016654130243352,29,0
14.424,-0.0018326229243352,29,0
14.426,-0.0015834294743352,29,0
14.428,-0.0013342360243352,29,0
14.43,-0.0013148760243352,29,0
14.432,-0.0012955160243352,29,0
14.434,-0.0012666333243352,29,0
14.436,-0.0013076523243352,29,0
14.438,-0.0013486713243352,29,0
14.44,-0.0013896903243352,29,0
14.442,-0.0014307093243352,29,0
14.444,-0.0012516777243352,29,0
14.446,-0.0012677283743352,29,0
14.448,-0.0012837790243352,29,0
14.45,-0.0013368375243352,29,0
14.452,-0.0013898960243352,29,0
14.454,-0.0014429545243352,29,0
14.456,-0.0014960130243352,29,0
14.458,-0.0015490715243352,29,0
14.46,-0.0012403884243352,29,0
14.462,-0.0013072046243352,29,0
14.464,-0.0014642505243352,29,0
14.466,-0.0015233196993352,29,0
14.468,-0.0015823888743352,29,0
14.47,-0.0016414580493352,29,0
14.472,-0.0017005272243352,29,0
14.474,-0.0012895023243352,29,0
14.476,-0.0013456584243352,29,0
14.478,-0.0013094794243352,29,0
14.48,-0.0014437077493352,29,0
14.482,-0.0015779360743352,29,0
14.484,-0.0017121643993352,29,0
14.486,-0.0018463927243352,29,0
14.488,-0.0012783582243352,29,0
14.49,-0.0013951998576686,29,0
14.492,-0.0015120414910019,29,0
14.494,-0.0016288831243352,29,0
14.496,-0.0017457247576686,29,0
14.498,-0.0018625663910019,29,0
14.5,-0.0019794080243352,30,0
14.502,-0.0014277690243352,30,0
14.504,-0.0012647578243352,30,0
14.506,-0.0013080758243352,30,0
14.508,-0.0017273771243352,30,0
14.51,-0.0016742883743352,30,0
14.512,-0.0016211996243352,30,0
14.514,-0.0015681108743352,30,0
14.516,-0.0015150221243352,30,0
14.518,-0.0012381741243352,30,0
14.52,-0.0013219545243352,30,0
14.522,-0.0014476009243352,30,0
14.524,-0.0014181737243352,30,0
14.526,-0.0013887465243352,30,0
14.528,-0.0013593193243352,30,0
14.53,-0.0013298921243352,30,0
14.532,-0.0013176953243352,30,0
14.534,-0.0013054985243352,30,0
14.536,-0.0014384079493352,30,0
14.538,-0.0015713173743352,30,0
14.54,-0.0017042267993352,30,0
14.542,-0.0018371362243352,30,0
14.544,-0.0013109193243352,30,0
14.546,-0.0014047116100495,30,0
14.548,-0.0014985038957638,30,0
14.55,-0.0015922961814781,30,0
14.552,-0.0016860884671924,30,0
14.554,-0.0017798807529067,30,0
14.556,-0.001873673038621,30,0
14.558,-0.0019674653243352,30,0
14.56,-0.0012548116243352,30,0
14.562,-0.0013127101243352,30,0
14.564,-0.0017248845243352,30,0
14.566,-0.0016813729243352,30,0
14.568,-0.0016378613243352,30,0
14.57,-0.0015943497243352,30,0
14.572,-0.0015508381243352,30,0
14.574,-0.0014385380243352,30,0
14.576,-0.0013262379243352,30,0
14.578,-0.0014416598243352,30,0
14.58,-0.0015033244493352,30,0
14.582,-0.0015649890743352,30,0
14.584,-0.0016266536993352,30,0
14.586,-0.0016883183243352,30,0
14.588,-0.0012820850243352,30,0
14.59,-0.0013257902243352,30,0
14.592,-0.0012903251243352,30,0
14.594,-0.0014237941743352,30,0
14.596,-0.0015572632243352,30,0
14.598,-0.0016907322743352,30,0
14.6,-0.0018242013243352,30,0
14.602,-0.0013271696243352,30,0
14.604,-0.0013063273743352,30,0
14.606,-0.0012854851243352,30,0
14.608,-0.0012594701243352,30,0
14.61,-0.0015034343576686,30,0
14.612,-0.0017473985910019,30,0
14.614,-0.0019913628243352,30,0
14.616,-0.0012494634243352,30,0
14.618,-0.0012668390243352,30,0
14.62,-0.0012842146243352,30,0
14.622,-0.0013015902243352,30,0
14.624,-0.0017105944243352,30,0
14.626,-0.0016655914993352,30,0
14.628,-0.0016205885743352,30,0
14.63,-0.0015755856493352,30,0
14.632,-0.0015305827243352,30,0
14.634,-0.0012230370243352,30,0
14.636,-0.0013189416243352,30,0
14.638,-0.0014438862243352,30,0
14.64,-0.0015031610993352,30,0
14.642,-0.0015624359743352,30,0
14.644,-0.0016217108493352,30,0
14.646,-0.0016809857243352,30,0
14.648,-0.0012519197243352,30,0
14.65,-0.0012960847243352,30,0
14.652,-0.0012804515243352,30,0
14.654,-0.0014229804493352,30,0
14.656,-0.0015655093743352,30,0
14.658,-0.0017080382993352,30,0
14.66,-0.0018505672243352,30,0
14.662,-0.0013506799243352,30,0
14.664,-0.0013043732243352,30,0
14.666,-0.0012739538243352,30,0
14.668,-0.0014537628493352,30,0
14.67,-0.0016335718743352,30,0
14.672,-0.0018133808993352,30,0
14.674,-0.0019931899243352,30,0
14.676,-0.0014153786243352,30,0
14.678,-0.0012409571243352,30,0
14.68,-0.0012849285243352,30,0
14.682,-0.0013518899243352,30,0
14.684,-0.0014188513243352,30,0
14.686,-0.0014858127243352,30,0
14.688,-0.0015527741243352,30,0
14.69,-0.0012376417243352,30,0
14.692,-0.0012753816243352,30,0
14.694,-0.0013131215243352,30,0
14.696,-0.0013856150443352,30,0
14.698,-0.0014581085643352,30,0
14.7,-0.0015306020843352,30,0
14.702,-0.0016030956043352,30,0
14.704,-0.0016755891243352,30,0
14.706,-0.0012479751243352,30,0
14.708,-0.0013051718243352,30,0
14.71,-0.0012913536243352,30,0
14.712,-0.0014249920743352,30,0
14.714,-0.0015586305243352,30,0
14.716,-0.0016922689743352,30,0
14.718,-0.0018259074243352,30,0
14.72,-0.0013152027243352,30,0
14.722,-0.0012742684243352,30,0
14.724,-0.0013068113743352,30,0
14.726,-0.0013393543243352,30,0
14.728,-0.0013718972743352,30,0
14.73,-0.0014044402243352,30,0
14.732,-0.0013522327576686,30,0
14.734,-0.0013000252910019,30,0
14.736,-0.0012478178243352,30,0
14.738,-0.0012965808243352,30,0
14.74,-0.0012896959243352,30,0
14.742,-0.0012828110243352,30,0
14.744,-0.0012759261243352,30,0
14.746,-0.0012690412243352,30,0
14.748,-0.0012621563243352,30,0
14.75,-0.0013340242743352,30,0
14.752,-0.0014058922243352,30,0
14.754,-0.0013889038243352,30,0
14.756,-0.0013719154243352,30,0
14.758,-0.0013549270243352,30,0
14.76,-0.0013379386243352,30,0
14.762,-0.0013209502243352,30,0
14.764,-0.0013048733576686,30,0
14.766,-0.0012887964910019,30,0
14.768,-0.0012727196243352,30,0
14.77,-0.0014678280910019,30,0
14.772,-0.0016629365576686,30,0
14.774,-0.0018580450243352,30,0
14.776,-0.0015952027743352,30,0
14.778,-0.0013323605243352,30,0
14.78,-0.0012751154243352,30,0
14.782,-0.0012612972243352,30,0
14.784,-0.0014913988910019,30,0
14.786,-0.0017215005576686,30,0
14.788,-0.0019516022243352,30,0
14.79,-0.0014210172243352,30,0
14.792,-0.0012492940243352,30,0
14.794,-0.0012780557243352,30,0
14.796,-0.0016740040243352,30,0
14.798,-0.0015614770493352,30,0
14.8,-0.0014489500743352,30,0
14.802,-0.0013364230993352,30,0
14.804,-0.0012238961243352,30,0
14.806,-0.0013999753243352,30,0
14.808,-0.0014983442910019,30,0
14.81,-0.0015967132576686,30,0
14.812,-0.0016950822243352,30,0
14.814,-0.0015506767910019,30,0
14.816,-0.0014062713576686,30,0
14.818,-0.0012618659243352,30,0
14.82,-0.0012770473910019,30,0
14.822,-0.0012922288576686,30,0
14.824,-0.0013074103243352,30,0
14.826,-0.0012720662243352,30,0
14.828,-0.0014132701993352,30,0
14.83,-0.0015544741743352,30,0
14.832,-0.0016956781493352,30,0
14.834,-0.0018368821243352,30,0
14.836,-0.0013197281243352,30,0
14.838,-0.0012820850243352,30,0
14.84,-0.0012458576243352,30,0
14.842,-0.0014254064993352,30,0
14.844,-0.0016049553743352,30,0
14.846,-0.0017845042493352,30,0
14.848,-0.0019640531243352,30,0
14.85,-0.0012365164243352,30,0
14.852,-0.0012967986243352,30,0
14.854,-0.0014914513243352,30,0
14.856,-0.0016861040243352,30,0
14.858,-0.0016525567743352,30,0
14.86,-0.0016190095243352,30,0
14.862,-0.0015854622743352,30,0
14.864,-0.0015519150243352,30,0
14.866,-0.0012498627243352,30,0
14.868,-0.0013167394243352,30,0
14.87,-0.0014341699243352,30,0
14.872,-0.0015232662576686,30,0
14.874,-0.0016123625910019,30,0
14.876,-0.0017014589243352,30,0
14.878,-0.0012649151243352,30,0
14.88,-0.0013184697243352,30,0
14.882,-0.0012834886243352,30,0
14.884,-0.0012938389643352,30,0
14.886,-0.0013041893043352,30,0
14.888,-0.0013145396443352,30,0
14.89,-0.0013248899843352,30,0
14.892,-0.0013352403243352,30,0
14.894,-0.0012816131243352,30,0
14.896,-0.0014228612643352,30,0
14.898,-0.0015641094043352,30,0
14.9,-0.0017053575443352,30,0
14.902,-0.0018466056843352,30,0
14.904,-0.0019878538243352,30,0
14.906,-0.0017053611743352,30,0
14.908,-0.0014228685243352,30,0
14.91,-0.0012292201243352,30,0
14.912,-0.0016561323243352,30,0
14.914,-0.0016365738843352,30,0
14.916,-0.0016170154443352,30,0
14.918,-0.0015974570043352,30,0
14.92,-0.0015778985643352,30,0
14.922,-0.0015583401243352,30,0
14.924,-0.0012396382243352,30,0
14.926,-0.0013361962243352,30,0
14.928,-0.0014428819243352,30,0
14.93,-0.0015095045243352,30,0
14.932,-0.0015761271243352,30,0
14.934,-0.0016427497243352,30,0
14.936,-0.0017093723243352,30,0
14.938,-0.0012680006243352,30,0
14.94,-0.0013647280243352,30,0
14.942,-0.0014614554243352,30,0
14.944,-0.0015581828243352,30,0
14.946,-0.0016549102243352,30,0
14.948,-0.0017516376243352,30,0
14.95,-0.0018483650243352,30,0
14.952,-0.0013169935243352,30,0
14.954,-0.0012814195243352,30,0
14.956,-0.0012537226243352,30,0
14.958,-0.0019991552243352,30,0
14.96,-0.0018570497993352,30,0
14.962,-0.0017149443743352,30,0
14.964,-0.0015728389493352,30,0
14.966,-0.0014307335243352,30,0
14.968,-0.0012266549243352,30,0
14.97,-0.0012861022243352,30,0
14.972,-0.0013394390243352,30,0
14.974,-0.0013927758243352,30,0
14.976,-0.0014461126243352,30,0
14.978,-0.0014994494243352,30,0
14.98,-0.0015527862243352,30,0
14.982,-0.0012921038243352,30,0
14.984,-0.0013496937743352,30,0
14.986,-0.0014072837243352,30,0
14.988,-0.0014872102743352,30,0
14.99,-0.0015671368243352,30,0
14.992,-0.0016470633743352,30,0
14.994,-0.0017269899243352,30,0
14.996,-0.0012602082243352,30,0
14.998,-0.0012985652243352,30,0
15.0,-0.0012698882243352,31,0
15.002,-0.0014225629993352,31,0
15.004,-0.0015752377743352,31,0
15.006,-0.0017279125493352,31,0
15.008,-0.0018805873243352,31,0
15.01,-0.0013626105243352,31,0
15.012,-0.0012803910243352,31,0
15.014,-0.0012383798243352,31,0
15.016,-0.0019798799243352,31,0
15.018,-0.0019789038576686,31,0
15.02,-0.0019779277910019,31,0
15.022,-0.0019769517243352,31,0
15.024,-0.0014320282243352,31,0
15.026,-0.0012379200243352,31,0
15.028,-0.0012947416243352,31,0
15.03,-0.0016837808243352,31,0
15.032,-0.0016440000576686,31,0
15.034,-0.0016042192910019,31,0
15.036,-0.0015644385243352,31,0
15.038,-0.0012321362243352,31,0
15.04,-0.0013244289743352,31,0
15.042,-0.0014167217243352,31,0
15.044,-0.0014744387243352,31,0
15.046,-0.0015321557243352,31,0
15.048,-0.0015898727243352,31,0
15.05,-0.0016475897243352,31,0
15.052,-0.0017053067243352,31,0
15.054,-0.0012733730243352,31,0
15.056,-0.0013189295243352,31,0
15.058,-0.0012857755243352,31,0
15.06,-0.0014295386493352,31,0
15.062,-0.0015733017743352,31,0
15.064,-0.0017170648993352,31,0
15.066,-0.0018608280243352,31,0
15.068,-0.0012493908243352,31,0
15.07,-0.0013708728076686,31,0
15.072,-0.0014923547910019,31,0
15.074,-0.0016138367743352,31,0
15.076,-0.0017353187576686,31,0
15.078,-0.0018568007410019,31,0
15.08,-0.0019782827243352,31,0
15.082,-0.0012457971243352,31,0
15.084,-0.0012622410243352,31,0
15.086,-0.0012786849243352,31,0
15.088,-0.0016664052243352,31,0
15.09,-0.0016082465743352,31,0
15.092,-0.0015500879243352,31,0
15.094,-0.0012385976243352,31,0
15.096,-0.0013138596243352,31,0
15.098,-0.0013914569243352,31,0
15.1,-0.0014385985243352,31,0
15.102,-0.0014857401243352,31,0
15.104,-0.0015328817243352,31,0
15.106,-0.0015800233243352,31,0
15.108,-0.0016271649243352,31,0
15.11,-0.0016743065243352,31,0
15.112,-0.0012409813243352,31,0
15.114,-0.0012958548243352,31,0
15.116,-0.0014063423443352,31,0
15.118,-0.0015168298643352,31,0
15.12,-0.0016273173843352,31,0
15.122,-0.0017378049043352,31,0
15.124,-0.0018482924243352,31,0
15.126,-0.0013251489243352,31,0
15.128,-0.0012683031243352,31,0
15.13,-0.0012587562243352,31,0
15.132,-0.0019907941243352,31,0
15.134,-0.0018011346910019,31,0
15.136,-0.0016114752576686,31,0
15.138,-0.0014218158243352,31,0
15.14,-0.0013283372743352,31,0
15.142,-0.0012348587243352,31,0
15.144,-0.0012737239243352,31,0
15.146,-0.0016521030243352,31,0
15.148,-0.0016325917743352,31,0
15.15,-0.0016130805243352,31,0
15.152,-0.0015935692743352,31,0
15.154,-0.0015740580243352,31,0
15.156,-0.0012481324243352,31,0
15.158,-0.0013214221243352,31,0
15.16,-0.0013964953643352,31,0
15.162,-0.0014715686043352,31,0
15.164,-0.0015466418443352,31,0
15.166,-0.0016217150843352,31,0
15.168,-0.0016967883243352,31,0
15.17,-0.0012609463243352,31,0
15.172,-0.0013224506243352,31,0
15.174,-0.0014314837243352,31,0
15.176,-0.0015405168243352,31,0
15.178,-0.0016495499243352,31,0
15.18,-0.0017585830243352,31,0
15.182,-0.0018676161243352,31,0
15.184,-0.0013361357243352,31,0
15.186,-0.0012594580243352,31,0
15.188,-0.0012440789243352,31,0
15.19,-0.0019765645243352,31,0
15.192,-0.0019783028910019,31,0
15.194,-0.0019800412576686,31,0
15.196,-0.0019817796243352,31,0
15.198,-0.0014221425243352,31,0
15.2,-0.0012345683243352,31,0
15.202,-0.0012771482243352,31,0
15.204,-0.0016393738243352,31,0
15.206,-0.0016217834493352,31,0
15.208,-0.0016041930743352,31,0
15.21,-0.0015866026993352,31,0
15.212,-0.0015690123243352,31,0
15.214,-0.0012325355243352,31,0
15.216,-0.0013226805243352,31,0
15.218,-0.0014162377243352,31,0
15.22,-0.0015203219243352,31,0
15.222,-0.0016244061243352,31,0
15.224,-0.0017284903243352,31,0
15.226,-0.0012812501243352,31,0
15.228,-0.0012854488243352,31,0
15.23,-0.0012896475243352,31,0
15.232,-0.0012563846243352,31,0
15.234,-0.0014108411243352,31,0
15.236,-0.0015652976243352,31,0
15.238,-0.0017197541243352,31,0
15.24,-0.0018742106243352,31,0
15.242,-0.0013493489243352,31,0
15.244,-0.0012916440243352,31,0
15.246,-0.0012677949243352,31,0
15.248,-0.0019740114243352,31,0
15.25,-0.0019856697743352,31,0
15.252,-0.0019973281243352,31,0
15.254,-0.0016414731743352,31,0
15.256,-0.0012856182243352,31,0
15.258,-0.0016461619243352,31,0
15.26,-0.0016276586043352,31,0
15.262,-0.0016091552843352,31,0
15.264,-0.0015906519643352,31,0
15.266,-0.0015721486443352,31,0
15.268,-0.0015536453243352,31,0
15.27,-0.0012430746243352,31,0
15.272,-0.0013014208243352,31,0
15.274,-0.0013871735243352,31,0
15.276,-0.0014835177576686,31,0
15.278,-0.0015798619910019,31,0
15.28,-0.0016762062243352,31,0
15.282,-0.0012429899243352,31,0
15.284,-0.0012583145743352,31,0
15.286,-0.0012736392243352,31,0
15.288,-0.0014252703743352,31,0
15.29,-0.0015769015243352,31,0
15.292,-0.0017285326743352,31,0
15.294,-0.0018801638243352,31,0
15.296,-0.0013776387243352,31,0
15.298,-0.0013312957243352,31,0
15.3,-0.0012849527243352,31,0
15.302,-0.0012600993243352,31,0
15.304,-0.0014422980993352,31,0
15.306,-0.0016244968743352,31,0
15.308,-0.0018066956493352,31,0
15.31,-0.0019888944243352,31,0
15.312,-0.0014386227243352,31,0
15.314,-0.0012972221243352,31,0
15.316,-0.0016558419243352,31,0
15.318,-0.0016342797243352,31,0
15.32,-0.0016127175243352,31,0
15.322,-0.0015911553243352,31,0
15.324,-0.0015695931243352,31,0
15.326,-0.0013963332243352,31,0
15.328,-0.0012230733243352,31,0
15.33,-0.0012841541243352,31,0
15.332,-0.0013926427243352,31,0
15.334,-0.0013641411743352,31,0
15.336,-0.0013356396243352,31,0
15.338,-0.0013071380743352,31,0
15.34,-0.0012786365243352,31,0
15.342,-0.0013176953243352,31,0
15.344,-0.0012756115243352,31,0
15.346,-0.0014675336576686,31,0
15.348,-0.0016594557910019,31,0
15.35,-0.0018513779243352,31,0
15.352,-0.0015864726243352,31,0
15.354,-0.0013215673243352,31,0
15.356,-0.0012608979243352,31,0
15.358,-0.0012692348243352,31,0
15.36,-0.0019753787243352,31,0
15.362,-0.0018304981643352,31,0
15.364,-0.0016856176043352,31,0
15.366,-0.0015407370443352,31,0
15.368,-0.0013958564843352,31,0
15.37,-0.0012509759243352,31,0
15.372,-0.0013073619243352,31,0
15.374,-0.0016565800243352,31,0
15.376,-0.0016251764910019,31,0
15.378,-0.0015937729576686,31,0
15.38,-0.0015623694243352,31,0
15.382,-0.0012451195243352,31,0
15.384,-0.0013357485243352,31,0
15.386,-0.0013766888743352,31,0
15.388,-0.0014176292243352,31,0
15.39,-0.0014932511993352,31,0
15.392,-0.0015688731743352,31,0
15.394,-0.0016444951493352,31,0
15.396,-0.0017201171243352,31,0
15.398,-0.0012706868243352,31,0
15.4,-0.0012521496243352,31,0
15.402,-0.0013759277843352,31,0
15.404,-0.0014997059443352,31,0
15.406,-0.0016234841043352,31,0
15.408,-0.0017472622643352,31,0
15.41,-0.0018710404243352,31,0
15.412,-0.0013347805243352,31,0
15.414,-0.0012750549243352,31,0
15.416,-0.0012753574243352,31,0
15.418,-0.0019852160243352,31,0
15.42,-0.0019869301910019,31,0
15.422,-0.0019886443576686,31,0
15.424,-0.0019903585243352,31,0
15.426,-0.0014344482243352,31,0
15.428,-0.0012340722243352,31,0
15.43,-0.0012961694243352,31,0
15.432,-0.0016545351243352,31,0
15.434,-0.0016268543576686,31,0
15.436,-0.0015991735910019,31,0
15.438,-0.0015714928243352,31,0
15.44,-0.0012567960243352,31,0
15.442,-0.0013388340243352,31,0
15.444,-0.0013699128743352,31,0
15.446,-0.0014009917243352,31,0
15.448,-0.0015029785910019,31,0
15.45,-0.0016049654576686,31,0
15.452,-0.0017069523243352,31,0
15.454,-0.0012638019243352,31,0
15.456,-0.0012866225243352,31,0
15.458,-0.0013094431243352,31,0
15.46,-0.0012966897243352,31,0
15.462,-0.0014420137493352,31,0
15.464,-0.0015873377743352,31,0
15.466,-0.0017326617993352,31,0
15.468,-0.0018779858243352,31,0
15.47,-0.0013518173243352,31,0
15.472,-0.0012728043243352,31,0
15.474,-0.0019790813243352,31,0
15.476,-0.0019831469243352,31,0
15.478,-0.0019872125243352,31,0
15.48,-0.0019912781243352,31,0
15.482,-0.0019953437243352,31,0
15.484,-0.0014611045243352,31,0
15.486,-0.0012612004243352,31,0
15.488,-0.0013055590243352,31,0
15.49,-0.0016441412243352,31,0
15.492,-0.0015111864243352,31,0
15.494,-0.0013782316243352,31,0
15.496,-0.0012452768243352,31,0
15.498,-0.0012867919243352,31,0
15.5,-0.0013283070243352,32,0
15.502,-0.0013726293243352,32,0
15.504,-0.0014169516243352,32,0
15.506,-0.0014970626993352,32,0
15.508,-0.0015771737743352,32,0
15.51,-0.0016572848493352,32,0
15.512,-0.0017373959243352,32,0
15.514,-0.0012984079243352,32,0
15.516,-0.0013144767243352,32,0
15.518,-0.0014525770493352,32,0
15.52,-0.0015906773743352,32,0
15.522,-0.0017287776993352,32,0
15.524,-0.0018668780243352,32,0
15.526,-0.0013577584243352,32,0
15.528,-0.0013265041243352,32,0
15.53,-0.0012952498243352,32,0
15.532,-0.0012966050243352,32,0
15.534,-0.0019955857243352,32,0
15.536,-0.0018155861243352,32,0
15.538,-0.0016355865243352,32,0
15.54,-0.0014555869243352,32,0
15.542,-0.0013555259743352,32,0
15.544,-0.0012554650243352,32,0
15.546,-0.0013129763243352,32,0
15.548,-0.0013644061643352,32,0
15.55,-0.0014158360043352,32,0
15.552,-0.0014672658443352,32,0
15.554,-0.0015186956843352,32,0
15.556,-0.0015701255243352,32,0
15.558,-0.0012590950243352,32,0
15.56,-0.0013444000243352,32,0
15.562,-0.0014131280243352,32,0
15.564,-0.0013646513910019,32,0
15.566,-0.0013161747576686,32,0
15.568,-0.0012676981243352,32,0
15.57,-0.0012869371243352,32,0
15.572,-0.0013061761243352,32,0
15.574,-0.0012973673243352,32,0
15.576,-0.0012885585243352,32,0
15.578,-0.0014312175243352,32,0
15.58,-0.0015738765243352,32,0
15.582,-0.0017165355243352,32,0
15.584,-0.0018591945243352,32,0
15.586,-0.0013483688243352,32,0
15.588,-0.0012606317243352,32,0
15.59,-0.0012678796243352,32,0
15.592,-0.0019808721243352,32,0
15.594,-0.0018049945910019,32,0
15.596,-0.0016291170576686,32,0
15.598,-0.0014532395243352,32,0
15.6,-0.0012323782243352,32,0
15.602,-0.0012709046243352,32,0
15.604,-0.0012641427410019,32,0
15.606,-0.0012573808576686,32,0
15.608,-0.0012506189743352,32,0
15.61,-0.0012438570910019,32,0
15.612,-0.0012370952076686,32,0
15.614,-0.0012303333243352,32,0
15.616,-0.0013006948243352,32,0
15.618,-0.0012952643443352,32,0
15.62,-0.0012898338643352,32,0
15.622,-0.0012844033843352,32,0
15.624,-0.0012789729043352,32,0
15.626,-0.0012735424243352,32,0
15.628,-0.0012857331743352,32,0
15.63,-0.0012979239243352,32,0
15.632,-0.0012666333243352,32,0
15.634,-0.0012835854243352,32,0
15.636,-0.0013005375243352,32,0
15.638,-0.0013174896243352,32,0
15.64,-0.0012658710243352,32,0
15.642,-0.0012563846243352,32,0
15.644,-0.0012468982243352,32,0
15.646,-0.0015898666743352,32,0
15.648,-0.0019328351243352,32,0
15.65,-0.0019475164576686,32,0
15.652,-0.0019621977910019,32,0
15.654,-0.0019768791243352,32,0
15.656,-0.0012398560243352,32,0
15.658,-0.0012928056243352,32,0
15.66,-0.0016209092243352,32,0
15.662,-0.0016056359993352,32,0
15.664,-0.0015903627743352,32,0
15.666,-0.0015750895493352,32,0
15.668,-0.0015598163243352,32,0
15.67,-0.0012275019243352,32,0
15.672,-0.0012765250743352,32,0
15.674,-0.0013255482243352,32,0
15.676,-0.0014039296043352,32,0
15.678,-0.0014823109843352,32,0
15.68,-0.0015606923643352,32,0
15.682,-0.0016390737443352,32,0
15.684,-0.0017174551243352,32,0
15.686,-0.0012675045243352,32,0
15.688,-0.0012923579243352,32,0
15.69,-0.0012683636243352,32,0
15.692,-0.0014149823493352,32,0
15.694,-0.0015616010743352,32,0
15.696,-0.0017082197993352,32,0
15.698,-0.0018548385243352,32,0
15.7,-0.0013356154243352,32,0
15.702,-0.0012435707243352,32,0
15.704,-0.0019367192243352,32,0
15.706,-0.0016751474743352,32,0
15.708,-0.0014135757243352,32,0
15.71,-0.0013509864576686,32,0
15.712,-0.0012883971910019,32,0
15.714,-0.0012258079243352,32,0
15.716,-0.0012883649243352,32,0
15.718,-0.0014540381243352,32,0
15.72,-0.0016197113243352,32,0
15.722,-0.0015961485910019,32,0
15.724,-0.0015725858576686,32,0
15.726,-0.0015490231243352,32,0
15.728,-0.0012374965243352,32,0
15.73,-0.0013138354243352,32,0
15.732,-0.0013719154243352,32,0
15.734,-0.0014579161743352,32,0
15.736,-0.0015439169243352,32,0
15.738,-0.0016299176743352,32,0
15.74,-0.0017159184243352,32,0
15.742,-0.0013279561243352,32,0
15.744,-0.0014392930643352,32,0
15.746,-0.0015506300043352,32,0
15.748,-0.0016619669443352,32,0
15.75,-0.0017733038843352,32,0
15.752,-0.0018846408243352,32,0
15.754,-0.0012788785243352,32,0
15.756,-0.0014481242493352,32,0
15.758,-0.0016173699743352,32,0
15.76,-0.0017866156993352,32,0
15.762,-0.0019558614243352,32,0
15.764,-0.0019623107243352,32,0
15.766,-0.0019687600243352,32,0
15.768,-0.0019752093243352,32,0
15.77,-0.0014255547243352,32,0
15.772,-0.0012909422243352,32,0
15.774,-0.0014484418743352,32,0
15.776,-0.0016059415243352,32,0
15.778,-0.0015128078243352,32,0
15.78,-0.0014196741243352,32,0
15.782,-0.0013265404243352,32,0
15.784,-0.0012334067243352,32,0
15.786,-0.0013120083243352,32,0
15.788,-0.0013660590243352,32,0
15.79,-0.0014527615743352,32,0
15.792,-0.0015394641243352,32,0
15.794,-0.0016261666743352,32,0
15.796,-0.0017128692243352,32,0
15.798,-0.0012796166243352,32,0
15.8,-0.0013123713243352,32,0
15.802,-0.0012666575243352,32,0
15.804,-0.0014130372743352,32,0
15.806,-0.0015594170243352,32,0
15.808,-0.0017057967743352,32,0
15.81,-0.0018521765243352,32,0
15.812,-0.0012366737243352,32,0
15.814,-0.0012445326743352,32,0
15.816,-0.0012523916243352,32,0
15.818,-0.0012570646443352,32,0
15.82,-0.0012617376643352,32,0
15.822,-0.0012664106843352,32,0
15.824,-0.0012710837043352,32,0
15.826,-0.0012757567243352,32,0
15.828,-0.0016138670243352,32,0
15.83,-0.0016013374743352,32,0
15.832,-0.0015888079243352,32,0
15.834,-0.0015762783743352,32,0
15.836,-0.0015637488243352,32,0
15.838,-0.0015512192743352,32,0
15.84,-0.0015386897243352,32,0
15.842,-0.0012973915243352,32,0
15.844,-0.0013600090243352,32,0
15.846,-0.0014447997743352,32,0
15.848,-0.0015295905243352,32,0
15.85,-0.0016143812743352,32,0
15.852,-0.0016991720243352,32,0
15.854,-0.0012610794243352,32,0
15.856,-0.0012769425243352,32,0
15.858,-0.0012928056243352,32,0
15.86,-0.0014108653243352,32,0
15.862,-0.0015289250243352,32,0
15.864,-0.0016469847243352,32,0
15.866,-0.0017650444243352,32,0
15.868,-0.0018831041243352,32,0
15.87,-0.0013575648243352,32,0
15.872,-0.0012423365243352,32,0
15.874,-0.0015852323743352,32,0
15.876,-0.0019281282243352,32,0
15.878,-0.0016701622743352,32,0
15.88,-0.0014121963243352,32,0
15.882,-0.0013437587243352,32,0
15.884,-0.0012753211243352,32,0
15.886,-0.0012068835243352,32,0
15.888,-0.0012823996243352,32,0
15.89,-0.0015924016243352,32,0
15.892,-0.0015830402576686,32,0
15.894,-0.0015736788910019,32,0
15.896,-0.0015643175243352,32,0
15.898,-0.0014209083243352,32,0
15.9,-0.0012774991243352,32,0
15.902,-0.0013793690243352,32,0
15.904,-0.0014812389243352,32,0
15.906,-0.0015831088243352,32,0
15.908,-0.0016849787243352,32,0
15.91,-0.0014646921743352,32,0
15.912,-0.0012444056243352,32,0
15.914,-0.0012756478243352,32,0
15.916,-0.0012259773243352,32,0
15.918,-0.0013890974243352,32,0
15.92,-0.0015522175243352,32,0
15.922,-0.0017153376243352,32,0
15.924,-0.0018784577243352,32,0
15.926,-0.0013207203243352,32,0
15.928,-0.0012362018243352,32,0
15.93,-0.0012222505243352,32,0
15.932,-0.0018946233243352,32,0
15.934,-0.0019429144243352,32,0
15.936,-0.0019912055243352,32,0
15.938,-0.0012676618243352,32,0
15.94,-0.0013410452993352,32,0
15.942,-0.0014144287743352,32,0
15.944,-0.0014878122493352,32,0
15.946,-0.0015611957243352,32,0
15.948,-0.0014460561576686,32,0
15.95,-0.0013309165910019,32,0
15.952,-0.0012157770243352,32,0
15.954,-0.0012420098243352,32,0
15.956,-0.0012682426243352,32,0
15.958,-0.0012944754243352,32,0
15.96,-0.0013648853243352,32,0
15.962,-0.0014575350243352,32,0
15.964,-0.0015501847243352,32,0
15.966,-0.0016428344243352,32,0
15.968,-0.0017354841243352,32,0
15.97,-0.0012651813243352,32,0
15.972,-0.0012752001243352,32,0
15.974,-0.0012398923243352,32,0
15.976,-0.0014465764576686,32,0
15.978,-0.0016532605910019,32,0
15.98,-0.0018599447243352,32,0
15.982,-0.0015906047743352,32,0
15.984,-0.0013212648243352,32,0
15.986,-0.0012486890243352,32,0
15.988,-0.0012492577243352,32,0
15.99,-0.0019169720243352,32,0
15.992,-0.0019516385243352,32,0
15.994,-0.0019863050243352,32,0
15.996,-0.0017081199743352,32,0
15.998,-0.0014299349243352,32,0
16.0,-0.0012898290243352,33,0
16.002,-0.0014335346743352,33,0
16.004,-0.0015772403243352,33,0
16.006,-0.0014598945243352,33,0
16.008,-0.0013425487243352,33,0
16.01,-0.0012252029243352,33,0
16.012,-0.0013486713243352,33,0
16.014,-0.0013985613529067,33,0
16.016,-0.0014484513814781,33,0
16.018,-0.0014983414100495,33,0
16.02,-0.001548231438621,33,0
16.022,-0.0015981214671924,33,0
16.024,-0.0016480114957638,33,0
16.026,-0.0016979015243352,33,0
16.028,-0.0012832950243352,33,0
16.03,-0.0012305269243352,33,0
16.032,-0.0013864959243352,33,0
16.034,-0.0015424649243352,33,0
16.036,-0.0016984339243352,33,0
16.038,-0.0018544029243352,33,0
16.04,-0.0012389848243352,33,0
16.042,-0.0019012783243352,33,0
16.044,-0.0018388509671924,33,0
16.046,-0.0017764236100495,33,0
16.048,-0.0017139962529067,33,0
16.05,-0.0016515688957638,33,0
16.052,-0.001589141538621,33,0
16.054,-0.0015267141814781,33,0
16.056,-0.0014642868243352,33,0
16.058,-0.0012879293243352,33,0
16.06,-0.0015832056243352,33,0
16.062,-0.0015121399043352,33,0
16.064,-0.0014410741843352,33,0
16.066,-0.0013700084643352,33,0
16.068,-0.0012989427443352,33,0
16.07,-0.0012278770243352,33,0
16.072,-0.0013688057243352,33,0
16.074,-0.0014862442910019,33,0
16.076,-0.0016036828576686,33,0
16.078,-0.0017211214243352,33,0
16.08,-0.0014991529743352,33,0
16.082,-0.0012771845243352,33,0
16.084,-0.0012847349243352,33,0
16.086,-0.0012922853243352,33,0
16.088,-0.0012998357243352,33,0
16.09,-0.0012381620243352,33,0
16.092,-0.0013949175243352,33,0
16.094,-0.0015516730243352,33,0
16.096,-0.0017084285243352,33,0
16.098,-0.0018651840243352,33,0
16.1,-0.0013409878243352,33,0
16.102,-0.0012688597243352,33,0
16.104,-0.0019035773243352,33,0
16.106,-0.0017689672443352,33,0
16.108,-0.0016343571643352,33,0
16.11,-0.0014997470843352,33,0
16.112,-0.0013651370043352,33,0
16.114,-0.0012305269243352,33,0
16.116,-0.0012716790243352,33,0
16.118,-0.0015799265243352,33,0
16.12,-0.0015756286043352,33,0
16.122,-0.0015713306843352,33,0
16.124,-0.0015670327643352,33,0
16.126,-0.0015627348443352,33,0
16.128,-0.0015584369243352,33,0
16.13,-0.0013110887243352,33,0
16.132,-0.0013647764243352,33,0
16.134,-0.0014839251243352,33,0
16.136,-0.0016030738243352,33,0
16.138,-0.0017222225243352,33,0
16.14,-0.0014951720743352,33,0
16.142,-0.0012681216243352,33,0
16.144,-0.0012833434243352,33,0
16.146,-0.0012720541243352,33,0
16.148,-0.0012607648243352,33,0
16.15,-0.0012778651493352,33,0
16.152,-0.0012949654743352,33,0
16.154,-0.0013120657993352,33,0
16.156,-0.0013291661243352,33,0
16.158,-0.0012484712243352,33,0
16.16,-0.0012419977243352,33,0
16.162,-0.0013923136043352,33,0
16.164,-0.0015426294843352,33,0
16.166,-0.0016929453643352,33,0
16.168,-0.0018432612443352,33,0
16.17,-0.0019935771243352,33,0
16.172,-0.0012273204243352,33,0
16.174,-0.0012883286243352,33,0
16.176,-0.0015830120243352,33,0
16.178,-0.0015818891443352,33,0
16.18,-0.0015807662643352,33,0
16.182,-0.0015796433843352,33,0
16.184,-0.0015785205043352,33,0
16.186,-0.0015773976243352,33,0
16.188,-0.0012294258243352,33,0
16.19,-0.0012837427243352,33,0
16.192,-0.0013438555243352,33,0
16.194,-0.0013257357743352,33,0
16.196,-0.0013076160243352,33,0
16.198,-0.0012894962743352,33,0
16.2,-0.0012713765243352,33,0
16.202,-0.0012634631243352,33,0
16.204,-0.0012555497243352,33,0
16.206,-0.0013809589643352,33,0
16.208,-0.0015063682043352,33,0
16.21,-0.0016317774443352,33,0
16.212,-0.0017571866843352,33,0
16.214,-0.0018825959243352,33,0
16.216,-0.0013552416243352,33,0
16.218,-0.0012624104243352,33,0
16.22,-0.0012616360243352,33,0
16.222,-0.0013117995993352,33,0
16.224,-0.0013619631743352,33,0
16.226,-0.0014121267493352,33,0
16.228,-0.0014622903243352,33,0
16.23,-0.0013693441743352,33,0
16.232,-0.0012763980243352,33,0
16.234,-0.0014277085243352,33,0
16.236,-0.0015790190243352,33,0
16.238,-0.0015779814493352,33,0
16.24,-0.0015769438743352,33,0
16.242,-0.0015759062993352,33,0
16.244,-0.0015748687243352,33,0
16.246,-0.0012332373243352,33,0
16.248,-0.0013135329243352,33,0
16.25,-0.0013610375243352,33,0
16.252,-0.0014629800243352,33,0
16.254,-0.0015649225243352,33,0
16.256,-0.0016668650243352,33,0
16.258,-0.0017688075243352,33,0
16.26,-0.0012993275243352,33,0
16.262,-0.0012468619243352,33,0
16.264,-0.0013688686443352,33,0
16.266,-0.0014908753643352,33,0
16.268,-0.0016128820843352,33,0
16.27,-0.0017348888043352,33,0
16.272,-0.0018568955243352,33,0
16.274,-0.0013501717243352,33,0
16.276,-0.0012516898243352,33,0
16.278,-0.0015834536743352,33,0
16.28,-0.0019152175243352,33,0
16.282,-0.0018019191743352,33,0
16.284,-0.0016886208243352,33,0
16.286,-0.0015753224743352,33,0
16.288,-0.0014620241243352,33,0
16.29,-0.0012851947243352,33,0
16.292,-0.0016018880243352,33,0
16.294,-0.0016013646993352,33,0
16.296,-0.0016008413743352,33,0
16.298,-0.0016003180493352,33,0
16.3,-0.0015997947243352,33,0
16.302,-0.0012466683243352,33,0
16.304,-0.0013558708243352,33,0
16.306,-0.0014143319743352,33,0
16.308,-0.0014727931243352,33,0
16.31,-0.0015312542743352,33,0
16.312,-0.0015897154243352,33,0
16.314,-0.0016481765743352,33,0
16.316,-0.0017066377243352,33,0
16.318,-0.0012919465243352,33,0
16.32,-0.0012642254243352,33,0
16.322,-0.0012365043243352,33,0
16.324,-0.0014560870576686,33,0
16.326,-0.0016756697910019,33,0
16.328,-0.0018952525243352,33,0
16.33,-0.0012572558243352,33,0
16.332,-0.0012527183243352,33,0
16.334,-0.0012481808243352,33,0
16.336,-0.0012436433243352,33,0
16.338,-0.0012873606243352,33,0
16.34,-0.0013310779243352,33,0
16.342,-0.0013747952243352,33,0
16.344,-0.0014185125243352,33,0
16.346,-0.0014622298243352,33,0
16.348,-0.0012268969243352,33,0
16.35,-0.0012741837243352,33,0
16.352,-0.0015774823243352,33,0
16.354,-0.0015790916243352,33,0
16.356,-0.0015807009243352,33,0
16.358,-0.0015823102243352,33,0
16.36,-0.0015839195243352,33,0
16.362,-0.0013036835243352,33,0
16.364,-0.0014082033243352,33,0
16.366,-0.0015127231243352,33,0
16.368,-0.0016172429243352,33,0
16.37,-0.0017217627243352,33,0
16.372,-0.0014860607743352,33,0
16.374,-0.0012503588243352,33,0
16.376,-0.0012839242243352,33,0
16.378,-0.0012316764243352,33,0
16.38,-0.0013578261843352,33,0
16.382,-0.0014839759443352,33,0
16.384,-0.0016101257043352,33,0
16.386,-0.0017362754643352,33,0
16.388,-0.0018624252243352,33,0
16.39,-0.0013394027243352,33,0
16.392,-0.0012580423243352,33,0
16.394,-0.0012355000243352,33,0
16.396,-0.0018860807243352,33,0
16.398,-0.0019409118743352,33,0
16.4,-0.0019957430243352,33,0
16.402,-0.0012250214243352,33,0
16.404,-0.0012642254243352,33,0
16.406,-0.0015520602243352,33,0
16.408,-0.0015550053643352,33,0
16.41,-0.0015579505043352,33,0
16.412,-0.0015608956443352,33,0
16.414,-0.0015638407843352,33,0
16.416,-0.0015667859243352,33,0
16.418,-0.0012309141243352,33,0
16.42,-0.0012706202743352,33,0
16.422,-0.0013103264243352,33,0
16.424,-0.0013367286243352,33,0
16.426,-0.0014293904243352,33,0
16.428,-0.0015220522243352,33,0
16.43,-0.0016147140243352,33,0
16.432,-0.0017073758243352,33,0
16.434,-0.0012559006243352,33,0
16.436,-0.0012748008243352,33,0
16.438,-0.0012332131243352,33,0
16.44,-0.0015470326743352,33,0
16.442,-0.0018608522243352,33,0
16.444,-0.0017016313493352,33,0
16.446,-0.0015424104743352,33,0
16.448,-0.0013831895993352,33,0
16.45,-0.0012239687243352,33,0
16.452,-0.0018726134243352,33,0
16.454,-0.0017231784243352,33,0
16.456,-0.0015737434243352,33,0
16.458,-0.0014243084243352,33,0
16.46,-0.0012074159243352,33,0
16.462,-0.0013829748243352,33,0
16.464,-0.0015585337243352,33,0
16.466,-0.0015605181243352,33,0
16.468,-0.0015625025243352,33,0
16.47,-0.0015644869243352,33,0
16.472,-0.0012058066243352,33,0
16.474,-0.0012272034576686,33,0
16.476,-0.0012486002910019,33,0
16.478,-0.0012699971243352,33,0
16.48,-0.0013442427243352,33,0
16.482,-0.0014316652243352,33,0
16.484,-0.0015190877243352,33,0
16.486,-0.0016065102243352,33,0
16.488,-0.0016939327243352,33,0
16.49,-0.0012360324243352,33,0
16.492,-0.0012836459243352,33,0
16.494,-0.0012287845243352,33,0
16.496,-0.0013890853243352,33,0
16.498,-0.0015493861243352,33,0
16.5,-0.0017096869243352,34,0
16.502,-0.0018699877243352,34,0
16.504,-0.0012346772243352,34,0
16.506,-0.0012357178243352,34,0
16.508,-0.0015646865743352,34,0
16.51,-0.0018936553243352,34,0
16.512,-0.0017781093993352,34,0
16.514,-0.0016625634743352,34,0
16.516,-0.0015470175493352,34,0
16.518,-0.0014314716243352,34,0
16.52,-0.0012032051243352,34,0
16.522,-0.0012506250243352,34,0
16.524,-0.0015654428243352,34,0
16.526,-0.0014980639743352,34,0
16.528,-0.0014306851243352,34,0
16.53,-0.0013633062743352,34,0
16.532,-0.0012959274243352,34,0
16.534,-0.0014073230493352,34,0
16.536,-0.0015187186743352,34,0
16.538,-0.0016301142993352,34,0
16.54,-0.0017415099243352,34,0
16.542,-0.0012870097243352,34,0
16.544,-0.0012952861243352,34,0
16.546,-0.0013035625243352,34,0
16.548,-0.0014214697643352,34,0
16.55,-0.0015393770043352,34,0
16.552,-0.0016572842443352,34,0
16.554,-0.0017751914843352,34,0
16.556,-0.0018930987243352,34,0
16.558,-0.0012648788243352,34,0
16.56,-0.0018944176243352,34,0
16.562,-0.0016689300910019,34,0
16.564,-0.0014434425576686,34,0
16.566,-0.0012179550243352,34,0
16.568,-0.0012761318243352,34,0
16.57,-0.0015932365243352,34,0
16.572,-0.0015931953843352,34,0
16.574,-0.0015931542443352,34,0
16.576,-0.0015931131043352,34,0
16.578,-0.0015930719643352,34,0
16.58,-0.0015930308243352,34,0
16.582,-0.0015338235076686,34,0
16.584,-0.0014746161910019,34,0
16.586,-0.0014154088743352,34,0
16.588,-0.0013562015576686,34,0
16.59,-0.0012969942410019,34,0
16.592,-0.0012377869243352,34,0
16.594,-0.0012910753243352,34,0
16.596,-0.0013959490493352,34,0
16.598,-0.0015008227743352,34,0
16.6,-0.0016056964993352,34,0
16.602,-0.0017105702243352,34,0
16.604,-0.0014816261243352,34,0
16.606,-0.0012526820243352,34,0
16.608,-0.0012536863243352,34,0
16.61,-0.0013765739243352,34,0
16.612,-0.0014994615243352,34,0
16.614,-0.0016223491243352,34,0
16.616,-0.0017452367243352,34,0
16.618,-0.0018681243243352,34,0
16.62,-0.0013463239243352,34,0
16.622,-0.0012602324243352,34,0
16.624,-0.0012529320910019,34,0
16.626,-0.0012456317576686,34,0
16.628,-0.0012383314243352,34,0
16.63,-0.0012310310910019,34,0
16.632,-0.0012237307576686,34,0
16.634,-0.0012164304243352,34,0
16.636,-0.0012753453243352,34,0
16.638,-0.0015787891243352,34,0
16.64,-0.0015830755493352,34,0
16.642,-0.0015873619743352,34,0
16.644,-0.0015916483993352,34,0
16.646,-0.0015959348243352,34,0
16.648,-0.0014646256243352,34,0
16.65,-0.0013333164243352,34,0
16.652,-0.0014364749743352,34,0
16.654,-0.0015396335243352,34,0
16.656,-0.0016427920743352,34,0
16.658,-0.0017459506243352,34,0
16.66,-0.0015853069910019,34,0
16.662,-0.0014246633576686,34,0
16.664,-0.0012640197243352,34,0
16.666,-0.0012785760243352,34,0
16.668,-0.0012368915243352,34,0
16.67,-0.0012710417576686,34,0
16.672,-0.0013051919910019,34,0
16.674,-0.0013393422243352,34,0
16.676,-0.0012370972243352,34,0
16.678,-0.0019098088243352,34,0
16.68,-0.0018111212243352,34,0
16.682,-0.0017124336243352,34,0
16.684,-0.0016137460243352,34,0
16.686,-0.0015150584243352,34,0
16.688,-0.0014163708243352,34,0
16.69,-0.0013176832243352,34,0
16.692,-0.0012189956243352,34,0
16.694,-0.0012684362243352,34,0
16.696,-0.0015663987243352,34,0
16.698,-0.0015703100493352,34,0
16.7,-0.0015742213743352,34,0
16.702,-0.0015781326993352,34,0
16.704,-0.0015820440243352,34,0
16.706,-0.0012226014243352,34,0
16.708,-0.0013550722243352,34,0
16.71,-0.0013380378443352,34,0
16.712,-0.0013210034643352,34,0
16.714,-0.0013039690843352,34,0
16.716,-0.0012869347043352,34,0
16.718,-0.0012699003243352,34,0
16.72,-0.0012607829743352,34,0
16.722,-0.0012516656243352,34,0
16.724,-0.0014077132743352,34,0
16.726,-0.0015637609243352,34,0
16.728,-0.0017198085743352,34,0
16.73,-0.0018758562243352,34,0
16.732,-0.0016015310743352,34,0
16.734,-0.0013272059243352,34,0
16.736,-0.0012440063243352,34,0
16.738,-0.0012381862243352,34,0
16.74,-0.0018771872243352,34,0
16.742,-0.0017380856243352,34,0
16.744,-0.0015989840243352,34,0
16.746,-0.0014598824243352,34,0
16.748,-0.0013354157743352,34,0
16.75,-0.0012109491243352,34,0
16.752,-0.0015686372243352,34,0
16.754,-0.0015711322443352,34,0
16.756,-0.0015736272643352,34,0
16.758,-0.0015761222843352,34,0
16.76,-0.0015786173043352,34,0
16.762,-0.0015811123243352,34,0
16.764,-0.0012318579243352,34,0
16.766,-0.0013001261243352,34,0
16.768,-0.0013505468243352,34,0
16.77,-0.0015493982243352,34,0
16.772,-0.0017482496243352,34,0
16.774,-0.0015852827910019,34,0
16.776,-0.0014223159576686,34,0
16.778,-0.0012593491243352,34,0
16.78,-0.0012766158243352,34,0
16.782,-0.0014022912643352,34,0
16.784,-0.0015279667043352,34,0
16.786,-0.0016536421443352,34,0
16.788,-0.0017793175843352,34,0
16.79,-0.0019049930243352,34,0
16.792,-0.0013599485243352,34,0
16.794,-0.0012232911243352,34,0
16.796,-0.0018833703243352,34,0
16.798,-0.0017955606243352,34,0
16.8,-0.0017077509243352,34,0
16.802,-0.0016199412243352,34,0
16.804,-0.0015321315243352,34,0
16.806,-0.0014443218243352,34,0
16.808,-0.0012161763243352,34,0
16.81,-0.0012823512243352,34,0
16.812,-0.0015765990243352,34,0
16.814,-0.0015813240743352,34,0
16.816,-0.0015860491243352,34,0
16.818,-0.0015907741743352,34,0
16.82,-0.0015954992243352,34,0
16.822,-0.0012310109243352,34,0
16.824,-0.0013119236243352,34,0
16.826,-0.0013928363243352,34,0
16.828,-0.0014737490243352,34,0
16.83,-0.0015546617243352,34,0
16.832,-0.0016355744243352,34,0
16.834,-0.0017164871243352,34,0
16.836,-0.0012809960243352,34,0
16.838,-0.0012552532743352,34,0
16.84,-0.0012295105243352,34,0
16.842,-0.0013889854993352,34,0
16.844,-0.0015484604743352,34,0
16.846,-0.0017079354493352,34,0
16.848,-0.0018674104243352,34,0
16.85,-0.0013305697243352,34,0
16.852,-0.0012424454243352,34,0
16.854,-0.0018587831243352,34,0
16.856,-0.0018939215243352,34,0
16.858,-0.0019290599243352,34,0
16.86,-0.0019641983243352,34,0
16.862,-0.0019993367243352,34,0
16.864,-0.0012010634243352,34,0
16.866,-0.0012638503243352,34,0
16.868,-0.0014148038743352,34,0
16.87,-0.0015657574243352,34,0
16.872,-0.0014508679243352,34,0
16.874,-0.0013359784243352,34,0
16.876,-0.0012210889243352,34,0
16.878,-0.0012588651243352,34,0
16.88,-0.0012966413243352,34,0
16.882,-0.0013287910243352,34,0
16.884,-0.0013139273843352,34,0
16.886,-0.0012990637443352,34,0
16.888,-0.0012842001043352,34,0
16.89,-0.0012693364643352,34,0
16.892,-0.0012544728243352,34,0
16.894,-0.0012538194243352,34,0
16.896,-0.0012531660243352,34,0
16.898,-0.0012339149243352,34,0
16.9,-0.0013938375993352,34,0
16.902,-0.0015537602743352,34,0
16.904,-0.0017136829493352,34,0
16.906,-0.0018736056243352,34,0
16.908,-0.0013488165243352,34,0
16.91,-0.0012383919243352,34,0
16.912,-0.0012244648243352,34,0
16.914,-0.0018605860243352,34,0
16.916,-0.0017573427743352,34,0
16.918,-0.0016540995243352,34,0
16.92,-0.0015508562743352,34,0
16.922,-0.0014476130243352,34,0
16.924,-0.0012074159243352,34,0
16.926,-0.0012760592243352,34,0
16.928,-0.0015748808243352,34,0
16.93,-0.0014889133493352,34,0
16.932,-0.0014029458743352,34,0
16.934,-0.0013169783993352,34,0
16.936,-0.0012310109243352,34,0
16.938,-0.0012543699743352,34,0
16.94,-0.0012777290243352,34,0
16.942,-0.0012785857043352,34,0
16.944,-0.0012794423843352,34,0
16.946,-0.0012802990643352,34,0
16.948,-0.0012811557443352,34,0
16.95,-0.0012820124243352,34,0
16.952,-0.0012621502743352,34,0
16.954,-0.0012422881243352,34,0
16.956,-0.0015570575243352,34,0
16.958,-0.0018718269243352,34,0
16.96,-0.0012224078243352,34,0
16.962,-0.0012216051910019,34,0
16.964,-0.0012208025576686,34,0
16.966,-0.0012199999243352,34,0
16.968,-0.0015462643243352,34,0
16.97,-0.0018725287243352,34,0
16.972,-0.0017064410993352,34,0
16.974,-0.0015403534743352,34,0
16.976,-0.0013742658493352,34,0
16.978,-0.0012081782243352,34,0
16.98,-0.0012235492576686,34,0
16.982,-0.0012389202910019,34,0
16.984,-0.0012542913243352,34,0
16.986,-0.0015517214243352,34,0
16.988,-0.0015641541743352,34,0
16.99,-0.0015765869243352,34,0
16.992,-0.0015890196743352,34,0
16.994,-0.0016014524243352,34,0
16.996,-0.0012203024243352,34,0
16.998,-0.0013041776076686,34,0
17.0,-0.0013880527910019,35,0
17.002,-0.0014719279743352,35,0
17.004,-0.0015558031576686,35,0
17.006,-0.0016396783410019,35,0
17.008,-0.0017235535243352,35,0
17.01,-0.0012464142243352,35,0
17.012,-0.0012512058243352,35,0
17.014,-0.0012152204243352,35,0
17.016,-0.0013783919493352,35,0
17.018,-0.0015415634743352,35,0
17.02,-0.0017047349993352,35,0
17.022,-0.0018679065243352,35,0
17.024,-0.0013248706243352,35,0
17.026,-0.0012260015243352,35,0
17.028,-0.0012305390243352,35,0
17.03,-0.0018489095243352,35,0
17.032,-0.0017461351493352,35,0
17.034,-0.0016433607743352,35,0
17.036,-0.0015405863993352,35,0
17.038,-0.0014378120243352,35,0
17.04,-0.0011791987243352,35,0
17.042,-0.0012198305243352,35,0
17.044,-0.0015267228243352,35,0
17.046,-0.0015470387243352,35,0
17.048,-0.0015673546243352,35,0
17.05,-0.0014750074243352,35,0
17.052,-0.0013826602243352,35,0
17.054,-0.0012903130243352,35,0
17.056,-0.0013335221243352,35,0
17.058,-0.0014064827043352,35,0
17.06,-0.0014794432843352,35,0
17.062,-0.0015524038643352,35,0
17.064,-0.0016253644443352,35,0
17.066,-0.0016983250243352,35,0
17.068,-0.0012407635243352,35,0
17.07,-0.0012482413243352,35,0
17.072,-0.0012091341243352,35,0
17.074,-0.0012419311743352,35,0
17.076,-0.0012747282243352,35,0
17.078,-0.0013075252743352,35,0
17.08,-0.0013403223243352,35,0
17.082,-0.0012860356743352,35,0
17.084,-0.0012317490243352,35,0
17.086,-0.0012257958243352,35,0
17.088,-0.0012769364743352,35,0
17.09,-0.0013280771243352,35,0
17.092,-0.0013792177743352,35,0
17.094,-0.0014303584243352,35,0
17.096,-0.0013152995243352,35,0
17.098,-0.0012002406243352,35,0
17.1,-0.0012564330243352,35,0
17.102,-0.0015300503243352,35,0
17.104,-0.0014544706993352,35,0
17.106,-0.0013788910743352,35,0
17.108,-0.0013033114493352,35,0
17.11,-0.0012277318243352,35,0
17.112,-0.0012491851243352,35,0
17.114,-0.0012706384243352,35,0
17.116,-0.0013352161243352,35,0
17.118,-0.0014635890576686,35,0
17.12,-0.0015919619910019,35,0
17.122,-0.0017203349243352,35,0
17.124,-0.0014828905743352,35,0
17.126,-0.0012454462243352,35,0
17.128,-0.0012569775243352,35,0
17.13,-0.0012193102243352,35,0
17.132,-0.0014337141576686,35,0
17.134,-0.0016481180910019,35,0
17.136,-0.0018625220243352,35,0
17.138,-0.0013338125243352,35,0
17.14,-0.0012938401743352,35,0
17.142,-0.0012538678243352,35,0
17.144,-0.0012625314243352,35,0
17.146,-0.0018756868243352,35,0
17.148,-0.0017692945493352,35,0
17.15,-0.0016629022743352,35,0
17.152,-0.0015565099993352,35,0
17.154,-0.0014501177243352,35,0
17.156,-0.0012137321243352,35,0
17.158,-0.0012700939243352,35,0
17.16,-0.0015755100243352,35,0
17.162,-0.0015791248993352,35,0
17.164,-0.0015827397743352,35,0
17.166,-0.0015863546493352,35,0
17.168,-0.0015899695243352,35,0
17.17,-0.0012355605243352,35,0
17.172,-0.0013019411243352,35,0
17.174,-0.0013384105243352,35,0
17.176,-0.0017281999243352,35,0
17.178,-0.0015727189576686,35,0
17.18,-0.0014172379910019,35,0
17.182,-0.0012617570243352,35,0
17.184,-0.0012421308243352,35,0
17.186,-0.0013708143243352,35,0
17.188,-0.0014994978243352,35,0
17.19,-0.0016281813243352,35,0
17.192,-0.0017568648243352,35,0
17.194,-0.0018855483243352,35,0
17.196,-0.0012435465243352,35,0
17.198,-0.0012383193243352,35,0
17.2,-0.0012330921243352,35,0
17.202,-0.0018726134243352,35,0
17.204,-0.0017673222493352,35,0
17.206,-0.0016620310743352,35,0
17.208,-0.0015567398993352,35,0
17.21,-0.0014514487243352,35,0
17.212,-0.0012035439243352,35,0
17.214,-0.0012775838243352,35,0
17.216,-0.0012805210993352,35,0
17.218,-0.0012834583743352,35,0
17.22,-0.0012863956493352,35,0
17.222,-0.0012893329243352,35,0
17.224,-0.0013351314243352,35,0
17.226,-0.0014347325743352,35,0
17.228,-0.0015343337243352,35,0
17.23,-0.0016339348743352,35,0
17.232,-0.0017335360243352,35,0
17.234,-0.0014991529743352,35,0
17.236,-0.0012647699243352,35,0
17.238,-0.0012675892243352,35,0
17.24,-0.0012704085243352,35,0
17.242,-0.0012344594243352,35,0
17.244,-0.0012569412243352,35,0
17.246,-0.0012794230243352,35,0
17.248,-0.0013019048243352,35,0
17.25,-0.0013243866243352,35,0
17.252,-0.0012177493243352,35,0
17.254,-0.0015247142243352,35,0
17.256,-0.0018316791243352,35,0
17.258,-0.0018692586993352,35,0
17.26,-0.0019068382743352,35,0
17.262,-0.0019444178493352,35,0
17.264,-0.0019819974243352,35,0
17.266,-0.0014492465243352,35,0
17.268,-0.0012675650243352,35,0
17.27,-0.0013963392743352,35,0
17.272,-0.0015251135243352,35,0
17.274,-0.0015538550576686,35,0
17.276,-0.0015825965910019,35,0
17.278,-0.0016113381243352,35,0
17.28,-0.0014259237743352,35,0
17.282,-0.0012405094243352,35,0
17.284,-0.0013432384243352,35,0
17.286,-0.0014833685243352,35,0
17.288,-0.0016234986243352,35,0
17.29,-0.0017636287243352,35,0
17.292,-0.0015985161576686,35,0
17.294,-0.0014334035910019,35,0
17.296,-0.0012682910243352,35,0
17.298,-0.0012152325243352,35,0
17.3,-0.0013746439743352,35,0
17.302,-0.0015340554243352,35,0
17.304,-0.0016934668743352,35,0
17.306,-0.0018528783243352,35,0
17.308,-0.0012294016243352,35,0
17.31,-0.0012219722243352,35,0
17.312,-0.0012145428243352,35,0
17.314,-0.0018494056243352,35,0
17.316,-0.0017514833493352,35,0
17.318,-0.0016535610743352,35,0
17.32,-0.0015556387993352,35,0
17.322,-0.0014577165243352,35,0
17.324,-0.0012813227243352,35,0
17.326,-0.0013282929076686,35,0
17.328,-0.0013752630910019,35,0
17.33,-0.0014222332743352,35,0
17.332,-0.0014692034576686,35,0
17.334,-0.0015161736410019,35,0
17.336,-0.0015631438243352,35,0
17.338,-0.0012136232243352,35,0
17.34,-0.0012644674243352,35,0
17.342,-0.0013162191243352,35,0
17.344,-0.0014541268576686,35,0
17.346,-0.0015920345910019,35,0
17.348,-0.0017299423243352,35,0
17.35,-0.0012565177243352,35,0
17.352,-0.0013460231529067,35,0
17.354,-0.0014355285814781,35,0
17.356,-0.0015250340100495,35,0
17.358,-0.001614539438621,35,0
17.36,-0.0017040448671924,35,0
17.362,-0.0017935502957638,35,0
17.364,-0.0018830557243352,35,0
17.366,-0.0013532693243352,35,0
17.368,-0.0012358993243352,35,0
17.37,-0.0015442799243352,35,0
17.372,-0.0018526605243352,35,0
17.374,-0.0017149544576686,35,0
17.376,-0.0015772483910019,35,0
17.378,-0.0014395423243352,35,0
17.38,-0.0011930774243352,35,0
17.382,-0.0012475153243352,35,0
17.384,-0.0013577947243352,35,0
17.386,-0.0014680741243352,35,0
17.388,-0.0015783535243352,35,0
17.39,-0.0014569542243352,35,0
17.392,-0.0013355549243352,35,0
17.394,-0.0012141556243352,35,0
17.396,-0.0012476060743352,35,0
17.398,-0.0012810565243352,35,0
17.4,-0.0013045063243352,35,0
17.402,-0.0012933077743352,35,0
17.404,-0.0012821092243352,35,0
17.406,-0.0012709106743352,35,0
17.408,-0.0012597121243352,35,0
17.41,-0.0012667240743352,35,0
17.412,-0.0012737360243352,35,0
17.414,-0.0012221174243352,35,0
17.416,-0.0012500956493352,35,0
17.418,-0.0012780738743352,35,0
17.42,-0.0013060520993352,35,0
17.422,-0.0013340303243352,35,0
17.424,-0.0012276834243352,35,0
17.426,-0.0012351612243352,35,0
17.428,-0.0012426390243352,35,0
17.43,-0.0018512327243352,35,0
17.432,-0.0019079998743352,35,0
17.434,-0.0019647670243352,35,0
17.436,-0.0011949650243352,35,0
17.438,-0.0012128165576686,35,0
17.44,-0.0012306680910019,35,0
17.442,-0.0012485196243352,35,0
17.444,-0.0015247747243352,35,0
17.446,-0.0015383781493352,35,0
17.448,-0.0015519815743352,35,0
17.45,-0.0015655849993352,35,0
17.452,-0.0015791884243352,35,0
17.454,-0.0012214156243352,35,0
17.456,-0.0013162312243352,35,0
17.458,-0.0013966429843352,35,0
17.46,-0.0014770547443352,35,0
17.462,-0.0015574665043352,35,0
17.464,-0.0016378782643352,35,0
17.466,-0.0017182900243352,35,0
17.468,-0.0012523069243352,35,0
17.47,-0.0012553682243352,35,0
17.472,-0.0012118203243352,35,0
17.474,-0.0012501087576686,35,0
17.476,-0.0012883971910019,35,0
17.478,-0.0013266856243352,35,0
17.48,-0.0012725623243352,35,0
17.482,-0.0012184390243352,35,0
17.484,-0.0013006504576686,35,0
17.486,-0.0013828618910019,35,0
17.488,-0.0014650733243352,35,0
17.49,-0.0012072465243352,35,0
17.492,-0.0012705295243352,35,0
17.494,-0.0015436265243352,35,0
17.496,-0.0015099159243352,35,0
17.498,-0.0014762053243352,35,0
17.5,-0.0014424947243352,36,1
17.502,-0.0014087841243352,36,1
17.504,-0.0013750735243352,36,1
17.506,-0.0013413629243352,36,1
17.508,-0.0013076523243352,36,1
17.51,-0.0012739417243352,36,1
17.512,-0.0013101933243352,36,1
17.514,-0.0014478066243352,36,1
17.516,-0.0015854199243352,36,1
17.518,-0.0017230332243352,36,1
17.52,-0.0014906890243352,36,1
17.522,-0.0012583448243352,36,1
17.524,-0.0013535130529067,36,1
17.526,-0.0014486812814781,36,1
17.528,-0.0015438495100495,36,1
17.53,-0.001639017738621,36,1
17.532,-0.0017341859671924,36,1
17.534,-0.0018293541957638,36,1
17.536,-0.0019245224243352,36,1
17.538,-0.0013744806243352,36,1
17.54,-0.0012307084243352,36,1
17.542,-0.0012168539243352,36,1
17.544,-0.0012182672043352,36,1
17.546,-0.0012196804843352,36,1
17.548,-0.0012210937643352,36,1
17.55,-0.0012225070443352,36,1
17.552,-0.0012239203243352,36,1
17.554,-0.0013068053243352,36,1
17.556,-0.0015667375243352,36,1
17.558,-0.0015160167443352,36,1
17.56,-0.0014652959643352,36,1
17.562,-0.0014145751843352,36,1
17.564,-0.0013638544043352,36,1
17.566,-0.0013131336243352,36,1
17.568,-0.0013820915243352,36,1
17.57,-0.0014026857243352,36,1
17.572,-0.0014237010043352,36,1
17.574,-0.0014447162843352,36,1
17.576,-0.0014657315643352,36,1
17.578,-0.0014867468443352,36,1
17.58,-0.0015077621243352,36,1
17.582,-0.0015123419743352,36,1
17.584,-0.0015169218243352,36,1
17.586,-0.0015235284243352,36,1
17.588,-0.0016034247243352,36,1
17.59,-0.0016833210243352,36,1
17.592,-0.0017632173243352,36,1
17.594,-0.0018431136243352,36,1
17.596,-0.0019230099243352,36,1
17.598,-0.0018278555243352,36,1
17.6,-0.0018280491243352,36,1
17.602,-0.0018214465576686,36,1
17.604,-0.0018148439910019,36,1
17.606,-0.0018082414243352,36,1
17.608,-0.0018016388576686,36,1
17.61,-0.0017950362910019,36,1
17.612,-0.0017884337243352,36,1
17.614,-0.0017517949243352,36,1
17.616,-0.0017151561243352,36,1
17.618,-0.0016785173243352,36,1
17.62,-0.0016418785243352,36,1
17.622,-0.0016052397243352,36,1
17.624,-0.0016750446243352,36,1
17.626,-0.0016542291671924,36,1
17.628,-0.0016334137100495,36,1
17.63,-0.0016125982529067,36,1
17.632,-0.0015917827957638,36,1
17.634,-0.001570967338621,36,1
17.636,-0.0015501518814781,36,1
17.638,-0.0015293364243352,36,1
17.64,-0.0015172848243352,36,1
17.642,-0.0015052332243352,36,1
17.644,-0.0013987169243352,36,1
17.646,-0.0014130886993352,36,1
17.648,-0.0014274604743352,36,1
17.65,-0.0014418322493352,36,1
17.652,-0.0014562040243352,36,1
17.654,-0.0013220513243352,36,1
17.656,-0.0013164429743352,36,1
17.658,-0.0013108346243352,36,1
17.66,-0.0018925784243352,36,1
17.662,-0.0017809952493352,36,1
17.664,-0.0016694120743352,36,1
17.666,-0.0015578288993352,36,1
17.668,-0.0014462457243352,36,1
17.67,-0.0011973003243352,36,1
17.672,-0.0012280464243352,36,1
17.674,-0.0014737490243352,36,1
17.676,-0.0013871372243352,36,1
17.678,-0.0013005254243352,36,1
17.68,-0.0012139136243352,36,1
17.682,-0.0011273018243352,36,1
17.684,-0.0011535527743352,36,1
17.686,-0.0011798037243352,36,1
17.688,-0.0012782916743352,36,1
17.69,-0.0013767796243352,36,1
17.692,-0.0014752675743352,36,1
17.694,-0.0015737555243352,36,1
17.696,-0.0013586719743352,36,1
17.698,-0.0011435884243352,36,1
17.7,-0.0011442539243352,36,1
17.702,-0.0011039972243352,36,1
17.704,-0.0012600509243352,36,1
17.706,-0.0014161046243352,36,1
17.708,-0.0015721583243352,36,1
17.71,-0.0017282120243352,36,1
17.712,-0.0010657370243352,36,1
17.714,-0.0017119254243352,36,1
17.716,-0.0015718437243352,36,1
17.718,-0.0014317620243352,36,1
17.72,-0.0012916803243352,36,1
17.722,-0.0011985042743352,36,1
17.724,-0.0011053282243352,36,1
17.726,-0.0012598633743352,36,1
17.728,-0.0014143985243352,36,1
17.73,-0.0010630508243352,36,1
17.732,-0.0011723017243352,36,1
17.734,-0.0012489503843352,36,1
17.736,-0.0013255990443352,36,1
17.738,-0.0014022477043352,36,1
17.74,-0.0014788963643352,36,1
17.742,-0.0015555450243352,36,1
17.744,-0.0013374243743352,36,1
17.746,-0.0011193037243352,36,1
17.748,-0.0011328194243352,36,1
17.75,-0.0010775345243352,36,1
17.752,-0.0011669368868352,36,1
17.754,-0.0012563392493352,36,1
17.756,-0.0013457416118352,36,1
17.758,-0.0014351439743352,36,1
17.76,-0.0015245463368352,36,1
17.762,-0.0016139486993352,36,1
17.764,-0.0017033510618352,36,1
17.766,-0.0017927534243352,36,1
17.768,-0.0012776685243352,36,1
17.77,-0.0012208106243352,36,1
17.772,-0.0015294634743352,36,1
17.774,-0.0018381163243352,36,1
17.776,-0.0017861419843352,36,1
17.778,-0.0017341676443352,36,1
17.78,-0.0016821933043352,36,1
17.782,-0.0016302189643352,36,1
17.784,-0.0015782446243352,36,1
17.786,-0.0013508735243352,36,1
17.788,-0.0017491692243352,36,1
17.79,-0.0017324300843352,36,1
17.792,-0.0017156909443352,36,1
17.794,-0.0016989518043352,36,1
17.796,-0.0016822126643352,36,1
17.798,-0.0016654735243352,36,1
17.8,-0.0017160938743352,36,1
17.802,-0.0017667142243352,36,1
17.804,-0.0018300819243352,36,1
17.806,-0.0018365772043352,36,1
17.808,-0.0018430724843352,36,1
17.81,-0.0018495677643352,36,1
17.812,-0.0018560630443352,36,1
17.814,-0.0018625583243352,36,1
17.816,-0.0018312556243352,36,1
17.818,-0.0018354200410019,36,1
17.82,-0.0018395844576686,36,1
17.822,-0.0018437488743352,36,1
17.824,-0.0018479132910019,36,1
17.826,-0.0018520777076686,36,1
17.828,-0.0018562421243352,36,1
17.83,-0.0018575020368352,36,1
17.832,-0.0018587619493352,36,1
17.834,-0.0018600218618352,36,1
17.836,-0.0018612817743352,36,1
17.838,-0.0018625416868352,36,1
17.84,-0.0018638015993352,36,1
17.842,-0.0018650615118352,36,1
17.844,-0.0018663214243352,36,1
17.846,-0.0019119142243352,36,1
17.848,-0.0018990954843352,36,1
17.85,-0.0018862767443352,36,1
17.852,-0.0018734580043352,36,1
17.854,-0.0018606392643352,36,1
17.856,-0.0018478205243352,36,1
17.858,-0.0018654260243352,36,1
17.86,-0.0018779313743352,36,1
17.862,-0.0018904367243352,36,1
17.864,-0.0018571102993352,36,1
17.866,-0.0018237838743352,36,1
17.868,-0.0017904574493352,36,1
17.87,-0.0017571310243352,36,1
17.872,-0.0017369804910019,36,1
17.874,-0.0017168299576686,36,1
17.876,-0.0016966794243352,36,1
17.878,-0.0017709068743352,36,1
17.88,-0.0018451343243352,36,1
17.882,-0.0019193617743352,36,1
17.884,-0.0019935892243352,36,1
17.886,-0.0019928412930852,36,1
17.888,-0.0019920933618352,36,1
17.89,-0.0019913454305852,36,1
17.892,-0.0019905974993352,36,1
17.894,-0.0019898495680852,36,1
17.896,-0.0019891016368352,36,1
17.898,-0.0019883537055852,36,1
17.9,-0.0019876057743352,36,1
17.902,-0.0019868578430852,36,1
17.904,-0.0019861099118352,36,1
17.906,-0.0019853619805852,36,1
17.908,-0.0019846140493352,36,1
17.91,-0.0019838661180852,36,1
17.912,-0.0019831181868352,36,1
17.914,-0.0019823702555852,36,1
17.916,-0.0019816223243352,36,1
17.918,-0.001972832538621,36,1
17.92,-0.0019640427529067,36,1
17.922,-0.0019552529671924,36,1
17.924,-0.0019464631814781,36,1
17.926,-0.0019376733957638,36,1
17.928,-0.0019288836100495,36,1
17.93,-0.0019200938243352,36,1
17.932,-0.0018671563243352,36,1
17.934,-0.0017737080243352,36,1
17.936,-0.0017456723243352,36,1
17.938,-0.0017176366243352,36,1
17.94,-0.0016896009243352,36,1
17.942,-0.0016615652243352,36,1
17.944,-0.0016136371243352,36,1
17.946,-0.0016409070671924,36,1
17.948,-0.0016681770100495,36,1
17.95,-0.0016954469529067,36,1
17.952,-0.0017227168957638,36,1
17.954,-0.001749986838621,36,1
17.956,-0.0017772567814781,36,1
17.958,-0.0018045267243352,36,1
17.96,-0.0015116220243352,36,1
17.962,-0.0018031836243352,36,1
17.964,-0.0017318807443352,36,1
17.966,-0.0016605778643352,36,1
17.968,-0.0015892749843352,36,1
17.97,-0.0015179721043352,36,1
17.972,-0.0014466692243352,36,1
17.974,-0.0014653334743352,36,1
17.976,-0.0014839977243352,36,1
17.978,-0.0014727326243352,36,1
17.98,-0.0014614675243352,36,1
17.982,-0.0014502024243352,36,1
17.984,-0.0014389373243352,36,1
17.986,-0.0014276722243352,36,1
17.988,-0.0014162014243352,36,1
17.99,-0.0013516116243352,36,1
17.992,-0.0013666620076686,36,1
17.994,-0.0013817123910019,36,1
17.996,-0.0013967627743352,36,1
17.998,-0.0014118131576686,36,1
18.0,-0.0014268635410019,37,0
18.002,-0.0014419139243352,37,0
18.004,-0.0012950199243352,37,0
18.006,-0.0012981719743352,37,0
18.008,-0.0013013240243352,37,0
18.01,-0.0013044760743352,37,0
18.012,-0.0013076281243352,37,0
18.014,-0.0013107801743352,37,0
18.016,-0.0013139322243352,37,0
18.018,-0.0013935018243352,37,0
18.02,-0.0014730714243352,37,0
18.022,-0.0015526410243352,37,0
18.024,-0.0015707365743352,37,0
18.026,-0.0015888321243352,37,0
18.028,-0.0016069276743352,37,0
18.03,-0.0016250232243352,37,0
18.032,-0.0012522464243352,37,0
18.034,-0.0012891998243352,37,0
18.036,-0.0013084872243352,37,0
18.038,-0.0014548246243352,37,0
18.04,-0.0016011620243352,37,0
18.042,-0.0017474994243352,37,0
18.044,-0.0015088753243352,37,0
18.046,-0.0012702512243352,37,0
18.048,-0.0012004100243352,37,0
18.05,-0.0013676229493352,37,0
18.052,-0.0015348358743352,37,0
18.054,-0.0017020487993352,37,0
18.056,-0.0018692617243352,37,0
18.058,-0.0012055283243352,37,0
18.06,-0.0014081508910019,37,0
18.062,-0.0016107734576686,37,0
18.064,-0.0018133960243352,37,0
18.066,-0.0016895323576686,37,0
18.068,-0.0015656686910019,37,0
18.07,-0.0014418050243352,37,0
18.072,-0.0013582343576686,37,0
18.074,-0.0012746636910019,37,0
18.076,-0.0011910930243352,37,0
18.078,-0.0012370125243352,37,0
18.08,-0.0012248133043352,37,0
18.082,-0.0012126140843352,37,0
18.084,-0.0012004148643352,37,0
18.086,-0.0011882156443352,37,0
18.088,-0.0011760164243352,37,0
18.09,-0.0012470918243352,37,0
18.092,-0.0012844082243352,37,0
18.094,-0.0013951806993352,37,0
18.096,-0.0015059531743352,37,0
18.098,-0.0016167256493352,37,0
18.1,-0.0017274981243352,37,0
18.102,-0.0012491367243352,37,0
18.104,-0.0012253178743352,37,0
18.106,-0.0012014990243352,37,0
18.108,-0.0012237678643352,37,0
18.11,-0.0012460367043352,37,0
18.112,-0.0012683055443352,37,0
18.114,-0.0012905743843352,37,0
18.116,-0.0013128432243352,37,0
18.118,-0.0012164425243352,37,0
18.12,-0.0015048762743352,37,0
18.122,-0.0017933100243352,37,0
18.124,-0.0017277570643352,37,0
18.126,-0.0016622041043352,37,0
18.128,-0.0015966511443352,37,0
18.13,-0.0015310981843352,37,0
18.132,-0.0014655452243352,37,0
18.134,-0.0012558280243352,37,0
18.136,-0.0014942706243352,37,0
18.138,-0.0015068304243352,37,0
18.14,-0.0015193902243352,37,0
18.142,-0.0015319500243352,37,0
18.144,-0.0015445098243352,37,0
18.146,-0.0015570696243352,37,0
18.148,-0.0011904517243352,37,0
18.15,-0.0012548479243352,37,0
18.152,-0.0012447565243352,37,0
18.154,-0.0012346651243352,37,0
18.156,-0.0012499716243352,37,0
18.158,-0.0012316280243352,37,0
18.16,-0.0012132844243352,37,0
18.162,-0.0011949408243352,37,0
18.164,-0.0011765972243352,37,0
18.166,-0.0013409182493352,37,0
18.168,-0.0015052392743352,37,0
18.17,-0.0016695602993352,37,0
18.172,-0.0018338813243352,37,0
18.174,-0.0015719344743352,37,0
18.176,-0.0013099876243352,37,0
18.178,-0.0011843291243352,37,0
18.18,-0.0011624644243352,37,0
18.182,-0.0017743977243352,37,0
18.184,-0.0018347444576686,37,0
18.186,-0.0018950911910019,37,0
18.188,-0.0019554379243352,37,0
18.19,-0.0013992614243352,37,0
18.192,-0.0012111427243352,37,0
18.194,-0.0014614191243352,37,0
18.196,-0.0014950208243352,37,0
18.198,-0.0015286225243352,37,0
18.2,-0.0015622242243352,37,0
18.202,-0.0011841476243352,37,0
18.204,-0.0012122034910019,37,0
18.206,-0.0012402593576686,37,0
18.208,-0.0012683152243352,37,0
18.21,-0.0013577100243352,37,0
18.212,-0.0014471048243352,37,0
18.214,-0.0015364996243352,37,0
18.216,-0.0016258944243352,37,0
18.218,-0.0017152892243352,37,0
18.22,-0.0012510364243352,37,0
18.222,-0.0012188020243352,37,0
18.224,-0.0011865676243352,37,0
18.226,-0.0012197942243352,37,0
18.228,-0.0012530208243352,37,0
18.23,-0.0012862474243352,37,0
18.232,-0.0013194740243352,37,0
18.234,-0.0012339270243352,37,0
18.236,-0.0012276229243352,37,0
18.238,-0.0012646065743352,37,0
18.24,-0.0013015902243352,37,0
18.242,-0.0013385738743352,37,0
18.244,-0.0013755575243352,37,0
18.246,-0.0014125411743352,37,0
18.248,-0.0014495248243352,37,0
18.25,-0.0011931742243352,37,0
18.252,-0.0014757334243352,37,0
18.254,-0.0013893595910019,37,0
18.256,-0.0013029857576686,37,0
18.258,-0.0012166119243352,37,0
18.26,-0.0012652902243352,37,0
18.262,-0.0012687629243352,37,0
18.264,-0.0012722356243352,37,0
18.266,-0.0012757083243352,37,0
18.268,-0.0012791810243352,37,0
18.27,-0.0013818132243352,37,0
18.272,-0.0014844454243352,37,0
18.274,-0.0015870776243352,37,0
18.276,-0.0016897098243352,37,0
18.278,-0.0012203750243352,37,0
18.28,-0.0011773111243352,37,0
18.282,-0.0013480451493352,37,0
18.284,-0.0015187791743352,37,0
18.286,-0.0016895131993352,37,0
18.288,-0.0018602472243352,37,0
18.29,-0.0013280045243352,37,0
18.292,-0.0011952433243352,37,0
18.294,-0.0017972304243352,37,0
18.296,-0.0018372378643352,37,0
18.298,-0.0018772453043352,37,0
18.3,-0.0019172527443352,37,0
18.302,-0.0019572601843352,37,0
18.304,-0.0019972676243352,37,0
18.306,-0.0014541954243352,37,0
18.308,-0.0012191650243352,37,0
18.31,-0.0012628823243352,37,0
18.312,-0.0013410422743352,37,0
18.314,-0.0014192022243352,37,0
18.316,-0.0014973621743352,37,0
18.318,-0.0015755221243352,37,0
18.32,-0.0012045119243352,37,0
18.322,-0.0012462690243352,37,0
18.324,-0.0012772571243352,37,0
18.326,-0.0012729446843352,37,0
18.328,-0.0012686322443352,37,0
18.33,-0.0012643198043352,37,0
18.332,-0.0012600073643352,37,0
18.334,-0.0012556949243352,37,0
18.336,-0.0012616965243352,37,0
18.338,-0.0012045240243352,37,0
18.34,-0.0013725627743352,37,0
18.342,-0.0015406015243352,37,0
18.344,-0.0017086402743352,37,0
18.346,-0.0018766790243352,37,0
18.348,-0.0013533419243352,37,0
18.35,-0.0012928116743352,37,0
18.352,-0.0012322814243352,37,0
18.354,-0.0012224562243352,37,0
18.356,-0.0016025232743352,37,0
18.358,-0.0019825903243352,37,0
18.36,-0.0014548609243352,37,0
18.362,-0.0013724800910019,37,0
18.364,-0.0012900992576686,37,0
18.366,-0.0012077184243352,37,0
18.368,-0.0014854255243352,37,0
18.37,-0.0015011869843352,37,0
18.372,-0.0015169484443352,37,0
18.374,-0.0015327099043352,37,0
18.376,-0.0015484713643352,37,0
18.378,-0.0015642328243352,37,0
18.38,-0.0011925934243352,37,0
18.382,-0.0012807298243352,37,0
18.384,-0.0012785687643352,37,0
18.386,-0.0012764077043352,37,0
18.388,-0.0012742466443352,37,0
18.39,-0.0012720855843352,37,0
18.392,-0.0012699245243352,37,0
18.394,-0.0012691864243352,37,0
18.396,-0.0012684483243352,37,0
18.398,-0.0013846881843352,37,0
18.4,-0.0015009280443352,37,0
18.402,-0.0016171679043352,37,0
18.404,-0.0017334077643352,37,0
18.406,-0.0018496476243352,37,0
18.408,-0.0013140774243352,37,0
18.41,-0.0012131634243352,37,0
18.412,-0.0011986071243352,37,0
18.414,-0.0017623219243352,37,0
18.416,-0.0016627066576686,37,0
18.418,-0.0015630913910019,37,0
18.42,-0.0014634761243352,37,0
18.422,-0.0014750497743352,37,0
18.424,-0.0014866234243352,37,0
18.426,-0.0015042349743352,37,0
18.428,-0.0015218465243352,37,0
18.43,-0.0015394580743352,37,0
18.432,-0.0015570696243352,37,0
18.434,-0.0015746811743352,37,0
18.436,-0.0015922927243352,37,0
18.438,-0.0012255175243352,37,0
18.44,-0.0012695010243352,37,0
18.442,-0.0012785397243352,37,0
18.444,-0.0013900291243352,37,0
18.446,-0.0015015185243352,37,0
18.448,-0.0016130079243352,37,0
18.45,-0.0017244973243352,37,0
18.452,-0.0011966590243352,37,0
18.454,-0.0013046999243352,37,0
18.456,-0.0014127408243352,37,0
18.458,-0.0015207817243352,37,0
18.46,-0.0016288226243352,37,0
18.462,-0.0017368635243352,37,0
18.464,-0.0018449044243352,37,0
18.466,-0.0013396326243352,37,0
18.468,-0.0012423607243352,37,0
18.47,-0.0017867155243352,37,0
18.472,-0.0017183190643352,37,0
18.474,-0.0016499226043352,37,0
18.476,-0.0015815261443352,37,0
18.478,-0.0015131296843352,37,0
18.48,-0.0014447332243352,37,0
18.482,-0.0012085775243352,37,0
18.484,-0.0012576067243352,37,0
18.486,-0.0014991348243352,37,0
18.488,-0.0014277115493352,37,0
18.49,-0.0013562882743352,37,0
18.492,-0.0012848649993352,37,0
18.494,-0.0012134417243352,37,0
18.496,-0.0012655685243352,37,0
18.498,-0.0012694405243352,37,0
18.5,-0.0012733125243352,38,0
18.502,-0.0013838308993352,38,0
18.504,-0.0014943492743352,38,0
18.506,-0.0016048676493352,38,0
18.508,-0.0017153860243352,38,0
18.51,-0.0012486769243352,38,0
18.512,-0.0012506855243352,38,0
18.514,-0.0011927749243352,38,0
18.516,-0.0013635512993352,38,0
18.518,-0.0015343276743352,38,0
18.52,-0.0017051040493352,38,0
18.522,-0.0018758804243352,38,0
18.524,-0.0013326993243352,38,0
18.526,-0.0012241623243352,38,0
18.528,-0.0013793085243352,38,0
18.53,-0.0015344547243352,38,0
18.532,-0.0016896009243352,38,0
18.534,-0.0018447471243352,38,0
18.536,-0.0019998933243352,38,0
18.538,-0.0014635608243352,38,0
18.54,-0.0012094608243352,38,0
18.542,-0.0012459544243352,38,0
18.544,-0.0014933873243352,38,0
18.546,-0.0015155091493352,38,0
18.548,-0.0015376309743352,38,0
18.55,-0.0015597527993352,38,0
18.552,-0.0015818746243352,38,0
18.554,-0.0012340964243352,38,0
18.556,-0.0012957580243352,38,0
18.558,-0.0012921522243352,38,0
18.56,-0.0013936742493352,38,0
18.562,-0.0014951962743352,38,0
18.564,-0.0015967182993352,38,0
18.566,-0.0016982403243352,38,0
18.568,-0.0012263282243352,38,0
18.57,-0.0012287966243352,38,0
18.572,-0.0013591160443352,38,0
18.574,-0.0014894354643352,38,0
18.576,-0.0016197548843352,38,0
18.578,-0.0017500743043352,38,0
18.58,-0.0018803937243352,38,0
18.582,-0.0012485438243352,38,0
18.584,-0.0012540735243352,38,0
18.586,-0.0015390164243352,38,0
18.588,-0.0018239593243352,38,0
18.59,-0.0017321203243352,38,0
18.592,-0.0016402813243352,38,0
18.594,-0.0015484423243352,38,0
18.596,-0.0014566033243352,38,0
18.598,-0.0012056977243352,38,0
18.6,-0.0012532628243352,38,0
18.602,-0.0014956016243352,38,0
18.604,-0.0015295058243352,38,0
18.606,-0.0015634100243352,38,0
18.608,-0.0015973142243352,38,0
18.61,-0.0012314465243352,38,0
18.612,-0.0012541703243352,38,0
18.614,-0.0012768941243352,38,0
18.616,-0.0012884133243352,38,0
18.618,-0.0013920649493352,38,0
18.62,-0.0014957165743352,38,0
18.622,-0.0015993681993352,38,0
18.624,-0.0017030198243352,38,0
18.626,-0.0012568807243352,38,0
18.628,-0.0012763012243352,38,0
18.63,-0.0012152204243352,38,0
18.632,-0.0012456398243352,38,0
18.634,-0.0012760592243352,38,0
18.636,-0.0013064786243352,38,0
18.638,-0.0013368980243352,38,0
18.64,-0.0012112395243352,38,0
18.642,-0.0012112697743352,38,0
18.644,-0.0012113000243352,38,0
18.646,-0.0018052285243352,38,0
18.648,-0.0017156280243352,38,0
18.65,-0.0016260275243352,38,0
18.652,-0.0015364270243352,38,0
18.654,-0.0014468265243352,38,0
18.656,-0.0014760238243352,38,0
18.658,-0.0015052211243352,38,0
18.66,-0.0015213715993352,38,0
18.662,-0.0015375220743352,38,0
18.664,-0.0015536725493352,38,0
18.666,-0.0015698230243352,38,0
18.668,-0.0012600267243352,38,0
18.67,-0.0013335362410019,38,0
18.672,-0.0014070457576686,38,0
18.674,-0.0014805552743352,38,0
18.676,-0.0015540647910019,38,0
18.678,-0.0016275743076686,38,0
18.68,-0.0017010838243352,38,0
18.682,-0.0012443814243352,38,0
18.684,-0.0013484152076686,38,0
18.686,-0.0014524489910019,38,0
18.688,-0.0015564827743352,38,0
18.69,-0.0016605165576686,38,0
18.692,-0.0017645503410019,38,0
18.694,-0.0018685841243352,38,0
18.696,-0.0013339093243352,38,0
18.698,-0.0012195764243352,38,0
18.7,-0.0012158980243352,38,0
18.702,-0.0018239230243352,38,0
18.704,-0.0017292616993352,38,0
18.706,-0.0016346003743352,38,0
18.708,-0.0015399390493352,38,0
18.71,-0.0014452777243352,38,0
18.712,-0.0012114089243352,38,0
18.714,-0.0012644311243352,38,0
18.716,-0.0014927218243352,38,0
18.718,-0.0015080857993352,38,0
18.72,-0.0015234497743352,38,0
18.722,-0.0015388137493352,38,0
18.724,-0.0015541777243352,38,0
18.726,-0.0012664760243352,38,0
18.728,-0.0012822544243352,38,0
18.73,-0.0013665841643352,38,0
18.732,-0.0014509139043352,38,0
18.734,-0.0015352436443352,38,0
18.736,-0.0016195733843352,38,0
18.738,-0.0017039031243352,38,0
18.74,-0.0012519076243352,38,0
18.742,-0.0012415984243352,38,0
18.744,-0.0013953621993352,38,0
18.746,-0.0015491259743352,38,0
18.748,-0.0017028897493352,38,0
18.75,-0.0018566535243352,38,0
18.752,-0.0015956928243352,38,0
18.754,-0.0013347321243352,38,0
18.756,-0.0012358872243352,38,0
18.758,-0.0018142793243352,38,0
18.76,-0.0017275404743352,38,0
18.762,-0.0016408016243352,38,0
18.764,-0.0015540627743352,38,0
18.766,-0.0014673239243352,38,0
18.768,-0.0012066294243352,38,0
18.77,-0.0012341871743352,38,0
18.772,-0.0012617449243352,38,0
18.774,-0.0015161958243352,38,0
18.776,-0.0015283411993352,38,0
18.778,-0.0015404865743352,38,0
18.78,-0.0015526319493352,38,0
18.782,-0.0015647773243352,38,0
18.784,-0.0012227224243352,38,0
18.786,-0.0012681458243352,38,0
18.788,-0.0012847954243352,38,0
18.79,-0.0014349443243352,38,0
18.792,-0.0015850932243352,38,0
18.794,-0.0017352421243352,38,0
18.796,-0.0012573647243352,38,0
18.798,-0.0013440906100495,38,0
18.8,-0.0014308164957638,38,0
18.802,-0.0015175423814781,38,0
18.804,-0.0016042682671924,38,0
18.806,-0.0016909941529067,38,0
18.808,-0.001777720038621,38,0
18.81,-0.0018644459243352,38,0
18.812,-0.0013357122243352,38,0
18.814,-0.0012175678243352,38,0
18.816,-0.0012052621243352,38,0
18.818,-0.0018062570243352,38,0
18.82,-0.0018645628910019,38,0
18.822,-0.0019228687576686,38,0
18.824,-0.0019811746243352,38,0
18.826,-0.0014397117243352,38,0
18.828,-0.0012196611243352,38,0
18.83,-0.0012659073243352,38,0
18.832,-0.0013278641643352,38,0
18.834,-0.0013898210043352,38,0
18.836,-0.0014517778443352,38,0
18.838,-0.0015137346843352,38,0
18.84,-0.0015756915243352,38,0
18.842,-0.0012854730243352,38,0
18.844,-0.0013073014243352,38,0
18.846,-0.0013955564043352,38,0
18.848,-0.0014838113843352,38,0
18.85,-0.0015720663643352,38,0
18.852,-0.0016603213443352,38,0
18.854,-0.0017485763243352,38,0
18.856,-0.0012821334243352,38,0
18.858,-0.0012847591243352,38,0
18.86,-0.0012179792243352,38,0
18.862,-0.0013845084993352,38,0
18.864,-0.0015510377743352,38,0
18.866,-0.0017175670493352,38,0
18.868,-0.0018840963243352,38,0
18.87,-0.0012331405243352,38,0
18.872,-0.0012206049243352,38,0
18.874,-0.0015187126243352,38,0
18.876,-0.0018168203243352,38,0
18.878,-0.0017336630743352,38,0
18.88,-0.0016505058243352,38,0
18.882,-0.0015673485743352,38,0
18.884,-0.0014841913243352,38,0
18.886,-0.0012231701243352,38,0
18.888,-0.0012622289243352,38,0
18.89,-0.0015131950243352,38,0
18.892,-0.0014414662243352,38,0
18.894,-0.0013697374243352,38,0
18.896,-0.0012980086243352,38,0
18.898,-0.0012262798243352,38,0
18.9,-0.0012715822243352,38,0
18.902,-0.0013038287243352,38,0
18.904,-0.0012944300493352,38,0
18.906,-0.0012850313743352,38,0
18.908,-0.0012756326993352,38,0
18.91,-0.0012662340243352,38,0
18.912,-0.0012707715243352,38,0
18.914,-0.0012753090243352,38,0
18.916,-0.0012798465243352,38,0
18.918,-0.0012337455243352,38,0
18.92,-0.0013937226493352,38,0
18.922,-0.0015536997743352,38,0
18.924,-0.0017136768993352,38,0
18.926,-0.0018736540243352,38,0
18.928,-0.0012369762243352,38,0
18.93,-0.0018090037243352,38,0
18.932,-0.0017021050643352,38,0
18.934,-0.0015952064043352,38,0
18.936,-0.0014883077443352,38,0
18.938,-0.0013814090843352,38,0
18.94,-0.0012745104243352,38,0
18.942,-0.0014016390743352,38,0
18.944,-0.0015287677243352,38,0
18.946,-0.0015378649076686,38,0
18.948,-0.0015469620910019,38,0
18.95,-0.0015560592743352,38,0
18.952,-0.0015651564576686,38,0
18.954,-0.0015742536410019,38,0
18.956,-0.0015833508243352,38,0
18.958,-0.0012215971243352,38,0
18.96,-0.0012690412243352,38,0
18.962,-0.0012861869243352,38,0
18.964,-0.0013944849493352,38,0
18.966,-0.0015027829743352,38,0
18.968,-0.0016110809993352,38,0
18.97,-0.0017193790243352,38,0
18.972,-0.0012657379243352,38,0
18.974,-0.0012787696243352,38,0
18.976,-0.0012170959243352,38,0
18.978,-0.0014291322910019,38,0
18.98,-0.0016411686576686,38,0
18.982,-0.0018532050243352,38,0
18.984,-0.0012148695243352,38,0
18.986,-0.0012105417576686,38,0
18.988,-0.0012062139910019,38,0
18.99,-0.0012018862243352,38,0
18.992,-0.0018244796243352,38,0
18.994,-0.0018819384910019,38,0
18.996,-0.0019393973576686,38,0
18.998,-0.0019968562243352,38,0
19.0,-0.0014572325243352,39,0
19.002,-0.0012144944243352,39,0
19.004,-0.0012580423243352,39,0
19.006,-0.0015003448243352,39,0
19.008,-0.0015231865993352,39,0
19.01,-0.0015460283743352,39,0
19.012,-0.0015688701493352,39,0
19.014,-0.0015917119243352,39,0
19.016,-0.0012848075243352,39,0
19.018,-0.0013042401243352,39,0
19.02,-0.0013236727243352,39,0
19.022,-0.0014259358743352,39,0
19.024,-0.0015281990243352,39,0
19.026,-0.0016304621743352,39,0
19.028,-0.0017327253243352,39,0
19.03,-0.0012728890243352,39,0
19.032,-0.0012657984243352,39,0
19.034,-0.0012137805243352,39,0
19.036,-0.0013765436743352,39,0
19.038,-0.0015393068243352,39,0
19.04,-0.0017020699743352,39,0
19.042,-0.0018648331243352,39,0
19.044,-0.0012208590243352,39,0
19.046,-0.0018289687243352,39,0
19.048,-0.0017587959843352,39,0
19.05,-0.0016886232443352,39,0
19.052,-0.0016184505043352,39,0
19.054,-0.0015482777643352,39,0
19.056,-0.0014781050243352,39,0
19.058,-0.0012126673243352,39,0
19.06,-0.0015182528243352,39,0
19.062,-0.0015304889493352,39,0
19.064,-0.0015427250743352,39,0
19.066,-0.0015549611993352,39,0
19.068,-0.0015671973243352,39,0
19.07,-0.0012203750243352,39,0
19.072,-0.0012516656243352,39,0
19.074,-0.0012829562243352,39,0
19.076,-0.0013145009243352,39,0
19.078,-0.0012982838993352,39,0
19.08,-0.0012820668743352,39,0
19.082,-0.0012658498493352,39,0
19.084,-0.0012496328243352,39,0
19.086,-0.0012450227243352,39,0
19.088,-0.0012404126243352,39,0
19.09,-0.0012127762243352,39,0
19.092,-0.0014269099243352,39,0
19.094,-0.0016410436243352,39,0
19.096,-0.0018551773243352,39,0
19.098,-0.0013326146243352,39,0
19.1,-0.0012787333243352,39,0
19.102,-0.0012248520243352,39,0
19.104,-0.0012108523243352,39,0
19.106,-0.0018434282243352,39,0
19.108,-0.0017422661743352,39,0
19.11,-0.0016411041243352,39,0
19.112,-0.0015399420743352,39,0
19.114,-0.0014387800243352,39,0
19.116,-0.0011990064243352,39,0
19.118,-0.0012523916243352,39,0
19.12,-0.0015141146243352,39,0
19.122,-0.0015351161910019,39,0
19.124,-0.0015561177576686,39,0
19.126,-0.0015771193243352,39,0
19.128,-0.0012173863243352,39,0
19.13,-0.0013193288243352,39,0
19.132,-0.0014212713243352,39,0
19.134,-0.0015232138243352,39,0
19.136,-0.0016251563243352,39,0
19.138,-0.0017270988243352,39,0
19.14,-0.0012551262243352,39,0
19.142,-0.0012599662243352,39,0
19.144,-0.0012466078243352,39,0
19.146,-0.0012332494243352,39,0
19.148,-0.0012198910243352,39,0
19.15,-0.0012461480243352,39,0
19.152,-0.0012724050243352,39,0
19.154,-0.0012986620243352,39,0
19.156,-0.0013249190243352,39,0
19.158,-0.0012135143243352,39,0
19.16,-0.0012233153243352,39,0
19.162,-0.0018423876243352,39,0
19.164,-0.0018810319993352,39,0
19.166,-0.0019196763743352,39,0
19.168,-0.0019583207493352,39,0
19.17,-0.0019969651243352,39,0
19.172,-0.0014448784243352,39,0
19.174,-0.0012470434243352,39,0
19.176,-0.0013802704743352,39,0
19.178,-0.0015134975243352,39,0
19.18,-0.0015254039243352,39,0
19.182,-0.0015373103243352,39,0
19.184,-0.0015492167243352,39,0
19.186,-0.0015611231243352,39,0
19.188,-0.0011993815243352,39,0
19.19,-0.0012698035243352,39,0
19.192,-0.0013664752643352,39,0
19.194,-0.0014631470043352,39,0
19.196,-0.0015598187443352,39,0
19.198,-0.0016564904843352,39,0
19.2,-0.0017531622243352,39,0
19.202,-0.0012645400243352,39,0
19.204,-0.0012636809243352,39,0
19.206,-0.0012286756243352,39,0
19.208,-0.0012561879993352,39,0
19.21,-0.0012837003743352,39,0
19.212,-0.0013112127493352,39,0
19.214,-0.0013387251243352,39,0
19.216,-0.0012825871743352,39,0
19.218,-0.0012264492243352,39,0
19.22,-0.0012146154243352,39,0
19.222,-0.0018302513243352,39,0
19.224,-0.0017320749493352,39,0
19.226,-0.0016338985743352,39,0
19.228,-0.0015357221993352,39,0
19.23,-0.0014375458243352,39,0
19.232,-0.0011837362243352,39,0
19.234,-0.0012534927243352,39,0
19.236,-0.0013230338443352,39,0
19.238,-0.0013925749643352,39,0
19.24,-0.0014621160843352,39,0
19.242,-0.0015316572043352,39,0
19.244,-0.0016011983243352,39,0
19.246,-0.0012394204243352,39,0
19.248,-0.0013137507243352,39,0
19.25,-0.0013018394843352,39,0
19.252,-0.0012899282443352,39,0
19.254,-0.0012780170043352,39,0
19.256,-0.0012661057643352,39,0
19.258,-0.0012541945243352,39,0
19.26,-0.0012750912243352,39,0
19.262,-0.0014759512243352,39,0
19.264,-0.0016768112243352,39,0
19.266,-0.0018776712243352,39,0
19.268,-0.0013536444243352,39,0
19.27,-0.0012984865743352,39,0
19.272,-0.0012433287243352,39,0
19.274,-0.0012424010576686,39,0
19.276,-0.0012414733910019,39,0
19.278,-0.0012405457243352,39,0
19.28,-0.0018697215243352,39,0
19.282,-0.0017678788493352,39,0
19.284,-0.0016660361743352,39,0
19.286,-0.0015641934993352,39,0
19.288,-0.0014623508243352,39,0
19.29,-0.0012669600243352,39,0
19.292,-0.0015481519243352,39,0
19.294,-0.0015669432243352,39,0
19.296,-0.0015857345243352,39,0
19.298,-0.0016045258243352,39,0
19.3,-0.0012368431243352,39,0
19.302,-0.0012883407243352,39,0
19.304,-0.0013096790743352,39,0
19.306,-0.0013310174243352,39,0
19.308,-0.0014136628443352,39,0
19.31,-0.0014963082643352,39,0
19.312,-0.0015789536843352,39,0
19.314,-0.0016615991043352,39,0
19.316,-0.0017442445243352,39,0
19.318,-0.0012886916243352,39,0
19.32,-0.0012360687243352,39,0
19.322,-0.0013665260843352,39,0
19.324,-0.0014969834443352,39,0
19.326,-0.0016274408043352,39,0
19.328,-0.0017578981643352,39,0
19.33,-0.0018883555243352,39,0
19.332,-0.0013482478243352,39,0
19.334,-0.0012343989243352,39,0
19.336,-0.0013145210910019,39,0
19.338,-0.0013946432576686,39,0
19.34,-0.0014747654243352,39,0
19.342,-0.0012290991243352,39,0
19.344,-0.0012416589243352,39,0
19.346,-0.0012542187243352,39,0
19.348,-0.0012667785243352,39,0
19.35,-0.0012793383243352,39,0
19.352,-0.0015431304243352,39,0
19.354,-0.0015523546576686,39,0
19.356,-0.0015615788910019,39,0
19.358,-0.0015708031243352,39,0
19.36,-0.0012215850243352,39,0
19.362,-0.0012675771243352,39,0
19.364,-0.0013299526243352,39,0
19.366,-0.0014660816576686,39,0
19.368,-0.0016022106910019,39,0
19.37,-0.0017383397243352,39,0
19.372,-0.0012745709243352,39,0
19.374,-0.0012704448243352,39,0
19.376,-0.0012663187243352,39,0
19.378,-0.0012464021243352,39,0
19.38,-0.0012264855243352,39,0
19.382,-0.0012601961243352,39,0
19.384,-0.0012939067243352,39,0
19.386,-0.0013276173243352,39,0
19.388,-0.0013613279243352,39,0
19.39,-0.0012500321243352,39,0
19.392,-0.0015414364243352,39,0
19.394,-0.0018328407243352,39,0
19.396,-0.0017595171443352,39,0
19.398,-0.0016861935643352,39,0
19.4,-0.0016128699843352,39,0
19.402,-0.0015395464043352,39,0
19.404,-0.0014662228243352,39,0
19.406,-0.0012156197243352,39,0
19.408,-0.0012762891243352,39,0
19.41,-0.0015436023243352,39,0
19.412,-0.0014680650493352,39,0
19.414,-0.0013925277743352,39,0
19.416,-0.0013169904993352,39,0
19.418,-0.0012414532243352,39,0
19.42,-0.0012913173243352,39,0
19.422,-0.0013075857743352,39,0
19.424,-0.0013238542243352,39,0
19.426,-0.0014629114576686,39,0
19.428,-0.0016019686910019,39,0
19.43,-0.0017410259243352,39,0
19.432,-0.0015031459743352,39,0
19.434,-0.0012652660243352,39,0
19.436,-0.0012643101243352,39,0
19.438,-0.0012072707243352,39,0
19.44,-0.0014358155243352,39,0
19.442,-0.0016643603243352,39,0
19.444,-0.0018929051243352,39,0
19.446,-0.0013719759243352,39,0
19.448,-0.0013092616243352,39,0
19.45,-0.0012465473243352,39,0
19.452,-0.0018372935243352,39,0
19.454,-0.0017659519243352,39,0
19.456,-0.0016946103243352,39,0
19.458,-0.0016232687243352,39,0
19.46,-0.0015519271243352,39,0
19.462,-0.0014805855243352,39,0
19.464,-0.0012565419243352,39,0
19.466,-0.0012855940243352,39,0
19.468,-0.0015471476243352,39,0
19.47,-0.0015628413243352,39,0
19.472,-0.0015785350243352,39,0
19.474,-0.0015942287243352,39,0
19.476,-0.0016099224243352,39,0
19.478,-0.0012506613243352,39,0
19.48,-0.0013436619243352,39,0
19.482,-0.0014226942843352,39,0
19.484,-0.0015017266443352,39,0
19.486,-0.0015807590043352,39,0
19.488,-0.0016597913643352,39,0
19.49,-0.0017388237243352,39,0
19.492,-0.0012931565243352,39,0
19.494,-0.0012398923243352,39,0
19.496,-0.0013754752443352,39,0
19.498,-0.0015110581643352,39,0
19.5,-0.0016466410843352,40,0
19.502,-0.0017822240043352,40,0
19.504,-0.0019178069243352,40,0
19.506,-0.0013760657243352,40,0
19.508,-0.0012657258243352,40,0
19.51,-0.0012537831243352,40,0
19.512,-0.0018602714243352,40,0
19.514,-0.0016792796243352,40,0
19.516,-0.0014982878243352,40,0
19.518,-0.0013755091243352,40,0
19.52,-0.0012527304243352,40,0
19.522,-0.0012685814243352,40,0
19.524,-0.0012844324243352,40,0
19.526,-0.0015470750243352,40,0
19.528,-0.0015576746243352,40,0
19.53,-0.0015682742243352,40,0
19.532,-0.0015788738243352,40,0
19.534,-0.0015894734243352,40,0
19.536,-0.0012407514243352,40,0
19.538,-0.0013115606243352,40,0
19.54,-0.0013512607243352,40,0
19.542,-0.0013348591743352,40,0
19.544,-0.0013184576243352,40,0
19.546,-0.0013020560743352,40,0
19.548,-0.0012856545243352,40,0
19.55,-0.0012850434743352,40,0
19.552,-0.0012844324243352,40,0
19.554,-0.0012273809243352,40,0
19.556,-0.0012649030243352,40,0
19.558,-0.0013024251243352,40,0
19.56,-0.0013399472243352,40,0
19.562,-0.0013774693243352,40,0
19.564,-0.0013159771243352,40,0
19.566,-0.0012544849243352,40,0
19.568,-0.0018653776243352,40,0
19.57,-0.0017313620576686,40,0
19.572,-0.0015973464910019,40,0
19.574,-0.0014633309243352,40,0
19.576,-0.0012922127243352,40,0
19.578,-0.0013837048576686,40,0
19.58,-0.0014751969910019,40,0
19.582,-0.0015666891243352,40,0
19.584,-0.0015724051643352,40,0
19.586,-0.0015781212043352,40,0
19.588,-0.0015838372443352,40,0
19.59,-0.0015895532843352,40,0
19.592,-0.0015952693243352,40,0
19.594,-0.0012294137243352,40,0
19.596,-0.0012641770243352,40,0
19.598,-0.0013106652243352,40,0
19.6,-0.0013006131493352,40,0
19.602,-0.0012905610743352,40,0
19.604,-0.0012805089993352,40,0
19.606,-0.0012704569243352,40,0
19.608,-0.0012734819243352,40,0
19.61,-0.0012765069243352,40,0
19.612,-0.0012318821243352,40,0
19.614,-0.0013985323993352,40,0
19.616,-0.0015651826743352,40,0
19.618,-0.0017318329493352,40,0
19.62,-0.0018984832243352,40,0
19.622,-0.0013595371243352,40,0
19.624,-0.0012528756243352,40,0
19.626,-0.0012378232243352,40,0
19.628,-0.0012358993243352,40,0
19.63,-0.0012339754243352,40,0
19.632,-0.0012320515243352,40,0
19.634,-0.0012301276243352,40,0
19.636,-0.0012282037243352,40,0
19.638,-0.0012809476243352,40,0
19.64,-0.0015426464243352,40,0
19.642,-0.0015622282576686,40,0
19.644,-0.0015818100910019,40,0
19.646,-0.0016013919243352,40,0
19.648,-0.0012265097243352,40,0
19.65,-0.0013141863243352,40,0
19.652,-0.0014018629243352,40,0
19.654,-0.0014895395243352,40,0
19.656,-0.0015772161243352,40,0
19.658,-0.0016648927243352,40,0
19.66,-0.0017525693243352,40,0
19.662,-0.0015145502243352,40,0
19.664,-0.0012765311243352,40,0
19.666,-0.0012331163243352,40,0
19.668,-0.0013975855743352,40,0
19.67,-0.0015620548243352,40,0
19.672,-0.0017265240743352,40,0
19.674,-0.0018909933243352,40,0
19.676,-0.0013523255243352,40,0
19.678,-0.0012348345243352,40,0
19.68,-0.0018565204243352,40,0
19.682,-0.0017778050843352,40,0
19.684,-0.0016990897443352,40,0
19.686,-0.0016203744043352,40,0
19.688,-0.0015416590643352,40,0
19.69,-0.0014629437243352,40,0
19.692,-0.0013438434243352,40,0
19.694,-0.0012247431243352,40,0
19.696,-0.0012703117243352,40,0
19.698,-0.0015420172243352,40,0
19.7,-0.0014661471993352,40,0
19.702,-0.0013902771743352,40,0
19.704,-0.0013144071493352,40,0
19.706,-0.0012385371243352,40,0
19.708,-0.0012954192243352,40,0
19.71,-0.0013139927243352,40,0
19.712,-0.0013325662243352,40,0
19.714,-0.0014427094993352,40,0
19.716,-0.0015528527743352,40,0
19.718,-0.0016629960493352,40,0
19.72,-0.0017731393243352,40,0
19.722,-0.0013065149243352,40,0
19.724,-0.0013049298243352,40,0
19.726,-0.0012417920243352,40,0
19.728,-0.0012734516743352,40,0
19.73,-0.0013051113243352,40,0
19.732,-0.0013367709743352,40,0
19.734,-0.0013684306243352,40,0
19.736,-0.0013143557243352,40,0
19.738,-0.0012602808243352,40,0
19.74,-0.0018640345243352,40,0
19.742,-0.0017297971243352,40,0
19.744,-0.0015955597243352,40,0
19.746,-0.0014613223243352,40,0
19.748,-0.0013362567243352,40,0
19.75,-0.0012111911243352,40,0
19.752,-0.0012612730243352,40,0
19.754,-0.0015497975243352,40,0
19.756,-0.0015591719993352,40,0
19.758,-0.0015685464743352,40,0
19.76,-0.0015779209493352,40,0
19.762,-0.0015872954243352,40,0
19.764,-0.0012845171243352,40,0
19.766,-0.0013163280243352,40,0
19.768,-0.0014022670643352,40,0
19.77,-0.0014882061043352,40,0
19.772,-0.0015741451443352,40,0
19.774,-0.0016600841843352,40,0
19.776,-0.0017460232243352,40,0
19.778,-0.0012763012243352,40,0
19.78,-0.0012140588243352,40,0
19.782,-0.0013452954243352,40,0
19.784,-0.0014765320243352,40,0
19.786,-0.0016077686243352,40,0
19.788,-0.0017390052243352,40,0
19.79,-0.0018702418243352,40,0
19.792,-0.0012336608243352,40,0
19.794,-0.0012245737243352,40,0
19.796,-0.0015367839743352,40,0
19.798,-0.0018489942243352,40,0
19.8,-0.0017196492576686,40,0
19.802,-0.0015903042910019,40,0
19.804,-0.0014609593243352,40,0
19.806,-0.0013696164243352,40,0
19.808,-0.0012782735243352,40,0
19.81,-0.0014238788743352,40,0
19.812,-0.0015694842243352,40,0
19.814,-0.0015784180576686,40,0
19.816,-0.0015873518910019,40,0
19.818,-0.0015962857243352,40,0
19.82,-0.0014078826743352,40,0
19.822,-0.0012194796243352,40,0
19.824,-0.0012665970243352,40,0
19.826,-0.0013280892243352,40,0
19.828,-0.0014317196743352,40,0
19.83,-0.0015353501243352,40,0
19.832,-0.0016389805743352,40,0
19.834,-0.0017426110243352,40,0
19.836,-0.0012858239243352,40,0
19.838,-0.0012853641243352,40,0
19.84,-0.0012427963243352,40,0
19.842,-0.0014602575243352,40,0
19.844,-0.0016777187243352,40,0
19.846,-0.0018951799243352,40,0
19.848,-0.0016265599243352,40,0
19.85,-0.0013579399243352,40,0
19.852,-0.0012494392243352,40,0
19.854,-0.0012386339243352,40,0
19.856,-0.0018492483243352,40,0
19.858,-0.0018993544243352,40,0
19.86,-0.0019494605243352,40,0
19.862,-0.0019995666243352,40,0
19.864,-0.0014589265243352,40,0
19.866,-0.0012195764243352,40,0
19.868,-0.0012709409243352,40,0
19.87,-0.0015317080243352,40,0
19.872,-0.0015388470243352,40,0
19.874,-0.0015459860243352,40,0
19.876,-0.0015531250243352,40,0
19.878,-0.0015602640243352,40,0
19.88,-0.0012147122243352,40,0
19.882,-0.0012782614243352,40,0
19.884,-0.0013125649243352,40,0
19.886,-0.0014191175243352,40,0
19.888,-0.0015256701243352,40,0
19.89,-0.0016322227243352,40,0
19.892,-0.0017387753243352,40,0
19.894,-0.0012911963243352,40,0
19.896,-0.0014113928843352,40,0
19.898,-0.0015315894443352,40,0
19.9,-0.0016517860043352,40,0
19.902,-0.0017719825643352,40,0
19.904,-0.0018921791243352,40,0
19.906,-0.0016278304243352,40,0
19.908,-0.0013634817243352,40,0
19.91,-0.0012521133243352,40,0
19.912,-0.0012445266243352,40,0
19.914,-0.0018552136243352,40,0
19.916,-0.0017547533743352,40,0
19.918,-0.0016542931243352,40,0
19.92,-0.0015538328743352,40,0
19.922,-0.0014533726243352,40,0
19.924,-0.0012048507243352,40,0
19.926,-0.0012504919243352,40,0
19.928,-0.0015460828243352,40,0
19.93,-0.0015568719910019,40,0
19.932,-0.0015676611576686,40,0
19.934,-0.0015784503243352,40,0
19.936,-0.0014049423743352,40,0
19.938,-0.0012314344243352,40,0
19.94,-0.0012889820243352,40,0
19.942,-0.0013077491243352,40,0
19.944,-0.0012971071743352,40,0
19.946,-0.0012864652243352,40,0
19.948,-0.0012758232743352,40,0
19.95,-0.0012651813243352,40,0
19.952,-0.0012736392243352,40,0
19.954,-0.0012820971243352,40,0
19.956,-0.0012407635243352,40,0
19.958,-0.0013986745743352,40,0
19.96,-0.0015565856243352,40,0
19.962,-0.0017144966743352,40,0
19.964,-0.0018724077243352,40,0
19.966,-0.0012110701243352,40,0
19.968,-0.0015241152743352,40,0
19.97,-0.0018371604243352,40,0
19.972,-0.0017592461043352,40,0
19.974,-0.0016813317843352,40,0
19.976,-0.0016034174643352,40,0
19.978,-0.0015255031443352,40,0
19.98,-0.0014475888243352,40,0
19.982,-0.0012667301243352,40,0
19.984,-0.0015285499243352,40,0
19.986,-0.0015389946443352,40,0
19.988,-0.0015494393643352,40,0
19.99,-0.0015598840843352,40,0
19.992,-0.0015703288043352,40,0
19.994,-0.0015807735243352,40,0
19.996,-0.0012117235243352,40,0
19.998,-0.0012635236243352,40,0
20.0,-0.0013115364243352,41,0
20.002,-0.0014116336743352,41,0
20.004,-0.0015117309243352,41,0
20.006,-0.0016118281743352,41,0
20.008,-0.0017119254243352,41,0
20.01,-0.0012609947243352,41,0
20.012,-0.0012734698243352,41,0
20.014,-0.0012208227243352,41,0
20.016,-0.0013824666243352,41,0
20.018,-0.0015441105243352,41,0
20.02,-0.0017057544243352,41,0
20.022,-0.0018673983243352,41,0
20.024,-0.0013305939243352,41,0
20.026,-0.0012273930243352,41,0
20.028,-0.0012229402243352,41,0
20.03,-0.0018397619243352,41,0
20.032,-0.0017454575493352,41,0
20.034,-0.0016511531743352,41,0
20.036,-0.0015568487993352,41,0
20.038,-0.0014625444243352,41,0
20.04,-0.0012177735243352,41,0
20.042,-0.0012444540243352,41,0
20.044,-0.0015282111243352,41,0
20.046,-0.0015349961993352,41,0
20.048,-0.0015417812743352,41,0
20.05,-0.0015485663493352,41,0
20.052,-0.0015553514243352,41,0
20.054,-0.0012604623243352,41,0
20.056,-0.0012832163743352,41,0
20.058,-0.0013059704243352,41,0
20.06,-0.0014082819743352,41,0
20.062,-0.0015105935243352,41,0
20.064,-0.0016129050743352,41,0
20.066,-0.0017152166243352,41,0
20.068,-0.0012515446243352,41,0
20.07,-0.0012303756743352,41,0
20.072,-0.0012092067243352,41,0
20.074,-0.0013699249743352,41,0
20.076,-0.0015306432243352,41,0
20.078,-0.0016913614743352,41,0
20.08,-0.0018520797243352,41,0
20.082,-0.0012334309243352,41,0
20.084,-0.0012212038743352,41,0
20.086,-0.0012089768243352,41,0
20.088,-0.0018201962243352,41,0
20.09,-0.0018796556243352,41,0
20.092,-0.0019391150243352,41,0
20.094,-0.0019985744243352,41,0
20.096,-0.0014438136243352,41,0
20.098,-0.0011988975243352,41,0
20.1,-0.0012521012243352,41,0
20.102,-0.0015262025243352,41,0
20.104,-0.0015351625743352,41,0
20.106,-0.0015441226243352,41,0
20.108,-0.0015530826743352,41,0
20.11,-0.0015620427243352,41,0
20.112,-0.0012190924243352,41,0
20.114,-0.0012667785243352,41,0
20.116,-0.0013036714243352,41,0
20.118,-0.0014041074743352,41,0
20.12,-0.0015045435243352,41,0
20.122,-0.0016049795743352,41,0
20.124,-0.0017054156243352,41,0
20.126,-0.0012498869243352,41,0
20.128,-0.0012623257243352,41,0
20.13,-0.0012020798243352,41,0
20.132,-0.0013627526993352,41,0
20.134,-0.0015234255743352,41,0
20.136,-0.0016840984493352,41,0
20.138,-0.0018447713243352,41,0
20.14,-0.0013311142243352,41,0
20.142,-0.0012137200243352,41,0
20.144,-0.0012131392243352,41,0
20.146,-0.0018295495243352,41,0
20.148,-0.0018857741910019,41,0
20.15,-0.0019419988576686,41,0
20.152,-0.0019982235243352,41,0
20.154,-0.0012177977243352,41,0
20.156,-0.0012395777243352,41,0
20.158,-0.0012613577243352,41,0
20.16,-0.0015245085243352,41,0
20.162,-0.0015336561243352,41,0
20.164,-0.0015428037243352,41,0
20.166,-0.0015519513243352,41,0
20.168,-0.0015610989243352,41,0
20.17,-0.0012650966243352,41,0
20.172,-0.0012859086243352,41,0
20.174,-0.0013067206243352,41,0
20.176,-0.0014089837743352,41,0
20.178,-0.0015112469243352,41,0
20.18,-0.0016135100743352,41,0
20.182,-0.0017157732243352,41,0
20.184,-0.0012652539243352,41,0
20.186,-0.0012509517243352,41,0
20.188,-0.0012012691243352,41,0
20.19,-0.0013708022243352,41,0
20.192,-0.0015403353243352,41,0
20.194,-0.0017098684243352,41,0
20.196,-0.0018794015243352,41,0
20.198,-0.0013357485243352,41,0
20.2,-0.0012271268243352,41,0
20.202,-0.0012161279243352,41,0
20.204,-0.0018412381243352,41,0
20.206,-0.0017414826993352,41,0
20.208,-0.0016417272743352,41,0
20.21,-0.0015419718493352,41,0
20.212,-0.0014422164243352,41,0
20.214,-0.0012018257243352,41,0
20.216,-0.0012591192243352,41,0
20.218,-0.0015396577243352,41,0
20.22,-0.0015462219743352,41,0
20.222,-0.0015527862243352,41,0
20.224,-0.0015593504743352,41,0
20.226,-0.0015659147243352,41,0
20.228,-0.0012859449243352,41,0
20.23,-0.0013040646743352,41,0
20.232,-0.0013221844243352,41,0
20.234,-0.0014246714243352,41,0
20.236,-0.0015271584243352,41,0
20.238,-0.0016296454243352,41,0
20.24,-0.0017321324243352,41,0
20.242,-0.0012594943243352,41,0
20.244,-0.0012658831243352,41,0
20.246,-0.0014210081493352,41,0
20.248,-0.0015761331743352,41,0
20.25,-0.0017312581993352,41,0
20.252,-0.0018863832243352,41,0
20.254,-0.0015640573743352,41,0
20.256,-0.0012417315243352,41,0
20.258,-0.0012314344243352,41,0
20.26,-0.0015456169743352,41,0
20.262,-0.0018597995243352,41,0
20.264,-0.0016618193243352,41,0
20.266,-0.0014638391243352,41,0
20.268,-0.0013798409243352,41,0
20.27,-0.0012958427243352,41,0
20.272,-0.0012118445243352,41,0
20.274,-0.0012732419410019,41,0
20.276,-0.0013346393576686,41,0
20.278,-0.0013960367743352,41,0
20.28,-0.0014574341910019,41,0
20.282,-0.0015188316076686,41,0
20.284,-0.0015802290243352,41,0
20.286,-0.0012220085243352,41,0
20.288,-0.0012733609243352,41,0
20.29,-0.0013171145243352,41,0
20.292,-0.0014513882243352,41,0
20.294,-0.0015856619243352,41,0
20.296,-0.0017199356243352,41,0
20.298,-0.0012691138243352,41,0
20.3,-0.0012794895743352,41,0
20.302,-0.0012898653243352,41,0
20.304,-0.0012444903243352,41,0
20.306,-0.0015590782243352,41,0
20.308,-0.0018736661243352,41,0
20.31,-0.0013465659243352,41,0
20.312,-0.0012855637743352,41,0
20.314,-0.0012245616243352,41,0
20.316,-0.0018393263243352,41,0
20.318,-0.0017148197443352,41,0
20.32,-0.0015903131643352,41,0
20.322,-0.0014658065843352,41,0
20.324,-0.0013413000043352,41,0
20.326,-0.0012167934243352,41,0
20.328,-0.0012374662743352,41,0
20.33,-0.0012581391243352,41,0
20.332,-0.0015293364243352,41,0
20.334,-0.0014503143493352,41,0
20.336,-0.0013712922743352,41,0
20.338,-0.0012922701993352,41,0
20.34,-0.0012132481243352,41,0
20.342,-0.0012774023243352,41,0
20.344,-0.0013503491910019,41,0
20.346,-0.0014232960576686,41,0
20.348,-0.0014962429243352,41,0
20.35,-0.0015691897910019,41,0
20.352,-0.0016421366576686,41,0
20.354,-0.0017150835243352,41,0
20.356,-0.0012639955243352,41,0
20.358,-0.0012657016243352,41,0
20.36,-0.0013868879643352,41,0
20.362,-0.0015080743043352,41,0
20.364,-0.0016292606443352,41,0
20.366,-0.0017504469843352,41,0
20.368,-0.0018716333243352,41,0
20.37,-0.0013436740243352,41,0
20.372,-0.0012234363243352,41,0
20.374,-0.0012333099243352,41,0
20.376,-0.0018617597243352,41,0
20.378,-0.0017224564576686,41,0
20.38,-0.0015831531910019,41,0
20.382,-0.0014438499243352,41,0
20.384,-0.0012503709243352,41,0
20.386,-0.0013468885910019,41,0
20.388,-0.0014434062576686,41,0
20.39,-0.0015399239243352,41,0
20.392,-0.0015422410743352,41,0
20.394,-0.0015445582243352,41,0
20.396,-0.0015468753743352,41,0
20.398,-0.0015491925243352,41,0
20.4,-0.0012592644243352,41,0
20.402,-0.0013051113243352,41,0
20.404,-0.0012940011043352,41,0
20.406,-0.0012828908843352,41,0
20.408,-0.0012717806643352,41,0
20.41,-0.0012606704443352,41,0
20.412,-0.0012495602243352,41,0
20.414,-0.0012478299243352,41,0
20.416,-0.0012460996243352,41,0
20.418,-0.0012042941243352,41,0
20.42,-0.0013677106743352,41,0
20.422,-0.0015311272243352,41,0
20.424,-0.0016945437743352,41,0
20.426,-0.0018579603243352,41,0
20.428,-0.0013420526243352,41,0
20.43,-0.0012127883243352,41,0
20.432,-0.0018532050243352,41,0
20.434,-0.0018864951493352,41,0
20.436,-0.0019197852743352,41,0
20.438,-0.0019530753993352,41,0
20.44,-0.0019863655243352,41,0
20.442,-0.0014258814243352,41,0
20.444,-0.0011989701243352,41,0
20.446,-0.0012696220243352,41,0
20.448,-0.0015522054243352,41,0
20.45,-0.0015544620743352,41,0
20.452,-0.0015567187243352,41,0
20.454,-0.0015589753743352,41,0
20.456,-0.0015612320243352,41,0
20.458,-0.0012228313243352,41,0
20.46,-0.0012768457243352,41,0
20.462,-0.0013246528243352,41,0
20.464,-0.0014239272743352,41,0
20.466,-0.0015232017243352,41,0
20.468,-0.0016224761743352,41,0
20.47,-0.0017217506243352,41,0
20.472,-0.0012661130243352,41,0
20.474,-0.0012230370243352,41,0
20.476,-0.0013516261443352,41,0
20.478,-0.0014802152643352,41,0
20.48,-0.0016088043843352,41,0
20.482,-0.0017373935043352,41,0
20.484,-0.0018659826243352,41,0
20.486,-0.0012210405243352,41,0
20.488,-0.0012192739243352,41,0
20.49,-0.0012175073243352,41,0
20.492,-0.0018536285243352,41,0
20.494,-0.0018904891576686,41,0
20.496,-0.0019273497910019,41,0
20.498,-0.0019642104243352,41,0
20.5,-0.0014227354243352,42,0
20.502,-0.0012107192243352,42,0
20.504,-0.0012513268243352,42,0
20.506,-0.0013276263993352,42,0
20.508,-0.0014039259743352,42,0
20.51,-0.0014802255493352,42,0
20.512,-0.0015565251243352,42,0
20.514,-0.0011947593243352,42,0
20.516,-0.0012252694743352,42,0
20.518,-0.0012557796243352,42,0
20.52,-0.0012952135243352,42,0
20.522,-0.0013940916993352,42,0
20.524,-0.0014929698743352,42,0
20.526,-0.0015918480493352,42,0
20.528,-0.0016907262243352,42,0
20.53,-0.0012403400243352,42,0
20.532,-0.0012443693243352,42,0
20.534,-0.0013648708043352,42,0
20.536,-0.0014853722843352,42,0
20.538,-0.0016058737643352,42,0
20.54,-0.0017263752443352,42,0
20.542,-0.0018468767243352,42,0
20.544,-0.0013183729243352,42,0
20.546,-0.0012015232243352,42,0
20.548,-0.0018583475243352,42,0
20.55,-0.0017778123443352,42,0
20.552,-0.0016972771643352,42,0
20.554,-0.0016167419843352,42,0
20.556,-0.0015362068043352,42,0
20.558,-0.0014556716243352,42,0
20.56,-0.0012031688243352,42,0
20.562,-0.0012503104243352,42,0
20.564,-0.0015414848243352,42,0
20.566,-0.0014603482743352,42,0
20.568,-0.0013792117243352,42,0
20.57,-0.0012980751743352,42,0
20.572,-0.0012169386243352,42,0
20.574,-0.0012607285243352,42,0
20.576,-0.0013384044743352,42,0
20.578,-0.0014160804243352,42,0
20.58,-0.0014937563743352,42,0
20.582,-0.0015714323243352,42,0
20.584,-0.0016491082743352,42,0
20.586,-0.0017267842243352,42,0
20.588,-0.0012619022243352,42,0
20.59,-0.0012593854243352,42,0
20.592,-0.0012099811243352,42,0
20.594,-0.0013837794743352,42,0
20.596,-0.0015575778243352,42,0
20.598,-0.0017313761743352,42,0
20.6,-0.0019051745243352,42,0
20.602,-0.0013599969243352,42,0
20.604,-0.0012462448243352,42,0
20.606,-0.0018704596243352,42,0
20.608,-0.0017254088576686,42,0
20.61,-0.0015803580910019,42,0
20.612,-0.0014353073243352,42,0
20.614,-0.0012017894243352,42,0
20.616,-0.0013893878243352,42,0
20.618,-0.0015769862243352,42,0
20.62,-0.0015780167410019,42,0
20.622,-0.0015790472576686,42,0
20.624,-0.0015800777743352,42,0
20.626,-0.0015811082910019,42,0
20.628,-0.0015821388076686,42,0
20.63,-0.0015831693243352,42,0
20.632,-0.0012363107243352,42,0
20.634,-0.0012767005243352,42,0
20.636,-0.0013351677243352,42,0
20.638,-0.0014328600993352,42,0
20.64,-0.0015305524743352,42,0
20.642,-0.0016282448493352,42,0
20.644,-0.0017259372243352,42,0
20.646,-0.0012546664243352,42,0
20.648,-0.0012177856243352,42,0
20.65,-0.0013492448643352,42,0
20.652,-0.0014807041043352,42,0
20.654,-0.0016121633443352,42,0
20.656,-0.0017436225843352,42,0
20.658,-0.0018750818243352,42,0
20.66,-0.0013346837243352,42,0
20.662,-0.0012371093243352,42,0
20.664,-0.0012110580243352,42,0
20.666,-0.0013996576993352,42,0
20.668,-0.0015882573743352,42,0
20.67,-0.0017768570493352,42,0
20.672,-0.0019654567243352,42,0
20.674,-0.0012024428243352,42,0
20.676,-0.0012279859243352,42,0
20.678,-0.0012535290243352,42,0
20.68,-0.0015568034243352,42,0
20.682,-0.0015504357993352,42,0
20.684,-0.0015440681743352,42,0
20.686,-0.0015377005493352,42,0
20.688,-0.0015313329243352,42,0
20.69,-0.0011972398243352,42,0
20.692,-0.0012539888243352,42,0
20.694,-0.0013167031243352,42,0
20.696,-0.0012995453243352,42,0
20.698,-0.0012823875243352,42,0
20.7,-0.0012652297243352,42,0
20.702,-0.0012480719243352,42,0
20.704,-0.0012665002243352,42,0
20.706,-0.0012404670743352,42,0
20.708,-0.0012144339243352,42,0
20.71,-0.0013697495243352,42,0
20.712,-0.0015250651243352,42,0
20.714,-0.0016803807243352,42,0
20.716,-0.0018356963243352,42,0
20.718,-0.0012169749243352,42,0
20.72,-0.0012089768243352,42,0
20.722,-0.0012009787243352,42,0
20.724,-0.0018565446243352,42,0
20.726,-0.0018963253910019,42,0
20.728,-0.0019361061576686,42,0
20.73,-0.0019758869243352,42,0
20.732,-0.0014118333243352,42,0
20.734,-0.0015454173243352,42,0
20.736,-0.0014916771910019,42,0
20.738,-0.0014379370576686,42,0
20.74,-0.0013841969243352,42,0
20.742,-0.0013304567910019,42,0
20.744,-0.0012767166576686,42,0
20.746,-0.0012229765243352,42,0
20.748,-0.0012476363243352,42,0
20.75,-0.0012722961243352,42,0
20.752,-0.0013326509243352,42,0
20.754,-0.0013141227993352,42,0
20.756,-0.0012955946743352,42,0
20.758,-0.0012770665493352,42,0
20.76,-0.0012585384243352,42,0
20.762,-0.0012553742743352,42,0
20.764,-0.0012522101243352,42,0
20.766,-0.0012161158243352,42,0
20.768,-0.0012454099243352,42,0
20.77,-0.0012747040243352,42,0
20.772,-0.0013039981243352,42,0
20.774,-0.0013332922243352,42,0
20.776,-0.0012448291243352,42,0
20.778,-0.0012294137243352,42,0
20.78,-0.0012139983243352,42,0
20.782,-0.0012587344443352,42,0
20.784,-0.0013034705643352,42,0
20.786,-0.0013482066843352,42,0
20.788,-0.0013929428043352,42,0
20.79,-0.0014376789243352,42,0
20.792,-0.0012003011243352,42,0
20.794,-0.0015671489243352,42,0
20.796,-0.0015656412643352,42,0
20.798,-0.0015641336043352,42,0
20.8,-0.0015626259443352,42,0
20.802,-0.0015611182843352,42,0
20.804,-0.0015596106243352,42,0
20.806,-0.0012056614243352,42,0
20.808,-0.0012601961243352,42,0
20.81,-0.0013368375243352,42,0
20.812,-0.0014221213493352,42,0
20.814,-0.0015074051743352,42,0
20.816,-0.0015926889993352,42,0
20.818,-0.0016779728243352,42,0
20.82,-0.0012345683243352,42,0
20.822,-0.0012444298243352,42,0
20.824,-0.0012025517243352,42,0
20.826,-0.0013631459493352,42,0
20.828,-0.0015237401743352,42,0
20.83,-0.0016843343993352,42,0
20.832,-0.0018449286243352,42,0
20.834,-0.0012988314243352,42,0
20.836,-0.0012101505243352,42,0
20.838,-0.0018867825243352,42,0
20.84,-0.0019092340743352,42,0
20.842,-0.0019316856243352,42,0
20.844,-0.0019541371743352,42,0
20.846,-0.0019765887243352,42,0
20.848,-0.0014211987243352,42,0
20.85,-0.0011963565243352,42,0
20.852,-0.0012352580243352,42,0
20.854,-0.0015663019243352,42,0
20.856,-0.0015541867993352,42,0
20.858,-0.0015420716743352,42,0
20.86,-0.0015299565493352,42,0
20.862,-0.0015178414243352,42,0
20.864,-0.0011898588243352,42,0
20.866,-0.0012634268243352,42,0
20.868,-0.0013107499243352,42,0
20.87,-0.0013956314243352,42,0
20.872,-0.0014805129243352,42,0
20.874,-0.0015653944243352,42,0
20.876,-0.0016502759243352,42,0
20.878,-0.0012011844243352,42,0
20.88,-0.0012334188243352,42,0
20.882,-0.0011920731243352,42,0
20.884,-0.0013475036743352,42,0
20.886,-0.0015029342243352,42,0
20.888,-0.0016583647743352,42,0
20.89,-0.0018137953243352,42,0
20.892,-0.0012997873243352,42,0
20.894,-0.0012203266243352,42,0
20.896,-0.0018735209243352,42,0
20.898,-0.0015217073743352,42,0
20.9,-0.0011698938243352,42,0
20.902,-0.0011950497243352,42,0
20.904,-0.0012202056243352,42,0
20.906,-0.0013955104243352,42,0
20.908,-0.0015708152243352,42,0
20.91,-0.0015663963043352,42,0
20.912,-0.0015619773843352,42,0
20.914,-0.0015575584643352,42,0
20.916,-0.0015531395443352,42,0
20.918,-0.0015487206243352,42,0
20.92,-0.0011907784243352,42,0
20.922,-0.0012413080243352,42,0
20.924,-0.0013271333243352,42,0
20.926,-0.0014143985243352,42,0
20.928,-0.0015016637243352,42,0
20.93,-0.0015889289243352,42,0
20.932,-0.0016761941243352,42,0
20.934,-0.0012166482243352,42,0
20.936,-0.0012014022243352,42,0
20.938,-0.0013266227043352,42,0
20.94,-0.0014518431843352,42,0
20.942,-0.0015770636643352,42,0
20.944,-0.0017022841443352,42,0
20.946,-0.0018275046243352,42,0
20.948,-0.0012901073243352,42,0
20.95,-0.0012093035243352,42,0
20.952,-0.0019011089243352,42,0
20.954,-0.0017770748493352,42,0
20.956,-0.0016530407743352,42,0
20.958,-0.0015290066993352,42,0
20.96,-0.0014049726243352,42,0
20.962,-0.0011935856243352,42,0
20.964,-0.0012583690243352,42,0
20.966,-0.0016000972243352,42,0
20.968,-0.0015861410843352,42,0
20.97,-0.0015721849443352,42,0
20.972,-0.0015582288043352,42,0
20.974,-0.0015442726643352,42,0
20.976,-0.0015303165243352,42,0
20.978,-0.0011845348243352,42,0
20.98,-0.0012524279243352,42,0
20.982,-0.0013259233243352,42,0
20.984,-0.0014173297493352,42,0
20.986,-0.0015087361743352,42,0
20.988,-0.0016001425993352,42,0
20.99,-0.0016915490243352,42,0
20.992,-0.0012482655243352,42,0
20.994,-0.0012718726243352,42,0
20.996,-0.0013766537843352,42,0
20.998,-0.0014814349443352,42,0
21.0,-0.0015862161043352,43,0
21.002,-0.0016909972643352,43,0
21.004,-0.0017957784243352,43,0
21.006,-0.0012763375243352,43,0
21.008,-0.0011953522243352,43,0
21.01,-0.0011804571243352,43,0
21.012,-0.0018909570243352,43,0
21.014,-0.0019116923910019,43,0
21.016,-0.0019324277576686,43,0
21.018,-0.0019531631243352,43,0
21.02,-0.0013964058243352,43,0
21.022,-0.0011718661243352,43,0
21.024,-0.0012264371243352,43,0
21.026,-0.0015791642243352,43,0
21.028,-0.0015601631910019,43,0
21.03,-0.0015411621576686,43,0
21.032,-0.0015221611243352,43,0
21.034,-0.0012396624243352,43,0
21.036,-0.0013362688243352,43,0
21.038,-0.0013899928243352,43,0
21.04,-0.0014437168243352,43,0
21.042,-0.0014974408243352,43,0
21.044,-0.0015511648243352,43,0
21.046,-0.0016048888243352,43,0
21.048,-0.0016586128243352,43,0
21.05,-0.0012182333243352,43,0
21.052,-0.0012385855243352,43,0
21.054,-0.0011961871243352,43,0
21.056,-0.0013501626493352,43,0
21.058,-0.0015041381743352,43,0
21.06,-0.0016581136993352,43,0
21.062,-0.0018120892243352,43,0
21.064,-0.0012881471243352,43,0
21.066,-0.0012194917243352,43,0
21.068,-0.0018923848243352,43,0
21.07,-0.0019059277493352,43,0
21.072,-0.0019194706743352,43,0
21.074,-0.0019330135993352,43,0
21.076,-0.0019465565243352,43,0
21.078,-0.0013900049243352,43,0
21.08,-0.0011875598243352,43,0
21.082,-0.0012406304243352,43,0
21.084,-0.0015850327243352,43,0
21.086,-0.0015685041243352,43,0
21.088,-0.0015519755243352,43,0
21.09,-0.0015354469243352,43,0
21.092,-0.0015189183243352,43,0
21.094,-0.0011724348243352,43,0
21.096,-0.0012244043243352,43,0
21.098,-0.0013111250243352,43,0
21.1,-0.0014786797743352,43,0
21.102,-0.0016462345243352,43,0
21.104,-0.0014253490243352,43,0
21.106,-0.0012044635243352,43,0
21.108,-0.0012334914243352,43,0
21.11,-0.0012001317243352,43,0
21.112,-0.0013209647443352,43,0
21.114,-0.0014417977643352,43,0
21.116,-0.0015626307843352,43,0
21.118,-0.0016834638043352,43,0
21.12,-0.0018042968243352,43,0
21.122,-0.0012818430243352,43,0
21.124,-0.0012183543243352,43,0
21.126,-0.0012144944243352,43,0
21.128,-0.0019281403243352,43,0
21.13,-0.0019319155243352,43,0
21.132,-0.0019356907243352,43,0
21.134,-0.0013976763243352,43,0
21.136,-0.0012930536743352,43,0
21.138,-0.0011884310243352,43,0
21.14,-0.0015938294243352,43,0
21.142,-0.0015774799043352,43,0
21.144,-0.0015611303843352,43,0
21.146,-0.0015447808643352,43,0
21.148,-0.0015284313443352,43,0
21.15,-0.0015120818243352,43,0
21.152,-0.0011764520243352,43,0
21.154,-0.0013407337243352,43,0
21.156,-0.0014096335443352,43,0
21.158,-0.0014785333643352,43,0
21.16,-0.0015474331843352,43,0
21.162,-0.0016163330043352,43,0
21.164,-0.0016852328243352,43,0
21.166,-0.0012337939243352,43,0
21.168,-0.0012423607243352,43,0
21.17,-0.0012157407243352,43,0
21.172,-0.0012289569493352,43,0
21.174,-0.0012421731743352,43,0
21.176,-0.0012553893993352,43,0
21.178,-0.0012686056243352,43,0
21.18,-0.0012393175743352,43,0
21.182,-0.0012100295243352,43,0
21.184,-0.0011802998243352,43,0
21.186,-0.0018896623243352,43,0
21.188,-0.0019345109743352,43,0
21.19,-0.0019793596243352,43,0
21.192,-0.0013909729243352,43,0
21.194,-0.0011786784243352,43,0
21.196,-0.0013854069243352,43,0
21.198,-0.0015921354243352,43,0
21.2,-0.0015082485443352,43,0
21.202,-0.0014243616643352,43,0
21.204,-0.0013404747843352,43,0
21.206,-0.0012565879043352,43,0
21.208,-0.0011727010243352,43,0
21.21,-0.0012391300243352,43,0
21.212,-0.0013060672243352,43,0
21.214,-0.0013947420743352,43,0
21.216,-0.0014834169243352,43,0
21.218,-0.0015720917743352,43,0
21.22,-0.0016607666243352,43,0
21.222,-0.0012114815243352,43,0
21.224,-0.0012344957243352,43,0
21.226,-0.0012575099243352,43,0
21.228,-0.0012242954243352,43,0
21.23,-0.0012394022743352,43,0
21.232,-0.0012545091243352,43,0
21.234,-0.0012696159743352,43,0
21.236,-0.0012847228243352,43,0
21.238,-0.0012084686243352,43,0
21.24,-0.0012014082743352,43,0
21.242,-0.0011943479243352,43,0
21.244,-0.0014501459576686,43,0
21.246,-0.0017059439910019,43,0
21.248,-0.0019617420243352,43,0
21.25,-0.0012049838243352,43,0
21.252,-0.0012222505243352,43,0
21.254,-0.0012395172243352,43,0
21.256,-0.0012567839243352,43,0
21.258,-0.0016011136243352,43,0
21.26,-0.0015844488993352,43,0
21.262,-0.0015677841743352,43,0
21.264,-0.0015511194493352,43,0
21.266,-0.0015344547243352,43,0
21.268,-0.0011928354243352,43,0
21.27,-0.0013561370243352,43,0
21.272,-0.0014242551843352,43,0
21.274,-0.0014923733443352,43,0
21.276,-0.0015604915043352,43,0
21.278,-0.0016286096643352,43,0
21.28,-0.0016967278243352,43,0
21.282,-0.0012367342243352,43,0
21.284,-0.0012613093243352,43,0
21.286,-0.0012233274243352,43,0
21.288,-0.0013728168743352,43,0
21.29,-0.0015223063243352,43,0
21.292,-0.0016717957743352,43,0
21.294,-0.0018212852243352,43,0
21.296,-0.0012157649243352,43,0
21.298,-0.0015690002243352,43,0
21.3,-0.0019222355243352,43,0
21.302,-0.0019348719576686,43,0
21.304,-0.0019475083910019,43,0
21.306,-0.0019601448243352,43,0
21.308,-0.0011894353243352,43,0
21.31,-0.0012070105743352,43,0
21.312,-0.0012245858243352,43,0
21.314,-0.0012717576743352,43,0
21.316,-0.0013189295243352,43,0
21.318,-0.0013661013743352,43,0
21.32,-0.0014132732243352,43,0
21.322,-0.0014604450743352,43,0
21.324,-0.0015076169243352,43,0
21.326,-0.0011727978243352,43,0
21.328,-0.0012505403243352,43,0
21.33,-0.0013485624243352,43,0
21.332,-0.0014252249993352,43,0
21.334,-0.0015018875743352,43,0
21.336,-0.0015785501493352,43,0
21.338,-0.0016552127243352,43,0
21.34,-0.0012272357243352,43,0
21.342,-0.0012134054243352,43,0
21.344,-0.0013316030643352,43,0
21.346,-0.0014498007043352,43,0
21.348,-0.0015679983443352,43,0
21.35,-0.0016861959843352,43,0
21.352,-0.0018043936243352,43,0
21.354,-0.0013018201243352,43,0
21.356,-0.0012296436243352,43,0
21.358,-0.0012136837243352,43,0
21.36,-0.0019431927243352,43,0
21.362,-0.0019520378243352,43,0
21.364,-0.0019608829243352,43,0
21.366,-0.0019697280243352,43,0
21.368,-0.0014020807243352,43,0
21.37,-0.0011825141243352,43,0
21.372,-0.0016214658243352,43,0
21.374,-0.0016066675243352,43,0
21.376,-0.0015918692243352,43,0
21.378,-0.0015770709243352,43,0
21.38,-0.0015622726243352,43,0
21.382,-0.0015474743243352,43,0
21.384,-0.0011950618243352,43,0
21.386,-0.0013550843243352,43,0
21.388,-0.0014158698843352,43,0
21.39,-0.0014766554443352,43,0
21.392,-0.0015374410043352,43,0
21.394,-0.0015982265643352,43,0
21.396,-0.0016590121243352,43,0
21.398,-0.0012211736243352,43,0
21.4,-0.0012368552243352,43,0
21.402,-0.0013846113493352,43,0
21.404,-0.0015323674743352,43,0
21.406,-0.0016801235993352,43,0
21.408,-0.0018278797243352,43,0
21.41,-0.0012979360243352,43,0
21.412,-0.0012176404243352,43,0
21.414,-0.0011981836243352,43,0
21.416,-0.0019528364243352,43,0
21.418,-0.0019540070993352,43,0
21.42,-0.0019551777743352,43,0
21.422,-0.0019563484493352,43,0
21.424,-0.0019575191243352,43,0
21.426,-0.0014098731243352,43,0
21.428,-0.0012118566243352,43,0
21.43,-0.0012467893243352,43,0
21.432,-0.0016187312243352,43,0
21.434,-0.0015975078243352,43,0
21.436,-0.0015762844243352,43,0
21.438,-0.0015550610243352,43,0
21.44,-0.0015338376243352,43,0
21.442,-0.0012773297243352,43,0
21.444,-0.0013322032243352,43,0
21.446,-0.0013870767243352,43,0
21.448,-0.0014598340243352,43,0
21.45,-0.0015325913243352,43,0
21.452,-0.0016053486243352,43,0
21.454,-0.0016781059243352,43,0
21.456,-0.0012454704243352,43,0
21.458,-0.0012517745243352,43,0
21.46,-0.0012121470243352,43,0
21.462,-0.0013625500243352,43,0
21.464,-0.0015129530243352,43,0
21.466,-0.0016633560243352,43,0
21.468,-0.0018137590243352,43,0
21.47,-0.0012815768243352,43,0
21.472,-0.0012098843243352,43,0
21.474,-0.0019431080243352,43,0
21.476,-0.0019460180743352,43,0
21.478,-0.0019489281243352,43,0
21.48,-0.0019518381743352,43,0
21.482,-0.0019547482243352,43,0
21.484,-0.0013824666243352,43,0
21.486,-0.0011698938243352,43,0
21.488,-0.0012253239243352,43,0
21.49,-0.0016053607243352,43,0
21.492,-0.0015748082243352,43,0
21.494,-0.0015442557243352,43,0
21.496,-0.0015137032243352,43,0
21.498,-0.0011882495243352,43,0
21.5,-0.0012143371243352,44,0
21.502,-0.0012404247243352,44,0
21.504,-0.0012442071843352,44,0
21.506,-0.0012479896443352,44,0
21.508,-0.0012517721043352,44,0
21.51,-0.0012555545643352,44,0
21.512,-0.0012593370243352,44,0
21.514,-0.0012471946743352,44,0
21.516,-0.0012350523243352,44,0
21.518,-0.0013787821743352,44,0
21.52,-0.0015225120243352,44,0
21.522,-0.0016662418743352,44,0
21.524,-0.0018099717243352,44,0
21.526,-0.0012978755243352,44,0
21.528,-0.0012419614243352,44,0
21.53,-0.0011860473243352,44,0
21.532,-0.0019461088243352,44,0
21.534,-0.0019450470493352,44,0
21.536,-0.0019439852743352,44,0
21.538,-0.0019429234993352,44,0
21.54,-0.0019418617243352,44,0
21.542,-0.0013817769243352,44,0
21.544,-0.0011950134243352,44,0
21.546,-0.0012236057243352,44,0
21.548,-0.0016123908243352,44,0
21.55,-0.0015850569243352,44,0
21.552,-0.0015577230243352,44,0
21.554,-0.0015303891243352,44,0
21.556,-0.0015030552243352,44,0
21.558,-0.0011781944243352,44,0
21.56,-0.0012382588243352,44,0
21.562,-0.0012352773843352,44,0
21.564,-0.0012322959443352,44,0
21.566,-0.0012293145043352,44,0
21.568,-0.0012263330643352,44,0
21.57,-0.0012233516243352,44,0
21.572,-0.0012380652243352,44,0
21.574,-0.0012527788243352,44,0
21.576,-0.0012153293243352,44,0
21.578,-0.0013630763743352,44,0
21.58,-0.0015108234243352,44,0
21.582,-0.0016585704743352,44,0
21.584,-0.0018063175243352,44,0
21.586,-0.0012742684243352,44,0
21.588,-0.0012203145243352,44,0
21.59,-0.0011995872243352,44,0
21.592,-0.0019615242243352,44,0
21.594,-0.0019654970576686,44,0
21.596,-0.0019694698910019,44,0
21.598,-0.0019734427243352,44,0
21.6,-0.0013992372243352,44,0
21.602,-0.0015963704243352,44,0
21.604,-0.0015813156043352,44,0
21.606,-0.0015662607843352,44,0
21.608,-0.0015512059643352,44,0
21.61,-0.0015361511443352,44,0
21.612,-0.0015210963243352,44,0
21.614,-0.0013772515243352,44,0
21.616,-0.0012334067243352,44,0
21.618,-0.0013077813910019,44,0
21.62,-0.0013821560576686,44,0
21.622,-0.0014565307243352,44,0
21.624,-0.0015309053910019,44,0
21.626,-0.0016052800576686,44,0
21.628,-0.0016796547243352,44,0
21.63,-0.0012474306243352,44,0
21.632,-0.0012658952243352,44,0
21.634,-0.0012231943243352,44,0
21.636,-0.0013702909993352,44,0
21.638,-0.0015173876743352,44,0
21.64,-0.0016644843493352,44,0
21.642,-0.0018115810243352,44,0
21.644,-0.0012234968243352,44,0
21.646,-0.0012041973243352,44,0
21.648,-0.0011848978243352,44,0
21.65,-0.0013741781243352,44,0
21.652,-0.0015634584243352,44,0
21.654,-0.0017527387243352,44,0
21.656,-0.0019420190243352,44,0
21.658,-0.0013849471243352,44,0
21.66,-0.0011898346243352,44,0
21.662,-0.0012157770243352,44,0
21.664,-0.0016292340243352,44,0
21.666,-0.0015236584993352,44,0
21.668,-0.0014180829743352,44,0
21.67,-0.0013125074493352,44,0
21.672,-0.0012069319243352,44,0
21.674,-0.0012658347243352,44,0
21.676,-0.0013621144243352,44,0
21.678,-0.0014177913643352,44,0
21.68,-0.0014734683043352,44,0
21.682,-0.0015291452443352,44,0
21.684,-0.0015848221843352,44,0
21.686,-0.0016404991243352,44,0
21.688,-0.0012546180243352,44,0
21.69,-0.0012217181243352,44,0
21.692,-0.0013409781443352,44,0
21.694,-0.0014602381643352,44,0
21.696,-0.0015794981843352,44,0
21.698,-0.0016987582043352,44,0
21.7,-0.0018180182243352,44,0
21.702,-0.0012956007243352,44,0
21.704,-0.0012379079243352,44,0
21.706,-0.0011976391243352,44,0
21.708,-0.0019703088243352,44,0
21.71,-0.0019626616243352,44,0
21.712,-0.0019550144243352,44,0
21.714,-0.0019473672243352,44,0
21.716,-0.0012039553243352,44,0
21.718,-0.0012218754243352,44,0
21.72,-0.0012397955243352,44,0
21.722,-0.0016263905243352,44,0
21.724,-0.0015949426243352,44,0
21.726,-0.0015634947243352,44,0
21.728,-0.0015320468243352,44,0
21.73,-0.0015005989243352,44,0
21.732,-0.0012229281243352,44,0
21.734,-0.0013678619243352,44,0
21.736,-0.0013389913243352,44,0
21.738,-0.0013101207243352,44,0
21.74,-0.0012812501243352,44,0
21.742,-0.0012523795243352,44,0
21.744,-0.0012235089243352,44,0
21.746,-0.0012164485743352,44,0
21.748,-0.0012093882243352,44,0
21.75,-0.0013242438443352,44,0
21.752,-0.0014390994643352,44,0
21.754,-0.0015539550843352,44,0
21.756,-0.0016688107043352,44,0
21.758,-0.0017836663243352,44,0
21.76,-0.0012638987243352,44,0
21.762,-0.0012269695243352,44,0
21.764,-0.0014040923493352,44,0
21.766,-0.0015812151743352,44,0
21.768,-0.0017583379993352,44,0
21.77,-0.0019354608243352,44,0
21.772,-0.0015614740243352,44,0
21.774,-0.0011874872243352,44,0
21.776,-0.0012078152243352,44,0
21.778,-0.0011994105643352,44,0
21.78,-0.0011910059043352,44,0
21.782,-0.0011826012443352,44,0
21.784,-0.0011741965843352,44,0
21.786,-0.0011657919243352,44,0
21.788,-0.0012398923243352,44,0
21.79,-0.0012901436243352,44,0
21.792,-0.0013403949243352,44,0
21.794,-0.0014390744576686,44,0
21.796,-0.0015377539910019,44,0
21.798,-0.0016364335243352,44,0
21.8,-0.0014951176243352,44,0
21.802,-0.0013538017243352,44,0
21.804,-0.0012124858243352,44,0
21.806,-0.0013177001643352,44,0
21.808,-0.0014229145043352,44,0
21.81,-0.0015281288443352,44,0
21.812,-0.0016333431843352,44,0
21.814,-0.0017385575243352,44,0
21.816,-0.0012333946243352,44,0
21.818,-0.0011834821243352,44,0
21.82,-0.0011505096243352,44,0
21.822,-0.0019471978243352,44,0
21.824,-0.0017531702910019,44,0
21.826,-0.0015591427576686,44,0
21.828,-0.0013651152243352,44,0
21.83,-0.0011843412243352,44,0
21.832,-0.0014147010243352,44,0
21.834,-0.0016450608243352,44,0
21.836,-0.0016199194443352,44,0
21.838,-0.0015947780643352,44,0
21.84,-0.0015696366843352,44,0
21.842,-0.0015444953043352,44,0
21.844,-0.0015193539243352,44,0
21.846,-0.0011862409243352,44,0
21.848,-0.0012336487243352,44,0
21.85,-0.0013623846576686,44,0
21.852,-0.0014911205910019,44,0
21.854,-0.0016198565243352,44,0
21.856,-0.0014775040576686,44,0
21.858,-0.0013351515910019,44,0
21.86,-0.0011927991243352,44,0
21.862,-0.0012269937243352,44,0
21.864,-0.0012069561243352,44,0
21.866,-0.0013484746993352,44,0
21.868,-0.0014899932743352,44,0
21.87,-0.0016315118493352,44,0
21.872,-0.0017730304243352,44,0
21.874,-0.0012522585243352,44,0
21.876,-0.0011790656243352,44,0
21.878,-0.0011657556243352,44,0
21.88,-0.0013548967743352,44,0
21.882,-0.0015440379243352,44,0
21.884,-0.0017331790743352,44,0
21.886,-0.0019223202243352,44,0
21.888,-0.0013733311243352,44,0
21.89,-0.0011840024243352,44,0
21.892,-0.0012023460243352,44,0
21.894,-0.0016230388243352,44,0
21.896,-0.0015850085243352,44,0
21.898,-0.0015469782243352,44,0
21.9,-0.0015089479243352,44,0
21.902,-0.0014709176243352,44,0
21.904,-0.0011617989243352,44,0
21.906,-0.0012373271243352,44,0
21.908,-0.0013680555243352,44,0
21.91,-0.0014336859243352,44,0
21.912,-0.0014993163243352,44,0
21.914,-0.0015649467243352,44,0
21.916,-0.0016305771243352,44,0
21.918,-0.0012119655243352,44,0
21.92,-0.0012837911243352,44,0
21.922,-0.0012107071243352,44,0
21.924,-0.0014959948743352,44,0
21.926,-0.0017812826243352,44,0
21.928,-0.0012112032243352,44,0
21.93,-0.0012008375576686,44,0
21.932,-0.0011904718910019,44,0
21.934,-0.0011801062243352,44,0
21.936,-0.0012441515243352,44,0
21.938,-0.0013081968243352,44,0
21.94,-0.0013722421243352,44,0
21.942,-0.0014362874243352,44,0
21.944,-0.0013261592743352,44,0
21.946,-0.0012160311243352,44,0
21.948,-0.0012603292243352,44,0
21.95,-0.0017135226243352,44,0
21.952,-0.0017063352243352,44,0
21.954,-0.0016991478243352,44,0
21.956,-0.0016919604243352,44,0
21.958,-0.0016847730243352,44,0
21.96,-0.0016775856243352,44,0
21.962,-0.0013484293243352,44,0
21.964,-0.0014253127243352,44,0
21.966,-0.0015737313243352,44,0
21.968,-0.0016792251743352,44,0
21.97,-0.0017847190243352,44,0
21.972,-0.0018902128743352,44,0
21.974,-0.0019957067243352,44,0
21.976,-0.0015422834243352,44,0
21.978,-0.0016353929243352,44,0
21.98,-0.0016881821993352,44,0
21.982,-0.0017409714743352,44,0
21.984,-0.0017937607493352,44,0
21.986,-0.0018465500243352,44,0
21.988,-0.0018488449910019,44,0
21.99,-0.0018511399576686,44,0
21.992,-0.0018534349243352,44,0
21.994,-0.0018557298910019,44,0
21.996,-0.0018580248576686,44,0
21.998,-0.0018603198243352,44,0
22.0,-0.0018626147910019,45,1
22.002,-0.0018649097576686,45,1
22.004,-0.0018672047243352,45,1
22.006,-0.0016674579243352,45,1
22.008,-0.0016961833243352,45,1
22.01,-0.0017249087243352,45,1
22.012,-0.0017536341243352,45,1
22.014,-0.0017823595243352,45,1
22.016,-0.0018110849243352,45,1
22.018,-0.0018398103243352,45,1
22.02,-0.0014949361243352,45,1
22.022,-0.0015361850243352,45,1
22.024,-0.0016310974243352,45,1
22.026,-0.0016708096243352,45,1
22.028,-0.0017105218243352,45,1
22.03,-0.0017502340243352,45,1
22.032,-0.0017899462243352,45,1
22.034,-0.0013273269243352,45,1
22.036,-0.0013640383243352,45,1
22.038,-0.0013065754243352,45,1
22.04,-0.0014783631576686,45,1
22.042,-0.0016501508910019,45,1
22.044,-0.0018219386243352,45,1
22.046,-0.0015500092743352,45,1
22.048,-0.0012780799243352,45,1
22.05,-0.0011909841243352,45,1
22.052,-0.0011491544243352,45,1
22.054,-0.0011275438243352,45,1
22.056,-0.0011059332243352,45,1
22.058,-0.0010843226243352,45,1
22.06,-0.0010901467576686,45,1
22.062,-0.0010959708910019,45,1
22.064,-0.0011017950243352,45,1
22.066,-0.0013181248743352,45,1
22.068,-0.0015344547243352,45,1
22.07,-0.0016711847243352,45,1
22.072,-0.0018079147243352,45,1
22.074,-0.0019446447243352,45,1
22.076,-0.0013793690243352,45,1
22.078,-0.0010629782243352,45,1
22.08,-0.0011326379243352,45,1
22.082,-0.0012524521243352,45,1
22.084,-0.0013096881493352,45,1
22.086,-0.0013669241743352,45,1
22.088,-0.0014241601993352,45,1
22.09,-0.0014813962243352,45,1
22.092,-0.0011363284243352,45,1
22.094,-0.0011199692243352,45,1
22.096,-0.0012206436443352,45,1
22.098,-0.0013213180643352,45,1
22.1,-0.0014219924843352,45,1
22.102,-0.0015226669043352,45,1
22.104,-0.0016233413243352,45,1
22.106,-0.0011262491243352,45,1
22.108,-0.0011044691243352,45,1
22.11,-0.0010629419243352,45,1
22.112,-0.0018362529243352,45,1
22.114,-0.0015709120243352,45,1
22.116,-0.0013055711243352,45,1
22.118,-0.0010402302243352,45,1
22.12,-0.0010697179243352,45,1
22.122,-0.0012907002243352,45,1
22.124,-0.0015116825243352,45,1
22.126,-0.0016050128493352,45,1
22.128,-0.0016983431743352,45,1
22.13,-0.0017916734993352,45,1
22.132,-0.0018850038243352,45,1
22.134,-0.0013487681243352,45,1
22.136,-0.0010902637243352,45,1
22.138,-0.0013000777243352,45,1
22.14,-0.0013481582843352,45,1
22.142,-0.0013962388443352,45,1
22.144,-0.0014443194043352,45,1
22.146,-0.0014923999643352,45,1
22.148,-0.0015404805243352,45,1
22.15,-0.0012520891243352,45,1
22.152,-0.0012362018243352,45,1
22.154,-0.0012203145243352,45,1
22.156,-0.0014100586576686,45,1
22.158,-0.0015998027910019,45,1
22.16,-0.0017895469243352,45,1
22.162,-0.0015522719743352,45,1
22.164,-0.0013149970243352,45,1
22.166,-0.0012497901243352,45,1
22.168,-0.0012333341243352,45,1
22.17,-0.0012969220443352,45,1
22.172,-0.0013605099643352,45,1
22.174,-0.0014240978843352,45,1
22.176,-0.0014876858043352,45,1
22.178,-0.0015512737243352,45,1
22.18,-0.0014205090243352,45,1
22.182,-0.0014586603243352,45,1
22.184,-0.0019340814243352,45,1
22.186,-0.0019248249243352,45,1
22.188,-0.0019155684243352,45,1
22.19,-0.0019063119243352,45,1
22.192,-0.0018970554243352,45,1
22.194,-0.0015932123243352,45,1
22.196,-0.0017026205243352,45,1
22.198,-0.0018834792243352,45,1
22.2,-0.0018562148993352,45,1
22.202,-0.0018289505743352,45,1
22.204,-0.0018016862493352,45,1
22.206,-0.0017744219243352,45,1
22.208,-0.0018263309243352,45,1
22.21,-0.0018113571743352,45,1
22.212,-0.0017963834243352,45,1
22.214,-0.0017955582043352,45,1
22.216,-0.0017947329843352,45,1
22.218,-0.0017939077643352,45,1
22.22,-0.0017930825443352,45,1
22.222,-0.0017922573243352,45,1
22.224,-0.0017234930243352,45,1
22.226,-0.0016913675243352,45,1
22.228,-0.0017149092843352,45,1
22.23,-0.0017384510443352,45,1
22.232,-0.0017619928043352,45,1
22.234,-0.0017855345643352,45,1
22.236,-0.0018090763243352,45,1
22.238,-0.0016202800243352,45,1
22.24,-0.0016617265576686,45,1
22.242,-0.0017031730910019,45,1
22.244,-0.0017446196243352,45,1
22.246,-0.0017860661576686,45,1
22.248,-0.0018275126910019,45,1
22.25,-0.0018689592243352,45,1
22.252,-0.0015636520243352,45,1
22.254,-0.0017765999243352,45,1
22.256,-0.0018205543843352,45,1
22.258,-0.0018645088443352,45,1
22.26,-0.0019084633043352,45,1
22.262,-0.0019524177643352,45,1
22.264,-0.0019963722243352,45,1
22.266,-0.0015477768243352,45,1
22.268,-0.0015818141243352,45,1
22.27,-0.0015513463243352,45,1
22.272,-0.0015507994043352,45,1
22.274,-0.0015502524843352,45,1
22.276,-0.0015497055643352,45,1
22.278,-0.0015491586443352,45,1
22.28,-0.0015486117243352,45,1
22.282,-0.0014774274243352,45,1
22.284,-0.0015005686743352,45,1
22.286,-0.0015237099243352,45,1
22.288,-0.0015468511743352,45,1
22.29,-0.0015699924243352,45,1
22.292,-0.0015931336743352,45,1
22.294,-0.0016162749243352,45,1
22.296,-0.0014506743243352,45,1
22.298,-0.0019146246243352,45,1
22.3,-0.0018239448043352,45,1
22.302,-0.0017332649843352,45,1
22.304,-0.0016425851643352,45,1
22.306,-0.0015519053443352,45,1
22.308,-0.0014612255243352,45,1
22.31,-0.0015349629243352,45,1
22.312,-0.0016180657243352,45,1
22.314,-0.0017011685243352,45,1
22.316,-0.0017585406743352,45,1
22.318,-0.0018159128243352,45,1
22.32,-0.0018732849743352,45,1
22.322,-0.0019306571243352,45,1
22.324,-0.0014983604243352,45,1
22.326,-0.0015345636243352,45,1
22.328,-0.0015293485243352,45,1
22.33,-0.0015273005993352,45,1
22.332,-0.0015252526743352,45,1
22.334,-0.0015232047493352,45,1
22.336,-0.0015211568243352,45,1
22.338,-0.0014878697243352,45,1
22.34,-0.0014545826243352,45,1
22.342,-0.0014146768243352,45,1
22.344,-0.0014362632243352,45,1
22.346,-0.0014578496243352,45,1
22.348,-0.0014794360243352,45,1
22.35,-0.0015010224243352,45,1
22.352,-0.0015226088243352,45,1
22.354,-0.0013656113243352,45,1
22.356,-0.0018321268243352,45,1
22.358,-0.0017745247743352,45,1
22.36,-0.0017169227243352,45,1
22.362,-0.0016593206743352,45,1
22.364,-0.0016017186243352,45,1
22.366,-0.0012772934243352,45,1
22.368,-0.0014911972243352,45,1
22.37,-0.0015338618243352,45,1
22.372,-0.0015765264243352,45,1
22.374,-0.0016191910243352,45,1
22.376,-0.0016618556243352,45,1
22.378,-0.0012808387243352,45,1
22.38,-0.0012830409243352,45,1
22.382,-0.0013666983076686,45,1
22.384,-0.0014503556910019,45,1
22.386,-0.0015340130743352,45,1
22.388,-0.0016176704576686,45,1
22.39,-0.0017013278410019,45,1
22.392,-0.0017849852243352,45,1
22.394,-0.0012678070243352,45,1
22.396,-0.0012211252243352,45,1
22.398,-0.0012059881243352,45,1
22.4,-0.0013795626243352,45,1
22.402,-0.0015531371243352,45,1
22.404,-0.0017267116243352,45,1
22.406,-0.0019002861243352,45,1
22.408,-0.0013334495243352,45,1
22.41,-0.0011688774243352,45,1
22.412,-0.0011718177243352,45,1
22.414,-0.0016734474243352,45,1
22.416,-0.0016151798743352,45,1
22.418,-0.0015569123243352,45,1
22.42,-0.0014986447743352,45,1
22.422,-0.0014403772243352,45,1
22.424,-0.0011437820243352,45,1
22.426,-0.0012290628243352,45,1
22.428,-0.0013993703243352,45,1
22.43,-0.0013443939743352,45,1
22.432,-0.0012894176243352,45,1
22.434,-0.0012344412743352,45,1
22.436,-0.0011794649243352,45,1
22.438,-0.0012109249243352,45,1
22.44,-0.0011940575243352,45,1
22.442,-0.0013228105993352,45,1
22.444,-0.0014515636743352,45,1
22.446,-0.0015803167493352,45,1
22.448,-0.0017090698243352,45,1
22.45,-0.0014581218743352,45,1
22.452,-0.0012071739243352,45,1
22.454,-0.0011980989243352,45,1
22.456,-0.0011549019243352,45,1
22.458,-0.0013368556743352,45,1
22.46,-0.0015188094243352,45,1
22.462,-0.0017007631743352,45,1
22.464,-0.0018827169243352,45,1
22.466,-0.0011729914243352,45,1
22.468,-0.0011923332743352,45,1
22.47,-0.0012116751243352,45,1
22.472,-0.0016787109243352,45,1
22.474,-0.0016015451910019,45,1
22.476,-0.0015243794576686,45,1
22.478,-0.0014472137243352,45,1
22.48,-0.0013308056743352,45,1
22.482,-0.0012143976243352,45,1
22.484,-0.0014004109243352,45,1
22.486,-0.0014371465243352,45,1
22.488,-0.0014738821243352,45,1
22.49,-0.0015106177243352,45,1
22.492,-0.0015473533243352,45,1
22.494,-0.0015840889243352,45,1
22.496,-0.0011833732243352,45,1
22.498,-0.0012400133243352,45,1
22.5,-0.0012298977243352,46,0
22.502,-0.0013592497493352,46,0
22.504,-0.0014886017743352,46,0
22.506,-0.0016179537993352,46,0
22.508,-0.0017473058243352,46,0
22.51,-0.0012477331243352,46,0
22.512,-0.0011910567243352,46,0
22.514,-0.0011701237243352,46,0
22.516,-0.0015234316243352,46,0
22.518,-0.0018767395243352,46,0
22.52,-0.0012024791243352,46,0
22.522,-0.0013644134243352,46,0
22.524,-0.0015263477243352,46,0
22.526,-0.0016882820243352,46,0
22.528,-0.0017498613443352,46,0
22.53,-0.0018114406643352,46,0
22.532,-0.0018730199843352,46,0
22.534,-0.0019345993043352,46,0
22.536,-0.0019961786243352,46,0
22.538,-0.0014268978243352,46,0
22.54,-0.0012177735243352,46,0
22.542,-0.0013142831243352,46,0
22.544,-0.0014107927243352,46,0
22.546,-0.0014698528243352,46,0
22.548,-0.0015289129243352,46,0
22.55,-0.0015879730243352,46,0
22.552,-0.0011868459243352,46,0
22.554,-0.0012294500243352,46,0
22.556,-0.0013128896076686,46,0
22.558,-0.0013963291910019,46,0
22.56,-0.0014797687743352,46,0
22.562,-0.0015632083576686,46,0
22.564,-0.0016466479410019,46,0
22.566,-0.0017300875243352,46,0
22.568,-0.0012287724243352,46,0
22.57,-0.0012146275243352,46,0
22.572,-0.0011815098243352,46,0
22.574,-0.0013574861743352,46,0
22.576,-0.0015334625243352,46,0
22.578,-0.0017094388743352,46,0
22.58,-0.0018854152243352,46,0
22.582,-0.0013498692243352,46,0
22.584,-0.0012069077243352,46,0
22.586,-0.0014558894243352,46,0
22.588,-0.0017048711243352,46,0
22.59,-0.0015728843243352,46,0
22.592,-0.0014408975243352,46,0
22.594,-0.0013017717243352,46,0
22.596,-0.0011626459243352,46,0
22.598,-0.0012370125243352,46,0
22.6,-0.0013078435043352,46,0
22.602,-0.0013786744843352,46,0
22.604,-0.0014495054643352,46,0
22.606,-0.0015203364443352,46,0
22.608,-0.0015911674243352,46,0
22.61,-0.0011864103243352,46,0
22.612,-0.0012150873243352,46,0
22.614,-0.0012437643243352,46,0
22.616,-0.0012365466743352,46,0
22.618,-0.0012293290243352,46,0
22.62,-0.0012221113743352,46,0
22.622,-0.0012148937243352,46,0
22.624,-0.0014373320576686,46,0
22.626,-0.0016597703910019,46,0
22.628,-0.0018822087243352,46,0
22.63,-0.0013187480243352,46,0
22.632,-0.0012444419243352,46,0
22.634,-0.0011701358243352,46,0
22.636,-0.0011869064243352,46,0
22.638,-0.0012036770243352,46,0
22.64,-0.0017001158243352,46,0
22.642,-0.0016236841576686,46,0
22.644,-0.0015472524910019,46,0
22.646,-0.0014708208243352,46,0
22.648,-0.0013756462576686,46,0
22.65,-0.0012804716910019,46,0
22.652,-0.0011852971243352,46,0
22.654,-0.0014292331243352,46,0
22.656,-0.0014555893443352,46,0
22.658,-0.0014819455643352,46,0
22.66,-0.0015083017843352,46,0
22.662,-0.0015346580043352,46,0
22.664,-0.0015610142243352,46,0
22.666,-0.0011772143243352,46,0
22.668,-0.0012167934243352,46,0
22.67,-0.0013228015243352,46,0
22.672,-0.0014288096243352,46,0
22.674,-0.0015348177243352,46,0
22.676,-0.0016408258243352,46,0
22.678,-0.0017468339243352,46,0
22.68,-0.0012341085243352,46,0
22.682,-0.0011907300243352,46,0
22.684,-0.0011794689576686,46,0
22.686,-0.0011682078910019,46,0
22.688,-0.0011569468243352,46,0
22.69,-0.0012091018576686,46,0
22.692,-0.0012612568910019,46,0
22.694,-0.0013134119243352,46,0
22.696,-0.0011661670243352,46,0
22.698,-0.0016813487243352,46,0
22.7,-0.0017338546576686,46,0
22.702,-0.0017863605910019,46,0
22.704,-0.0018388665243352,46,0
22.706,-0.0018913724576686,46,0
22.708,-0.0019438783910019,46,0
22.71,-0.0019963843243352,46,0
22.712,-0.0014215133243352,46,0
22.714,-0.0011386879243352,46,0
22.716,-0.0014064367243352,46,0
22.718,-0.0014509314493352,46,0
22.72,-0.0014954261743352,46,0
22.722,-0.0015399208993352,46,0
22.724,-0.0015844156243352,46,0
22.726,-0.0012492698243352,46,0
22.728,-0.0012418888243352,46,0
22.73,-0.0012345078243352,46,0
22.732,-0.0013608348493352,46,0
22.734,-0.0014871618743352,46,0
22.736,-0.0016134888993352,46,0
22.738,-0.0017398159243352,46,0
22.74,-0.0012484591243352,46,0
22.742,-0.0012375449243352,46,0
22.744,-0.0011765730243352,46,0
22.746,-0.0012325032576686,46,0
22.748,-0.0012884334910019,46,0
22.75,-0.0013443637243352,46,0
22.752,-0.0011910567243352,46,0
22.754,-0.0011995630243352,46,0
22.756,-0.0012080693243352,46,0
22.758,-0.0017213997243352,46,0
22.76,-0.0017903092243352,46,0
22.762,-0.0018592187243352,46,0
22.764,-0.0019281282243352,46,0
22.766,-0.0019970377243352,46,0
22.768,-0.0014399900243352,46,0
22.77,-0.0011826109243352,46,0
22.772,-0.0012314707243352,46,0
22.774,-0.0014053961243352,46,0
22.776,-0.0014528432493352,46,0
22.778,-0.0015002903743352,46,0
22.78,-0.0015477374993352,46,0
22.782,-0.0015951846243352,46,0
22.784,-0.0012418525243352,46,0
22.786,-0.0013389671243352,46,0
22.788,-0.0014360817243352,46,0
22.79,-0.0015331963243352,46,0
22.792,-0.0016303109243352,46,0
22.794,-0.0017274255243352,46,0
22.796,-0.0012329348243352,46,0
22.798,-0.0012030236243352,46,0
22.8,-0.0011817639243352,46,0
22.802,-0.0013710048993352,46,0
22.804,-0.0015602458743352,46,0
22.806,-0.0017494868493352,46,0
22.808,-0.0019387278243352,46,0
22.81,-0.0011979900243352,46,0
22.812,-0.0017067587243352,46,0
22.814,-0.0017707525993352,46,0
22.816,-0.0018347464743352,46,0
22.818,-0.0018987403493352,46,0
22.82,-0.0019627342243352,46,0
22.822,-0.0011339568243352,46,0
22.824,-0.0011718358743352,46,0
22.826,-0.0012097149243352,46,0
22.828,-0.0014211382243352,46,0
22.83,-0.0014562705743352,46,0
22.832,-0.0014914029243352,46,0
22.834,-0.0015265352743352,46,0
22.836,-0.0015616676243352,46,0
22.838,-0.0011887456243352,46,0
22.84,-0.0012541945243352,46,0
22.842,-0.0012220569243352,46,0
22.844,-0.0013437708243352,46,0
22.846,-0.0014654847243352,46,0
22.848,-0.0015871986243352,46,0
22.85,-0.0017089125243352,46,0
22.852,-0.0012150147243352,46,0
22.854,-0.0013399520643352,46,0
22.856,-0.0014648894043352,46,0
22.858,-0.0015898267443352,46,0
22.86,-0.0017147640843352,46,0
22.862,-0.0018397014243352,46,0
22.864,-0.0013128432243352,46,0
22.866,-0.0011681030243352,46,0
22.868,-0.0011802635243352,46,0
22.87,-0.0016925049243352,46,0
22.872,-0.0016065182910019,46,0
22.874,-0.0015205316576686,46,0
22.876,-0.0014345450243352,46,0
22.878,-0.0012258563243352,46,0
22.88,-0.0012916319243352,46,0
22.882,-0.0013574075243352,46,0
22.884,-0.0014231831243352,46,0
22.886,-0.0013664159743352,46,0
22.888,-0.0013096488243352,46,0
22.89,-0.0012528816743352,46,0
22.892,-0.0011961145243352,46,0
22.894,-0.0012163578243352,46,0
22.896,-0.0012366011243352,46,0
22.898,-0.0012409208243352,46,0
22.9,-0.0012269622643352,46,0
22.902,-0.0012130037043352,46,0
22.904,-0.0011990451443352,46,0
22.906,-0.0011850865843352,46,0
22.908,-0.0011711280243352,46,0
22.91,-0.0013059631643352,46,0
22.912,-0.0014407983043352,46,0
22.914,-0.0015756334443352,46,0
22.916,-0.0017104685843352,46,0
22.918,-0.0018453037243352,46,0
22.92,-0.0013128553243352,46,0
22.922,-0.0011637954243352,46,0
22.924,-0.0011895805243352,46,0
22.926,-0.0017172131243352,46,0
22.928,-0.0016504876743352,46,0
22.93,-0.0015837622243352,46,0
22.932,-0.0015170367743352,46,0
22.934,-0.0014503113243352,46,0
22.936,-0.0012480961243352,46,0
22.938,-0.0013036573076686,46,0
22.94,-0.0013592184910019,46,0
22.942,-0.0014147796743352,46,0
22.944,-0.0014703408576686,46,0
22.946,-0.0015259020410019,46,0
22.948,-0.0015814632243352,46,0
22.95,-0.0012006762243352,46,0
22.952,-0.0012383193243352,46,0
22.954,-0.0012607648243352,46,0
22.956,-0.0013738211743352,46,0
22.958,-0.0014868775243352,46,0
22.96,-0.0015999338743352,46,0
22.962,-0.0017129902243352,46,0
22.964,-0.0012464142243352,46,0
22.966,-0.0012394809243352,46,0
22.968,-0.0011791745243352,46,0
22.97,-0.0013438978743352,46,0
22.972,-0.0015086212243352,46,0
22.974,-0.0016733445743352,46,0
22.976,-0.0018380679243352,46,0
22.978,-0.0013090922243352,46,0
22.98,-0.0012097633243352,46,0
22.982,-0.0017128813243352,46,0
22.984,-0.0017810587743352,46,0
22.986,-0.0018492362243352,46,0
22.988,-0.0019174136743352,46,0
22.99,-0.0019855911243352,46,0
22.992,-0.0014276238243352,46,0
22.994,-0.0011567411243352,46,0
22.996,-0.0012074401243352,46,0
22.998,-0.0014245262243352,46,0
23.0,-0.0014562100743352,47,0
23.002,-0.0014878939243352,47,0
23.004,-0.0015195777743352,47,0
23.006,-0.0015512616243352,47,0
23.008,-0.0015820399910019,47,0
23.01,-0.0016128183576686,47,0
23.012,-0.0016435967243352,47,0
23.014,-0.0016743750910019,47,0
23.016,-0.0017051534576686,47,0
23.018,-0.0017359318243352,47,0
23.02,-0.0012147122243352,47,0
23.022,-0.0011987523243352,47,0
23.024,-0.0011827924243352,47,0
23.026,-0.0014097642243352,47,0
23.028,-0.0016367360243352,47,0
23.03,-0.0018637078243352,47,0
23.032,-0.0016034005243352,47,0
23.034,-0.0013430932243352,47,0
23.036,-0.0012076579243352,47,0
23.038,-0.0012147848243352,47,0
23.04,-0.0014082093743352,47,0
23.042,-0.0016016339243352,47,0
23.044,-0.0017950584743352,47,0
23.046,-0.0019884830243352,47,0
23.048,-0.0014272487243352,47,0
23.05,-0.0011627064243352,47,0
23.052,-0.0012390574243352,47,0
23.054,-0.0014461610243352,47,0
23.056,-0.0014862200910019,47,0
23.058,-0.0015262791576686,47,0
23.06,-0.0015663382243352,47,0
23.062,-0.0013780743243352,47,0
23.064,-0.0011898104243352,47,0
23.066,-0.0012249851243352,47,0
23.068,-0.0012475758243352,47,0
23.07,-0.0013616092493352,47,0
23.072,-0.0014756426743352,47,0
23.074,-0.0015896760993352,47,0
23.076,-0.0017037095243352,47,0
23.078,-0.0011638680243352,47,0
23.08,-0.0012833716576686,47,0
23.082,-0.0014028752910019,47,0
23.084,-0.0015223789243352,47,0
23.086,-0.0016418825576686,47,0
23.088,-0.0017613861910019,47,0
23.09,-0.0018808898243352,47,0
23.092,-0.0013425850243352,47,0
23.094,-0.0012075006243352,47,0
23.096,-0.0014733678743352,47,0
23.098,-0.0017392351243352,47,0
23.1,-0.0018621469243352,47,0
23.102,-0.0019850587243352,47,0
23.104,-0.0017166988743352,47,0
23.106,-0.0014483390243352,47,0
23.108,-0.0011870516243352,47,0
23.11,-0.0012410660243352,47,0
23.112,-0.0014415509243352,47,0
23.114,-0.0014697257743352,47,0
23.116,-0.0014979006243352,47,0
23.118,-0.0015260754743352,47,0
23.12,-0.0015542503243352,47,0
23.122,-0.0011705714243352,47,0
23.124,-0.0012317611243352,47,0
23.126,-0.0013549088743352,47,0
23.128,-0.0014780566243352,47,0
23.13,-0.0016012043743352,47,0
23.132,-0.0017243521243352,47,0
23.134,-0.0012367947243352,47,0
23.136,-0.0011957394243352,47,0
23.138,-0.0011660823243352,47,0
23.14,-0.0013091164243352,47,0
23.142,-0.0014521505243352,47,0
23.144,-0.0015951846243352,47,0
23.146,-0.0017382187243352,47,0
23.148,-0.0018812528243352,47,0
23.15,-0.0012134054243352,47,0
23.152,-0.0012165574743352,47,0
23.154,-0.0012197095243352,47,0
23.156,-0.0017700780243352,47,0
23.158,-0.0016226485993352,47,0
23.16,-0.0014752191743352,47,0
23.162,-0.0013277897493352,47,0
23.164,-0.0011803603243352,47,0
23.166,-0.0013227289243352,47,0
23.168,-0.0014650975243352,47,0
23.17,-0.0014926274443352,47,0
23.172,-0.0015201573643352,47,0
23.174,-0.0015476872843352,47,0
23.176,-0.0015752172043352,47,0
23.178,-0.0016027471243352,47,0
23.18,-0.0012225046243352,47,0
23.182,-0.0012747282243352,47,0
23.184,-0.0013637406643352,47,0
23.186,-0.0014527531043352,47,0
23.188,-0.0015417655443352,47,0
23.19,-0.0016307779843352,47,0
23.192,-0.0017197904243352,47,0
23.194,-0.0012401827243352,47,0
23.196,-0.0012388880243352,47,0
23.198,-0.0013657589443352,47,0
23.2,-0.0014926298643352,47,0
23.202,-0.0016195007843352,47,0
23.204,-0.0017463717043352,47,0
23.206,-0.0018732426243352,47,0
23.208,-0.0013373820243352,47,0
23.21,-0.0011963081243352,47,0
23.212,-0.0017554975243352,47,0
23.214,-0.0016817510493352,47,0
23.216,-0.0016080045743352,47,0
23.218,-0.0015342580993352,47,0
23.22,-0.0014605116243352,47,0
23.222,-0.0013265706743352,47,0
23.224,-0.0011926297243352,47,0
23.226,-0.0012486406243352,47,0
23.228,-0.0014735796243352,47,0
23.23,-0.0015248634576686,47,0
23.232,-0.0015761472910019,47,0
23.234,-0.0016274311243352,47,0
23.236,-0.0014231891743352,47,0
23.238,-0.0012189472243352,47,0
23.24,-0.0012613698243352,47,0
23.242,-0.0013563330443352,47,0
23.244,-0.0014512962643352,47,0
23.246,-0.0015462594843352,47,0
23.248,-0.0016412227043352,47,0
23.25,-0.0017361859243352,47,0
23.252,-0.0012632211243352,47,0
23.254,-0.0012533596243352,47,0
23.256,-0.0013736433043352,47,0
23.258,-0.0014939269843352,47,0
23.26,-0.0016142106643352,47,0
23.262,-0.0017344943443352,47,0
23.264,-0.0018547780243352,47,0
23.266,-0.0013238784243352,47,0
23.268,-0.0012057582243352,47,0
23.27,-0.0011970583243352,47,0
23.272,-0.0011979827643352,47,0
23.274,-0.0011989072043352,47,0
23.276,-0.0011998316443352,47,0
23.278,-0.0012007560843352,47,0
23.28,-0.0012016805243352,47,0
23.282,-0.0012444056243352,47,0
23.284,-0.0013573107243352,47,0
23.286,-0.0014702158243352,47,0
23.288,-0.0014996702493352,47,0
23.29,-0.0015291246743352,47,0
23.292,-0.0015585790993352,47,0
23.294,-0.0015880335243352,47,0
23.296,-0.0012185600243352,47,0
23.298,-0.0012661735243352,47,0
23.3,-0.0012893813243352,47,0
23.302,-0.0012789228910019,47,0
23.304,-0.0012684644576686,47,0
23.306,-0.0012580060243352,47,0
23.308,-0.0012506976243352,47,0
23.31,-0.0012270844743352,47,0
23.312,-0.0012034713243352,47,0
23.314,-0.0013391873443352,47,0
23.316,-0.0014749033643352,47,0
23.318,-0.0016106193843352,47,0
23.32,-0.0017463354043352,47,0
23.322,-0.0018820514243352,47,0
23.324,-0.0013401892243352,47,0
23.326,-0.0012081177243352,47,0
23.328,-0.0011992363243352,47,0
23.33,-0.0017661213243352,47,0
23.332,-0.0018387979576686,47,0
23.334,-0.0019114745910019,47,0
23.336,-0.0019841512243352,47,0
23.338,-0.0014476735243352,47,0
23.34,-0.0011923151243352,47,0
23.342,-0.0014864056243352,47,0
23.344,-0.0015087640043352,47,0
23.346,-0.0015311223843352,47,0
23.348,-0.0015534807643352,47,0
23.35,-0.0015758391443352,47,0
23.352,-0.0015981975243352,47,0
23.354,-0.0012135385243352,47,0
23.356,-0.0012520044243352,47,0
23.358,-0.0012640318243352,47,0
23.36,-0.0013765950993352,47,0
23.362,-0.0014891583743352,47,0
23.364,-0.0016017216493352,47,0
23.366,-0.0017142849243352,47,0
23.368,-0.0012371335243352,47,0
23.37,-0.0012438490243352,47,0
23.372,-0.0011954853243352,47,0
23.374,-0.0013643831743352,47,0
23.376,-0.0015332810243352,47,0
23.378,-0.0017021788743352,47,0
23.38,-0.0018710767243352,47,0
23.382,-0.0013254030243352,47,0
23.384,-0.0011885157243352,47,0
23.386,-0.0011875114243352,47,0
23.388,-0.0017754020243352,47,0
23.39,-0.0018441824576686,47,0
23.392,-0.0019129628910019,47,0
23.394,-0.0019817433243352,47,0
23.396,-0.0014390341243352,47,0
23.398,-0.0012108039243352,47,0
23.4,-0.0012412838243352,47,0
23.402,-0.0014516907243352,47,0
23.404,-0.0014819739993352,47,0
23.406,-0.0015122572743352,47,0
23.408,-0.0015425405493352,47,0
23.41,-0.0015728238243352,47,0
23.412,-0.0012030720243352,47,0
23.414,-0.0012600872243352,47,0
23.416,-0.0012816615243352,47,0
23.418,-0.0013935955993352,47,0
23.42,-0.0015055296743352,47,0
23.422,-0.0016174637493352,47,0
23.424,-0.0017293978243352,47,0
23.426,-0.0012643948243352,47,0
23.428,-0.0012534564243352,47,0
23.43,-0.0011836515243352,47,0
23.432,-0.0013553474993352,47,0
23.434,-0.0015270434743352,47,0
23.436,-0.0016987394493352,47,0
23.438,-0.0018704354243352,47,0
23.44,-0.0013430448243352,47,0
23.442,-0.0012287482243352,47,0
23.444,-0.0015035452743352,47,0
23.446,-0.0017783423243352,47,0
23.448,-0.0016694745910019,47,0
23.45,-0.0015606068576686,47,0
23.452,-0.0014517391243352,47,0
23.454,-0.0013195103243352,47,0
23.456,-0.0011872815243352,47,0
23.458,-0.0012473701243352,47,0
23.46,-0.0014685581243352,47,0
23.462,-0.0015073668576686,47,0
23.464,-0.0015461755910019,47,0
23.466,-0.0015849843243352,47,0
23.468,-0.0014054989743352,47,0
23.47,-0.0012260136243352,47,0
23.472,-0.0012660283243352,47,0
23.474,-0.0012548297743352,47,0
23.476,-0.0012436312243352,47,0
23.478,-0.0012324326743352,47,0
23.48,-0.0012212341243352,47,0
23.482,-0.0012269735576686,47,0
23.484,-0.0012327129910019,47,0
23.486,-0.0012384524243352,47,0
23.488,-0.0011751573243352,47,0
23.49,-0.0013407669993352,47,0
23.492,-0.0015063766743352,47,0
23.494,-0.0016719863493352,47,0
23.496,-0.0018375960243352,47,0
23.498,-0.0012050685243352,47,0
23.5,-0.0011934948743352,48,0
23.502,-0.0011819212243352,48,0
23.504,-0.0017675733243352,48,0
23.506,-0.0018386366243352,48,0
23.508,-0.0019096999243352,48,0
23.51,-0.0019807632243352,48,0
23.512,-0.0012000228243352,48,0
23.514,-0.0012241865243352,48,0
23.516,-0.0012483502243352,48,0
23.518,-0.0014974650243352,48,0
23.52,-0.0015178141993352,48,0
23.522,-0.0015381633743352,48,0
23.524,-0.0015585125493352,48,0
23.526,-0.0015788617243352,48,0
23.528,-0.0011913955243352,48,0
23.53,-0.0012417194243352,48,0
23.532,-0.0012714370243352,48,0
23.534,-0.0013831048993352,48,0
23.536,-0.0014947727743352,48,0
23.538,-0.0016064406493352,48,0
23.54,-0.0017181085243352,48,0
23.542,-0.0012503588243352,48,0
23.544,-0.0012341085243352,48,0
23.546,-0.0011772264243352,48,0
23.548,-0.0013451441743352,48,0
23.55,-0.0015130619243352,48,0
23.552,-0.0016809796743352,48,0
23.554,-0.0018488974243352,48,0
23.556,-0.0013116574243352,48,0
23.558,-0.0012150389243352,48,0
23.56,-0.0012028542243352,48,0
23.562,-0.0018135412243352,48,0
23.564,-0.0018722020243352,48,0
23.566,-0.0019308628243352,48,0
23.568,-0.0019895236243352,48,0
23.57,-0.0014614191243352,48,0
23.572,-0.0011980021243352,48,0
23.574,-0.0014972109243352,48,0
23.576,-0.0014392761243352,48,0
23.578,-0.0013813413243352,48,0
23.58,-0.0013234065243352,48,0
23.582,-0.0012654717243352,48,0
23.584,-0.0012075369243352,48,0
23.586,-0.0012411325743352,48,0
23.588,-0.0012747282243352,48,0
23.59,-0.0012984079243352,48,0
23.592,-0.0014038261493352,48,0
23.594,-0.0015092443743352,48,0
23.596,-0.0016146625993352,48,0
23.598,-0.0017200808243352,48,0
23.6,-0.0012380773243352,48,0
23.602,-0.0012352822243352,48,0
23.604,-0.0011947714243352,48,0
23.606,-0.0013606230993352,48,0
23.608,-0.0015264747743352,48,0
23.61,-0.0016923264493352,48,0
23.612,-0.0018581781243352,48,0
23.614,-0.0013336915243352,48,0
23.616,-0.0012101868243352,48,0
23.618,-0.0017947862243352,48,0
23.62,-0.0018554354576686,48,0
23.622,-0.0019160846910019,48,0
23.624,-0.0019767339243352,48,0
23.626,-0.0014363116243352,48,0
23.628,-0.0013098303243352,48,0
23.63,-0.0011833490243352,48,0
23.632,-0.0012423486243352,48,0
23.634,-0.0013060406043352,48,0
23.636,-0.0013697325843352,48,0
23.638,-0.0014334245643352,48,0
23.64,-0.0014971165443352,48,0
23.642,-0.0015608085243352,48,0
23.644,-0.0012071860243352,48,0
23.646,-0.0012769788243352,48,0
23.648,-0.0013658363843352,48,0
23.65,-0.0014546939443352,48,0
23.652,-0.0015435515043352,48,0
23.654,-0.0016324090643352,48,0
23.656,-0.0017212666243352,48,0
23.658,-0.0012597605243352,48,0
23.66,-0.0012559853243352,48,0
23.662,-0.0012710812843352,48,0
23.664,-0.0012861772443352,48,0
23.666,-0.0013012732043352,48,0
23.668,-0.0013163691643352,48,0
23.67,-0.0013314651243352,48,0
23.672,-0.0015762481243352,48,0
23.674,-0.0018210311243352,48,0
23.676,-0.0018608007993352,48,0
23.678,-0.0019005704743352,48,0
23.68,-0.0019403401493352,48,0
23.682,-0.0019801098243352,48,0
23.684,-0.0017023906243352,48,0
23.686,-0.0014246714243352,48,0
23.688,-0.0012011844243352,48,0
23.69,-0.0014940165243352,48,0
23.692,-0.0015135338243352,48,0
23.694,-0.0015330511243352,48,0
23.696,-0.0015525684243352,48,0
23.698,-0.0015720857243352,48,0
23.7,-0.0012077547243352,48,0
23.702,-0.0012659557243352,48,0
23.704,-0.0013090680243352,48,0
23.706,-0.0013880882843352,48,0
23.708,-0.0014671085443352,48,0
23.71,-0.0015461288043352,48,0
23.712,-0.0016251490643352,48,0
23.714,-0.0017041693243352,48,0
23.716,-0.0012593249243352,48,0
23.718,-0.0012553319243352,48,0
23.72,-0.0011878381243352,48,0
23.722,-0.0013542494243352,48,0
23.724,-0.0015206607243352,48,0
23.726,-0.0016870720243352,48,0
23.728,-0.0018534833243352,48,0
23.73,-0.0013161707243352,48,0
23.732,-0.0012094124243352,48,0
23.734,-0.0012120865243352,48,0
23.736,-0.0018188289243352,48,0
23.738,-0.0017276160993352,48,0
23.74,-0.0016364032743352,48,0
23.742,-0.0015451904493352,48,0
23.744,-0.0014539776243352,48,0
23.746,-0.0012404247243352,48,0
23.748,-0.0012459705576686,48,0
23.75,-0.0012515163910019,48,0
23.752,-0.0012570622243352,48,0
23.754,-0.0012626080576686,48,0
23.756,-0.0012681538910019,48,0
23.758,-0.0012736997243352,48,0
23.76,-0.0012774023243352,48,0
23.762,-0.0013465921410019,48,0
23.764,-0.0014157819576686,48,0
23.766,-0.0014849717743352,48,0
23.768,-0.0015541615910019,48,0
23.77,-0.0016233514076686,48,0
23.772,-0.0016925412243352,48,0
23.774,-0.0012375691243352,48,0
23.776,-0.0012532628243352,48,0
23.778,-0.0012063390243352,48,0
23.78,-0.0013743898743352,48,0
23.782,-0.0015424407243352,48,0
23.784,-0.0017104915743352,48,0
23.786,-0.0018785424243352,48,0
23.788,-0.0013626589243352,48,0
23.79,-0.0012520649243352,48,0
23.792,-0.0012330679243352,48,0
23.794,-0.0018458361243352,48,0
23.796,-0.0018951839576686,48,0
23.798,-0.0019445317910019,48,0
23.8,-0.0019938796243352,48,0
23.802,-0.0014340852243352,48,0
23.804,-0.0012591434243352,48,0
23.806,-0.0013912512243352,48,0
23.808,-0.0015233590243352,48,0
23.81,-0.0015333939576686,48,0
23.812,-0.0015434288910019,48,0
23.814,-0.0015534638243352,48,0
23.816,-0.0013711289243352,48,0
23.818,-0.0011887940243352,48,0
23.82,-0.0013006101243352,48,0
23.822,-0.0013793593443352,48,0
23.824,-0.0014581085643352,48,0
23.826,-0.0015368577843352,48,0
23.828,-0.0016156070043352,48,0
23.83,-0.0016943562243352,48,0
23.832,-0.0012425059243352,48,0
23.834,-0.0012428447243352,48,0
23.836,-0.0011990790243352,48,0
23.838,-0.0014166491243352,48,0
23.84,-0.0016342192243352,48,0
23.842,-0.0018517893243352,48,0
23.844,-0.0015873861743352,48,0
23.846,-0.0013229830243352,48,0
23.848,-0.0012183059243352,48,0
23.85,-0.0018612878243352,48,0
23.852,-0.0018916588243352,48,0
23.854,-0.0019220298243352,48,0
23.856,-0.0019524008243352,48,0
23.858,-0.0019827718243352,48,0
23.86,-0.0014498636243352,48,0
23.862,-0.0012078878243352,48,0
23.864,-0.0012506492243352,48,0
23.866,-0.0015498943243352,48,0
23.868,-0.0014675447493352,48,0
23.87,-0.0013851951743352,48,0
23.872,-0.0013028455993352,48,0
23.874,-0.0012204960243352,48,0
23.876,-0.0012479146243352,48,0
23.878,-0.0012753332243352,48,0
23.88,-0.0013147308243352,48,0
23.882,-0.0014444266910019,48,0
23.884,-0.0015741225576686,48,0
23.886,-0.0017038184243352,48,0
23.888,-0.0014706816743352,48,0
23.89,-0.0012375449243352,48,0
23.892,-0.0012018378243352,48,0
23.894,-0.0013352282243352,48,0
23.896,-0.0014686186243352,48,0
23.898,-0.0016020090243352,48,0
23.9,-0.0017353994243352,48,0
23.902,-0.0018687898243352,48,0
23.904,-0.0012496933243352,48,0
23.906,-0.0012457729243352,48,0
23.908,-0.0012418525243352,48,0
23.91,-0.0018715728243352,48,0
23.912,-0.0019117004576686,48,0
23.914,-0.0019518280910019,48,0
23.916,-0.0019919557243352,48,0
23.918,-0.0011857327243352,48,0
23.92,-0.0012322572243352,48,0
23.922,-0.0015477526243352,48,0
23.924,-0.0015565154443352,48,0
23.926,-0.0015652782643352,48,0
23.928,-0.0015740410843352,48,0
23.93,-0.0015828039043352,48,0
23.932,-0.0015915667243352,48,0
23.934,-0.0012184874243352,48,0
23.936,-0.0013206961243352,48,0
23.938,-0.0013931509243352,48,0
23.94,-0.0014656057243352,48,0
23.942,-0.0015380605243352,48,0
23.944,-0.0016105153243352,48,0
23.946,-0.0016829701243352,48,0
23.948,-0.0012542792243352,48,0
23.95,-0.0012381559743352,48,0
23.952,-0.0012220327243352,48,0
23.954,-0.0013796654743352,48,0
23.956,-0.0015372982243352,48,0
23.958,-0.0016949309743352,48,0
23.96,-0.0018525637243352,48,0
23.962,-0.0013219182243352,48,0
23.964,-0.0012272720243352,48,0
23.966,-0.0012313594043352,48,0
23.968,-0.0012354467843352,48,0
23.97,-0.0012395341643352,48,0
23.972,-0.0012436215443352,48,0
23.974,-0.0012477089243352,48,0
23.976,-0.0013959097243352,48,0
23.978,-0.0015441105243352,48,0
23.98,-0.0015452890643352,48,0
23.982,-0.0015464676043352,48,0
23.984,-0.0015476461443352,48,0
23.986,-0.0015488246843352,48,0
23.988,-0.0015500032243352,48,0
23.99,-0.0011989580243352,48,0
23.992,-0.0013314772243352,48,0
23.994,-0.0014070949643352,48,0
23.996,-0.0014827127043352,48,0
23.998,-0.0015583304443352,48,0
24.0,-0.0016339481843352,49,0
24.002,-0.0017095659243352,49,0
24.004,-0.0012523916243352,49,0
24.006,-0.0012533354243352,49,0
24.008,-0.0013685225843352,49,0
24.01,-0.0014837097443352,49,0
24.012,-0.0015988969043352,49,0
24.014,-0.0017140840643352,49,0
24.016,-0.0018292712243352,49,0
24.018,-0.0013159771243352,49,0
24.02,-0.0012224078243352,49,0
24.022,-0.0012650530643352,49,0
24.024,-0.0013076983043352,49,0
24.026,-0.0013503435443352,49,0
24.028,-0.0013929887843352,49,0
24.03,-0.0014356340243352,49,0
24.032,-0.0011975302243352,49,0
24.034,-0.0012387791243352,49,0
24.036,-0.0015638940243352,49,0
24.038,-0.0015634281743352,49,0
24.04,-0.0015629623243352,49,0
24.042,-0.0015624964743352,49,0
24.044,-0.0015620306243352,49,0
24.046,-0.0012185721243352,49,0
24.048,-0.0012767489243352,49,0
24.05,-0.0013436740243352,49,0
24.052,-0.0014325485243352,49,0
24.054,-0.0015214230243352,49,0
24.056,-0.0016102975243352,49,0
24.058,-0.0016991720243352,49,0
24.06,-0.0012374481243352,49,0
24.062,-0.0012466441243352,49,0
24.064,-0.0012176404243352,49,0
24.066,-0.0012429747993352,49,0
24.068,-0.0012683091743352,49,0
24.07,-0.0012936435493352,49,0
24.072,-0.0013189779243352,49,0
24.074,-0.0012169265243352,49,0
24.076,-0.0012134417243352,49,0
24.078,-0.0012099569243352,49,0
24.08,-0.0018865284243352,49,0
24.082,-0.0017763669993352,49,0
24.084,-0.0016662055743352,49,0
24.086,-0.0015560441493352,49,0
24.088,-0.0014458827243352,49,0
24.09,-0.0012155229243352,49,0
24.092,-0.0015684920243352,49,0
24.094,-0.0015707402043352,49,0
24.096,-0.0015729883843352,49,0
24.098,-0.0015752365643352,49,0
24.1,-0.0015774847443352,49,0
24.102,-0.0015797329243352,49,0
24.104,-0.0012150147243352,49,0
24.106,-0.0012627371243352,49,0
24.108,-0.0013432626243352,49,0
24.11,-0.0014669730243352,49,0
24.112,-0.0015906834243352,49,0
24.114,-0.0017143938243352,49,0
24.116,-0.0014902050243352,49,0
24.118,-0.0012660162243352,49,0
24.12,-0.0012673109243352,49,0
24.122,-0.0012195764243352,49,0
24.124,-0.0014367996576686,49,0
24.126,-0.0016540228910019,49,0
24.128,-0.0018712461243352,49,0
24.13,-0.0015965700743352,49,0
24.132,-0.0013218940243352,49,0
24.134,-0.0012117114243352,49,0
24.136,-0.0012033503243352,49,0
24.138,-0.0018765822243352,49,0
24.14,-0.0019105751576686,49,0
24.142,-0.0019445680910019,49,0
24.144,-0.0019785610243352,49,0
24.146,-0.0014413936243352,49,0
24.148,-0.0012167934243352,49,0
24.15,-0.0012697914243352,49,0
24.152,-0.0015756068243352,49,0
24.154,-0.0014892642493352,49,0
24.156,-0.0014029216743352,49,0
24.158,-0.0013165790993352,49,0
24.16,-0.0012302365243352,49,0
24.162,-0.0012603473743352,49,0
24.164,-0.0012904582243352,49,0
24.166,-0.0013511034243352,49,0
24.168,-0.0014377121993352,49,0
24.17,-0.0015243209743352,49,0
24.172,-0.0016109297493352,49,0
24.174,-0.0016975385243352,49,0
24.176,-0.0012369399243352,49,0
24.178,-0.0012622289243352,49,0
24.18,-0.0012099448243352,49,0
24.182,-0.0013672206243352,49,0
24.184,-0.0015244964243352,49,0
24.186,-0.0016817722243352,49,0
24.188,-0.0018390480243352,49,0
24.19,-0.0013277746243352,49,0
24.192,-0.0012271026243352,49,0
24.194,-0.0012089163243352,49,0
24.196,-0.0019032748243352,49,0
24.198,-0.0019413716743352,49,0
24.2,-0.0019794685243352,49,0
24.202,-0.0016996802243352,49,0
24.204,-0.0014198919243352,49,0
24.206,-0.0012026848243352,49,0
24.208,-0.0015673425243352,49,0
24.21,-0.0015679807993352,49,0
24.212,-0.0015686190743352,49,0
24.214,-0.0015692573493352,49,0
24.216,-0.0015698956243352,49,0
24.218,-0.0013890066743352,49,0
24.22,-0.0012081177243352,49,0
24.222,-0.0013290572243352,49,0
24.224,-0.0014000890643352,49,0
24.226,-0.0014711209043352,49,0
24.228,-0.0015421527443352,49,0
24.23,-0.0016131845843352,49,0
24.232,-0.0016842164243352,49,0
24.234,-0.0012484107243352,49,0
24.236,-0.0012800643243352,49,0
24.238,-0.0012343142243352,49,0
24.24,-0.0013898718243352,49,0
24.242,-0.0015454294243352,49,0
24.244,-0.0017009870243352,49,0
24.246,-0.0018565446243352,49,0
24.248,-0.0013429359243352,49,0
24.25,-0.0012481445243352,49,0
24.252,-0.0012100779243352,49,0
24.254,-0.0018931471243352,49,0
24.256,-0.0017363028910019,49,0
24.258,-0.0015794586576686,49,0
24.26,-0.0014226144243352,49,0
24.262,-0.0012326928243352,49,0
24.264,-0.0012256540814781,49,0
24.266,-0.001218615338621,49,0
24.268,-0.0012115765957638,49,0
24.27,-0.0012045378529067,49,0
24.272,-0.0011974991100495,49,0
24.274,-0.0011904603671924,49,0
24.276,-0.0011834216243352,49,0
24.278,-0.0012119776243352,49,0
24.28,-0.0012405336243352,49,0
24.282,-0.0013362809243352,49,0
24.284,-0.0014257120243352,49,0
24.286,-0.0015151431243352,49,0
24.288,-0.0016045742243352,49,0
24.29,-0.0016940053243352,49,0
24.292,-0.0012517382243352,49,0
24.294,-0.0012748855243352,49,0
24.296,-0.0012152930243352,49,0
24.298,-0.0018214788243352,49,0
24.3,-0.0012982264243352,49,0
24.302,-0.0012739961743352,49,0
24.304,-0.0012497659243352,49,0
24.306,-0.0012255356743352,49,0
24.308,-0.0012013054243352,49,0
24.31,-0.0018869761243352,49,0
24.312,-0.0019066537493352,49,0
24.314,-0.0019263313743352,49,0
24.316,-0.0019460089993352,49,0
24.318,-0.0019656866243352,49,0
24.32,-0.0014267647243352,49,0
24.322,-0.0012063269243352,49,0
24.324,-0.0015780873243352,49,0
24.326,-0.0014813387493352,49,0
24.328,-0.0013845901743352,49,0
24.33,-0.0012878415993352,49,0
24.332,-0.0011910930243352,49,0
24.334,-0.0012084928243352,49,0
24.336,-0.0012258926243352,49,0
24.338,-0.0012432924243352,49,0
24.34,-0.0013345457843352,49,0
24.342,-0.0014257991443352,49,0
24.344,-0.0015170525043352,49,0
24.346,-0.0016083058643352,49,0
24.348,-0.0016995592243352,49,0
24.35,-0.0012493787243352,49,0
24.352,-0.0012274777243352,49,0
24.354,-0.0013761262243352,49,0
24.356,-0.0015247747243352,49,0
24.358,-0.0016734232243352,49,0
24.36,-0.0018220717243352,49,0
24.362,-0.0015619701243352,49,0
24.364,-0.0013018685243352,49,0
24.366,-0.0012248278243352,49,0
24.368,-0.0012057098243352,49,0
24.37,-0.0019068322243352,49,0
24.372,-0.0019162339243352,49,0
24.374,-0.0019256356243352,49,0
24.376,-0.0019350373243352,49,0
24.378,-0.0013806395243352,49,0
24.38,-0.0011810742243352,49,0
24.382,-0.0012376901243352,49,0
24.384,-0.0012979505443352,49,0
24.386,-0.0013582109643352,49,0
24.388,-0.0014184713843352,49,0
24.39,-0.0014787318043352,49,0
24.392,-0.0015389922243352,49,0
24.394,-0.0012038343243352,49,0
24.396,-0.0013444484243352,49,0
24.398,-0.0014152334243352,49,0
24.4,-0.0014860184243352,49,0
24.402,-0.0015568034243352,49,0
24.404,-0.0016275884243352,49,0
24.406,-0.0016983734243352,49,0
24.408,-0.0012611762243352,49,0
24.41,-0.0012116025243352,49,0
24.412,-0.0013345046443352,49,0
24.414,-0.0014574067643352,49,0
24.416,-0.0015803088843352,49,0
24.418,-0.0017032110043352,49,0
24.42,-0.0018261131243352,49,0
24.422,-0.0012943302243352,49,0
24.424,-0.0012078515243352,49,0
24.426,-0.0012174347243352,49,0
24.428,-0.0019186055243352,49,0
24.43,-0.0016604157243352,49,0
24.432,-0.0014022259243352,49,0
24.434,-0.0012003495243352,49,0
24.436,-0.0012479267243352,49,0
24.438,-0.0014273697243352,49,0
24.44,-0.0016068127243352,49,0
24.442,-0.0015934373843352,49,0
24.444,-0.0015800620443352,49,0
24.446,-0.0015666867043352,49,0
24.448,-0.0015533113643352,49,0
24.45,-0.0015399360243352,49,0
24.452,-0.0012164667243352,49,0
24.454,-0.0012871186243352,49,0
24.456,-0.0013509824243352,49,0
24.458,-0.0013092212910019,49,0
24.46,-0.0012674601576686,49,0
24.462,-0.0012256990243352,49,0
24.464,-0.0012293532243352,49,0
24.466,-0.0012282279243352,49,0
24.468,-0.0013468660043352,49,0
24.47,-0.0014655040843352,49,0
24.472,-0.0015841421643352,49,0
24.474,-0.0017027802443352,49,0
24.476,-0.0018214183243352,49,0
24.478,-0.0015706458243352,49,0
24.48,-0.0013198733243352,49,0
24.482,-0.0012449138243352,49,0
24.484,-0.0012187899243352,49,0
24.486,-0.0019239537243352,49,0
24.488,-0.0019411639576686,49,0
24.49,-0.0019583741910019,49,0
24.492,-0.0019755844243352,49,0
24.494,-0.0014081912243352,49,0
24.496,-0.0012588288243352,49,0
24.498,-0.0016110961243352,49,0
24.5,-0.0015876584243352,50,0
24.502,-0.0015642207243352,50,0
24.504,-0.0015407830243352,50,0
24.506,-0.0013782255743352,50,0
24.508,-0.0012156681243352,50,0
24.51,-0.0012742805243352,50,0
24.512,-0.0013726928493352,50,0
24.514,-0.0014711051743352,50,0
24.516,-0.0015695174993352,50,0
24.518,-0.0016679298243352,50,0
24.52,-0.0015189223576686,50,0
24.522,-0.0013699148910019,50,0
24.524,-0.0012209074243352,50,0
24.526,-0.0012488826243352,50,0
24.528,-0.0014392357910019,50,0
24.53,-0.0016295889576686,50,0
24.532,-0.0018199421243352,50,0
24.534,-0.0015572027243352,50,0
24.536,-0.0012944633243352,50,0
24.538,-0.0012190198243352,50,0
24.54,-0.0012073675243352,50,0
24.542,-0.0015724184743352,50,0
24.544,-0.0019374694243352,50,0
24.546,-0.0019333715576686,50,0
24.548,-0.0019292736910019,50,0
24.55,-0.0019251758243352,50,0
24.552,-0.0013713830243352,50,0
24.554,-0.0012452405243352,50,0
24.556,-0.0014272971243352,50,0
24.558,-0.0016093537243352,50,0
24.56,-0.0015856377243352,50,0
24.562,-0.0015619217243352,50,0
24.564,-0.0015382057243352,50,0
24.566,-0.0015144897243352,50,0
24.568,-0.0011890602243352,50,0
24.57,-0.0012555376243352,50,0
24.572,-0.0013690719243352,50,0
24.574,-0.0014787705243352,50,0
24.576,-0.0015884691243352,50,0
24.578,-0.0016981677243352,50,0
24.58,-0.0014701250743352,50,0
24.582,-0.0012420824243352,50,0
24.584,-0.0012622047243352,50,0
24.586,-0.0013778831443352,50,0
24.588,-0.0014935615643352,50,0
24.59,-0.0016092399843352,50,0
24.592,-0.0017249184043352,50,0
24.594,-0.0018405968243352,50,0
24.596,-0.0013020500243352,50,0
24.598,-0.0011963323243352,50,0
24.6,-0.0012179066243352,50,0
24.602,-0.0019463992243352,50,0
24.604,-0.0017688115576686,50,0
24.606,-0.0015912238910019,50,0
24.608,-0.0014136362243352,50,0
24.61,-0.0012083960243352,50,0
24.612,-0.0012368552243352,50,0
24.614,-0.0012653144243352,50,0
24.616,-0.0016414671243352,50,0
24.618,-0.0016129685993352,50,0
24.62,-0.0015844700743352,50,0
24.622,-0.0015559715493352,50,0
24.624,-0.0015274730243352,50,0
24.626,-0.0011971188243352,50,0
24.628,-0.0012674803243352,50,0
24.63,-0.0013509896843352,50,0
24.632,-0.0014344990443352,50,0
24.634,-0.0015180084043352,50,0
24.636,-0.0016015177643352,50,0
24.638,-0.0016850271243352,50,0
24.64,-0.0012488947243352,50,0
24.642,-0.0013487419076686,50,0
24.644,-0.0014485890910019,50,0
24.646,-0.0015484362743352,50,0
24.648,-0.0016482834576686,50,0
24.65,-0.0017481306410019,50,0
24.652,-0.0018479778243352,50,0
24.654,-0.0013131820243352,50,0
24.656,-0.0012297525243352,50,0
24.658,-0.0012146275243352,50,0
24.66,-0.0019491096243352,50,0
24.662,-0.0019595841910019,50,0
24.664,-0.0019700587576686,50,0
24.666,-0.0019805333243352,50,0
24.668,-0.0014084937243352,50,0
24.67,-0.0011952675243352,50,0
24.672,-0.0016464160243352,50,0
24.674,-0.0016267051243352,50,0
24.676,-0.0016069942243352,50,0
24.678,-0.0015872833243352,50,0
24.68,-0.0015675724243352,50,0
24.682,-0.0015478615243352,50,0
24.684,-0.0012137321243352,50,0
24.686,-0.0012712676243352,50,0
24.688,-0.0013955830243352,50,0
24.69,-0.0013502745743352,50,0
24.692,-0.0013049661243352,50,0
24.694,-0.0012596576743352,50,0
24.696,-0.0012143492243352,50,0
24.698,-0.0012565056243352,50,0
24.7,-0.0015469782243352,50,0
24.702,-0.0018374508243352,50,0
24.704,-0.0016677805910019,50,0
24.706,-0.0014981103576686,50,0
24.708,-0.0013284401243352,50,0
24.71,-0.0012803728743352,50,0
24.712,-0.0012323056243352,50,0
24.714,-0.0019749431243352,50,0
24.716,-0.0019730595576686,50,0
24.718,-0.0019711759910019,50,0
24.72,-0.0019692924243352,50,0
24.722,-0.0016917244743352,50,0
24.724,-0.0014141565243352,50,0
24.726,-0.0011983288243352,50,0
24.728,-0.0012415984243352,50,0
24.73,-0.0013021202043352,50,0
24.732,-0.0013626419843352,50,0
24.734,-0.0014231637643352,50,0
24.736,-0.0014836855443352,50,0
24.738,-0.0015442073243352,50,0
24.74,-0.0012047297243352,50,0
24.742,-0.0013933929243352,50,0
24.744,-0.0014504855643352,50,0
24.746,-0.0015075782043352,50,0
24.748,-0.0015646708443352,50,0
24.75,-0.0016217634843352,50,0
24.752,-0.0016788561243352,50,0
24.754,-0.0012498990243352,50,0
24.756,-0.0012740143243352,50,0
24.758,-0.0013841751443352,50,0
24.76,-0.0014943359643352,50,0
24.762,-0.0016044967843352,50,0
24.764,-0.0017146576043352,50,0
24.766,-0.0018248184243352,50,0
24.768,-0.0012441031243352,50,0
24.77,-0.0019851071243352,50,0
24.772,-0.0018921771076686,50,0
24.774,-0.0017992470910019,50,0
24.776,-0.0017063170743352,50,0
24.778,-0.0016133870576686,50,0
24.78,-0.0015204570410019,50,0
24.782,-0.0014275270243352,50,0
24.784,-0.0012144944243352,50,0
24.786,-0.0012498385243352,50,0
24.788,-0.0016671191243352,50,0
24.79,-0.0015587152243352,50,0
24.792,-0.0014503113243352,50,0
24.794,-0.0013419074243352,50,0
24.796,-0.0012335035243352,50,0
24.798,-0.0012897322243352,50,0
24.8,-0.0013508372243352,50,0
24.802,-0.0014119422243352,50,0
24.804,-0.0014790215993352,50,0
24.806,-0.0015461009743352,50,0
24.808,-0.0016131803493352,50,0
24.81,-0.0016802597243352,50,0
24.812,-0.0012451558243352,50,0
24.814,-0.0012688355243352,50,0
24.816,-0.0013853778843352,50,0
24.818,-0.0015019202443352,50,0
24.82,-0.0016184626043352,50,0
24.822,-0.0017350049643352,50,0
24.824,-0.0018515473243352,50,0
24.826,-0.0013373215243352,50,0
24.828,-0.0012525005243352,50,0
24.83,-0.0014281138743352,50,0
24.832,-0.0016037272243352,50,0
24.834,-0.0017793405743352,50,0
24.836,-0.0019549539243352,50,0
24.838,-0.0014001931243352,50,0
24.84,-0.0012505403243352,50,0
24.842,-0.0016780454243352,50,0
24.844,-0.0015841300643352,50,0
24.846,-0.0014902147043352,50,0
24.848,-0.0013962993443352,50,0
24.85,-0.0013023839843352,50,0
24.852,-0.0012084686243352,50,0
24.854,-0.0012368249743352,50,0
24.856,-0.0012651813243352,50,0
24.858,-0.0014002052243352,50,0
24.86,-0.0014657720993352,50,0
24.862,-0.0015313389743352,50,0
24.864,-0.0015969058493352,50,0
24.866,-0.0016624727243352,50,0
24.868,-0.0012384403243352,50,0
24.87,-0.0012436917243352,50,0
24.872,-0.0013863628243352,50,0
24.874,-0.0015290339243352,50,0
24.876,-0.0016717050243352,50,0
24.878,-0.0018143761243352,50,0
24.88,-0.0015480490743352,50,0
24.882,-0.0012817220243352,50,0
24.884,-0.0012017531243352,50,0
24.886,-0.0015839981743352,50,0
24.888,-0.0019662432243352,50,0
24.89,-0.0019593583243352,50,0
24.892,-0.0019524734243352,50,0
24.894,-0.0019455885243352,50,0
24.896,-0.0013973012243352,50,0
24.898,-0.0012335035243352,50,0
24.9,-0.0014255910243352,50,0
24.902,-0.0016176785243352,50,0
24.904,-0.0015745944576686,50,0
24.906,-0.0015315103910019,50,0
24.908,-0.0014884263243352,50,0
24.91,-0.0011746733243352,50,0
24.912,-0.0012494392243352,50,0
24.914,-0.0013717218243352,50,0
24.916,-0.0013425910743352,50,0
24.918,-0.0013134603243352,50,0
24.92,-0.0012843295743352,50,0
24.922,-0.0012551988243352,50,0
24.924,-0.0012835128243352,50,0
24.926,-0.0012286393243352,50,0
24.928,-0.0013381104443352,50,0
24.93,-0.0014475815643352,50,0
24.932,-0.0015570526843352,50,0
24.934,-0.0016665238043352,50,0
24.936,-0.0017759949243352,50,0
24.938,-0.0012252029243352,50,0
24.94,-0.0012151357243352,50,0
24.942,-0.0015910343243352,50,0
24.944,-0.0019669329243352,50,0
24.946,-0.0019606570576686,50,0
24.948,-0.0019543811910019,50,0
24.95,-0.0019481053243352,50,0
24.952,-0.0013847293243352,50,0
24.954,-0.0011979053243352,50,0
24.956,-0.0012284820243352,50,0
24.958,-0.0016597139243352,50,0
24.96,-0.0016188975993352,50,0
24.962,-0.0015780812743352,50,0
24.964,-0.0015372649493352,50,0
24.966,-0.0014964486243352,50,0
24.968,-0.0011972156243352,50,0
24.97,-0.0012650240243352,50,0
24.972,-0.0013622112243352,50,0
24.974,-0.0014350592743352,50,0
24.976,-0.0015079073243352,50,0
24.978,-0.0015807553743352,50,0
24.98,-0.0016536034243352,50,0
24.982,-0.0012234484243352,50,0
24.984,-0.0012633784243352,50,0
24.986,-0.0012377627243352,50,0
24.988,-0.0012631666743352,50,0
24.99,-0.0012885706243352,50,0
24.992,-0.0012600791576686,50,0
24.994,-0.0012315876910019,50,0
24.996,-0.0012030962243352,50,0
24.998,-0.0013208332576686,50,0
25.0,-0.0014385702910019,51,0
25.002,-0.0015563073243352,51,0
25.004,-0.0016740443576686,51,0
25.006,-0.0017917813910019,51,0
25.008,-0.0019095184243352,51,0
25.01,-0.0013640746243352,51,0
25.012,-0.0012462569243352,51,0
25.014,-0.0014542922243352,51,0
25.016,-0.0016623275243352,51,0
25.018,-0.0016174970243352,51,0
25.02,-0.0015726665243352,51,0
25.022,-0.0015278360243352,51,0
25.024,-0.0012224078243352,51,0
25.026,-0.0012693800243352,51,0
25.028,-0.0013896056243352,51,0
25.03,-0.0014538142743352,51,0
25.032,-0.0015180229243352,51,0
25.034,-0.0015822315743352,51,0
25.036,-0.0016464402243352,51,0
25.038,-0.0014399234743352,51,0
25.04,-0.0012334067243352,51,0
25.042,-0.0012745104243352,51,0
25.044,-0.0012392510243352,51,0
25.046,-0.0013827691243352,51,0
25.048,-0.0015262872243352,51,0
25.05,-0.0016698053243352,51,0
25.052,-0.0018133234243352,51,0
25.054,-0.0013001745243352,51,0
25.056,-0.0012551262243352,51,0
25.058,-0.0012257958243352,51,0
25.06,-0.0014681668910019,51,0
25.062,-0.0017105379576686,51,0
25.064,-0.0019529090243352,51,0
25.066,-0.0014085179243352,51,0
25.068,-0.0013333103743352,51,0
25.07,-0.0012581028243352,51,0
25.072,-0.0014658053743352,51,0
25.074,-0.0016735079243352,51,0
25.076,-0.0016291886493352,51,0
25.078,-0.0015848693743352,51,0
25.08,-0.0015405500993352,51,0
25.082,-0.0014962308243352,51,0
25.084,-0.0012016926243352,51,0
25.086,-0.0012652297243352,51,0
25.088,-0.0013974827243352,51,0
25.09,-0.0014641446493352,51,0
25.092,-0.0015308065743352,51,0
25.094,-0.0015974684993352,51,0
25.096,-0.0016641304243352,51,0
25.098,-0.0012370004243352,51,0
25.1,-0.0012485922243352,51,0
25.102,-0.0013555610643352,51,0
25.104,-0.0014625299043352,51,0
25.106,-0.0015694987443352,51,0
25.108,-0.0016764675843352,51,0
25.11,-0.0017834364243352,51,0
25.112,-0.0013111492243352,51,0
25.114,-0.0012858844243352,51,0
25.116,-0.0012381983243352,51,0
25.118,-0.0014147494243352,51,0
25.12,-0.0015913005243352,51,0
25.122,-0.0017678516243352,51,0
25.124,-0.0019444027243352,51,0
25.126,-0.0014038352243352,51,0
25.128,-0.0012393599243352,51,0
25.13,-0.0012734093243352,51,0
25.132,-0.0016854990243352,51,0
25.134,-0.0016391287993352,51,0
25.136,-0.0015927585743352,51,0
25.138,-0.0015463883493352,51,0
25.14,-0.0015000181243352,51,0
25.142,-0.0012694042243352,51,0
25.144,-0.0014047306243352,51,0
25.146,-0.0014488157643352,51,0
25.148,-0.0014929009043352,51,0
25.15,-0.0015369860443352,51,0
25.152,-0.0015810711843352,51,0
25.154,-0.0016251563243352,51,0
25.156,-0.0012169144243352,51,0
25.158,-0.0012812985243352,51,0
25.16,-0.0013857529843352,51,0
25.162,-0.0014902074443352,51,0
25.164,-0.0015946619043352,51,0
25.166,-0.0016991163643352,51,0
25.168,-0.0018035708243352,51,0
25.17,-0.0012870218243352,51,0
25.172,-0.0012435949243352,51,0
25.174,-0.0012209437243352,51,0
25.176,-0.0013933747743352,51,0
25.178,-0.0015658058243352,51,0
25.18,-0.0017382368743352,51,0
25.182,-0.0019106679243352,51,0
25.184,-0.0013903921243352,51,0
25.186,-0.0012280706243352,51,0
25.188,-0.0012657016243352,51,0
25.19,-0.0016912586243352,51,0
25.192,-0.0016457958993352,51,0
25.194,-0.0016003331743352,51,0
25.196,-0.0015548704493352,51,0
25.198,-0.0015094077243352,51,0
25.2,-0.0012225772243352,51,0
25.202,-0.0012965324243352,51,0
25.204,-0.0014389978243352,51,0
25.206,-0.0015135378576686,51,0
25.208,-0.0015880778910019,51,0
25.21,-0.0016626179243352,51,0
25.212,-0.0014584909243352,51,0
25.214,-0.0012543639243352,51,0
25.216,-0.0012842146243352,51,0
25.218,-0.0012610552243352,51,0
25.22,-0.0012665637493352,51,0
25.222,-0.0012720722743352,51,0
25.224,-0.0012775807993352,51,0
25.226,-0.0012830893243352,51,0
25.228,-0.0012214640243352,51,0
25.23,-0.0012111185243352,51,0
25.232,-0.0012007730243352,51,0
25.234,-0.0013828356743352,51,0
25.236,-0.0015648983243352,51,0
25.238,-0.0017469609743352,51,0
25.24,-0.0019290236243352,51,0
25.242,-0.0013640746243352,51,0
25.244,-0.0011985950243352,51,0
25.246,-0.0012390937243352,51,0
25.248,-0.0016622307243352,51,0
25.25,-0.0016235954243352,51,0
25.252,-0.0015849601243352,51,0
25.254,-0.0015463248243352,51,0
25.256,-0.0015076895243352,51,0
25.258,-0.0012787696243352,51,0
25.26,-0.0014098368243352,51,0
25.262,-0.0014580771043352,51,0
25.264,-0.0015063173843352,51,0
25.266,-0.0015545576643352,51,0
25.268,-0.0016027979443352,51,0
25.27,-0.0016510382243352,51,0
25.272,-0.0012352943243352,51,0
25.274,-0.0012761560243352,51,0
25.276,-0.0012636930243352,51,0
25.278,-0.0012721932743352,51,0
25.28,-0.0012806935243352,51,0
25.282,-0.0012891937743352,51,0
25.284,-0.0012976940243352,51,0
25.286,-0.0012745769743352,51,0
25.288,-0.0012514599243352,51,0
25.29,-0.0012203024243352,51,0
25.292,-0.0015690849243352,51,0
25.294,-0.0019178674243352,51,0
25.296,-0.0016471178243352,51,0
25.298,-0.0013763682243352,51,0
25.3,-0.0012596395243352,51,0
25.302,-0.0014687093743352,51,0
25.304,-0.0016777792243352,51,0
25.306,-0.0016418107643352,51,0
25.308,-0.0016058423043352,51,0
25.31,-0.0015698738443352,51,0
25.312,-0.0015339053843352,51,0
25.314,-0.0014979369243352,51,0
25.316,-0.0012677828243352,51,0
25.318,-0.0014298260243352,51,0
25.32,-0.0014637011843352,51,0
25.322,-0.0014975763443352,51,0
25.324,-0.0015314515043352,51,0
25.326,-0.0015653266643352,51,0
25.328,-0.0015992018243352,51,0
25.33,-0.0012199878243352,51,0
25.332,-0.0012869734243352,51,0
25.334,-0.0012634147243352,51,0
25.336,-0.0013932477243352,51,0
25.338,-0.0015230807243352,51,0
25.34,-0.0016529137243352,51,0
25.342,-0.0017827467243352,51,0
25.344,-0.0012785518243352,51,0
25.346,-0.0012299703243352,51,0
25.348,-0.0014015604243352,51,0
25.35,-0.0015731505243352,51,0
25.352,-0.0017447406243352,51,0
25.354,-0.0019163307243352,51,0
25.356,-0.0012235573243352,51,0
25.358,-0.0012530934243352,51,0
25.36,-0.0017004425243352,51,0
25.362,-0.0016688756410019,51,0
25.364,-0.0016373087576686,51,0
25.366,-0.0016057418743352,51,0
25.368,-0.0015741749910019,51,0
25.37,-0.0015426081076686,51,0
25.372,-0.0015110412243352,51,0
25.374,-0.0012212825243352,51,0
25.376,-0.0013053170243352,51,0
25.378,-0.0014458101243352,51,0
25.38,-0.0015156553576686,51,0
25.382,-0.0015855005910019,51,0
25.384,-0.0016553458243352,51,0
25.386,-0.0012398802243352,51,0
25.388,-0.0012813106243352,51,0
25.39,-0.0013616808410019,51,0
25.392,-0.0014420510576686,51,0
25.394,-0.0015224212743352,51,0
25.396,-0.0016027914910019,51,0
25.398,-0.0016831617076686,51,0
25.4,-0.0017635319243352,51,0
25.402,-0.0012794835243352,51,0
25.404,-0.0012187899243352,51,0
25.406,-0.0013596968443352,51,0
25.408,-0.0015006037643352,51,0
25.41,-0.0016415106843352,51,0
25.412,-0.0017824176043352,51,0
25.414,-0.0019233245243352,51,0
25.416,-0.0013710200243352,51,0
25.418,-0.0012167692243352,51,0
25.42,-0.0012498748243352,51,0
25.422,-0.0017015678243352,51,0
25.424,-0.0016503454993352,51,0
25.426,-0.0015991231743352,51,0
25.428,-0.0015479008493352,51,0
25.43,-0.0014966785243352,51,0
25.432,-0.0012034108243352,51,0
25.434,-0.0012696583243352,51,0
25.436,-0.0014346055243352,51,0
25.438,-0.0014873252243352,51,0
25.44,-0.0015400449243352,51,0
25.442,-0.0015927646243352,51,0
25.444,-0.0016454843243352,51,0
25.446,-0.0012444661243352,51,0
25.448,-0.0012862474243352,51,0
25.45,-0.0012536742243352,51,0
25.452,-0.0013906250493352,51,0
25.454,-0.0015275758743352,51,0
25.456,-0.0016645266993352,51,0
25.458,-0.0018014775243352,51,0
25.46,-0.0012995090243352,51,0
25.462,-0.0012589256243352,51,0
25.464,-0.0014309603993352,51,0
25.466,-0.0016029951743352,51,0
25.468,-0.0017750299493352,51,0
25.47,-0.0019470647243352,51,0
25.472,-0.0015997221243352,51,0
25.474,-0.0012523795243352,51,0
25.476,-0.0017134863243352,51,0
25.478,-0.0016741613243352,51,0
25.48,-0.0016348363243352,51,0
25.482,-0.0015955113243352,51,0
25.484,-0.0015561863243352,51,0
25.486,-0.0015168613243352,51,0
25.488,-0.0012252392243352,51,0
25.49,-0.0012902646243352,51,0
25.492,-0.0014457859243352,51,0
25.494,-0.0015262710910019,51,0
25.496,-0.0016067562576686,51,0
25.498,-0.0016872414243352,51,0
25.5,-0.0012649030243352,52,0
25.502,-0.0012858602243352,52,0
25.504,-0.0013692413243352,52,0
25.506,-0.0014526224243352,52,0
25.508,-0.0015360035243352,52,0
25.51,-0.0016193846243352,52,0
25.512,-0.0017027657243352,52,0
25.514,-0.0017861468243352,52,0
25.516,-0.0012919465243352,52,0
25.518,-0.0012660404243352,52,0
25.52,-0.0012389969243352,52,0
25.522,-0.0014141020743352,52,0
25.524,-0.0015892072243352,52,0
25.526,-0.0017643123743352,52,0
25.528,-0.0019394175243352,52,0
25.53,-0.0013949659243352,52,0
25.532,-0.0012359719243352,52,0
25.534,-0.0017349275243352,52,0
25.536,-0.0016916942243352,52,0
25.538,-0.0016484609243352,52,0
25.54,-0.0016052276243352,52,0
25.542,-0.0015619943243352,52,0
25.544,-0.0015187610243352,52,0
25.546,-0.0012231096243352,52,0
25.548,-0.0012895749243352,52,0
25.55,-0.0013633921843352,52,0
25.552,-0.0014372094443352,52,0
25.554,-0.0015110267043352,52,0
25.556,-0.0015848439643352,52,0
25.558,-0.0016586612243352,52,0
25.56,-0.0012524037243352,52,0
25.562,-0.0012955523243352,52,0
25.564,-0.0012956128243352,52,0
25.566,-0.0014310632493352,52,0
25.568,-0.0015665136743352,52,0
25.57,-0.0017019640993352,52,0
25.572,-0.0018374145243352,52,0
25.574,-0.0012715459243352,52,0
25.576,-0.0014082928643352,52,0
25.578,-0.0015450398043352,52,0
25.58,-0.0016817867443352,52,0
25.582,-0.0018185336843352,52,0
25.584,-0.0019552806243352,52,0
25.586,-0.0013972165243352,52,0
25.588,-0.0012333825243352,52,0
25.59,-0.0017333908243352,52,0
25.592,-0.0016873285443352,52,0
25.594,-0.0016412662643352,52,0
25.596,-0.0015952039843352,52,0
25.598,-0.0015491417043352,52,0
25.6,-0.0015030794243352,52,0
25.602,-0.0012146638243352,52,0
25.604,-0.0012697672243352,52,0
25.606,-0.0014547641243352,52,0
25.608,-0.0015499850743352,52,0
25.61,-0.0016452060243352,52,0
25.612,-0.0014529793743352,52,0
25.614,-0.0012607527243352,52,0
25.616,-0.0012811835743352,52,0
25.618,-0.0013016144243352,52,0
25.62,-0.0013993388643352,52,0
25.622,-0.0014970633043352,52,0
25.624,-0.0015947877443352,52,0
25.626,-0.0016925121843352,52,0
25.628,-0.0017902366243352,52,0
25.63,-0.0012831861243352,52,0
25.632,-0.0012362018243352,52,0
25.634,-0.0013685903443352,52,0
25.636,-0.0015009788643352,52,0
25.638,-0.0016333673843352,52,0
25.64,-0.0017657559043352,52,0
25.642,-0.0018981444243352,52,0
25.644,-0.0013667729243352,52,0
25.646,-0.0012177251243352,52,0
25.648,-0.0012454704243352,52,0
25.65,-0.0012933622243352,52,0
25.652,-0.0013412540243352,52,0
25.654,-0.0013891458243352,52,0
25.656,-0.0014370376243352,52,0
25.658,-0.0014849294243352,52,0
25.66,-0.0012127278243352,52,0
25.662,-0.0012931323243352,52,0
25.664,-0.0013648393443352,52,0
25.666,-0.0014365463643352,52,0
25.668,-0.0015082533843352,52,0
25.67,-0.0015799604043352,52,0
25.672,-0.0016516674243352,52,0
25.674,-0.0012455672243352,52,0
25.676,-0.0012895870243352,52,0
25.678,-0.0012902985043352,52,0
25.68,-0.0012910099843352,52,0
25.682,-0.0012917214643352,52,0
25.684,-0.0012924329443352,52,0
25.686,-0.0012931444243352,52,0
25.688,-0.0012600388243352,52,0
25.69,-0.0012156681243352,52,0
25.692,-0.0013638544043352,52,0
25.694,-0.0015120406843352,52,0
25.696,-0.0016602269643352,52,0
25.698,-0.0018084132443352,52,0
25.7,-0.0019565995243352,52,0
25.702,-0.0014005803243352,52,0
25.704,-0.0012340601243352,52,0
25.706,-0.0012801611243352,52,0
25.708,-0.0017743735243352,52,0
25.71,-0.0017107547493352,52,0
25.712,-0.0016471359743352,52,0
25.714,-0.0015835171993352,52,0
25.716,-0.0015198984243352,52,0
25.718,-0.0012381378243352,52,0
25.72,-0.0014581400243352,52,0
25.722,-0.0014929686643352,52,0
25.724,-0.0015277973043352,52,0
25.726,-0.0015626259443352,52,0
25.728,-0.0015974545843352,52,0
25.73,-0.0016322832243352,52,0
25.732,-0.0012770151243352,52,0
25.734,-0.0013614932910019,52,0
25.736,-0.0014459714576686,52,0
25.738,-0.0015304496243352,52,0
25.74,-0.0016149277910019,52,0
25.742,-0.0016994059576686,52,0
25.744,-0.0017838841243352,52,0
25.746,-0.0012890183243352,52,0
25.748,-0.0012494150243352,52,0
25.75,-0.0014243568243352,52,0
25.752,-0.0015992986243352,52,0
25.754,-0.0017742404243352,52,0
25.756,-0.0019491822243352,52,0
25.758,-0.0014063399243352,52,0
25.76,-0.0013223417243352,52,0
25.762,-0.0012383435243352,52,0
25.764,-0.0017553523243352,52,0
25.766,-0.0017027681443352,52,0
25.768,-0.0016501839643352,52,0
25.77,-0.0015975997843352,52,0
25.772,-0.0015450156043352,52,0
25.774,-0.0014924314243352,52,0
25.776,-0.0012128004243352,52,0
25.778,-0.0012998236243352,52,0
25.78,-0.0014665374243352,52,0
25.782,-0.0015525200243352,52,0
25.784,-0.0016385026243352,52,0
25.786,-0.0013045063243352,52,0
25.788,-0.0013001503243352,52,0
25.79,-0.0013690840243352,52,0
25.792,-0.0014380177243352,52,0
25.794,-0.0015069514243352,52,0
25.796,-0.0015758851243352,52,0
25.798,-0.0016448188243352,52,0
25.8,-0.0017137525243352,52,0
25.802,-0.0017826862243352,52,0
25.804,-0.0012969075243352,52,0
25.806,-0.0012381257243352,52,0
25.808,-0.0013743330043352,52,0
25.81,-0.0015105402843352,52,0
25.812,-0.0016467475643352,52,0
25.814,-0.0017829548443352,52,0
25.816,-0.0019191621243352,52,0
25.818,-0.0013766344243352,52,0
25.82,-0.0012297041243352,52,0
25.822,-0.0017600350243352,52,0
25.824,-0.0016534824243352,52,0
25.826,-0.0015469298243352,52,0
25.828,-0.0014403772243352,52,0
25.83,-0.0013338246243352,52,0
25.832,-0.0012272720243352,52,0
25.834,-0.0012534564243352,52,0
25.836,-0.0012796408243352,52,0
25.838,-0.0014775363243352,52,0
25.84,-0.0015143051993352,52,0
25.842,-0.0015510740743352,52,0
25.844,-0.0015878429493352,52,0
25.846,-0.0016246118243352,52,0
25.848,-0.0012444298243352,52,0
25.85,-0.0012935679243352,52,0
25.852,-0.0013878003043352,52,0
25.854,-0.0014820326843352,52,0
25.856,-0.0015762650643352,52,0
25.858,-0.0016704974443352,52,0
25.86,-0.0017647298243352,52,0
25.862,-0.0012145428243352,52,0
25.864,-0.0013335221243352,52,0
25.866,-0.0014525014243352,52,0
25.868,-0.0015714807243352,52,0
25.87,-0.0016904600243352,52,0
25.872,-0.0018094393243352,52,0
25.874,-0.0019284186243352,52,0
25.876,-0.0012352096243352,52,0
25.878,-0.0012441575743352,52,0
25.88,-0.0012531055243352,52,0
25.882,-0.0017497137243352,52,0
25.884,-0.0016829761743352,52,0
25.886,-0.0016162386243352,52,0
25.888,-0.0015495010743352,52,0
25.89,-0.0014827635243352,52,0
25.892,-0.0011998413243352,52,0
25.894,-0.0012577398243352,52,0
25.896,-0.0014723333243352,52,0
25.898,-0.0014154481993352,52,0
25.9,-0.0013585630743352,52,0
25.902,-0.0013016779493352,52,0
25.904,-0.0012447928243352,52,0
25.906,-0.0012713644243352,52,0
25.908,-0.0012979360243352,52,0
25.91,-0.0012787091243352,52,0
25.912,-0.0013964542243352,52,0
25.914,-0.0015141993243352,52,0
25.916,-0.0016319444243352,52,0
25.918,-0.0017496895243352,52,0
25.92,-0.0012531902243352,52,0
25.922,-0.0012262193243352,52,0
25.924,-0.0012002890243352,52,0
25.926,-0.0012473035743352,52,0
25.928,-0.0012943181243352,52,0
25.93,-0.0013413326743352,52,0
25.932,-0.0013883472243352,52,0
25.934,-0.0013175138243352,52,0
25.936,-0.0012466804243352,52,0
25.938,-0.0012482655243352,52,0
25.94,-0.0017415946243352,52,0
25.942,-0.0016731691243352,52,0
25.944,-0.0016047436243352,52,0
25.946,-0.0015363181243352,52,0
25.948,-0.0014678926243352,52,0
25.95,-0.0012115420243352,52,0
25.952,-0.0012706142243352,52,0
25.954,-0.0014573293243352,52,0
25.956,-0.0015002449993352,52,0
25.958,-0.0015431606743352,52,0
25.96,-0.0015860763493352,52,0
25.962,-0.0016289920243352,52,0
25.964,-0.0012392510243352,52,0
25.966,-0.0012772571243352,52,0
25.968,-0.0012759745243352,52,0
25.97,-0.0014369972910019,52,0
25.972,-0.0015980200576686,52,0
25.974,-0.0017590428243352,52,0
25.976,-0.0012641649243352,52,0
25.978,-0.0012464868243352,52,0
25.98,-0.0012090494243352,52,0
25.982,-0.0013453268843352,52,0
25.984,-0.0014816043443352,52,0
25.986,-0.0016178818043352,52,0
25.988,-0.0017541592643352,52,0
25.99,-0.0018904367243352,52,0
25.992,-0.0013386283243352,52,0
25.994,-0.0012092188243352,52,0
25.996,-0.0012410297243352,52,0
25.998,-0.0017611845243352,52,0
26.0,-0.0016933458743352,53,1
26.002,-0.0016255072243352,53,1
26.004,-0.0015576685743352,53,1
26.006,-0.0014898299243352,53,1
26.008,-0.0012684362243352,53,1
26.01,-0.0013660045743352,53,1
26.012,-0.0014635729243352,53,1
26.014,-0.0015132877910019,53,1
26.016,-0.0015630026576686,53,1
26.018,-0.0016127175243352,53,1
26.02,-0.0012221658243352,53,1
26.022,-0.0012559066743352,53,1
26.024,-0.0012896475243352,53,1
26.026,-0.0012930355243352,53,1
26.028,-0.0014142775243352,53,1
26.03,-0.0015355195243352,53,1
26.032,-0.0016567615243352,53,1
26.034,-0.0017780035243352,53,1
26.036,-0.0012359719243352,53,1
26.038,-0.0012261830243352,53,1
26.04,-0.0012163941243352,53,1
26.042,-0.0013866743993352,53,1
26.044,-0.0015569546743352,53,1
26.046,-0.0017272349493352,53,1
26.048,-0.0018975152243352,53,1
26.05,-0.0012287603243352,53,1
26.052,-0.0012432803243352,53,1
26.054,-0.0017476809243352,53,1
26.056,-0.0016950556043352,53,1
26.058,-0.0016424302843352,53,1
26.06,-0.0015898049643352,53,1
26.062,-0.0015371796443352,53,1
26.064,-0.0014845543243352,53,1
26.066,-0.0012162973243352,53,1
26.068,-0.0014880875243352,53,1
26.07,-0.0015164692843352,53,1
26.072,-0.0015448510443352,53,1
26.074,-0.0015732328043352,53,1
26.076,-0.0016016145643352,53,1
26.078,-0.0016299963243352,53,1
26.08,-0.0012563120243352,53,1
26.082,-0.0012972100243352,53,1
26.084,-0.0014600679576686,53,1
26.086,-0.0016229258910019,53,1
26.088,-0.0017857838243352,53,1
26.09,-0.0012984563243352,53,1
26.092,-0.0012794956243352,53,1
26.094,-0.0012408240243352,53,1
26.096,-0.0013555400910019,53,1
26.098,-0.0014702561576686,53,1
26.1,-0.0015849722243352,53,1
26.102,-0.0016996882910019,53,1
26.104,-0.0018144043576686,53,1
26.106,-0.0019291204243352,53,1
26.108,-0.0013882504243352,53,1
26.11,-0.0012339270243352,53,1
26.112,-0.0012552109243352,53,1
26.114,-0.0013105895993352,53,1
26.116,-0.0013659682743352,53,1
26.118,-0.0014213469493352,53,1
26.12,-0.0014767256243352,53,1
26.122,-0.0012620232243352,53,1
26.124,-0.0014620362243352,53,1
26.126,-0.0014939052043352,53,1
26.128,-0.0015257741843352,53,1
26.13,-0.0015576431643352,53,1
26.132,-0.0015895121443352,53,1
26.134,-0.0016213811243352,53,1
26.136,-0.0012382225243352,53,1
26.138,-0.0012719573243352,53,1
26.14,-0.0013056921243352,53,1
26.142,-0.0012985410243352,53,1
26.144,-0.0014143440743352,53,1
26.146,-0.0015301471243352,53,1
26.148,-0.0016459501743352,53,1
26.15,-0.0017617532243352,53,1
26.152,-0.0012810807243352,53,1
26.154,-0.0012641770243352,53,1
26.156,-0.0012128246243352,53,1
26.158,-0.0013859816743352,53,1
26.16,-0.0015591387243352,53,1
26.162,-0.0017322957743352,53,1
26.164,-0.0019054528243352,53,1
26.166,-0.0013817406243352,53,1
26.168,-0.0012440547243352,53,1
26.17,-0.0012436796243352,53,1
26.172,-0.0017718204243352,53,1
26.174,-0.0017028383243352,53,1
26.176,-0.0016338562243352,53,1
26.178,-0.0015648741243352,53,1
26.18,-0.0014958920243352,53,1
26.182,-0.0012196974243352,53,1
26.184,-0.0012980933243352,53,1
26.186,-0.0015192450243352,53,1
26.188,-0.0015543471243352,53,1
26.19,-0.0015894492243352,53,1
26.192,-0.0016245513243352,53,1
26.194,-0.0014386892743352,53,1
26.196,-0.0012528272243352,53,1
26.198,-0.0012857392243352,53,1
26.2,-0.0012645279243352,53,1
26.202,-0.0013920891493352,53,1
26.204,-0.0015196503743352,53,1
26.206,-0.0016472115993352,53,1
26.208,-0.0017747728243352,53,1
26.21,-0.0012963146243352,53,1
26.212,-0.0012627492243352,53,1
26.214,-0.0012052016243352,53,1
26.216,-0.0013755242493352,53,1
26.218,-0.0015458468743352,53,1
26.22,-0.0017161694993352,53,1
26.222,-0.0018864921243352,53,1
26.224,-0.0012431835243352,53,1
26.226,-0.0012492456243352,53,1
26.228,-0.0015136245743352,53,1
26.23,-0.0017780035243352,53,1
26.232,-0.0017009507243352,53,1
26.234,-0.0016238979243352,53,1
26.236,-0.0015468451243352,53,1
26.238,-0.0014697923243352,53,1
26.24,-0.0012097149243352,53,1
26.242,-0.0012749823243352,53,1
26.244,-0.0014860184243352,53,1
26.246,-0.0015147831493352,53,1
26.248,-0.0015435478743352,53,1
26.25,-0.0015723125993352,53,1
26.252,-0.0016010773243352,53,1
26.254,-0.0012245495243352,53,1
26.256,-0.0012847470243352,53,1
26.258,-0.0012648425243352,53,1
26.26,-0.0013903527993352,53,1
26.262,-0.0015158630743352,53,1
26.264,-0.0016413733493352,53,1
26.266,-0.0017668836243352,53,1
26.268,-0.0012881108243352,53,1
26.27,-0.0012314223243352,53,1
26.272,-0.0014015815993352,53,1
26.274,-0.0015717408743352,53,1
26.276,-0.0017419001493352,53,1
26.278,-0.0019120594243352,53,1
26.28,-0.0016383755743352,53,1
26.282,-0.0013646917243352,53,1
26.284,-0.0012275019243352,53,1
26.286,-0.0012490883243352,53,1
26.288,-0.0012946375643352,53,1
26.29,-0.0013401868043352,53,1
26.292,-0.0013857360443352,53,1
26.294,-0.0014312852843352,53,1
26.296,-0.0014768345243352,53,1
26.298,-0.0012184632243352,53,1
26.3,-0.0014663922243352,53,1
26.302,-0.0015039173493352,53,1
26.304,-0.0015414424743352,53,1
26.306,-0.0015789675993352,53,1
26.308,-0.0016164927243352,53,1
26.31,-0.0012772692243352,53,1
26.312,-0.0012857210743352,53,1
26.314,-0.0012941729243352,53,1
26.316,-0.0013880834443352,53,1
26.318,-0.0014819939643352,53,1
26.32,-0.0015759044843352,53,1
26.322,-0.0016698150043352,53,1
26.324,-0.0017637255243352,53,1
26.326,-0.0012667180243352,53,1
26.328,-0.0012503346243352,53,1
26.33,-0.0012144097243352,53,1
26.332,-0.0013800224243352,53,1
26.334,-0.0015456351243352,53,1
26.336,-0.0017112478243352,53,1
26.338,-0.0018768605243352,53,1
26.34,-0.0012165272243352,53,1
26.342,-0.0012142282243352,53,1
26.344,-0.0017535615243352,53,1
26.346,-0.0016980031643352,53,1
26.348,-0.0016424448043352,53,1
26.35,-0.0015868864443352,53,1
26.352,-0.0015313280843352,53,1
26.354,-0.0014757697243352,53,1
26.356,-0.0012098480243352,53,1
26.358,-0.0012610189243352,53,1
26.36,-0.0014807065243352,53,1
26.362,-0.0014226567743352,53,1
26.364,-0.0013646070243352,53,1
26.366,-0.0013065572743352,53,1
26.368,-0.0012485075243352,53,1
26.37,-0.0012787272743352,53,1
26.372,-0.0013089470243352,53,1
26.374,-0.0013517326243352,53,1
26.376,-0.0015060358576686,53,1
26.378,-0.0016603390910019,53,1
26.38,-0.0018146423243352,53,1
26.382,-0.0015854501743352,53,1
26.384,-0.0013562580243352,53,1
26.386,-0.0013606987243352,53,1
26.388,-0.0014052206743352,53,1
26.39,-0.0014497426243352,53,1
26.392,-0.0014942645743352,53,1
26.394,-0.0015387865243352,53,1
26.396,-0.0015833084743352,53,1
26.398,-0.0016278304243352,53,1
26.4,-0.0015566945243352,53,1
26.402,-0.0016229319410019,53,1
26.404,-0.0016891693576686,53,1
26.406,-0.0017554067743352,53,1
26.408,-0.0018216441910019,53,1
26.41,-0.0018878816076686,53,1
26.412,-0.0019541190243352,53,1
26.414,-0.0016736047243352,53,1
26.416,-0.0017112599243352,53,1
26.418,-0.0019054165243352,53,1
26.42,-0.0019243681493352,53,1
26.422,-0.0019433197743352,53,1
26.424,-0.0019622713993352,53,1
26.426,-0.0019812230243352,53,1
26.428,-0.0016661148243352,53,1
26.43,-0.0016119915243352,53,1
26.432,-0.0015902236243352,53,1
26.434,-0.0015684557243352,53,1
26.436,-0.0015466878243352,53,1
26.438,-0.0015249199243352,53,1
26.44,-0.0015031520243352,53,1
26.442,-0.0014813841243352,53,1
26.444,-0.0014077677243352,53,1
26.446,-0.0013371279243352,53,1
26.448,-0.0014994857243352,53,1
26.45,-0.0016618435243352,53,1
26.452,-0.0018242013243352,53,1
26.454,-0.0019865591243352,53,1
26.456,-0.0014549335243352,53,1
26.458,-0.0013291056243352,53,1
26.46,-0.0013111371243352,53,1
26.462,-0.0018190588243352,53,1
26.464,-0.0017302236493352,53,1
26.466,-0.0016413884743352,53,1
26.468,-0.0015525532993352,53,1
26.47,-0.0014637181243352,53,1
26.472,-0.0011836515243352,53,1
26.474,-0.0012324871243352,53,1
26.476,-0.0014475283243352,53,1
26.478,-0.0013659349993352,53,1
26.48,-0.0012843416743352,53,1
26.482,-0.0012027483493352,53,1
26.484,-0.0011211550243352,53,1
26.486,-0.0011455970243352,53,1
26.488,-0.0011700390243352,53,1
26.49,-0.0011855996243352,53,1
26.492,-0.0012874180993352,53,1
26.494,-0.0013892365743352,53,1
26.496,-0.0014910550493352,53,1
26.498,-0.0015928735243352,53,1
26.5,-0.0011091276243352,54,1
26.502,-0.0011123946243352,54,1
26.504,-0.0019899229243352,54,1
26.506,-0.0019271995493352,54,1
26.508,-0.0018644761743352,54,1
26.51,-0.0018017527993352,54,1
26.512,-0.0017390294243352,54,1
26.514,-0.0012081177243352,54,1
26.516,-0.0010740013243352,54,1
26.518,-0.0010756590243352,54,1
26.52,-0.0016338804243352,54,1
26.522,-0.0017018219243352,54,1
26.524,-0.0017697634243352,54,1
26.526,-0.0018377049243352,54,1
26.528,-0.0012985289243352,54,1
26.53,-0.0010702382243352,54,1
26.532,-0.0011222682243352,54,1
26.534,-0.0013164490243352,54,1
26.536,-0.0013529385910019,54,1
26.538,-0.0013894281576686,54,1
26.54,-0.0014259177243352,54,1
26.542,-0.0010358016243352,54,1
26.544,-0.0010689979743352,54,1
26.546,-0.0011021943243352,54,1
26.548,-0.0011951368443352,54,1
26.55,-0.0012880793643352,54,1
26.552,-0.0013810218843352,54,1
26.554,-0.0014739644043352,54,1
26.556,-0.0015669069243352,54,1
26.558,-0.0010999195243352,54,1
26.56,-0.0011047232243352,54,1
26.562,-0.0010699599243352,54,1
26.564,-0.0012308505993352,54,1
26.566,-0.0013917412743352,54,1
26.568,-0.0015526319493352,54,1
26.57,-0.0017135226243352,54,1
26.572,-0.0012096423243352,54,1
26.574,-0.0010893562243352,54,1
26.576,-0.0011035616243352,54,1
26.578,-0.0016745969243352,54,1
26.58,-0.0017383558576686,54,1
26.582,-0.0018021147910019,54,1
26.584,-0.0018658737243352,54,1
26.586,-0.0013096367243352,54,1
26.588,-0.0010644423243352,54,1
26.59,-0.0011359170243352,54,1
26.592,-0.0013675110243352,54,1
26.594,-0.0013973496243352,54,1
26.596,-0.0014271882243352,54,1
26.598,-0.0014570268243352,54,1
26.6,-0.0014868654243352,54,1
26.602,-0.0011257772243352,54,1
26.604,-0.0012080209243352,54,1
26.606,-0.0013475913993352,54,1
26.608,-0.0014871618743352,54,1
26.61,-0.0016267323493352,54,1
26.612,-0.0017663028243352,54,1
26.614,-0.0015306250743352,54,1
26.616,-0.0012949473243352,54,1
26.618,-0.0013147187243352,54,1
26.62,-0.0012310351243352,54,1
26.622,-0.0014159261493352,54,1
26.624,-0.0016008171743352,54,1
26.626,-0.0017857081993352,54,1
26.628,-0.0019705992243352,54,1
26.63,-0.0014419018243352,54,1
26.632,-0.0013197160243352,54,1
26.634,-0.0013323363243352,54,1
26.636,-0.0019246797243352,54,1
26.638,-0.0018666239243352,54,1
26.64,-0.0018085681243352,54,1
26.642,-0.0017505123243352,54,1
26.644,-0.0016924565243352,54,1
26.646,-0.0014529249243352,54,1
26.648,-0.0018179698243352,54,1
26.65,-0.0018494274043352,54,1
26.652,-0.0018808849843352,54,1
26.654,-0.0019123425643352,54,1
26.656,-0.0019438001443352,54,1
26.658,-0.0019752577243352,54,1
26.66,-0.0016203284243352,54,1
26.662,-0.0016770169243352,54,1
26.664,-0.0016901333243352,54,1
26.666,-0.0016950610493352,54,1
26.668,-0.0016999887743352,54,1
26.67,-0.0017049164993352,54,1
26.672,-0.0017098442243352,54,1
26.674,-0.0017224614993352,54,1
26.676,-0.0017350787743352,54,1
26.678,-0.0017476960493352,54,1
26.68,-0.0017603133243352,54,1
26.682,-0.0017729305993352,54,1
26.684,-0.0017855478743352,54,1
26.686,-0.0017981651493352,54,1
26.688,-0.0018107824243352,54,1
26.69,-0.0016798967243352,54,1
26.692,-0.0016575238243352,54,1
26.694,-0.0017081453843352,54,1
26.696,-0.0017587669443352,54,1
26.698,-0.0018093885043352,54,1
26.7,-0.0018600100643352,54,1
26.702,-0.0019106316243352,54,1
26.704,-0.0016311458243352,54,1
26.706,-0.0016786504243352,54,1
26.708,-0.0016604907443352,54,1
26.71,-0.0016423310643352,54,1
26.712,-0.0016241713843352,54,1
26.714,-0.0016060117043352,54,1
26.716,-0.0015878520243352,54,1
26.718,-0.0016123968743352,54,1
26.72,-0.0016369417243352,54,1
26.722,-0.0016494813576686,54,1
26.724,-0.0016620209910019,54,1
26.726,-0.0016745606243352,54,1
26.728,-0.0016871002576686,54,1
26.73,-0.0016996398910019,54,1
26.732,-0.0017121795243352,54,1
26.734,-0.0016954573243352,54,1
26.736,-0.0016415155243352,54,1
26.738,-0.0016695209743352,54,1
26.74,-0.0016975264243352,54,1
26.742,-0.0017255318743352,54,1
26.744,-0.0017535373243352,54,1
26.746,-0.0016976958243352,54,1
26.748,-0.0016418543243352,54,1
26.75,-0.0016498241910019,54,1
26.752,-0.0016577940576686,54,1
26.754,-0.0016657639243352,54,1
26.756,-0.0016737337910019,54,1
26.758,-0.0016817036576686,54,1
26.76,-0.0016896735243352,54,1
26.762,-0.0019473551243352,54,1
26.764,-0.0019036049814781,54,1
26.766,-0.001859854838621,54,1
26.768,-0.0018161046957638,54,1
26.77,-0.0017723545529067,54,1
26.772,-0.0017286044100495,54,1
26.774,-0.0016848542671924,54,1
26.776,-0.0016411041243352,54,1
26.778,-0.0016716082243352,54,1
26.78,-0.0016702409243352,54,1
26.782,-0.0016514036443352,54,1
26.784,-0.0016325663643352,54,1
26.786,-0.0016137290843352,54,1
26.788,-0.0015948918043352,54,1
26.79,-0.0015760545243352,54,1
26.792,-0.0015614740243352,54,1
26.794,-0.0015077984243352,54,1
26.796,-0.0015200466493352,54,1
26.798,-0.0015322948743352,54,1
26.8,-0.0015445430993352,54,1
26.802,-0.0015567913243352,54,1
26.804,-0.0014770825743352,54,1
26.806,-0.0013973738243352,54,1
26.808,-0.0013904284243352,54,1
26.81,-0.0019823967243352,54,1
26.812,-0.0018834217493352,54,1
26.814,-0.0017844467743352,54,1
26.816,-0.0016854717993352,54,1
26.818,-0.0015864968243352,54,1
26.82,-0.0013486229243352,54,1
26.822,-0.0013960186243352,54,1
26.824,-0.0016271286243352,54,1
26.826,-0.0016365635993352,54,1
26.828,-0.0016459985743352,54,1
26.83,-0.0016554335493352,54,1
26.832,-0.0016648685243352,54,1
26.834,-0.0012888731243352,54,1
26.836,-0.0013447630243352,54,1
26.838,-0.0013650426243352,54,1
26.84,-0.0014654484243352,54,1
26.842,-0.0015658542243352,54,1
26.844,-0.0016662600243352,54,1
26.846,-0.0017666658243352,54,1
26.848,-0.0013037440243352,54,1
26.85,-0.0012909301243352,54,1
26.852,-0.0012440668243352,54,1
26.854,-0.0015637730243352,54,1
26.856,-0.0018834792243352,54,1
26.858,-0.0016145325243352,54,1
26.86,-0.0013455858243352,54,1
26.862,-0.0012976274743352,54,1
26.864,-0.0012496691243352,54,1
26.866,-0.0018598600243352,54,1
26.868,-0.0017515317493352,54,1
26.87,-0.0016432034743352,54,1
26.872,-0.0015348751993352,54,1
26.874,-0.0014265469243352,54,1
26.876,-0.0011732455243352,54,1
26.878,-0.0012048144243352,54,1
26.88,-0.0012363833243352,54,1
26.882,-0.0014823642243352,54,1
26.884,-0.0014964365243352,54,1
26.886,-0.0015105088243352,54,1
26.888,-0.0015245811243352,54,1
26.89,-0.0015386534243352,54,1
26.892,-0.0011942511243352,54,1
26.894,-0.0012629670243352,54,1
26.896,-0.0013026550243352,54,1
26.898,-0.0014302817910019,54,1
26.9,-0.0015579085576686,54,1
26.902,-0.0016855353243352,54,1
26.904,-0.0014496821243352,54,1
26.906,-0.0012138289243352,54,1
26.908,-0.0011899919243352,54,1
26.91,-0.0013944375576686,54,1
26.912,-0.0015988831910019,54,1
26.914,-0.0018033288243352,54,1
26.916,-0.0015447215743352,54,1
26.918,-0.0012861143243352,54,1
26.92,-0.0017669925243352,54,1
26.922,-0.0018671926243352,54,1
26.924,-0.0019673927243352,54,1
26.926,-0.0018278343493352,54,1
26.928,-0.0016882759743352,54,1
26.93,-0.0015487175993352,54,1
26.932,-0.0014091592243352,54,1
26.934,-0.0012886916243352,54,1
26.936,-0.0011682240243352,54,1
26.938,-0.0012222505243352,54,1
26.94,-0.0012168841743352,54,1
26.942,-0.0012115178243352,54,1
26.944,-0.0012061514743352,54,1
26.946,-0.0012007851243352,54,1
26.948,-0.0012316764243352,54,1
26.95,-0.0012625677243352,54,1
26.952,-0.0012934590243352,54,1
26.954,-0.0014934357243352,54,1
26.956,-0.0016934124243352,54,1
26.958,-0.0015375079576686,54,1
26.96,-0.0013816034910019,54,1
26.962,-0.0012256990243352,54,1
26.964,-0.0012020435243352,54,1
26.966,-0.0013129178410019,54,1
26.968,-0.0014237921576686,54,1
26.97,-0.0015346664743352,54,1
26.972,-0.0016455407910019,54,1
26.974,-0.0017564151076686,54,1
26.976,-0.0018672894243352,54,1
26.978,-0.0013296622243352,54,1
26.98,-0.0012115783243352,54,1
26.982,-0.0012022129243352,54,1
26.984,-0.0015960376743352,54,1
26.986,-0.0019898624243352,54,1
26.988,-0.0017086705243352,54,1
26.99,-0.0014274786243352,54,1
26.992,-0.0011945173243352,54,1
26.994,-0.0012467893243352,54,1
26.996,-0.0013064181243352,54,1
26.998,-0.0013660469243352,54,1
27.0,-0.0014256757243352,55,0
27.002,-0.0014853045243352,55,0
27.004,-0.0015449333243352,55,0
27.006,-0.0011974334243352,55,0
27.008,-0.0012972463243352,55,0
27.01,-0.0017236624243352,55,0
27.012,-0.0016262864643352,55,0
27.014,-0.0015289105043352,55,0
27.016,-0.0014315345443352,55,0
27.018,-0.0013341585843352,55,0
27.02,-0.0012367826243352,55,0
27.022,-0.0012280585243352,55,0
27.024,-0.0011891328243352,55,0
27.026,-0.0014125391576686,55,0
27.028,-0.0016359454910019,55,0
27.03,-0.0018593518243352,55,0
27.032,-0.0015915667243352,55,0
27.034,-0.0013237816243352,55,0
27.036,-0.0012195885243352,55,0
27.038,-0.0012221537243352,55,0
27.04,-0.0018120287243352,55,0
27.042,-0.0018688987243352,55,0
27.044,-0.0019257687243352,55,0
27.046,-0.0019826387243352,55,0
27.048,-0.0014303463243352,55,0
27.05,-0.0012482897243352,55,0
27.052,-0.0013875062743352,55,0
27.054,-0.0015267228243352,55,0
27.056,-0.0015349840993352,55,0
27.058,-0.0015432453743352,55,0
27.06,-0.0015515066493352,55,0
27.062,-0.0015597679243352,55,0
27.064,-0.0012082387243352,55,0
27.066,-0.0012597000243352,55,0
27.068,-0.0012991097243352,55,0
27.07,-0.0015090084243352,55,0
27.072,-0.0017189071243352,55,0
27.074,-0.0014783772743352,55,0
27.076,-0.0012378474243352,55,0
27.078,-0.0012312952743352,55,0
27.08,-0.0012247431243352,55,0
27.082,-0.0015404926243352,55,0
27.084,-0.0018562421243352,55,0
27.086,-0.0013345748243352,55,0
27.088,-0.0013051566993352,55,0
27.09,-0.0012757385743352,55,0
27.092,-0.0012463204493352,55,0
27.094,-0.0012169023243352,55,0
27.096,-0.0013697555743352,55,0
27.098,-0.0015226088243352,55,0
27.1,-0.0015409463743352,55,0
27.102,-0.0015592839243352,55,0
27.104,-0.0012603897243352,55,0
27.106,-0.0013155536243352,55,0
27.108,-0.0013961468843352,55,0
27.11,-0.0014767401443352,55,0
27.112,-0.0015573334043352,55,0
27.114,-0.0016379266643352,55,0
27.116,-0.0017185199243352,55,0
27.118,-0.0012674077243352,55,0
27.12,-0.0012700394743352,55,0
27.122,-0.0012726712243352,55,0
27.124,-0.0012884939910019,55,0
27.126,-0.0013043167576686,55,0
27.128,-0.0013201395243352,55,0
27.13,-0.0012009908243352,55,0
27.132,-0.0012135324743352,55,0
27.134,-0.0012260741243352,55,0
27.136,-0.0013340303243352,55,0
27.138,-0.0014419865243352,55,0
27.14,-0.0015499427243352,55,0
27.142,-0.0016578989243352,55,0
27.144,-0.0017658551243352,55,0
27.146,-0.0018738113243352,55,0
27.148,-0.0018933588743352,55,0
27.15,-0.0019129064243352,55,0
27.152,-0.0019324539743352,55,0
27.154,-0.0019520015243352,55,0
27.156,-0.0019715490743352,55,0
27.158,-0.0019910966243352,55,0
27.16,-0.0018130531910019,55,0
27.162,-0.0016350097576686,55,0
27.164,-0.0014569663243352,55,0
27.166,-0.0012252634243352,55,0
27.168,-0.0012827384243352,55,0
27.17,-0.0013376506443352,55,0
27.172,-0.0013925628643352,55,0
27.174,-0.0014474750843352,55,0
27.176,-0.0015023873043352,55,0
27.178,-0.0015572995243352,55,0
27.18,-0.0012813711243352,55,0
27.182,-0.0013936379493352,55,0
27.184,-0.0015059047743352,55,0
27.186,-0.0016181715993352,55,0
27.188,-0.0017304384243352,55,0
27.19,-0.0015731868243352,55,0
27.192,-0.0014159352243352,55,0
27.194,-0.0012586836243352,55,0
27.196,-0.0012721388243352,55,0
27.198,-0.0013940414843352,55,0
27.2,-0.0015159441443352,55,0
27.202,-0.0016378468043352,55,0
27.204,-0.0017597494643352,55,0
27.206,-0.0018816521243352,55,0
27.208,-0.0013564032243352,55,0
27.21,-0.0012456882243352,55,0
27.212,-0.0012423365243352,55,0
27.214,-0.0018517409243352,55,0
27.216,-0.0019000360576686,55,0
27.218,-0.0019483311910019,55,0
27.22,-0.0019966263243352,55,0
27.222,-0.0014564702243352,55,0
27.224,-0.0012331284243352,55,0
27.226,-0.0012917408243352,55,0
27.228,-0.0015781115243352,55,0
27.23,-0.0015811939993352,55,0
27.232,-0.0015842764743352,55,0
27.234,-0.0015873589493352,55,0
27.236,-0.0015904414243352,55,0
27.238,-0.0012169749243352,55,0
27.24,-0.0012801127243352,55,0
27.242,-0.0013343933243352,55,0
27.244,-0.0014279172493352,55,0
27.246,-0.0015214411743352,55,0
27.248,-0.0016149650993352,55,0
27.25,-0.0017084890243352,55,0
27.252,-0.0012886795243352,55,0
27.254,-0.0012380289243352,55,0
27.256,-0.0015457319243352,55,0
27.258,-0.0018534349243352,55,0
27.26,-0.0017008055243352,55,0
27.262,-0.0015481761243352,55,0
27.264,-0.0013955467243352,55,0
27.266,-0.0012429173243352,55,0
27.268,-0.0018635505243352,55,0
27.27,-0.0018871406843352,55,0
27.272,-0.0019107308443352,55,0
27.274,-0.0019343210043352,55,0
27.276,-0.0019579111643352,55,0
27.278,-0.0019815013243352,55,0
27.28,-0.0014496700243352,55,0
27.282,-0.0012225772243352,55,0
27.284,-0.0012771966243352,55,0
27.286,-0.0013342602243352,55,0
27.288,-0.0013913238243352,55,0
27.29,-0.0014483874243352,55,0
27.292,-0.0015054510243352,55,0
27.294,-0.0015625146243352,55,0
27.296,-0.0012249609243352,55,0
27.298,-0.0013462876243352,55,0
27.3,-0.0014222586843352,55,0
27.302,-0.0014982297443352,55,0
27.304,-0.0015742008043352,55,0
27.306,-0.0016501718643352,55,0
27.308,-0.0017261429243352,55,0
27.31,-0.0012875905243352,55,0
27.312,-0.0012944149243352,55,0
27.314,-0.0012425422243352,55,0
27.316,-0.0013946936743352,55,0
27.318,-0.0015468451243352,55,0
27.32,-0.0016989965743352,55,0
27.322,-0.0018511480243352,55,0
27.324,-0.0012463174243352,55,0
27.326,-0.0018776470243352,55,0
27.328,-0.0019133742910019,55,0
27.33,-0.0019491015576686,55,0
27.332,-0.0019848288243352,55,0
27.334,-0.0018182118243352,55,0
27.336,-0.0016515948243352,55,0
27.338,-0.0014849778243352,55,0
27.34,-0.0012454220243352,55,0
27.342,-0.0012927451243352,55,0
27.344,-0.0012809113243352,55,0
27.346,-0.0012690775243352,55,0
27.348,-0.0012572437243352,55,0
27.35,-0.0012454099243352,55,0
27.352,-0.0012668309576686,55,0
27.354,-0.0012882519910019,55,0
27.356,-0.0013096730243352,55,0
27.358,-0.0013690114243352,55,0
27.36,-0.0013467353243352,55,0
27.362,-0.0013244592243352,55,0
27.364,-0.0013021831243352,55,0
27.366,-0.0012799070243352,55,0
27.368,-0.0012658468243352,55,0
27.37,-0.0014166823993352,55,0
27.372,-0.0015675179743352,55,0
27.374,-0.0017183535493352,55,0
27.376,-0.0018691891243352,55,0
27.378,-0.0012450590243352,55,0
27.38,-0.0014553005576686,55,0
27.382,-0.0016655420910019,55,0
27.384,-0.0018757836243352,55,0
27.386,-0.0019143301910019,55,0
27.388,-0.0019528767576686,55,0
27.39,-0.0019914233243352,55,0
27.392,-0.0012100053243352,55,0
27.394,-0.0012311399910019,55,0
27.396,-0.0012522746576686,55,0
27.398,-0.0012734093243352,55,0
27.4,-0.0014191356743352,55,0
27.402,-0.0015648620243352,55,0
27.404,-0.0015838186910019,55,0
27.406,-0.0016027753576686,55,0
27.408,-0.0016217320243352,55,0
27.41,-0.0012401343243352,55,0
27.412,-0.0012619687743352,55,0
27.414,-0.0012838032243352,55,0
27.416,-0.0013591741243352,55,0
27.418,-0.0014751727910019,55,0
27.42,-0.0015911714576686,55,0
27.422,-0.0017071701243352,55,0
27.424,-0.0012650845243352,55,0
27.426,-0.0012777653243352,55,0
27.428,-0.0012904461243352,55,0
27.43,-0.0012348224243352,55,0
27.432,-0.0012583538993352,55,0
27.434,-0.0012818853743352,55,0
27.436,-0.0013054168493352,55,0
27.438,-0.0013289483243352,55,0
27.44,-0.0012222263243352,55,0
27.442,-0.0014374853243352,55,0
27.444,-0.0016527443243352,55,0
27.446,-0.0018680033243352,55,0
27.448,-0.0019081470910019,55,0
27.45,-0.0019482908576686,55,0
27.452,-0.0019884346243352,55,0
27.454,-0.0014393487243352,55,0
27.456,-0.0012134780243352,55,0
27.458,-0.0012642375243352,55,0
27.46,-0.0013265452643352,55,0
27.462,-0.0013888530043352,55,0
27.464,-0.0014511607443352,55,0
27.466,-0.0015134684843352,55,0
27.468,-0.0015757762243352,55,0
27.47,-0.0011990669243352,55,0
27.472,-0.0012653265243352,55,0
27.474,-0.0013310537243352,55,0
27.476,-0.0014229078493352,55,0
27.478,-0.0015147619743352,55,0
27.48,-0.0016066160993352,55,0
27.482,-0.0016984702243352,55,0
27.484,-0.0012360687243352,55,0
27.486,-0.0012520891243352,55,0
27.488,-0.0011949287243352,55,0
27.49,-0.0013569023493352,55,0
27.492,-0.0015188759743352,55,0
27.494,-0.0016808495993352,55,0
27.496,-0.0018428232243352,55,0
27.498,-0.0013276173243352,55,0
27.5,-0.0012385855243352,56,0
27.502,-0.0012251666243352,56,0
27.504,-0.0018631996243352,56,0
27.506,-0.0018968577910019,56,0
27.508,-0.0019305159576686,56,0
27.51,-0.0019641741243352,56,0
27.512,-0.0014190812243352,56,0
27.514,-0.0011907058243352,56,0
27.516,-0.0012374602243352,56,0
27.518,-0.0015321799243352,56,0
27.52,-0.0015363029993352,56,0
27.522,-0.0015404260743352,56,0
27.524,-0.0015445491493352,56,0
27.526,-0.0015486722243352,56,0
27.528,-0.0012081298243352,56,0
27.53,-0.0013251610243352,56,0
27.532,-0.0014210565493352,56,0
27.534,-0.0015169520743352,56,0
27.536,-0.0016128475993352,56,0
27.538,-0.0017087431243352,56,0
27.54,-0.0014774274243352,56,0
27.542,-0.0012461117243352,56,0
27.544,-0.0012634873243352,56,0
27.546,-0.0012342053243352,56,0
27.548,-0.0013906008493352,56,0
27.55,-0.0015469963743352,56,0
27.552,-0.0017033918993352,56,0
27.554,-0.0018597874243352,56,0
27.556,-0.0013452954243352,56,0
27.558,-0.0012378595243352,56,0
27.56,-0.0012243317243352,56,0
27.562,-0.0018785545243352,56,0
27.564,-0.0019154776743352,56,0
27.566,-0.0019524008243352,56,0
27.568,-0.0014159715243352,56,0
27.57,-0.0012110822243352,56,0
27.572,-0.0012438308743352,56,0
27.574,-0.0012765795243352,56,0
27.576,-0.0015575536243352,56,0
27.578,-0.0015518968743352,56,0
27.58,-0.0015462401243352,56,0
27.582,-0.0015405833743352,56,0
27.584,-0.0015349266243352,56,0
27.586,-0.0011914197243352,56,0
27.588,-0.0012464868243352,56,0
27.59,-0.0013265525243352,56,0
27.592,-0.0014163829243352,56,0
27.594,-0.0015062133243352,56,0
27.596,-0.0015960437243352,56,0
27.598,-0.0016858741243352,56,0
27.6,-0.0012383919243352,56,0
27.602,-0.0012657621243352,56,0
27.604,-0.0012100658243352,56,0
27.606,-0.0013717913993352,56,0
27.608,-0.0015335169743352,56,0
27.61,-0.0016952425493352,56,0
27.612,-0.0018569681243352,56,0
27.614,-0.0013219545243352,56,0
27.616,-0.0012245858243352,56,0
27.618,-0.0012142887243352,56,0
27.62,-0.0018815916243352,56,0
27.622,-0.0019153788576686,56,0
27.624,-0.0019491660910019,56,0
27.626,-0.0019829533243352,56,0
27.628,-0.0014268736243352,56,0
27.63,-0.0011914076243352,56,0
27.632,-0.0012445629243352,56,0
27.634,-0.0012364115576686,56,0
27.636,-0.0012282601910019,56,0
27.638,-0.0012201088243352,56,0
27.64,-0.0012411345910019,56,0
27.642,-0.0012621603576686,56,0
27.644,-0.0012831861243352,56,0
27.646,-0.0013084388243352,56,0
27.648,-0.0013336915243352,56,0
27.65,-0.0014321673743352,56,0
27.652,-0.0015306432243352,56,0
27.654,-0.0016291190743352,56,0
27.656,-0.0017275949243352,56,0
27.658,-0.0013001382243352,56,0
27.66,-0.0013054259243352,56,0
27.662,-0.0012638140243352,56,0
27.664,-0.0014621814243352,56,0
27.666,-0.0016605488243352,56,0
27.668,-0.0018589162243352,56,0
27.67,-0.0013387493243352,56,0
27.672,-0.0012909664243352,56,0
27.674,-0.0012431835243352,56,0
27.676,-0.0012149179243352,56,0
27.678,-0.0018824507243352,56,0
27.68,-0.0019215780910019,56,0
27.682,-0.0019607054576686,56,0
27.684,-0.0019998328243352,56,0
27.686,-0.0014470927243352,56,0
27.688,-0.0012212704243352,56,0
27.69,-0.0015707547243352,56,0
27.692,-0.0015739370243352,56,0
27.694,-0.0015771193243352,56,0
27.696,-0.0015803016243352,56,0
27.698,-0.0015834839243352,56,0
27.7,-0.0015866662243352,56,0
27.702,-0.0014767135243352,56,0
27.704,-0.0013667608243352,56,0
27.706,-0.0014550968743352,56,0
27.708,-0.0015434329243352,56,0
27.71,-0.0016317689743352,56,0
27.712,-0.0017201050243352,56,0
27.714,-0.0012771119243352,56,0
27.716,-0.0012839847243352,56,0
27.718,-0.0012474669243352,56,0
27.72,-0.0012710044493352,56,0
27.722,-0.0012945419743352,56,0
27.724,-0.0013180794993352,56,0
27.726,-0.0013416170243352,56,0
27.728,-0.0012536863243352,56,0
27.73,-0.0014701593576686,56,0
27.732,-0.0016866323910019,56,0
27.734,-0.0019031054243352,56,0
27.736,-0.0019283379576686,56,0
27.738,-0.0019535704910019,56,0
27.74,-0.0019788030243352,56,0
27.742,-0.0014688364243352,56,0
27.744,-0.0012527304243352,56,0
27.746,-0.0012862474243352,56,0
27.748,-0.0015905624243352,56,0
27.75,-0.0015928614243352,56,0
27.752,-0.0015951604243352,56,0
27.754,-0.0015974594243352,56,0
27.756,-0.0015997584243352,56,0
27.758,-0.0012456761243352,56,0
27.76,-0.0013785825243352,56,0
27.762,-0.0013599001243352,56,0
27.764,-0.0013412177243352,56,0
27.766,-0.0013225353243352,56,0
27.768,-0.0013038529243352,56,0
27.77,-0.0012851705243352,56,0
27.772,-0.0012806693243352,56,0
27.774,-0.0012672988243352,56,0
27.776,-0.0012539283243352,56,0
27.778,-0.0014089020993352,56,0
27.78,-0.0015638758743352,56,0
27.782,-0.0017188496493352,56,0
27.784,-0.0018738234243352,56,0
27.786,-0.0012738812243352,56,0
27.788,-0.0012316643243352,56,0
27.79,-0.0015671005243352,56,0
27.792,-0.0019025367243352,56,0
27.794,-0.0019324721243352,56,0
27.796,-0.0019624075243352,56,0
27.798,-0.0019923429243352,56,0
27.8,-0.0014302495243352,56,0
27.802,-0.0012205323243352,56,0
27.804,-0.0012901557243352,56,0
27.806,-0.0013478388443352,56,0
27.808,-0.0014055219643352,56,0
27.81,-0.0014632050843352,56,0
27.812,-0.0015208882043352,56,0
27.814,-0.0015785713243352,56,0
27.816,-0.0012476242243352,56,0
27.818,-0.0012970285243352,56,0
27.82,-0.0013597912243352,56,0
27.822,-0.0014482664243352,56,0
27.824,-0.0015367416243352,56,0
27.826,-0.0016252168243352,56,0
27.828,-0.0017136920243352,56,0
27.83,-0.0012942213243352,56,0
27.832,-0.0012788664243352,56,0
27.834,-0.0012635115243352,56,0
27.836,-0.0014613747576686,56,0
27.838,-0.0016592379910019,56,0
27.84,-0.0018571012243352,56,0
27.842,-0.0013558103243352,56,0
27.844,-0.0013107862243352,56,0
27.846,-0.0012657621243352,56,0
27.848,-0.0012565177243352,56,0
27.85,-0.0019224533243352,56,0
27.852,-0.0018073369493352,56,0
27.854,-0.0016922205743352,56,0
27.856,-0.0015771041993352,56,0
27.858,-0.0014619878243352,56,0
27.86,-0.0012413685243352,56,0
27.862,-0.0012853399243352,56,0
27.864,-0.0016092327243352,56,0
27.866,-0.0016000699993352,56,0
27.868,-0.0015909072743352,56,0
27.87,-0.0015817445493352,56,0
27.872,-0.0015725818243352,56,0
27.874,-0.0012313860243352,56,0
27.876,-0.0012954434243352,56,0
27.878,-0.0013517931243352,56,0
27.88,-0.0014431178743352,56,0
27.882,-0.0015344426243352,56,0
27.884,-0.0016257673743352,56,0
27.886,-0.0017170921243352,56,0
27.888,-0.0012622410243352,56,0
27.89,-0.0012613335243352,56,0
27.892,-0.0012477694243352,56,0
27.894,-0.0014026494243352,56,0
27.896,-0.0015575294243352,56,0
27.898,-0.0017124094243352,56,0
27.9,-0.0018672894243352,56,0
27.902,-0.0013440975243352,56,0
27.904,-0.0012685814243352,56,0
27.906,-0.0019359327243352,56,0
27.908,-0.0018145999743352,56,0
27.91,-0.0016932672243352,56,0
27.912,-0.0015719344743352,56,0
27.914,-0.0014506017243352,56,0
27.916,-0.0012684967243352,56,0
27.918,-0.0013820471576686,56,0
27.92,-0.0014955975910019,56,0
27.922,-0.0016091480243352,56,0
27.924,-0.0016023599243352,56,0
27.926,-0.0015955718243352,56,0
27.928,-0.0015887837243352,56,0
27.93,-0.0015819956243352,56,0
27.932,-0.0013025461243352,56,0
27.934,-0.0013553021243352,56,0
27.936,-0.0014304891043352,56,0
27.938,-0.0015056760843352,56,0
27.94,-0.0015808630643352,56,0
27.942,-0.0016560500443352,56,0
27.944,-0.0017312370243352,56,0
27.946,-0.0012742926243352,56,0
27.948,-0.0012910632243352,56,0
27.95,-0.0013977489243352,56,0
27.952,-0.0015044346243352,56,0
27.954,-0.0016111203243352,56,0
27.956,-0.0017178060243352,56,0
27.958,-0.0018244917243352,56,0
27.96,-0.0012682184243352,56,0
27.962,-0.0012546966743352,56,0
27.964,-0.0012411749243352,56,0
27.966,-0.0012422106843352,56,0
27.968,-0.0012432464443352,56,0
27.97,-0.0012442822043352,56,0
27.972,-0.0012453179643352,56,0
27.974,-0.0012463537243352,56,0
27.976,-0.0013037319243352,56,0
27.978,-0.0016291372243352,56,0
27.98,-0.0015438402910019,56,0
27.982,-0.0014585433576686,56,0
27.984,-0.0013732464243352,56,0
27.986,-0.0014150246993352,56,0
27.988,-0.0014568029743352,56,0
27.99,-0.0014985812493352,56,0
27.992,-0.0015403595243352,56,0
27.994,-0.0015821377993352,56,0
27.996,-0.0016239160743352,56,0
27.998,-0.0016656943493352,56,0
28.0,-0.0017074726243352,57,0
28.002,-0.0014841126743352,57,0
28.004,-0.0012607527243352,57,0
28.006,-0.0012515930243352,57,0
28.008,-0.0015639242743352,57,0
28.01,-0.0018762555243352,57,0
28.012,-0.0015726967743352,57,0
28.014,-0.0012691380243352,57,0
28.016,-0.0016070970743352,57,0
28.018,-0.0019450561243352,57,0
28.02,-0.0019534010910019,57,0
28.022,-0.0019617460576686,57,0
28.024,-0.0019700910243352,57,0
28.026,-0.0019784359910019,57,0
28.028,-0.0019867809576686,57,0
28.03,-0.0019951259243352,57,0
28.032,-0.0012254207243352,57,0
28.034,-0.0012684483243352,57,0
28.036,-0.0014327784243352,57,0
28.038,-0.0015971085243352,57,0
28.04,-0.0015878681576686,57,0
28.042,-0.0015786277910019,57,0
28.044,-0.0015693874243352,57,0
28.046,-0.0012293774243352,57,0
28.048,-0.0013035020243352,57,0
28.05,-0.0013402739243352,57,0
28.052,-0.0013770458243352,57,0
28.054,-0.0014649795493352,57,0
28.056,-0.0015529132743352,57,0
28.058,-0.0016408469993352,57,0
28.06,-0.0017287807243352,57,0
28.062,-0.0012970043243352,57,0
28.064,-0.0013109193243352,57,0
28.066,-0.0012636567243352,57,0
28.068,-0.0014124594993352,57,0
28.07,-0.0015612622743352,57,0
28.072,-0.0017100650493352,57,0
28.074,-0.0018588678243352,57,0
28.076,-0.0013526885243352,57,0
28.078,-0.0012793383243352,57,0
28.08,-0.0012592281243352,57,0
28.082,-0.0014425340493352,57,0
28.084,-0.0016258399743352,57,0
28.086,-0.0018091458993352,57,0
28.088,-0.0019924518243352,57,0
28.09,-0.0012223715243352,57,0
28.092,-0.0012722114243352,57,0
28.094,-0.0014447876743352,57,0
28.096,-0.0016173639243352,57,0
28.098,-0.0016054302993352,57,0
28.1,-0.0015934966743352,57,0
28.102,-0.0015815630493352,57,0
28.104,-0.0015696294243352,57,0
28.106,-0.0012931323243352,57,0
28.108,-0.0013266795743352,57,0
28.11,-0.0013602268243352,57,0
28.112,-0.0013411420993352,57,0
28.114,-0.0013220573743352,57,0
28.116,-0.0013029726493352,57,0
28.118,-0.0012838879243352,57,0
28.12,-0.0012961452243352,57,0
28.122,-0.0013084025243352,57,0
28.124,-0.0012661735243352,57,0
28.126,-0.0014640246576686,57,0
28.128,-0.0016618757910019,57,0
28.13,-0.0018597269243352,57,0
28.132,-0.0016116164243352,57,0
28.134,-0.0013635059243352,57,0
28.136,-0.0012581633243352,57,0
28.138,-0.0015004133910019,57,0
28.14,-0.0017426634576686,57,0
28.142,-0.0019849135243352,57,0
28.144,-0.0017169650743352,57,0
28.146,-0.0014490166243352,57,0
28.148,-0.0012534927243352,57,0
28.15,-0.0012765432243352,57,0
28.152,-0.0014452837743352,57,0
28.154,-0.0016140243243352,57,0
28.156,-0.0016024234493352,57,0
28.158,-0.0015908225743352,57,0
28.16,-0.0015792216993352,57,0
28.162,-0.0015676208243352,57,0
28.164,-0.0012864047243352,57,0
28.166,-0.0013653451243352,57,0
28.168,-0.0014297098643352,57,0
28.17,-0.0014940746043352,57,0
28.172,-0.0015584393443352,57,0
28.174,-0.0016228040843352,57,0
28.176,-0.0016871688243352,57,0
28.178,-0.0012583448243352,57,0
28.18,-0.0012832708243352,57,0
28.182,-0.0012301639243352,57,0
28.184,-0.0014258773910019,57,0
28.186,-0.0016215908576686,57,0
28.188,-0.0018173043243352,57,0
28.19,-0.0015563073243352,57,0
28.192,-0.0012953103243352,57,0
28.194,-0.0012330800243352,57,0
28.196,-0.0019425272243352,57,0
28.198,-0.0019556436243352,57,0
28.2,-0.0019687600243352,57,0
28.202,-0.0019818764243352,57,0
28.204,-0.0019949928243352,57,0
28.206,-0.0014388284243352,57,0
28.208,-0.0012328380243352,57,0
28.21,-0.0012713886243352,57,0
28.212,-0.0016002908243352,57,0
28.214,-0.0015838025576686,57,0
28.216,-0.0015673142910019,57,0
28.218,-0.0015508260243352,57,0
28.22,-0.0013048209243352,57,0
28.222,-0.0013765860243352,57,0
28.224,-0.0014307778910019,57,0
28.226,-0.0014849697576686,57,0
28.228,-0.0015391616243352,57,0
28.23,-0.0015933534910019,57,0
28.232,-0.0016475453576686,57,0
28.234,-0.0017017372243352,57,0
28.236,-0.0012532749243352,57,0
28.238,-0.0012897806243352,57,0
28.24,-0.0012609584243352,57,0
28.242,-0.0014041437743352,57,0
28.244,-0.0015473291243352,57,0
28.246,-0.0016905144743352,57,0
28.248,-0.0018336998243352,57,0
28.25,-0.0013258265243352,57,0
28.252,-0.0012559248243352,57,0
28.254,-0.0012387428243352,57,0
28.256,-0.0012857301493352,57,0
28.258,-0.0013327174743352,57,0
28.26,-0.0013797047993352,57,0
28.262,-0.0014266921243352,57,0
28.264,-0.0012259289243352,57,0
28.266,-0.0012755147243352,57,0
28.268,-0.0016112050243352,57,0
28.27,-0.0015204761993352,57,0
28.272,-0.0014297473743352,57,0
28.274,-0.0013390185493352,57,0
28.276,-0.0012482897243352,57,0
28.278,-0.0012764464243352,57,0
28.28,-0.0013046031243352,57,0
28.282,-0.0013821520243352,57,0
28.284,-0.0014855949243352,57,0
28.286,-0.0015890378243352,57,0
28.288,-0.0016924807243352,57,0
28.29,-0.0012591192243352,57,0
28.292,-0.0012825448243352,57,0
28.294,-0.0013059704243352,57,0
28.296,-0.0012748008243352,57,0
28.298,-0.0012975336993352,57,0
28.3,-0.0013202665743352,57,0
28.302,-0.0013429994493352,57,0
28.304,-0.0013657323243352,57,0
28.306,-0.0013061761243352,57,0
28.308,-0.0012466199243352,57,0
28.31,-0.0016040176243352,57,0
28.312,-0.0019614153243352,57,0
28.314,-0.0017228436576686,57,0
28.316,-0.0014842719910019,57,0
28.318,-0.0012457003243352,57,0
28.32,-0.0012641286243352,57,0
28.322,-0.0012825569243352,57,0
28.324,-0.0013009852243352,57,0
28.326,-0.0016443227243352,57,0
28.328,-0.0016272889493352,57,0
28.33,-0.0016102551743352,57,0
28.332,-0.0015932213993352,57,0
28.334,-0.0015761876243352,57,0
28.336,-0.0012338786243352,57,0
28.338,-0.0013077491243352,57,0
28.34,-0.0014035206243352,57,0
28.342,-0.0013746167493352,57,0
28.344,-0.0013457128743352,57,0
28.346,-0.0013168089993352,57,0
28.348,-0.0012879051243352,57,0
28.35,-0.0013055469243352,57,0
28.352,-0.0013096706043352,57,0
28.354,-0.0013137942843352,57,0
28.356,-0.0013179179643352,57,0
28.358,-0.0013220416443352,57,0
28.36,-0.0013261653243352,57,0
28.362,-0.0012598331243352,57,0
28.364,-0.0012465231243352,57,0
28.366,-0.0019433621243352,57,0
28.368,-0.0018209706243352,57,0
28.37,-0.0016985791243352,57,0
28.372,-0.0015761876243352,57,0
28.374,-0.0014537961243352,57,0
28.376,-0.0012195401243352,57,0
28.378,-0.0014367230243352,57,0
28.38,-0.0016539059243352,57,0
28.382,-0.0016278485743352,57,0
28.384,-0.0016017912243352,57,0
28.386,-0.0015757338743352,57,0
28.388,-0.0015496765243352,57,0
28.39,-0.0013910213243352,57,0
28.392,-0.0012323661243352,57,0
28.394,-0.0013722300243352,57,0
28.396,-0.0014511008493352,57,0
28.398,-0.0015299716743352,57,0
28.4,-0.0016088424993352,57,0
28.402,-0.0016877133243352,57,0
28.404,-0.0012488705243352,57,0
28.406,-0.0012987588243352,57,0
28.408,-0.0012753695243352,57,0
28.41,-0.0013912197643352,57,0
28.412,-0.0015070700043352,57,0
28.414,-0.0016229202443352,57,0
28.416,-0.0017387704843352,57,0
28.418,-0.0018546207243352,57,0
28.42,-0.0015425617243352,57,0
28.422,-0.0012305027243352,57,0
28.424,-0.0019415834243352,57,0
28.426,-0.0019448705910019,57,0
28.428,-0.0019481577576686,57,0
28.43,-0.0019514449243352,57,0
28.432,-0.0012944512243352,57,0
28.434,-0.0013365894743352,57,0
28.436,-0.0013787277243352,57,0
28.438,-0.0014208659743352,57,0
28.44,-0.0014630042243352,57,0
28.442,-0.0015051424743352,57,0
28.444,-0.0015472807243352,57,0
28.446,-0.0013805064243352,57,0
28.448,-0.0012137321243352,57,0
28.45,-0.0012933138243352,57,0
28.452,-0.0013805548243352,57,0
28.454,-0.0014561132743352,57,0
28.456,-0.0015316717243352,57,0
28.458,-0.0016072301743352,57,0
28.46,-0.0016827886243352,57,0
28.462,-0.0012674319243352,57,0
28.464,-0.0012765311243352,57,0
28.466,-0.0014128799743352,57,0
28.468,-0.0015492288243352,57,0
28.47,-0.0016855776743352,57,0
28.472,-0.0018219265243352,57,0
28.474,-0.0012545696243352,57,0
28.476,-0.0012451558243352,57,0
28.478,-0.0016116950743352,57,0
28.48,-0.0019782343243352,57,0
28.482,-0.0019850264576686,57,0
28.484,-0.0019918185910019,57,0
28.486,-0.0019986107243352,57,0
28.488,-0.0017275102243352,57,0
28.49,-0.0014564097243352,57,0
28.492,-0.0012467530243352,57,0
28.494,-0.0012866346243352,57,0
28.496,-0.0016470089243352,57,0
28.498,-0.0015431546243352,57,0
28.5,-0.0014393003243352,58,0
28.502,-0.0013354460243352,58,0
28.504,-0.0012315917243352,58,0
28.506,-0.0012623438743352,58,0
28.508,-0.0012930960243352,58,0
28.51,-0.0013771498843352,58,0
28.512,-0.0014612037443352,58,0
28.514,-0.0015452576043352,58,0
28.516,-0.0016293114643352,58,0
28.518,-0.0017133653243352,58,0
28.52,-0.0012721388243352,58,0
28.522,-0.0012887521243352,58,0
28.524,-0.0012510848243352,58,0
28.526,-0.0013962938993352,58,0
28.528,-0.0015415029743352,58,0
28.53,-0.0016867120493352,58,0
28.532,-0.0018319211243352,58,0
28.534,-0.0013191231243352,58,0
28.536,-0.0012608495243352,58,0
28.538,-0.0012274172243352,58,0
28.54,-0.0014734908910019,58,0
28.542,-0.0017195645576686,58,0
28.544,-0.0019656382243352,58,0
28.546,-0.0014132369243352,58,0
28.548,-0.0013127222243352,58,0
28.55,-0.0012122075243352,58,0
28.552,-0.0012370730243352,58,0
28.554,-0.0016208971243352,58,0
28.556,-0.0016043261743352,58,0
28.558,-0.0015877552243352,58,0
28.56,-0.0015711842743352,58,0
28.562,-0.0015546133243352,58,0
28.564,-0.0013925943243352,58,0
28.566,-0.0013709312910019,58,0
28.568,-0.0013492682576686,58,0
28.57,-0.0013276052243352,58,0
28.572,-0.0013059421910019,58,0
28.574,-0.0012842791576686,58,0
28.576,-0.0012626161243352,58,0
28.578,-0.0012912084243352,58,0
28.58,-0.0012756478243352,58,0
28.582,-0.0012600872243352,58,0
28.584,-0.0014070054243352,58,0
28.586,-0.0015539236243352,58,0
28.588,-0.0017008418243352,58,0
28.59,-0.0018477600243352,58,0
28.592,-0.0013243019243352,58,0
28.594,-0.0012484228243352,58,0
28.596,-0.0012333220243352,58,0
28.598,-0.0019826266243352,58,0
28.6,-0.0019779963576686,58,0
28.602,-0.0019733660910019,58,0
28.604,-0.0019687358243352,58,0
28.606,-0.0014386469243352,58,0
28.608,-0.0012362502243352,58,0
28.61,-0.0012730584243352,58,0
28.612,-0.0016314967243352,58,0
28.614,-0.0016088818243352,58,0
28.616,-0.0015862669243352,58,0
28.618,-0.0015636520243352,58,0
28.62,-0.0015410371243352,58,0
28.622,-0.0012170475243352,58,0
28.624,-0.0014025526243352,58,0
28.626,-0.0014776452243352,58,0
28.628,-0.0015527378243352,58,0
28.63,-0.0016278304243352,58,0
28.632,-0.0017029230243352,58,0
28.634,-0.0012809476243352,58,0
28.636,-0.0013059462243352,58,0
28.638,-0.0012813711243352,58,0
28.64,-0.0012567960243352,58,0
28.642,-0.0014508598576686,58,0
28.644,-0.0016449236910019,58,0
28.646,-0.0018389875243352,58,0
28.648,-0.0013264194243352,58,0
28.65,-0.0012624346243352,58,0
28.652,-0.0012541461243352,58,0
28.654,-0.0019844537243352,58,0
28.656,-0.0019802590576686,58,0
28.658,-0.0019760643910019,58,0
28.66,-0.0019718697243352,58,0
28.662,-0.0014371465243352,58,0
28.664,-0.0013537109743352,58,0
28.666,-0.0012702754243352,58,0
28.668,-0.0016574149243352,58,0
28.67,-0.0016329759493352,58,0
28.672,-0.0016085369743352,58,0
28.674,-0.0015840979993352,58,0
28.676,-0.0015596590243352,58,0
28.678,-0.0012501168243352,58,0
28.68,-0.0012721206743352,58,0
28.682,-0.0012941245243352,58,0
28.684,-0.0013764069443352,58,0
28.686,-0.0014586893643352,58,0
28.688,-0.0015409717843352,58,0
28.69,-0.0016232542043352,58,0
28.692,-0.0017055366243352,58,0
28.694,-0.0012934711243352,58,0
28.696,-0.0013830978410019,58,0
28.698,-0.0014727245576686,58,0
28.7,-0.0015623512743352,58,0
28.702,-0.0016519779910019,58,0
28.704,-0.0017416047076686,58,0
28.706,-0.0018312314243352,58,0
28.708,-0.0013404675243352,58,0
28.71,-0.0012743168243352,58,0
28.712,-0.0016148350243352,58,0
28.714,-0.0019553532243352,58,0
28.716,-0.0016832121243352,58,0
28.718,-0.0014110710243352,58,0
28.72,-0.0013503653243352,58,0
28.722,-0.0012896596243352,58,0
28.724,-0.0012289539243352,58,0
28.726,-0.0012663671243352,58,0
28.728,-0.0016351751243352,58,0
28.73,-0.0016054938243352,58,0
28.732,-0.0015758125243352,58,0
28.734,-0.0015461312243352,58,0
28.736,-0.0013820128743352,58,0
28.738,-0.0012178945243352,58,0
28.74,-0.0013936954243352,58,0
28.742,-0.0014531427243352,58,0
28.744,-0.0015125900243352,58,0
28.746,-0.0015720373243352,58,0
28.748,-0.0016314846243352,58,0
28.75,-0.0016909319243352,58,0
28.752,-0.0012836459243352,58,0
28.754,-0.0013018443243352,58,0
28.756,-0.0012519560243352,58,0
28.758,-0.0014538566243352,58,0
28.76,-0.0016557572243352,58,0
28.762,-0.0018576578243352,58,0
28.764,-0.0013352645243352,58,0
28.766,-0.0012644795243352,58,0
28.768,-0.0012508307243352,58,0
28.77,-0.0012371819243352,58,0
28.772,-0.0019858210243352,58,0
28.774,-0.0018506579743352,58,0
28.776,-0.0017154949243352,58,0
28.778,-0.0015803318743352,58,0
28.78,-0.0014451688243352,58,0
28.782,-0.0012313134243352,58,0
28.784,-0.0012770030243352,58,0
28.786,-0.0016655824243352,58,0
28.788,-0.0016060988243352,58,0
28.79,-0.0015466152243352,58,0
28.792,-0.0012386460243352,58,0
28.794,-0.0013015055243352,58,0
28.796,-0.0014120148243352,58,0
28.798,-0.0013893374076686,58,0
28.8,-0.0013666599910019,58,0
28.802,-0.0013439825743352,58,0
28.804,-0.0013213051576686,58,0
28.806,-0.0012986277410019,58,0
28.808,-0.0012759503243352,58,0
28.81,-0.0012873001243352,58,0
28.812,-0.0012986499243352,58,0
28.814,-0.0012454946243352,58,0
28.816,-0.0013943246243352,58,0
28.818,-0.0015431546243352,58,0
28.82,-0.0016919846243352,58,0
28.822,-0.0018408146243352,58,0
28.824,-0.0012550052243352,58,0
28.826,-0.0012338423243352,58,0
28.828,-0.0014207116993352,58,0
28.83,-0.0016075810743352,58,0
28.832,-0.0017944504493352,58,0
28.834,-0.0019813198243352,58,0
28.836,-0.0017177818243352,58,0
28.838,-0.0014542438243352,58,0
28.84,-0.0012550173243352,58,0
28.842,-0.0012931444243352,58,0
28.844,-0.0013440733243352,58,0
28.846,-0.0013950022243352,58,0
28.848,-0.0014459311243352,58,0
28.85,-0.0014968600243352,58,0
28.852,-0.0015477889243352,58,0
28.854,-0.0012200483243352,58,0
28.856,-0.0013874034243352,58,0
28.858,-0.0014635063743352,58,0
28.86,-0.0015396093243352,58,0
28.862,-0.0016157122743352,58,0
28.864,-0.0016918152243352,58,0
28.866,-0.0014840461243352,58,0
28.868,-0.0012762770243352,58,0
28.87,-0.0013104958243352,58,0
28.872,-0.0012712192243352,58,0
28.874,-0.0014087326993352,58,0
28.876,-0.0015462461743352,58,0
28.878,-0.0016837596493352,58,0
28.88,-0.0018212731243352,58,0
28.882,-0.0013345990243352,58,0
28.884,-0.0012701302243352,58,0
28.886,-0.0012403763243352,58,0
28.888,-0.0019890759243352,58,0
28.89,-0.0019763668910019,58,0
28.892,-0.0019636578576686,58,0
28.894,-0.0019509488243352,58,0
28.896,-0.0014412000243352,58,0
28.898,-0.0012623862243352,58,0
28.9,-0.0012769062243352,58,0
28.902,-0.0016553337243352,58,0
28.904,-0.0016337200993352,58,0
28.906,-0.0016121064743352,58,0
28.908,-0.0015904928493352,58,0
28.91,-0.0015688792243352,58,0
28.912,-0.0012308415243352,58,0
28.914,-0.0012885827243352,58,0
28.916,-0.0013682539643352,58,0
28.918,-0.0014479252043352,58,0
28.92,-0.0015275964443352,58,0
28.922,-0.0016072676843352,58,0
28.924,-0.0016869389243352,58,0
28.926,-0.0012713523243352,58,0
28.928,-0.0012899863243352,58,0
28.93,-0.0012493787243352,58,0
28.932,-0.0013948358493352,58,0
28.934,-0.0015402929743352,58,0
28.936,-0.0016857500993352,58,0
28.938,-0.0018312072243352,58,0
28.94,-0.0013415928243352,58,0
28.942,-0.0012865499243352,58,0
28.944,-0.0012502378243352,58,0
28.946,-0.0019927422243352,58,0
28.948,-0.0019866619743352,58,0
28.95,-0.0019805817243352,58,0
28.952,-0.0014212350243352,58,0
28.954,-0.0012137321243352,58,0
28.956,-0.0012307023743352,58,0
28.958,-0.0012476726243352,58,0
28.96,-0.0013427019910019,58,0
28.962,-0.0014377313576686,58,0
28.964,-0.0015327607243352,58,0
28.966,-0.0013832531243352,58,0
28.968,-0.0012337455243352,58,0
28.97,-0.0012961089243352,58,0
28.972,-0.0013592709243352,58,0
28.974,-0.0014224329243352,58,0
28.976,-0.0014855949243352,58,0
28.978,-0.0015487569243352,58,0
28.98,-0.0016119189243352,58,0
28.982,-0.0016750809243352,58,0
28.984,-0.0012485922243352,58,0
28.986,-0.0012908575243352,58,0
28.988,-0.0012561305243352,58,0
28.99,-0.0014514245243352,58,0
28.992,-0.0016467185243352,58,0
28.994,-0.0018420125243352,58,0
28.996,-0.0013304366243352,58,0
28.998,-0.0012908454243352,58,0
29.0,-0.0012512542243352,59,0
29.002,-0.0013942520243352,59,0
29.004,-0.0015372498243352,59,0
29.006,-0.0016802476243352,59,0
29.008,-0.0018232454243352,59,0
29.01,-0.0019662432243352,59,0
29.012,-0.0014211866243352,59,0
29.014,-0.0012457850243352,59,0
29.016,-0.0012839605243352,59,0
29.018,-0.0016680992243352,59,0
29.02,-0.0015549309493352,59,0
29.022,-0.0014417626743352,59,0
29.024,-0.0013285943993352,59,0
29.026,-0.0012154261243352,59,0
29.028,-0.0012816736243352,59,0
29.03,-0.0014031213243352,59,0
29.032,-0.0014705243743352,59,0
29.034,-0.0015379274243352,59,0
29.036,-0.0016053304743352,59,0
29.038,-0.0016727335243352,59,0
29.04,-0.0014644320243352,59,0
29.042,-0.0012561305243352,59,0
29.044,-0.0012859933243352,59,0
29.046,-0.0012600025243352,59,0
29.048,-0.0014552198910019,59,0
29.05,-0.0016504372576686,59,0
29.052,-0.0018456546243352,59,0
29.054,-0.0015813785243352,59,0
29.056,-0.0013171024243352,59,0
29.058,-0.0019770969243352,59,0
29.06,-0.0019726755843352,59,0
29.062,-0.0019682542443352,59,0
29.064,-0.0019638329043352,59,0
29.066,-0.0019594115643352,59,0
29.068,-0.0019549902243352,59,0
29.07,-0.0014261355243352,59,0
29.072,-0.0012390695243352,59,0
29.074,-0.0016709185243352,59,0
29.076,-0.0016389412493352,59,0
29.078,-0.0016069639743352,59,0
29.08,-0.0015749866993352,59,0
29.082,-0.0015430094243352,59,0
29.084,-0.0013851044243352,59,0
29.086,-0.0012271994243352,59,0
29.088,-0.0012939551243352,59,0
29.09,-0.0013932658743352,59,0
29.092,-0.0014925766243352,59,0
29.094,-0.0015918873743352,59,0
29.096,-0.0016911981243352,59,0
29.098,-0.0014716617743352,59,0
29.1,-0.0012521254243352,59,0
29.102,-0.0012899500243352,59,0
29.104,-0.0012761802243352,59,0
29.106,-0.0014133972493352,59,0
29.108,-0.0015506142743352,59,0
29.11,-0.0016878312993352,59,0
29.112,-0.0018250483243352,59,0
29.114,-0.0013380717243352,59,0
29.116,-0.0012788543243352,59,0
29.118,-0.0019870794243352,59,0
29.12,-0.0019819490243352,59,0
29.122,-0.0019768186243352,59,0
29.124,-0.0019716882243352,59,0
29.126,-0.0019665578243352,59,0
29.128,-0.0014171331243352,59,0
29.13,-0.0012508307243352,59,0
29.132,-0.0016662479243352,59,0
29.134,-0.0016453439643352,59,0
29.136,-0.0016244400043352,59,0
29.138,-0.0016035360443352,59,0
29.14,-0.0015826320843352,59,0
29.142,-0.0015617281243352,59,0
29.144,-0.0012388275243352,59,0
29.146,-0.0012724655243352,59,0
29.148,-0.0013871614243352,59,0
29.15,-0.0013389388910019,59,0
29.152,-0.0012907163576686,59,0
29.154,-0.0012424938243352,59,0
29.156,-0.0012823996243352,59,0
29.158,-0.0012714733243352,59,0
29.16,-0.0012605470243352,59,0
29.162,-0.0013996939993352,59,0
29.164,-0.0015388409743352,59,0
29.166,-0.0016779879493352,59,0
29.168,-0.0018171349243352,59,0
29.17,-0.0015639484743352,59,0
29.172,-0.0013107620243352,59,0
29.174,-0.0012420582243352,59,0
29.176,-0.0019794927243352,59,0
29.178,-0.0019665215243352,59,0
29.18,-0.0019535503243352,59,0
29.182,-0.0019405791243352,59,0
29.184,-0.0012299098243352,59,0
29.186,-0.0012518713243352,59,0
29.188,-0.0014520355743352,59,0
29.19,-0.0016521998243352,59,0
29.192,-0.0016161206493352,59,0
29.194,-0.0015800414743352,59,0
29.196,-0.0015439622993352,59,0
29.198,-0.0015078831243352,59,0
29.2,-0.0012051532243352,59,0
29.202,-0.0012606317243352,59,0
29.204,-0.0013860361243352,59,0
29.206,-0.0014579070993352,59,0
29.208,-0.0015297780743352,59,0
29.21,-0.0016016490493352,59,0
29.212,-0.0016735200243352,59,0
29.214,-0.0012405820243352,59,0
29.216,-0.0012776685243352,59,0
29.218,-0.0012458697243352,59,0
29.22,-0.0014311328243352,59,0
29.222,-0.0016163959243352,59,0
29.224,-0.0018016590243352,59,0
29.226,-0.0012586231243352,59,0
29.228,-0.0012416710243352,59,0
29.23,-0.0019906005243352,59,0
29.232,-0.0019807632243352,59,0
29.234,-0.0019709259243352,59,0
29.236,-0.0019610886243352,59,0
29.238,-0.0019512513243352,59,0
29.24,-0.0019414140243352,59,0
29.242,-0.0012266065243352,59,0
29.244,-0.0012499353243352,59,0
29.246,-0.0014569784243352,59,0
29.248,-0.0016640215243352,59,0
29.25,-0.0016147825910019,59,0
29.252,-0.0015655436576686,59,0
29.254,-0.0015163047243352,59,0
29.256,-0.0014501903243352,59,0
29.258,-0.0013840759243352,59,0
29.26,-0.0014468241043352,59,0
29.262,-0.0015095722843352,59,0
29.264,-0.0015723204643352,59,0
29.266,-0.0016350686443352,59,0
29.268,-0.0016978168243352,59,0
29.27,-0.0012612367243352,59,0
29.272,-0.0012887642243352,59,0
29.274,-0.0012932412243352,59,0
29.276,-0.0012977182243352,59,0
29.278,-0.0013021952243352,59,0
29.28,-0.0013066722243352,59,0
29.282,-0.0013111492243352,59,0
29.284,-0.0013156262243352,59,0
29.286,-0.0012842267243352,59,0
29.288,-0.0012528272243352,59,0
29.29,-0.0019837519243352,59,0
29.292,-0.0019749915243352,59,0
29.294,-0.0019662311243352,59,0
29.296,-0.0019574707243352,59,0
29.298,-0.0019487103243352,59,0
29.3,-0.0014008102243352,59,0
29.302,-0.0012285304243352,59,0
29.304,-0.0012574978243352,59,0
29.306,-0.0013273874243352,59,0
29.308,-0.0013972770243352,59,0
29.31,-0.0014671666243352,59,0
29.312,-0.0015370562243352,59,0
29.314,-0.0013789878743352,59,0
29.316,-0.0012209195243352,59,0
29.318,-0.0012733488243352,59,0
29.32,-0.0013952805243352,59,0
29.322,-0.0014573837743352,59,0
29.324,-0.0015194870243352,59,0
29.326,-0.0015815902743352,59,0
29.328,-0.0016436935243352,59,0
29.33,-0.0012537226243352,59,0
29.332,-0.0013085840243352,59,0
29.334,-0.0012539041243352,59,0
29.336,-0.0014399577576686,59,0
29.338,-0.0016260113910019,59,0
29.34,-0.0018120650243352,59,0
29.342,-0.0013071683243352,59,0
29.344,-0.0012769606743352,59,0
29.346,-0.0012467530243352,59,0
29.348,-0.0012221658243352,59,0
29.35,-0.0014037051493352,59,0
29.352,-0.0015852444743352,59,0
29.354,-0.0017667837993352,59,0
29.356,-0.0019483231243352,59,0
29.358,-0.0014168548243352,59,0
29.36,-0.0012445629243352,59,0
29.362,-0.0012389364243352,59,0
29.364,-0.0012333099243352,59,0
29.366,-0.0012276834243352,59,0
29.368,-0.0012220569243352,59,0
29.37,-0.0012852068243352,59,0
29.372,-0.0013901138243352,59,0
29.374,-0.0014282945100495,59,0
29.376,-0.0014664751957638,59,0
29.378,-0.0015046558814781,59,0
29.38,-0.0015428365671924,59,0
29.382,-0.0015810172529067,59,0
29.384,-0.001619197938621,59,0
29.386,-0.0016573786243352,59,0
29.388,-0.0012376659243352,59,0
29.39,-0.0012662582243352,59,0
29.392,-0.0012340117243352,59,0
29.394,-0.0014156246576686,59,0
29.396,-0.0015972375910019,59,0
29.398,-0.0017788505243352,59,0
29.4,-0.0015336198243352,59,0
29.402,-0.0012883891243352,59,0
29.404,-0.0011877050243352,59,0
29.406,-0.0019840302243352,59,0
29.408,-0.0019642547910019,59,0
29.41,-0.0019444793576686,59,0
29.412,-0.0019247039243352,59,0
29.414,-0.0016542810243352,59,0
29.416,-0.0013838581243352,59,0
29.418,-0.0011991032243352,59,0
29.42,-0.0012466441243352,59,0
29.422,-0.0016624969243352,59,0
29.424,-0.0016270529993352,59,0
29.426,-0.0015916090743352,59,0
29.428,-0.0015561651493352,59,0
29.43,-0.0015207212243352,59,0
29.432,-0.0012058913243352,59,0
29.434,-0.0012585021243352,59,0
29.436,-0.0013939253243352,59,0
29.438,-0.0014635003243352,59,0
29.44,-0.0015330753243352,59,0
29.442,-0.0016026503243352,59,0
29.444,-0.0016722253243352,59,0
29.446,-0.0012498990243352,59,0
29.448,-0.0012889699243352,59,0
29.45,-0.0012507097243352,59,0
29.452,-0.0013904223743352,59,0
29.454,-0.0015301350243352,59,0
29.456,-0.0016698476743352,59,0
29.458,-0.0018095603243352,59,0
29.46,-0.0012279738243352,59,0
29.462,-0.0012032172243352,59,0
29.464,-0.0012485861743352,59,0
29.466,-0.0012939551243352,59,0
29.468,-0.0013393240743352,59,0
29.47,-0.0013846930243352,59,0
29.472,-0.0012972705243352,59,0
29.474,-0.0012098480243352,59,0
29.476,-0.0012293592743352,59,0
29.478,-0.0012488705243352,59,0
29.48,-0.0016548013243352,59,0
29.482,-0.0016154944743352,59,0
29.484,-0.0015761876243352,59,0
29.486,-0.0015368807743352,59,0
29.488,-0.0014975739243352,59,0
29.49,-0.0011946020243352,59,0
29.492,-0.0012459302243352,59,0
29.494,-0.0014001568243352,59,0
29.496,-0.0014698891243352,59,0
29.498,-0.0015396214243352,59,0
29.5,-0.0016093537243352,60,0
29.502,-0.0016790860243352,60,0
29.504,-0.0012827263243352,60,0
29.506,-0.0012566750243352,60,0
29.508,-0.0013623757843352,60,0
29.51,-0.0014680765443352,60,0
29.512,-0.0015737773043352,60,0
29.514,-0.0016794780643352,60,0
29.516,-0.0017851788243352,60,0
29.518,-0.0012951288243352,60,0
29.52,-0.0012556344243352,60,0
29.522,-0.0012215850243352,60,0
29.524,-0.0019862566243352,60,0
29.526,-0.0019716801576686,60,0
29.528,-0.0019571036910019,60,0
29.53,-0.0019425272243352,60,0
29.532,-0.0013918562243352,60,0
29.534,-0.0012384766243352,60,0
29.536,-0.0016574754243352,60,0
29.538,-0.0016312837643352,60,0
29.54,-0.0016050921043352,60,0
29.542,-0.0015789004443352,60,0
29.544,-0.0015527087843352,60,0
29.546,-0.0015265171243352,60,0
29.548,-0.0012370851243352,60,0
29.55,-0.0013130852243352,60,0
29.552,-0.0014356098243352,60,0
29.554,-0.0013831411993352,60,0
29.556,-0.0013306725743352,60,0
29.558,-0.0012782039493352,60,0
29.56,-0.0012257353243352,60,0
29.562,-0.0012379260743352,60,0
29.564,-0.0012501168243352,60,0
29.566,-0.0015451087743352,60,0
29.568,-0.0018401007243352,60,0
29.57,-0.0013107983243352,60,0
29.572,-0.0012920160993352,60,0
29.574,-0.0012732338743352,60,0
29.576,-0.0012544516493352,60,0
29.578,-0.0012356694243352,60,0
29.58,-0.0012030962243352,60,0
29.582,-0.0019944725243352,60,0
29.584,-0.0019746406243352,60,0
29.586,-0.0019548087243352,60,0
29.588,-0.0019349768243352,60,0
29.59,-0.0014008344243352,60,0
29.592,-0.0012168539243352,60,0
29.594,-0.0012571953243352,60,0
29.596,-0.0013449203243352,60,0
29.598,-0.0014326453243352,60,0
29.6,-0.0015203703243352,60,0
29.602,-0.0012160432243352,60,0
29.604,-0.0012788422243352,60,0
29.606,-0.0014073200243352,60,0
29.608,-0.0014487463910019,60,0
29.61,-0.0014901727576686,60,0
29.612,-0.0015315991243352,60,0
29.614,-0.0015730254910019,60,0
29.616,-0.0016144518576686,60,0
29.618,-0.0016558782243352,60,0
29.62,-0.0012427842243352,60,0
29.622,-0.0012793625243352,60,0
29.624,-0.0012427963243352,60,0
29.626,-0.0012601638576686,60,0
29.628,-0.0012775313910019,60,0
29.63,-0.0012948989243352,60,0
29.632,-0.0012411991243352,60,0
29.634,-0.0012295407743352,60,0
29.636,-0.0012178824243352,60,0
29.638,-0.0013610496243352,60,0
29.64,-0.0015042168243352,60,0
29.642,-0.0016473840243352,60,0
29.644,-0.0017905512243352,60,0
29.646,-0.0019337184243352,60,0
29.648,-0.0014000600243352,60,0
29.65,-0.0012147485243352,60,0
29.652,-0.0012459181243352,60,0
29.654,-0.0016727698243352,60,0
29.656,-0.0016280512493352,60,0
29.658,-0.0015833326743352,60,0
29.66,-0.0015386140993352,60,0
29.662,-0.0014938955243352,60,0
29.664,-0.0012057461243352,60,0
29.666,-0.0012714612243352,60,0
29.668,-0.0013525893043352,60,0
29.67,-0.0014337173843352,60,0
29.672,-0.0015148454643352,60,0
29.674,-0.0015959735443352,60,0
29.676,-0.0016771016243352,60,0
29.678,-0.0012559611243352,60,0
29.68,-0.0012757446243352,60,0
29.682,-0.0012607164243352,60,0
29.684,-0.0014325969243352,60,0
29.686,-0.0016044774243352,60,0
29.688,-0.0017763579243352,60,0
29.69,-0.0015383327743352,60,0
29.692,-0.0013003076243352,60,0
29.694,-0.0012261588243352,60,0
29.696,-0.0012221634043352,60,0
29.698,-0.0012181679843352,60,0
29.7,-0.0012141725643352,60,0
29.702,-0.0012101771443352,60,0
29.704,-0.0012061817243352,60,0
29.706,-0.0014372130743352,60,0
29.708,-0.0016682444243352,60,0
29.71,-0.0016306950993352,60,0
29.712,-0.0015931457743352,60,0
29.714,-0.0015555964493352,60,0
29.716,-0.0015180471243352,60,0
29.718,-0.0012187294243352,60,0
29.72,-0.0012444056243352,60,0
29.722,-0.0012700818243352,60,0
29.724,-0.0014177018243352,60,0
29.726,-0.0014729988243352,60,0
29.728,-0.0015282958243352,60,0
29.73,-0.0015835928243352,60,0
29.732,-0.0016388898243352,60,0
29.734,-0.0012321846243352,60,0
29.736,-0.0012566629243352,60,0
29.738,-0.0012606994843352,60,0
29.74,-0.0012647360443352,60,0
29.742,-0.0012687726043352,60,0
29.744,-0.0012728091643352,60,0
29.746,-0.0012768457243352,60,0
29.748,-0.0012486466743352,60,0
29.75,-0.0012204476243352,60,0
29.752,-0.0012073070243352,60,0
29.754,-0.0014396552576686,60,0
29.756,-0.0016720034910019,60,0
29.758,-0.0019043517243352,60,0
29.76,-0.0016455327243352,60,0
29.762,-0.0013867137243352,60,0
29.764,-0.0012184148243352,60,0
29.766,-0.0012281311243352,60,0
29.768,-0.0012216600443352,60,0
29.77,-0.0012151889643352,60,0
29.772,-0.0012087178843352,60,0
29.774,-0.0012022468043352,60,0
29.776,-0.0011957757243352,60,0
29.778,-0.0012251726743352,60,0
29.78,-0.0012545696243352,60,0
29.782,-0.0013979062243352,60,0
29.784,-0.0014586754493352,60,0
29.786,-0.0015194446743352,60,0
29.788,-0.0015802138993352,60,0
29.79,-0.0016409831243352,60,0
29.792,-0.0012405215243352,60,0
29.794,-0.0012706747243352,60,0
29.796,-0.0012518229243352,60,0
29.798,-0.0015086877743352,60,0
29.8,-0.0017655526243352,60,0
29.802,-0.0012784308243352,60,0
29.804,-0.0012555678743352,60,0
29.806,-0.0012327049243352,60,0
29.808,-0.0012079483243352,60,0
29.81,-0.0012431932043352,60,0
29.812,-0.0012784380843352,60,0
29.814,-0.0013136829643352,60,0
29.816,-0.0013489278443352,60,0
29.818,-0.0013841727243352,60,0
29.82,-0.0012050201243352,60,0
29.822,-0.0012201330243352,60,0
29.824,-0.0012352459243352,60,0
29.826,-0.0016580683243352,60,0
29.828,-0.0015426524743352,60,0
29.83,-0.0014272366243352,60,0
29.832,-0.0013118207743352,60,0
29.834,-0.0011964049243352,60,0
29.836,-0.0012558522243352,60,0
29.838,-0.0013907551243352,60,0
29.84,-0.0014387171043352,60,0
29.842,-0.0014866790843352,60,0
29.844,-0.0015346410643352,60,0
29.846,-0.0015826030443352,60,0
29.848,-0.0016305650243352,60,0
29.85,-0.0012314223243352,60,0
29.852,-0.0012607769243352,60,0
29.854,-0.0012493182243352,60,0
29.856,-0.0013966236243352,60,0
29.858,-0.0015439290243352,60,0
29.86,-0.0016912344243352,60,0
29.862,-0.0018385398243352,60,0
29.864,-0.0012528756243352,60,0
29.866,-0.0012365466743352,60,0
29.868,-0.0012202177243352,60,0
29.87,-0.0014537154576686,60,0
29.872,-0.0016872131910019,60,0
29.874,-0.0019207109243352,60,0
29.876,-0.0013834346243352,60,0
29.878,-0.0012981417243352,60,0
29.88,-0.0012128488243352,60,0
29.882,-0.0016913191243352,60,0
29.884,-0.0016556241243352,60,0
29.886,-0.0016199291243352,60,0
29.888,-0.0015842341243352,60,0
29.89,-0.0015485391243352,60,0
29.892,-0.0015128441243352,60,0
29.894,-0.0012119776243352,60,0
29.896,-0.0012713765243352,60,0
29.898,-0.0012583992743352,60,0
29.9,-0.0012454220243352,60,0
29.902,-0.0012324447743352,60,0
29.904,-0.0012194675243352,60,0
29.906,-0.0012353386910019,60,0
29.908,-0.0012512098576686,60,0
29.91,-0.0012670810243352,60,0
29.912,-0.0012449501243352,60,0
29.914,-0.0012553107493352,60,0
29.916,-0.0012656713743352,60,0
29.918,-0.0012760319993352,60,0
29.92,-0.0012863926243352,60,0
29.922,-0.0012433166243352,60,0
29.924,-0.0012325657743352,60,0
29.926,-0.0012218149243352,60,0
29.928,-0.0014558329576686,60,0
29.93,-0.0016898509910019,60,0
29.932,-0.0019238690243352,60,0
29.934,-0.0013896540243352,60,0
29.936,-0.0012142282243352,60,0
29.938,-0.0012410176243352,60,0
29.94,-0.0016900002243352,60,0
29.942,-0.0016543052243352,60,0
29.944,-0.0016186102243352,60,0
29.946,-0.0015829152243352,60,0
29.948,-0.0015472202243352,60,0
29.95,-0.0015115252243352,60,0
29.952,-0.0012033987243352,60,0
29.954,-0.0012914504243352,60,0
29.956,-0.0014399779243352,60,0
29.958,-0.0015079476576686,60,0
29.96,-0.0015759173910019,60,0
29.962,-0.0016438871243352,60,0
29.964,-0.0014568271743352,60,0
29.966,-0.0012697672243352,60,0
29.968,-0.0012581512243352,60,0
29.97,-0.0013612238643352,60,0
29.972,-0.0014642965043352,60,0
29.974,-0.0015673691443352,60,0
29.976,-0.0016704417843352,60,0
29.978,-0.0017735144243352,60,0
29.98,-0.0012794835243352,60,0
29.982,-0.0012510848243352,60,0
29.984,-0.0012221537243352,60,0
29.986,-0.0014541591243352,60,0
29.988,-0.0016861645243352,60,0
29.99,-0.0019181699243352,60,0
29.992,-0.0013727987243352,60,0
29.994,-0.0012844566243352,60,0
29.996,-0.0011961145243352,60,0
29.998,-0.0012245979243352,60,0
30.0,-0.0016788682243352,61,0
30.002,-0.0015167080576686,61,0
30.004,-0.0013545478910019,61,0
30.006,-0.0011923877243352,61,0
30.008,-0.0012104570576686,61,0
30.01,-0.0012285263910019,61,0
30.012,-0.0012465957243352,61,0
30.014,-0.0012391397043352,61,0
30.016,-0.0012316836843352,61,0
30.018,-0.0012242276643352,61,0
30.02,-0.0012167716443352,61,0
30.022,-0.0012093156243352,61,0
30.024,-0.0012339814743352,61,0
30.026,-0.0012586473243352,61,0
30.028,-0.0012609826243352,61,0
30.03,-0.0013858546243352,61,0
30.032,-0.0015107266243352,61,0
30.034,-0.0016355986243352,61,0
30.036,-0.0017604706243352,61,0
30.038,-0.0012219722243352,61,0
30.04,-0.0012079483243352,61,0
30.042,-0.0013806758243352,61,0
30.044,-0.0015534033243352,61,0
30.046,-0.0017261308243352,61,0
30.048,-0.0018988583243352,61,0
30.05,-0.0013653693243352,61,0
30.052,-0.0012112395243352,61,0
30.054,-0.0012223594243352,61,0
30.056,-0.0012334793243352,61,0
30.058,-0.0016806832243352,61,0
30.06,-0.0016350783243352,61,0
30.062,-0.0015894734243352,61,0
30.064,-0.0015438685243352,61,0
30.066,-0.0014982636243352,61,0
30.068,-0.0012622894243352,61,0
30.07,-0.0013447690743352,61,0
30.072,-0.0014272487243352,61,0
30.074,-0.0014777480743352,61,0
30.076,-0.0015282474243352,61,0
30.078,-0.0015787467743352,61,0
30.08,-0.0016292461243352,61,0
30.082,-0.0012320757243352,61,0
30.084,-0.0012722235243352,61,0
30.086,-0.0012668753243352,61,0
30.088,-0.0013933868743352,61,0
30.09,-0.0015198984243352,61,0
30.092,-0.0016464099743352,61,0
30.094,-0.0017729215243352,61,0
30.096,-0.0012651571243352,61,0
30.098,-0.0012230370243352,61,0
30.1,-0.0012032172243352,61,0
30.102,-0.0013818011243352,61,0
30.104,-0.0015603850243352,61,0
30.106,-0.0017389689243352,61,0
30.108,-0.0019175528243352,61,0
30.11,-0.0013629009243352,61,0
30.112,-0.0011748185243352,61,0
30.114,-0.0012039311243352,61,0
30.116,-0.0016801387243352,61,0
30.118,-0.0015604485493352,61,0
30.12,-0.0014407583743352,61,0
30.122,-0.0013210681993352,61,0
30.124,-0.0012013780243352,61,0
30.126,-0.0013151361743352,61,0
30.128,-0.0014288943243352,61,0
30.13,-0.0014803253743352,61,0
30.132,-0.0015317564243352,61,0
30.134,-0.0015831874743352,61,0
30.136,-0.0016346185243352,61,0
30.138,-0.0012151841243352,61,0
30.14,-0.0012443330243352,61,0
30.142,-0.0012547753243352,61,0
30.144,-0.0013911665243352,61,0
30.146,-0.0015275577243352,61,0
30.148,-0.0016639489243352,61,0
30.15,-0.0018003401243352,61,0
30.152,-0.0015026438243352,61,0
30.154,-0.0012049475243352,61,0
30.156,-0.0012451800243352,61,0
30.158,-0.0012854125243352,61,0
30.16,-0.0013256450243352,61,0
30.162,-0.0013658775243352,61,0
30.164,-0.0012002648243352,61,0
30.166,-0.0012398197243352,61,0
30.168,-0.0014833564243352,61,0
30.17,-0.0017268931243352,61,0
30.172,-0.0016708610493352,61,0
30.174,-0.0016148289743352,61,0
30.176,-0.0015587968993352,61,0
30.178,-0.0015027648243352,61,0
30.18,-0.0014305762243352,61,0
30.182,-0.0015015830576686,61,0
30.184,-0.0015725898910019,61,0
30.186,-0.0016435967243352,61,0
30.188,-0.0012341932243352,61,0
30.19,-0.0012465110243352,61,0
30.192,-0.0012588288243352,61,0
30.194,-0.0012711466243352,61,0
30.196,-0.0012834644243352,61,0
30.198,-0.0012578245243352,61,0
30.2,-0.0013865201243352,61,0
30.202,-0.0015152157243352,61,0
30.204,-0.0016439113243352,61,0
30.206,-0.0017726069243352,61,0
30.208,-0.0012878446243352,61,0
30.21,-0.0012519802243352,61,0
30.212,-0.0012117598243352,61,0
30.214,-0.0013854190243352,61,0
30.216,-0.0015590782243352,61,0
30.218,-0.0017327374243352,61,0
30.22,-0.0019063966243352,61,0
30.222,-0.0013719517243352,61,0
30.224,-0.0017067829243352,61,0
30.226,-0.0016685328076686,61,0
30.228,-0.0016302826910019,61,0
30.23,-0.0015920325743352,61,0
30.232,-0.0015537824576686,61,0
30.234,-0.0015155323410019,61,0
30.236,-0.0014772822243352,61,0
30.238,-0.0011931137243352,61,0
30.24,-0.0012700939243352,61,0
30.242,-0.0014434022243352,61,0
30.244,-0.0013751138576686,61,0
30.246,-0.0013068254910019,61,0
30.248,-0.0012385371243352,61,0
30.25,-0.0012884859243352,61,0
30.252,-0.0012624588243352,61,0
30.254,-0.0012627915743352,61,0
30.256,-0.0012631243243352,61,0
30.258,-0.0012634570743352,61,0
30.26,-0.0012637898243352,61,0
30.262,-0.0012240776243352,61,0
30.264,-0.0012133812243352,61,0
30.266,-0.0012026848243352,61,0
30.268,-0.0011919884243352,61,0
30.27,-0.0011812920243352,61,0
30.272,-0.0013629462993352,61,0
30.274,-0.0015446005743352,61,0
30.276,-0.0017262548493352,61,0
30.278,-0.0019079091243352,61,0
30.28,-0.0013591499243352,61,0
30.282,-0.0012008577243352,61,0
30.284,-0.0012152809243352,61,0
30.286,-0.0017009749243352,61,0
30.288,-0.0015709604243352,61,0
30.29,-0.0014409459243352,61,0
30.292,-0.0013109314243352,61,0
30.294,-0.0011809169243352,61,0
30.296,-0.0012087408743352,61,0
30.298,-0.0012365648243352,61,0
30.3,-0.0013267612493352,61,0
30.302,-0.0014169576743352,61,0
30.304,-0.0015071540993352,61,0
30.306,-0.0015973505243352,61,0
30.308,-0.0011973245243352,61,0
30.31,-0.0012442362243352,61,0
30.312,-0.0012426753243352,61,0
30.314,-0.0014261879576686,61,0
30.316,-0.0016097005910019,61,0
30.318,-0.0017932132243352,61,0
30.32,-0.0012921280243352,61,0
30.322,-0.0012144823243352,61,0
30.324,-0.0012574100993352,61,0
30.326,-0.0013003378743352,61,0
30.328,-0.0013432656493352,61,0
30.33,-0.0013861934243352,61,0
30.332,-0.0013321427243352,61,0
30.334,-0.0012780920243352,61,0
30.336,-0.0012240413243352,61,0
30.338,-0.0012404852243352,61,0
30.34,-0.0012270905243352,61,0
30.342,-0.0012136958243352,61,0
30.344,-0.0012003011243352,61,0
30.346,-0.0011869064243352,61,0
30.348,-0.0011735117243352,61,0
30.35,-0.0012363712243352,61,0
30.352,-0.0014406434243352,61,0
30.354,-0.0014774104843352,61,0
30.356,-0.0015141775443352,61,0
30.358,-0.0015509446043352,61,0
30.36,-0.0015877116643352,61,0
30.362,-0.0016244787243352,61,0
30.364,-0.0012308899243352,61,0
30.366,-0.0012608979243352,61,0
30.368,-0.0012415863243352,61,0
30.37,-0.0014148381576686,61,0
30.372,-0.0015880899910019,61,0
30.374,-0.0017613418243352,61,0
30.376,-0.0012602203243352,61,0
30.378,-0.0012363470243352,61,0
30.38,-0.0013664801043352,61,0
30.382,-0.0014966131843352,61,0
30.384,-0.0016267462643352,61,0
30.386,-0.0017568793443352,61,0
30.388,-0.0018870124243352,61,0
30.39,-0.0013630824243352,61,0
30.392,-0.0012739296243352,61,0
30.394,-0.0011847768243352,61,0
30.396,-0.0017059238243352,61,0
30.398,-0.0016323195243352,61,0
30.4,-0.0015587152243352,61,0
30.402,-0.0014851109243352,61,0
30.404,-0.0013941794243352,61,0
30.406,-0.0013032479243352,61,0
30.408,-0.0012123164243352,61,0
30.41,-0.0012722114243352,61,0
30.412,-0.0014396633243352,61,0
30.414,-0.0015037933243352,61,0
30.416,-0.0015679233243352,61,0
30.418,-0.0016320533243352,61,0
30.42,-0.0014280533743352,61,0
30.422,-0.0012240534243352,61,0
30.424,-0.0012788059243352,61,0
30.426,-0.0014001205243352,61,0
30.428,-0.0015214351243352,61,0
30.43,-0.0016427497243352,61,0
30.432,-0.0017640643243352,61,0
30.434,-0.0015209753243352,61,0
30.436,-0.0012778863243352,61,0
30.438,-0.0012325234243352,61,0
30.44,-0.0011881648243352,61,0
30.442,-0.0013642742743352,61,0
30.444,-0.0015403837243352,61,0
30.446,-0.0017164931743352,61,0
30.448,-0.0018926026243352,61,0
30.45,-0.0013485261243352,61,0
30.452,-0.0011905969243352,61,0
30.454,-0.0012157044243352,61,0
30.456,-0.0017100862243352,61,0
30.458,-0.0016276852243352,61,0
30.46,-0.0015452842243352,61,0
30.462,-0.0014628832243352,61,0
30.464,-0.0013214402743352,61,0
30.466,-0.0011799973243352,61,0
30.468,-0.0012441152243352,61,0
30.47,-0.0013415746743352,61,0
30.472,-0.0014390341243352,61,0
30.474,-0.0015364935743352,61,0
30.476,-0.0016339530243352,61,0
30.478,-0.0012376054243352,61,0
30.48,-0.001242161938621,61,0
30.482,-0.0012467184529067,61,0
30.484,-0.0012512749671924,61,0
30.486,-0.0012558314814781,61,0
30.488,-0.0012603879957638,61,0
30.49,-0.0012649445100495,61,0
30.492,-0.0012695010243352,61,0
30.494,-0.0012509880243352,61,0
30.496,-0.0012087469243352,61,0
30.498,-0.0013814471993352,61,0
30.5,-0.0015541474743352,62,0
30.502,-0.0017268477493352,62,0
30.504,-0.0018995480243352,62,0
30.506,-0.0013732827243352,62,0
30.508,-0.0012207743243352,62,0
30.51,-0.0012305692743352,62,0
30.512,-0.0012403642243352,62,0
30.514,-0.0012346869043352,62,0
30.516,-0.0012290095843352,62,0
30.518,-0.0012233322643352,62,0
30.52,-0.0012176549443352,62,0
30.522,-0.0012119776243352,62,0
30.524,-0.0012954797243352,62,0
30.526,-0.0012859872743352,62,0
30.528,-0.0012764948243352,62,0
30.53,-0.0012670023743352,62,0
30.532,-0.0012575099243352,62,0
30.534,-0.0012480174743352,62,0
30.536,-0.0012385250243352,62,0
30.538,-0.0012597847243352,62,0
30.54,-0.0012607285243352,62,0
30.542,-0.0012616723243352,62,0
30.544,-0.0013860149493352,62,0
30.546,-0.0015103575743352,62,0
30.548,-0.0016347001993352,62,0
30.55,-0.0017590428243352,62,0
30.552,-0.0012704569243352,62,0
30.554,-0.0012399286243352,62,0
30.556,-0.0012162368243352,62,0
30.558,-0.0013806062493352,62,0
30.56,-0.0015449756743352,62,0
30.562,-0.0017093450993352,62,0
30.564,-0.0018737145243352,62,0
30.566,-0.0013357727243352,62,0
30.568,-0.0011896531243352,62,0
30.57,-0.0012126431243352,62,0
30.572,-0.0017274739243352,62,0
30.574,-0.0015946552493352,62,0
30.576,-0.0014618365743352,62,0
30.578,-0.0013290178993352,62,0
30.58,-0.0011961992243352,62,0
30.582,-0.0012599783243352,62,0
30.584,-0.0014207026243352,62,0
30.586,-0.0013930863910019,62,0
30.588,-0.0013654701576686,62,0
30.59,-0.0013378539243352,62,0
30.592,-0.0013102376910019,62,0
30.594,-0.0012826214576686,62,0
30.596,-0.0012550052243352,62,0
30.598,-0.0012694284243352,62,0
30.6,-0.0012710407493352,62,0
30.602,-0.0012726530743352,62,0
30.604,-0.0012742653993352,62,0
30.606,-0.0012758777243352,62,0
30.608,-0.0012001922243352,62,0
30.61,-0.0013179816910019,62,0
30.612,-0.0014357711576686,62,0
30.614,-0.0015535606243352,62,0
30.616,-0.0016713500910019,62,0
30.618,-0.0017891395576686,62,0
30.62,-0.0019069290243352,62,0
30.622,-0.0012144823243352,62,0
30.624,-0.0017317089243352,62,0
30.626,-0.0016881005243352,62,0
30.628,-0.0016444921243352,62,0
30.63,-0.0016008837243352,62,0
30.632,-0.0015572753243352,62,0
30.634,-0.0015136669243352,62,0
30.636,-0.0014700585243352,62,0
30.638,-0.0011787873243352,62,0
30.64,-0.0012453857243352,62,0
30.642,-0.0014372433243352,62,0
30.644,-0.0014775665743352,62,0
30.646,-0.0015178898243352,62,0
30.648,-0.0015582130743352,62,0
30.65,-0.0015985363243352,62,0
30.652,-0.0012187778243352,62,0
30.654,-0.0012574131243352,62,0
30.656,-0.0012358630243352,62,0
30.658,-0.0013697464993352,62,0
30.66,-0.0015036299743352,62,0
30.662,-0.0016375134493352,62,0
30.664,-0.0017713969243352,62,0
30.666,-0.0012851705243352,62,0
30.668,-0.0012536500243352,62,0
30.67,-0.0011999381243352,62,0
30.672,-0.0012399588743352,62,0
30.674,-0.0012799796243352,62,0
30.676,-0.0013200003743352,62,0
30.678,-0.0013600211243352,62,0
30.68,-0.0012192013243352,62,0
30.682,-0.0012303575243352,62,0
30.684,-0.0014830962743352,62,0
30.686,-0.0017358350243352,62,0
30.688,-0.0016463797243352,62,0
30.69,-0.0015569244243352,62,0
30.692,-0.0014674691243352,62,0
30.694,-0.0013661921243352,62,0
30.696,-0.0012649151243352,62,0
30.698,-0.0014401352243352,62,0
30.7,-0.0014776452243352,62,0
30.702,-0.0015151552243352,62,0
30.704,-0.0015526652243352,62,0
30.706,-0.0015901752243352,62,0
30.708,-0.0013883290743352,62,0
30.71,-0.0011864829243352,62,0
30.712,-0.0012502257243352,62,0
30.714,-0.0013518245843352,62,0
30.716,-0.0014534234443352,62,0
30.718,-0.0015550223043352,62,0
30.72,-0.0016566211643352,62,0
30.722,-0.0017582200243352,62,0
30.724,-0.0012437280243352,62,0
30.726,-0.0011957273243352,62,0
30.728,-0.0013678921743352,62,0
30.73,-0.0015400570243352,62,0
30.732,-0.0017122218743352,62,0
30.734,-0.0018843867243352,62,0
30.736,-0.0013511518243352,62,0
30.738,-0.0012107071243352,62,0
30.74,-0.0012343989243352,62,0
30.742,-0.0017143333243352,62,0
30.744,-0.0016675184243352,62,0
30.746,-0.0016207035243352,62,0
30.748,-0.0015738886243352,62,0
30.75,-0.0015270737243352,62,0
30.752,-0.0014802588243352,62,0
30.754,-0.0011925692243352,62,0
30.756,-0.0012376054243352,62,0
30.758,-0.0014185609243352,62,0
30.76,-0.0014614977743352,62,0
30.762,-0.0015044346243352,62,0
30.764,-0.0015473714743352,62,0
30.766,-0.0015903083243352,62,0
30.768,-0.0012418525243352,62,0
30.77,-0.0012442926910019,62,0
30.772,-0.0012467328576686,62,0
30.774,-0.0012491730243352,62,0
30.776,-0.0012333825243352,62,0
30.778,-0.0011940696243352,62,0
30.78,-0.0013098444410019,62,0
30.782,-0.0014256192576686,62,0
30.784,-0.0015413940743352,62,0
30.786,-0.0016571688910019,62,0
30.788,-0.0017729437076686,62,0
30.79,-0.0018887185243352,62,0
30.792,-0.0017138936910019,62,0
30.794,-0.0015390688576686,62,0
30.796,-0.0013642440243352,62,0
30.798,-0.0012145186243352,62,0
30.8,-0.0012241018243352,62,0
30.802,-0.0017118891243352,62,0
30.804,-0.0015397141910019,62,0
30.806,-0.0013675392576686,62,0
30.808,-0.0011953643243352,62,0
30.81,-0.0012583690243352,62,0
30.812,-0.0014473105243352,62,0
30.814,-0.0014811276043352,62,0
30.816,-0.0015149446843352,62,0
30.818,-0.0015487617643352,62,0
30.82,-0.0015825788443352,62,0
30.822,-0.0016163959243352,62,0
30.824,-0.0012162852243352,62,0
30.826,-0.0012414350743352,62,0
30.828,-0.0012665849243352,62,0
30.83,-0.0012729011243352,62,0
30.832,-0.0012728829743352,62,0
30.834,-0.0012728648243352,62,0
30.836,-0.0012728466743352,62,0
30.838,-0.0012728285243352,62,0
30.84,-0.0012534080243352,62,0
30.842,-0.0014682112576686,62,0
30.844,-0.0016830144910019,62,0
30.846,-0.0018978177243352,62,0
30.848,-0.0013657202243352,62,0
30.85,-0.0012231217243352,62,0
30.852,-0.0012297888243352,62,0
30.854,-0.0012364559243352,62,0
30.856,-0.0014902957743352,62,0
30.858,-0.0017441356243352,62,0
30.86,-0.0018074397993352,62,0
30.862,-0.0018707439743352,62,0
30.864,-0.0019340481493352,62,0
30.866,-0.0019973523243352,62,0
30.868,-0.0014513035243352,62,0
30.87,-0.0011950255243352,62,0
30.872,-0.0012533112243352,62,0
30.874,-0.0014223119243352,62,0
30.876,-0.0013122563743352,62,0
30.878,-0.0012022008243352,62,0
30.88,-0.0012639834243352,62,0
30.882,-0.0013441983576686,62,0
30.884,-0.0014244132910019,62,0
30.886,-0.0015046282243352,62,0
30.888,-0.0015848431576686,62,0
30.89,-0.0016650580910019,62,0
30.892,-0.0017452730243352,62,0
30.894,-0.0015853069910019,62,0
30.896,-0.0014253409576686,62,0
30.898,-0.0012653749243352,62,0
30.9,-0.0012196006243352,62,0
30.902,-0.0013502782043352,62,0
30.904,-0.0014809557843352,62,0
30.906,-0.0016116333643352,62,0
30.908,-0.0017423109443352,62,0
30.91,-0.0018729885243352,62,0
30.912,-0.0013491553243352,62,0
30.914,-0.0011982320243352,62,0
30.916,-0.0017268326243352,62,0
30.918,-0.0015970389493352,62,0
30.92,-0.0014672452743352,62,0
30.922,-0.0013374515993352,62,0
30.924,-0.0012076579243352,62,0
30.926,-0.0012282843910019,62,0
30.928,-0.0012489108576686,62,0
30.93,-0.0012695373243352,62,0
30.932,-0.0014511946243352,62,0
30.934,-0.0013919893243352,62,0
30.936,-0.0013327840243352,62,0
30.938,-0.0012735787243352,62,0
30.94,-0.0012143734243352,62,0
30.942,-0.0012484349243352,62,0
30.944,-0.0012362018243352,62,0
30.946,-0.0012239687243352,62,0
30.948,-0.0013526945743352,62,0
30.95,-0.0014814204243352,62,0
30.952,-0.0016101462743352,62,0
30.954,-0.0017388721243352,62,0
30.956,-0.0012485196243352,62,0
30.958,-0.0011991879243352,62,0
30.96,-0.0012252295443352,62,0
30.962,-0.0012512711643352,62,0
30.964,-0.0012773127843352,62,0
30.966,-0.0013033544043352,62,0
30.968,-0.0013293960243352,62,0
30.97,-0.0011989822243352,62,0
30.972,-0.0012094850243352,62,0
30.974,-0.0012199878243352,62,0
30.976,-0.0017080050243352,62,0
30.978,-0.0018038047576686,62,0
30.98,-0.0018996044910019,62,0
30.982,-0.0019954042243352,62,0
30.984,-0.0014469596243352,62,0
30.986,-0.0011751089243352,62,0
30.988,-0.0012428205243352,62,0
30.99,-0.0013178502043352,62,0
30.992,-0.0013928798843352,62,0
30.994,-0.0014679095643352,62,0
30.996,-0.0015429392443352,62,0
30.998,-0.0016179689243352,62,0
31.0,-0.0012048265243352,63,0
31.002,-0.0012505524243352,63,0
31.004,-0.0013436764443352,63,0
31.006,-0.0014368004643352,63,0
31.008,-0.0015299244843352,63,0
31.01,-0.0016230485043352,63,0
31.012,-0.0017161725243352,63,0
31.014,-0.0012622531243352,63,0
31.016,-0.0012590224243352,63,0
31.018,-0.0011926176243352,63,0
31.02,-0.0014174799910019,63,0
31.022,-0.0016423423576686,63,0
31.024,-0.0018672047243352,63,0
31.026,-0.0016019364243352,63,0
31.028,-0.0013366681243352,63,0
31.03,-0.0012244164243352,63,0
31.032,-0.0014691570743352,63,0
31.034,-0.0017138977243352,63,0
31.036,-0.0017974038576686,63,0
31.038,-0.0018809099910019,63,0
31.04,-0.0019644161243352,63,0
31.042,-0.0011676916243352,63,0
31.044,-0.0014157900243352,63,0
31.046,-0.0014431501410019,63,0
31.048,-0.0014705102576686,63,0
31.05,-0.0014978703743352,63,0
31.052,-0.0015252304910019,63,0
31.054,-0.0015525906076686,63,0
31.056,-0.0015799507243352,63,0
31.058,-0.0012038948243352,63,0
31.06,-0.0012622773243352,63,0
31.062,-0.0012468135243352,63,0
31.064,-0.0014070336576686,63,0
31.066,-0.0015672537910019,63,0
31.068,-0.0017274739243352,63,0
31.07,-0.0012371819243352,63,0
31.072,-0.0012282521243352,63,0
31.074,-0.0012193223243352,63,0
31.076,-0.0011741167243352,63,0
31.078,-0.0015262206743352,63,0
31.08,-0.0018783246243352,63,0
31.082,-0.0013402860243352,63,0
31.084,-0.0012933218910019,63,0
31.086,-0.0012463577576686,63,0
31.088,-0.0011993936243352,63,0
31.09,-0.0012144823243352,63,0
31.092,-0.0017125304243352,63,0
31.094,-0.0018490668243352,63,0
31.096,-0.0019856032243352,63,0
31.098,-0.0014578375243352,63,0
31.1,-0.0012449017243352,63,0
31.102,-0.0014337222243352,63,0
31.104,-0.0014910116910019,63,0
31.106,-0.0015483011576686,63,0
31.108,-0.0016055906243352,63,0
31.11,-0.0014819245910019,63,0
31.112,-0.0013582585576686,63,0
31.114,-0.0012345925243352,63,0
31.116,-0.0012628218243352,63,0
31.118,-0.0012571166743352,63,0
31.12,-0.0012514115243352,63,0
31.122,-0.0014962126743352,63,0
31.124,-0.0017410138243352,63,0
31.126,-0.0015782768910019,63,0
31.128,-0.0014155399576686,63,0
31.13,-0.0012528030243352,63,0
31.132,-0.0012227950243352,63,0
31.134,-0.0013865503743352,63,0
31.136,-0.0015503057243352,63,0
31.138,-0.0017140610743352,63,0
31.14,-0.0018778164243352,63,0
31.142,-0.0011902460243352,63,0
31.144,-0.0011983328576686,63,0
31.146,-0.0012064196910019,63,0
31.148,-0.0012145065243352,63,0
31.15,-0.0017394408243352,63,0
31.152,-0.0018207689576686,63,0
31.154,-0.0019020970910019,63,0
31.156,-0.0019834252243352,63,0
31.158,-0.0014507711243352,63,0
31.16,-0.0011938397243352,63,0
31.162,-0.0012540614243352,63,0
31.164,-0.0013345506243352,63,0
31.166,-0.0014150398243352,63,0
31.168,-0.0014955290243352,63,0
31.17,-0.0015760182243352,63,0
31.172,-0.0013797138743352,63,0
31.174,-0.0011834095243352,63,0
31.176,-0.0012785820743352,63,0
31.178,-0.0013737546243352,63,0
31.18,-0.0014689271743352,63,0
31.182,-0.0015640997243352,63,0
31.184,-0.0016592722743352,63,0
31.186,-0.0017544448243352,63,0
31.188,-0.0012621563243352,63,0
31.19,-0.0012343868243352,63,0
31.192,-0.0011747822243352,63,0
31.194,-0.0012127701743352,63,0
31.196,-0.0012507581243352,63,0
31.198,-0.0012887460743352,63,0
31.2,-0.0013267340243352,63,0
31.202,-0.0012636567243352,63,0
31.204,-0.0012005794243352,63,0
31.206,-0.0017301722243352,63,0
31.208,-0.0014519024743352,63,0
31.21,-0.0011736327243352,63,0
31.212,-0.0012157746043352,63,0
31.214,-0.0012579164843352,63,0
31.216,-0.0013000583643352,63,0
31.218,-0.0013422002443352,63,0
31.22,-0.0013843421243352,63,0
31.222,-0.0014264840043352,63,0
31.224,-0.0014686258843352,63,0
31.226,-0.0015107677643352,63,0
31.228,-0.0015529096443352,63,0
31.23,-0.0015950515243352,63,0
31.232,-0.0012042578243352,63,0
31.234,-0.0012581391243352,63,0
31.236,-0.0012558643243352,63,0
31.238,-0.0012580513993352,63,0
31.24,-0.0012602384743352,63,0
31.242,-0.0012624255493352,63,0
31.244,-0.0012646126243352,63,0
31.246,-0.0012500018743352,63,0
31.248,-0.0012353911243352,63,0
31.25,-0.0011971672243352,63,0
31.252,-0.0014221102576686,63,0
31.254,-0.0016470532910019,63,0
31.256,-0.0018719963243352,63,0
31.258,-0.0016128869243352,63,0
31.26,-0.0013537775243352,63,0
31.262,-0.0012171685243352,63,0
31.264,-0.0012266549243352,63,0
31.266,-0.0017239770243352,63,0
31.268,-0.0016291815910019,63,0
31.27,-0.0015343861576686,63,0
31.272,-0.0014395907243352,63,0
31.274,-0.0013089591243352,63,0
31.276,-0.0011783275243352,63,0
31.278,-0.0012529482243352,63,0
31.28,-0.0014397117243352,63,0
31.282,-0.0014828643576686,63,0
31.284,-0.0015260169910019,63,0
31.286,-0.0015691696243352,63,0
31.288,-0.0014014938743352,63,0
31.29,-0.0012338181243352,63,0
31.292,-0.0012456579743352,63,0
31.294,-0.0012574978243352,63,0
31.296,-0.0012498445743352,63,0
31.298,-0.0012421913243352,63,0
31.3,-0.0012345380743352,63,0
31.302,-0.0012268848243352,63,0
31.304,-0.0012264855243352,63,0
31.306,-0.0012260862243352,63,0
31.308,-0.0011871968243352,63,0
31.31,-0.0013580639493352,63,0
31.312,-0.0015289310743352,63,0
31.314,-0.0016997981993352,63,0
31.316,-0.0018706653243352,63,0
31.318,-0.0013395842243352,63,0
31.32,-0.0011931137243352,63,0
31.322,-0.0012160916243352,63,0
31.324,-0.0012753543993352,63,0
31.326,-0.0013346171743352,63,0
31.328,-0.0013938799493352,63,0
31.33,-0.0014531427243352,63,0
31.332,-0.0011857448243352,63,0
31.334,-0.0012400962957638,63,0
31.336,-0.0012944477671924,63,0
31.338,-0.001348799238621,63,0
31.34,-0.0014031507100495,63,0
31.342,-0.0014575021814781,63,0
31.344,-0.0015118536529067,63,0
31.346,-0.0015662051243352,63,0
31.348,-0.0011889150243352,63,0
31.35,-0.0012572558243352,63,0
31.352,-0.0013675563993352,63,0
31.354,-0.0014778569743352,63,0
31.356,-0.0015881575493352,63,0
31.358,-0.0016984581243352,63,0
31.36,-0.0012330437243352,63,0
31.362,-0.0012288329243352,63,0
31.364,-0.0012246221243352,63,0
31.366,-0.0013490609443352,63,0
31.368,-0.0014734997643352,63,0
31.37,-0.0015979385843352,63,0
31.372,-0.0017223774043352,63,0
31.374,-0.0018468162243352,63,0
31.376,-0.0011947230243352,63,0
31.378,-0.0012034168743352,63,0
31.38,-0.0012121107243352,63,0
31.382,-0.0017110179243352,63,0
31.384,-0.0017970529576686,63,0
31.386,-0.0018830879910019,63,0
31.388,-0.0019691230243352,63,0
31.39,-0.0014258693243352,63,0
31.392,-0.0011718298243352,63,0
31.394,-0.0012494513243352,63,0
31.396,-0.0013149462043352,63,0
31.398,-0.0013804410843352,63,0
31.4,-0.0014459359643352,63,0
31.402,-0.0015114308443352,63,0
31.404,-0.0015769257243352,63,0
31.406,-0.0012321241243352,63,0
31.408,-0.0013143900076686,63,0
31.41,-0.0013966558910019,63,0
31.412,-0.0014789217743352,63,0
31.414,-0.0015611876576686,63,0
31.416,-0.0016434535410019,63,0
31.418,-0.0017257194243352,63,0
31.42,-0.0012369762243352,63,0
31.422,-0.0012088921243352,63,0
31.424,-0.0011675101243352,63,0
31.426,-0.0013997615576686,63,0
31.428,-0.0016320129910019,63,0
31.43,-0.0018642644243352,63,0
31.432,-0.0011822721243352,63,0
31.434,-0.0013645868576686,63,0
31.436,-0.0015469015910019,63,0
31.438,-0.0017292163243352,63,0
31.44,-0.0015504751243352,63,0
31.442,-0.0013717339243352,63,0
31.444,-0.0011929927243352,63,0
31.446,-0.0012612730243352,63,0
31.448,-0.0012565677376686,63,0
31.45,-0.0012518624510019,63,0
31.452,-0.0012471571643352,63,0
31.454,-0.0012424518776686,63,0
31.456,-0.0012377465910019,63,0
31.458,-0.0012330413043352,63,0
31.46,-0.0012283360176686,63,0
31.462,-0.0012236307310019,63,0
31.464,-0.0012189254443352,63,0
31.466,-0.0012142201576686,63,0
31.468,-0.0012095148710019,63,0
31.47,-0.0012048095843352,63,0
31.472,-0.0012001042976686,63,0
31.474,-0.0011953990110019,63,0
31.476,-0.0011906937243352,63,0
31.478,-0.0011914179957638,63,0
31.48,-0.0011921422671924,63,0
31.482,-0.001192866538621,63,0
31.484,-0.0011935908100495,63,0
31.486,-0.0011943150814781,63,0
31.488,-0.0011950393529067,63,0
31.49,-0.0011957636243352,63,0
31.492,-0.0013101172671924,63,0
31.494,-0.0014244709100495,63,0
31.496,-0.0015388245529067,63,0
31.498,-0.0016531781957638,63,0
31.5,-0.001767531838621,64,1
31.502,-0.0018818854814781,64,1
31.504,-0.0019962391243352,64,1
31.506,-0.0014237760243352,64,1
31.508,-0.0011383370243352,64,1
31.51,-0.0012057824243352,64,1
31.512,-0.0012026243243352,64,1
31.514,-0.0011994662243352,64,1
31.516,-0.0011963081243352,64,1
31.518,-0.0011931500243352,64,1
31.52,-0.0011899919243352,64,1
31.522,-0.0012664397243352,64,1
31.524,-0.0013428875243352,64,1
31.526,-0.0014193353243352,64,1
31.528,-0.0014957831243352,64,1
31.53,-0.0015722309243352,64,1
31.532,-0.0016486787243352,64,1
31.534,-0.0017251265243352,64,1
31.536,-0.0012420582243352,64,1
31.538,-0.0012055283243352,64,1
31.54,-0.0011829497243352,64,1
31.542,-0.0014081791243352,64,1
31.544,-0.0016334085243352,64,1
31.546,-0.0018586379243352,64,1
31.548,-0.0013338367243352,64,1
31.55,-0.0012663126743352,64,1
31.552,-0.0011987886243352,64,1
31.554,-0.0012245132243352,64,1
31.556,-0.0014157174243352,64,1
31.558,-0.0016069216243352,64,1
31.56,-0.0017981258243352,64,1
31.562,-0.0019893300243352,64,1
31.564,-0.0011432738243352,64,1
31.566,-0.0011782186243352,64,1
31.568,-0.0012131634243352,64,1
31.57,-0.0014389978243352,64,1
31.572,-0.0014844010576686,64,1
31.574,-0.0015298042910019,64,1
31.576,-0.0015752075243352,64,1
31.578,-0.0013775540243352,64,1
31.58,-0.0011799005243352,64,1
31.582,-0.0012170959243352,64,1
31.584,-0.0012431835243352,64,1
31.586,-0.0013605141993352,64,1
31.588,-0.0014778448743352,64,1
31.59,-0.0015951755493352,64,1
31.592,-0.0017125062243352,64,1
31.594,-0.0012277076243352,64,1
31.596,-0.0012067383243352,64,1
31.598,-0.0013384032643352,64,1
31.6,-0.0014700682043352,64,1
31.602,-0.0016017331443352,64,1
31.604,-0.0017333980843352,64,1
31.606,-0.0018650630243352,64,1
31.608,-0.0013286095243352,64,1
31.61,-0.0011763915243352,64,1
31.612,-0.0017602528243352,64,1
31.614,-0.0018173980993352,64,1
31.616,-0.0018745433743352,64,1
31.618,-0.0019316886493352,64,1
31.62,-0.0019888339243352,64,1
31.622,-0.0014335649243352,64,1
31.624,-0.0012301155243352,64,1
31.626,-0.0013421615243352,64,1
31.628,-0.0014542075243352,64,1
31.63,-0.0015089479243352,64,1
31.632,-0.0015636883243352,64,1
31.634,-0.0014357751910019,64,1
31.636,-0.0013078620576686,64,1
31.638,-0.0011799489243352,64,1
31.64,-0.0012398681243352,64,1
31.642,-0.0012736634243352,64,1
31.644,-0.0013855218743352,64,1
31.646,-0.0014973803243352,64,1
31.648,-0.0016092387743352,64,1
31.65,-0.0017210972243352,64,1
31.652,-0.0012406909243352,64,1
31.654,-0.0012139983243352,64,1
31.656,-0.0011836878243352,64,1
31.658,-0.0012164455493352,64,1
31.66,-0.0012492032743352,64,1
31.662,-0.0012819609993352,64,1
31.664,-0.0013147187243352,64,1
31.666,-0.0011679336243352,64,1
31.668,-0.0011795072743352,64,1
31.67,-0.0011910809243352,64,1
31.672,-0.0017415462243352,64,1
31.674,-0.0018614148743352,64,1
31.676,-0.0019812835243352,64,1
31.678,-0.0017140731743352,64,1
31.68,-0.0014468628243352,64,1
31.682,-0.0011742135243352,64,1
31.684,-0.0012333220243352,64,1
31.686,-0.0012961331243352,64,1
31.688,-0.0013589442243352,64,1
31.69,-0.0014217553243352,64,1
31.692,-0.0014845664243352,64,1
31.694,-0.0015473775243352,64,1
31.696,-0.0011640858243352,64,1
31.698,-0.0012207138243352,64,1
31.7,-0.0012425543243352,64,1
31.702,-0.0013993299910019,64,1
31.704,-0.0015561056576686,64,1
31.706,-0.0017128813243352,64,1
31.708,-0.0012343505243352,64,1
31.71,-0.0012230551743352,64,1
31.712,-0.0012117598243352,64,1
31.714,-0.0011926176243352,64,1
31.716,-0.0012347014243352,64,1
31.718,-0.0012767852243352,64,1
31.72,-0.0013188690243352,64,1
31.722,-0.0013609528243352,64,1
31.724,-0.0012859570243352,64,1
31.726,-0.0012109612243352,64,1
31.728,-0.0012180760243352,64,1
31.73,-0.0012636881843352,64,1
31.732,-0.0013093003443352,64,1
31.734,-0.0013549125043352,64,1
31.736,-0.0014005246643352,64,1
31.738,-0.0014461368243352,64,1
31.74,-0.0011775894243352,64,1
31.742,-0.0012574010243352,64,1
31.744,-0.0014830418243352,64,1
31.746,-0.0015130588993352,64,1
31.748,-0.0015430759743352,64,1
31.75,-0.0015730930493352,64,1
31.752,-0.0016031101243352,64,1
31.754,-0.0012001680243352,64,1
31.756,-0.0012501894243352,64,1
31.758,-0.0012870944243352,64,1
31.76,-0.0012804696743352,64,1
31.762,-0.0012738449243352,64,1
31.764,-0.0012672201743352,64,1
31.766,-0.0012605954243352,64,1
31.768,-0.0012579213243352,64,1
31.77,-0.0012552472243352,64,1
31.772,-0.0012310835243352,64,1
31.774,-0.0014506380243352,64,1
31.776,-0.0016701925243352,64,1
31.778,-0.0018897470243352,64,1
31.78,-0.0015522538243352,64,1
31.782,-0.0012147606243352,64,1
31.784,-0.0014065819243352,64,1
31.786,-0.0015984032243352,64,1
31.788,-0.0017902245243352,64,1
31.79,-0.0016788480576686,64,1
31.792,-0.0015674715910019,64,1
31.794,-0.0014560951243352,64,1
31.796,-0.0013283493743352,64,1
31.798,-0.0012006036243352,64,1
31.8,-0.0012609705243352,64,1
31.802,-0.0014860426243352,64,1
31.804,-0.0015055508493352,64,1
31.806,-0.0015250590743352,64,1
31.808,-0.0015445672993352,64,1
31.81,-0.0015640755243352,64,1
31.812,-0.0011902702243352,64,1
31.814,-0.0012521133243352,64,1
31.816,-0.0013045668243352,64,1
31.818,-0.0012858239243352,64,1
31.82,-0.0012670810243352,64,1
31.822,-0.0012483381243352,64,1
31.824,-0.0012295952243352,64,1
31.826,-0.0013259388814781,64,1
31.828,-0.001422282538621,64,1
31.83,-0.0015186261957638,64,1
31.832,-0.0016149698529067,64,1
31.834,-0.0017113135100495,64,1
31.836,-0.0018076571671924,64,1
31.838,-0.0019040008243352,64,1
31.84,-0.0012669963243352,64,1
31.842,-0.0013133514243352,64,1
31.844,-0.0016019727243352,64,1
31.846,-0.0018905940243352,64,1
31.848,-0.0018104678243352,64,1
31.85,-0.0017303416243352,64,1
31.852,-0.0016502154243352,64,1
31.854,-0.0015700892243352,64,1
31.856,-0.0013082210243352,64,1
31.858,-0.0013875002243352,64,1
31.86,-0.0016584555243352,64,1
31.862,-0.0017020003993352,64,1
31.864,-0.0017455452743352,64,1
31.866,-0.0017890901493352,64,1
31.868,-0.0018326350243352,64,1
31.87,-0.0015902357243352,64,1
31.872,-0.0015504388243352,64,1
31.874,-0.0015676954410019,64,1
31.876,-0.0015849520576686,64,1
31.878,-0.0016022086743352,64,1
31.88,-0.0016194652910019,64,1
31.882,-0.0016367219076686,64,1
31.884,-0.0016539785243352,64,1
31.886,-0.0016439960243352,64,1
31.888,-0.0016528290243352,64,1
31.89,-0.0016983008243352,64,1
31.892,-0.0017437726243352,64,1
31.894,-0.0017892444243352,64,1
31.896,-0.0018347162243352,64,1
31.898,-0.0018801880243352,64,1
31.9,-0.0017132322243352,64,1
31.902,-0.0017260340243352,64,1
31.904,-0.0016953072843352,64,1
31.906,-0.0016645805443352,64,1
31.908,-0.0016338538043352,64,1
31.91,-0.0016031270643352,64,1
31.912,-0.0015724003243352,64,1
31.914,-0.0018729885243352,64,1
31.916,-0.0018782157243352,64,1
31.918,-0.0018834429243352,64,1
31.92,-0.0018886701243352,64,1
31.922,-0.0018938973243352,64,1
31.924,-0.0018991245243352,64,1
31.926,-0.0019043517243352,64,1
31.928,-0.0014826546243352,64,1
31.93,-0.0015377096243352,64,1
31.932,-0.0016105322643352,64,1
31.934,-0.0016833549043352,64,1
31.936,-0.0017561775443352,64,1
31.938,-0.0018290001843352,64,1
31.94,-0.0019018228243352,64,1
31.942,-0.0014015967243352,64,1
31.944,-0.0013778686243352,64,1
31.946,-0.0013438071243352,64,1
31.948,-0.0014809696993352,64,1
31.95,-0.0016181322743352,64,1
31.952,-0.0017552948493352,64,1
31.954,-0.0018924574243352,64,1
31.956,-0.0013609044243352,64,1
31.958,-0.0012133570243352,64,1
31.96,-0.0017947983243352,64,1
31.962,-0.0018554193243352,64,1
31.964,-0.0019160403243352,64,1
31.966,-0.0019766613243352,64,1
31.968,-0.0016956690743352,64,1
31.97,-0.0014146768243352,64,1
31.972,-0.0011594515243352,64,1
31.974,-0.0014243689243352,64,1
31.976,-0.0014335625043352,64,1
31.978,-0.0014427560843352,64,1
31.98,-0.0014519496643352,64,1
31.982,-0.0014611432443352,64,1
31.984,-0.0014703368243352,64,1
31.986,-0.0010931919243352,64,1
31.988,-0.0011538371243352,64,1
31.99,-0.0011855633243352,64,1
31.992,-0.0011528479493352,64,1
31.994,-0.0011201325743352,64,1
31.996,-0.0010874171993352,64,1
31.998,-0.0010547018243352,64,1
32.0,-0.0010542964743352,65,1
32.002,-0.0010538911243352,65,1
32.004,-0.0019768912243352,65,1
32.006,-0.0018797806576686,65,1
32.008,-0.0017826700910019,65,1
32.01,-0.0016855595243352,65,1
32.012,-0.0014200734243352,65,1
32.014,-0.0011545873243352,65,1
32.016,-0.0010392380243352,65,1
32.018,-0.0010461592243352,65,1
32.02,-0.0012311077243352,65,1
32.022,-0.0014160562243352,65,1
32.024,-0.0016010047243352,65,1
32.026,-0.0017859532243352,65,1
32.028,-0.0012476726243352,65,1
32.03,-0.0010688467243352,65,1
32.032,-0.0012371988643352,65,1
32.034,-0.0014055510043352,65,1
32.036,-0.0015739031443352,65,1
32.038,-0.0017422552843352,65,1
32.04,-0.0019106074243352,65,1
32.042,-0.0013732706243352,65,1
32.044,-0.0010553431243352,65,1
32.046,-0.0010738319243352,65,1
32.048,-0.0010923207243352,65,1
32.05,-0.0013937196243352,65,1
32.052,-0.0016951185243352,65,1
32.054,-0.0019965174243352,65,1
32.056,-0.0015188336243352,65,1
32.058,-0.0010398188243352,65,1
32.06,-0.0010493657243352,65,1
32.062,-0.0010283117243352,65,1
32.064,-0.0018996327243352,65,1
32.066,-0.0016409669910019,65,1
32.068,-0.0013823012576686,65,1
32.07,-0.0011236355243352,65,1
32.072,-0.0009931370243352,65,1
32.074,-0.0010136949243352,65,1
32.076,-0.0012981477743352,65,1
32.078,-0.0015826006243352,65,1
32.08,-0.0016448026910019,65,1
32.082,-0.0017070047576686,65,1
32.084,-0.0017692068243352,65,1
32.086,-0.0012299824243352,65,1
32.088,-0.0009989329243352,65,1
32.09,-0.0010825318243352,65,1
32.092,-0.0013102175243352,65,1
32.094,-0.0015065037243352,65,1
32.096,-0.0017027899243352,65,1
32.098,-0.0018990761243352,65,1
32.1,-0.0013772878243352,65,1
32.102,-0.0010944503243352,65,1
32.104,-0.0011640253243352,65,1
32.106,-0.0012549350443352,65,1
32.108,-0.0013458447643352,65,1
32.11,-0.0014367544843352,65,1
32.112,-0.0015276642043352,65,1
32.114,-0.0016185739243352,65,1
32.116,-0.0011891691243352,65,1
32.118,-0.0012135022243352,65,1
32.12,-0.0012145065243352,65,1
32.122,-0.0013824514993352,65,1
32.124,-0.0015503964743352,65,1
32.126,-0.0017183414493352,65,1
32.128,-0.0018862864243352,65,1
32.13,-0.0013735005243352,65,1
32.132,-0.0013202726243352,65,1
32.134,-0.0016452181243352,65,1
32.136,-0.0019701636243352,65,1
32.138,-0.0019233729243352,65,1
32.14,-0.0018765822243352,65,1
32.142,-0.0018297915243352,65,1
32.144,-0.0015951362243352,65,1
32.146,-0.0016310490243352,65,1
32.148,-0.0016669618243352,65,1
32.15,-0.0019511666243352,65,1
32.152,-0.0019063966243352,65,1
32.154,-0.0018616266243352,65,1
32.156,-0.0018168566243352,65,1
32.158,-0.0017720866243352,65,1
32.16,-0.0017273166243352,65,1
32.162,-0.0017792740243352,65,1
32.164,-0.0018167840243352,65,1
32.166,-0.0018155558743352,65,1
32.168,-0.0018143277243352,65,1
32.17,-0.0018130995743352,65,1
32.172,-0.0018118714243352,65,1
32.174,-0.0017928502243352,65,1
32.176,-0.0017738290243352,65,1
32.178,-0.0017133532243352,65,1
32.18,-0.0017355113493352,65,1
32.182,-0.0017576694743352,65,1
32.184,-0.0017798275993352,65,1
32.186,-0.0018019857243352,65,1
32.188,-0.0016281934243352,65,1
32.19,-0.0016019182743352,65,1
32.192,-0.0015756431243352,65,1
32.194,-0.0015493679743352,65,1
32.196,-0.0015230928243352,65,1
32.198,-0.0014968176743352,65,1
32.2,-0.0014705425243352,65,1
32.202,-0.0016205946243352,65,1
32.204,-0.0017706467243352,65,1
32.206,-0.0017754867243352,65,1
32.208,-0.0017803267243352,65,1
32.21,-0.0017851667243352,65,1
32.212,-0.0017900067243352,65,1
32.214,-0.0015972537243352,65,1
32.216,-0.0014045007243352,65,1
32.218,-0.0014158202743352,65,1
32.22,-0.0014271398243352,65,1
32.222,-0.0015321738743352,65,1
32.224,-0.0016372079243352,65,1
32.226,-0.0017422419743352,65,1
32.228,-0.0018472760243352,65,1
32.23,-0.0013407458243352,65,1
32.232,-0.0013229104243352,65,1
32.234,-0.0012956854243352,65,1
32.236,-0.0013104504493352,65,1
32.238,-0.0013252154743352,65,1
32.24,-0.0013399804993352,65,1
32.242,-0.0013547455243352,65,1
32.244,-0.0012872517243352,65,1
32.246,-0.0012197579243352,65,1
32.248,-0.0013732343243352,65,1
32.25,-0.0015267107243352,65,1
32.252,-0.0016801871243352,65,1
32.254,-0.0018336635243352,65,1
32.256,-0.0019871399243352,65,1
32.258,-0.0014105386243352,65,1
32.26,-0.0011637107243352,65,1
32.262,-0.0012273809243352,65,1
32.264,-0.0014501782243352,65,1
32.266,-0.0013737273993352,65,1
32.268,-0.0012972765743352,65,1
32.27,-0.0012208257493352,65,1
32.272,-0.0011443749243352,65,1
32.274,-0.0011770025743352,65,1
32.276,-0.0012096302243352,65,1
32.278,-0.0013027203643352,65,1
32.28,-0.0013958105043352,65,1
32.282,-0.0014889006443352,65,1
32.284,-0.0015819907843352,65,1
32.286,-0.0016750809243352,65,1
32.288,-0.0011908994243352,65,1
32.29,-0.0011877050243352,65,1
32.292,-0.0011500014243352,65,1
32.294,-0.0013165004493352,65,1
32.296,-0.0014829994743352,65,1
32.298,-0.0016494984993352,65,1
32.3,-0.0018159975243352,65,1
32.302,-0.0011252569243352,65,1
32.304,-0.0014321068743352,65,1
32.306,-0.0017389568243352,65,1
32.308,-0.0018044379910019,65,1
32.31,-0.0018699191576686,65,1
32.312,-0.0019354003243352,65,1
32.314,-0.0016535671243352,65,1
32.316,-0.0013717339243352,65,1
32.318,-0.0011712611243352,65,1
32.32,-0.0014100909243352,65,1
32.322,-0.0014271712843352,65,1
32.324,-0.0014442516443352,65,1
32.326,-0.0014613320043352,65,1
32.328,-0.0014784123643352,65,1
32.33,-0.0014954927243352,65,1
32.332,-0.0011683208243352,65,1
32.334,-0.0011991032243352,65,1
32.336,-0.0013412136910019,65,1
32.338,-0.0014833241576686,65,1
32.34,-0.0016254346243352,65,1
32.342,-0.0014631494243352,65,1
32.344,-0.0013008642243352,65,1
32.346,-0.0011385790243352,65,1
32.348,-0.0011505217243352,65,1
32.35,-0.0011327952243352,65,1
32.352,-0.0013501555910019,65,1
32.354,-0.0015675159576686,65,1
32.356,-0.0017848763243352,65,1
32.358,-0.0014393971243352,65,1
32.36,-0.0010939179243352,65,1
32.362,-0.0017058270243352,65,1
32.364,-0.0017898191743352,65,1
32.366,-0.0018738113243352,65,1
32.368,-0.0014821282743352,65,1
32.37,-0.0010904452243352,65,1
32.372,-0.0014079855243352,65,1
32.374,-0.0015553877243352,65,1
32.376,-0.0017027899243352,65,1
32.378,-0.0018501921243352,65,1
32.38,-0.0019975943243352,65,1
32.382,-0.0018156708243352,65,1
32.384,-0.0016337473243352,65,1
32.386,-0.0014518238243352,65,1
32.388,-0.0010784299243352,65,1
32.39,-0.0011510420243352,65,1
32.392,-0.0012169144243352,65,1
32.394,-0.0013175985243352,65,1
32.396,-0.0014182826243352,65,1
32.398,-0.0015189667243352,65,1
32.4,-0.0016196508243352,65,1
32.402,-0.0011297944243352,65,1
32.404,-0.0012556562043352,65,1
32.406,-0.0013815179843352,65,1
32.408,-0.0015073797643352,65,1
32.41,-0.0016332415443352,65,1
32.412,-0.0017591033243352,65,1
32.414,-0.0011111241243352,65,1
32.416,-0.0011606615243352,65,1
32.418,-0.0012806854576686,65,1
32.42,-0.0014007093910019,65,1
32.422,-0.0015207333243352,65,1
32.424,-0.0016407572576686,65,1
32.426,-0.0017607811910019,65,1
32.428,-0.0018808051243352,65,1
32.43,-0.0010848913243352,65,1
32.432,-0.0011257893243352,65,1
32.434,-0.0011666873243352,65,1
32.436,-0.0012313715043352,65,1
32.438,-0.0012960556843352,65,1
32.44,-0.0013607398643352,65,1
32.442,-0.0014254240443352,65,1
32.444,-0.0014901082243352,65,1
32.446,-0.0011333881243352,65,1
32.448,-0.0012177130243352,65,1
32.45,-0.0012980279843352,65,1
32.452,-0.0013783429443352,65,1
32.454,-0.0014586579043352,65,1
32.456,-0.0015389728643352,65,1
32.458,-0.0016192878243352,65,1
32.46,-0.0011365825243352,65,1
32.462,-0.0011474604243352,65,1
32.464,-0.0011389420243352,65,1
32.466,-0.0013464328243352,65,1
32.468,-0.0015539236243352,65,1
32.47,-0.0017614144243352,65,1
32.472,-0.0012566871243352,65,1
32.474,-0.0011995872243352,65,1
32.476,-0.0011424873243352,65,1
32.478,-0.0017101104243352,65,1
32.48,-0.0017584166493352,65,1
32.482,-0.0018067228743352,65,1
32.484,-0.0018550290993352,65,1
32.486,-0.0019033353243352,65,1
32.488,-0.0011826230243352,65,1
32.49,-0.0012660283243352,65,1
32.492,-0.0013494336243352,65,1
32.494,-0.0014328389243352,65,1
32.496,-0.0014507408743352,65,1
32.498,-0.0014686428243352,65,1
32.5,-0.0014865447743352,66,0
32.502,-0.0015044467243352,66,0
32.504,-0.0011210340243352,66,0
32.506,-0.0011619320243352,66,0
32.508,-0.0011940333243352,66,0
32.51,-0.0013406369243352,66,0
32.512,-0.0014872405243352,66,0
32.514,-0.0016338441243352,66,0
32.516,-0.0011502676243352,66,0
32.518,-0.0011490757743352,66,0
32.52,-0.0011478839243352,66,0
32.522,-0.0013053956743352,66,0
32.524,-0.0014629074243352,66,0
32.526,-0.0016204191743352,66,0
32.528,-0.0017779309243352,66,0
32.53,-0.0015090931243352,66,0
32.532,-0.0012402553243352,66,0
32.534,-0.0011580721243352,66,0
32.536,-0.0014502145243352,66,0
32.538,-0.0017423569243352,66,0
32.54,-0.0015886294493352,66,0
32.542,-0.0014349019743352,66,0
32.544,-0.0012811744993352,66,0
32.546,-0.0011274470243352,66,0
32.548,-0.0014402925243352,66,0
32.55,-0.0014474073243352,66,0
32.552,-0.0014545221243352,66,0
32.554,-0.0014616369243352,66,0
32.556,-0.0014687517243352,66,0
32.558,-0.0014758665243352,66,0
32.56,-0.0011811831243352,66,0
32.562,-0.0012418646243352,66,0
32.564,-0.0013466808743352,66,0
32.566,-0.0014514971243352,66,0
32.568,-0.0015563133743352,66,0
32.57,-0.0016611296243352,66,0
32.572,-0.0011721081243352,66,0
32.574,-0.0011673951743352,66,0
32.576,-0.0011626822243352,66,0
32.578,-0.0012817655843352,66,0
32.58,-0.0014008489443352,66,0
32.582,-0.0015199323043352,66,0
32.584,-0.0016390156643352,66,0
32.586,-0.0017580990243352,66,0
32.588,-0.0011205137243352,66,0
32.59,-0.0017275102243352,66,0
32.592,-0.0017964156910019,66,0
32.594,-0.0018653211576686,66,0
32.596,-0.0019342266243352,66,0
32.598,-0.0013763440243352,66,0
32.6,-0.0012836822243352,66,0
32.602,-0.0011910204243352,66,0
32.604,-0.0010983586243352,66,0
32.606,-0.0011751331243352,66,0
32.608,-0.0014380419243352,66,0
32.61,-0.0014507922993352,66,0
32.612,-0.0014635426743352,66,0
32.614,-0.0014762930493352,66,0
32.616,-0.0014890434243352,66,0
32.618,-0.0011311738243352,66,0
32.62,-0.0011996235243352,66,0
32.622,-0.0012059276243352,66,0
32.624,-0.0011946715993352,66,0
32.626,-0.0011834155743352,66,0
32.628,-0.0011721595493352,66,0
32.63,-0.0011609035243352,66,0
32.632,-0.0011672378743352,66,0
32.634,-0.0011735722243352,66,0
32.636,-0.0013290451243352,66,0
32.638,-0.0014845180243352,66,0
32.64,-0.0016399909243352,66,0
32.642,-0.0017954638243352,66,0
32.644,-0.0015330934743352,66,0
32.646,-0.0012707231243352,66,0
32.648,-0.0011466013243352,66,0
32.65,-0.0017541423243352,66,0
32.652,-0.0017985402493352,66,0
32.654,-0.0018429381743352,66,0
32.656,-0.0018873360993352,66,0
32.658,-0.0019317340243352,66,0
32.66,-0.0013661074243352,66,0
32.662,-0.0011262007243352,66,0
32.664,-0.0012003132243352,66,0
32.666,-0.0014418897243352,66,0
32.668,-0.0016255354576686,66,0
32.67,-0.0018091811910019,66,0
32.672,-0.0019928269243352,66,0
32.674,-0.0014694293243352,66,0
32.676,-0.0012074159243352,66,0
32.678,-0.0012295528743352,66,0
32.68,-0.0012516898243352,66,0
32.682,-0.0013612764993352,66,0
32.684,-0.0014708631743352,66,0
32.686,-0.0015804498493352,66,0
32.688,-0.0016900365243352,66,0
32.69,-0.0011976754243352,66,0
32.692,-0.0013022516910019,66,0
32.694,-0.0014068279576686,66,0
32.696,-0.0015114042243352,66,0
32.698,-0.0016159804910019,66,0
32.7,-0.0017205567576686,66,0
32.702,-0.0018251330243352,66,0
32.704,-0.0012618538243352,66,0
32.706,-0.0011903428243352,66,0
32.708,-0.0017699933243352,66,0
32.71,-0.0016742490493352,66,0
32.712,-0.0015785047743352,66,0
32.714,-0.0014827604993352,66,0
32.716,-0.0013870162243352,66,0
32.718,-0.0011356871243352,66,0
32.72,-0.0011671834243352,66,0
32.722,-0.0011986797243352,66,0
32.724,-0.0014500935243352,66,0
32.726,-0.0014661542576686,66,0
32.728,-0.0014822149910019,66,0
32.73,-0.0014982757243352,66,0
32.732,-0.0013179917743352,66,0
32.734,-0.0011377078243352,66,0
32.736,-0.0012108160243352,66,0
32.738,-0.0012539888243352,66,0
32.74,-0.0012374360243352,66,0
32.742,-0.0012208832243352,66,0
32.744,-0.0012043304243352,66,0
32.746,-0.0011877776243352,66,0
32.748,-0.0011923998243352,66,0
32.75,-0.0011970220243352,66,0
32.752,-0.0011865071243352,66,0
32.754,-0.0012201289910019,66,0
32.756,-0.0012537508576686,66,0
32.758,-0.0012873727243352,66,0
32.76,-0.0011608551243352,66,0
32.762,-0.0011759922243352,66,0
32.764,-0.0013683660910019,66,0
32.766,-0.0015607399576686,66,0
32.768,-0.0017531138243352,66,0
32.77,-0.0018247296910019,66,0
32.772,-0.0018963455576686,66,0
32.774,-0.0019679614243352,66,0
32.776,-0.0013913359243352,66,0
32.778,-0.0011402125243352,66,0
32.78,-0.0012187536243352,66,0
32.782,-0.0014657993243352,66,0
32.784,-0.0013591136243352,66,0
32.786,-0.0012524279243352,66,0
32.788,-0.0011457422243352,66,0
32.79,-0.0012071240118352,66,0
32.792,-0.0012685057993352,66,0
32.794,-0.0013298875868352,66,0
32.796,-0.0013912693743352,66,0
32.798,-0.0014526511618352,66,0
32.8,-0.0015140329493352,66,0
32.802,-0.0015754147368352,66,0
32.804,-0.0016367965243352,66,0
32.806,-0.0011709344243352,66,0
32.808,-0.0011872815243352,66,0
32.81,-0.0011630089243352,66,0
32.812,-0.0013725365576686,66,0
32.814,-0.0015820641910019,66,0
32.816,-0.0017915918243352,66,0
32.818,-0.0012602324243352,66,0
32.82,-0.0012090736243352,66,0
32.822,-0.0011579148243352,66,0
32.824,-0.0011670745243352,66,0
32.826,-0.0017602165243352,66,0
32.828,-0.0018177641243352,66,0
32.83,-0.0018753117243352,66,0
32.832,-0.0019328593243352,66,0
32.834,-0.0013841243243352,66,0
32.836,-0.0011438062243352,66,0
32.838,-0.0012226861243352,66,0
32.84,-0.0014800289243352,66,0
32.842,-0.0014835197743352,66,0
32.844,-0.0014870106243352,66,0
32.846,-0.0014905014743352,66,0
32.848,-0.0014939923243352,66,0
32.85,-0.0011359291243352,66,0
32.852,-0.0011901976243352,66,0
32.854,-0.0012575099243352,66,0
32.856,-0.0013602691743352,66,0
32.858,-0.0014630284243352,66,0
32.86,-0.0015657876743352,66,0
32.862,-0.0016685469243352,66,0
32.864,-0.0012110580243352,66,0
32.866,-0.0011736811243352,66,0
32.868,-0.0013048523843352,66,0
32.87,-0.0014360236443352,66,0
32.872,-0.0015671949043352,66,0
32.874,-0.0016983661643352,66,0
32.876,-0.0018295374243352,66,0
32.878,-0.0011559546243352,66,0
32.88,-0.0011747822243352,66,0
32.882,-0.0014715589243352,66,0
32.884,-0.0017683356243352,66,0
32.886,-0.0018231486243352,66,0
32.888,-0.0018779616243352,66,0
32.89,-0.0019327746243352,66,0
32.892,-0.0013768764243352,66,0
32.894,-0.0012028179243352,66,0
32.896,-0.0014674570243352,66,0
32.898,-0.0014808154243352,66,0
32.9,-0.0014941738243352,66,0
32.902,-0.0015075322243352,66,0
32.904,-0.0015208906243352,66,0
32.906,-0.0013370250743352,66,0
32.908,-0.0011531595243352,66,0
32.91,-0.0012142766243352,66,0
32.912,-0.0012735303243352,66,0
32.914,-0.0013954337910019,66,0
32.916,-0.0015173372576686,66,0
32.918,-0.0016392407243352,66,0
32.92,-0.0014077072243352,66,0
32.922,-0.0011761737243352,66,0
32.924,-0.0011844138243352,66,0
32.926,-0.0011740199243352,66,0
32.928,-0.0013792883576686,66,0
32.93,-0.0015845567910019,66,0
32.932,-0.0017898252243352,66,0
32.934,-0.0014707542743352,66,0
32.936,-0.0011516833243352,66,0
32.938,-0.0011523488243352,66,0
32.94,-0.0011530143243352,66,0
32.942,-0.0017877561243352,66,0
32.944,-0.0018503070743352,66,0
32.946,-0.0019128580243352,66,0
32.948,-0.0013439039243352,66,0
32.95,-0.0012297585743352,66,0
32.952,-0.0011156132243352,66,0
32.954,-0.0014639238243352,66,0
32.956,-0.0013964711643352,66,0
32.958,-0.0013290185043352,66,0
32.96,-0.0012615658443352,66,0
32.962,-0.0011941131843352,66,0
32.964,-0.0011266605243352,66,0
32.966,-0.0011970099243352,66,0
32.968,-0.0012246281743352,66,0
32.97,-0.0012522464243352,66,0
32.972,-0.0013533751993352,66,0
32.974,-0.0014545039743352,66,0
32.976,-0.0015556327493352,66,0
32.978,-0.0016567615243352,66,0
32.98,-0.0011851277243352,66,0
32.982,-0.0012092067243352,66,0
32.984,-0.0011716483243352,66,0
32.986,-0.0013288303493352,66,0
32.988,-0.0014860123743352,66,0
32.99,-0.0016431943993352,66,0
32.992,-0.0018003764243352,66,0
32.994,-0.0012520891243352,66,0
32.996,-0.0011411442243352,66,0
32.998,-0.0011724590243352,66,0
33.0,-0.0017919790243352,67,0
33.002,-0.0018469614243352,67,0
33.004,-0.0019019438243352,67,0
33.006,-0.0015136971743352,67,0
33.008,-0.0011254505243352,67,0
33.01,-0.0012047660243352,67,0
33.012,-0.0014838767243352,67,0
33.014,-0.0014835106993352,67,0
33.016,-0.0014831446743352,67,0
33.018,-0.0014827786493352,67,0
33.02,-0.0014824126243352,67,0
33.022,-0.0011351305243352,67,0
33.024,-0.0011800396743352,67,0
33.026,-0.0012249488243352,67,0
33.028,-0.0012800038243352,67,0
33.03,-0.0014040691576686,67,0
33.032,-0.0015281344910019,67,0
33.034,-0.0016521998243352,67,0
33.036,-0.0014242660743352,67,0
33.038,-0.0011963323243352,67,0
33.04,-0.0012079725243352,67,0
33.042,-0.0011957878243352,67,0
33.044,-0.0013925257576686,67,0
33.046,-0.0015892636910019,67,0
33.048,-0.0017860016243352,67,0
33.05,-0.0012659678243352,67,0
33.052,-0.0012115117743352,67,0
33.054,-0.0011570557243352,67,0
33.056,-0.0011684297243352,67,0
33.058,-0.0017855660243352,67,0
33.06,-0.0018585290243352,67,0
33.062,-0.0019314920243352,67,0
33.064,-0.0013522650243352,67,0
33.066,-0.0011211308243352,67,0
33.068,-0.0012057824243352,67,0
33.07,-0.0013418650743352,67,0
33.072,-0.0014779477243352,67,0
33.074,-0.0014849657243352,67,0
33.076,-0.0014919837243352,67,0
33.078,-0.0014990017243352,67,0
33.08,-0.0013102114743352,67,0
33.082,-0.0011214212243352,67,0
33.084,-0.0012043425243352,67,0
33.086,-0.0012865475043352,67,0
33.088,-0.0013687524843352,67,0
33.09,-0.0014509574643352,67,0
33.092,-0.0015331624443352,67,0
33.094,-0.0016153674243352,67,0
33.096,-0.0011678610243352,67,0
33.098,-0.0011958483243352,67,0
33.1,-0.0011753025243352,67,0
33.102,-0.0013709433910019,67,0
33.104,-0.0015665842576686,67,0
33.106,-0.0017622251243352,67,0
33.108,-0.0014938229243352,67,0
33.11,-0.0012254207243352,67,0
33.112,-0.0011242163243352,67,0
33.114,-0.0011421727243352,67,0
33.116,-0.0017777736243352,67,0
33.118,-0.0018150496910019,67,0
33.12,-0.0018523257576686,67,0
33.122,-0.0018896018243352,67,0
33.124,-0.0011106522243352,67,0
33.126,-0.0012007488243352,67,0
33.128,-0.0012648909243352,67,0
33.13,-0.0013290330243352,67,0
33.132,-0.0013931751243352,67,0
33.134,-0.0014573172243352,67,0
33.136,-0.0011101319243352,67,0
33.138,-0.0011398495243352,67,0
33.14,-0.0011695671243352,67,0
33.142,-0.0011992847243352,67,0
33.144,-0.0012611399243352,67,0
33.146,-0.0013474008243352,67,0
33.148,-0.0014336617243352,67,0
33.15,-0.0015199226243352,67,0
33.152,-0.0016061835243352,67,0
33.154,-0.0011365825243352,67,0
33.156,-0.0011684539243352,67,0
33.158,-0.0013170449493352,67,0
33.16,-0.0014656359743352,67,0
33.162,-0.0016142269993352,67,0
33.164,-0.0017628180243352,67,0
33.166,-0.0014957044743352,67,0
33.168,-0.0012285909243352,67,0
33.17,-0.0011365462243352,67,0
33.172,-0.0017729578243352,67,0
33.174,-0.0018047414993352,67,0
33.176,-0.0018365251743352,67,0
33.178,-0.0018683088493352,67,0
33.18,-0.0019000925243352,67,0
33.182,-0.0013486592243352,67,0
33.184,-0.0011098657243352,67,0
33.186,-0.0011800336243352,67,0
33.188,-0.0014754672243352,67,0
33.19,-0.0013856912743352,67,0
33.192,-0.0012959153243352,67,0
33.194,-0.0012061393743352,67,0
33.196,-0.0011163634243352,67,0
33.198,-0.0011624341743352,67,0
33.2,-0.0012085049243352,67,0
33.202,-0.0012579334243352,67,0
33.204,-0.0013442941493352,67,0
33.206,-0.0014306548743352,67,0
33.208,-0.0015170155993352,67,0
33.21,-0.0016033763243352,67,0
33.212,-0.0011484405243352,67,0
33.214,-0.0011754114243352,67,0
33.216,-0.0011548898243352,67,0
33.218,-0.0013070594243352,67,0
33.22,-0.0014592290243352,67,0
33.222,-0.0016113986243352,67,0
33.224,-0.0017635682243352,67,0
33.226,-0.0012363712243352,67,0
33.228,-0.0017703321243352,67,0
33.23,-0.0017919766043352,67,0
33.232,-0.0018136210843352,67,0
33.234,-0.0018352655643352,67,0
33.236,-0.0018569100443352,67,0
33.238,-0.0018785545243352,67,0
33.24,-0.0013154689243352,67,0
33.242,-0.0011016377243352,67,0
33.244,-0.0012084686243352,67,0
33.246,-0.0014991469243352,67,0
33.248,-0.0014931029743352,67,0
33.25,-0.0014870590243352,67,0
33.252,-0.0014810150743352,67,0
33.254,-0.0014749711243352,67,0
33.256,-0.0011199813243352,67,0
33.258,-0.0012087348243352,67,0
33.26,-0.0012020223493352,67,0
33.262,-0.0011953098743352,67,0
33.264,-0.0011885973993352,67,0
33.266,-0.0011818849243352,67,0
33.268,-0.0012170596243352,67,0
33.27,-0.0011939002243352,67,0
33.272,-0.0013073038443352,67,0
33.274,-0.0014207074643352,67,0
33.276,-0.0015341110843352,67,0
33.278,-0.0016475147043352,67,0
33.28,-0.0017609183243352,67,0
33.282,-0.0012391663243352,67,0
33.284,-0.0011486099243352,67,0
33.286,-0.0011973850243352,67,0
33.288,-0.0018252540243352,67,0
33.29,-0.0018478890910019,67,0
33.292,-0.0018705241576686,67,0
33.294,-0.0018931592243352,67,0
33.296,-0.0013505347243352,67,0
33.298,-0.0011394865243352,67,0
33.3,-0.0014973803243352,67,0
33.302,-0.0014928428243352,67,0
33.304,-0.0014883053243352,67,0
33.306,-0.0014837678243352,67,0
33.308,-0.0014792303243352,67,0
33.31,-0.0014746928243352,67,0
33.312,-0.0011080507243352,67,0
33.314,-0.0011857811243352,67,0
33.316,-0.0012419130243352,67,0
33.318,-0.0012221506993352,67,0
33.32,-0.0012023883743352,67,0
33.322,-0.0011826260493352,67,0
33.324,-0.0011628637243352,67,0
33.326,-0.0011710614743352,67,0
33.328,-0.0011792592243352,67,0
33.33,-0.0011788357243352,67,0
33.332,-0.0013267279743352,67,0
33.334,-0.0014746202243352,67,0
33.336,-0.0016225124743352,67,0
33.338,-0.0017704047243352,67,0
33.34,-0.0012364922243352,67,0
33.342,-0.0011475693243352,67,0
33.344,-0.0011688169243352,67,0
33.346,-0.0014246673910019,67,0
33.348,-0.0016805178576686,67,0
33.35,-0.0019363683243352,67,0
33.352,-0.0013542494243352,67,0
33.354,-0.0011071069243352,67,0
33.356,-0.0011523367243352,67,0
33.358,-0.0011975665243352,67,0
33.36,-0.0014983241243352,67,0
33.362,-0.0014919927993352,67,0
33.364,-0.0014856614743352,67,0
33.366,-0.0014793301493352,67,0
33.368,-0.0014729988243352,67,0
33.37,-0.0011249060243352,67,0
33.372,-0.0012035439243352,67,0
33.374,-0.0013080606993352,67,0
33.376,-0.0014125774743352,67,0
33.378,-0.0015170942493352,67,0
33.38,-0.0016216110243352,67,0
33.382,-0.0013960972743352,67,0
33.384,-0.0011705835243352,67,0
33.386,-0.0012010029243352,67,0
33.388,-0.0013146654843352,67,0
33.39,-0.0014283280443352,67,0
33.392,-0.0015419906043352,67,0
33.394,-0.0016556531643352,67,0
33.396,-0.0017693157243352,67,0
33.398,-0.0012305390243352,67,0
33.4,-0.0011424752243352,67,0
33.402,-0.0018133234243352,67,0
33.404,-0.0018388574493352,67,0
33.406,-0.0018643914743352,67,0
33.408,-0.0018899254993352,67,0
33.41,-0.0019154595243352,67,0
33.412,-0.0013596823243352,67,0
33.414,-0.0011422090243352,67,0
33.416,-0.0012392026243352,67,0
33.418,-0.0015172848243352,67,0
33.42,-0.0015079103493352,67,0
33.422,-0.0014985358743352,67,0
33.424,-0.0014891613993352,67,0
33.426,-0.0014797869243352,67,0
33.428,-0.0011374537243352,67,0
33.43,-0.0012298614243352,67,0
33.432,-0.0012910269243352,67,0
33.434,-0.0013812656993352,67,0
33.436,-0.0014715044743352,67,0
33.438,-0.0015617432493352,67,0
33.44,-0.0016519820243352,67,0
33.442,-0.0011792108243352,67,0
33.444,-0.0011881043243352,67,0
33.446,-0.0011818002243352,67,0
33.448,-0.0013800425910019,67,0
33.45,-0.0015782849576686,67,0
33.452,-0.0017765273243352,67,0
33.454,-0.0015098493743352,67,0
33.456,-0.0012431714243352,67,0
33.458,-0.0011706803243352,67,0
33.46,-0.0018323930243352,67,0
33.462,-0.0018710968910019,67,0
33.464,-0.0019098007576686,67,0
33.466,-0.0019485046243352,67,0
33.468,-0.0016634225743352,67,0
33.47,-0.0013783405243352,67,0
33.472,-0.0012281674243352,67,0
33.474,-0.0013671903743352,67,0
33.476,-0.0015062133243352,67,0
33.478,-0.0015028091910019,67,0
33.48,-0.0014994050576686,67,0
33.482,-0.0014960009243352,67,0
33.484,-0.0013274963243352,67,0
33.486,-0.0011589917243352,67,0
33.488,-0.0013011546243352,67,0
33.49,-0.0013738780443352,67,0
33.492,-0.0014466014643352,67,0
33.494,-0.0015193248843352,67,0
33.496,-0.0015920483043352,67,0
33.498,-0.0016647717243352,67,0
33.5,-0.0012077063243352,68,0
33.502,-0.0012281674243352,68,0
33.504,-0.0012094366243352,68,0
33.506,-0.0014137854576686,68,0
33.508,-0.0016181342910019,68,0
33.51,-0.0018224831243352,68,0
33.512,-0.0012871670243352,68,0
33.514,-0.0012344049743352,68,0
33.516,-0.0011816429243352,68,0
33.518,-0.0012097391243352,68,0
33.52,-0.0018348130243352,68,0
33.522,-0.0018613039576686,68,0
33.524,-0.0018877948910019,68,0
33.526,-0.0019142858243352,68,0
33.528,-0.0011465408243352,68,0
33.53,-0.0011903125743352,68,0
33.532,-0.0012340843243352,68,0
33.534,-0.0015300624243352,68,0
33.536,-0.0015310939493352,68,0
33.538,-0.0015321254743352,68,0
33.54,-0.0015331569993352,68,0
33.542,-0.0015341885243352,68,0
33.544,-0.0011756534243352,68,0
33.546,-0.0012984805243352,68,0
33.548,-0.0013825603993352,68,0
33.55,-0.0014666402743352,68,0
33.552,-0.0015507201493352,68,0
33.554,-0.0016348000243352,68,0
33.556,-0.0014197225243352,68,0
33.558,-0.0012046450243352,68,0
33.56,-0.0013533146993352,68,0
33.562,-0.0015019843743352,68,0
33.564,-0.0016506540493352,68,0
33.566,-0.0017993237243352,68,0
33.568,-0.0012698519243352,68,0
33.57,-0.0011916859243352,68,0
33.572,-0.0018243949243352,68,0
33.574,-0.0018489619576686,68,0
33.576,-0.0018735289910019,68,0
33.578,-0.0018980960243352,68,0
33.58,-0.0013579157243352,68,0
33.582,-0.0012468498243352,68,0
33.584,-0.0011357839243352,68,0
33.586,-0.0012012570243352,68,0
33.588,-0.0014819770243352,68,0
33.59,-0.0014827514243352,68,0
33.592,-0.0014835258243352,68,0
33.594,-0.0014843002243352,68,0
33.596,-0.0011288385243352,68,0
33.598,-0.0011699240743352,68,0
33.6,-0.0012110096243352,68,0
33.602,-0.0012965856643352,68,0
33.604,-0.0013821617043352,68,0
33.606,-0.0014677377443352,68,0
33.608,-0.0015533137843352,68,0
33.61,-0.0016388898243352,68,0
33.612,-0.0012034350243352,68,0
33.614,-0.0012250698243352,68,0
33.616,-0.0012085775243352,68,0
33.618,-0.0014072554910019,68,0
33.62,-0.0016059334576686,68,0
33.622,-0.0018046114243352,68,0
33.624,-0.0011742256243352,68,0
33.626,-0.0011973124243352,68,0
33.628,-0.0014082234910019,68,0
33.63,-0.0016191345576686,68,0
33.632,-0.0018300456243352,68,0
33.634,-0.0018668296243352,68,0
33.636,-0.0019036136243352,68,0
33.638,-0.0019403976243352,68,0
33.64,-0.0013960307243352,68,0
33.642,-0.0011458390243352,68,0
33.644,-0.0012226740243352,68,0
33.646,-0.0015271947243352,68,0
33.648,-0.0015193095576686,68,0
33.65,-0.0015114243910019,68,0
33.652,-0.0015035392243352,68,0
33.654,-0.0013323605243352,68,0
33.656,-0.0011611818243352,68,0
33.658,-0.0012399891243352,68,0
33.66,-0.0013085719243352,68,0
33.662,-0.0014154915576686,68,0
33.664,-0.0015224111910019,68,0
33.666,-0.0016293308243352,68,0
33.668,-0.0014064911743352,68,0
33.67,-0.0011836515243352,68,0
33.672,-0.0012059518243352,68,0
33.674,-0.0011886488243352,68,0
33.676,-0.0013424640243352,68,0
33.678,-0.0014962792243352,68,0
33.68,-0.0016500944243352,68,0
33.682,-0.0018039096243352,68,0
33.684,-0.0012807903243352,68,0
33.686,-0.0011817034243352,68,0
33.688,-0.0018117625243352,68,0
33.69,-0.0018412018243352,68,0
33.692,-0.0018706411243352,68,0
33.694,-0.0019000804243352,68,0
33.696,-0.0019295197243352,68,0
33.698,-0.0013770337243352,68,0
33.7,-0.0011499893243352,68,0
33.702,-0.0012228555243352,68,0
33.704,-0.0015133402243352,68,0
33.706,-0.0015085970243352,68,0
33.708,-0.0015038538243352,68,0
33.71,-0.0014991106243352,68,0
33.712,-0.0014943674243352,68,0
33.714,-0.0011452461243352,68,0
33.716,-0.0012202298243352,68,0
33.718,-0.0012800885243352,68,0
33.72,-0.0013725597493352,68,0
33.722,-0.0014650309743352,68,0
33.724,-0.0015575021993352,68,0
33.726,-0.0016499734243352,68,0
33.728,-0.0012012449243352,68,0
33.73,-0.0011914076243352,68,0
33.732,-0.0013443818743352,68,0
33.734,-0.0014973561243352,68,0
33.736,-0.0016503303743352,68,0
33.738,-0.0018033046243352,68,0
33.74,-0.0015255975243352,68,0
33.742,-0.0012478904243352,68,0
33.744,-0.0011507516243352,68,0
33.746,-0.0011818728243352,68,0
33.748,-0.0013699703493352,68,0
33.75,-0.0015580678743352,68,0
33.752,-0.0017461653993352,68,0
33.754,-0.0019342629243352,68,0
33.756,-0.0011486946243352,68,0
33.758,-0.0012227345243352,68,0
33.76,-0.0013686000243352,68,0
33.762,-0.0015144655243352,68,0
33.764,-0.0015096436743352,68,0
33.766,-0.0015048218243352,68,0
33.768,-0.0014999999743352,68,0
33.77,-0.0014951781243352,68,0
33.772,-0.0011462625243352,68,0
33.774,-0.0012286272243352,68,0
33.776,-0.0012995211243352,68,0
33.778,-0.0014102804910019,68,0
33.78,-0.0015210398576686,68,0
33.782,-0.0016317992243352,68,0
33.784,-0.0014211866243352,68,0
33.786,-0.0012105740243352,68,0
33.788,-0.0012264443843352,68,0
33.79,-0.0012423147443352,68,0
33.792,-0.0012581851043352,68,0
33.794,-0.0012740554643352,68,0
33.796,-0.0012899258243352,68,0
33.798,-0.0011949166243352,68,0
33.8,-0.0012094245243352,68,0
33.802,-0.0018326471243352,68,0
33.804,-0.0016050703243352,68,0
33.806,-0.0013774935243352,68,0
33.808,-0.0012641467743352,68,0
33.81,-0.0011508000243352,68,0
33.812,-0.0012311440243352,68,0
33.814,-0.0015157602243352,68,0
33.816,-0.0015150003443352,68,0
33.818,-0.0015142404643352,68,0
33.82,-0.0015134805843352,68,0
33.822,-0.0015127207043352,68,0
33.824,-0.0015119608243352,68,0
33.826,-0.0011597056243352,68,0
33.828,-0.0012245737243352,68,0
33.83,-0.0012946085243352,68,0
33.832,-0.0012768003493352,68,0
33.834,-0.0012589921743352,68,0
33.836,-0.0012411839993352,68,0
33.838,-0.0012233758243352,68,0
33.84,-0.0012229039243352,68,0
33.842,-0.0012224320243352,68,0
33.844,-0.0012219601243352,68,0
33.846,-0.0014114057910019,68,0
33.848,-0.0016008514576686,68,0
33.85,-0.0017902971243352,68,0
33.852,-0.0012832950243352,68,0
33.854,-0.0012031325243352,68,0
33.856,-0.0018279644243352,68,0
33.858,-0.0018616145243352,68,0
33.86,-0.0018952646243352,68,0
33.862,-0.0019289147243352,68,0
33.864,-0.0016568401743352,68,0
33.866,-0.0013847656243352,68,0
33.868,-0.0012666756743352,68,0
33.87,-0.0011485857243352,68,0
33.872,-0.0012332131243352,68,0
33.874,-0.0015314418243352,68,0
33.876,-0.0015231452576686,68,0
33.878,-0.0015148486910019,68,0
33.88,-0.0015065521243352,68,0
33.882,-0.0011663001243352,68,0
33.884,-0.0012329348243352,68,0
33.886,-0.0012660767243352,68,0
33.888,-0.0012992186243352,68,0
33.89,-0.0013913238243352,68,0
33.892,-0.0014834290243352,68,0
33.894,-0.0015755342243352,68,0
33.896,-0.0016676394243352,68,0
33.898,-0.0012016321243352,68,0
33.9,-0.0012032293243352,68,0
33.902,-0.0011821753243352,68,0
33.904,-0.0013903921243352,68,0
33.906,-0.0015986089243352,68,0
33.908,-0.0018068257243352,68,0
33.91,-0.0012868766243352,68,0
33.912,-0.0012355363243352,68,0
33.914,-0.0011841960243352,68,0
33.916,-0.0018265487243352,68,0
33.918,-0.0018573462493352,68,0
33.92,-0.0018881437743352,68,0
33.922,-0.0019189412993352,68,0
33.924,-0.0019497388243352,68,0
33.926,-0.0013910334243352,68,0
33.928,-0.0011577333243352,68,0
33.93,-0.0012296436243352,68,0
33.932,-0.0015249804243352,68,0
33.934,-0.0014261022493352,68,0
33.936,-0.0013272240743352,68,0
33.938,-0.0012283458993352,68,0
33.94,-0.0011294677243352,68,0
33.942,-0.0011825625243352,68,0
33.944,-0.0012356573243352,68,0
33.946,-0.0012999809243352,68,0
33.948,-0.0014190287910019,68,0
33.95,-0.0015380766576686,68,0
33.952,-0.0016571245243352,68,0
33.954,-0.0012216455243352,68,0
33.956,-0.0013159347743352,68,0
33.958,-0.0014102240243352,68,0
33.96,-0.0015045132743352,68,0
33.962,-0.0015988025243352,68,0
33.964,-0.0016930917743352,68,0
33.966,-0.0017873810243352,68,0
33.968,-0.0015257548243352,68,0
33.97,-0.0012641286243352,68,0
33.972,-0.0011783154243352,68,0
33.974,-0.0011885399243352,68,0
33.976,-0.0018158281243352,68,0
33.978,-0.0016714388243352,68,0
33.98,-0.0015270495243352,68,0
33.982,-0.0013826602243352,68,0
33.984,-0.0012328864243352,68,0
33.986,-0.0015199710243352,68,0
33.988,-0.0015191905743352,68,0
33.99,-0.0015184101243352,68,0
33.992,-0.0015176296743352,68,0
33.994,-0.0015168492243352,68,0
33.996,-0.0015160687743352,68,0
33.998,-0.0015152883243352,68,0
34.0,-0.0011685870243352,69,0
34.002,-0.0012288450243352,69,0
34.004,-0.0012811291243352,69,0
34.006,-0.0013744322243352,69,0
34.008,-0.0014677353243352,69,0
34.01,-0.0015610384243352,69,0
34.012,-0.0016543415243352,69,0
34.014,-0.0011949166243352,69,0
34.016,-0.0012204839243352,69,0
34.018,-0.0012012933243352,69,0
34.02,-0.0013920699910019,69,0
34.022,-0.0015828466576686,69,0
34.024,-0.0017736233243352,69,0
34.026,-0.0012547511243352,69,0
34.028,-0.0011491423243352,69,0
34.03,-0.0011655741243352,69,0
34.032,-0.0011820059243352,69,0
34.034,-0.0018094030243352,69,0
34.036,-0.0018496718243352,69,0
34.038,-0.0018899406243352,69,0
34.04,-0.0019302094243352,69,0
34.042,-0.0013808694243352,69,0
34.044,-0.0011636381243352,69,0
34.046,-0.0012373634243352,69,0
34.048,-0.0015077379243352,69,0
34.05,-0.0013840275243352,69,0
34.052,-0.0012603171243352,69,0
34.054,-0.0011366067243352,69,0
34.056,-0.0011717209243352,69,0
34.058,-0.0012068351243352,69,0
34.06,-0.0012393659743352,69,0
34.062,-0.0012718968243352,69,0
34.064,-0.0013621537493352,69,0
34.066,-0.0014524106743352,69,0
34.068,-0.0015426675993352,69,0
34.07,-0.0016329245243352,69,0
34.072,-0.0012131150243352,69,0
34.074,-0.0012375328243352,69,0
34.076,-0.0011915165243352,69,0
34.078,-0.0013445996743352,69,0
34.08,-0.0014976828243352,69,0
34.082,-0.0016507659743352,69,0
34.084,-0.0018038491243352,69,0
34.086,-0.0011935856243352,69,0
34.088,-0.0013186955910019,69,0
34.09,-0.0014438055576686,69,0
34.092,-0.0015689155243352,69,0
34.094,-0.0016940254910019,69,0
34.096,-0.0018191354576686,69,0
34.098,-0.0019442454243352,69,0
34.1,-0.0013949901243352,69,0
34.102,-0.0011747096243352,69,0
34.104,-0.0012430262243352,69,0
34.106,-0.0015104846243352,69,0
34.108,-0.0015102607743352,69,0
34.11,-0.0015100369243352,69,0
34.112,-0.0015098130743352,69,0
34.114,-0.0015095892243352,69,0
34.116,-0.0011656830243352,69,0
34.118,-0.0012541098243352,69,0
34.12,-0.0013122382243352,69,0
34.122,-0.0014032453493352,69,0
34.124,-0.0014942524743352,69,0
34.126,-0.0015852595993352,69,0
34.128,-0.0016762667243352,69,0
34.13,-0.0012056009243352,69,0
34.132,-0.0012199878243352,69,0
34.134,-0.0012118445243352,69,0
34.136,-0.0015039627243352,69,0
34.138,-0.0017960809243352,69,0
34.14,-0.0012768336243352,69,0
34.142,-0.0012454905910019,69,0
34.144,-0.0012141475576686,69,0
34.146,-0.0011828045243352,69,0
34.148,-0.0012058429243352,69,0
34.15,-0.0018194218243352,69,0
34.152,-0.0018617072910019,69,0
34.154,-0.0019039927576686,69,0
34.156,-0.0019462782243352,69,0
34.158,-0.0013901864243352,69,0
34.16,-0.0011466255243352,69,0
34.162,-0.0012254207243352,69,0
34.164,-0.0015439411243352,69,0
34.166,-0.0015356677493352,69,0
34.168,-0.0015273943743352,69,0
34.17,-0.0015191209993352,69,0
34.172,-0.0015108476243352,69,0
34.174,-0.0011829497243352,69,0
34.176,-0.0012629428243352,69,0
34.178,-0.0013011667243352,69,0
34.18,-0.0014250465243352,69,0
34.182,-0.0015489263243352,69,0
34.184,-0.0016728061243352,69,0
34.186,-0.0012105014243352,69,0
34.188,-0.0012074824743352,69,0
34.19,-0.0012044635243352,69,0
34.192,-0.0012200483243352,69,0
34.194,-0.0012356331243352,69,0
34.196,-0.0012512179243352,69,0
34.198,-0.0012668027243352,69,0
34.2,-0.0012823875243352,69,0
34.202,-0.0012353487743352,69,0
34.204,-0.0011883100243352,69,0
34.206,-0.0012054073243352,69,0
34.208,-0.0018636594243352,69,0
34.21,-0.0019152296243352,69,0
34.212,-0.0019667998243352,69,0
34.214,-0.0013956919243352,69,0
34.216,-0.0012780920243352,69,0
34.218,-0.0011604921243352,69,0
34.22,-0.0012343021243352,69,0
34.222,-0.0015305464243352,69,0
34.224,-0.0014378785743352,69,0
34.226,-0.0013452107243352,69,0
34.228,-0.0012525428743352,69,0
34.23,-0.0011598750243352,69,0
34.232,-0.0012325899743352,69,0
34.234,-0.0013053049243352,69,0
34.236,-0.0012846744243352,69,0
34.238,-0.0012640439243352,69,0
34.24,-0.0012434134243352,69,0
34.242,-0.0012227829243352,69,0
34.244,-0.0012021524243352,69,0
34.246,-0.0012295468243352,69,0
34.248,-0.0012176343743352,69,0
34.25,-0.0012057219243352,69,0
34.252,-0.0012253450993352,69,0
34.254,-0.0012449682743352,69,0
34.256,-0.0012645914493352,69,0
34.258,-0.0012842146243352,69,0
34.26,-0.0011862651243352,69,0
34.262,-0.0012073554243352,69,0
34.264,-0.0015237462243352,69,0
34.266,-0.0018401370243352,69,0
34.268,-0.0018657164243352,69,0
34.27,-0.0018912958243352,69,0
34.272,-0.0019168752243352,69,0
34.274,-0.0011515018243352,69,0
34.276,-0.0012305753243352,69,0
34.278,-0.0015419809243352,69,0
34.28,-0.0015403554910019,69,0
34.282,-0.0015387300576686,69,0
34.284,-0.0015371046243352,69,0
34.286,-0.0011859142243352,69,0
34.288,-0.0013253062243352,69,0
34.29,-0.0013730649243352,69,0
34.292,-0.0014208236243352,69,0
34.294,-0.0014685823243352,69,0
34.296,-0.0015163410243352,69,0
34.298,-0.0015640997243352,69,0
34.3,-0.0016118584243352,69,0
34.302,-0.0016596171243352,69,0
34.304,-0.0012078152243352,69,0
34.306,-0.0012202056243352,69,0
34.308,-0.0012076095243352,69,0
34.31,-0.0014009715576686,69,0
34.312,-0.0015943335910019,69,0
34.314,-0.0017876956243352,69,0
34.316,-0.0012738691243352,69,0
34.318,-0.0011828045243352,69,0
34.32,-0.0011887940243352,69,0
34.322,-0.0011947835243352,69,0
34.324,-0.0018193492243352,69,0
34.326,-0.0018830375743352,69,0
34.328,-0.0019467259243352,69,0
34.33,-0.0013723752243352,69,0
34.332,-0.0011340052243352,69,0
34.334,-0.0012234363243352,69,0
34.336,-0.0012718847243352,69,0
34.338,-0.0013203331243352,69,0
34.34,-0.0013687815243352,69,0
34.342,-0.0014172299243352,69,0
34.344,-0.0014656783243352,69,0
34.346,-0.0015141267243352,69,0
34.348,-0.0013102901243352,69,0
34.35,-0.0013663958076686,69,0
34.352,-0.0014225014910019,69,0
34.354,-0.0014786071743352,69,0
34.356,-0.0015347128576686,69,0
34.358,-0.0015908185410019,69,0
34.36,-0.0016469242243352,69,0
34.362,-0.0012083960243352,69,0
34.364,-0.0012348829243352,69,0
34.366,-0.0012137079243352,69,0
34.368,-0.0012281069243352,69,0
34.37,-0.0012425059243352,69,0
34.372,-0.0012569049243352,69,0
34.374,-0.0011780976243352,69,0
34.376,-0.0012063632243352,69,0
34.378,-0.0018378501243352,69,0
34.38,-0.0018558791243352,69,0
34.382,-0.0018739081243352,69,0
34.384,-0.0018919371243352,69,0
34.386,-0.0019099661243352,69,0
34.388,-0.0019279951243352,69,0
34.39,-0.0013917594243352,69,0
34.392,-0.0011633477243352,69,0
34.394,-0.0012356936243352,69,0
34.396,-0.0015175631243352,69,0
34.398,-0.0015119638493352,69,0
34.4,-0.0015063645743352,69,0
34.402,-0.0015007652993352,69,0
34.404,-0.0014951660243352,69,0
34.406,-0.0011505701243352,69,0
34.408,-0.0012282400243352,69,0
34.41,-0.0012913415243352,69,0
34.412,-0.0013881354743352,69,0
34.414,-0.0014849294243352,69,0
34.416,-0.0015817233743352,69,0
34.418,-0.0016785173243352,69,0
34.42,-0.0012038343243352,69,0
34.422,-0.0012005431243352,69,0
34.424,-0.0011933557243352,69,0
34.426,-0.0013496181493352,69,0
34.428,-0.0015058805743352,69,0
34.43,-0.0016621429993352,69,0
34.432,-0.0018184054243352,69,0
34.434,-0.0012917529243352,69,0
34.436,-0.0012069077243352,69,0
34.438,-0.0012167571243352,69,0
34.44,-0.0014027673993352,69,0
34.442,-0.0015887776743352,69,0
34.444,-0.0017747879493352,69,0
34.446,-0.0019607982243352,69,0
34.448,-0.0013971802243352,69,0
34.45,-0.0011583383243352,69,0
34.452,-0.0012357178243352,69,0
34.454,-0.0015374192243352,69,0
34.456,-0.0015296177493352,69,0
34.458,-0.0015218162743352,69,0
34.46,-0.0015140147993352,69,0
34.462,-0.0015062133243352,69,0
34.464,-0.0011690226243352,69,0
34.466,-0.0012626524243352,69,0
34.468,-0.0013946956910019,69,0
34.47,-0.0015267389576686,69,0
34.472,-0.0016587822243352,69,0
34.474,-0.0014316107743352,69,0
34.476,-0.0012044393243352,69,0
34.478,-0.0012224078243352,69,0
34.48,-0.0012403763243352,69,0
34.482,-0.0012033866243352,69,0
34.484,-0.0013550752493352,69,0
34.486,-0.0015067638743352,69,0
34.488,-0.0016584524993352,69,0
34.49,-0.0018101411243352,69,0
34.492,-0.0012839484243352,69,0
34.494,-0.0011788357243352,69,0
34.496,-0.0011970462243352,69,0
34.498,-0.0018339902243352,69,0
34.5,-0.0016875237576686,70,0
34.502,-0.0015410572910019,70,0
34.504,-0.0013945908243352,70,0
34.506,-0.0011633961243352,70,0
34.508,-0.0012073796243352,70,0
34.51,-0.0012513631243352,70,0
34.512,-0.0015403958243352,70,0
34.514,-0.0015390859993352,70,0
34.516,-0.0015377761743352,70,0
34.518,-0.0015364663493352,70,0
34.52,-0.0015351565243352,70,0
34.522,-0.0011746249243352,70,0
34.524,-0.0012335519243352,70,0
34.526,-0.0012257564993352,70,0
34.528,-0.0012179610743352,70,0
34.53,-0.0012101656493352,70,0
34.532,-0.0012023702243352,70,0
34.534,-0.0012170233243352,70,0
34.536,-0.0013038408243352,70,0
34.538,-0.0013906583243352,70,0
34.54,-0.0014774758243352,70,0
34.542,-0.0015642933243352,70,0
34.544,-0.0016511108243352,70,0
34.546,-0.0017379283243352,70,0
34.548,-0.0018247458243352,70,0
34.55,-0.0011699543243352,70,0
34.552,-0.0011873541243352,70,0
34.554,-0.0012047539243352,70,0
34.556,-0.0018651719243352,70,0
34.558,-0.0017017331910019,70,0
34.56,-0.0015382944576686,70,0
34.562,-0.0013748557243352,70,0
34.564,-0.0011594515243352,70,0
34.566,-0.0013414415743352,70,0
34.568,-0.0015234316243352,70,0
34.57,-0.0015129257993352,70,0
34.572,-0.0015024199743352,70,0
34.574,-0.0014919141493352,70,0
34.576,-0.0014814083243352,70,0
34.578,-0.0011492633243352,70,0
34.58,-0.0012951772243352,70,0
34.582,-0.0012772522843352,70,0
34.584,-0.0012593273443352,70,0
34.586,-0.0012414024043352,70,0
34.588,-0.0012234774643352,70,0
34.59,-0.0012055525243352,70,0
34.592,-0.0012251182243352,70,0
34.594,-0.0012101868243352,70,0
34.596,-0.0013980312576686,70,0
34.598,-0.0015858756910019,70,0
34.6,-0.0017737201243352,70,0
34.602,-0.0012617207243352,70,0
34.604,-0.0012261285743352,70,0
34.606,-0.0011905364243352,70,0
34.608,-0.0011976996243352,70,0
34.61,-0.0012048628243352,70,0
34.612,-0.0018487159243352,70,0
34.614,-0.0018832372243352,70,0
34.616,-0.0019177585243352,70,0
34.618,-0.0019522798243352,70,0
34.62,-0.0013958734243352,70,0
34.622,-0.0011681877243352,70,0
34.624,-0.0015461675243352,70,0
34.626,-0.0014682283993352,70,0
34.628,-0.0013902892743352,70,0
34.63,-0.0013123501493352,70,0
34.632,-0.0012344110243352,70,0
34.634,-0.0012772026743352,70,0
34.636,-0.0013199943243352,70,0
34.638,-0.0013983055243352,70,0
34.64,-0.0014766167243352,70,0
34.642,-0.0015549279243352,70,0
34.644,-0.0016332391243352,70,0
34.646,-0.0014145558243352,70,0
34.648,-0.0011958725243352,70,0
34.65,-0.0012138410243352,70,0
34.652,-0.0013342069843352,70,0
34.654,-0.0014545729443352,70,0
34.656,-0.0015749389043352,70,0
34.658,-0.0016953048643352,70,0
34.66,-0.0018156708243352,70,0
34.662,-0.0012809839243352,70,0
34.664,-0.0011778072243352,70,0
34.666,-0.0011989822243352,70,0
34.668,-0.0018515110243352,70,0
34.67,-0.0018920762743352,70,0
34.672,-0.0019326415243352,70,0
34.674,-0.0011657798243352,70,0
34.676,-0.0012003071743352,70,0
34.678,-0.0012348345243352,70,0
34.68,-0.0013870343743352,70,0
34.682,-0.0015392342243352,70,0
34.684,-0.0015278924910019,70,0
34.686,-0.0015165507576686,70,0
34.688,-0.0015052090243352,70,0
34.69,-0.0011551318243352,70,0
34.692,-0.0011907421243352,70,0
34.694,-0.0012263524243352,70,0
34.696,-0.0013046999243352,70,0
34.698,-0.0013963513743352,70,0
34.7,-0.0014880028243352,70,0
34.702,-0.0015796542743352,70,0
34.704,-0.0016713057243352,70,0
34.706,-0.0012180639243352,70,0
34.708,-0.0013161404743352,70,0
34.71,-0.0014142170243352,70,0
34.712,-0.0015122935743352,70,0
34.714,-0.0016103701243352,70,0
34.716,-0.0017084466743352,70,0
34.718,-0.0018065232243352,70,0
34.72,-0.0012792778243352,70,0
34.722,-0.0011741046243352,70,0
34.724,-0.0011969857243352,70,0
34.726,-0.0018461991243352,70,0
34.728,-0.0016888950910019,70,0
34.73,-0.0015315910576686,70,0
34.732,-0.0013742870243352,70,0
34.734,-0.0012635478243352,70,0
34.736,-0.0011528086243352,70,0
34.738,-0.0012313134243352,70,0
34.74,-0.0015545044243352,70,0
34.742,-0.0015461523993352,70,0
34.744,-0.0015378003743352,70,0
34.746,-0.0015294483493352,70,0
34.748,-0.0015210963243352,70,0
34.75,-0.0011723138243352,70,0
34.752,-0.0012510848243352,70,0
34.754,-0.0013277262243352,70,0
34.756,-0.0014073956493352,70,0
34.758,-0.0014870650743352,70,0
34.76,-0.0015667344993352,70,0
34.762,-0.0016464039243352,70,0
34.764,-0.0011942995243352,70,0
34.766,-0.0012195038243352,70,0
34.768,-0.0012018136243352,70,0
34.77,-0.0013535990493352,70,0
34.772,-0.0015053844743352,70,0
34.774,-0.0016571698993352,70,0
34.776,-0.0018089553243352,70,0
34.778,-0.0012875784243352,70,0
34.78,-0.0011751452243352,70,0
34.782,-0.0011946504243352,70,0
34.784,-0.0015510740743352,70,0
34.786,-0.0019074977243352,70,0
34.788,-0.0017254128910019,70,0
34.79,-0.0015433280576686,70,0
34.792,-0.0013612432243352,70,0
34.794,-0.0011423905243352,70,0
34.796,-0.0012277923243352,70,0
34.798,-0.0015276908243352,70,0
34.8,-0.0015198560743352,70,0
34.802,-0.0015120213243352,70,0
34.804,-0.0015041865743352,70,0
34.806,-0.0014963518243352,70,0
34.808,-0.0011567532243352,70,0
34.81,-0.0012305148243352,70,0
34.812,-0.0012984442243352,70,0
34.814,-0.0014110750576686,70,0
34.816,-0.0015237058910019,70,0
34.818,-0.0016363367243352,70,0
34.82,-0.0011932105243352,70,0
34.822,-0.0012195885243352,70,0
34.824,-0.0012096725743352,70,0
34.826,-0.0011997566243352,70,0
34.828,-0.0012284215243352,70,0
34.83,-0.0012570864243352,70,0
34.832,-0.0012345683243352,70,0
34.834,-0.0012120502243352,70,0
34.836,-0.0011895321243352,70,0
34.838,-0.0011670140243352,70,0
34.84,-0.0011917101243352,70,0
34.842,-0.0018505672243352,70,0
34.844,-0.0016960986243352,70,0
34.846,-0.0015416300243352,70,0
34.848,-0.0013871614243352,70,0
34.85,-0.0011545510243352,70,0
34.852,-0.0011983409243352,70,0
34.854,-0.0012421308243352,70,0
34.856,-0.0015448365243352,70,0
34.858,-0.0015371711743352,70,0
34.86,-0.0015295058243352,70,0
34.862,-0.0015218404743352,70,0
34.864,-0.0015141751243352,70,0
34.866,-0.0012416831243352,70,0
34.868,-0.0012774870243352,70,0
34.87,-0.0013132909243352,70,0
34.872,-0.0012845624993352,70,0
34.874,-0.0012558340743352,70,0
34.876,-0.0012271056493352,70,0
34.878,-0.0011983772243352,70,0
34.88,-0.0012127399243352,70,0
34.882,-0.0011958362243352,70,0
34.884,-0.0011789325243352,70,0
34.886,-0.0013321457493352,70,0
34.888,-0.0014853589743352,70,0
34.89,-0.0016385721993352,70,0
34.892,-0.0017917854243352,70,0
34.894,-0.0012687992243352,70,0
34.896,-0.0011846074243352,70,0
34.898,-0.0011979900243352,70,0
34.9,-0.0018383462243352,70,0
34.902,-0.0019011512743352,70,0
34.904,-0.0019639563243352,70,0
34.906,-0.0016845068243352,70,0
34.908,-0.0014050573243352,70,0
34.91,-0.0011667841243352,70,0
34.912,-0.0012479872243352,70,0
34.914,-0.0013015539243352,70,0
34.916,-0.0013551206243352,70,0
34.918,-0.0014086873243352,70,0
34.92,-0.0014622540243352,70,0
34.922,-0.0015158207243352,70,0
34.924,-0.0011841718243352,70,0
34.926,-0.0012413806243352,70,0
34.928,-0.0013462119993352,70,0
34.93,-0.0014510433743352,70,0
34.932,-0.0015558747493352,70,0
34.934,-0.0016607061243352,70,0
34.936,-0.0014266255743352,70,0
34.938,-0.0011925450243352,70,0
34.94,-0.0012121228243352,70,0
34.942,-0.0012266404043352,70,0
34.944,-0.0012411579843352,70,0
34.946,-0.0012556755643352,70,0
34.948,-0.0012701931443352,70,0
34.95,-0.0012847107243352,70,0
34.952,-0.0012296012743352,70,0
34.954,-0.0011744918243352,70,0
34.956,-0.0012083718243352,70,0
34.958,-0.0018627035243352,70,0
34.96,-0.0018910618910019,70,0
34.962,-0.0019194202576686,70,0
34.964,-0.0019477786243352,70,0
34.966,-0.0013772636243352,70,0
34.968,-0.0011678005243352,70,0
34.97,-0.0012433287243352,70,0
34.972,-0.0015465305243352,70,0
34.974,-0.0014256192576686,70,0
34.976,-0.0013047079910019,70,0
34.978,-0.0011837967243352,70,0
34.98,-0.0012186205243352,70,0
34.982,-0.0012534443243352,70,0
34.984,-0.0012817038743352,70,0
34.986,-0.0013099634243352,70,0
34.988,-0.0012870732493352,70,0
34.99,-0.0012641830743352,70,0
34.992,-0.0012412928993352,70,0
34.994,-0.0012184027243352,70,0
34.996,-0.0012458697243352,70,0
34.998,-0.0012114089243352,70,0
35.0,-0.0013653814243352,71,0
35.002,-0.0015193539243352,71,0
35.004,-0.0016733264243352,71,0
35.006,-0.0018272989243352,71,0
35.008,-0.0015162079243352,71,0
35.01,-0.0012051169243352,71,0
35.012,-0.0012294016243352,71,0
35.014,-0.0015515641243352,71,0
35.016,-0.0018737266243352,71,0
35.018,-0.0018967408243352,71,0
35.02,-0.0019197550243352,71,0
35.022,-0.0019427692243352,71,0
35.024,-0.0011711643243352,71,0
35.026,-0.0012335882243352,71,0
35.028,-0.0013808512743352,71,0
35.03,-0.0015281143243352,71,0
35.032,-0.0014407099743352,71,0
35.034,-0.0013533056243352,71,0
35.036,-0.0012659012743352,71,0
35.038,-0.0011784969243352,71,0
35.04,-0.0012450771743352,71,0
35.042,-0.0013116574243352,71,0
35.044,-0.0012857815743352,71,0
35.046,-0.0012599057243352,71,0
35.048,-0.0012340298743352,71,0
35.05,-0.0012081540243352,71,0
35.052,-0.0012102896743352,71,0
35.054,-0.0012124253243352,71,0
35.056,-0.0012106345243352,71,0
35.058,-0.0012088437243352,71,0
35.06,-0.0014103853576686,71,0
35.062,-0.0016119269910019,71,0
35.064,-0.0018134686243352,71,0
35.066,-0.0015558898743352,71,0
35.068,-0.0012983111243352,71,0
35.07,-0.0011945899243352,71,0
35.072,-0.0018297794243352,71,0
35.074,-0.0018742711243352,71,0
35.076,-0.0019187628243352,71,0
35.078,-0.0016642272243352,71,0
35.08,-0.0014096916243352,71,0
35.082,-0.0011551560243352,71,0
35.084,-0.0011959935243352,71,0
35.086,-0.0012368310243352,71,0
35.088,-0.0015438564243352,71,0
35.09,-0.0014553358493352,71,0
35.092,-0.0013668152743352,71,0
35.094,-0.0012782946993352,71,0
35.096,-0.0011897741243352,71,0
35.098,-0.0012233879243352,71,0
35.1,-0.0012570017243352,71,0
35.102,-0.0013388558043352,71,0
35.104,-0.0014207098843352,71,0
35.106,-0.0015025639643352,71,0
35.108,-0.0015844180443352,71,0
35.11,-0.0016662721243352,71,0
35.112,-0.0012154503243352,71,0
35.114,-0.0012400738243352,71,0
35.116,-0.0013574317243352,71,0
35.118,-0.0014747896243352,71,0
35.12,-0.0015921475243352,71,0
35.122,-0.0017095054243352,71,0
35.124,-0.0018268633243352,71,0
35.126,-0.0013039376243352,71,0
35.128,-0.0012112032243352,71,0
35.13,-0.0015374071243352,71,0
35.132,-0.0018636110243352,71,0
35.134,-0.0016359434743352,71,0
35.136,-0.0014082759243352,71,0
35.138,-0.0011802635243352,71,0
35.14,-0.0013034979910019,71,0
35.142,-0.0014267324576686,71,0
35.144,-0.0015499669243352,71,0
35.146,-0.0015415017643352,71,0
35.148,-0.0015330366043352,71,0
35.15,-0.0015245714443352,71,0
35.152,-0.0015161062843352,71,0
35.154,-0.0015076411243352,71,0
35.156,-0.0011561119243352,71,0
35.158,-0.0012417557243352,71,0
35.16,-0.0013265646243352,71,0
35.162,-0.0014113735243352,71,0
35.164,-0.0014961824243352,71,0
35.166,-0.0015809913243352,71,0
35.168,-0.0016658002243352,71,0
35.17,-0.0012540372243352,71,0
35.172,-0.0013664317043352,71,0
35.174,-0.0014788261843352,71,0
35.176,-0.0015912206643352,71,0
35.178,-0.0017036151443352,71,0
35.18,-0.0018160096243352,71,0
35.182,-0.0012879777243352,71,0
35.184,-0.0012366918743352,71,0
35.186,-0.0011854060243352,71,0
35.188,-0.0012200967243352,71,0
35.19,-0.0014562443576686,71,0
35.192,-0.0016923919910019,71,0
35.194,-0.0019285396243352,71,0
35.196,-0.0015423439243352,71,0
35.198,-0.0011561482243352,71,0
35.2,-0.0013434985743352,71,0
35.202,-0.0015308489243352,71,0
35.204,-0.0015179745243352,71,0
35.206,-0.0015051001243352,71,0
35.208,-0.0011607341243352,71,0
35.21,-0.0012954313243352,71,0
35.212,-0.0013449808243352,71,0
35.214,-0.0013945303243352,71,0
35.216,-0.0014440798243352,71,0
35.218,-0.0014936293243352,71,0
35.22,-0.0015431788243352,71,0
35.222,-0.0015927283243352,71,0
35.224,-0.0016422778243352,71,0
35.226,-0.0011855391243352,71,0
35.228,-0.0011919158243352,71,0
35.23,-0.0011953885243352,71,0
35.232,-0.0013944496576686,71,0
35.234,-0.0015935107910019,71,0
35.236,-0.0017925719243352,71,0
35.238,-0.0012641770243352,71,0
35.24,-0.0012240473743352,71,0
35.242,-0.0011839177243352,71,0
35.244,-0.0011921578243352,71,0
35.246,-0.0014474597576686,71,0
35.248,-0.0017027616910019,71,0
35.25,-0.0019580636243352,71,0
35.252,-0.0014012458243352,71,0
35.254,-0.0011560393243352,71,0
35.256,-0.0012435344243352,71,0
35.258,-0.0015485633243352,71,0
35.26,-0.0014555233993352,71,0
35.262,-0.0013624834743352,71,0
35.264,-0.0012694435493352,71,0
35.266,-0.0011764036243352,71,0
35.268,-0.0012080209243352,71,0
35.27,-0.0012396382243352,71,0
35.272,-0.0013092374243352,71,0
35.274,-0.0013878057493352,71,0
35.276,-0.0014663740743352,71,0
35.278,-0.0015449423993352,71,0
35.28,-0.0016235107243352,71,0
35.282,-0.0011999502243352,71,0
35.284,-0.0012284578243352,71,0
35.286,-0.0011972035243352,71,0
35.288,-0.0013532269743352,71,0
35.29,-0.0015092504243352,71,0
35.292,-0.0016652738743352,71,0
35.294,-0.0018212973243352,71,0
35.296,-0.0011932952243352,71,0
35.298,-0.0018409719243352,71,0
35.3,-0.0018597825843352,71,0
35.302,-0.0018785932443352,71,0
35.304,-0.0018974039043352,71,0
35.306,-0.0019162145643352,71,0
35.308,-0.0019350252243352,71,0
35.31,-0.0013767917243352,71,0
35.312,-0.0011423058243352,71,0
35.314,-0.0012219964243352,71,0
35.316,-0.0015296510243352,71,0
35.318,-0.0015223668243352,71,0
35.32,-0.0015150826243352,71,0
35.322,-0.0015077984243352,71,0
35.324,-0.0013343146743352,71,0
35.326,-0.0011608309243352,71,0
35.328,-0.0012456035243352,71,0
35.33,-0.0013325178243352,71,0
35.332,-0.0014494320576686,71,0
35.334,-0.0015663462910019,71,0
35.336,-0.0016832605243352,71,0
35.338,-0.0014482422243352,71,0
35.34,-0.0012132239243352,71,0
35.342,-0.0012388154243352,71,0
35.344,-0.0012472249243352,71,0
35.346,-0.0014447775910019,71,0
35.348,-0.0016423302576686,71,0
35.35,-0.0018398829243352,71,0
35.352,-0.0015727209743352,71,0
35.354,-0.0013055590243352,71,0
35.356,-0.0012046571243352,71,0
35.358,-0.0012175678243352,71,0
35.36,-0.0018644943243352,71,0
35.362,-0.0018933850910019,71,0
35.364,-0.0019222758576686,71,0
35.366,-0.0019511666243352,71,0
35.368,-0.0014028793243352,71,0
35.37,-0.0011757381243352,71,0
35.372,-0.0012487374243352,71,0
35.374,-0.0013483728576686,71,0
35.376,-0.0014480082910019,71,0
35.378,-0.0015476437243352,71,0
35.38,-0.0011872573243352,71,0
35.382,-0.0012076861576686,71,0
35.384,-0.0012281149910019,71,0
35.386,-0.0012485438243352,71,0
35.388,-0.0013270849243352,71,0
35.39,-0.0014388284243352,71,0
35.392,-0.0015505719243352,71,0
35.394,-0.0016623154243352,71,0
35.396,-0.0014380782243352,71,0
35.398,-0.0012138410243352,71,0
35.4,-0.0012463174243352,71,0
35.402,-0.0014438216910019,71,0
35.404,-0.0016413259576686,71,0
35.406,-0.0018388302243352,71,0
35.408,-0.0011847284243352,71,0
35.41,-0.0011966106243352,71,0
35.412,-0.0018484981243352,71,0
35.414,-0.0016272254243352,71,0
35.416,-0.0014059527243352,71,0
35.418,-0.0012952135243352,71,0
35.42,-0.0011844743243352,71,0
35.422,-0.0012261951243352,71,0
35.424,-0.0012679159243352,71,0
35.426,-0.0013363656243352,71,0
35.428,-0.0014048153243352,71,0
35.43,-0.0014732650243352,71,0
35.432,-0.0015417147243352,71,0
35.434,-0.0015371409243352,71,0
35.436,-0.0015325671243352,71,0
35.438,-0.0015279933243352,71,0
35.44,-0.0015234195243352,71,0
35.442,-0.0011664453243352,71,0
35.444,-0.0012536742243352,71,0
35.446,-0.0013308843243352,71,0
35.448,-0.0014458625576686,71,0
35.45,-0.0015608407910019,71,0
35.452,-0.0016758190243352,71,0
35.454,-0.0012209679243352,71,0
35.456,-0.0012355484243352,71,0
35.458,-0.0012203689743352,71,0
35.46,-0.0012051895243352,71,0
35.462,-0.0013577402743352,71,0
35.464,-0.0015102910243352,71,0
35.466,-0.0016628417743352,71,0
35.468,-0.0018153925243352,71,0
35.47,-0.0012806814243352,71,0
35.472,-0.0011887819243352,71,0
35.474,-0.0012015232243352,71,0
35.476,-0.0018394231243352,71,0
35.478,-0.0016177692743352,71,0
35.48,-0.0013961154243352,71,0
35.482,-0.0011610971243352,71,0
35.484,-0.0011875315910019,71,0
35.486,-0.0012139660576686,71,0
35.488,-0.0012404005243352,71,0
35.49,-0.0015526652243352,71,0
35.492,-0.0015462461743352,71,0
35.494,-0.0015398271243352,71,0
35.496,-0.0015334080743352,71,0
35.498,-0.0015269890243352,71,0
35.5,-0.0011837725243352,72,0
35.502,-0.0012629065243352,72,0
35.504,-0.0013209139243352,72,0
35.506,-0.0014103147743352,72,0
35.508,-0.0014997156243352,72,0
35.51,-0.0015891164743352,72,0
35.512,-0.0016785173243352,72,0
35.514,-0.0012058187243352,72,0
35.516,-0.0012126431243352,72,0
35.518,-0.0012305843993352,72,0
35.52,-0.0012485256743352,72,0
35.522,-0.0012664669493352,72,0
35.524,-0.0012844082243352,72,0
35.526,-0.0011977843243352,72,0
35.528,-0.0012013417243352,72,0
35.53,-0.0012048991243352,72,0
35.532,-0.0015255551743352,72,0
35.534,-0.0018462112243352,72,0
35.536,-0.0019073706743352,72,0
35.538,-0.0019685301243352,72,0
35.54,-0.0016895888243352,72,0
35.542,-0.0014106475243352,72,0
35.544,-0.0011612302243352,72,0
35.546,-0.0012304906243352,72,0
35.548,-0.0015317685243352,72,0
35.55,-0.0015411460243352,72,0
35.552,-0.0015505235243352,72,0
35.554,-0.0015599010243352,72,0
35.556,-0.0015692785243352,72,0
35.558,-0.0015870219643352,72,0
35.56,-0.0016047654043352,72,0
35.562,-0.0016225088443352,72,0
35.564,-0.0016402522843352,72,0
35.566,-0.0016579957243352,72,0
35.568,-0.0012071739243352,72,0
35.57,-0.0012194675243352,72,0
35.572,-0.0012317611243352,72,0
35.574,-0.0012437612993352,72,0
35.576,-0.0012557614743352,72,0
35.578,-0.0012677616493352,72,0
35.58,-0.0012797618243352,72,0
35.582,-0.0012338362743352,72,0
35.584,-0.0011879107243352,72,0
35.586,-0.0012061091243352,72,0
35.588,-0.0015130558743352,72,0
35.59,-0.0018200026243352,72,0
35.592,-0.0017165839243352,72,0
35.594,-0.0016131652243352,72,0
35.596,-0.0015097465243352,72,0
35.598,-0.0014063278243352,72,0
35.6,-0.0011597298243352,72,0
35.602,-0.0015386050243352,72,0
35.604,-0.0015341691643352,72,0
35.606,-0.0015297333043352,72,0
35.608,-0.0015252974443352,72,0
35.61,-0.0015208615843352,72,0
35.612,-0.0015164257243352,72,0
35.614,-0.0011648481243352,72,0
35.616,-0.0012430867243352,72,0
35.618,-0.0013065996243352,72,0
35.62,-0.0012807419243352,72,0
35.622,-0.0012548842243352,72,0
35.624,-0.0012290265243352,72,0
35.626,-0.0012031688243352,72,0
35.628,-0.0012143250243352,72,0
35.63,-0.0012026243243352,72,0
35.632,-0.0012182716410019,72,0
35.634,-0.0012339189576686,72,0
35.636,-0.0012495662743352,72,0
35.638,-0.0012652135910019,72,0
35.64,-0.0012808609076686,72,0
35.642,-0.0012965082243352,72,0
35.644,-0.0011923756243352,72,0
35.646,-0.0014037585910019,72,0
35.648,-0.0016151415576686,72,0
35.65,-0.0018265245243352,72,0
35.652,-0.0018802848243352,72,0
35.654,-0.0019340451243352,72,0
35.656,-0.0016520304243352,72,0
35.658,-0.0013700157243352,72,0
35.66,-0.0011563660243352,72,0
35.662,-0.0012289902243352,72,0
35.664,-0.0015189304243352,72,0
35.666,-0.0014356582243352,72,0
35.668,-0.0013523860243352,72,0
35.67,-0.0012691138243352,72,0
35.672,-0.0011858416243352,72,0
35.674,-0.0012423849243352,72,0
35.676,-0.0013154931243352,72,0
35.678,-0.0013886013243352,72,0
35.68,-0.0014617095243352,72,0
35.682,-0.0015348177243352,72,0
35.684,-0.0016079259243352,72,0
35.686,-0.0016810341243352,72,0
35.688,-0.0012160190243352,72,0
35.69,-0.0012207864243352,72,0
35.692,-0.0012059397243352,72,0
35.694,-0.0012042013576686,72,0
35.696,-0.0012024629910019,72,0
35.698,-0.0012007246243352,72,0
35.7,-0.0014102925910019,72,0
35.702,-0.0016198605576686,72,0
35.704,-0.0018294285243352,72,0
35.706,-0.0017010523643352,72,0
35.708,-0.0015726762043352,72,0
35.71,-0.0014443000443352,72,0
35.712,-0.0013159238843352,72,0
35.714,-0.0011875477243352,72,0
35.716,-0.0012200664743352,72,0
35.718,-0.0012525852243352,72,0
35.72,-0.0013907672243352,72,0
35.722,-0.0015289492243352,72,0
35.724,-0.0015233469243352,72,0
35.726,-0.0015177446243352,72,0
35.728,-0.0011520826243352,72,0
35.73,-0.0011773514576686,72,0
35.732,-0.0012026202910019,72,0
35.734,-0.0012278891243352,72,0
35.736,-0.0013058373243352,72,0
35.738,-0.0014243326243352,72,0
35.74,-0.0015428279243352,72,0
35.742,-0.0016613232243352,72,0
35.744,-0.0012168539243352,72,0
35.746,-0.0012396866243352,72,0
35.748,-0.0013325843743352,72,0
35.75,-0.0014254821243352,72,0
35.752,-0.0015183798743352,72,0
35.754,-0.0016112776243352,72,0
35.756,-0.0017041753743352,72,0
35.758,-0.0017970731243352,72,0
35.76,-0.0012675529243352,72,0
35.762,-0.0011802635243352,72,0
35.764,-0.0012073554243352,72,0
35.766,-0.0018191435243352,72,0
35.768,-0.0018681444910019,72,0
35.77,-0.0019171454576686,72,0
35.772,-0.0019661464243352,72,0
35.774,-0.0011602380243352,72,0
35.776,-0.0011953038243352,72,0
35.778,-0.0012303696243352,72,0
35.78,-0.0015159780243352,72,0
35.782,-0.0015160022243352,72,0
35.784,-0.0015160264243352,72,0
35.786,-0.0015160506243352,72,0
35.788,-0.0015160748243352,72,0
35.79,-0.0012462085243352,72,0
35.792,-0.0012763254243352,72,0
35.794,-0.0013520665843352,72,0
35.796,-0.0014278077443352,72,0
35.798,-0.0015035489043352,72,0
35.8,-0.0015792900643352,72,0
35.802,-0.0016550312243352,72,0
35.804,-0.0011968284243352,72,0
35.806,-0.0012128246243352,72,0
35.808,-0.0011896894243352,72,0
35.81,-0.0013961154243352,72,0
35.812,-0.0016025414243352,72,0
35.814,-0.0018089674243352,72,0
35.816,-0.0015363302243352,72,0
35.818,-0.0012636930243352,72,0
35.82,-0.0011803119243352,72,0
35.822,-0.0011930895243352,72,0
35.824,-0.0018032683243352,72,0
35.826,-0.0018508939243352,72,0
35.828,-0.0018985195243352,72,0
35.83,-0.0019461451243352,72,0
35.832,-0.0011496384243352,72,0
35.834,-0.0013197462743352,72,0
35.836,-0.0014898541243352,72,0
35.838,-0.0014959113843352,72,0
35.84,-0.0015019686443352,72,0
35.842,-0.0015080259043352,72,0
35.844,-0.0015140831643352,72,0
35.846,-0.0015201404243352,72,0
35.848,-0.0011711038243352,72,0
35.85,-0.0012388396243352,72,0
35.852,-0.0012820608243352,72,0
35.854,-0.0013746318743352,72,0
35.856,-0.0014672029243352,72,0
35.858,-0.0015597739743352,72,0
35.86,-0.0016523450243352,72,0
35.862,-0.0012024186243352,72,0
35.864,-0.0012278770243352,72,0
35.866,-0.0011947109243352,72,0
35.868,-0.0012201602493352,72,0
35.87,-0.0012456095743352,72,0
35.872,-0.0012710588993352,72,0
35.874,-0.0012965082243352,72,0
35.876,-0.0012485861743352,72,0
35.878,-0.0012006641243352,72,0
35.88,-0.0014481373576686,72,0
35.882,-0.0016956105910019,72,0
35.884,-0.0019430838243352,72,0
35.886,-0.0013773967243352,72,0
35.888,-0.0012704871743352,72,0
35.89,-0.0011635776243352,72,0
35.892,-0.0013355246743352,72,0
35.894,-0.0015074717243352,72,0
35.896,-0.0015112711243352,72,0
35.898,-0.0015150705243352,72,0
35.9,-0.0015188699243352,72,0
35.902,-0.0015226693243352,72,0
35.904,-0.0015264687243352,72,0
35.906,-0.0012326565243352,72,0
35.908,-0.0012636264743352,72,0
35.91,-0.0012945964243352,72,0
35.912,-0.0014214689576686,72,0
35.914,-0.0015483414910019,72,0
35.916,-0.0016752140243352,72,0
35.918,-0.0014483934743352,72,0
35.92,-0.0012215729243352,72,0
35.922,-0.0011969494243352,72,0
35.924,-0.0012244849910019,72,0
35.926,-0.0012520205576686,72,0
35.928,-0.0012795561243352,72,0
35.93,-0.0018234511243352,72,0
35.932,-0.0015242544243352,72,0
35.934,-0.0012250577243352,72,0
35.936,-0.0012965596493352,72,0
35.938,-0.0013680615743352,72,0
35.94,-0.0014395634993352,72,0
35.942,-0.0015110654243352,72,0
35.944,-0.0014216948243352,72,0
35.946,-0.0013323242243352,72,0
35.948,-0.0012429536243352,72,0
35.95,-0.0011535830243352,72,0
35.952,-0.0012745346243352,72,0
35.954,-0.0014075539576686,72,0
35.956,-0.0015405732910019,72,0
35.958,-0.0016735926243352,72,0
35.96,-0.0012179550243352,72,0
35.962,-0.0013607471243352,72,0
35.964,-0.0015035392243352,72,0
35.966,-0.0016463313243352,72,0
35.968,-0.0017891234243352,72,0
35.97,-0.0011455607243352,72,0
35.972,-0.0011640737243352,72,0
35.974,-0.0014717283243352,72,0
35.976,-0.0017793829243352,72,0
35.978,-0.0018052672443352,72,0
35.98,-0.0018311515643352,72,0
35.982,-0.0018570358843352,72,0
35.984,-0.0018829202043352,72,0
35.986,-0.0019088045243352,72,0
35.988,-0.0013538017243352,72,0
35.99,-0.0013268308243352,72,0
35.992,-0.0012998599243352,72,0
35.994,-0.0012728890243352,72,0
35.996,-0.0012459181243352,72,0
35.998,-0.0012189472243352,72,0
36.0,-0.0013549512243352,73,0
36.002,-0.0014909552243352,73,0
36.004,-0.0014924677243352,73,0
36.006,-0.0014939802243352,73,0
36.008,-0.0014954927243352,73,0
36.01,-0.0014970052243352,73,0
36.012,-0.0014985177243352,73,0
36.014,-0.0015000302243352,73,0
36.016,-0.0015015427243352,73,0
36.018,-0.0015030552243352,73,0
36.02,-0.0011452703243352,73,0
36.022,-0.0012564451243352,73,0
36.024,-0.0013361333043352,73,0
36.026,-0.0014158214843352,73,0
36.028,-0.0014955096643352,73,0
36.03,-0.0015751978443352,73,0
36.032,-0.0016548860243352,73,0
36.034,-0.0011827198243352,73,0
36.036,-0.0012138410243352,73,0
36.038,-0.0012024186243352,73,0
36.04,-0.0013572260243352,73,0
36.042,-0.0015120334243352,73,0
36.044,-0.0016668408243352,73,0
36.046,-0.0018216482243352,73,0
36.048,-0.0012880261243352,73,0
36.05,-0.0011699301243352,73,0
36.052,-0.0011937066243352,73,0
36.054,-0.0012406455493352,73,0
36.056,-0.0012875844743352,73,0
36.058,-0.0013345233993352,73,0
36.06,-0.0013814623243352,73,0
36.062,-0.0011490576243352,73,0
36.064,-0.0012102836243352,73,0
36.066,-0.0014688969243352,73,0
36.068,-0.0014835137243352,73,0
36.07,-0.0014981305243352,73,0
36.072,-0.0015127473243352,73,0
36.074,-0.0015273641243352,73,0
36.076,-0.0015419809243352,73,0
36.078,-0.0011611455243352,73,0
36.08,-0.0012221900243352,73,0
36.082,-0.0012992186243352,73,0
36.084,-0.0014206582576686,73,0
36.086,-0.0015420978910019,73,0
36.088,-0.0016635375243352,73,0
36.09,-0.0014235461243352,73,0
36.092,-0.0011835547243352,73,0
36.094,-0.0012843154576686,73,0
36.096,-0.0013850761910019,73,0
36.098,-0.0014858369243352,73,0
36.1,-0.0015865976576686,73,0
36.102,-0.0016873583910019,73,0
36.104,-0.0017881191243352,73,0
36.106,-0.0012649877243352,73,0
36.108,-0.0011781944243352,73,0
36.11,-0.0014830660243352,73,0
36.112,-0.0017879376243352,73,0
36.114,-0.0018463241576686,73,0
36.116,-0.0019047106910019,73,0
36.118,-0.0019630972243352,73,0
36.12,-0.0013982934243352,73,0
36.122,-0.0011448710243352,73,0
36.124,-0.0012073433243352,73,0
36.126,-0.0014886078243352,73,0
36.128,-0.0015012402243352,73,0
36.13,-0.0015138726243352,73,0
36.132,-0.0015265050243352,73,0
36.134,-0.0013422583243352,73,0
36.136,-0.0011580116243352,73,0
36.138,-0.0012298251243352,73,0
36.14,-0.0012764343243352,73,0
36.142,-0.0012541501576686,73,0
36.144,-0.0012318659910019,73,0
36.146,-0.0012095818243352,73,0
36.148,-0.0012141435243352,73,0
36.15,-0.0011845711243352,73,0
36.152,-0.0012056150410019,73,0
36.154,-0.0012266589576686,73,0
36.156,-0.0012477028743352,73,0
36.158,-0.0012687467910019,73,0
36.16,-0.0012897907076686,73,0
36.162,-0.0013108346243352,73,0
36.164,-0.0011941543243352,73,0
36.166,-0.0011997808243352,73,0
36.168,-0.0012054073243352,73,0
36.17,-0.0018167235243352,73,0
36.172,-0.0018673902576686,73,0
36.174,-0.0019180569910019,73,0
36.176,-0.0019687237243352,73,0
36.178,-0.0014099094243352,73,0
36.18,-0.0011531958243352,73,0
36.182,-0.0012223473243352,73,0
36.184,-0.0015047008243352,73,0
36.186,-0.0015161806993352,73,0
36.188,-0.0015276605743352,73,0
36.19,-0.0015391404493352,73,0
36.192,-0.0015506203243352,73,0
36.194,-0.0011813767243352,73,0
36.196,-0.0012655201243352,73,0
36.198,-0.0013496635243352,73,0
36.2,-0.0014338069243352,73,0
36.202,-0.0015179503243352,73,0
36.204,-0.0016020937243352,73,0
36.206,-0.0016862371243352,73,0
36.208,-0.0017142631443352,73,0
36.21,-0.0017422891643352,73,0
36.212,-0.0017703151843352,73,0
36.214,-0.0017983412043352,73,0
36.216,-0.0018263672243352,73,0
36.218,-0.0011605647243352,73,0
36.22,-0.0011910204243352,73,0
36.222,-0.0018057972243352,73,0
36.224,-0.0015056748743352,73,0
36.226,-0.0012055525243352,73,0
36.228,-0.0012912205243352,73,0
36.23,-0.0015865815243352,73,0
36.232,-0.0015949291798908,73,0
36.234,-0.0016032768354464,73,0
36.236,-0.0016116244910019,73,0
36.238,-0.0016199721465575,73,0
36.24,-0.001628319802113,73,0
36.242,-0.0016366674576686,73,0
36.244,-0.0016450151132241,73,0
36.246,-0.0016533627687797,73,0
36.248,-0.0016617104243352,73,0
36.25,-0.0013765860243352,73,0
36.252,-0.0014270732743352,73,0
36.254,-0.0014775605243352,73,0
36.256,-0.0016016671993352,73,0
36.258,-0.0017257738743352,73,0
36.26,-0.0018498805493352,73,0
36.262,-0.0019739872243352,73,0
36.264,-0.0015209269243352,73,0
36.266,-0.0015458529243352,73,0
36.268,-0.0015571059243352,73,0
36.27,-0.0015820149843352,73,0
36.272,-0.0016069240443352,73,0
36.274,-0.0016318331043352,73,0
36.276,-0.0016567421643352,73,0
36.278,-0.0016816512243352,73,0
36.28,-0.0015589330243352,73,0
36.282,-0.0015872494443352,73,0
36.284,-0.0016155658643352,73,0
36.286,-0.0016438822843352,73,0
36.288,-0.0016721987043352,73,0
36.29,-0.0017005151243352,73,0
36.292,-0.0014502145243352,73,0
36.294,-0.0015801685243352,73,0
36.296,-0.0017101225243352,73,0
36.298,-0.0017005060493352,73,0
36.3,-0.0016908895743352,73,0
36.302,-0.0016812730993352,73,0
36.304,-0.0016716566243352,73,0
36.306,-0.0013492279243352,73,0
36.308,-0.0013275225410019,73,0
36.31,-0.0013058171576686,73,0
36.312,-0.0012841117743352,73,0
36.314,-0.0012624063910019,73,0
36.316,-0.0012407010076686,73,0
36.318,-0.0012189956243352,73,0
36.32,-0.0012171019743352,73,0
36.322,-0.0012152083243352,73,0
36.324,-0.0011689258243352,73,0
36.326,-0.0011885278243352,73,0
36.328,-0.0012081298243352,73,0
36.33,-0.0012277318243352,73,0
36.332,-0.0012473338243352,73,0
36.334,-0.0011832764243352,73,0
36.336,-0.0011192190243352,73,0
36.338,-0.0017150593243352,73,0
36.34,-0.0016095079993352,73,0
36.342,-0.0015039566743352,73,0
36.344,-0.0013984053493352,73,0
36.346,-0.0012928540243352,73,0
36.348,-0.0011718358743352,73,0
36.35,-0.0010508177243352,73,0
36.352,-0.0011006092243352,73,0
36.354,-0.0013715201576686,73,0
36.356,-0.0016424310910019,73,0
36.358,-0.0019133420243352,73,0
36.36,-0.0014675175243352,73,0
36.362,-0.0010216930243352,73,0
36.364,-0.0010596567743352,73,0
36.366,-0.0010976205243352,73,0
36.368,-0.0011436852243352,73,0
36.37,-0.0014277972576686,73,0
36.372,-0.0017119092910019,73,0
36.374,-0.0019960213243352,73,0
36.376,-0.0015212778243352,73,0
36.378,-0.0010455421243352,73,0
36.38,-0.0010431221243352,73,0
36.382,-0.0010372899243352,73,0
36.384,-0.0019536229243352,73,0
36.386,-0.0018498371910019,73,0
36.388,-0.0017460514576686,73,0
36.39,-0.0016422657243352,73,0
36.392,-0.0011179969243352,73,0
36.394,-0.0010318812243352,73,0
36.396,-0.0016218651243352,73,0
36.398,-0.0016520999993352,73,0
36.4,-0.0016823348743352,73,0
36.402,-0.0017125697493352,73,0
36.404,-0.0017428046243352,73,0
36.406,-0.0012087590243352,73,0
36.408,-0.0009879945243352,73,0
36.41,-0.0010554641243352,73,0
36.412,-0.0013053896243352,73,0
36.414,-0.0015044668910019,73,0
36.416,-0.0017035441576686,73,0
36.418,-0.0019026214243352,73,0
36.42,-0.0013519867243352,73,0
36.422,-0.0010031679243352,73,0
36.424,-0.0010758163243352,73,0
36.426,-0.0011238533243352,73,0
36.428,-0.0012219298743352,73,0
36.43,-0.0013200064243352,73,0
36.432,-0.0014180829743352,73,0
36.434,-0.0015161595243352,73,0
36.436,-0.0010397825243352,73,0
36.438,-0.0010606671243352,73,0
36.44,-0.0010530925243352,73,0
36.442,-0.0019833526243352,73,0
36.444,-0.0018355995243352,73,0
36.446,-0.0016878464243352,73,0
36.448,-0.0014226870243352,73,0
36.45,-0.0011575276243352,73,0
36.452,-0.0010498618243352,73,0
36.454,-0.0016418422243352,73,0
36.456,-0.0017165718243352,73,0
36.458,-0.0017913014243352,73,0
36.46,-0.0015285196743352,73,0
36.462,-0.0012657379243352,73,0
36.464,-0.0010251294243352,73,0
36.466,-0.0010553431243352,73,0
36.468,-0.0010855568243352,73,0
36.47,-0.0013429964243352,73,0
36.472,-0.0013705319910019,73,0
36.474,-0.0013980675576686,73,0
36.476,-0.0014256031243352,73,0
36.478,-0.0010592514243352,73,0
36.48,-0.0011746612243352,73,0
36.482,-0.0012516656243352,73,0
36.484,-0.0013417840043352,73,0
36.486,-0.0014319023843352,73,0
36.488,-0.0015220207643352,73,0
36.49,-0.0016121391443352,73,0
36.492,-0.0017022575243352,73,0
36.494,-0.0012284941243352,73,0
36.496,-0.0012445024243352,73,0
36.498,-0.0012437764243352,73,0
36.5,-0.0012847276643352,74,1
36.502,-0.0013256789043352,74,1
36.504,-0.0013666301443352,74,1
36.506,-0.0014075813843352,74,1
36.508,-0.0014485326243352,74,1
36.51,-0.0014725692743352,74,1
36.512,-0.0014966059243352,74,1
36.514,-0.0015733562243352,74,1
36.516,-0.0016501065243352,74,1
36.518,-0.0017268568243352,74,1
36.52,-0.0018036071243352,74,1
36.522,-0.0018803574243352,74,1
36.524,-0.0016612264243352,74,1
36.526,-0.0017190402243352,74,1
36.528,-0.0017271060843352,74,1
36.53,-0.0017351719443352,74,1
36.532,-0.0017432378043352,74,1
36.534,-0.0017513036643352,74,1
36.536,-0.0017593695243352,74,1
36.538,-0.0017857717243352,74,1
36.54,-0.0018121739243352,74,1
36.542,-0.0018468888243352,74,1
36.544,-0.0018430652243352,74,1
36.546,-0.0018392416243352,74,1
36.548,-0.0018354180243352,74,1
36.55,-0.0018315944243352,74,1
36.552,-0.0018277708243352,74,1
36.554,-0.0018413764100495,74,1
36.556,-0.0018549819957638,74,1
36.558,-0.0018685875814781,74,1
36.56,-0.0018821931671924,74,1
36.562,-0.0018957987529067,74,1
36.564,-0.001909404338621,74,1
36.566,-0.0019230099243352,74,1
36.568,-0.0017739500243352,74,1
36.57,-0.0017648992243352,74,1
36.572,-0.0018011822843352,74,1
36.574,-0.0018374653443352,74,1
36.576,-0.0018737484043352,74,1
36.578,-0.0019100314643352,74,1
36.58,-0.0019463145243352,74,1
36.582,-0.0016891048243352,74,1
36.584,-0.0018174374243352,74,1
36.586,-0.0019457700243352,74,1
36.588,-0.0019364247910019,74,1
36.59,-0.0019270795576686,74,1
36.592,-0.0019177343243352,74,1
36.594,-0.0017177757743352,74,1
36.596,-0.0015178172243352,74,1
36.598,-0.0015555208243352,74,1
36.6,-0.0015716985243352,74,1
36.602,-0.0016662085993352,74,1
36.604,-0.0017607186743352,74,1
36.606,-0.0018552287493352,74,1
36.608,-0.0019497388243352,74,1
36.61,-0.0014361906243352,74,1
36.612,-0.0014330446243352,74,1
36.614,-0.0013667124243352,74,1
36.616,-0.0013521349493352,74,1
36.618,-0.0013375574743352,74,1
36.62,-0.0013229799993352,74,1
36.622,-0.0013084025243352,74,1
36.624,-0.0012984079243352,74,1
36.626,-0.0018734483243352,74,1
36.628,-0.0017735023243352,74,1
36.63,-0.0016735563243352,74,1
36.632,-0.0015736103243352,74,1
36.634,-0.0014736643243352,74,1
36.636,-0.0013510671243352,74,1
36.638,-0.0012284699243352,74,1
36.64,-0.0013691626743352,74,1
36.642,-0.0015098554243352,74,1
36.644,-0.0014442105043352,74,1
36.646,-0.0013785655843352,74,1
36.648,-0.0013129206643352,74,1
36.65,-0.0012472757443352,74,1
36.652,-0.0011816308243352,74,1
36.654,-0.0012185176743352,74,1
36.656,-0.0012554045243352,74,1
36.658,-0.0012820124243352,74,1
36.66,-0.0014153947576686,74,1
36.662,-0.0015487770910019,74,1
36.664,-0.0016821594243352,74,1
36.666,-0.0012117356243352,74,1
36.668,-0.0012032293243352,74,1
36.67,-0.0011750726243352,74,1
36.672,-0.0011469159243352,74,1
36.674,-0.0013033265743352,74,1
36.676,-0.0014597372243352,74,1
36.678,-0.0016161478743352,74,1
36.68,-0.0017725585243352,74,1
36.682,-0.0012471281243352,74,1
36.684,-0.0011416282243352,74,1
36.686,-0.0011515865243352,74,1
36.688,-0.0017400579243352,74,1
36.69,-0.0017959276576686,74,1
36.692,-0.0018517973910019,74,1
36.694,-0.0019076671243352,74,1
36.696,-0.0010926595243352,74,1
36.698,-0.0011253416243352,74,1
36.7,-0.0011580237243352,74,1
36.702,-0.0014335568576686,74,1
36.704,-0.0017090899910019,74,1
36.706,-0.0019846231243352,74,1
36.708,-0.0017137404243352,74,1
36.71,-0.0014428577243352,74,1
36.712,-0.0010898523243352,74,1
36.714,-0.0011530627243352,74,1
36.716,-0.0012070892243352,74,1
36.718,-0.0013060157993352,74,1
36.72,-0.0014049423743352,74,1
36.722,-0.0015038689493352,74,1
36.724,-0.0016027955243352,74,1
36.726,-0.0011340173243352,74,1
36.728,-0.0011444717243352,74,1
36.73,-0.0011028719243352,74,1
36.732,-0.0013170943576686,74,1
36.734,-0.0015313167910019,74,1
36.736,-0.0017455392243352,74,1
36.738,-0.0012213188243352,74,1
36.74,-0.0010993508243352,74,1
36.742,-0.0011121828743352,74,1
36.744,-0.0011250149243352,74,1
36.746,-0.0017006361243352,74,1
36.748,-0.0017835332243352,74,1
36.75,-0.0018664303243352,74,1
36.752,-0.0015913791743352,74,1
36.754,-0.0013163280243352,74,1
36.756,-0.0010652046243352,74,1
36.758,-0.0011438909243352,74,1
36.76,-0.0012236692493352,74,1
36.762,-0.0013034475743352,74,1
36.764,-0.0013832258993352,74,1
36.766,-0.0014630042243352,74,1
36.768,-0.0010966041243352,74,1
36.77,-0.0011267936243352,74,1
36.772,-0.0011569831243352,74,1
36.774,-0.0012012086243352,74,1
36.776,-0.0011827833493352,74,1
36.778,-0.0011643580743352,74,1
36.78,-0.0011459327993352,74,1
36.782,-0.0011275075243352,74,1
36.784,-0.0011442418243352,74,1
36.786,-0.0011266121243352,74,1
36.788,-0.0012507048843352,74,1
36.79,-0.0013747976443352,74,1
36.792,-0.0014988904043352,74,1
36.794,-0.0016229831643352,74,1
36.796,-0.0017470759243352,74,1
36.798,-0.0010877227243352,74,1
36.8,-0.0010937848243352,74,1
36.802,-0.0010998469243352,74,1
36.804,-0.0017081623243352,74,1
36.806,-0.0017637497243352,74,1
36.808,-0.0018193371243352,74,1
36.81,-0.0018749245243352,74,1
36.812,-0.0013158561243352,74,1
36.814,-0.0010680118243352,74,1
36.816,-0.0011320329243352,74,1
36.818,-0.0013487287993352,74,1
36.82,-0.0015654246743352,74,1
36.822,-0.0017821205493352,74,1
36.824,-0.0019988164243352,74,1
36.826,-0.0010783815243352,74,1
36.828,-0.0012011118243352,74,1
36.83,-0.0012681276743352,74,1
36.832,-0.0013351435243352,74,1
36.834,-0.0014021593743352,74,1
36.836,-0.0014691752243352,74,1
36.838,-0.0015361910743352,74,1
36.84,-0.0016032069243352,74,1
36.842,-0.0011417976243352,74,1
36.844,-0.0011479807243352,74,1
36.846,-0.0011270840243352,74,1
36.848,-0.0012838637243352,74,1
36.85,-0.0014406434243352,74,1
36.852,-0.0015974231243352,74,1
36.854,-0.0017542028243352,74,1
36.856,-0.0010899491243352,74,1
36.858,-0.0011032833243352,74,1
36.86,-0.0017002368243352,74,1
36.862,-0.0017899704243352,74,1
36.864,-0.0018797040243352,74,1
36.866,-0.0013448356243352,74,1
36.868,-0.0010840685243352,74,1
36.87,-0.0011491665243352,74,1
36.872,-0.0012804999243352,74,1
36.874,-0.0014118333243352,74,1
36.876,-0.0015577411743352,74,1
36.878,-0.0017036490243352,74,1
36.88,-0.0018495568743352,74,1
36.882,-0.0019954647243352,74,1
36.884,-0.0014615159243352,74,1
36.886,-0.0011483921243352,74,1
36.888,-0.0011713639743352,74,1
36.89,-0.0011943358243352,74,1
36.892,-0.0013362768910019,74,1
36.894,-0.0014782179576686,74,1
36.896,-0.0016201590243352,74,1
36.898,-0.0011255715243352,74,1
36.9,-0.0011195457243352,74,1
36.902,-0.0010936638243352,74,1
36.904,-0.0012313811843352,74,1
36.906,-0.0013690985443352,74,1
36.908,-0.0015068159043352,74,1
36.91,-0.0016445332643352,74,1
36.912,-0.0017822506243352,74,1
36.914,-0.0012410176243352,74,1
36.916,-0.0011022790243352,74,1
36.918,-0.0017330520243352,74,1
36.92,-0.0017882925576686,74,1
36.922,-0.0018435330910019,74,1
36.924,-0.0018987736243352,74,1
36.926,-0.0010957813243352,74,1
36.928,-0.0011658040243352,74,1
36.93,-0.0014059648243352,74,1
36.932,-0.0014197031643352,74,1
36.934,-0.0014334415043352,74,1
36.936,-0.0014471798443352,74,1
36.938,-0.0014609181843352,74,1
36.94,-0.0014746565243352,74,1
36.942,-0.0012839968243352,74,1
36.944,-0.0010933371243352,74,1
36.946,-0.0011657072243352,74,1
36.948,-0.0012346893243352,74,1
36.95,-0.0013344780243352,74,1
36.952,-0.0014342667243352,74,1
36.954,-0.0015340554243352,74,1
36.956,-0.0016338441243352,74,1
36.958,-0.0011722533243352,74,1
36.96,-0.0011286570243352,74,1
36.962,-0.0012842085743352,74,1
36.964,-0.0014397601243352,74,1
36.966,-0.0015953116743352,74,1
36.968,-0.0017508632243352,74,1
36.97,-0.0014874099243352,74,1
36.972,-0.0012239566243352,74,1
36.974,-0.0011214091243352,74,1
36.976,-0.0011375626243352,74,1
36.978,-0.0017278974243352,74,1
36.98,-0.0017850134576686,74,1
36.982,-0.0018421294910019,74,1
36.984,-0.0018992455243352,74,1
36.986,-0.0013305092243352,74,1
36.988,-0.0010772925243352,74,1
36.99,-0.0011549261243352,74,1
36.992,-0.0014099941243352,74,1
36.994,-0.0014296808243352,74,1
36.996,-0.0014493675243352,74,1
36.998,-0.0014690542243352,74,1
37.0,-0.0011034406243352,75,0
37.002,-0.0012049717243352,75,0
37.004,-0.0012729253243352,75,0
37.006,-0.0013408789243352,75,0
37.008,-0.0014088325243352,75,0
37.01,-0.0014767861243352,75,0
37.012,-0.0015447397243352,75,0
37.014,-0.0016126933243352,75,0
37.016,-0.0011169079243352,75,0
37.018,-0.0011194973243352,75,0
37.02,-0.0012453687843352,75,0
37.022,-0.0013712402443352,75,0
37.024,-0.0014971117043352,75,0
37.026,-0.0016229831643352,75,0
37.028,-0.0017488546243352,75,0
37.03,-0.0011153349243352,75,0
37.032,-0.0011235871243352,75,0
37.034,-0.0017032497243352,75,0
37.036,-0.0017726028910019,75,0
37.038,-0.0018419560576686,75,0
37.04,-0.0019113092243352,75,0
37.042,-0.0016249324743352,75,0
37.044,-0.0013385557243352,75,0
37.046,-0.0010945713243352,75,0
37.048,-0.0014336254243352,75,0
37.05,-0.0014414420243352,75,0
37.052,-0.0014492586243352,75,0
37.054,-0.0014570752243352,75,0
37.056,-0.0014648918243352,75,0
37.058,-0.0014727084243352,75,0
37.06,-0.0011002825243352,75,0
37.062,-0.0011732213243352,75,0
37.064,-0.0012078999243352,75,0
37.066,-0.0013125225743352,75,0
37.068,-0.0014171452243352,75,0
37.07,-0.0015217678743352,75,0
37.072,-0.0016263905243352,75,0
37.074,-0.0011493117243352,75,0
37.076,-0.0011465650243352,75,0
37.078,-0.0011238049243352,75,0
37.08,-0.0013468522910019,75,0
37.082,-0.0015698996576686,75,0
37.084,-0.0017929470243352,75,0
37.086,-0.0017738834743352,75,0
37.088,-0.0017548199243352,75,0
37.09,-0.0017357563743352,75,0
37.092,-0.0017166928243352,75,0
37.094,-0.0017600108243352,75,0
37.096,-0.0018033288243352,75,0
37.098,-0.0018466468243352,75,0
37.1,-0.0018899648243352,75,0
37.102,-0.0013522408243352,75,0
37.104,-0.0011055460243352,75,0
37.106,-0.0011723864243352,75,0
37.108,-0.0014030003243352,75,0
37.11,-0.0014188271243352,75,0
37.112,-0.0014346539243352,75,0
37.114,-0.0014504807243352,75,0
37.116,-0.0012689988743352,75,0
37.118,-0.0010875170243352,75,0
37.12,-0.0011641100243352,75,0
37.122,-0.0012054678243352,75,0
37.124,-0.0013123380493352,75,0
37.126,-0.0014192082743352,75,0
37.128,-0.0015260784993352,75,0
37.13,-0.0016329487243352,75,0
37.132,-0.0011586287243352,75,0
37.134,-0.0011545752243352,75,0
37.136,-0.0011127334243352,75,0
37.138,-0.0013283231576686,75,0
37.14,-0.0015439128910019,75,0
37.142,-0.0017595026243352,75,0
37.144,-0.0012254207243352,75,0
37.146,-0.0011605163243352,75,0
37.148,-0.0010956119243352,75,0
37.15,-0.0011207194243352,75,0
37.152,-0.0017010717243352,75,0
37.154,-0.0018127910243352,75,0
37.156,-0.0019245103243352,75,0
37.158,-0.0016482249743352,75,0
37.16,-0.0013719396243352,75,0
37.162,-0.0011114145243352,75,0
37.164,-0.0011897136243352,75,0
37.166,-0.0014483148243352,75,0
37.168,-0.0014672634243352,75,0
37.17,-0.0014862120243352,75,0
37.172,-0.0015051606243352,75,0
37.174,-0.0011433343243352,75,0
37.176,-0.0011711824743352,75,0
37.178,-0.0011990306243352,75,0
37.18,-0.0012333704243352,75,0
37.182,-0.0013344084493352,75,0
37.184,-0.0014354464743352,75,0
37.186,-0.0015364844993352,75,0
37.188,-0.0016375225243352,75,0
37.19,-0.0011646182243352,75,0
37.192,-0.0011652353243352,75,0
37.194,-0.0011462141243352,75,0
37.196,-0.0013054682743352,75,0
37.198,-0.0014647224243352,75,0
37.2,-0.0016239765743352,75,0
37.202,-0.0017832307243352,75,0
37.204,-0.0012671052243352,75,0
37.206,-0.0011340415243352,75,0
37.208,-0.0011749274243352,75,0
37.21,-0.0017428288243352,75,0
37.212,-0.0018143458743352,75,0
37.214,-0.0018858629243352,75,0
37.216,-0.0013665672243352,75,0
37.218,-0.0012399891243352,75,0
37.22,-0.0011134110243352,75,0
37.222,-0.0011797553243352,75,0
37.224,-0.0014303100243352,75,0
37.226,-0.0014426913493352,75,0
37.228,-0.0014550726743352,75,0
37.23,-0.0014674539993352,75,0
37.232,-0.0014798353243352,75,0
37.234,-0.0010930467243352,75,0
37.236,-0.0012271510243352,75,0
37.238,-0.0013124463443352,75,0
37.24,-0.0013977416643352,75,0
37.242,-0.0014830369843352,75,0
37.244,-0.0015683323043352,75,0
37.246,-0.0016536276243352,75,0
37.248,-0.0011655499243352,75,0
37.25,-0.0011526755243352,75,0
37.252,-0.0011362437243352,75,0
37.254,-0.0012994061743352,75,0
37.256,-0.0014625686243352,75,0
37.258,-0.0016257310743352,75,0
37.26,-0.0017888935243352,75,0
37.262,-0.0011352273243352,75,0
37.264,-0.0011444656743352,75,0
37.266,-0.0011537040243352,75,0
37.268,-0.0017256105243352,75,0
37.27,-0.0018285936243352,75,0
37.272,-0.0019315767243352,75,0
37.274,-0.0013837976243352,75,0
37.276,-0.0012483804743352,75,0
37.278,-0.0011129633243352,75,0
37.28,-0.0011952796243352,75,0
37.282,-0.0014422890243352,75,0
37.284,-0.0014652144910019,75,0
37.286,-0.0014881399576686,75,0
37.288,-0.0015110654243352,75,0
37.29,-0.0013496453743352,75,0
37.292,-0.0011882253243352,75,0
37.294,-0.0012181365243352,75,0
37.296,-0.0013034439443352,75,0
37.298,-0.0013887513643352,75,0
37.3,-0.0014740587843352,75,0
37.302,-0.0015593662043352,75,0
37.304,-0.0016446736243352,75,0
37.306,-0.0011652958243352,75,0
37.308,-0.0011704020243352,75,0
37.31,-0.0011457180243352,75,0
37.312,-0.0013592910910019,75,0
37.314,-0.0015728641576686,75,0
37.316,-0.0017864372243352,75,0
37.318,-0.0012560579243352,75,0
37.32,-0.0011084137243352,75,0
37.322,-0.0011458995243352,75,0
37.324,-0.0017225613243352,75,0
37.326,-0.0017629843993352,75,0
37.328,-0.0018034074743352,75,0
37.33,-0.0018438305493352,75,0
37.332,-0.0018842536243352,75,0
37.334,-0.0013478606243352,75,0
37.336,-0.0011072763243352,75,0
37.338,-0.0011863014243352,75,0
37.34,-0.0014214407243352,75,0
37.342,-0.0014426701743352,75,0
37.344,-0.0014638996243352,75,0
37.346,-0.0014851290743352,75,0
37.348,-0.0015063585243352,75,0
37.35,-0.0011305446243352,75,0
37.352,-0.0011883705243352,75,0
37.354,-0.0012329227243352,75,0
37.356,-0.0012199000993352,75,0
37.358,-0.0012068774743352,75,0
37.36,-0.0011938548493352,75,0
37.362,-0.0011808322243352,75,0
37.364,-0.0011725074243352,75,0
37.366,-0.0011641826243352,75,0
37.368,-0.0011483195243352,75,0
37.37,-0.0013099331743352,75,0
37.372,-0.0014715468243352,75,0
37.374,-0.0016331604743352,75,0
37.376,-0.0017947741243352,75,0
37.378,-0.0012627250243352,75,0
37.38,-0.0011345618243352,75,0
37.382,-0.0011746370243352,75,0
37.384,-0.0017378799243352,75,0
37.386,-0.0017983879910019,75,0
37.388,-0.0018588960576686,75,0
37.39,-0.0019194041243352,75,0
37.392,-0.0013934292243352,75,0
37.394,-0.0011168837243352,75,0
37.396,-0.0011790777243352,75,0
37.398,-0.0014493796243352,75,0
37.4,-0.0014636787993352,75,0
37.402,-0.0014779779743352,75,0
37.404,-0.0014922771493352,75,0
37.406,-0.0015065763243352,75,0
37.408,-0.0012128246243352,75,0
37.41,-0.0012299763743352,75,0
37.412,-0.0012471281243352,75,0
37.414,-0.0014571841243352,75,0
37.416,-0.0016672401243352,75,0
37.418,-0.0015026760910019,75,0
37.42,-0.0013381120576686,75,0
37.422,-0.0011735480243352,75,0
37.424,-0.0012952812843352,75,0
37.426,-0.0014170145443352,75,0
37.428,-0.0015387478043352,75,0
37.43,-0.0016604810643352,75,0
37.432,-0.0017822143243352,75,0
37.434,-0.0012633663243352,75,0
37.436,-0.0011279189243352,75,0
37.438,-0.0011382462743352,75,0
37.44,-0.0011485736243352,75,0
37.442,-0.0013437526743352,75,0
37.444,-0.0015389317243352,75,0
37.446,-0.0017341107743352,75,0
37.448,-0.0019292898243352,75,0
37.45,-0.0013944940243352,75,0
37.452,-0.0011956063243352,75,0
37.454,-0.0014442492243352,75,0
37.456,-0.0014589192643352,75,0
37.458,-0.0014735893043352,75,0
37.46,-0.0014882593443352,75,0
37.462,-0.0015029293843352,75,0
37.464,-0.0015175994243352,75,0
37.466,-0.0011327952243352,75,0
37.468,-0.0012013659243352,75,0
37.47,-0.0012451195243352,75,0
37.472,-0.0013528881743352,75,0
37.474,-0.0014606568243352,75,0
37.476,-0.0015684254743352,75,0
37.478,-0.0016761941243352,75,0
37.48,-0.0011846074243352,75,0
37.482,-0.0011757865243352,75,0
37.484,-0.0013309569243352,75,0
37.486,-0.0014861273243352,75,0
37.488,-0.0016412977243352,75,0
37.49,-0.0017964681243352,75,0
37.492,-0.0012622773243352,75,0
37.494,-0.0011225102243352,75,0
37.496,-0.0011422937243352,75,0
37.498,-0.0011620772243352,75,0
37.5,-0.0017346371243352,76,0
37.502,-0.0017935923576686,76,0
37.504,-0.0018525475910019,76,0
37.506,-0.0019115028243352,76,0
37.508,-0.0013812324243352,76,0
37.51,-0.0011284392243352,76,0
37.512,-0.0014356219243352,76,0
37.514,-0.0014576892993352,76,0
37.516,-0.0014797566743352,76,0
37.518,-0.0015018240493352,76,0
37.52,-0.0015238914243352,76,0
37.522,-0.0013319007243352,76,0
37.524,-0.0011399100243352,76,0
37.526,-0.0012390574243352,76,0
37.528,-0.0013233557043352,76,0
37.53,-0.0014076539843352,76,0
37.532,-0.0014919522643352,76,0
37.534,-0.0015762505443352,76,0
37.536,-0.0016605488243352,76,0
37.538,-0.0011973729243352,76,0
37.54,-0.0011833369243352,76,0
37.542,-0.0011701600243352,76,0
37.544,-0.0013778686243352,76,0
37.546,-0.0015855772243352,76,0
37.548,-0.0017932858243352,76,0
37.55,-0.0012788180243352,76,0
37.552,-0.0011616174243352,76,0
37.554,-0.0013174823643352,76,0
37.556,-0.0014733473043352,76,0
37.558,-0.0016292122443352,76,0
37.56,-0.0017850771843352,76,0
37.562,-0.0019409421243352,76,0
37.564,-0.0013938527243352,76,0
37.566,-0.0011921215243352,76,0
37.568,-0.0013151059243352,76,0
37.57,-0.0014380903243352,76,0
37.572,-0.0014632058910019,76,0
37.574,-0.0014883214576686,76,0
37.576,-0.0015134370243352,76,0
37.578,-0.0011388815243352,76,0
37.58,-0.0011974213243352,76,0
37.582,-0.0012737400576686,76,0
37.584,-0.0013500587910019,76,0
37.586,-0.0014263775243352,76,0
37.588,-0.0015026962576686,76,0
37.59,-0.0015790149910019,76,0
37.592,-0.0016553337243352,76,0
37.594,-0.0011800941243352,76,0
37.596,-0.0011481622243352,76,0
37.598,-0.0012801974243352,76,0
37.6,-0.0014122326243352,76,0
37.602,-0.0015442678243352,76,0
37.604,-0.0016763030243352,76,0
37.606,-0.0018083382243352,76,0
37.608,-0.0012932412243352,76,0
37.61,-0.0011848131243352,76,0
37.612,-0.0014548488243352,76,0
37.614,-0.0017248845243352,76,0
37.616,-0.0018232212243352,76,0
37.618,-0.0019215579243352,76,0
37.62,-0.0013741297243352,76,0
37.622,-0.0012486829743352,76,0
37.624,-0.0011232362243352,76,0
37.626,-0.0014356098243352,76,0
37.628,-0.0014550884043352,76,0
37.63,-0.0014745669843352,76,0
37.632,-0.0014940455643352,76,0
37.634,-0.0015135241443352,76,0
37.636,-0.0015330027243352,76,0
37.638,-0.0011560272243352,76,0
37.64,-0.0012230612243352,76,0
37.642,-0.0012443935243352,76,0
37.644,-0.0012318730493352,76,0
37.646,-0.0012193525743352,76,0
37.648,-0.0012068320993352,76,0
37.65,-0.0011943116243352,76,0
37.652,-0.0011680425243352,76,0
37.654,-0.0011585379743352,76,0
37.656,-0.0011490334243352,76,0
37.658,-0.0011764157243352,76,0
37.66,-0.0012037980243352,76,0
37.662,-0.0012311803243352,76,0
37.664,-0.0012585626243352,76,0
37.666,-0.0012032656243352,76,0
37.668,-0.0011479686243352,76,0
37.67,-0.0011721928243352,76,0
37.672,-0.0017013621243352,76,0
37.674,-0.0017669199243352,76,0
37.676,-0.0018324777243352,76,0
37.678,-0.0018980355243352,76,0
37.68,-0.0013603841243352,76,0
37.682,-0.0011003430243352,76,0
37.684,-0.0014018387243352,76,0
37.686,-0.0013342420743352,76,0
37.688,-0.0012666454243352,76,0
37.69,-0.0011990487743352,76,0
37.692,-0.0011314521243352,76,0
37.694,-0.0011651143243352,76,0
37.696,-0.0011987765243352,76,0
37.698,-0.0012252755243352,76,0
37.7,-0.0013694066910019,76,0
37.702,-0.0015135378576686,76,0
37.704,-0.0016576690243352,76,0
37.706,-0.0011750000243352,76,0
37.708,-0.0011704383243352,76,0
37.71,-0.0011658766243352,76,0
37.712,-0.0011477145243352,76,0
37.714,-0.0013079185243352,76,0
37.716,-0.0014681225243352,76,0
37.718,-0.0016283265243352,76,0
37.72,-0.0017885305243352,76,0
37.722,-0.0012624104243352,76,0
37.724,-0.0011394139243352,76,0
37.726,-0.0011733665243352,76,0
37.728,-0.0016965705243352,76,0
37.73,-0.0017670126910019,76,0
37.732,-0.0018374548576686,76,0
37.734,-0.0019078970243352,76,0
37.736,-0.0013570203243352,76,0
37.738,-0.0010986127243352,76,0
37.74,-0.0011755445243352,76,0
37.742,-0.0011639938643352,76,0
37.744,-0.0011524432043352,76,0
37.746,-0.0011408925443352,76,0
37.748,-0.0011293418843352,76,0
37.75,-0.0011177912243352,76,0
37.752,-0.0011517680243352,76,0
37.754,-0.0011857448243352,76,0
37.756,-0.0012206049243352,76,0
37.758,-0.0013246830743352,76,0
37.76,-0.0014287612243352,76,0
37.762,-0.0015328393743352,76,0
37.764,-0.0016369175243352,76,0
37.766,-0.0011862893243352,76,0
37.768,-0.0011864587243352,76,0
37.77,-0.0011721202243352,76,0
37.772,-0.0013862700576686,76,0
37.774,-0.0016004198910019,76,0
37.776,-0.0018145697243352,76,0
37.778,-0.0012898048243352,76,0
37.78,-0.0012204899743352,76,0
37.782,-0.0011511751243352,76,0
37.784,-0.0011844501243352,76,0
37.786,-0.0017101588243352,76,0
37.788,-0.0015959227243352,76,0
37.79,-0.0014816866243352,76,0
37.792,-0.0013674505243352,76,0
37.794,-0.0011155648243352,76,0
37.796,-0.0011557126243352,76,0
37.798,-0.0011958604243352,76,0
37.8,-0.0013996728243352,76,0
37.802,-0.0014216615493352,76,0
37.804,-0.0014436502743352,76,0
37.806,-0.0014656389993352,76,0
37.808,-0.0014876277243352,76,0
37.81,-0.0011767545243352,76,0
37.812,-0.0012558865076686,76,0
37.814,-0.0013350184910019,76,0
37.816,-0.0014141504743352,76,0
37.818,-0.0014932824576686,76,0
37.82,-0.0015724144410019,76,0
37.822,-0.0016515464243352,76,0
37.824,-0.0011833974243352,76,0
37.826,-0.0011699422243352,76,0
37.828,-0.0011303147243352,76,0
37.83,-0.0012920523993352,76,0
37.832,-0.0014537900743352,76,0
37.834,-0.0016155277493352,76,0
37.836,-0.0017772654243352,76,0
37.838,-0.0012558885243352,76,0
37.84,-0.0011319119243352,76,0
37.842,-0.0016583950243352,76,0
37.844,-0.0017465798243352,76,0
37.846,-0.0018347646243352,76,0
37.848,-0.0019229494243352,76,0
37.85,-0.0015244238243352,76,0
37.852,-0.0011258982243352,76,0
37.854,-0.0014105628243352,76,0
37.856,-0.0013660186910019,76,0
37.858,-0.0013214745576686,76,0
37.86,-0.0012769304243352,76,0
37.862,-0.0012323862910019,76,0
37.864,-0.0011878421576686,76,0
37.866,-0.0011432980243352,76,0
37.868,-0.0011707468743352,76,0
37.87,-0.0011981957243352,76,0
37.872,-0.0012128972243352,76,0
37.874,-0.0013601864910019,76,0
37.876,-0.0015074757576686,76,0
37.878,-0.0016547650243352,76,0
37.88,-0.0011730882243352,76,0
37.882,-0.0011726405243352,76,0
37.884,-0.0011721928243352,76,0
37.886,-0.0012997195643352,76,0
37.888,-0.0014272463043352,76,0
37.89,-0.0015547730443352,76,0
37.892,-0.0016822997843352,76,0
37.894,-0.0018098265243352,76,0
37.896,-0.0012789148243352,76,0
37.898,-0.0011312464243352,76,0
37.9,-0.0016828249243352,76,0
37.902,-0.0017669723576686,76,0
37.904,-0.0018511197910019,76,0
37.906,-0.0019352672243352,76,0
37.908,-0.0011202112243352,76,0
37.91,-0.0012085008910019,76,0
37.912,-0.0012967905576686,76,0
37.914,-0.0013850802243352,76,0
37.916,-0.0014157198443352,76,0
37.918,-0.0014463594643352,76,0
37.92,-0.0014769990843352,76,0
37.922,-0.0015076387043352,76,0
37.924,-0.0015382783243352,76,0
37.926,-0.0011395349243352,76,0
37.928,-0.0012017894243352,76,0
37.93,-0.0012128004243352,76,0
37.932,-0.0012098601243352,76,0
37.934,-0.0012069198243352,76,0
37.936,-0.0012039795243352,76,0
37.938,-0.0012010392243352,76,0
37.94,-0.0016003573743352,76,0
37.942,-0.0019996755243352,76,0
37.944,-0.0018547635043352,76,0
37.946,-0.0017098514843352,76,0
37.948,-0.0015649394643352,76,0
37.95,-0.0014200274443352,76,0
37.952,-0.0012751154243352,76,0
37.954,-0.0011412047243352,76,0
37.956,-0.0011542727243352,76,0
37.958,-0.0011673407243352,76,0
37.96,-0.0012240957743352,76,0
37.962,-0.0012808508243352,76,0
37.964,-0.0013376058743352,76,0
37.966,-0.0013943609243352,76,0
37.968,-0.0011125640243352,76,0
37.97,-0.0011463109243352,76,0
37.972,-0.0011800578243352,76,0
37.974,-0.0013761020243352,76,0
37.976,-0.0012987144576686,76,0
37.978,-0.0012213268910019,76,0
37.98,-0.0011439393243352,76,0
37.982,-0.0011747882743352,76,0
37.984,-0.0012056372243352,76,0
37.986,-0.0012095455243352,76,0
37.988,-0.0013263800993352,76,0
37.99,-0.0014432146743352,76,0
37.992,-0.0015600492493352,76,0
37.994,-0.0016768838243352,76,0
37.996,-0.0014296687243352,76,0
37.998,-0.0011824536243352,76,0
38.0,-0.0011489850243352,77,0
38.002,-0.0013187117243352,77,0
38.004,-0.0014884384243352,77,0
38.006,-0.0016581651243352,77,0
38.008,-0.0018278918243352,77,0
38.01,-0.0015619398743352,77,0
38.012,-0.0012959879243352,77,0
38.014,-0.0011530264243352,77,0
38.016,-0.0011635897243352,77,0
38.018,-0.0016483762243352,77,0
38.02,-0.0017459949910019,77,0
38.022,-0.0018436137576686,77,0
38.024,-0.0019412325243352,77,0
38.026,-0.0013872098243352,77,0
38.028,-0.0011143185243352,77,0
38.03,-0.0013830111243352,77,0
38.032,-0.0013314005910019,77,0
38.034,-0.0012797900576686,77,0
38.036,-0.0012281795243352,77,0
38.038,-0.0012117174743352,77,0
38.04,-0.0011952554243352,77,0
38.042,-0.0012672746243352,77,0
38.044,-0.0013392938243352,77,0
38.046,-0.0014113130243352,77,0
38.048,-0.0014833322243352,77,0
38.05,-0.0015553514243352,77,0
38.052,-0.0016273706243352,77,0
38.054,-0.0016993898243352,77,0
38.056,-0.0011973487243352,77,0
38.058,-0.0011756897243352,77,0
38.06,-0.0012054012743352,77,0
38.062,-0.0012351128243352,77,0
38.064,-0.0012648243743352,77,0
38.066,-0.0012945359243352,77,0
38.068,-0.0011529901243352,77,0
38.07,-0.0011666510243352,77,0
38.072,-0.0011803119243352,77,0
38.074,-0.0014295356243352,77,0
38.076,-0.0016787593243352,77,0
38.078,-0.0017704773243352,77,0
38.08,-0.0018621953243352,77,0
38.082,-0.0019539133243352,77,0
38.084,-0.0014002536243352,77,0
38.086,-0.0011332913243352,77,0
38.088,-0.0012085412243352,77,0
38.09,-0.0013817890243352,77,0
38.092,-0.0014159866493352,77,0
38.094,-0.0014501842743352,77,0
38.096,-0.0014843818993352,77,0
38.098,-0.0015185795243352,77,0
38.1,-0.0011211308243352,77,0
38.102,-0.0011893990243352,77,0
38.104,-0.0013160073743352,77,0
38.106,-0.0014426157243352,77,0
38.108,-0.0015692240743352,77,0
38.11,-0.0016958324243352,77,0
38.112,-0.0014540562743352,77,0
38.114,-0.0012122801243352,77,0
38.116,-0.0011523125243352,77,0
38.118,-0.0012839484243352,77,0
38.12,-0.0014155843243352,77,0
38.122,-0.0015472202243352,77,0
38.124,-0.0016788561243352,77,0
38.126,-0.0018104920243352,77,0
38.128,-0.0012793504243352,77,0
38.13,-0.0011319845243352,77,0
38.132,-0.0011605284243352,77,0
38.134,-0.0016542084243352,77,0
38.136,-0.0017574738576686,77,0
38.138,-0.0018607392910019,77,0
38.14,-0.0019640047243352,77,0
38.142,-0.0014277327243352,77,0
38.144,-0.0011994662243352,77,0
38.146,-0.0013990073243352,77,0
38.148,-0.0014219053643352,77,0
38.15,-0.0014448034043352,77,0
38.152,-0.0014677014443352,77,0
38.154,-0.0014905994843352,77,0
38.156,-0.0015134975243352,77,0
38.158,-0.0012030115243352,77,0
38.16,-0.0011976996243352,77,0
38.162,-0.0013164611243352,77,0
38.164,-0.0014352226243352,77,0
38.166,-0.0015539841243352,77,0
38.168,-0.0016727456243352,77,0
38.17,-0.0014157234743352,77,0
38.172,-0.0011587013243352,77,0
38.174,-0.0011493238243352,77,0
38.176,-0.0011399463243352,77,0
38.178,-0.0013673900243352,77,0
38.18,-0.0015948337243352,77,0
38.182,-0.0018222774243352,77,0
38.184,-0.0012851342243352,77,0
38.186,-0.0012222081743352,77,0
38.188,-0.0011592821243352,77,0
38.19,-0.0016554910243352,77,0
38.192,-0.0017280456493352,77,0
38.194,-0.0018006002743352,77,0
38.196,-0.0018731548993352,77,0
38.198,-0.0019457095243352,77,0
38.2,-0.0010992419243352,77,0
38.202,-0.0011789083243352,77,0
38.204,-0.0013619208243352,77,0
38.206,-0.0013928919843352,77,0
38.208,-0.0014238631443352,77,0
38.21,-0.0014548343043352,77,0
38.212,-0.0014858054643352,77,0
38.214,-0.0015167766243352,77,0
38.216,-0.0011777709243352,77,0
38.218,-0.0011871242243352,77,0
38.22,-0.0012798199043352,77,0
38.222,-0.0013725155843352,77,0
38.224,-0.0014652112643352,77,0
38.226,-0.0015579069443352,77,0
38.228,-0.0016506026243352,77,0
38.23,-0.0011635897243352,77,0
38.232,-0.0011565475243352,77,0
38.234,-0.0011210582243352,77,0
38.236,-0.0019482384243352,77,0
38.238,-0.0019066184576686,77,0
38.24,-0.0018649984910019,77,0
38.242,-0.0018233785243352,77,0
38.244,-0.0010990362243352,77,0
38.246,-0.0011163573743352,77,0
38.248,-0.0011336785243352,77,0
38.25,-0.0016301778243352,77,0
38.252,-0.0017255661576686,77,0
38.254,-0.0018209544910019,77,0
38.256,-0.0019163428243352,77,0
38.258,-0.0010854842243352,77,0
38.26,-0.0011713821243352,77,0
38.262,-0.0013597065243352,77,0
38.264,-0.0014038715243352,77,0
38.266,-0.0014480365243352,77,0
38.268,-0.0014922015243352,77,0
38.27,-0.0015363665243352,77,0
38.272,-0.0011194005243352,77,0
38.274,-0.0011797795243352,77,0
38.276,-0.0012019467243352,77,0
38.278,-0.0013218456243352,77,0
38.28,-0.0014417445243352,77,0
38.282,-0.0015616434243352,77,0
38.284,-0.0016815423243352,77,0
38.286,-0.0012013175243352,77,0
38.288,-0.0011624886243352,77,0
38.29,-0.0011394381243352,77,0
38.292,-0.0019621171243352,77,0
38.294,-0.0018877928743352,77,0
38.296,-0.0018134686243352,77,0
38.298,-0.0015445219243352,77,0
38.3,-0.0012755752243352,77,0
38.302,-0.0011066229243352,77,0
38.304,-0.0011487309243352,77,0
38.306,-0.0016470815243352,77,0
38.308,-0.0015615466243352,77,0
38.31,-0.0014760117243352,77,0
38.312,-0.0013904768243352,77,0
38.314,-0.0012439760743352,77,0
38.316,-0.0010974753243352,77,0
38.318,-0.0011681877243352,77,0
38.32,-0.0014072232243352,77,0
38.322,-0.0014723393743352,77,0
38.324,-0.0015374555243352,77,0
38.326,-0.0013620902243352,77,0
38.328,-0.0011867249243352,77,0
38.33,-0.0011873783243352,77,0
38.332,-0.0011870806643352,77,0
38.334,-0.0011867830043352,77,0
38.336,-0.0011864853443352,77,0
38.338,-0.0011861876843352,77,0
38.34,-0.0011858900243352,77,0
38.342,-0.0011630815243352,77,0
38.344,-0.0012966606843352,77,0
38.346,-0.0014302398443352,77,0
38.348,-0.0015638190043352,77,0
38.35,-0.0016973981643352,77,0
38.352,-0.0018309773243352,77,0
38.354,-0.0015589874743352,77,0
38.356,-0.0012869976243352,77,0
38.358,-0.0011598992243352,77,0
38.36,-0.0013969745243352,77,0
38.362,-0.0016340498243352,77,0
38.364,-0.0017357583910019,77,0
38.366,-0.0018374669576686,77,0
38.368,-0.0019391755243352,77,0
38.37,-0.0014117123243352,77,0
38.372,-0.0011261402243352,77,0
38.374,-0.0013730528243352,77,0
38.376,-0.0013266444843352,77,0
38.378,-0.0012802361443352,77,0
38.38,-0.0012338278043352,77,0
38.382,-0.0011874194643352,77,0
38.384,-0.0011410111243352,77,0
38.386,-0.0011803361243352,77,0
38.388,-0.0011876868743352,77,0
38.39,-0.0011950376243352,77,0
38.392,-0.0013173625743352,77,0
38.394,-0.0014396875243352,77,0
38.396,-0.0015620124743352,77,0
38.398,-0.0016843374243352,77,0
38.4,-0.0012076337243352,77,0
38.402,-0.0011808685243352,77,0
38.404,-0.0011681151243352,77,0
38.406,-0.0019698006243352,77,0
38.408,-0.0019107889243352,77,0
38.41,-0.0018517772243352,77,0
38.412,-0.0017927655243352,77,0
38.414,-0.0012486890243352,77,0
38.416,-0.0010956724243352,77,0
38.418,-0.0016100797243352,77,0
38.42,-0.0016933519243352,77,0
38.422,-0.0017766241243352,77,0
38.424,-0.0018598963243352,77,0
38.426,-0.0019431685243352,77,0
38.428,-0.0013845115243352,77,0
38.43,-0.0011175734243352,77,0
38.432,-0.0012037012243352,77,0
38.434,-0.0013651031243352,77,0
38.436,-0.0014174799910019,77,0
38.438,-0.0014698568576686,77,0
38.44,-0.0015222337243352,77,0
38.442,-0.0013250521243352,77,0
38.444,-0.0011278705243352,77,0
38.446,-0.0011855028243352,77,0
38.448,-0.0011852487243352,77,0
38.45,-0.0013088048493352,77,0
38.452,-0.0014323609743352,77,0
38.454,-0.0015559170993352,77,0
38.456,-0.0016794732243352,77,0
38.458,-0.0012004826243352,77,0
38.46,-0.0011462141243352,77,0
38.462,-0.0019501139243352,77,0
38.464,-0.0019146336993352,77,0
38.466,-0.0018791534743352,77,0
38.468,-0.0018436732493352,77,0
38.47,-0.0018081930243352,77,0
38.472,-0.0012787212243352,77,0
38.474,-0.0011258135243352,77,0
38.476,-0.0016162628243352,77,0
38.478,-0.0016970030993352,77,0
38.48,-0.0017777433743352,77,0
38.482,-0.0018584836493352,77,0
38.484,-0.0019392239243352,77,0
38.486,-0.0013915416243352,77,0
38.488,-0.0012000107243352,77,0
38.49,-0.0013549996243352,77,0
38.492,-0.0013878898443352,77,0
38.494,-0.0014207800643352,77,0
38.496,-0.0014536702843352,77,0
38.498,-0.0014865605043352,77,0
38.5,-0.0015194507243352,78,0
38.502,-0.0011392324243352,78,0
38.504,-0.0011985466243352,78,0
38.506,-0.0011848978243352,78,0
38.508,-0.0013095278243352,78,0
38.51,-0.0014341578243352,78,0
38.512,-0.0015587878243352,78,0
38.514,-0.0016834178243352,78,0
38.516,-0.0011941422243352,78,0
38.518,-0.0011652716243352,78,0
38.52,-0.0011586529243352,78,0
38.522,-0.0019350373243352,78,0
38.524,-0.0018923444910019,78,0
38.526,-0.0018496516576686,78,0
38.528,-0.0018069588243352,78,0
38.53,-0.0010958539243352,78,0
38.532,-0.0011221230243352,78,0
38.534,-0.0011483921243352,78,0
38.536,-0.0016146293243352,78,0
38.538,-0.0017682509243352,78,0
38.54,-0.0019218725243352,78,0
38.542,-0.0013835314243352,78,0
38.544,-0.0011054008243352,78,0
38.546,-0.0011485131243352,78,0
38.548,-0.0011916254243352,78,0
38.55,-0.0013416291243352,78,0
38.552,-0.0012715620576686,78,0
38.554,-0.0012014949910019,78,0
38.556,-0.0011314279243352,78,0
38.558,-0.0011847163243352,78,0
38.56,-0.0011853939243352,78,0
38.562,-0.0012687024243352,78,0
38.564,-0.0013520109243352,78,0
38.566,-0.0014353194243352,78,0
38.568,-0.0015186279243352,78,0
38.57,-0.0016019364243352,78,0
38.572,-0.0016852449243352,78,0
38.574,-0.0012020677243352,78,0
38.576,-0.0011383733243352,78,0
38.578,-0.0011157100243352,78,0
38.58,-0.0011528146743352,78,0
38.582,-0.0011899193243352,78,0
38.584,-0.0012270239743352,78,0
38.586,-0.0012641286243352,78,0
38.588,-0.0011939425743352,78,0
38.59,-0.0011237565243352,78,0
38.592,-0.0011897136243352,78,0
38.594,-0.0016188522243352,78,0
38.596,-0.0017288049243352,78,0
38.598,-0.0018387576243352,78,0
38.6,-0.0019487103243352,78,0
38.602,-0.0014127166243352,78,0
38.604,-0.0011153712243352,78,0
38.606,-0.0011884673243352,78,0
38.608,-0.0013281497243352,78,0
38.61,-0.0012813892743352,78,0
38.612,-0.0012346288243352,78,0
38.614,-0.0011878683743352,78,0
38.616,-0.0011411079243352,78,0
38.618,-0.0011955458243352,78,0
38.62,-0.0012058671243352,78,0
38.622,-0.0013347018743352,78,0
38.624,-0.0014635366243352,78,0
38.626,-0.0015923713743352,78,0
38.628,-0.0017212061243352,78,0
38.63,-0.0011869548243352,78,0
38.632,-0.0011601109743352,78,0
38.634,-0.0011332671243352,78,0
38.636,-0.0011438909243352,78,0
38.638,-0.0019655898243352,78,0
38.64,-0.0019100104910019,78,0
38.642,-0.0018544311576686,78,0
38.644,-0.0017988518243352,78,0
38.646,-0.0012978513243352,78,0
38.648,-0.0014431904743352,78,0
38.65,-0.0015885296243352,78,0
38.652,-0.0017747062743352,78,0
38.654,-0.0019608829243352,78,0
38.656,-0.0013931993243352,78,0
38.658,-0.0010828464243352,78,0
38.66,-0.0011530627243352,78,0
38.662,-0.0012442967243352,78,0
38.664,-0.0013355307243352,78,0
38.666,-0.0013871825993352,78,0
38.668,-0.0014388344743352,78,0
38.67,-0.0014904863493352,78,0
38.672,-0.0015421382243352,78,0
38.674,-0.0011239622243352,78,0
38.676,-0.0011809048243352,78,0
38.678,-0.0011711885243352,78,0
38.68,-0.0012976032743352,78,0
38.682,-0.0014240180243352,78,0
38.684,-0.0015504327743352,78,0
38.686,-0.0016768475243352,78,0
38.688,-0.0011934767243352,78,0
38.69,-0.0011417976243352,78,0
38.692,-0.0019220298243352,78,0
38.694,-0.0018926540493352,78,0
38.696,-0.0018632782743352,78,0
38.698,-0.0018339024993352,78,0
38.7,-0.0018045267243352,78,0
38.702,-0.0012659315243352,78,0
38.704,-0.0010925869243352,78,0
38.706,-0.0011566806243352,78,0
38.708,-0.0015955597243352,78,0
38.71,-0.0017126675576686,78,0
38.712,-0.0018297753910019,78,0
38.714,-0.0019468832243352,78,0
38.716,-0.0011133505243352,78,0
38.718,-0.0011503462743352,78,0
38.72,-0.0011873420243352,78,0
38.722,-0.0013274600243352,78,0
38.724,-0.0013818404493352,78,0
38.726,-0.0014362208743352,78,0
38.728,-0.0014906012993352,78,0
38.73,-0.0015449817243352,78,0
38.732,-0.0011298065243352,78,0
38.734,-0.0011849825243352,78,0
38.736,-0.0011946867243352,78,0
38.738,-0.0013210621493352,78,0
38.74,-0.0014474375743352,78,0
38.742,-0.0015738129993352,78,0
38.744,-0.0017001884243352,78,0
38.746,-0.0011998655243352,78,0
38.748,-0.0011522157243352,78,0
38.75,-0.0019315041243352,78,0
38.752,-0.0019017048493352,78,0
38.754,-0.0018719055743352,78,0
38.756,-0.0018421062993352,78,0
38.758,-0.0018123070243352,78,0
38.76,-0.0012915472243352,78,0
38.762,-0.0011199329243352,78,0
38.764,-0.0011719145243352,78,0
38.766,-0.0016025293243352,78,0
38.768,-0.0017223314243352,78,0
38.77,-0.0018421335243352,78,0
38.772,-0.0019619356243352,78,0
38.774,-0.0014275391243352,78,0
38.776,-0.0013828296243352,78,0
38.778,-0.0013381201243352,78,0
38.78,-0.0013887646743352,78,0
38.782,-0.0014394092243352,78,0
38.784,-0.0014900537743352,78,0
38.786,-0.0015406983243352,78,0
38.788,-0.0011353846243352,78,0
38.79,-0.0011869064243352,78,0
38.792,-0.0013137234993352,78,0
38.794,-0.0014405405743352,78,0
38.796,-0.0015673576493352,78,0
38.798,-0.0016941747243352,78,0
38.8,-0.0014457133243352,78,0
38.802,-0.0011972519243352,78,0
38.804,-0.0011427414243352,78,0
38.806,-0.0019278741243352,78,0
38.808,-0.0019029753493352,78,0
38.81,-0.0018780765743352,78,0
38.812,-0.0018531777993352,78,0
38.814,-0.0018282790243352,78,0
38.816,-0.0012893208243352,78,0
38.818,-0.0011262128243352,78,0
38.82,-0.0011645456243352,78,0
38.822,-0.0015837017243352,78,0
38.824,-0.0015236332910019,78,0
38.826,-0.0014635648576686,78,0
38.828,-0.0014034964243352,78,0
38.83,-0.0011068407243352,78,0
38.832,-0.0011865434243352,78,0
38.834,-0.0013184818243352,78,0
38.836,-0.0013747256493352,78,0
38.838,-0.0014309694743352,78,0
38.84,-0.0014872132993352,78,0
38.842,-0.0015434571243352,78,0
38.844,-0.0013391849243352,78,0
38.846,-0.0011349127243352,78,0
38.848,-0.0011719508243352,78,0
38.85,-0.0011604437243352,78,0
38.852,-0.0011674012243352,78,0
38.854,-0.0011743587243352,78,0
38.856,-0.0011813162243352,78,0
38.858,-0.0011650840743352,78,0
38.86,-0.0011488519243352,78,0
38.862,-0.0012641387076686,78,0
38.864,-0.0013794254910019,78,0
38.866,-0.0014947122743352,78,0
38.868,-0.0016099990576686,78,0
38.87,-0.0017252858410019,78,0
38.872,-0.0018405726243352,78,0
38.874,-0.0011218084243352,78,0
38.876,-0.0011727252243352,78,0
38.878,-0.0015911795243352,78,0
38.88,-0.0016817722243352,78,0
38.882,-0.0017723649243352,78,0
38.884,-0.0018629576243352,78,0
38.886,-0.0019535503243352,78,0
38.888,-0.0011136893243352,78,0
38.89,-0.0011178960910019,78,0
38.892,-0.0011221028576686,78,0
38.894,-0.0011263096243352,78,0
38.896,-0.0011305163910019,78,0
38.898,-0.0011347231576686,78,0
38.9,-0.0011389299243352,78,0
38.902,-0.0011692101743352,78,0
38.904,-0.0011994904243352,78,0
38.906,-0.0011828589743352,78,0
38.908,-0.0011662275243352,78,0
38.91,-0.0012951832743352,78,0
38.912,-0.0014241390243352,78,0
38.914,-0.0015530947743352,78,0
38.916,-0.0016820505243352,78,0
38.918,-0.0011977117243352,78,0
38.92,-0.0011401399243352,78,0
38.922,-0.0011232241243352,78,0
38.924,-0.0019044969243352,78,0
38.926,-0.0018771589910019,78,0
38.928,-0.0018498210576686,78,0
38.93,-0.0018224831243352,78,0
38.932,-0.0013062850243352,78,0
38.934,-0.0011424752243352,78,0
38.936,-0.0011616658243352,78,0
38.938,-0.0015698230243352,78,0
38.94,-0.0017677185243352,78,0
38.942,-0.0019656140243352,78,0
38.944,-0.0016867150743352,78,0
38.946,-0.0014078161243352,78,0
38.948,-0.0010920061243352,78,0
38.95,-0.0011709465243352,78,0
38.952,-0.0011660678043352,78,0
38.954,-0.0011611890843352,78,0
38.956,-0.0011563103643352,78,0
38.958,-0.0011514316443352,78,0
38.96,-0.0011465529243352,78,0
38.962,-0.0011653805243352,78,0
38.964,-0.0011842081243352,78,0
38.966,-0.0011644125243352,78,0
38.968,-0.0011706772993352,78,0
38.97,-0.0011769420743352,78,0
38.972,-0.0011832068493352,78,0
38.974,-0.0011894716243352,78,0
38.976,-0.0011495779243352,78,0
38.978,-0.0019142495243352,78,0
38.98,-0.0017539608243352,78,0
38.982,-0.0015936721243352,78,0
38.984,-0.0014333834243352,78,0
38.986,-0.0012730947243352,78,0
38.988,-0.0011128060243352,78,0
38.99,-0.0011271808243352,78,0
38.992,-0.0011415556243352,78,0
38.994,-0.0011559304243352,78,0
38.996,-0.0015742274243352,78,0
38.998,-0.0017747728243352,78,0
39.0,-0.0019753182243352,79,0
39.002,-0.0016922568743352,79,0
39.004,-0.0014091955243352,79,0
39.006,-0.0010933855243352,79,0
39.008,-0.0011668083243352,79,0
39.01,-0.0012391832643352,79,0
39.012,-0.0013115582043352,79,0
39.014,-0.0013839331443352,79,0
39.016,-0.0014563080843352,79,0
39.018,-0.0015286830243352,79,0
39.02,-0.0010937727243352,79,0
39.022,-0.0011387605243352,79,0
39.024,-0.0012484712243352,79,0
39.026,-0.0013581819243352,79,0
39.028,-0.0014678926243352,79,0
39.03,-0.0015776033243352,79,0
39.032,-0.0016873140243352,79,0
39.034,-0.0011935856243352,79,0
39.036,-0.0011264427243352,79,0
39.038,-0.0011434069243352,79,0
39.04,-0.0018983259243352,79,0
39.042,-0.0018519708243352,79,0
39.044,-0.0018056157243352,79,0
39.046,-0.0015353138243352,79,0
39.048,-0.0012650119243352,79,0
39.05,-0.0011554706243352,79,0
39.052,-0.0013604506743352,79,0
39.054,-0.0015654307243352,79,0
39.056,-0.0016967600910019,79,0
39.058,-0.0018280894576686,79,0
39.06,-0.0019594188243352,79,0
39.062,-0.0014248408243352,79,0
39.064,-0.0010999679243352,79,0
39.066,-0.0011626701243352,79,0
39.068,-0.0012789995243352,79,0
39.07,-0.0012397622493352,79,0
39.072,-0.0012005249743352,79,0
39.074,-0.0011612876993352,79,0
39.076,-0.0011220504243352,79,0
39.078,-0.0011448226243352,79,0
39.08,-0.0011675948243352,79,0
39.082,-0.0011537766243352,79,0
39.084,-0.0012921673493352,79,0
39.086,-0.0014305580743352,79,0
39.088,-0.0015689487993352,79,0
39.09,-0.0017073395243352,79,0
39.092,-0.0011243010243352,79,0
39.094,-0.0011227824743352,79,0
39.096,-0.0011212639243352,79,0
39.098,-0.0018839027243352,79,0
39.1,-0.0018671401910019,79,0
39.102,-0.0018503776576686,79,0
39.104,-0.0018336151243352,79,0
39.106,-0.0012965808243352,79,0
39.108,-0.0011160004243352,79,0
39.11,-0.0011521431243352,79,0
39.112,-0.0015676692243352,79,0
39.114,-0.0017052583243352,79,0
39.116,-0.0018428474243352,79,0
39.118,-0.0019804365243352,79,0
39.12,-0.0014151487243352,79,0
39.122,-0.0011811105243352,79,0
39.124,-0.0012570114043352,79,0
39.126,-0.0013329122843352,79,0
39.128,-0.0014088131643352,79,0
39.13,-0.0014847140443352,79,0
39.132,-0.0015606149243352,79,0
39.134,-0.0013514119743352,79,0
39.136,-0.0011422090243352,79,0
39.138,-0.0011964170243352,79,0
39.14,-0.0011765125243352,79,0
39.142,-0.0013080637243352,79,0
39.144,-0.0014396149243352,79,0
39.146,-0.0015711661243352,79,0
39.148,-0.0017027173243352,79,0
39.15,-0.0011920368243352,79,0
39.152,-0.0011438425243352,79,0
39.154,-0.0018717422243352,79,0
39.156,-0.0018559033243352,79,0
39.158,-0.0018400644243352,79,0
39.16,-0.0013147429243352,79,0
39.162,-0.0011193279243352,79,0
39.164,-0.0011656104243352,79,0
39.166,-0.0015774339243352,79,0
39.168,-0.0016556725243352,79,0
39.17,-0.0017339111243352,79,0
39.172,-0.0018121497243352,79,0
39.174,-0.0018903883243352,79,0
39.176,-0.0019686269243352,79,0
39.178,-0.0014184399243352,79,0
39.18,-0.0011091518243352,79,0
39.182,-0.0011956305243352,79,0
39.184,-0.0013155415243352,79,0
39.186,-0.0012531660243352,79,0
39.188,-0.0011907905243352,79,0
39.19,-0.0011284150243352,79,0
39.192,-0.0011795980243352,79,0
39.194,-0.0011663848243352,79,0
39.196,-0.0012547874243352,79,0
39.198,-0.0013431900243352,79,0
39.2,-0.0014315926243352,79,0
39.202,-0.0015199952243352,79,0
39.204,-0.0016083978243352,79,0
39.206,-0.0016968004243352,79,0
39.208,-0.0012130787243352,79,0
39.21,-0.0011566201243352,79,0
39.212,-0.0011300485243352,79,0
39.214,-0.0013165216243352,79,0
39.216,-0.0015029947243352,79,0
39.218,-0.0016894678243352,79,0
39.22,-0.0018759409243352,79,0
39.222,-0.0013255240243352,79,0
39.224,-0.0011399463243352,79,0
39.226,-0.0011920852243352,79,0
39.228,-0.0015670279243352,79,0
39.23,-0.0017063957243352,79,0
39.232,-0.0018457635243352,79,0
39.234,-0.0019851313243352,79,0
39.236,-0.0011178759243352,79,0
39.238,-0.0011957273243352,79,0
39.24,-0.0013185423243352,79,0
39.242,-0.0013761352993352,79,0
39.244,-0.0014337282743352,79,0
39.246,-0.0014913212493352,79,0
39.248,-0.0015489142243352,79,0
39.25,-0.0011465287243352,79,0
39.252,-0.0011927749243352,79,0
39.254,-0.0011489850243352,79,0
39.256,-0.0014393124243352,79,0
39.258,-0.0017296398243352,79,0
39.26,-0.0012195764243352,79,0
39.262,-0.0011999744243352,79,0
39.264,-0.0011803724243352,79,0
39.266,-0.0011607704243352,79,0
39.268,-0.0012999349443352,79,0
39.27,-0.0014390994643352,79,0
39.272,-0.0015782639843352,79,0
39.274,-0.0017174285043352,79,0
39.276,-0.0018565930243352,79,0
39.278,-0.0013098666243352,79,0
39.28,-0.0011130601243352,79,0
39.282,-0.0015711782243352,79,0
39.284,-0.0016675698493352,79,0
39.286,-0.0017639614743352,79,0
39.288,-0.0018603530993352,79,0
39.29,-0.0019567447243352,79,0
39.292,-0.0014179559243352,79,0
39.294,-0.0012215124243352,79,0
39.296,-0.0012919029643352,79,0
39.298,-0.0013622935043352,79,0
39.3,-0.0014326840443352,79,0
39.302,-0.0015030745843352,79,0
39.304,-0.0015734651243352,79,0
39.306,-0.0013605293243352,79,0
39.308,-0.0011475935243352,79,0
39.31,-0.0011781218243352,79,0
39.312,-0.0011683934243352,79,0
39.314,-0.0013582625910019,79,0
39.316,-0.0015481317576686,79,0
39.318,-0.0017380009243352,79,0
39.32,-0.0014863935243352,79,0
39.322,-0.0012347861243352,79,0
39.324,-0.0011494327243352,79,0
39.326,-0.0018740049243352,79,0
39.328,-0.0018693917993352,79,0
39.33,-0.0018647786743352,79,0
39.332,-0.0018601655493352,79,0
39.334,-0.0018555524243352,79,0
39.336,-0.0013248585243352,79,0
39.338,-0.0011313795243352,79,0
39.34,-0.0011981594243352,79,0
39.342,-0.0015803863243352,79,0
39.344,-0.0015317846576686,79,0
39.346,-0.0014831829910019,79,0
39.348,-0.0014345813243352,79,0
39.35,-0.0011220625243352,79,0
39.352,-0.0013004407243352,79,0
39.354,-0.0014391248743352,79,0
39.356,-0.0015778090243352,79,0
39.358,-0.0011622224243352,79,0
39.36,-0.0011860654743352,79,0
39.362,-0.0012099085243352,79,0
39.364,-0.0012061817243352,79,0
39.366,-0.0012024549243352,79,0
39.368,-0.0011987281243352,79,0
39.37,-0.0013316193993352,79,0
39.372,-0.0014645106743352,79,0
39.374,-0.0015974019493352,79,0
39.376,-0.0017302932243352,79,0
39.378,-0.0014854557743352,79,0
39.38,-0.0012406183243352,79,0
39.382,-0.0011663606243352,79,0
39.384,-0.0011658040243352,79,0
39.386,-0.0019021495243352,79,0
39.388,-0.0018695581743352,79,0
39.39,-0.0018369668243352,79,0
39.392,-0.0014730956243352,79,0
39.394,-0.0011092244243352,79,0
39.396,-0.0011814251243352,79,0
39.398,-0.0015564525243352,79,0
39.4,-0.0015239035243352,79,0
39.402,-0.0014913545243352,79,0
39.404,-0.0014588055243352,79,0
39.406,-0.0014262565243352,79,0
39.408,-0.0011006213243352,79,0
39.41,-0.0011383430743352,79,0
39.412,-0.0011760648243352,79,0
39.414,-0.0013059220243352,79,0
39.416,-0.0013929855576686,79,0
39.418,-0.0014800490910019,79,0
39.42,-0.0015671126243352,79,0
39.422,-0.0011377562243352,79,0
39.424,-0.0011727373243352,79,0
39.426,-0.0011672923243352,79,0
39.428,-0.0013099331743352,79,0
39.43,-0.0014525740243352,79,0
39.432,-0.0015952148743352,79,0
39.434,-0.0017378557243352,79,0
39.436,-0.0011641342243352,79,0
39.438,-0.0011692162243352,79,0
39.44,-0.0015386473743352,79,0
39.442,-0.0019080785243352,79,0
39.444,-0.0017151762910019,79,0
39.446,-0.0015222740576686,79,0
39.448,-0.0013293718243352,79,0
39.45,-0.0011208525243352,79,0
39.452,-0.0015583280243352,79,0
39.454,-0.0016400538443352,79,0
39.456,-0.0017217796643352,79,0
39.458,-0.0018035054843352,79,0
39.46,-0.0018852313043352,79,0
39.462,-0.0019669571243352,79,0
39.464,-0.0014196257243352,79,0
39.466,-0.0011046990243352,79,0
39.468,-0.0011992968243352,79,0
39.47,-0.0013227773243352,79,0
39.472,-0.0013946452743352,79,0
39.474,-0.0014665132243352,79,0
39.476,-0.0015383811743352,79,0
39.478,-0.0016102491243352,79,0
39.48,-0.0011622224243352,79,0
39.482,-0.0011788478243352,79,0
39.484,-0.0011834579243352,79,0
39.486,-0.0013186542493352,79,0
39.488,-0.0014538505743352,79,0
39.49,-0.0015890468993352,79,0
39.492,-0.0017242432243352,79,0
39.494,-0.0012257716243352,79,0
39.496,-0.0011532805243352,79,0
39.498,-0.0018838785243352,79,0
39.5,-0.0018791595243352,80,0
39.502,-0.0018744405243352,80,0
39.504,-0.0018697215243352,80,0
39.506,-0.0015974291743352,80,0
39.508,-0.0013251368243352,80,0
39.51,-0.0011186019243352,80,0
39.512,-0.0011925329243352,80,0
39.514,-0.0015731747243352,80,0
39.516,-0.0017080655243352,80,0
39.518,-0.0018429563243352,80,0
39.52,-0.0019778471243352,80,0
39.522,-0.0014537477243352,80,0
39.524,-0.0011401036243352,80,0
39.526,-0.0013200185243352,80,0
39.528,-0.0013826450993352,80,0
39.53,-0.0014452716743352,80,0
39.532,-0.0015078982493352,80,0
39.534,-0.0015705248243352,80,0
39.536,-0.0011694582243352,80,0
39.538,-0.0012100053243352,80,0
39.54,-0.0011995569743352,80,0
39.542,-0.0011891086243352,80,0
39.544,-0.0013293264493352,80,0
39.546,-0.0014695442743352,80,0
39.548,-0.0016097620993352,80,0
39.55,-0.0017499799243352,80,0
39.552,-0.0011627548243352,80,0
39.554,-0.0011626096243352,80,0
39.556,-0.0015113860743352,80,0
39.558,-0.0018601625243352,80,0
39.56,-0.0013416412243352,80,0
39.562,-0.0011327831243352,80,0
39.564,-0.0011846316243352,80,0
39.566,-0.0013752550243352,80,0
39.568,-0.0015658784243352,80,0
39.57,-0.0015161595243352,80,0
39.572,-0.0014664406243352,80,0
39.574,-0.0014167217243352,80,0
39.576,-0.0013670028243352,80,0
39.578,-0.0013172839243352,80,0
39.58,-0.0012675650243352,80,0
39.582,-0.0012178461243352,80,0
39.584,-0.0012764645743352,80,0
39.586,-0.0013350830243352,80,0
39.588,-0.0014250868576686,80,0
39.59,-0.0015150906910019,80,0
39.592,-0.0016050945243352,80,0
39.594,-0.0013948328243352,80,0
39.596,-0.0011845711243352,80,0
39.598,-0.0012025033243352,80,0
39.6,-0.0011892417243352,80,0
39.602,-0.0013702456243352,80,0
39.604,-0.0015512495243352,80,0
39.606,-0.0017322534243352,80,0
39.608,-0.0014515576243352,80,0
39.61,-0.0011708618243352,80,0
39.612,-0.0011725195243352,80,0
39.614,-0.0011741772243352,80,0
39.616,-0.0013488588743352,80,0
39.618,-0.0015235405243352,80,0
39.62,-0.0016982221743352,80,0
39.622,-0.0018729038243352,80,0
39.624,-0.0013319491243352,80,0
39.626,-0.0011332429243352,80,0
39.628,-0.0011932589243352,80,0
39.63,-0.0015761392243352,80,0
39.632,-0.0017166766910019,80,0
39.634,-0.0018572141576686,80,0
39.636,-0.0019977516243352,80,0
39.638,-0.0014777783243352,80,0
39.64,-0.0011588344243352,80,0
39.642,-0.0012373755243352,80,0
39.644,-0.0013400440243352,80,0
39.646,-0.0014066726743352,80,0
39.648,-0.0014733013243352,80,0
39.65,-0.0015399299743352,80,0
39.652,-0.0016065586243352,80,0
39.654,-0.0011738021243352,80,0
39.656,-0.0011850067243352,80,0
39.658,-0.0011839419243352,80,0
39.66,-0.0013243503243352,80,0
39.662,-0.0014647587243352,80,0
39.664,-0.0016051671243352,80,0
39.666,-0.0017455755243352,80,0
39.668,-0.0012597968243352,80,0
39.67,-0.0011820059243352,80,0
39.672,-0.0011621498243352,80,0
39.674,-0.0018937642243352,80,0
39.676,-0.0018772557910019,80,0
39.678,-0.0018607473576686,80,0
39.68,-0.0018442389243352,80,0
39.682,-0.0013268187243352,80,0
39.684,-0.0011257167243352,80,0
39.686,-0.0011851035243352,80,0
39.688,-0.0015616555243352,80,0
39.69,-0.0017717357243352,80,0
39.692,-0.0019818159243352,80,0
39.694,-0.0014517270243352,80,0
39.696,-0.0011366067243352,80,0
39.698,-0.0011712792743352,80,0
39.7,-0.0012059518243352,80,0
39.702,-0.0013284643243352,80,0
39.704,-0.0013893061493352,80,0
39.706,-0.0014501479743352,80,0
39.708,-0.0015109897993352,80,0
39.71,-0.0015718316243352,80,0
39.712,-0.0011618110243352,80,0
39.714,-0.0011860957243352,80,0
39.716,-0.0011766577243352,80,0
39.718,-0.0013083238743352,80,0
39.72,-0.0014399900243352,80,0
39.722,-0.0015716561743352,80,0
39.724,-0.0017033223243352,80,0
39.726,-0.0012204960243352,80,0
39.728,-0.0011666873243352,80,0
39.73,-0.0011618957243352,80,0
39.732,-0.0018770662243352,80,0
39.734,-0.0018741662576686,80,0
39.736,-0.0018712662910019,80,0
39.738,-0.0018683663243352,80,0
39.74,-0.0013465175243352,80,0
39.742,-0.0011341746243352,80,0
39.744,-0.0011913229243352,80,0
39.746,-0.0015626719243352,80,0
39.748,-0.0017003053910019,80,0
39.75,-0.0018379388576686,80,0
39.752,-0.0019755723243352,80,0
39.754,-0.0011262249243352,80,0
39.756,-0.0012089526243352,80,0
39.758,-0.0013014450243352,80,0
39.76,-0.0013718004743352,80,0
39.762,-0.0014421559243352,80,0
39.764,-0.0015125113743352,80,0
39.766,-0.0015828668243352,80,0
39.768,-0.0011570194243352,80,0
39.77,-0.0011912745243352,80,0
39.772,-0.0011667236243352,80,0
39.774,-0.0011785646843352,80,0
39.776,-0.0011904057443352,80,0
39.778,-0.0012022468043352,80,0
39.78,-0.0012140878643352,80,0
39.782,-0.0012259289243352,80,0
39.784,-0.0011623071243352,80,0
39.786,-0.0011645879743352,80,0
39.788,-0.0011668688243352,80,0
39.79,-0.0018669627243352,80,0
39.792,-0.0018616024243352,80,0
39.794,-0.0018562421243352,80,0
39.796,-0.0018508818243352,80,0
39.798,-0.0013195587243352,80,0
39.8,-0.0011832885243352,80,0
39.802,-0.0013641653743352,80,0
39.804,-0.0015450422243352,80,0
39.806,-0.0015244964243352,80,0
39.808,-0.0015039506243352,80,0
39.81,-0.0014834048243352,80,0
39.812,-0.0014628590243352,80,0
39.814,-0.0011427656243352,80,0
39.816,-0.0012070166243352,80,0
39.818,-0.0012957943243352,80,0
39.82,-0.0013929452243352,80,0
39.822,-0.0014900961243352,80,0
39.824,-0.0015872470243352,80,0
39.826,-0.0011554948243352,80,0
39.828,-0.0011874751243352,80,0
39.83,-0.0011562087243352,80,0
39.832,-0.0013047815993352,80,0
39.834,-0.0014533544743352,80,0
39.836,-0.0016019273493352,80,0
39.838,-0.0017505002243352,80,0
39.84,-0.0011697486243352,80,0
39.842,-0.0011725376743352,80,0
39.844,-0.0011753267243352,80,0
39.846,-0.0012068520643352,80,0
39.848,-0.0012383774043352,80,0
39.85,-0.0012699027443352,80,0
39.852,-0.0013014280843352,80,0
39.854,-0.0013329534243352,80,0
39.856,-0.0011389541243352,80,0
39.858,-0.0011893506243352,80,0
39.86,-0.0013626710243352,80,0
39.862,-0.0015359914243352,80,0
39.864,-0.0016892177576686,80,0
39.866,-0.0018424440910019,80,0
39.868,-0.0019956704243352,80,0
39.87,-0.0011442539243352,80,0
39.872,-0.0011854544243352,80,0
39.874,-0.0012266549243352,80,0
39.876,-0.0013526723910019,80,0
39.878,-0.0014786898576686,80,0
39.88,-0.0016047073243352,80,0
39.882,-0.0011819938243352,80,0
39.884,-0.0011830747576686,80,0
39.886,-0.0011841556910019,80,0
39.888,-0.0011852366243352,80,0
39.89,-0.0011819212243352,80,0
39.892,-0.0011786058243352,80,0
39.894,-0.0011752904243352,80,0
39.896,-0.0011719750243352,80,0
39.898,-0.0011686596243352,80,0
39.9,-0.0011672983743352,80,0
39.902,-0.0011659371243352,80,0
39.904,-0.0015176054743352,80,0
39.906,-0.0018692738243352,80,0
39.908,-0.0018802182743352,80,0
39.91,-0.0018911627243352,80,0
39.912,-0.0013418590243352,80,0
39.914,-0.0011245067243352,80,0
39.916,-0.0011543876743352,80,0
39.918,-0.0011842686243352,80,0
39.92,-0.0015366448243352,80,0
39.922,-0.0015118398243352,80,0
39.924,-0.0014870348243352,80,0
39.926,-0.0014622298243352,80,0
39.928,-0.0011372117243352,80,0
39.93,-0.0011663182743352,80,0
39.932,-0.0011954248243352,80,0
39.934,-0.0012835007243352,80,0
39.936,-0.0012374158576686,80,0
39.938,-0.0011913309910019,80,0
39.94,-0.0011452461243352,80,0
39.942,-0.0011566927243352,80,0
39.944,-0.0011681393243352,80,0
39.946,-0.0013109586493352,80,0
39.948,-0.0014537779743352,80,0
39.95,-0.0015965972993352,80,0
39.952,-0.0017394166243352,80,0
39.954,-0.0014879302243352,80,0
39.956,-0.0012364438243352,80,0
39.958,-0.0011667720243352,80,0
39.96,-0.0011556884243352,80,0
39.962,-0.0018460297243352,80,0
39.964,-0.0017201594743352,80,0
39.966,-0.0015942892243352,80,0
39.968,-0.0014684189743352,80,0
39.97,-0.0013425487243352,80,0
39.972,-0.0011358565243352,80,0
39.974,-0.0011597661243352,80,0
39.976,-0.0011836757243352,80,0
39.978,-0.0015346846243352,80,0
39.98,-0.0016843858243352,80,0
39.982,-0.0018340870243352,80,0
39.984,-0.0019837882243352,80,0
39.986,-0.0014668036243352,80,0
39.988,-0.0011356871243352,80,0
39.99,-0.0012046450243352,80,0
39.992,-0.0012903493243352,80,0
39.994,-0.0013733583493352,80,0
39.996,-0.0014563673743352,80,0
39.998,-0.0015393763993352,80,0
40.0,-0.0016223854243352,81,0
40.002,-0.0013882201743352,81,0
40.004,-0.0011540549243352,81,0
40.006,-0.0011742135243352,81,0
40.008,-0.0011943721243352,81,0
40.01,-0.0012145307243352,81,0
40.012,-0.0011411079243352,81,0
40.014,-0.0011619078243352,81,0
40.016,-0.0018611668243352,81,0
40.018,-0.0018704910843352,81,0
40.02,-0.0018798153443352,81,0
40.022,-0.0018891396043352,81,0
40.024,-0.0018984638643352,81,0
40.026,-0.0019077881243352,81,0
40.028,-0.0013474855243352,81,0
40.03,-0.0015060318243352,81,0
40.032,-0.0016695028243352,81,0
40.034,-0.0018329738243352,81,0
40.036,-0.0019964448243352,81,0
40.038,-0.0014580795243352,81,0
40.04,-0.0013421332910019,81,0
40.042,-0.0012261870576686,81,0
40.044,-0.0011102408243352,81,0
40.046,-0.0012824480243352,81,0
40.048,-0.0012430221910019,81,0
40.05,-0.0012035963576686,81,0
40.052,-0.0011641705243352,81,0
40.054,-0.0011861683243352,81,0
40.056,-0.0011951136814781,81,0
40.058,-0.001204059038621,81,0
40.06,-0.0012130043957638,81,0
40.062,-0.0012219497529067,81,0
40.064,-0.0012308951100495,81,0
40.066,-0.0012398404671924,81,0
40.068,-0.0012487858243352,81,0
40.07,-0.0011610245243352,81,0
40.072,-0.0011658040243352,81,0
40.074,-0.0011705835243352,81,0
40.076,-0.0015075745743352,81,0
40.078,-0.0018445656243352,81,0
40.08,-0.0018607513910019,81,0
40.082,-0.0018769371576686,81,0
40.084,-0.0018931229243352,81,0
40.086,-0.0013493247243352,81,0
40.088,-0.0011363526243352,81,0
40.09,-0.0011909599243352,81,0
40.092,-0.0012514817043352,81,0
40.094,-0.0013120034843352,81,0
40.096,-0.0013725252643352,81,0
40.098,-0.0014330470443352,81,0
40.1,-0.0014935688243352,81,0
40.102,-0.0011629121243352,81,0
40.104,-0.0013111976243352,81,0
40.106,-0.0013900865993352,81,0
40.108,-0.0014689755743352,81,0
40.11,-0.0015478645493352,81,0
40.112,-0.0016267535243352,81,0
40.114,-0.0011855512243352,81,0
40.116,-0.0011809048243352,81,0
40.118,-0.0011762584243352,81,0
40.12,-0.0011716120243352,81,0
40.122,-0.0013616828576686,81,0
40.124,-0.0015517536910019,81,0
40.126,-0.0017418245243352,81,0
40.128,-0.0014872526243352,81,0
40.13,-0.0012326807243352,81,0
40.132,-0.0011482711243352,81,0
40.134,-0.0011453550243352,81,0
40.136,-0.0018299972243352,81,0
40.138,-0.0018554495743352,81,0
40.14,-0.0018809019243352,81,0
40.142,-0.0013399109243352,81,0
40.144,-0.0012540009243352,81,0
40.146,-0.0011680909243352,81,0
40.148,-0.0013750644493352,81,0
40.15,-0.0015820379743352,81,0
40.152,-0.0017890114993352,81,0
40.154,-0.0019959850243352,81,0
40.156,-0.0014801862243352,81,0
40.158,-0.0011317062243352,81,0
40.16,-0.0012920312243352,81,0
40.162,-0.0012724897243352,81,0
40.164,-0.0012529482243352,81,0
40.166,-0.0012334067243352,81,0
40.168,-0.0012138652243352,81,0
40.17,-0.0011943237243352,81,0
40.172,-0.0011747822243352,81,0
40.174,-0.0011874872243352,81,0
40.176,-0.0012001922243352,81,0
40.178,-0.0011761616243352,81,0
40.18,-0.0013811275576686,81,0
40.182,-0.0015860934910019,81,0
40.184,-0.0017910594243352,81,0
40.186,-0.0011421727243352,81,0
40.188,-0.0011632509243352,81,0
40.19,-0.0013436558743352,81,0
40.192,-0.0015240608243352,81,0
40.194,-0.0017044657743352,81,0
40.196,-0.0018848707243352,81,0
40.198,-0.0016179084243352,81,0
40.2,-0.0013509461243352,81,0
40.202,-0.0012362320743352,81,0
40.204,-0.0011215180243352,81,0
40.206,-0.0015123964243352,81,0
40.208,-0.0014354138043352,81,0
40.21,-0.0013584311843352,81,0
40.212,-0.0012814485643352,81,0
40.214,-0.0012044659443352,81,0
40.216,-0.0011274833243352,81,0
40.218,-0.0011695126743352,81,0
40.22,-0.0012115420243352,81,0
40.222,-0.0012896717243352,81,0
40.224,-0.0013959500576686,81,0
40.226,-0.0015022283910019,81,0
40.228,-0.0016085067243352,81,0
40.23,-0.0011552407243352,81,0
40.232,-0.0011588949243352,81,0
40.234,-0.0011625491243352,81,0
40.236,-0.0012811533243352,81,0
40.238,-0.0013997575243352,81,0
40.24,-0.0015183617243352,81,0
40.242,-0.0016369659243352,81,0
40.244,-0.0017555701243352,81,0
40.246,-0.0012478541243352,81,0
40.248,-0.0011535588243352,81,0
40.25,-0.0011658403243352,81,0
40.252,-0.0018362892243352,81,0
40.254,-0.0018634012910019,81,0
40.256,-0.0018905133576686,81,0
40.258,-0.0019176254243352,81,0
40.26,-0.0011117049243352,81,0
40.262,-0.0015232380243352,81,0
40.264,-0.0015023836743352,81,0
40.266,-0.0014815293243352,81,0
40.268,-0.0013340908243352,81,0
40.27,-0.0011866523243352,81,0
40.272,-0.0012802216243352,81,0
40.274,-0.0013214296868352,81,0
40.276,-0.0013626377493352,81,0
40.278,-0.0014038458118352,81,0
40.28,-0.0014450538743352,81,0
40.282,-0.0014862619368352,81,0
40.284,-0.0015274699993352,81,0
40.286,-0.0015686780618352,81,0
40.288,-0.0016098861243352,81,0
40.29,-0.0011782065243352,81,0
40.292,-0.0011598024243352,81,0
40.294,-0.0013061851993352,81,0
40.296,-0.0014525679743352,81,0
40.298,-0.0015989507493352,81,0
40.3,-0.0017453335243352,81,0
40.302,-0.0011286570243352,81,0
40.304,-0.0011526755243352,81,0
40.306,-0.0014827332743352,81,0
40.308,-0.0018127910243352,81,0
40.31,-0.0018393787576686,81,0
40.312,-0.0018659664910019,81,0
40.314,-0.0018925542243352,81,0
40.316,-0.0016172489743352,81,0
40.318,-0.0013419437243352,81,0
40.32,-0.0011106159243352,81,0
40.322,-0.0014871800243352,81,0
40.324,-0.0014822940443352,81,0
40.326,-0.0014774080643352,81,0
40.328,-0.0014725220843352,81,0
40.33,-0.0014676361043352,81,0
40.332,-0.0014627501243352,81,0
40.334,-0.0011796585243352,81,0
40.336,-0.0012636470443352,81,0
40.338,-0.0013476355643352,81,0
40.34,-0.0014316240843352,81,0
40.342,-0.0015156126043352,81,0
40.344,-0.0015996011243352,81,0
40.346,-0.0011759317243352,81,0
40.348,-0.0011685870243352,81,0
40.35,-0.0011612423243352,81,0
40.352,-0.0011538976243352,81,0
40.354,-0.0013498974576686,81,0
40.356,-0.0015458972910019,81,0
40.358,-0.0017418971243352,81,0
40.36,-0.0014804887243352,81,0
40.362,-0.0012190803243352,81,0
40.364,-0.0011098415243352,81,0
40.366,-0.0011415677243352,81,0
40.368,-0.0017902729243352,81,0
40.37,-0.0018269681910019,81,0
40.372,-0.0018636634576686,81,0
40.374,-0.0019003587243352,81,0
40.376,-0.0011393897243352,81,0
40.378,-0.0012051169243352,81,0
40.38,-0.0014865871243352,81,0
40.382,-0.0014819104743352,81,0
40.384,-0.0014772338243352,81,0
40.386,-0.0014725571743352,81,0
40.388,-0.0014678805243352,81,0
40.39,-0.0011284634243352,81,0
40.392,-0.0011678489243352,81,0
40.394,-0.0012072344243352,81,0
40.396,-0.0012858553843352,81,0
40.398,-0.0013644763443352,81,0
40.4,-0.0014430973043352,81,0
40.402,-0.0015217182643352,81,0
40.404,-0.0016003392243352,81,0
40.406,-0.0011607583243352,81,0
40.408,-0.0011528570243352,81,0
40.41,-0.0011449557243352,81,0
40.412,-0.0012929871243352,81,0
40.414,-0.0014410185243352,81,0
40.416,-0.0015890499243352,81,0
40.418,-0.0017370813243352,81,0
40.42,-0.0011302300243352,81,0
40.422,-0.0011412652243352,81,0
40.424,-0.0014545523743352,81,0
40.426,-0.0017678395243352,81,0
40.428,-0.0018186232243352,81,0
40.43,-0.0018694069243352,81,0
40.432,-0.0016069760743352,81,0
40.434,-0.0013445452243352,81,0
40.436,-0.0014899630243352,81,0
40.438,-0.0015897517243352,81,0
40.44,-0.0016895404243352,81,0
40.442,-0.0017893291243352,81,0
40.444,-0.0018891178243352,81,0
40.446,-0.0019889065243352,81,0
40.448,-0.0011235750243352,81,0
40.45,-0.0011580479243352,81,0
40.452,-0.0011925208243352,81,0
40.454,-0.0012542187243352,81,0
40.456,-0.0013421282493352,81,0
40.458,-0.0014300377743352,81,0
40.46,-0.0015179472993352,81,0
40.462,-0.0016058568243352,81,0
40.464,-0.0011510057243352,81,0
40.466,-0.0011696639243352,81,0
40.468,-0.0011493722243352,81,0
40.47,-0.0014594286743352,81,0
40.472,-0.0017694851243352,81,0
40.474,-0.0012554650243352,81,0
40.476,-0.0011990124743352,81,0
40.478,-0.0011425599243352,81,0
40.48,-0.0011547325243352,81,0
40.482,-0.0014677595243352,81,0
40.484,-0.0017807865243352,81,0
40.486,-0.0016352880576686,81,0
40.488,-0.0014897895910019,81,0
40.49,-0.0013442911243352,81,0
40.492,-0.0012298009243352,81,0
40.494,-0.0011153107243352,81,0
40.496,-0.0014619999243352,81,0
40.498,-0.0014666584243352,81,0
40.5,-0.0014713169243352,82,0
40.502,-0.0014759754243352,82,0
40.504,-0.0011210461243352,82,0
40.506,-0.0011537282243352,82,0
40.508,-0.0011864103243352,82,0
40.51,-0.0012560639743352,82,0
40.512,-0.0013257176243352,82,0
40.514,-0.0013953712743352,82,0
40.516,-0.0014650249243352,82,0
40.518,-0.0015346785743352,82,0
40.52,-0.0016043322243352,82,0
40.522,-0.0011831191243352,82,0
40.524,-0.0011457664243352,82,0
40.526,-0.0012655177043352,82,0
40.528,-0.0013852689843352,82,0
40.53,-0.0015050202643352,82,0
40.532,-0.0016247715443352,82,0
40.534,-0.0017445228243352,82,0
40.536,-0.0011530022243352,82,0
40.538,-0.0013344296243352,82,0
40.54,-0.0015158570243352,82,0
40.542,-0.0016972844243352,82,0
40.544,-0.0018787118243352,82,0
40.546,-0.0013505589243352,82,0
40.548,-0.0011045538243352,82,0
40.55,-0.0011405392243352,82,0
40.552,-0.0011765246243352,82,0
40.554,-0.0012253319910019,82,0
40.556,-0.0012741393576686,82,0
40.558,-0.0013229467243352,82,0
40.56,-0.0013717540910019,82,0
40.562,-0.0014205614576686,82,0
40.564,-0.0014693688243352,82,0
40.566,-0.0011266605243352,82,0
40.568,-0.0011959693243352,82,0
40.57,-0.0012343747243352,82,0
40.572,-0.0013380051743352,82,0
40.574,-0.0014416356243352,82,0
40.576,-0.0015452660743352,82,0
40.578,-0.0016488965243352,82,0
40.58,-0.0011855028243352,82,0
40.582,-0.0011754658743352,82,0
40.584,-0.0011654289243352,82,0
40.586,-0.0013616223576686,82,0
40.588,-0.0015578157910019,82,0
40.59,-0.0017540092243352,82,0
40.592,-0.0015070361243352,82,0
40.594,-0.0012600630243352,82,0
40.596,-0.0011536798243352,82,0
40.598,-0.0011450646243352,82,0
40.6,-0.0013928322910019,82,0
40.602,-0.0016405999576686,82,0
40.604,-0.0018883676243352,82,0
40.606,-0.0013467474243352,82,0
40.608,-0.0012298372243352,82,0
40.61,-0.0011129270243352,82,0
40.612,-0.0014502629243352,82,0
40.614,-0.0014600711843352,82,0
40.616,-0.0014698794443352,82,0
40.618,-0.0014796877043352,82,0
40.62,-0.0014894959643352,82,0
40.622,-0.0014993042243352,82,0
40.624,-0.0012003979243352,82,0
40.626,-0.0012468135243352,82,0
40.628,-0.0013244350243352,82,0
40.63,-0.0014020565243352,82,0
40.632,-0.0014796780243352,82,0
40.634,-0.0015572995243352,82,0
40.636,-0.0016349210243352,82,0
40.638,-0.0011798763243352,82,0
40.64,-0.0011472910243352,82,0
40.642,-0.0013007885993352,82,0
40.644,-0.0014542861743352,82,0
40.646,-0.0016077837493352,82,0
40.648,-0.0017612813243352,82,0
40.65,-0.0015022324243352,82,0
40.652,-0.0012431835243352,82,0
40.654,-0.0011347917243352,82,0
40.656,-0.0017471606243352,82,0
40.658,-0.0016519850493352,82,0
40.66,-0.0015568094743352,82,0
40.662,-0.0014616338993352,82,0
40.664,-0.0013664583243352,82,0
40.666,-0.0013965752243352,82,0
40.668,-0.0014266921243352,82,0
40.67,-0.0014568090243352,82,0
40.672,-0.0013454365910019,82,0
40.674,-0.0012340641576686,82,0
40.676,-0.0011226917243352,82,0
40.678,-0.0011906574243352,82,0
40.68,-0.0012199817743352,82,0
40.682,-0.0012493061243352,82,0
40.684,-0.0013456009493352,82,0
40.686,-0.0014418957743352,82,0
40.688,-0.0015381905993352,82,0
40.69,-0.0016344854243352,82,0
40.692,-0.0014071385243352,82,0
40.694,-0.0011797916243352,82,0
40.696,-0.0011939002243352,82,0
40.698,-0.0013092446843352,82,0
40.7,-0.0014245891443352,82,0
40.702,-0.0015399336043352,82,0
40.704,-0.0016552780643352,82,0
40.706,-0.0017706225243352,82,0
40.708,-0.0011532442243352,82,0
40.71,-0.0011581931243352,82,0
40.712,-0.0017379525243352,82,0
40.714,-0.0015839013743352,82,0
40.716,-0.0014298502243352,82,0
40.718,-0.0012757990743352,82,0
40.72,-0.0011217479243352,82,0
40.722,-0.0011570920243352,82,0
40.724,-0.0011924361243352,82,0
40.726,-0.0014452051243352,82,0
40.728,-0.0014589023243352,82,0
40.73,-0.0014725995243352,82,0
40.732,-0.0011259466243352,82,0
40.734,-0.0011981594243352,82,0
40.736,-0.0012581408529067,82,0
40.738,-0.0013181222814781,82,0
40.74,-0.0013781037100495,82,0
40.742,-0.001438085138621,82,0
40.744,-0.0014980665671924,82,0
40.746,-0.0015580479957638,82,0
40.748,-0.0016180294243352,82,0
40.75,-0.0011495779243352,82,0
40.752,-0.0011527360243352,82,0
40.754,-0.0011698623643352,82,0
40.756,-0.0011869887043352,82,0
40.758,-0.0012041150443352,82,0
40.76,-0.0012212413843352,82,0
40.762,-0.0012383677243352,82,0
40.764,-0.0011776801743352,82,0
40.766,-0.0011169926243352,82,0
40.768,-0.0011247366243352,82,0
40.77,-0.0017408202243352,82,0
40.772,-0.0018178064743352,82,0
40.774,-0.0018947927243352,82,0
40.776,-0.0013602147243352,82,0
40.778,-0.0011250149243352,82,0
40.78,-0.0011561966243352,82,0
40.782,-0.0011873783243352,82,0
40.784,-0.0014234130243352,82,0
40.786,-0.0014363388493352,82,0
40.788,-0.0014492646743352,82,0
40.79,-0.0014621904993352,82,0
40.792,-0.0014751163243352,82,0
40.794,-0.0011617747243352,82,0
40.796,-0.0011653180076686,82,0
40.798,-0.0011688612910019,82,0
40.8,-0.0011724045743352,82,0
40.802,-0.0011759478576686,82,0
40.804,-0.0011794911410019,82,0
40.806,-0.0011830344243352,82,0
40.808,-0.0011589796243352,82,0
40.81,-0.0011447621243352,82,0
40.812,-0.0011305446243352,82,0
40.814,-0.0013533540243352,82,0
40.816,-0.0015761634243352,82,0
40.818,-0.0017989728243352,82,0
40.82,-0.0012419009243352,82,0
40.822,-0.0011402730243352,82,0
40.824,-0.0014314232243352,82,0
40.826,-0.0017225734243352,82,0
40.828,-0.0018132447743352,82,0
40.83,-0.0019039161243352,82,0
40.832,-0.0017229807910019,82,0
40.834,-0.0015420454576686,82,0
40.836,-0.0013611101243352,82,0
40.838,-0.0011085468243352,82,0
40.84,-0.0014501056243352,82,0
40.842,-0.0014545414843352,82,0
40.844,-0.0014589773443352,82,0
40.846,-0.0014634132043352,82,0
40.848,-0.0014678490643352,82,0
40.85,-0.0014722849243352,82,0
40.852,-0.0011271687243352,82,0
40.854,-0.0012012812243352,82,0
40.856,-0.0012233153243352,82,0
40.858,-0.0012019023576686,82,0
40.86,-0.0011804893910019,82,0
40.862,-0.0011590764243352,82,0
40.864,-0.0011529175243352,82,0
40.866,-0.0011439635243352,82,0
40.868,-0.0011350095243352,82,0
40.87,-0.0012608737243352,82,0
40.872,-0.0013867379243352,82,0
40.874,-0.0015126021243352,82,0
40.876,-0.0016384663243352,82,0
40.878,-0.0017643305243352,82,0
40.88,-0.0012530087243352,82,0
40.882,-0.0011399705243352,82,0
40.884,-0.0011585924243352,82,0
40.886,-0.0017081381243352,82,0
40.888,-0.0017709129243352,82,0
40.89,-0.0018336877243352,82,0
40.892,-0.0018964625243352,82,0
40.894,-0.0013560523243352,82,0
40.896,-0.0011030413243352,82,0
40.898,-0.0012007367243352,82,0
40.9,-0.0014326816243352,82,0
40.902,-0.0014520022993352,82,0
40.904,-0.0014713229743352,82,0
40.906,-0.0014906436493352,82,0
40.908,-0.0015099643243352,82,0
40.91,-0.0011349127243352,82,0
40.912,-0.0011948561243352,82,0
40.914,-0.0012059518243352,82,0
40.916,-0.0013131033743352,82,0
40.918,-0.0014202549243352,82,0
40.92,-0.0015274064743352,82,0
40.922,-0.0016345580243352,82,0
40.924,-0.0011648360243352,82,0
40.926,-0.0011545086743352,82,0
40.928,-0.0011441813243352,82,0
40.93,-0.0013042612993352,82,0
40.932,-0.0014643412743352,82,0
40.934,-0.0016244212493352,82,0
40.936,-0.0017845012243352,82,0
40.938,-0.0012404610243352,82,0
40.94,-0.0011112935243352,82,0
40.942,-0.0011585319243352,82,0
40.944,-0.0017139824243352,82,0
40.946,-0.0017770314910019,82,0
40.948,-0.0018400805576686,82,0
40.95,-0.0019031296243352,82,0
40.952,-0.0011135078243352,82,0
40.954,-0.0011988854243352,82,0
40.956,-0.0014354162243352,82,0
40.958,-0.0014440991843352,82,0
40.96,-0.0014527821443352,82,0
40.962,-0.0014614651043352,82,0
40.964,-0.0014701480643352,82,0
40.966,-0.0014788310243352,82,0
40.968,-0.0011011295243352,82,0
40.97,-0.0011841839243352,82,0
40.972,-0.0012320394243352,82,0
40.974,-0.0013391425743352,82,0
40.976,-0.0014462457243352,82,0
40.978,-0.0015533488743352,82,0
40.98,-0.0016604520243352,82,0
40.982,-0.0011713095243352,82,0
40.984,-0.0012728910410019,82,0
40.986,-0.0013744725576686,82,0
40.988,-0.0014760540743352,82,0
40.99,-0.0015776355910019,82,0
40.992,-0.0016792171076686,82,0
40.994,-0.0017807986243352,82,0
40.996,-0.0012443814243352,82,0
40.998,-0.0011458632243352,82,0