t_s,sinal_filtrado,janela
0.0,-0.0013546744725955982,1
0.002,-0.0013546744725955982,1
0.004,-0.0009264917725956,1
0.006,-0.0009422459725955991,1
0.008,-0.0012278543725955972,1
0.01,-0.0012981795725955977,1
0.012,-0.001368504772595598,1
0.014,-0.0014388299725955987,1
0.016,-0.0015091551725955991,1
0.018,-0.0009725685725955976,1
0.02,-0.0009294078725955984,1
0.022,-0.0010383683725956015,1
0.024,-0.0011927764725956007,1
0.026,-0.0013471845725955998,1
0.028,-0.0015015926725955987,1
0.03,-0.001656000772595598,1
0.032,-0.0010516299725955996,1
0.034,-0.0009164850725955978,1
0.036,-0.0009374543725955976,1
0.038,-0.0017926702725956003,1
0.04,-0.0018041773725956,1
0.042,-0.0018156844725955989,1
0.044,-0.0018271915725955985,1
0.046,-0.0008742681725955986,1
0.048,-0.000890143372595598,1
0.05,-0.0009060185725955974,1
0.052,-0.0014346796725955967,1
0.054,-0.0017087265225955977,1
0.056,-0.001982773372595598,1
0.058,-0.0013381942725955995,1
0.06,-0.0011187607725955992,1
0.062,-0.0008993272725955991,1
0.064,-0.0009518049725955983,1
0.066,-0.0011958619725955973,1
0.068,-0.0012665622725955975,1
0.07,-0.001337262572595598,1
0.072,-0.0014079628725955987,1
0.07399999999999998,-0.0014786631725955991,1
0.076,-0.0009528576725955986,1
0.078,-0.000933134672595596,1
0.08,-0.0010313745725956008,1
0.082,-0.0011923862475956004,1
0.084,-0.0013533979225955999,1
0.08599999999999998,-0.0015144095975955993,1
0.08799999999999998,-0.0016754212725955987,1
0.08999999999999998,-0.0010621569725955977,1
0.092,-0.0009128913725955975,1
0.094,-0.0009357966725956,1
0.096,-0.0017943642725955968,1
0.098,-0.0015974085392622636,1
0.1,-0.0014004528059289303,1
0.102,-0.0012034970725955975,1
0.104,-0.0010516662725955975,1
0.106,-0.0008998354725955979,1
0.108,-0.0009585930725956003,1
0.11,-0.0014850640725955974,1
0.112,-0.0016559080059289307,1
0.114,-0.001826751939262264,1
0.116,-0.001997595872595598,1
0.118,-0.0013517462725955995,1
0.12,-0.0009059096725955972,1
0.122,-0.0009391483725956007,1
0.124,-0.0011669429725955985,1
0.126,-0.0011144834225955984,1
0.128,-0.0010620238725955987,1
0.13,-0.0010095643225955988,1
0.132,-0.0009571047725955989,1
0.134,-0.0009994305725955985,1
0.136,-0.0011102020392622651,1
0.138,-0.001220973505928932,1
0.14,-0.0013317449725955988,1
0.142,-0.0014425164392622657,1
0.144,-0.0015532879059289323,1
0.146,-0.0016640593725955992,1
0.148,-0.0010490526725955972,1
0.15,-0.0008917526725955999,1
0.152,-0.0009335823725955955,1
0.154,-0.0017569147725955987,1
0.156,-0.0017716283725955986,1
0.158,-0.0017863419725955988,1
0.16,-0.0018010555725955987,1
0.162,-0.0008690046725955985,1
0.164,-0.0009209015725955978,1
0.166,-0.0011814327225955984,1
0.168,-0.0014419638725955992,1
0.17,-0.0016935652225955984,1
0.172,-0.0019451665725955971,1
0.174,-0.0013326161725955975,1
0.176,-0.0011299774725955997,1
0.178,-0.0009273387725956017,1
0.18,-0.0010423371725956,1
0.182,-0.0011573355725955983,1
0.184,-0.0012439382975955988,1
0.186,-0.0013305410225955992,1
0.188,-0.0014171437475955996,1
0.19,-0.0015037464725956,1
0.192,-0.0009798527725955984,1
0.194,-0.0009325296725955985,1
0.196,-0.0009917107725956019,1
0.198,-0.001160163947595601,1
0.2,-0.0013286171225956,1
0.202,-0.0014970702975955993,1
0.204,-0.0016655234725955984,1
0.206,-0.001051315372595599,1
0.208,-0.0008815039725955982,1
0.21,-0.0009286697725955985,1
0.212,-0.0017484568725956006,1
0.214,-0.0017745969059289335,1
0.216,-0.0018007369392622663,1
0.218,-0.0018268769725955996,1
0.22,-0.0011857342725955997,1
0.222,-0.0008926964725955998,1
0.224,-0.0009376963725955984,1
0.226,-0.0014328888725956,1
0.228,-0.0014036270392622664,1
0.23,-0.0013743652059289323,1
0.232,-0.0013451033725955987,1
0.234,-0.0009317068725955992,1
0.236,-0.0009636266725955993,1
0.238,-0.0011771674725955979,1
0.24,-0.0011281049975955977,1
0.242,-0.0010790425225955975,1
0.244,-0.0010299800475955972,1
0.246,-0.0009809175725955972,1
0.248,-0.0009488767725956,1
0.25,-0.0009753092225955989,1
0.252,-0.0010017416725955975,1
0.254,-0.001174018447595598,1
0.256,-0.001346295222595598,1
0.258,-0.0015185719975955984,1
0.26,-0.0016908487725955986,1
0.262,-0.0010942340725956009,1
0.264,-0.0009431050725955992,1
0.266,-0.001730149572595598,1
0.268,-0.0016008187225955979,1
0.27,-0.0014714878725955978,1
0.272,-0.0013421570225955976,1
0.274,-0.0012128261725955975,1
0.276,-0.0009118265725955986,1
0.278,-0.0009313015225955984,1
0.28,-0.0009507764725955984,1
0.282,-0.0014089187725956007,1
0.284,-0.0016046725725955995,1
0.286,-0.0018004263725955986,1
0.288,-0.0019961801725955977,1
0.29,-0.0013711183725955995,1
0.292,-0.0009269757725956004,1
0.294,-0.000952676172595597,1
0.296,-0.0011601064725955956,1
0.298,-0.0012662022975955963,1
0.3,-0.0013722981225955967,1
0.302,-0.0014783939475955976,1
0.304,-0.0015844897725955983,1
0.306,-0.0009991764725955988,1
0.308,-0.0010120085225955987,1
0.31,-0.0010248405725955991,1
0.312,-0.001037672622595599,1
0.314,-0.001050504672595599,1
0.316,-0.0010633367225955993,1
0.318,-0.0010761687725955992,1
0.32,-0.0009071196725956003,1
0.322,-0.0009364500725955981,1
0.324,-0.001340934922595599,1
0.326,-0.0017454197725956,1
0.328,-0.0017892742059289327,1
0.33,-0.0018331286392622651,1
0.332,-0.0018769830725955984,1
0.334,-0.0009122016725955985,1
0.336,-0.0009484169725955985,1
0.338,-0.0011767560725955987,1
0.34,-0.0014050951725955996,1
0.342,-0.001285447347595599,1
0.344,-0.0011657995225955982,1
0.346,-0.0010461516975955975,1
0.348,-0.0009265038725955968,1
0.35,-0.0009397049725955971,1
0.352,-0.0011343092725955954,1
0.354,-0.001223033732595596,1
0.356,-0.0013117581925955967,1
0.358,-0.0014004826525955976,1
0.36,-0.001489207112595598,1
0.362,-0.0015779315725955988,1
0.364,-0.0009803367725955967,1
0.366,-0.000984124072595599,1
0.368,-0.0011381522325955987,1
0.37,-0.0012921803925955988,1
0.372,-0.0014462085525955987,1
0.374,-0.0016002367125955983,1
0.376,-0.0017542648725955984,1
0.378,-0.0010966419725955967,1
0.38,-0.0008964595725955981,1
0.382,-0.0009545637725956006,1
0.384,-0.0017331382725955993,1
0.386,-0.0017922709725955988,1
0.388,-0.001851403672595598,1
0.39,-0.0019105363725955976,1
0.392,-0.0012331420725955992,1
0.394,-0.0009535957725955967,1
0.396,-0.0011802287725955988,1
0.398,-0.0014068617725956007,1
0.4,-0.0014057576475956,1
0.402,-0.0014046535225955992,1
0.404,-0.0014035493975955984,1
0.406,-0.0014024452725955976,1
0.408,-0.0009263102725955984,1
0.41,-0.0009372849725955977,1
0.412,-0.0011215679725955982,1
0.414,-0.0012307371975955983,1
0.416,-0.0013399064225955984,1
0.418,-0.0014490756475955984,1
0.42,-0.0015582448725955985,1
0.422,-0.0010082756725956,1
0.424,-0.0009410722725955983,1
0.426,-0.001096155552595598,1
0.428,-0.001251238832595598,1
0.43,-0.001406322112595598,1
0.432,-0.0015614053925955978,1
0.434,-0.0017164886725955977,1
0.436,-0.0011099519725955992,1
0.438,-0.000899424072595599,1
0.44,-0.0009279195725955986,1
0.442,-0.0016754575725955977,1
0.444,-0.0017524418059289308,1
0.446,-0.0018294260392622643,1
0.448,-0.0019064102725955977,1
0.45,-0.0012550309725955983,1
0.452,-0.0009114514725955987,1
0.454,-0.0009712012725956002,1
0.456,-0.0013709247725956011,1
0.458,-0.0013834482725956,1
0.46,-0.001395971772595599,1
0.462,-0.001408495272595598,1
0.464,-0.0011708573225955995,1
0.466,-0.0009332193725956007,1
0.468,-0.0009494938725955992,1
0.47,-0.0011501118725955953,1
0.472,-0.001260793597595596,1
0.474,-0.0013714753225955963,1
0.476,-0.0014821570475955972,1
0.478,-0.0015928387725955978,1
0.48,-0.0010061944725956,1
0.482,-0.0009383618725955968,1
0.484,-0.0009832407725955984,1
0.486,-0.001173089772595598,1
0.488,-0.001362938772595598,1
0.49,-0.0015527877725955977,1
0.492,-0.0017426367725955974,1
0.494,-0.0011276784725956016,1
0.496,-0.0009231763725955981,1
0.498,-0.001670496572595598,1
0.5,-0.001714655522595598,2
0.502,-0.001758814472595598,2
0.504,-0.001802973422595598,2
0.506,-0.001847132372595598,2
0.508,-0.0012298145725955986,2
0.51,-0.0009054498725955971,2
0.512,-0.0009309082725956002,2
0.514,-0.0010304791725955996,2
0.516,-0.0011300500725955995,2
0.518,-0.0012296209725955992,2
0.52,-0.001329191872595599,2
0.522,-0.0014287627725955987,2
0.524,-0.0009435285725956,2
0.526,-0.0009265522725955995,2
0.528,-0.0010914994725956008,2
0.53,-0.0012145564725956003,2
0.532,-0.0013376134725956003,2
0.534,-0.0014606704725956,2
0.536,-0.0015837274725955999,2
0.538,-0.0010050207725955992,2
0.54,-0.0009252212725955992,2
0.542,-0.0009663854725955982,2
0.544,-0.0019945103725956,2
0.546,-0.0019143761059289327,2
0.548,-0.0018342418392622655,2
0.55,-0.0017541075725955987,2
0.552,-0.0011278478725955995,2
0.554,-0.0009128066725955994,2
0.556,-0.0009510426725955964,2
0.558,-0.0016684879725955976,2
0.56,-0.0017510906392622647,2
0.562,-0.0018336933059289323,2
0.564,-0.0019162959725956,2
0.566,-0.0012761938725955983,2
0.568,-0.0009075189725955971,2
0.57,-0.0009566086725955984,2
0.572,-0.0013499675725955965,2
0.574,-0.0013720863725955967,2
0.576,-0.0013942051725955975,2
0.578,-0.001416323972595598,2
0.58,-0.0014384427725955985,2
0.582,-0.0009591375725955982,2
0.584,-0.0010304791725955983,2
0.586,-0.0011018207725955985,2
0.588,-0.0012197715725955982,2
0.59,-0.001337722372595598,2
0.592,-0.0014556731725955975,2
0.594,-0.0015736239725955975,2
0.596,-0.0009119717725955978,2
0.598,-0.000923563572595599,2
0.6,-0.0009351553725956001,2
0.602,-0.0011206362725955997,2
0.604,-0.0013061171725955991,2
0.606,-0.0014915980725955984,2
0.608,-0.001677078972595598,2
0.61,-0.0010332742725955996,2
0.612,-0.0007814248725955991,2
0.614,-0.0014914286725956002,2
0.616,-0.0015505280975955998,2
0.618,-0.0016096275225955991,2
0.62,-0.0016687269475955987,2
0.622,-0.0017278263725955985,2
0.624,-0.0010727565725955988,2
0.626,-0.0006617800725955985,2
0.628,-0.000695599572595601,2
0.63,-0.0010788791725955989,2
0.632,-0.0014448073725955987,2
0.634,-0.0018107355725955985,2
0.636,-0.0011868958725955983,2
0.638,-0.0009309929725955981,2
0.64,-0.0006750900725955977,2
0.642,-0.0006707582725955959,2
0.644,-0.0008329224725955979,2
0.646,-0.0011865651392622648,2
0.648,-0.0015402078059289317,2
0.65,-0.0018938504725955988,2
0.652,-0.001334056072595598,2
0.654,-0.0007514652725955969,2
0.656,-0.0006622398725955967,2
0.658,-0.0007014438725955995,2
0.66,-0.0016886949725955988,2
0.662,-0.001998987372595599,2
0.664,-0.0017341546725955987,2
0.666,-0.0014693219725955987,2
0.668,-0.0006321713725955993,2
0.67,-0.0006540058225955993,2
0.672,-0.0006758402725955992,2
0.674,-0.000999644339262266,2
0.676,-0.001323448405928933,2
0.678,-0.0016472524725956,2
0.68,-0.001006751072595598,2
0.682,-0.0006450457725955972,2
0.684,-0.0006838867725956002,2
0.686,-0.0008506913225956003,2
0.688,-0.0010174958725956,2
0.69,-0.0012858980725955996,2
0.692,-0.001554300272595599,2
0.694,-0.0018227024725955988,2
0.696,-0.0012125115725955989,2
0.698,-0.0006867786725955963,2
0.7,-0.000753256072595597,2
0.702,-0.0008197334725955976,2
0.704,-0.0019732748725955966,2
0.706,-0.001943454422595598,2
0.708,-0.0019136339725955992,2
0.71,-0.0006779577725955985,2
0.712,-0.0011828907725955993,2
0.714,-0.0016878237725956,2
0.716,-0.0016554586925955999,2
0.718,-0.0016230936125955996,2
0.72,-0.0015907285325955996,2
0.7219999999999999,-0.0015583634525955991,2
0.7239999999999999,-0.001525998372595599,2
0.7259999999999999,-0.0008921398725956,2
0.728,-0.0006467518725955992,2
0.73,-0.0006860889725955992,2
0.732,-0.0013430221725955968,2
0.734,-0.0012452219059289303,2
0.736,-0.0011474216392622638,2
0.738,-0.001049621372595597,2
0.74,-0.0008857994725955978,2
0.742,-0.0007219775725955981,2
0.744,-0.0009354070525955978,2
0.746,-0.0011488365325955977,2
0.748,-0.0013622660125955975,2
0.75,-0.0015756954925955976,2
0.752,-0.0017891249725955972,2
0.754,-0.0011952327725955978,2
0.756,-0.0007077479725955977,2
0.758,-0.0007169439725955988,2
0.76,-0.000809315372595598,2
0.762,-0.0011816727059289316,2
0.764,-0.0015540300392622647,2
0.766,-0.0019263873725955984,2
0.768,-0.0013950884725955988,2
0.77,-0.0008109125725955981,2
0.772,-0.0007377196725955985,2
0.774,-0.0016605382725956002,2
0.776,-0.0016085022225955994,2
0.778,-0.0015564661725955987,2
0.78,-0.0013517180392622651,2
0.782,-0.001146969905928932,2
0.784,-0.0009422217725955985,2
0.786,-0.0007382036725955969,2
0.788,-0.0013864974725956002,2
0.79,-0.0013121006225955995,2
0.792,-0.0012377037725955992,2
0.794,-0.0011633069225955987,2
0.796,-0.001088910072595598,2
0.798,-0.0006963497725955975,2
0.8,-0.0007216871725955996,2
0.802,-0.0009099873725955994,2
0.804,-0.0010982875725955993,2
0.806,-0.0013410619725955988,2
0.808,-0.0015838363725955984,2
0.81,-0.0018266107725955975,2
0.812,-0.0012398817725956003,2
0.8139999999999998,-0.0007318995725956004,2
0.8159999999999998,-0.0008143973725956,2
0.8179999999999998,-0.0008968951725955991,2
0.8199999999999998,-0.0019914369725955988,2
0.8219999999999998,-0.0016925427725955986,2
0.8239999999999998,-0.0013936485725955985,2
0.8259999999999998,-0.001093423372595598,2
0.8279999999999998,-0.0007931981725955978,2
0.8299999999999998,-0.0007061144725955988,2
0.8319999999999999,-0.0007798034725955971,2
0.8339999999999999,-0.0009751972975955976,2
0.8359999999999999,-0.001170591122595598,2
0.8379999999999999,-0.0013659849475955983,2
0.8399999999999999,-0.001561378772595599,2
0.8419999999999999,-0.0006878555725955969,2
0.8439999999999999,-0.0007293101725955979,2
0.8459999999999999,-0.0007707647725955987,2
0.8479999999999999,-0.001097287305928932,2
0.8499999999999999,-0.0014238098392622654,2
0.8519999999999999,-0.0017503323725955987,2
0.854,-0.0012336623725955984,2
0.856,-0.0007169923725955981,2
0.858,-0.0011238669725955987,2
0.86,-0.0013124605975955988,2
0.862,-0.001501054222595599,2
0.864,-0.001689647847595599,2
0.866,-0.0018782414725955993,2
0.868,-0.0007590761725955984,2
0.87,-0.0009158195725956013,2
0.872,-0.0019823740725955982,2
0.874,-0.001969064072595599,2
0.876,-0.0014522004725955988,2
0.878,-0.0010821643225955987,2
0.88,-0.0007121281725955985,2
0.882,-0.0007532802725955983,2
0.884,-0.0007944323725955979,2
0.886,-0.0017076919725955968,2
0.888,-0.0016803489975955972,2
0.89,-0.0016530060225955975,2
0.892,-0.0016256630475955979,2
0.894,-0.0015983200725955982,2
0.896,-0.0013301921392622647,2
0.898,-0.0010620642059289312,2
0.9,-0.0007939362725955974,2
0.902,-0.001407648272595598,2
0.904,-0.0011107989725955992,2
0.906,-0.0010106170225955987,2
0.908,-0.0009104350725955981,2
0.91,-0.0008102531225955976,2
0.912,-0.0007100711725955972,2
0.914,-0.0007423479225955981,2
0.916,-0.0007746246725955987,2
0.918,-0.001119535172595599,2
0.92,-0.0013764827059289323,2
0.922,-0.0016334302392622656,2
0.924,-0.0018903777725955988,2
0.926,-0.0012969453725955992,2
0.928,-0.0007967555725956008,2
0.93,-0.0008169867725955973,2
0.932,-0.0009581090725955984,2
0.934,-0.0010966601225955983,2
0.936,-0.0012352111725955984,2
0.938,-0.0013737622225955984,2
0.94,-0.0015123132725955984,2
0.942,-0.0008024546725956,2
0.944,-0.0008337513225955994,2
0.946,-0.0008650479725955985,2
0.948,-0.0017728625725955975,2
0.95,-0.0014211155725955991,2
0.952,-0.0010693685725956005,2
0.954,-0.0009035501725955969,2
0.956,-0.0014141520225955972,2
0.958,-0.0019247538725955975,2
0.96,-0.0008540127725955998,2
0.962,-0.0012828367725955976,2
0.964,-0.001304179660095598,2
0.966,-0.001325522547595598,2
0.968,-0.0013468654350955985,2
0.97,-0.0013682083225955988,2
0.972,-0.001389551210095599,2
0.974,-0.0014108940975955991,2
0.976,-0.0014322369850955996,2
0.978,-0.0014535798725956,2
0.98,-0.0012806507059289329,2
0.982,-0.0011077215392622656,2
0.984,-0.0009347923725955987,2
0.986,-0.0009330015725955997,2
0.988,-0.0009312107725956004,2
0.9900000000000002,-0.0011000904725955996,2
0.9920000000000002,-0.0012341735975955992,2
0.9940000000000001,-0.0013682567225955988,2
0.9960000000000001,-0.0015023398475955984,2
0.9980000000000001,-0.001636422972595598,2
1.0,-0.001025760172595598,3
1.002,-0.0008971250725956,3
1.004,-0.0009688901725955976,3
1.006,-0.0012351426059289312,3
1.008,-0.0015013950392622649,3
1.01,-0.0017676474725955987,3
1.012,-0.001456260022595598,3
1.014,-0.0011448725725955976,3
1.016,-0.0009474005725955968,3
1.018,-0.0012425558725955976,3
1.02,-0.001537711172595598,3
1.022,-0.0017352678725955986,3
1.024,-0.0019328245725955993,3
1.026,-0.0016198036225955996,3
1.028,-0.0013067826725956,3
1.03,-0.0008962175725955972,3
1.032,-0.0009306420725955984,3
1.034,-0.0012527682725955967,3
1.036,-0.0013678453225955973,3
1.038,-0.0014829223725955978,3
1.04,-0.0009534142725956001,3
1.042,-0.0009467350725956003,3
1.044,-0.0009400558725956003,3
1.046,-0.0009333766725956005,3
1.048,-0.0010887769725955974,3
1.05,-0.0010676806225955971,3
1.052,-0.0010465842725955968,3
1.054,-0.0012525595475955976,3
1.056,-0.0014585348225955985,3
1.058,-0.0016645100975955993,3
1.06,-0.0018704853725956,3
1.062,-0.0018640505925956,3
1.064,-0.0018576158125955995,3
1.066,-0.001851181032595599,3
1.068,-0.0018447462525955987,3
1.07,-0.0018383114725955983,3
1.072,-0.0011861577725955988,3
1.074,-0.0008950680725956002,3
1.076,-0.0009705115725955998,3
1.078,-0.0015670657725955996,3
1.08,-0.0016999883059289327,3
1.082,-0.0018329108392622657,3
1.084,-0.001965833372595598,3
1.086,-0.001337589272595599,3
1.088,-0.0009245799725955977,3
1.09,-0.001292311072595597,3
1.092,-0.0013346901125955973,3
1.094,-0.0013770691525955975,3
1.096,-0.0014194481925955977,3
1.098,-0.001461827232595598,3
1.1,-0.001504206272595598,3
1.102,-0.0009453314725955987,3
1.104,-0.0011302255225955986,3
1.106,-0.0013151195725955983,3
1.108,-0.0015000136225955985,3
1.11,-0.0016849076725955984,3
1.112,-0.0014651111725955991,3
1.114,-0.0012453146725955998,3
1.116,-0.0010255181725956004,3
1.118,-0.0011630326559289332,3
1.12,-0.0013005471392622664,3
1.122,-0.0014380616225955992,3
1.124,-0.0015755761059289323,3
1.126,-0.001713090589262265,3
1.128,-0.0018506050725955977,3
1.13,-0.0009880686725955987,3
1.132,-0.0011543448559289324,3
1.134,-0.0013206210392622657,3
1.136,-0.0014868972225955991,3
1.138,-0.0016531734059289324,3
1.14,-0.0018194495892622656,3
1.142,-0.0019857257725955993,3
1.144,-0.0013473902725955993,3
1.146,-0.0009363653725955982,3
1.148,-0.0009898231725955983,3
1.15,-0.0012786017725955991,3
1.152,-0.0013327553225955992,3
1.154,-0.0013869088725955991,3
1.156,-0.001441062422595599,3
1.158,-0.0014952159725955987,3
1.16,-0.0009566691725956013,3
1.162,-0.0010132366725955997,3
1.164,-0.001069804172595598,3
1.166,-0.001067614072595598,3
1.168,-0.001065423972595598,3
1.17,-0.001063233872595598,3
1.172,-0.001061043772595598,3
1.174,-0.0009370792725955991,3
1.176,-0.0013944048225955994,3
1.178,-0.0018517303725955996,3
1.18,-0.0018566580975955995,3
1.182,-0.0018615858225955993,3
1.184,-0.0018665135475955988,3
1.186,-0.0018714412725955984,3
1.188,-0.0011995403725955991,3
1.19,-0.0009130002725955994,3
1.192,-0.0009925335725955997,3
1.194,-0.0015232516725955988,3
1.196,-0.001479404297595599,3
1.198,-0.001435556922595599,3
1.2,-0.0013917095475955992,3
1.202,-0.0013478621725955993,3
1.204,-0.0009295893725956,3
1.206,-0.0009598393725956008,3
1.208,-0.001248230772595598,3
1.21,-0.0013478460392622644,3
1.212,-0.0014474613059289308,3
1.214,-0.0015470765725955971,3
1.216,-0.0009960425725955967,3
1.218,-0.0009574677725955985,3
1.22,-0.0010917535725956003,3
1.222,-0.0010843997975955996,3
1.224,-0.0010770460225955987,3
1.226,-0.0010696922475955982,3
1.228,-0.0010623384725955975,3
1.23,-0.0009948204725955985,3
1.232,-0.0012782226392622652,3
1.234,-0.0015616248059289323,3
1.236,-0.0018450269725955992,3
1.238,-0.0018490169475955988,3
1.24,-0.0018530069225955988,3
1.242,-0.0018569968975955984,3
1.244,-0.0018609868725955984,3
1.246,-0.0011880211725955984,3
1.248,-0.0012391759392622649,3
1.25,-0.0012903307059289315,3
1.252,-0.001341485472595598,3
1.254,-0.0009160978725955976,3
1.256,-0.0009714190725955971,3
1.258,-0.0011047489725955967,3
1.26,-0.0012380788725955964,3
1.262,-0.001283853172595597,3
1.264,-0.001329627472595597,3
1.266,-0.0013754017725955976,3
1.268,-0.0014211760725955983,3
1.27,-0.0014669503725955983,3
1.272,-0.001512724672595599,3
1.274,-0.0009825994725955987,3
1.276,-0.0009634330725955992,3
1.278,-0.0010107864225955988,3
1.28,-0.0010581397725955982,3
1.282,-0.001216235347595598,3
1.284,-0.001374330922595598,3
1.286,-0.001532426497595598,3
1.288,-0.0016905220725955976,3
1.29,-0.0010831988725956004,3
1.292,-0.0009338364725955984,3
1.294,-0.000979695472595597,3
1.296,-0.0009633362725955976,3
1.298,-0.0009469770725955977,3
1.3,-0.0009306178725955981,3
1.302,-0.0009142586725955985,3
1.304,-0.0009363250392622653,3
1.306,-0.0009583914059289321,3
1.308,-0.0009804577725955992,3
1.31,-0.0014815066725955975,3
1.312,-0.0017197314725955985,3
1.314,-0.001957956272595599,3
1.316,-0.0009041914725956,3
1.318,-0.0009600813725955983,3
1.32,-0.0011017481725955972,3
1.322,-0.001243414972595596,3
1.324,-0.0012911688325955965,3
1.326,-0.0013389226925955967,3
1.328,-0.0013866765525955972,3
1.33,-0.0014344304125955977,3
1.332,-0.001482184272595598,3
1.334,-0.0009695193725956003,3
1.336,-0.0010466931725955989,3
1.338,-0.0012017728225955987,3
1.34,-0.0013568524725955985,3
1.342,-0.0015119321225955983,3
1.344,-0.001667011772595598,3
1.346,-0.0010461486725955992,3
1.348,-0.000979132822595599,3
1.35,-0.0009121169725955987,3
1.352,-0.000970789872595596,3
1.354,-0.0017599639725955991,3
1.356,-0.0017791787725955988,3
1.358,-0.0017983935725955982,3
1.36,-0.0014703686225955995,3
1.362,-0.0011423436725956013,3
1.364,-0.0008448409725955971,3
1.366,-0.0009045907725955988,3
1.368,-0.001387271872595599,3
1.37,-0.0015576398725955984,3
1.372,-0.0017280078725955975,3
1.374,-0.0018983758725955968,3
1.376,-0.0008699242725955982,3
1.378,-0.0011609050725956,3
1.38,-0.0011236169059289328,3
1.382,-0.0010863287392622659,3
1.384,-0.0010490405725955988,3
1.386,-0.0010117524059289316,3
1.388,-0.0009744642392622648,3
1.39,-0.0009371760725955976,3
1.392,-0.001031846472595601,3
1.394,-0.0011305401225956007,3
1.396,-0.0012292337725956007,3
1.398,-0.0013279274225956005,3
1.4,-0.0014266210725956002,3
1.402,-0.0015253147225956,3
1.404,-0.0016240083725956,3
1.406,-0.0010223116725955968,3
1.408,-0.0008962901725955985,3
1.41,-0.0009663975725955968,3
1.412,-0.0017502597725955991,3
1.414,-0.0014625157225955998,3
1.416,-0.0011747716725956003,3
1.418,-0.0010751806059289327,3
1.42,-0.0009755895392622653,3
1.422,-0.0008759984725955974,3
1.424,-0.0009635782725955984,3
1.426,-0.0014536282725955971,3
1.428,-0.0014147590392622645,3
1.43,-0.0013758898059289318,3
1.432,-0.0013370205725955987,3
1.434,-0.0008868037725955971,3
1.436,-0.0009011301725955976,3
1.438,-0.000915456572595598,3
1.44,-0.0011719402725955987,3
1.442,-0.0012741973725955986,3
1.444,-0.0013764544725955983,3
1.446,-0.0014787115725955983,3
1.448,-0.0009411085725955987,3
1.45,-0.0010019352725955978,3
1.452,-0.001136748632595598,3
1.454,-0.0012715619925955982,3
1.456,-0.0014063753525955986,3
1.458,-0.0015411887125955988,3
1.46,-0.001676002072595599,3
1.462,-0.0013598169725955985,3
1.464,-0.001043631872595598,3
1.466,-0.0008446957725955963,3
1.468,-0.0009066356725955967,3
1.47,-0.0016901106725955971,3
1.472,-0.0017429392725955976,3
1.474,-0.0017957678725955984,3
1.476,-0.0018485964725955992,3
1.478,-0.0012035333725956,3
1.48,-0.0008867432725955977,3
1.482,-0.0009609404725955984,3
1.484,-0.0014748879725955987,3
1.486,-0.0019888354725956,3
1.488,-0.0016609375725955989,3
1.49,-0.0013330396725955984,3
1.492,-0.0010953230725955984,3
1.494,-0.0008576064725955984,3
1.496,-0.001198342472595596,3
1.498,-0.0012799539475955967,3
1.5,-0.0013615654225955975,4
1.502,-0.0014431768975955983,4
1.504,-0.0015247883725955991,4
1.506,-0.0009709471725955971,4
1.508,-0.0009092250725955994,4
1.51,-0.0010483871725955989,4
1.512,-0.0010483750725955986,4
1.514,-0.0010483629725955984,4
1.516,-0.001048350872595598,4
1.518,-0.001048338772595598,4
1.52,-0.0008847830725955997,4
1.522,-0.0009358692725955997,4
1.524,-0.0009869554725955992,4
1.526,-0.0017541922725955988,4
1.528,-0.0018091746725955983,4
1.53,-0.0018641570725955977,4
1.532,-0.0012295241725955985,4
1.534,-0.0008976332725955991,4
1.536,-0.0009874757725956,4
1.538,-0.0012257066225955992,4
1.54,-0.0014639374725955983,4
1.542,-0.0014392806975955983,4
1.544,-0.0014146239225955983,4
1.546,-0.0013899671475955983,4
1.548,-0.0013653103725955983,4
1.55,-0.0009393903725955968,4
1.552,-0.0012583705725955976,4
1.554,-0.0013339471725955976,4
1.556,-0.001409523772595598,4
1.558,-0.001485100372595598,4
1.56,-0.0015606769725955982,4
1.562,-0.0012804954225955978,4
1.564,-0.0010003138725955974,4
1.566,-0.0009392693725955961,4
1.568,-0.001097428472595599,4
1.57,-0.0012680838475955989,4
1.572,-0.0014387392225955987,4
1.574,-0.0016093945975955983,4
1.576,-0.0017800499725955984,4
1.578,-0.001129553972595598,4
1.58,-0.0009321182725955962,4
1.582,-0.0010581639725955987,4
1.584,-0.0018009708725956006,4
1.586,-0.0018288250725956,4
1.588,-0.0018566792725955997,4
1.59,-0.0018845334725955988,4
1.592,-0.0012510984725956006,4
1.594,-0.0015141645725955995,4
1.596,-0.0014931509059289327,4
1.598,-0.0014721372392622657,4
1.6,-0.0014511235725955989,4
1.602,-0.001430109905928932,4
1.604,-0.001409096239262265,4
1.606,-0.0013880825725955982,4
1.608,-0.000981788772595596,4
1.61,-0.0012435964725955977,4
1.612,-0.0012926305125955978,4
1.614,-0.0013416645525955975,4
1.616,-0.001390698592595598,4
1.618,-0.0014397326325955979,4
1.62,-0.001488766672595598,4
1.622,-0.0009211677725955992,4
1.624,-0.0008623133725955984,4
1.626,-0.000990512872595599,4
1.628,-0.001907124172595599,4
1.63,-0.0015890030725955989,4
1.632,-0.0012708819725955989,4
1.634,-0.0009527608725955985,4
1.636,-0.0007562810725956007,4
1.638,-0.0008616720725955969,4
1.64,-0.001209976622595598,4
1.642,-0.0015582811725955992,4
1.644,-0.001599203372595599,4
1.646,-0.0016401255725955986,4
1.648,-0.0009975187725955981,4
1.65,-0.0008417010225955984,4
1.652,-0.0006858832725955989,4
1.654,-0.001234158472595599,4
1.656,-0.0013727579225955987,4
1.658,-0.0015113573725955988,4
1.66,-0.001649956822595599,4
1.662,-0.001788556272595599,4
1.664,-0.0011855043725955989,4
1.666,-0.0007589188725956006,4
1.668,-0.001031362472595599,4
1.67,-0.001319822439262266,4
1.672,-0.0016082824059289332,4
1.674,-0.0018967423725956,4
1.676,-0.0016291932225955992,4
1.678,-0.0013616440725955983,4
1.68,-0.0008123887725955975,4
1.682,-0.0007669048725956003,4
1.684,-0.0008992546725955958,4
1.686,-0.0017993010725955991,4
1.688,-0.0013602102225955988,4
1.69,-0.0009211193725955982,4
1.692,-0.0008661974725955983,4
1.694,-0.0008112755725955984,4
1.696,-0.0007563536725955985,4
1.698,-0.0008587438725955986,4
1.7,-0.0010702125475955983,4
1.702,-0.001281681222595598,4
1.704,-0.0014931498975955975,4
1.706,-0.0017046185725955974,4
1.708,-0.0010757452725955984,4
1.71,-0.0007353359725955998,4
1.712,-0.0008197092725955973,4
1.714,-0.0012588424725955994,4
1.716,-0.001238647572595599,4
1.718,-0.0012184526725955984,4
1.72,-0.001198257772595598,4
1.722,-0.0009756117225955974,4
1.724,-0.0007529656725955968,4
1.726,-0.0008022973725955972,4
1.728,-0.0010598095725955976,4
1.73,-0.0019932761725955975,4
1.732,-0.0019583434725955985,4
1.734,-0.0019234107725955992,4
1.736,-0.0013934065725955992,4
1.738,-0.0007669048725956003,4
1.74,-0.0008348826725955984,4
1.742,-0.0009028604725955965,4
1.744,-0.0017949813725955995,4
1.746,-0.001674967522595599,4
1.748,-0.0015549536725955983,4
1.75,-0.0009293594725955975,4
1.752,-0.0008834702225955981,4
1.754,-0.0008375809725955988,4
1.756,-0.0011869019225955995,4
1.758,-0.0015362228725956002,4
1.76,-0.001621043872595599,4
1.762,-0.0017058648725955979,4
1.764,-0.001068110172595598,4
1.766,-0.0007283058725956001,4
1.768,-0.0008183540725955999,4
1.77,-0.0010466689725955993,4
1.772,-0.0012749838725955984,4
1.774,-0.0014667204725955986,4
1.776,-0.0016584570725955987,4
1.778,-0.0018501936725955988,4
1.78,-0.0012437537725955988,4
1.782,-0.0007917582725956007,4
1.784,-0.0008281187725956014,4
1.786,-0.0010639235725955973,4
1.788,-0.0019844431725956,4
1.79,-0.0016979091225955987,4
1.792,-0.0014113750725955972,4
1.794,-0.0011237036225955983,4
1.796,-0.0008360321725955997,4
1.798,-0.0009291174725956016,4
1.8,-0.0013596475725955997,4
1.802,-0.0017901776725955977,4
1.804,-0.0016850589225955977,4
1.806,-0.0015799401725955977,4
1.808,-0.0012708940725955976,4
1.81,-0.0009618479725955977,4
1.812,-0.0007706437725956,4
1.814,-0.0015370214725955991,4
1.816,-0.001433932497595599,4
1.818,-0.0013308435225955987,4
1.82,-0.0012277545475955984,4
1.822,-0.001124665572595598,4
1.824,-0.0009533235225955984,4
1.826,-0.000781981472595599,4
1.828,-0.001302208872595599,4
1.83,-0.0014670925475955988,4
1.832,-0.0016319762225955985,4
1.834,-0.001796859897595598,4
1.836,-0.0019617435725955974,4
1.838,-0.0013271348725955971,4
1.84,-0.0008419369725955992,4
1.842,-0.0008566626725955983,4
1.844,-0.0011194262725955986,4
1.846,-0.0012139514725955987,4
1.848,-0.0013084766725955993,4
1.85,-0.0014030018725955996,4
1.852,-0.0014975270725956,4
1.854,-0.0009047359725955981,4
1.856,-0.0008217178725955995,4
1.858,-0.0018256911725955968,4
1.86,-0.0016273146975955967,4
1.862,-0.0014289382225955967,4
1.864,-0.0012305617475955968,4
1.866,-0.0010321852725955968,4
1.868,-0.0009175075225955976,4
1.87,-0.0008028297725955982,4
1.872,-0.000935748272595599,4
1.874,-0.0015856271725955984,4
1.876,-0.0014500184392622652,4
1.878,-0.0013144097059289315,4
1.88,-0.0011788009725955985,4
1.882,-0.0010005498225955974,4
1.884,-0.0008222986725955964,4
1.886,-0.0009103019725955965,4
1.888,-0.001325489272595598,4
1.89,-0.0013401101059289315,4
1.892,-0.0013547309392622647,4
1.894,-0.001369351772595598,4
1.896,-0.0008883041725955988,4
1.898,-0.0008869731725955994,4
1.9,-0.0008856421725956,4
1.902,-0.0011730171725955994,4
1.904,-0.0012675484225955994,4
1.906,-0.0013620796725955994,4
1.908,-0.0014566109225955994,4
1.91,-0.0015511421725955994,4
1.912,-0.0009579880725955977,4
1.914,-0.0008615268725955977,4
1.916,-0.0010062912725956016,4
1.918,-0.001840174872595598,4
1.92,-0.001790915772595598,4
1.922,-0.0017416566725955976,4
1.924,-0.0016923975725955977,4
1.926,-0.0008388635725955981,4
1.928,-0.0009014992225955983,4
1.93,-0.0009641348725955984,4
1.932,-0.0016097182725956,4
1.934,-0.0016869203059289328,4
1.936,-0.0017641223392622655,4
1.938,-0.0018413243725955983,4
1.94,-0.0011830843725955976,4
1.942,-0.0008121104725955976,4
1.944,-0.0008985407725956017,4
1.946,-0.0013357137725955991,4
1.948,-0.001536848039262265,4
1.95,-0.0017379823059289312,4
1.952,-0.0019391165725955969,4
1.954,-0.0013371778725955984,4
1.956,-0.0008804875725955985,4
1.958,-0.0009026789725955984,4
1.96,-0.0011617157725955993,4
1.962,-0.0010930402059289323,4
1.964,-0.0010243646392622656,4
1.966,-0.0009556890725955987,4
1.968,-0.0009090919725955993,4
1.97,-0.0008624948725956,4
1.972,-0.0009324994225955998,4
1.974,-0.0010025039725955996,4
1.976,-0.0018116188725955992,4
1.978,-0.001766255972595599,4
1.98,-0.001720893072595599,4
1.982,-0.001287707022595598,4
1.984,-0.0008545209725955969,4
1.986,-0.0009048085725955984,4
1.988,-0.0009550961725956,4
1.99,-0.0015658315725955978,4
1.992,-0.0016558717059289311,4
1.994,-0.0017459118392622649,4
1.996,-0.0018359519725955984,4
1.998,-0.001191820572595599,4
2.0,-0.0008008332725955979,5
2.002,-0.0008699363725955984,5
2.004,-0.001300030872595597,5
2.006,-0.0013226094725955978,5
2.008,-0.0013451880725955984,5
2.01,-0.0008568078725955994,5
2.012,-0.0008627449392622659,5
2.014,-0.000868682005928933,5
2.016,-0.0008746190725955997,5
2.018,-0.001156198172595598,5
2.02,-0.001104673347595598,5
2.022,-0.001053148522595598,5
2.024,-0.001001623697595598,5
2.026,-0.0009500988725955981,5
2.028,-0.0008262190725955974,5
2.03,-0.0017874914725955968,5
2.032,-0.0017751222475955973,5
2.034,-0.0017627530225955979,5
2.036,-0.0017503837975955984,5
2.038,-0.0017380145725955987,5
2.04,-0.0008290020725955967,5
2.042,-0.0008704486059289315,5
2.044,-0.0009118951392622659,5
2.046,-0.0009533416725956007,5
2.048,-0.0012599072725956,5
2.05,-0.0015664728725955993,5
2.052,-0.0018730384725955983,5
2.054,-0.001544378272595598,5
2.056,-0.0012157180725955972,5
2.058,-0.0008213306725955976,5
2.06,-0.0008866222725955989,5
2.062,-0.0013027775725955992,5
2.064,-0.0013358468725955992,5
2.066,-0.0013689161725955995,5
2.068,-0.0014019854725955995,5
2.07,-0.0008954552725955987,5
2.072,-0.0008772689725955982,5
2.074,-0.0009854732225955988,5
2.076,-0.0010936774725955993,5
2.078,-0.0019832210725956,5
2.08,-0.0018592606059289328,5
2.082,-0.001735300139262266,5
2.084,-0.0016113396725955988,5
2.086,-0.000992025372595597,5
2.088,-0.0008514717725955981,5
2.09,-0.0009727258725955971,5
2.092,-0.0017601091725955983,5
2.094,-0.001766889205928932,5
2.096,-0.0017736692392622655,5
2.098,-0.0017804492725955988,5
2.1,-0.001150450672595598,5
2.102,-0.0009150572725955992,5
2.104,-0.0012066128225955994,5
2.106,-0.0014981683725955996,5
2.108,-0.0017084603225955989,5
2.11,-0.001918752272595598,5
2.112,-0.0012968969725956,5
2.114,-0.000872743572595598,5
2.116,-0.0008835004725955969,5
2.118,-0.0008942573725955956,5
2.12,-0.0012338922725955992,5
2.122,-0.001294821822595599,5
2.124,-0.0013557513725955988,5
2.126,-0.001416680922595599,5
2.128,-0.0014776104725955988,5
2.13,-0.0009466261725956,5
2.132,-0.0008838150725955992,5
2.134,-0.0010465842725955984,5
2.136,-0.001958040972595599,5
2.138,-0.0018129075225955984,5
2.14,-0.0016677740725955983,5
2.142,-0.0010535538725955987,5
2.144,-0.0008688836725955981,5
2.146,-0.0009312470725955992,5
2.148,-0.0011562858975955991,5
2.15,-0.0013813247225955994,5
2.152,-0.0016063635475955995,5
2.154,-0.0018314023725955995,5
2.156,-0.0011984513725955964,5
2.158,-0.0008770390725955992,5
2.16,-0.0009250518725955998,5
2.162,-0.0011874887725956,5
2.164,-0.0014499256725956002,5
2.166,-0.0016159820392622664,5
2.168,-0.0017820384059289332,5
2.17,-0.0019480947725955995,5
2.172,-0.0008644913725955987,5
2.174,-0.0008596029725955987,5
2.176,-0.0011830117725955996,5
2.178,-0.0012490317925955992,5
2.18,-0.001315051812595599,5
2.182,-0.0013810718325955984,5
2.184,-0.001447091852595598,5
2.186,-0.0015131118725955975,5
2.188,-0.0009629732725955996,5
2.19,-0.0008829438725955971,5
2.192,-0.0019501154725955969,5
2.194,-0.0018828636725955969,5
2.196,-0.0018156118725955973,5
2.198,-0.0017483600725955975,5
2.2,-0.0016811082725955975,5
2.202,-0.0010477216725955987,5
2.204,-0.0008661611725955982,5
2.206,-0.0009169085725956003,5
2.208,-0.0016732190725955995,5
2.21,-0.0017762021725955994,5
2.212,-0.001879185272595599,5
2.214,-0.0015528603725955988,5
2.216,-0.0012265354725955989,5
2.218,-0.0008899618725955981,5
2.22,-0.0011365961725955983,5
2.222,-0.0013832304725955988,5
2.224,-0.0015830377725955986,5
2.226,-0.0017828450725955985,5
2.228,-0.001982652372595598,5
2.23,-0.0013544929725956,5
2.232,-0.0009018198725955982,5
2.234,-0.0010341575725955985,5
2.236,-0.001166495272595599,5
2.238,-0.0012988813725955991,5
2.24,-0.0014312674725955991,5
2.242,-0.0015636535725955991,5
2.244,-0.0012854322225955986,5
2.246,-0.001007210872595598,5
2.248,-0.0009960667725955987,5
2.25,-0.0019460256725955976,5
2.252,-0.001900472197595598,5
2.254,-0.0018549187225955985,5
2.256,-0.0018093652475955988,5
2.258,-0.0017638117725955992,5
2.26,-0.0011175870725955994,5
2.262,-0.0009041793725956,5
2.264,-0.0016916594725955997,5
2.266,-0.0017469262225955993,5
2.268,-0.0018021929725955989,5
2.27,-0.0018574597225955985,5
2.272,-0.001912726472595598,5
2.274,-0.0008873240725955963,5
2.276,-0.0008872998725955983,5
2.278,-0.0008872756725956006,5
2.28,-0.0013708642725955983,5
2.282,-0.001378995472595598,5
2.284,-0.001387126672595598,5
2.286,-0.0013952578725955976,5
2.288,-0.0014033890725955976,5
2.29,-0.0009305815725955992,5
2.292,-0.0011460462725956,5
2.294,-0.0011168126725955997,5
2.296,-0.0010875790725955992,5
2.298,-0.0010583454725955988,5
2.3,-0.0010291118725955983,5
2.302,-0.000999878272595598,5
2.304,-0.0009040220725955969,5
2.306,-0.0009873668725955964,5
2.308,-0.00095692730592893,5
2.31,-0.0009264877392622639,5
2.312,-0.0008960481725955974,5
2.314,-0.0009033727059289316,5
2.316,-0.000910697239262266,5
2.318,-0.0009180217725956,5
2.32,-0.0016650273725955997,5
2.322,-0.0017274119475955995,5
2.324,-0.0017897965225955991,5
2.326,-0.0018521810975955992,5
2.328,-0.0019145656725955992,5
2.33,-0.0012569306725955971,5
2.332,-0.0008954673725955971,5
2.334,-0.0009019287725955984,5
2.336,-0.0013996259725955992,5
2.338,-0.0013980529725955994,5
2.34,-0.0013964799725955995,5
2.342,-0.0013949069725955996,5
2.344,-0.0013933339725955996,5
2.346,-0.0009244589725955991,5
2.348,-0.000893071572595598,5
2.35,-0.0011484057725956003,5
2.352,-0.0011183856725955998,5
2.354,-0.0010883655725955994,5
2.356,-0.0010583454725955988,5
2.358,-0.0010283253725955983,5
2.36,-0.0008924060725955997,5
2.362,-0.0009432563225955985,5
2.364,-0.0009941065725955975,5
2.366,-0.0019263510725955996,5
2.368,-0.001878378605928932,5
2.37,-0.0018304061392622648,5
2.372,-0.0017824336725955972,5
2.374,-0.0009152992725955968,5
2.376,-0.0009412658725956,5
2.378,-0.0016758931725955988,5
2.38,-0.0017423161225955989,5
2.382,-0.0018087390725955988,5
2.384,-0.001875162022595599,5
2.386,-0.0019415849725955992,5
2.388,-0.0012792551725956008,5
2.39,-0.0009219421725955996,5
2.392,-0.0009269636725956,5
2.394,-0.0013973027725956,5
2.396,-0.0014053190225955996,5
2.398,-0.0014133352725955997,5
2.4,-0.0014213515225955996,5
2.402,-0.0014293677725955994,5
2.404,-0.0009412658725955966,5
2.406,-0.0008994119725956004,5
2.408,-0.001147764472595597,5
2.41,-0.0012684135725955976,5
2.412,-0.001389062672595598,5
2.414,-0.0015097117725955983,5
2.416,-0.001630360872595599,5
2.418,-0.0008951285725955997,5
2.42,-0.0009542128725956001,5
2.422,-0.0010132971725956008,5
2.424,-0.0019119157725955988,5
2.426,-0.0016589531725955987,5
2.428,-0.0014059905725955987,5
2.43,-0.0011530279725955987,5
2.432,-0.0008903974725955974,5
2.434,-0.0009047359725955987,5
2.436,-0.0009190744725956003,5
2.438,-0.0016369069725956,5
2.44,-0.0017871708225955995,5
2.442,-0.0019374346725955993,5
2.444,-0.0016067295725955989,5
2.446,-0.0012760244725955987,5
2.448,-0.000891752672595598,5
2.45,-0.0013599621725955968,5
2.452,-0.0013856706392622643,5
2.454,-0.001411379105928932,5
2.456,-0.0014370875725955995,5
2.458,-0.001195722822595599,5
2.46,-0.0009543580725955984,5
2.462,-0.0009120806725956,5
2.464,-0.0011597797725955983,5
2.466,-0.0012494286725955983,5
2.468,-0.0013390775725955983,5
2.47,-0.0014287264725955985,5
2.472,-0.0015183753725955984,5
2.474,-0.0016080242725955984,5
2.476,-0.0010258690725955984,5
2.478,-0.0008940879725955996,5
2.48,-0.0009811595725955982,5
2.482,-0.0018850900725955984,5
2.484,-0.0018483504392622647,5
2.486,-0.001811610805928932,5
2.488,-0.0017748711725955983,5
2.49,-0.0011328572725955999,5
2.492,-0.0008771116725955988,5
2.494,-0.0009012995725955971,5
2.496,-0.0016076370725955982,5
2.498,-0.0017113421392622647,5
2.5,-0.0018150472059289316,6
2.502,-0.001918752272595598,6
2.504,-0.0012778878725955983,6
2.506,-0.0008944025725955984,6
2.508,-0.0011109139225955978,6
2.51,-0.0013274252725955973,6
2.512,-0.0012349600975955976,6
2.514,-0.001142494922595598,6
2.516,-0.0010500297475955983,6
2.518,-0.0009575645725955987,6
2.52,-0.0009183666225955978,6
2.522,-0.0008791686725955968,6
2.524,-0.001026878212595597,6
2.526,-0.0011745877525955975,6
2.528,-0.0013222972925955975,6
2.53,-0.001470006832595598,6
2.532,-0.0016177163725955984,6
2.534,-0.0008965200725955992,6
2.536,-0.0009307691225955992,6
2.538,-0.000965018172595599,6
2.54,-0.0018636609725955972,6
2.542,-0.0018345927392622648,6
2.544,-0.0018055245059289324,6
2.546,-0.0017764562725955996,6
2.548,-0.0011353135725956,6
2.55,-0.0008844684725956009,6
2.552,-0.0015846470725955975,6
2.554,-0.001664797472595598,6
2.556,-0.0017449478725955984,6
2.558,-0.0018250982725955985,6
2.56,-0.0019052486725955992,6
2.562,-0.0009030056725956008,6
2.564,-0.000900222672595599,6
2.566,-0.0008974396725955971,6
2.568,-0.0013294096725955974,6
2.57,-0.0013638523225955974,6
2.572,-0.0013982949725955972,6
2.574,-0.0014327376225955972,6
2.576,-0.0014671802725955971,6
2.578,-0.0009700033725955972,6
2.58,-0.0009201513725955976,6
2.582,-0.0011229836725955983,6
2.584,-0.001253572922595598,6
2.586,-0.001384162172595598,6
2.588,-0.0015147514225955976,6
2.59,-0.0016453406725955976,6
2.592,-0.0009115724725955994,6
2.594,-0.001390998672595599,6
2.596,-0.0018704248725955987,6
2.598,-0.0018548602392622648,6
2.6,-0.0018392956059289309,6
2.602,-0.0018237309725955967,6
2.604,-0.001361293172595597,6
2.606,-0.0008988553725955971,6
2.608,-0.0009023280725955987,6
2.61,-0.0009058007725956004,6
2.612,-0.0016181398725955993,6
2.614,-0.001728104672595599,6
2.616,-0.0018380694725955984,6
2.618,-0.0019480342725955984,6
2.62,-0.0009175256725955996,6
2.622,-0.0009111368725955998,6
2.624,-0.0009047480725956,6
2.626,-0.0013160512725955992,6
2.628,-0.0013635316725955984,6
2.63,-0.0014110120725955976,6
2.632,-0.0014584924725955968,6
2.634,-0.0009577823725955976,6
2.636,-0.0011083910725956,6
2.638,-0.0012123349125955998,6
2.64,-0.0013162787525955997,6
2.642,-0.0014202225925955992,6
2.644,-0.0015241664325955993,6
2.646,-0.0016281102725955992,6
2.648,-0.0009747465725955981,6
2.65,-0.0014247395225955983,6
2.652,-0.0018747324725955983,6
2.654,-0.0016939161225955988,6
2.656,-0.0015130997725955988,6
2.658,-0.0013322834225955992,6
2.66,-0.0011514670725955994,6
2.662,-0.0008754660725955997,6
2.664,-0.0012341403225955994,6
2.666,-0.001592814572595599,6
2.668,-0.0017593226725955988,6
2.67,-0.0019258307725955983,6
2.672,-0.001620668772595599,6
2.674,-0.0013155067725955996,6
2.676,-0.0008884130725955973,6
2.678,-0.001026643472595597,6
2.68,-0.0011648738725955968,6
2.682,-0.0013031042725955963,6
2.684,-0.001362245039262264,6
2.686,-0.0014213858059289313,6
2.688,-0.0014805265725955988,6
2.69,-0.001213691322595598,6
2.692,-0.0009468560725955971,6
2.694,-0.0008840449725955982,6
2.696,-0.0010371414325955983,6
2.698,-0.0011902378925955984,6
2.7,-0.0013433343525955984,6
2.702,-0.0014964308125955984,6
2.704,-0.0016495272725955985,6
2.706,-0.0010274178725955992,6
2.708,-0.0008906999725955978,6
2.71,-0.0009372970725955998,6
2.712,-0.0018249651725955988,6
2.714,-0.0018210246059289323,6
2.716,-0.001817084039262266,6
2.718,-0.0018131434725955995,6
2.72,-0.0008769785725955965,6
2.722,-0.0008940274725956002,6
2.724,-0.0012340374725955993,6
2.726,-0.0015740474725955984,6
2.728,-0.001740361972595598,6
2.73,-0.0019066764725955971,6
2.732,-0.001585796572595598,6
2.734,-0.0012649166725955986,6
2.736,-0.0013042174725955997,6
2.738,-0.001329302789262266,6
2.74,-0.0013543881059289327,6
2.742,-0.0013794734225955991,6
2.744,-0.0014045587392622655,6
2.746,-0.001429644055928932,6
2.748,-0.0014547293725955983,6
2.75,-0.0009447506725955984,6
2.752,-0.0008902159725955975,6
2.754,-0.001102728272595596,6
2.756,-0.0012301805975955967,6
2.758,-0.0013576329225955973,6
2.76,-0.0014850852475955978,6
2.762,-0.0016125375725955984,6
2.764,-0.0010257601725955998,6
2.766,-0.0009381440725955981,6
2.768,-0.0013810948225955987,6
2.77,-0.0018240455725955992,6
2.772,-0.0018145470725955996,6
2.774,-0.0018050485725955997,6
2.776,-0.0017955500725955996,6
2.778,-0.0011617278725955995,6
2.78,-0.0009023280725955969,6
2.782,-0.0012286771725955976,6
2.784,-0.001555026272595598,6
2.786,-0.0016827175725955983,6
2.788,-0.0018104088725955988,6
2.79,-0.0019381001725955992,6
2.792,-0.0012850389725956,6
2.794,-0.0008798099725956,6
2.796,-0.0008820000725955969,6
2.798,-0.0012922626725955996,6
2.8,-0.001174037605928933,6
2.802,-0.0010558125392622665,6
2.804,-0.0009375874725956,6
2.806,-0.0009064662725955997,6
2.808,-0.0008753450725955992,6
2.81,-0.0010761566725955988,6
2.812,-0.001184925992595599,6
2.814,-0.001293695312595599,6
2.816,-0.0014024646325955987,6
2.818,-0.001511233952595599,6
2.82,-0.0016200032725955987,6
2.822,-0.0010119903725955993,6
2.824,-0.0008731549725955989,6
2.826,-0.0009356756725955976,6
2.828,-0.001814292972595598,6
2.83,-0.0018004384725955984,6
2.832,-0.0017865839725955985,6
2.834,-0.0017727294725955987,6
2.836,-0.0011374794725955983,6
2.838,-0.0008826413725956003,6
2.84,-0.0009002226725955999,6
2.842,-0.0011570935725955995,6
2.844,-0.0014139644725955991,6
2.846,-0.0016708353725955988,6
2.848,-0.0019277062725955984,6
2.85,-0.0013175758725955979,6
2.852,-0.0008972702725955976,6
2.854,-0.0012885842725955975,6
2.856,-0.0013277689125955976,6
2.858,-0.0013669535525955975,6
2.86,-0.0014061381925955976,6
2.862,-0.0014453228325955977,6
2.864,-0.0014845074725955976,6
2.866,-0.0009680673725955996,6
2.868,-0.0008855090725955992,6
2.87,-0.0010748377725955972,6
2.872,-0.0012180079975955978,6
2.874,-0.0013611782225955984,6
2.876,-0.001504348447595599,6
2.878,-0.0016475186725955996,6
2.88,-0.0010352465725955975,6
2.882,-0.0008801124725956003,6
2.884,-0.0009135205725955968,6
2.886,-0.0017764199725955972,6
2.888,-0.0017773678059289308,6
2.89,-0.0017783156392622644,6
2.892,-0.0017792634725955975,6
2.894,-0.0011419685725955996,6
2.896,-0.0008759137725955976,6
2.898,-0.0008940153725955982,6
2.9,-0.0015150478725955967,6
2.902,-0.0016538873059289303,6
2.904,-0.0017927267392622644,6
2.906,-0.0019315661725955984,6
2.908,-0.0012880155725955994,6
2.91,-0.000878249072595599,6
2.912,-0.0008746311725955982,6
2.914,-0.0012508443725955994,6
2.916,-0.0012985334975955994,6
2.918,-0.0013462226225955994,6
2.92,-0.0013939117475955994,6
2.922,-0.0014416008725955994,6
2.924,-0.0009300128725955972,6
2.926,-0.0008589979725956014,6
2.928,-0.001030164572595596,6
2.93,-0.0010321701475955963,6
2.932,-0.001034175722595597,6
2.934,-0.0010361812975955976,6
2.936,-0.001038186872595598,6
2.938,-0.0009611703725955984,6
2.94,-0.0008841538725955986,6
2.942,-0.0009168359725955991,6
2.944,-0.0017713863725955983,6
2.946,-0.0017794046392622647,6
2.948,-0.0017874229059289311,6
2.95,-0.0017954411725955976,6
2.952,-0.0011739730725955997,6
2.954,-0.0008887760725955969,6
2.956,-0.0011981730725955971,6
2.958,-0.0015075700725955977,6
2.96,-0.0016480188059289312,6
2.962,-0.0017884675392622644,6
2.964,-0.001928916272595598,6
2.966,-0.0013171886725955977,6
2.968,-0.0008860656725955974,6
2.97,-0.0008631845725955987,6
2.972,-0.0012365421725955975,6
2.974,-0.001321314772595598,6
2.976,-0.001406087372595598,6
2.978,-0.0014908599725955984,6
2.98,-0.0009462752725955969,6
2.982,-0.0009079424725955971,6
2.984,-0.0008696096725955976,6
2.986,-0.0010504562725956003,6
2.988,-0.0011989746975956004,6
2.99,-0.0013474931225956003,6
2.992,-0.0014960115475956,6
2.994,-0.0016445299725956,6
2.996,-0.0010146886725955968,6
2.998,-0.0008565053725955989,6
3.0,-0.0009029935725955971,7
3.002,-0.001753308972595598,7
3.004,-0.001766147072595598,7
3.006,-0.0017789851725955985,7
3.008,-0.0017918232725955983,7
3.01,-0.0008710011725955971,7
3.012,-0.0008841901725955974,7
3.014,-0.0011915967225955976,7
3.016,-0.0014990032725955976,7
3.018,-0.0016486238059289311,7
3.02,-0.001798244339262265,7
3.022,-0.0019478648725955987,7
3.024,-0.0013076901725955976,7
3.026,-0.0008914985725955985,7
3.028,-0.0008826897725955976,7
3.03,-0.0012355015725955992,7
3.032,-0.0012983308225955992,7
3.034,-0.0013611600725955987,7
3.036,-0.0014239893225955987,7
3.038,-0.0014868185725955983,7
3.04,-0.0009608436725955968,7
3.042,-0.0008844442725956004,7
3.044,-0.0010252519725955991,7
3.046,-0.0011867960475955993,7
3.048,-0.0013483401225955994,7
3.05,-0.0015098841975955996,7
3.052,-0.0016714282725955995,7
3.054,-0.0010437528725956,7
3.056,-0.0008545209725956005,7
3.058,-0.0009029814725955987,7
3.06,-0.0017530790725956008,7
3.062,-0.0017705232392622669,7
3.064,-0.0017879674059289332,7
3.066,-0.0018054115725955992,7
3.068,-0.001155810972595598,7
3.07,-0.0008662458725955981,7
3.072,-0.0010844427525955984,7
3.074,-0.0013026396325955987,7
3.076,-0.001520836512595599,7
3.078,-0.0017390333925955991,7
3.08,-0.0019572302725956,7
3.082,-0.0013011319725955983,7
3.084,-0.0008570135725955979,7
3.086,-0.0008717029725955997,7
3.088,-0.0012284835725955984,7
3.09,-0.0012939778475955987,7
3.092,-0.001359472122595599,7
3.094,-0.0014249663975955994,7
3.096,-0.0014904606725955995,7
3.098,-0.0009423427725955992,7
3.1,-0.0008653988725955963,7
3.102,-0.0010316286725956005,7
3.104,-0.001335804522595599,7
3.106,-0.0016399803725955977,7
3.108,-0.0012606514225955972,7
3.11,-0.0008813224725955968,7
3.112,-0.0009061698225955984,7
3.114,-0.0009310171725956002,7
3.116,-0.0013497921225956,7
3.118,-0.0017685670725956,7
3.12,-0.0017795942059289332,7
3.122,-0.001790621339262266,7
3.124,-0.0018016484725955993,7
3.126,-0.0011804465725955976,7
3.128,-0.0008830164725955984,7
3.13,-0.0014657887725955995,7
3.132,-0.001590694047595599,7
3.134,-0.0017155993225955986,7
3.136,-0.001840504597595598,7
3.138,-0.0019654098725955978,7
3.14,-0.0013266992725955995,7
3.142,-0.0008666572725955987,7
3.144,-0.0009884824925955984,7
3.146,-0.0011103077125955985,7
3.148,-0.0012321329325955983,7
3.15,-0.0013539581525955982,7
3.152,-0.001475783372595598,7
3.154,-0.0011801561725955974,7
3.156,-0.0008845289725955968,7
3.158,-0.0009604806725955986,7
3.16,-0.0010364323725956003,7
3.162,-0.0019937117725955973,7
3.164,-0.0018832226392622644,7
3.166,-0.0017727335059289316,7
3.168,-0.0016622443725955987,7
3.17,-0.0010531908725955987,7
3.172,-0.0009125888725955952,7
3.174,-0.0017587176725955987,7
3.176,-0.0017858821725955988,7
3.178,-0.0018130466725955988,7
3.18,-0.0018402111725955989,7
3.182,-0.0013558784225955987,7
3.184,-0.0008715456725955985,7
3.186,-0.0008893084725955998,7
3.188,-0.0011796177225955997,7
3.19,-0.0014699269725955994,7
3.192,-0.0016295864725955993,7
3.194,-0.0017892459725955987,7
3.196,-0.0019489054725955988,7
3.198,-0.0013242550725955978,7
3.2,-0.0008907483725955987,7
3.202,-0.0008857631725955988,7
3.204,-0.0012012827725956,7
3.206,-0.0012722159975956,7
3.208,-0.0013431492225956,7
3.21,-0.0014140824475956,7
3.212,-0.0014850156725956,7
3.214,-0.0008767728725955977,7
3.216,-0.0009843176725955994,7
3.218,-0.0014695942225955985,7
3.22,-0.001954870772595598,7
3.222,-0.0018534163059289316,7
3.224,-0.0017519618392622652,7
3.226,-0.0016505073725955992,7
3.228,-0.0010686667725955995,7
3.23,-0.0008894173725955983,7
3.232,-0.0008932167725955973,7
3.234,-0.0017266042725955983,7
3.236,-0.0017630010725955987,7
3.238,-0.0017993978725955987,7
3.24,-0.0018357946725955988,7
3.242,-0.0011942163725955999,7
3.244,-0.0008759500725955964,7
3.246,-0.0008830527725956008,7
3.248,-0.0014690557725955972,7
3.25,-0.0016398150059289307,7
3.252,-0.0018105742392622644,7
3.254,-0.001981333472595598,7
3.256,-0.0013743490725956,7
3.258,-0.000922244672595598,7
3.26,-0.0009035622725955988,7
3.262,-0.0012210541725955967,7
3.264,-0.0011608506225955968,7
3.266,-0.0011006470725955968,7
3.268,-0.0010404435225955968,7
3.27,-0.0009802399725955969,7
3.272,-0.0009325720225955976,7
3.274,-0.0008849040725955985,7
3.276,-0.0010348472725955971,7
3.278,-0.0019795789725956005,7
3.28,-0.0014375534225955994,7
3.282,-0.0008955278725955982,7
3.284,-0.0009294562725955976,7
3.286,-0.0017494006725955972,7
3.288,-0.0017834984725955975,7
3.29,-0.0018175962725955983,7
3.292,-0.0018516940725955989,7
3.294,-0.0016918107225955994,7
3.296,-0.0015319273725956,7
3.298,-0.0013720440225956003,7
3.3,-0.001212160672595601,7
3.302,-0.000891752672595598,7
3.304,-0.0008966652725955966,7
3.306,-0.0014445653725955968,7
3.308,-0.0017010188225955968,7
3.31,-0.0019574722725955967,7
3.312,-0.001650071772595598,7
3.314,-0.001342671272595599,7
3.316,-0.0009142465725955964,7
3.318,-0.0008820000725955969,7
3.32,-0.0010398536475955972,7
3.322,-0.0011977072225955974,7
3.324,-0.0013555607975955977,7
3.326,-0.0015134143725955979,7
3.328,-0.0009835190725955966,7
3.33,-0.0009352279725955981,7
3.332,-0.0008869368725955996,7
3.334,-0.0010210532725955998,7
3.336,-0.0012438667059289324,7
3.338,-0.0014666801392622653,7
3.34,-0.001689493572595598,7
3.342,-0.0010625925725955988,7
3.344,-0.000956917222595598,7
3.346,-0.0008512418725955973,7
3.348,-0.000884843572595599,7
3.35,-0.001123497922595599,7
3.352,-0.001362152272595599,7
3.354,-0.0016008066225955987,7
3.356,-0.001839460972595599,7
3.358,-0.0008501770725955985,7
3.36,-0.0014452550725955991,7
3.362,-0.0017102934725955988,7
3.364,-0.0019753318725955985,7
3.366,-0.0017683129725955982,7
3.368,-0.001561294072595598,7
3.37,-0.0013542751725955978,7
3.372,-0.001126123622595598,7
3.374,-0.0008979720725955984,7
3.376,-0.0008839723725956003,7
3.378,-0.001193998572595601,7
3.38,-0.0012813151975956004,7
3.382,-0.0013686318225955996,7
3.384,-0.0014559484475955987,7
3.386,-0.001543265072595598,7
3.388,-0.0009830471725956,7
3.39,-0.0009037558725956008,7
3.392,-0.0010316165725955985,7
3.394,-0.001966801372595601,7
3.396,-0.0018787940392622664,7
3.398,-0.0017907867059289324,7
3.4,-0.0017027793725955982,7
3.402,-0.0010792905725955995,7
3.404,-0.0008887881725955972,7
3.406,-0.0009190744725956003,7
3.408,-0.0017131732725955988,7
3.41,-0.0017674538725955986,7
3.412,-0.0018217344725955985,7
3.414,-0.0018760150725955977,7
3.416,-0.0012292337725956,7
3.418,-0.0008705655725955996,7
3.42,-0.0008842022725955994,7
3.422,-0.0014372327725955987,7
3.424,-0.0014271575059289319,7
3.426,-0.0014170822392622652,7
3.428,-0.0014070069725955984,7
3.43,-0.0008732638725955991,7
3.432,-0.0011971929725955975,7
3.434,-0.0012552850725955971,7
3.436,-0.0013133771725955974,7
3.438,-0.0013714692725955973,7
3.44,-0.0014295613725955972,7
3.442,-0.0014876534725955972,7
3.444,-0.001545745572595597,7
3.446,-0.000977348072595599,7
3.448,-0.0008745948725955975,7
3.45,-0.0010088806725955975,7
3.452,-0.001954919172595597,7
3.454,-0.001875708539262264,7
3.456,-0.0017964979059289312,7
3.458,-0.0017172872725955985,7
3.46,-0.0010745352725955984,7
3.462,-0.0008693676725955966,7
3.464,-0.0009173925725955987,7
3.466,-0.0016952894725955987,7
3.468,-0.0015417283725955987,7
3.47,-0.0013881672725955987,7
3.472,-0.0012346061725955985,7
3.474,-0.000890300672595599,7
3.476,-0.0009024006725955986,7
3.478,-0.0010230558225955983,7
3.48,-0.0011437109725955987,7
3.482,-0.0012643661225955989,7
3.484,-0.001385021272595599,7
3.486,-0.0009129881725955976,7
3.488,-0.000875466072595598,7
3.49,-0.0009758839725955981,7
3.492,-0.0010763018725955982,7
3.494,-0.0011767197725955983,7
3.496,-0.0012720949975955982,7
3.498,-0.001367470222595598,7
3.5,-0.001462845447595598,8
3.502,-0.001558220672595598,8
3.504,-0.0010151484725955983,8
3.506,-0.0008924181725955983,8
3.508,-0.0010593909125955984,8
3.51,-0.0012263636525955985,8
3.512,-0.0013933363925955986,8
3.514,-0.0015603091325955987,8
3.516,-0.0017272818725955989,8
3.518,-0.0010813112725955986,8
3.52,-0.0008733848725955996,8
3.522,-0.0008904337725955981,8
3.524,-0.0016841453725955982,8
3.526,-0.001747347705928932,8
3.528,-0.0018105500392622655,8
3.53,-0.0018737523725955996,8
3.532,-0.0008769059725955968,8
3.534,-0.0011450480225955982,8
3.536,-0.0014131900725955996,8
3.538,-0.0016984536225955991,8
3.54,-0.0019837171725955983,8
3.542,-0.0017789811392622647,8
3.544,-0.0015742451059289311,8
3.546,-0.0013695090725955976,8
3.548,-0.0009179975725955997,8
3.55,-0.001165672472595601,8
3.552,-0.0012417475925956003,8
3.554,-0.0013178227125955997,8
3.556,-0.0013938978325955989,8
3.558,-0.0014699729525955983,8
3.56,-0.0015460480725955975,8
3.562,-0.0008851823725955983,8
3.564,-0.001917058272595598,8
3.566,-0.001351136432595598,8
3.568,-0.0007852145925955983,8
3.57,-0.0002192927525955983,8
3.572,0.00034662908740440163,8
3.574,0.0009125509274044012,8
3.576,-0.0008927448725955991,8
3.578,-0.0008937128725955977,8
3.58,-0.0016752639725955993,8
3.582,-0.0017272657392622655,8
3.584,-0.0017792675059289324,8
3.586,-0.0018312692725955988,8
3.588,-0.0012033760725955987,8
3.59,-0.0008630151725955976,8
3.592,-0.0008628578725955981,8
3.594,-0.0013742885725955972,8
3.596,-0.0015761488392622644,8
3.598,-0.0017780091059289315,8
3.6,-0.001979869372595599,8
3.602,-0.001391555272595598,8
3.604,-0.0008967741725955969,8
3.606,-0.0010231586725955987,8
3.608,-0.0011495431725956004,8
3.61,-0.0012481884225956,8
3.612,-0.0013468336725955994,8
3.614,-0.0014454789225955987,8
3.616,-0.0015441241725955984,8
3.618,-0.0009692410725955987,8
3.62,-0.0008706623725955997,8
3.622,-0.0019125086725956008,8
3.624,-0.0018602154975956,8
3.626,-0.0018079223225955995,8
3.628,-0.0017556291475955988,8
3.63,-0.001703335972595598,8
3.632,-0.0010776086725955995,8
3.634,-0.0008783821725955981,8
3.636,-0.000900646172595599,8
3.638,-0.0016485471725955995,8
3.64,-0.0017145244392622657,8
3.642,-0.001780501705928932,8
3.644,-0.001846478972595598,8
3.646,-0.0008814676725955994,8
3.648,-0.0008804512725955997,8
3.65,-0.0013652619725955972,8
3.652,-0.0013765452225955976,8
3.654,-0.0013878284725955979,8
3.656,-0.001399111722595598,8
3.658,-0.0014103949725955984,8
3.66,-0.0009379020725956003,8
3.662,-0.0009026184725955987,8
3.664,-0.0010125711725955987,8
3.666,-0.0011225238725955985,8
3.668,-0.0012324765725955983,8
3.67,-0.001342429272595598,8
3.672,-0.0014523819725955976,8
3.674,-0.0015623346725955976,8
3.676,-0.0010106472725956003,8
3.678,-0.0008910871725955981,8
3.68,-0.0009750369725955965,8
3.682,-0.001906228772595598,8
3.684,-0.0018435991725955984,8
3.686,-0.0017809695725955986,8
3.688,-0.0017183399725955988,8
3.69,-0.0010989046725955983,8
3.692,-0.0008761920725955974,8
3.694,-0.0009048569725956003,8
3.696,-0.0016547060725956002,8
3.698,-0.001519835439262266,8
3.7,-0.001384964805928932,8
3.702,-0.0012500941725955975,8
3.704,-0.0009003678725955991,8
3.706,-0.0014079023725955993,8
3.708,-0.0014040327925955991,8
3.71,-0.0014001632125955987,8
3.712,-0.0013962936325955984,8
3.714,-0.0013924240525955984,8
3.716,-0.0013885544725955982,8
3.718,-0.001148429972595598,8
3.72,-0.0009083054725955981,8
3.722,-0.0008826655725956006,8
3.724,-0.0011515033725955984,8
3.726,-0.0012482307725955983,8
3.728,-0.0013449581725955987,8
3.73,-0.0014416855725955988,8
3.732,-0.0015384129725955987,8
3.734,-0.0009822848725955964,8
3.736,-0.0008721022725955984,8
3.738,-0.0009526640725955984,8
3.74,-0.0018772976725955992,8
3.742,-0.0018320598059289323,8
3.744,-0.0017868219392622655,8
3.746,-0.0017415840725955988,8
3.748,-0.0008591068725955982,8
3.75,-0.0008682363225955992,8
3.752,-0.0008773657725956,8
3.754,-0.0016345474725955999,8
3.756,-0.001716662105928933,8
3.758,-0.001798776739262266,8
3.76,-0.0018808913725955995,8
3.762,-0.0012657394725956,8
3.764,-0.0008885824725955986,8
3.766,-0.001362188572595598,8
3.768,-0.001368059492595598,8
3.77,-0.0013739304125955979,8
3.772,-0.001379801332595598,8
3.774,-0.0013856722525955976,8
3.776,-0.0013915431725955978,8
3.778,-0.0009317794725955968,8
3.78,-0.0009092734725956,8
3.782,-0.0011587028725956008,8
3.784,-0.0012946020059289333,8
3.786,-0.0014305011392622656,8
3.788,-0.001566400272595598,8
3.79,-0.0009749038725955973,8
3.792,-0.0008848556725956011,8
3.794,-0.0009948809725956013,8
3.796,-0.0018982669725955967,8
3.798,-0.001840449139262264,8
3.8,-0.0017826313059289313,8
3.802,-0.0017248134725955985,8
3.804,-0.0010881356725955975,8
3.806,-0.0008729492725955966,8
3.808,-0.0009002105725955979,8
3.81,-0.0016147760725955963,8
3.812,-0.0016988105725955968,8
3.814,-0.0017828450725955972,8
3.816,-0.0018668795725955976,8
3.818,-0.0012228570725955987,8
3.82,-0.0008896230725955987,8
3.822,-0.0008960602725955994,8
3.824,-0.001349858672595598,8
3.826,-0.0013620595059289319,8
3.828,-0.0013742603392622656,8
3.83,-0.0013864611725955996,8
3.832,-0.0009066961725955976,8
3.834,-0.0008584050725955991,8
3.836,-0.0009892847225955997,8
3.838,-0.0011201643725956,8
3.84,-0.0012615770725955995,8
3.842,-0.0014029897725955987,8
3.844,-0.0015444024725955983,8
3.846,-0.0009640138725955978,8
3.848,-0.0009133995725955981,8
3.85,-0.0008627852725955984,8
3.852,-0.0009628038725956016,8
3.854,-0.0018838800725956009,8
3.856,-0.0018354437725956,8
3.858,-0.0017870074725955991,8
3.86,-0.0017385711725955988,8
3.862,-0.0008620592725955971,8
3.864,-0.0008827805225955968,8
3.866,-0.000903501772595596,8
3.868,-0.0016368101725955965,8
3.87,-0.0017625049725955976,8
3.872,-0.0018881997725955987,8
3.874,-0.0015632966225955988,8
3.876,-0.001238393472595599,8
3.878,-0.0008693071725956006,8
3.88,-0.0008837303725955959,8
3.882,-0.0013505604725955987,8
3.884,-0.0013622097475955988,8
3.886,-0.0013738590225955988,8
3.888,-0.0013855082975955987,8
3.89,-0.0013971575725955988,8
3.892,-0.0009199335725955971,8
3.894,-0.0008833794725955981,8
3.896,-0.001051263947595598,8
3.898,-0.001219148422595598,8
3.9,-0.001387032897595598,8
3.902,-0.0015549173725955979,8
3.904,-0.001274584572595598,8
3.906,-0.0009942517725955984,8
3.908,-0.0008680366725955981,8
3.91,-0.0009575887725955974,8
3.912,-0.001869505272595596,8
3.914,-0.0018227992725955969,8
3.916,-0.0017760932725955983,8
3.918,-0.0017293872725955995,8
3.92,-0.0010808272725955984,8
3.922,-0.0008394685725955971,8
3.924,-0.0008582719725955985,8
3.926,-0.0015736360725955975,8
3.928,-0.0016718759725955982,8
3.93,-0.0017701158725955985,8
3.932,-0.0018683557725955988,8
3.934,-0.0012070423725955987,8
3.936,-0.0008430501725955971,8
3.938,-0.0008565416725955997,8
3.94,-0.0013190278725955969,8
3.942,-0.0013352418725955972,8
3.944,-0.0013514558725955979,8
3.946,-0.0013676698725955984,8
3.948,-0.0013838838725955989,8
3.95,-0.0008843837725955976,8
3.952,-0.0008487129725955992,8
3.954,-0.0011029460725956,8
3.956,-0.0012163170225955996,8
3.958,-0.001329687972595599,8
3.96,-0.0014430589225955983,8
3.962,-0.001556429872595598,8
3.964,-0.0009780619725955984,8
3.966,-0.000854823472595599,8
3.968,-0.000952688272595599,8
3.97,-0.0012103335725955993,8
3.972,-0.0014679788725955995,8
3.974,-0.0017256241725955995,8
3.976,-0.0010878573725955978,8
3.978,-0.0008450345725955974,8
3.98,-0.0008693676725955966,8
3.982,-0.0012341645225955973,8
3.984,-0.001598961372595598,8
3.986,-0.0016849117059289315,8
3.988,-0.0017708620392622655,8
3.99,-0.0018568123725955996,8
3.992,-0.0012321498725955983,8
3.994,-0.0008591431725955971,8
3.996,-0.0008714972725955977,8
3.998,-0.0013283569725956003,8
4.0,-0.0015455882725956,9
4.002,-0.0017628195725955993,9
4.004,-0.0019800508725955988,9
4.006,-0.0008928174725956003,9
4.008,-0.0009930780725956002,9
4.01,-0.0010933386725956,9
4.012,-0.0011928805325955995,9
4.014,-0.0012924223925955991,9
4.016,-0.0013919642525955986,9
4.018,-0.0014915061125955983,9
4.02,-0.0015910479725955975,9
4.022,-0.0010041374725956002,9
4.024,-0.0008628215725955974,9
4.026,-0.0009542491725955984,9
4.028,-0.0018846302725956004,9
4.03,-0.0018351049725955997,9
4.032,-0.0017855796725955986,9
4.034,-0.0017360543725955975,9
4.036,-0.001112759172595599,9
4.038,-0.0008654835725955996,9
4.04,-0.0009021223725955984,9
4.042,-0.0015937583725955991,9
4.044,-0.0016961364725955987,9
4.046,-0.0017985145725955987,9
4.048,-0.0019008926725955983,9
4.05,-0.0008838997725955973,9
4.052,-0.0008913533725955987,9
4.054,-0.0008988069725955998,9
4.056,-0.0013239404725955987,9
4.058,-0.0012271616475955992,9
4.06,-0.0011303828225955991,9
4.062,-0.0010336039975955996,9
4.064,-0.0009368251725955997,9
4.066,-0.0009092976725955989,9
4.068,-0.0008817701725955981,9
4.07,-0.0011028008725955975,9
4.072,-0.001226157347595598,9
4.074,-0.0013495138225955983,9
4.076,-0.001472870297595599,9
4.078,-0.0015962267725955995,9
4.08,-0.0010228077725955975,9
4.082,-0.000899375672595598,9
4.084,-0.0009708382725956003,9
4.086,-0.0018816294725956008,9
4.088,-0.0018456924725956,9
4.09,-0.0018097554725955989,9
4.092,-0.001773818472595598,9
4.094,-0.0011183251725955991,9
4.096,-0.0009046754725955987,9
4.098,-0.0012636885225955983,9
4.1,-0.0016227015725955984,9
4.102,-0.001719106305928932,9
4.104,-0.0018155110392622648,9
4.106,-0.0019119157725955988,9
4.108,-0.0012719709725955983,9
4.11,-0.000877402072595599,9
4.112,-0.0008903490725955984,9
4.114,-0.0013479710725955996,9
4.116,-0.001363567972595599,9
4.118,-0.0013791648725955986,9
4.12,-0.001394761772595598,9
4.122,-0.0014103586725955975,9
4.124,-0.0009291174725956,9
4.126,-0.0008716182725955965,9
4.128,-0.001093132972595598,9
4.13,-0.001217148897595598,9
4.132,-0.001341164822595598,9
4.134,-0.0014651807475955982,9
4.136,-0.0015891966725955983,9
4.138,-0.0010252519725955991,9
4.14,-0.0009024248725955987,9
4.142,-0.0009668815725955987,9
4.144,-0.0018794756725955993,9
4.146,-0.0018438492392622652,9
4.148,-0.001808222805928932,9
4.15,-0.001772596372595598,9
4.152,-0.0011535724725956,9
4.154,-0.0008921640725955987,9
4.156,-0.0009000532725956001,9
4.158,-0.0015989855725956,9
4.16,-0.0019074750725955984,9
4.162,-0.0017003230725955987,9
4.164,-0.0014931710725955988,9
4.166,-0.001286019072595599,9
4.168,-0.0008945235725955972,9
4.17,-0.0011135093725955971,9
4.172,-0.001332495172595597,9
4.174,-0.0015502346725955972,9
4.176,-0.0017679741725955972,9
4.178,-0.0019857136725955973,9
4.18,-0.0014135167725955987,9
4.182,-0.0009364137725956008,9
4.184,-0.0008838271725955978,9
4.186,-0.001111452372595599,9
4.188,-0.0012348663225955987,9
4.19,-0.0013582802725955988,9
4.192,-0.0014816942225955986,9
4.194,-0.0016051081725955985,9
4.196,-0.0008720417725955972,9
4.198,-0.0009103382725955981,9
4.2,-0.0009486347725955989,9
4.202,-0.0018646773725955969,9
4.204,-0.0018077710725955985,9
4.206,-0.0017508647725955999,9
4.208,-0.0014395680725956,9
4.21,-0.0011282713725956003,9
4.212,-0.0008761799725955973,9
4.214,-0.0008902885725955989,9
4.216,-0.0015958516725955996,9
4.218,-0.0016925992392622655,9
4.22,-0.001789346805928932,9
4.222,-0.001886094372595598,9
4.224,-0.0012594716725955989,9
4.226,-0.0008790476725955999,9
4.228,-0.0008669960725956016,9
4.23,-0.001287241172595599,9
4.232,-0.0013276218975955992,9
4.234,-0.001368002622595599,9
4.236,-0.0014083833475955995,9
4.238,-0.0014487640725955996,9
4.24,-0.0009436979725955965,9
4.242,-0.000882484072595599,9
4.244,-0.001071268272595599,9
4.246,-0.001204050647595599,9
4.248,-0.0013368330225955987,9
4.25,-0.0014696153975955989,9
4.252,-0.0016023977725955988,9
4.254,-0.0010198432725955983,9
4.256,-0.0008839239725955995,9
4.258,-0.0009353973725955976,9
4.26,-0.0018420624725956,9
4.262,-0.0016031681392622659,9
4.264,-0.0013642738059289315,9
4.266,-0.0011253794725955971,9
4.268,-0.000860752472595599,9
4.27,-0.0008638742725955987,9
4.272,-0.0008669960725955981,9
4.274,-0.0015830619725955995,9
4.276,-0.0016930872725955991,9
4.278,-0.0018031125725955991,9
4.28,-0.0019131378725955987,9
4.282,-0.0012623756725955986,9
4.284,-0.0008669597725955972,9
4.286,-0.0008658223725955988,9
4.288,-0.001300490672595597,9
4.29,-0.0013333058725955972,9
4.292,-0.0013661210725955976,9
4.294,-0.001398936272595598,9
4.296,-0.0014317514725955983,9
4.298,-0.0009231521725955976,9
4.3,-0.001074680472595596,9
4.302,-0.0011831255125955968,9
4.304,-0.0012915705525955972,9
4.306,-0.001400015592595598,9
4.308,-0.0015084606325955984,9
4.31,-0.001616905672595599,9
4.312,-0.0010154025725955995,9
4.314,-0.0009423064725956019,9
4.316,-0.0013881793725956,9
4.318,-0.001834052272595598,9
4.32,-0.001803515905928932,9
4.322,-0.001772979539262265,9
4.324,-0.001742443172595599,9
4.326,-0.0011256940725955962,9
4.328,-0.0008902885725955989,9
4.33,-0.001542405972595598,9
4.332,-0.0016340876725955984,9
4.334,-0.0017257693725955987,9
4.336,-0.0018174510725955991,9
4.338,-0.0019091327725955995,9
4.34,-0.0008694523725955982,9
4.342,-0.0010692233725955978,9
4.344,-0.0012689943725955975,9
4.346,-0.0013116468725955979,9
4.348,-0.0013542993725955983,9
4.35,-0.0013969518725955987,9
4.352,-0.001439604372595599,9
4.354,-0.0008913654725955962,9
4.356,-0.001092346472595599,9
4.358,-0.0011950367525955991,9
4.36,-0.001297727032595599,9
4.362,-0.001400417312595599,9
4.364,-0.0015031075925955987,9
4.366,-0.001605797872595599,9
4.368,-0.0010288940725955969,9
4.37,-0.0008909056725955999,9
4.372,-0.0018608174725955988,9
4.374,-0.001838823705928932,9
4.376,-0.0018168299392622648,9
4.378,-0.0017948361725955984,9
4.38,-0.0011641236725955968,9
4.382,-0.0009082812725955992,9
4.384,-0.0009145551225955996,9
4.386,-0.0009208289725955998,9
4.388,-0.001591156872595598,9
4.39,-0.0017085188059289315,9
4.392,-0.001825880739262265,9
4.394,-0.0019432426725955983,9
4.396,-0.001297356772595598,9
4.398,-0.0008981172725955976,9
4.4,-0.0009037679725955976,9
4.402,-0.0013019305725955992,9
4.404,-0.0013387085225955988,9
4.406,-0.0013754864725955985,9
4.408,-0.001412264422595598,9
4.41,-0.0014490423725955978,9
4.412,-0.000951587172595596,9
4.414,-0.0008784547725955993,9
4.416,-0.0010749587725955995,9
4.418,-0.0012143205225955992,9
4.42,-0.001353682272595599,9
4.422,-0.0014930440225955988,9
4.424,-0.0016324057725955984,9
4.426,-0.0008888244725955997,9
4.428,-0.0009173139225955992,9
4.43,-0.0009458033725955987,9
4.432,-0.0018561105725955968,9
4.434,-0.0018274134059289313,9
4.436,-0.001798716239262265,9
4.438,-0.001770019072595599,9
4.44,-0.0011451145725955984,9
4.442,-0.0008926843725955998,9
4.444,-0.0009007187725956003,9
4.446,-0.0015640891725955967,9
4.448,-0.0014703303059289314,9
4.45,-0.001376571439262266,9
4.452,-0.0012828125725956006,9
4.454,-0.0008835609725955998,9
4.456,-0.0008876628725955991,9
4.458,-0.0008917647725955983,9
4.46,-0.0010023829725955985,9
4.462,-0.0011130011725955984,9
4.464,-0.0012236193725955985,9
4.466,-0.0013342375725955984,9
4.468,-0.0014448557725955987,9
4.47,-0.0009252454725955961,9
4.472,-0.0008870215725955976,9
4.474,-0.0010924311725955989,9
4.476,-0.001074057322595599,9
4.478,-0.001055683472595599,9
4.48,-0.0010373096225955987,9
4.482,-0.0010189357725955987,9
4.484,-0.0008801003725955985,9
4.486,-0.0009076702225955976,9
4.488,-0.0009352400725955965,9
4.49,-0.0018271189725955967,9
4.492,-0.0018135508392622644,9
4.494,-0.001799982705928932,9
4.496,-0.0017864145725955995,9
4.498,-0.0011483089725956002,9
4.5,-0.0008850855725955984,10
4.502,-0.0008887518725956,10
4.504,-0.0015339843725955989,10
4.506,-0.0016683790725955984,10
4.508,-0.001802773772595598,10
4.51,-0.0019371684725955976,10
4.512,-0.0012896853725955987,10
4.514,-0.0008888123725955993,10
4.516,-0.001299679972595601,10
4.518,-0.0012244881525956004,10
4.52,-0.0011492963325955997,10
4.522,-0.0010741045125955988,10
4.524,-0.0009989126925955983,10
4.526,-0.0009237208725955976,10
4.528,-0.0008975727725955987,10
4.53,-0.0008714246725955999,10
4.532,-0.0010249301125955991,10
4.534,-0.001178435552595599,10
4.536,-0.0013319409925955984,10
4.538,-0.0014854464325955983,10
4.54,-0.0016389518725955978,10
4.542,-0.0010196496725955982,10
4.544,-0.0008680608725955986,10
4.546,-0.0009507159725955992,10
4.548,-0.0018236946725955975,10
4.55,-0.0018139219059289315,10
4.552,-0.0018041491392622648,10
4.554,-0.0017943763725955988,10
4.556,-0.0011457800725955987,10
4.558,-0.0008724047725956005,10
4.56,-0.0008988674725955991,10
4.562,-0.001158575822595599,10
4.564,-0.0014182841725955987,10
4.566,-0.0016779925225955989,10
4.568,-0.0019377008725955987,10
4.57,-0.0012990023725955987,10
4.572,-0.0008902885725955989,10
4.574,-0.0008918615725956001,10
4.576,-0.0012861037725956004,10
4.578,-0.0013308344475956003,10
4.58,-0.0013755651225956,10
4.582,-0.0014202957975955996,10
4.584,-0.0014650264725955993,10
4.586,-0.0009643889725955978,10
4.588,-0.0009039615725955976,10
4.59,-0.0010910396725955956,10
4.592,-0.0012728462059289295,10
4.594,-0.0014546527392622632,10
4.596,-0.0016364592725955968,10
4.598,-0.0013326524725955971,10
4.6,-0.0010288456725955975,10
4.602,-0.0008750546725955975,10
4.604,-0.0018311603725955968,10
4.606,-0.0016593978475955972,10
4.608,-0.001487635322595598,10
4.61,-0.0013158727975955983,10
4.612,-0.0011441102725955991,10
4.614,-0.0010077009225955983,10
4.616,-0.0008712915725955974,10
4.618,-0.0009118507725955972,10
4.62,-0.0015691469725956,10
4.622,-0.0016998995725955996,10
4.624,-0.0018306521725955987,10
4.626,-0.0019614047725955985,10
4.628,-0.0013326645725956,10
4.63,-0.000927822772595597,10
4.632,-0.0009411811725956002,10
4.634,-0.0013208065725955984,10
4.636,-0.0013767731059289318,10
4.638,-0.0014327396392622652,10
4.64,-0.0014887061725955986,10
4.642,-0.0012273703725955995,10
4.644,-0.0009660345725956003,10
4.646,-0.0009088499725955976,10
4.648,-0.0010886438725955967,10
4.65,-0.0012313966475955968,10
4.652,-0.0013741494225955973,10
4.654,-0.0015169021975955975,10
4.656,-0.0016596549725955976,10
4.658,-0.0010568208725956,10
4.66,-0.0008972339725955986,10
4.662,-0.0009594521725956003,10
4.664,-0.0018246263725955976,10
4.666,-0.0018284136725955984,10
4.668,-0.0018322009725955984,10
4.67,-0.0011714320725955997,10
4.672,-0.0008863197725955986,10
4.674,-0.0011045795725955984,10
4.676,-0.0013228393725955984,10
4.678,-0.001541099172595598,10
4.68,-0.001672614072595598,10
4.682,-0.0018041289725955973,10
4.684,-0.0019356438725955968,10
4.686,-0.0012944043725955992,10
4.688,-0.000884214372595598,10
4.69,-0.0008817580725955995,10
4.692,-0.0012830666725955984,10
4.694,-0.0013371082975955984,10
4.696,-0.0013911499225955984,10
4.698,-0.0014451915475955984,10
4.7,-0.0014992331725955984,10
4.702,-0.0009155775725955968,10
4.704,-0.0010025221225955971,10
4.706,-0.001089466672595598,10
4.708,-0.0012284654225955985,10
4.71,-0.0013674641725955987,10
4.712,-0.0015064629225955992,10
4.714,-0.0016454616725955998,10
4.716,-0.0010497544725955996,10
4.718,-0.0008934103725955992,10
4.72,-0.0009451741725956009,10
4.722,-0.0018080493725955993,10
4.724,-0.001809880505928932,10
4.726,-0.0018117116392622648,10
4.728,-0.001813542772595598,10
4.73,-0.001194095372595596,10
4.732,-0.0009074342725955976,10
4.734,-0.0009083659725955991,10
4.736,-0.0015296888725955975,10
4.738,-0.001739714622595598,10
4.74,-0.0019497403725955984,10
4.742,-0.0016281828725955988,10
4.744,-0.0013066253725955987,10
4.746,-0.0008937612725955971,10
4.748,-0.0008815523725955975,10
4.75,-0.0012659088725955978,10
4.752,-0.0013149138725955976,10
4.754,-0.0013639188725955975,10
4.756,-0.0014129238725955975,10
4.758,-0.0014619288725955977,10
4.76,-0.0009679705725955981,10
4.762,-0.000924108072595596,10
4.764,-0.0010873612725955971,10
4.766,-0.0010697557725955972,10
4.768,-0.001052150272595597,10
4.77,-0.0010345447725955967,10
4.772,-0.0009848541059289308,10
4.774,-0.0009351634392622648,10
4.776,-0.0008854727725955986,10
4.778,-0.001807795272595598,10
4.78,-0.0018100095725955983,10
4.782,-0.0018122238725955993,10
4.784,-0.0018144381725955995,10
4.786,-0.0018166524725956,10
4.788,-0.0011801803725955996,10
4.79,-0.000890954072595599,10
4.792,-0.0009067929725956014,10
4.794,-0.0015408692725955974,10
4.796,-0.0016840929392622644,10
4.798,-0.001827316605928932,10
4.8,-0.0019705402725955982,10
4.802,-0.0013445225725955967,10
4.804,-0.0009152629725955977,10
4.806,-0.0008950317725955961,10
4.808,-0.0012585520725955993,10
4.81,-0.001329393539262266,10
4.812,-0.001400235005928933,10
4.814,-0.0014710764725955996,10
4.816,-0.0012102065225955995,10
4.818,-0.0009493365725955997,10
4.82,-0.0008812740725955974,10
4.822,-0.0010668517725955992,10
4.824,-0.0012223125725955987,10
4.826,-0.001377773372595598,10
4.828,-0.0015332341725955976,10
4.83,-0.001688694972595597,10
4.832,-0.0010625925725955988,10
4.834,-0.0008803786725955983,10
4.836,-0.0009276533725956008,10
4.838,-0.0018043346725956,10
4.84,-0.0015986750059289328,10
4.842,-0.0013930153392622657,10
4.844,-0.0011873556725955983,10
4.846,-0.0008818064725955969,10
4.848,-0.0008736268725955987,10
4.85,-0.0015069529725955967,10
4.852,-0.001438317739262264,10
4.854,-0.0013696825059289312,10
4.856,-0.0013010472725955985,10
4.858,-0.0010970231225955977,10
4.86,-0.0008929989725955968,10
4.862,-0.0009004525725955989,10
4.864,-0.0012806587725955971,10
4.866,-0.0013386238225955977,10
4.868,-0.001396588872595598,10
4.87,-0.0014545539225955984,10
4.872,-0.0015125189725955987,10
4.874,-0.0009178039725955962,10
4.876,-0.0009980451225955966,10
4.878,-0.0010782862725955966,10
4.88,-0.0012254101725955968,10
4.882,-0.0013725340725955968,10
4.884,-0.0015196579725955972,10
4.886,-0.0016667818725955971,10
4.888,-0.0010595070725955991,10
4.89,-0.0009111368725955965,10
4.892,-0.0017830144725955992,10
4.894,-0.0017895182225955988,10
4.896,-0.0017960219725955988,10
4.898,-0.0018025257225955985,10
4.9,-0.0018090294725955985,10
4.902,-0.001177784572595597,10
4.904,-0.0008917284725955993,10
4.906,-0.0012020934725955992,10
4.908,-0.001512458472595599,10
4.91,-0.0016670561392622657,10
4.912,-0.001821653805928932,10
4.914,-0.001976251472595598,10
4.916,-0.0013221980725955996,10
4.918,-0.0008890422725955984,10
4.92,-0.0008813224725955984,10
4.922,-0.0012458712725955962,10
4.924,-0.001302819922595597,10
4.926,-0.0013597685725955976,10
4.928,-0.0014167172225955983,10
4.93,-0.0014736658725955987,10
4.932,-0.0009520106725955986,10
4.934,-0.000892369772595599,10
4.936,-0.001051629972595596,10
4.938,-0.0012015489725955967,10
4.94,-0.0013514679725955972,10
4.942,-0.0015013869725955975,10
4.944,-0.0016513059725955983,10
4.946,-0.0010573169725955987,10
4.948,-0.0009118628725955976,10
4.95,-0.0009627070725955998,10
4.952,-0.0018079888725956,10
4.954,-0.0018143575059289324,10
4.956,-0.0018207261392622653,10
4.958,-0.0018270947725955984,10
4.96,-0.0009062242725955994,10
4.962,-0.0009183242725955987,10
4.964,-0.0009304242725955981,10
4.966,-0.001192498172595598,10
4.968,-0.0014545720725955983,10
4.97,-0.0017166459725955984,10
4.972,-0.0019787198725955985,10
4.974,-0.0013458535725956004,10
4.976,-0.0009250518725955978,10
4.978,-0.0009169811725956016,10
4.98,-0.0012703495725955999,10
4.982,-0.001174864439262266,10
4.984,-0.0010793793059289322,10
4.986,-0.0009838941725955983,10
4.988,-0.0009014447725955965,10
4.99,-0.0010624473725956013,10
4.992,-0.0011830214525956003,10
4.994,-0.0013035955325956,10
4.996,-0.0014241696125955991,10
4.998,-0.0015447436925955988,10
5.0,-0.001665317772595598,11
5.002,-0.000892224572595598,11
5.004,-0.0017963849725955976,11
5.006,-0.001811376872595598,11
5.008,-0.0018263687725955985,11
5.01,-0.0008681455725956001,11
5.012,-0.0008802092725955987,11
5.014,-0.0010389098475955987,11
5.016,-0.0011976104225955991,11
5.018,-0.0013563109975955991,11
5.02,-0.0015150115725955995,11
5.022,-0.0016020831725955995,11
5.024,-0.0016891547725955997,11
5.026,-0.0017762263725955997,11
5.028,-0.0018632979725956,11
5.03,-0.0019503695725956,11
5.032,-0.0009161099725955977,11
5.034,-0.0010943732225955983,11
5.036,-0.0012726364725955987,11
5.038,-0.0013853116725955992,11
5.04,-0.0014979868725955997,11
5.042,-0.0012368265225955986,11
5.044,-0.0009756661725955976,11
5.046,-0.0009088257725956006,11
5.048,-0.0010605476725955992,11
5.05,-0.001185025212595599,11
5.052,-0.0013095027525955988,11
5.054,-0.0014339802925955989,11
5.056,-0.0015584578325955987,11
5.058,-0.0016829353725955985,11
5.06,-0.0010695500725955967,11
5.062,-0.000871702972595598,11
5.064,-0.0009317673725956001,11
5.066,-0.0011147411525955996,11
5.068,-0.0012977149325955992,11
5.07,-0.0014806887125955986,11
5.072,-0.0016636624925955982,11
5.074,-0.0018466362725955972,11
5.076,-0.0011968299725955995,11
5.078,-0.0008908330725956002,11
5.08,-0.0012064857725955997,11
5.082,-0.001522138472595599,11
5.084,-0.0014280851725955983,11
5.086,-0.0013340318725955976,11
5.088,-0.0008964232725955992,11
5.09,-0.0012599435725955989,11
5.092,-0.0012940552011670276,11
5.094,-0.001328166829738456,11
5.096,-0.0013622784583098848,11
5.098,-0.0013963900868813135,11
5.1,-0.0014305017154527422,11
5.102,-0.0014646133440241707,11
5.104,-0.0014987249725955994,11
5.106,-0.0009606621725955984,11
5.108,-0.0009047117725955976,11
5.11,-0.0010545702725955966,11
5.112,-0.0012080799475955967,11
5.114,-0.0013615896225955971,11
5.116,-0.0015150992975955977,11
5.118,-0.001668608972595598,11
5.12,-0.0008785031725955986,11
5.122,-0.001337214172595598,11
5.124,-0.0017959251725955978,11
5.126,-0.0018031488725955985,11
5.128,-0.0018103725725955987,11
5.13,-0.0018175962725955992,11
5.132,-0.0018248199725956,11
5.134,-0.0008971250725956,11
5.136,-0.0008968588725955993,11
5.138,-0.0008965926725955987,11
5.14,-0.0015107402725955989,11
5.142,-0.0014764458475955984,11
5.144,-0.0014421514225955983,11
5.146,-0.001407856997595598,11
5.148,-0.0013735625725955975,11
5.15,-0.0009277743725955976,11
5.152,-0.0010260041892622643,11
5.154,-0.0011242340059289316,11
5.156,-0.0012224638225955984,11
5.158,-0.0013206936392622653,11
5.16,-0.001418923455928932,11
5.162,-0.0015171532725955991,11
5.164,-0.0009663733725955981,11
5.166,-0.0010668517725955992,11
5.168,-0.0011929361925955989,11
5.17,-0.0013190206125955983,11
5.172,-0.001445105032595598,11
5.174,-0.0015711894525955977,11
5.176,-0.0016972738725955971,11
5.178,-0.0010655812725955983,11
5.18,-0.0009009123725955987,11
5.182,-0.000959210172595596,11
5.184,-0.001802059872595598,11
5.186,-0.0018273307225955984,11
5.188,-0.0018526015725955985,11
5.19,-0.0011989595725955988,11
5.192,-0.001051442422595598,11
5.194,-0.000903925272595597,11
5.196,-0.0009236724725955985,11
5.198,-0.0010150129525955984,11
5.2,-0.0011063534325955985,11
5.202,-0.0011976939125955984,11
5.204,-0.0012890343925955985,11
5.206,-0.0013803748725955984,11
5.208,-0.0009162430725956003,11
5.21,-0.0012654611725955982,11
5.212,-0.0011729294475955987,11
5.214,-0.0010803977225955991,11
5.216,-0.0009878659975955998,11
5.218,-0.0008953342725955999,11
5.22,-0.001078274172595598,11
5.222,-0.001078195522595598,11
5.224,-0.001078116872595598,11
5.226,-0.001078038222595598,11
5.228,-0.001077959572595598,11
5.23,-0.001077880922595598,11
5.232,-0.001077802272595598,11
5.234,-0.001016207222595598,11
5.236,-0.000954612172595598,11
5.238,-0.0017913150725955996,11
5.24,-0.0018107113725955991,11
5.242,-0.0018301076725955989,11
5.244,-0.0018495039725955984,11
5.246,-0.0015258410725955988,11
5.248,-0.0012021781725955992,11
5.25,-0.000893253072595598,11
5.252,-0.0009052199725955994,11
5.254,-0.0009171868725956003,11
5.256,-0.0015188714725955978,11
5.258,-0.0014758378225955982,11
5.26,-0.0014328041725955984,11
5.262,-0.0013897705225955988,11
5.264,-0.0013467368725955991,11
5.266,-0.0008999322725955961,11
5.268,-0.0009037558725955991,11
5.27,-0.001262399872595599,11
5.272,-0.001187842697595599,11
5.274,-0.001113285522595599,11
5.276,-0.001038728347595599,11
5.278,-0.000964171172595599,11
5.28,-0.0009244589725955982,11
5.282,-0.0008847467725955973,11
5.284,-0.001057667872595598,11
5.286,-0.0010002291725955987,11
5.288,-0.0009427904725955991,11
5.29,-0.0008853517725955998,11
5.292,-0.001021665186881314,11
5.294,-0.001157978601167028,11
5.296,-0.0012942920154527422,11
5.298,-0.0014306054297384563,11
5.3,-0.0015669188440241705,11
5.302,-0.0017032322583098846,11
5.304,-0.0018395456725955987,11
5.306,-0.0012036543725955987,11
5.308,-0.0008984076725955976,11
5.31,-0.0014967889725956,11
5.312,-0.0017469867225955995,11
5.314,-0.001997184472595599,11
5.316,-0.0017312083225955988,11
5.318,-0.0014652321725955987,11
5.32,-0.0011992560225955987,11
5.322,-0.0009332798725955986,11
5.324,-0.0009312954725955968,11
5.326,-0.0012596047725955996,11
5.328,-0.0013264088725955991,11
5.33,-0.0013932129725955991,11
5.332,-0.0014600170725955989,11
5.334,-0.0015268211725955987,11
5.336,-0.0009691684725955992,11
5.338,-0.0008925512725955971,11
5.34,-0.0010536385725955983,11
5.342,-0.0012194781475955985,11
5.344,-0.0013853177225955984,11
5.346,-0.0015511572975955984,11
5.348,-0.0017169968725955984,11
5.35,-0.0010936290725955984,11
5.352,-0.0009815225725955982,11
5.354,-0.001795804172595599,11
5.356,-0.0018140600475955993,11
5.358,-0.0018323159225955993,11
5.36,-0.0018505717975955992,11
5.362,-0.0018688276725955988,11
5.364,-0.0012121364725955989,11
5.366,-0.0009166060725956,11
5.368,-0.0015126762725955999,11
5.37,-0.0014866152925955992,11
5.372,-0.0014605543125955987,11
5.374,-0.0014344933325955982,11
5.376,-0.0014084323525955975,11
5.378,-0.001382371372595597,11
5.38,-0.0009454282725955969,11
5.382,-0.0009228012725955996,11
5.384,-0.0009400897525955994,11
5.386,-0.0009573782325955988,11
5.388,-0.0009746667125955982,11
5.39,-0.0009919551925955975,11
5.392,-0.0010092436725955972,11
5.394,-0.0009087047725955984,11
5.396,-0.0010680496725955987,11
5.398,-0.0012336653975955985,11
5.4,-0.0013992811225955982,11
5.402,-0.001564896847595598,11
5.404,-0.0017305125725955977,11
5.406,-0.0009084022725955982,11
5.408,-0.0009310353225955981,11
5.41,-0.0009536683725955981,11
5.412,-0.0011809093975955983,11
5.414,-0.0014081504225955986,11
5.416,-0.0016353914475955988,11
5.418,-0.0018626324725955993,11
5.42,-0.001207949872595598,11
5.422,-0.0008903732725955987,11
5.424,-0.0009226076725955996,11
5.426,-0.0015187746725955976,11
5.428,-0.001677361305928931,11
5.43,-0.0018359479392622649,11
5.432,-0.0019945345725955986,11
5.434,-0.0013515163725955988,11
5.436,-0.0009206958725955992,11
5.438,-0.0009154928725955968,11
5.44,-0.0012655458725955998,11
5.442,-0.0013252139975955994,11
5.444,-0.001384882122595599,11
5.446,-0.0014445502475955987,11
5.448,-0.0015042183725955983,11
5.45,-0.0009994426725956002,11
5.452,-0.0009301338725955998,11
5.454,-0.0010747409725955987,11
5.456,-0.0012285077725955988,11
5.458,-0.0013822745725955987,11
5.46,-0.0015360413725955986,11
5.462,-0.0016898081725955983,11
5.464,-0.0011064671725955991,11
5.466,-0.0009303153725955976,11
5.468,-0.0009589318725955997,11
5.47,-0.0011806734475955996,11
5.472,-0.0014024150225955996,11
5.474,-0.0016241565975955996,11
5.476,-0.0018458981725956,11
5.478,-0.0012123421725955992,11
5.48,-0.0009126735725955986,11
5.482,-0.0011965395725955985,11
5.484,-0.0014804055725955983,11
5.486,-0.0016476437059289317,11
5.488,-0.0018148818392622651,11
5.49,-0.0019821199725955987,11
5.492,-0.0013599742725955988,11
5.494,-0.0009353005725955993,11
5.496,-0.0009241080725955997,11
5.498,-0.0012397607725955998,11
5.5,-0.0013392590725955992,12
5.502,-0.0014387573725955984,12
5.504,-0.0015382556725955976,12
5.506,-0.0009880081725955998,12
5.508,-0.0009535110725956003,12
5.51,-0.0009190139725956009,12
5.512,-0.0010576073725955988,12
5.514,-0.0012196112475955988,12
5.516,-0.0013816151225955987,12
5.518,-0.0015436189975955986,12
5.52,-0.0017056228725955984,12
5.522,-0.0010900474725956,12
5.524,-0.0009127219725955997,12
5.526,-0.0009680794725955982,12
5.528,-0.0010310115725955986,12
5.53,-0.001093943672595599,12
5.532,-0.0011568757725955992,12
5.534,-0.0012198078725955996,12
5.536,-0.0010724782725955988,12
5.538,-0.0009251486725955981,12
5.54,-0.0012176722225955975,12
5.542,-0.0015101957725955975,12
5.544,-0.0016709241059289313,12
5.546,-0.0018316524392622648,12
5.548,-0.001992380772595599,12
5.55,-0.0009326748725955998,12
5.552,-0.0009127038225955992,12
5.554,-0.0008927327725955987,12
5.556,-0.0012177024725955991,12
5.558,-0.0012946161225955992,12
5.56,-0.0013715297725955993,12
5.562,-0.0014484434225955991,12
5.564,-0.0015253570725955994,12
5.566,-0.0009890124725955988,12
5.568,-0.0010224689725955999,12
5.57,-0.001976941172595597,12
5.572,-0.0019094564475955968,12
5.574,-0.0018419717225955973,12
5.576,-0.0017744869975955975,12
5.578,-0.001707002272595598,12
5.58,-0.0010888011725955996,12
5.582,-0.0008965200725955974,12
5.584,-0.0009449321725955965,12
5.586,-0.0017516996725955997,12
5.588,-0.0017867574059289328,12
5.59,-0.0018218151392622656,12
5.592,-0.0018568728725955987,12
5.594,-0.0009046754725955987,12
5.596,-0.0009274476725955985,12
5.598,-0.001208095072595598,12
5.6,-0.0014887424725955976,12
5.602,-0.0014615840225955978,12
5.604,-0.001434425572595598,12
5.606,-0.0014072671225955984,12
5.608,-0.0013801086725955987,12
5.61,-0.0009486952725956,12
5.612,-0.0012295604725955991,12
5.614,-0.0013074360725955987,12
5.616,-0.0013853116725955983,12
5.618,-0.001463187272595598,12
5.62,-0.0015410628725955975,12
5.622,-0.0012753892225955982,12
5.624,-0.0010097155725955988,12
5.626,-0.0009180459725955971,12
5.628,-0.0010216461725955984,12
5.63,-0.0019916063725956,12
5.632,-0.0018438290725956,12
5.634,-0.0016960517725955991,12
5.636,-0.0013925232725955983,12
5.638,-0.001088994772595598,12
5.64,-0.0009062847725956005,12
5.642,-0.0009037800725955996,12
5.644,-0.0017143469725955998,12
5.646,-0.0017883142725955987,12
5.648,-0.001862281572595598,12
5.65,-0.0012142781725955967,12
5.652,-0.0010504925725955975,12
5.654,-0.0008867069725955987,12
5.656,-0.0008848677725955997,12
5.658,-0.0014357202725955968,12
5.66,-0.0017087204725955984,12
5.662,-0.0019817206725956,12
5.664,-0.0013717717725955994,12
5.666,-0.0009273387725955984,12
5.668,-0.0009230130225955992,12
5.67,-0.0009186872725956001,12
5.672,-0.0012184405725956004,12
5.674,-0.0012954237975956002,12
5.676,-0.0013724070225955998,12
5.678,-0.0014493902475955995,12
5.68,-0.001526373472595599,12
5.682,-0.0008951890725956007,12
5.684,-0.0009665548725955997,12
5.686,-0.0010379206725955985,12
5.688,-0.0012092778475955987,12
5.69,-0.0013806350225955989,12
5.692,-0.001551992197595599,12
5.694,-0.0017233493725955992,12
5.696,-0.0011057653725956,12
5.698,-0.000941326372595596,12
5.7,-0.0017694624725955992,12
5.702,-0.0016342026225955992,12
5.704,-0.0014989427725955991,12
5.706,-0.001363682922595599,12
5.708,-0.0012284230725955988,12
5.71,-0.0009166665725955978,12
5.712,-0.0011949060725955987,12
5.714,-0.0014731455725955995,12
5.716,-0.0014513867475955992,12
5.718,-0.001429627922595599,12
5.72,-0.0014078690975955987,12
5.722,-0.0013861102725955983,12
5.724,-0.0009392814725956,12
5.726,-0.0009208773725955998,12
5.728,-0.0009024732725955997,12
5.73,-0.0012058323725955972,12
5.732,-0.0012926740725955977,12
5.734,-0.001379515772595598,12
5.736,-0.0014663574725955987,12
5.738,-0.0015531991725955992,12
5.74,-0.0010014512725955976,12
5.742,-0.0009110037725955992,12
5.744,-0.0010277687725956004,12
5.746,-0.0019864275725955984,12
5.748,-0.0018897122725955984,12
5.75,-0.0017929969725955983,12
5.752,-0.001696281672595598,12
5.754,-0.0010707600725956,12
5.756,-0.0008816128725955968,12
5.758,-0.0009098421725955984,12
5.76,-0.0017318798725956003,12
5.762,-0.001768268605928933,12
5.764,-0.0018046573392622655,12
5.766,-0.0018410460725955984,12
5.768,-0.0012048643725956,12
5.77,-0.0008939548725955971,12
5.772,-0.0008989279725955986,12
5.774,-0.0014443959725955972,12
5.776,-0.0016223789059289309,12
5.778,-0.0018003618392622648,12
5.78,-0.0019783447725955985,12
5.782,-0.0013461318725955969,12
5.784,-0.0009299644725955982,12
5.786,-0.0009063331725955996,12
5.788,-0.0009266563325955992,12
5.79,-0.0009469794925955987,12
5.792,-0.0009673026525955984,12
5.794,-0.000987625812595598,12
5.796,-0.0010079489725955976,12
5.798,-0.0009138835725955968,12
5.8,-0.0009643163725955983,12
5.802,-0.0010147491725955998,12
5.804,-0.0019841890725956005,12
5.806,-0.0018594320225956,12
5.808,-0.0017346749725955998,12
5.81,-0.0009121169725955987,12
5.812,-0.0009224140725955978,12
5.814,-0.0009327111725955969,12
5.816,-0.001343270222595598,12
5.818,-0.001753829272595599,12
5.82,-0.0017909238392622654,12
5.822,-0.001828018405928932,12
5.824,-0.001865112972595598,12
5.826,-0.001240002772595599,12
5.828,-0.0009101809725955977,12
5.83,-0.0009150330725955989,12
5.832,-0.0014860562725956,12
5.834,-0.0013476171475956,12
5.836,-0.0012091780225955999,12
5.838,-0.0010707388975955995,12
5.84,-0.0009322997725955997,12
5.842,-0.0009173925725955987,12
5.844,-0.0009024853725955982,12
5.846,-0.0012416120725955992,12
5.848,-0.0013482695392622653,12
5.85,-0.0014549270059289316,12
5.852,-0.0015615844725955976,12
5.854,-0.0010006647725955967,12
5.856,-0.000910798072595597,12
5.858,-0.001454317972595598,12
5.86,-0.0019978378725955988,12
5.862,-0.0019285835225955987,12
5.864,-0.0018593291725955991,12
5.866,-0.0017900748225955993,12
5.868,-0.0017208204725955994,12
5.87,-0.0011053297725955988,12
5.872,-0.0009286455725955981,12
5.874,-0.0009542249725955977,12
5.876,-0.0012627386725955975,12
5.878,-0.0015712523725955976,12
5.88,-0.0018797660725955977,12
5.882,-0.0009142223725955994,12
5.884,-0.0009164487725955988,12
5.886,-0.0009186751725955983,12
5.888,-0.0009209015725955978,12
5.89,-0.0014738836725955995,12
5.892,-0.001448146972595599,12
5.894,-0.0014224102725955987,12
5.896,-0.0013966735725955987,12
5.898,-0.0008916921725956005,12
5.9,-0.0010569176725956,12
5.902,-0.0012221431725955995,12
5.904,-0.0012924465925955992,12
5.906,-0.0013627500125955989,12
5.908,-0.0014330534325955988,12
5.91,-0.0015033568525955985,12
5.912,-0.001573660272595598,12
5.914,-0.0010171570725955972,12
5.916,-0.0009050747725955992,12
5.918,-0.0010352707725956,12
5.92,-0.0019854595725956013,12
5.922,-0.0018958832725956005,12
5.924,-0.0018063069725955997,12
5.926,-0.0017167306725955987,12
5.928,-0.0010885954725955976,12
5.93,-0.0009008397725955992,12
5.932,-0.0009398501725956,12
5.934,-0.0011709843725955997,12
5.936,-0.0014021185725955991,12
5.938,-0.001633252772595599,12
5.94,-0.0018643869725955985,12
5.942,-0.001220848472595598,12
5.944,-0.0009048085725955976,12
5.946,-0.0009198488725955971,12
5.948,-0.0014624007725955995,12
5.95,-0.0017306638225955987,12
5.952,-0.001998926872595598,12
5.954,-0.001679716772595598,12
5.956,-0.001360506672595598,12
5.958,-0.0009183968725955984,12
5.96,-0.0008984802725955991,12
5.962,-0.001203521272595598,12
5.964,-0.001154071597595598,12
5.966,-0.001104621922595598,12
5.968,-0.001055172247595598,12
5.97,-0.0010057225725955982,12
5.972,-0.0009117660725955994,12
5.974,-0.0009737483225955985,12
5.976,-0.001035730572595598,12
5.978,-0.0012060531975955982,12
5.98,-0.0013763758225955984,12
5.982,-0.0015466984475955986,12
5.984,-0.0017170210725955988,12
5.986,-0.0010936895725955976,12
5.988,-0.0008880984725955984,12
5.99,-0.0009214581725955976,12
5.992,-0.0017249465725955992,12
5.994,-0.0017727456059289323,12
5.996,-0.0018205446392622656,12
5.998,-0.0018683436725955987,12
6.0,-0.0012221552725955997,13
6.002,-0.0008771600725955963,13
6.004,-0.0008765308725956003,13
6.006,-0.0014389630725955992,13
6.008,-0.001310442922595599,13
6.01,-0.0011819227725955988,13
6.012,-0.0010534026225955985,13
6.014,-0.0009248824725955982,13
6.016,-0.001225724772595596,13
6.018,-0.0011827262125955963,13
6.02,-0.001139727652595597,13
6.022,-0.0010967290925955977,13
6.024,-0.001053730532595598,13
6.026,-0.0010107319725955986,13
6.028,-0.001027175872595598,13
6.03,-0.0010436197725955975,13
6.032,-0.001360401805928932,13
6.034,-0.001677183839262266,13
6.036,-0.0019939658725956,13
6.038,-0.001905861739262266,13
6.04,-0.001817757605928932,13
6.042,-0.0017296534725955975,13
6.044,-0.001116449672595601,13
6.046,-0.0009296377725955973,13
6.048,-0.0017384501725956,13
6.05,-0.0017770340475955996,13
6.052,-0.0018156179225955991,13
6.054,-0.0018542017975955987,13
6.056,-0.0018927856725955985,13
6.058,-0.0012515945725955976,13
6.06,-0.001449756272595597,13
6.062,-0.001356148655928931,13
6.064,-0.0012625410392622647,13
6.066,-0.0011689334225955987,13
6.068,-0.0010753258059289323,13
6.07,-0.0009817181892622664,13
6.072,-0.0008881105725956003,13
6.074,-0.0009908355392622668,13
6.076,-0.0010935605059289334,13
6.078,-0.0011962854725955999,13
6.08,-0.0012867934725955994,13
6.082,-0.0013773014725955988,13
6.084,-0.0014678094725955983,13
6.086,-0.001558317472595598,13
6.088,-0.001000434872595598,13
6.09,-0.0009029572725955982,13
6.092,-0.0010186937725955997,13
6.094,-0.0011961160725955991,13
6.096,-0.001373538372595599,13
6.098,-0.0015509606725955987,13
6.1,-0.0017283829725955983,13
6.102,-0.0011051966725955983,13
6.104,-0.0009094307725955997,13
6.106,-0.0009386280725956,13
6.108,-0.0017340457725955986,13
6.11,-0.0017884594725955983,13
6.112,-0.0018428731725955985,13
6.114,-0.0018972868725955975,13
6.116,-0.0008785999725956003,13
6.118,-0.0008887034725956,13
6.12,-0.0008988069725955998,13
6.122,-0.0014423268725955972,13
6.124,-0.0014289775475955975,13
6.126,-0.0014156282225955975,13
6.128,-0.001402278897595598,13
6.13,-0.0013889295725955982,13
6.132,-0.0009495785725955987,13
6.134,-0.000932457072595601,13
6.136,-0.0012210420725955982,13
6.138,-0.0013498869059289315,13
6.14,-0.0014787317392622652,13
6.142,-0.0016075765725955989,13
6.144,-0.001019867472595597,13
6.146,-0.0010568329725955984,13
6.148,-0.0015280977225955988,13
6.15,-0.001999362472595599,13
6.152,-0.0019398909725955992,13
6.154,-0.0018804194725955995,13
6.156,-0.0018209479725955996,13
6.158,-0.0017614764725955995,13
6.16,-0.0011230804725956,13
6.162,-0.0009169690725955997,13
6.164,-0.0009456460725955976,13
6.166,-0.0017406765725955994,13
6.168,-0.001792500872595599,13
6.17,-0.0018443251725955984,13
6.172,-0.0018961494725955976,13
6.174,-0.0012378610725955995,13
6.176,-0.0008988795725955976,13
6.178,-0.0009096848725955971,13
6.18,-0.0014581294725956003,13
6.182,-0.001435728339262266,13
6.184,-0.0014133272059289315,13
6.186,-0.0013909260725955969,13
6.188,-0.0011632040725955972,13
6.19,-0.0009354820725955976,13
6.192,-0.001038892705928931,13
6.194,-0.0011423033392622642,13
6.196,-0.0012457139725955977,13
6.198,-0.001349124605928931,13
6.2,-0.0014525352392622643,13
6.202,-0.0015559458725955975,13
6.204,-0.001005153872595598,13
6.206,-0.0010413933725955983,13
6.208,-0.0019777276725955997,13
6.21,-0.0019170794475955987,13
6.212,-0.0018564312225955984,13
6.214,-0.0017957829975955983,13
6.216,-0.001735134772595598,13
6.218,-0.0009067082725955997,13
6.22,-0.0009252212725956,13
6.222,-0.0009437342725956005,13
6.224,-0.0017316741725955983,13
6.226,-0.0015678643725955989,13
6.228,-0.0014040545725955995,13
6.23,-0.0012402447725956,13
6.232,-0.0009032597725956003,13
6.234,-0.0009115119725955981,13
6.236,-0.001170687922595598,13
6.238,-0.001429863872595598,13
6.24,-0.0014293284475955978,13
6.242,-0.0014287930225955975,13
6.244,-0.0014282575975955972,13
6.246,-0.0014277221725955969,13
6.248,-0.0009515387725955968,13
6.25,-0.0009241080725955997,13
6.252,-0.001229185372595601,13
6.254,-0.0013136796725956,13
6.256,-0.0013981739725955995,13
6.258,-0.0014826682725955988,13
6.26,-0.001567162572595598,13
6.262,-0.0009022554725955974,13
6.264,-0.0010543161725956004,13
6.266,-0.0012014884725956,13
6.268,-0.0013486607725955995,13
6.27,-0.0014958330725955988,13
6.272,-0.0016430053725955984,13
6.274,-0.0017901776725955977,13
6.276,-0.000899799172595599,13
6.278,-0.0017244746725955974,13
6.28,-0.0016020135975955976,13
6.282,-0.001479552522595598,13
6.284,-0.0013570914475955983,13
6.286,-0.0012346303725955987,13
6.288,-0.0008798462725956006,13
6.29,-0.0009067203725956,13
6.292,-0.0010355944475955992,13
6.294,-0.0011644685225955988,13
6.296,-0.0012933425975955983,13
6.298,-0.0014222166725955975,13
6.3,-0.0011901870725955985,13
6.302,-0.0009581574725955992,13
6.304,-0.0010973679725955997,13
6.306,-0.0012365784725956,13
6.308,-0.0011941582925956,13
6.31,-0.0011517381125955995,13
6.312,-0.0011093179325955991,13
6.314,-0.0010668977525955987,13
6.316,-0.0010244775725955987,13
6.318,-0.0009191349725955965,13
6.32,-0.001024538072595598,13
6.322,-0.0014960387725955985,13
6.324,-0.001967539472595599,13
6.326,-0.0018903858392622657,13
6.328,-0.0018132322059289329,13
6.33,-0.0017360785725955997,13
6.332,-0.0010971380725956006,13
6.334,-0.0008894173725955983,13
6.336,-0.0009278953725955982,13
6.338,-0.001735521972595598,13
6.34,-0.001793626172595598,13
6.342,-0.0018517303725955985,13
6.344,-0.0019098345725955983,13
6.346,-0.0012468876725955976,13
6.348,-0.0008976211725955969,13
6.35,-0.0009202844725955985,13
6.352,-0.0014600049725955967,13
6.354,-0.0014392131392622642,13
6.356,-0.0014184213059289315,13
6.358,-0.0013976294725955988,13
6.36,-0.001159725322595599,13
6.362,-0.000921821172595599,13
6.364,-0.0009073979725955984,13
6.366,-0.0012151130725955965,13
6.368,-0.0013038907725955967,13
6.37,-0.0013926684725955969,13
6.372,-0.001481446172595597,13
6.374,-0.0015702238725955973,13
6.376,-0.001013381872595599,13
6.378,-0.0009128550725955984,13
6.38,-0.0010295353725955983,13
6.382,-0.0019867179725955985,13
6.384,-0.0019080074725955987,13
6.386,-0.0018292969725955995,13
6.388,-0.0017505864725956,13
6.39,-0.0011203337725955995,13
6.392,-0.0009091403725955962,13
6.394,-0.0009351795725955973,13
6.396,-0.001700129472595598,13
6.398,-0.001776266705928932,13
6.4,-0.0018524039392622657,13
6.402,-0.0019285411725956,13
6.404,-0.0012831755725956004,13
6.406,-0.0009340784725955976,13
6.408,-0.0009344172725955988,13
6.41,-0.0014383943725955976,13
6.412,-0.0014275194975955983,13
6.414,-0.001416644622595599,13
6.416,-0.0014057697475955999,13
6.418,-0.0013948948725956006,13
6.42,-0.0009207442725955983,13
6.422,-0.0008985528725956003,13
6.424,-0.001188226872595597,13
6.426,-0.0011152820225955973,13
6.428,-0.0010423371725955975,13
6.43,-0.0009693923225955976,13
6.432,-0.0008964474725955979,13
6.434,-0.0009557737725955978,13
6.436,-0.0010151000725955976,13
6.438,-0.0014925358225955972,13
6.44,-0.001969971572595597,13
6.442,-0.0018891597059289304,13
6.444,-0.0018083478392622644,13
6.446,-0.0017275359725955983,13
6.448,-0.0010830415725955975,13
6.45,-0.000876373572595599,13
6.452,-0.0009160010725955994,13
6.454,-0.0017069780725955976,13
6.456,-0.0017855010225955982,13
6.458,-0.0018640239725955987,13
6.46,-0.0015383645725955987,13
6.462,-0.0012127051725955987,13
6.464,-0.0009007429725955971,13
6.466,-0.000982994739262264,13
6.468,-0.0010652465059289306,13
6.47,-0.0011474982725955974,13
6.472,-0.001229750039262264,13
6.474,-0.0013120018059289307,13
6.476,-0.0013942535725955975,13
6.478,-0.0009337880725955992,13
6.48,-0.0009224382725956,13
6.482,-0.001195474772595597,13
6.484,-0.0012934030975955977,13
6.486,-0.0013913314225955983,13
6.488,-0.0014892597475955989,13
6.49,-0.0015871880725955995,13
6.492,-0.0010234127725956,13
6.494,-0.0009167270725956003,13
6.496,-0.0010223842725955964,13
6.498,-0.001971968072595597,13
6.5,-0.001899085739262264,14
6.502,-0.0018262034059289313,14
6.504,-0.0017533210725955983,14
6.506,-0.0011117185725955988,14
6.508,-0.0008917284725955978,14
6.51,-0.0017285523725955963,14
6.512,-0.0016083479475955964,14
6.514,-0.0014881435225955967,14
6.516,-0.0013679390975955973,14
6.518,-0.0012477346725955976,14
6.52,-0.0010691870725955972,14
6.522,-0.0008906394725955968,14
6.524,-0.0014387210725955966,14
6.526,-0.001336413152595597,14
6.528,-0.0012341052325955976,14
6.53,-0.001131797312595598,14
6.532,-0.0010294893925955984,14
6.534,-0.0009271814725955987,14
6.536,-0.0009052804725955993,14
6.538,-0.0011907799725955973,14
6.54,-0.0012863064475955972,14
6.542,-0.0013818329225955975,14
6.544,-0.0014773593975955976,14
6.546,-0.0015728858725955976,14
6.548,-0.0012504208725955977,14
6.55,-0.0009279558725955976,14
6.552,-0.0009854490225955984,14
6.554,-0.001042942172595599,14
6.556,-0.0019683017725956008,14
6.558,-0.0016803137059289333,14
6.56,-0.0013923256392622655,14
6.562,-0.001104337572595598,14
6.564,-0.0010073076725955988,14
6.566,-0.0009102777725955997,14
6.568,-0.0009432744725955987,14
6.57,-0.0017116849725955976,14
6.572,-0.0017768354059289311,14
6.574,-0.0018419858392622651,14
6.576,-0.0019071362725955991,14
6.578,-0.001254244472595596,14
6.58,-0.0009112094725955976,14
6.582,-0.001168243722595598,14
6.584,-0.0014252779725955986,14
6.586,-0.0014169168725955985,14
6.588,-0.0014085557725955983,14
6.59,-0.001400194672595598,14
6.592,-0.001391833572595598,14
6.594,-0.0009033444725956019,14
6.596,-0.0011814871725955994,14
6.598,-0.0011479774325955992,14
6.6,-0.0011144676925955992,14
6.602,-0.0010809579525955988,14
6.604,-0.0010474482125955988,14
6.606,-0.0010139384725955988,14
6.608,-0.0009527971725955976,14
6.61,-0.0008916558725955964,14
6.612,-0.0009929328725955986,14
6.614,-0.0019611990725955965,14
6.616,-0.0018805283725955968,14
6.618,-0.001799857672595598,14
6.62,-0.0017191869725955988,14
6.622,-0.0010892609725955994,14
6.624,-0.0008731065725955996,14
6.626,-0.0009287423725956,14
6.628,-0.0017060463725955975,14
6.63,-0.001550537172595598,14
6.632,-0.0013950279725955983,14
6.634,-0.0012395187725955988,14
6.636,-0.0009302790725955987,14
6.638,-0.0011861517225955987,14
6.64,-0.0014420243725955983,14
6.642,-0.0013410958525955988,14
6.644,-0.0012401673325955988,14
6.646,-0.0011392388125955992,14
6.648,-0.0010383102925955994,14
6.65,-0.0009373817725955996,14
6.652,-0.0009239205225955987,14
6.654,-0.0009104592725955976,14
6.656,-0.0011749773725955972,14
6.658,-0.0012659905475955976,14
6.66,-0.0013570037225955976,14
6.662,-0.001448016897595598,14
6.664,-0.001539030072595598,14
6.666,-0.0010020562725956,14
6.668,-0.0008947534725955979,14
6.67,-0.0010084813725955988,14
6.672,-0.0019553668725956,14
6.674,-0.0018844487725955988,14
6.676,-0.0018135306725955975,14
6.678,-0.0017426125725955967,14
6.68,-0.0011209387725956005,14
6.682,-0.000906998672595598,14
6.684,-0.0009322634725955971,14
6.686,-0.001702670472595598,14
6.688,-0.0017693979392622652,14
6.69,-0.0018361254059289327,14
6.692,-0.0019028528725956,14
6.694,-0.0012585641725955975,14
6.696,-0.0009169448725955976,14
6.698,-0.0009113425725955984,14
6.7,-0.001417158872595598,14
6.702,-0.0014099997059289313,14
6.704,-0.0014028405392622647,14
6.706,-0.0013956813725955976,14
6.708,-0.0009444360725955997,14
6.71,-0.0009077730725955968,14
6.712,-0.0010391306725955965,14
6.714,-0.001170488272595596,14
6.716,-0.0011320768225955963,14
6.718,-0.0010936653725955965,14
6.72,-0.0010552539225955966,14
6.722,-0.0010168424725955968,14
6.724,-0.0009700578225955974,14
6.726,-0.000923273172595598,14
6.728,-0.001034084972595599,14
6.73,-0.0012723944725955988,14
6.732,-0.0015107039725955989,14
6.734,-0.0017490134725955987,14
6.736,-0.0009049900725955994,14
6.738,-0.0009237692725955976,14
6.74,-0.0009425484725955962,14
6.742,-0.0016952531725956,14
6.744,-0.0015865195475955995,14
6.746,-0.0014777859225955994,14
6.748,-0.0013690522975955991,14
6.75,-0.0012603186725955989,14
6.752,-0.0010825212725955992,14
6.754,-0.0009047238725955997,14
6.756,-0.0009154807725955984,14
6.758,-0.0014164691725955991,14
6.76,-0.0014126879225955995,14
6.762,-0.0014089066725955996,14
6.764,-0.0014051254225955997,14
6.766,-0.0014013441725955998,14
6.768,-0.0009380956725955987,14
6.77,-0.0008961449725955958,14
6.772,-0.0011755460725955992,14
6.774,-0.0011340793725955994,14
6.776,-0.0010926126725955996,14
6.778,-0.0010511459725955998,14
6.78,-0.0010096792725956,14
6.782,-0.0009561609725955997,14
6.784,-0.0009026426725955994,14
6.786,-0.0009979180725956,14
6.788,-0.0019397578725956,14
6.79,-0.0018675692725956,14
6.792,-0.0017953806725956,14
6.794,-0.0017231920725955996,14
6.796,-0.0011180468725955975,14
6.798,-0.0009040825725956,14
6.8,-0.0009441940725955983,14
6.802,-0.0011764444975955984,14
6.804,-0.0014086949225955983,14
6.806,-0.001640945347595598,14
6.808,-0.0018731957725955975,14
6.81,-0.0009117055725955964,14
6.812,-0.0009211798725955984,14
6.814,-0.0009306541725956003,14
6.816,-0.0010231078525956,14
6.818,-0.0011155615325956,14
6.82,-0.0012080152125955995,14
6.822,-0.0013004688925955991,14
6.824,-0.0013929225725955988,14
6.826,-0.0009487678725955997,14
6.828,-0.0009235030725955987,14
6.83,-0.0011768165725955966,14
6.832,-0.001279088797595597,14
6.834,-0.0013813610225955975,14
6.836,-0.001483633247595598,14
6.838,-0.0015859054725955984,14
6.84,-0.0009288996725955976,14
6.842,-0.0010315318725955987,14
6.844,-0.001958742772595598,14
6.846,-0.0017504563975955976,14
6.848,-0.001542170022595597,14
6.85,-0.0013338836475955966,14
6.852,-0.001125597272595596,14
6.854,-0.0009149362725955987,14
6.856,-0.0009547694725955992,14
6.858,-0.001718775572595598,14
6.86,-0.001607500947595598,14
6.862,-0.0014962263225955976,14
6.864,-0.001384951697595597,14
6.866,-0.001273677072595597,14
6.868,-0.0009188203725955975,14
6.87,-0.0009249913725956002,14
6.872,-0.0009329773725956003,14
6.874,-0.0009409633725956002,14
6.876,-0.0009489493725956004,14
6.878,-0.0009569353725956003,14
6.88,-0.0009649213725956003,14
6.882,-0.0009729073725956005,14
6.884,-0.0010881659225956,14
6.886,-0.0012034244725955996,14
6.888,-0.0012860456925955996,14
6.89,-0.0013686669125955995,14
6.892,-0.0014512881325955992,14
6.894,-0.0015339093525955992,14
6.896,-0.0016165305725955991,14
6.898,-0.0010647947725955975,14
6.9,-0.0009506917725956003,14
6.902,-0.0010504320725956,14
6.904,-0.001987915872595598,14
6.906,-0.0018966697725955987,14
6.908,-0.0018054236725955997,14
6.91,-0.0011758727725955983,14
6.912,-0.0009394387725955994,14
6.914,-0.000958000172595598,14
6.916,-0.001723760772595598,14
6.918,-0.0016079304975955984,14
6.92,-0.0014921002225955987,14
6.922,-0.001376269947595599,14
6.924,-0.0012604396725955991,14
6.926,-0.0011023410725955983,14
6.928,-0.0009442424725955976,14
6.93,-0.0009566086725955984,14
6.932,-0.0014330340725955992,14
6.934,-0.0014376683725955991,14
6.936,-0.0014423026725955991,14
6.938,-0.001446936972595599,14
6.94,-0.000979320372595597,14
6.942,-0.0012278059725955995,14
6.944,-0.0013264118975955998,14
6.946,-0.0014250178225956,14
6.948,-0.0015236237475956,14
6.95,-0.0016222296725956,14
6.952,-0.0011554842725955972,14
6.954,-0.0009758113725955984,14
6.956,-0.0011014214725955963,14
6.958,-0.0011243691225955967,14
6.96,-0.0011473167725955975,14
6.962,-0.001170264422595598,14
6.964,-0.0011932120725955987,14
6.966,-0.001216159722595599,14
6.968,-0.0012391073725956,14
6.97,-0.0010271395725955992,14
6.972,-0.0012102851725955995,14
6.974,-0.001285591539262266,14
6.976,-0.0013608979059289324,14
6.978,-0.0014362042725955988,14
6.98,-0.0015115106392622653,14
6.982,-0.0015868170059289315,14
6.984,-0.001662123372595598,14
6.986,-0.0013771562725955996,14
6.988,-0.0014458116725955955,14
6.99,-0.0014960286892622624,14
6.992,-0.0015462457059289292,14
6.994,-0.001596462722595596,14
6.996,-0.001646679739262263,14
6.998,-0.0016968967559289295,14
7.0,-0.0017471137725955967,15
7.002,-0.0017243899725955976,15
7.004,-0.0017595912925955973,15
7.006,-0.0017947926125955968,15
7.008,-0.0018299939325955967,15
7.01,-0.0018651952525955968,15
7.012,-0.0019003965725955963,15
7.014,-0.0017593347725955964,15
7.016,-0.0017827845725955967,15
7.018,-0.0018062343725955968,15
7.02,-0.0018119431525955969,15
7.022,-0.0018176519325955973,15
7.024,-0.0018233607125955971,15
7.026,-0.0018290694925955971,15
7.028,-0.0018347782725955972,15
7.03,-0.0015742289725955982,15
7.032,-0.0015425269725955967,15
7.034,-0.0015833209125955968,15
7.036,-0.001624114852595597,15
7.038,-0.0016649087925955971,15
7.04,-0.0017057027325955972,15
7.042,-0.0017464966725955974,15
7.044,-0.001341679072595598,15
7.046,-0.001308307272595597,15
7.048,-0.0017753793725955973,15
7.05,-0.0017467416975955976,15
7.052,-0.001718104022595598,15
7.054,-0.0016894663475955983,15
7.056,-0.0016608286725955986,15
7.058,-0.0011741787725956,15
7.06,-0.0011224270725955984,15
7.062,-0.0013435303725955992,15
7.064,-0.0014322263975955992,15
7.066,-0.0015209224225955992,15
7.068,-0.0016096184475955992,15
7.07,-0.0016983144725955992,15
7.072,-0.0011164980725956,15
7.074,-0.0012515001925956,15
7.076,-0.0013865023125956,15
7.078,-0.0015215044325955999,15
7.08,-0.0016565065525955996,15
7.082,-0.0017915086725955997,15
7.084,-0.0014646090225955983,15
7.086,-0.0011377093725955972,15
7.088,-0.000926273972595596,15
7.09,-0.0013033160225955967,15
7.092,-0.0016803580725955976,15
7.094,-0.001744209772595598,15
7.096,-0.0018080614725955984,15
7.098,-0.0018719131725955984,15
7.1,-0.0012270315725955991,15
7.102,-0.000868968372595598,15
7.104,-0.000867661572595598,15
7.106,-0.0013533918725955971,15
7.108,-0.001560249439262264,15
7.11,-0.0017671070059289307,15
7.112,-0.0019739645725955976,15
7.114,-0.0013459987725955996,15
7.116,-0.0008894657725955976,15
7.118,-0.0008672501725955974,15
7.12,-0.0011071689725956,15
7.122,-0.0012019906225955996,15
7.124,-0.0012968122725955991,15
7.126,-0.001391633922595599,15
7.128,-0.0014864555725955988,15
7.13,-0.0009290569725955987,15
7.132,-0.0008295707725955986,15
7.134,-0.0009142949725956008,15
7.136,-0.0018644716725955968,15
7.138,-0.0017972803725955974,15
7.14,-0.001730089072595598,15
7.142,-0.0016628977725955984,15
7.144,-0.0010362266725955985,15
7.146,-0.0008520404725956,15
7.148,-0.0008705171725955987,15
7.15,-0.0016187690725955987,15
7.152,-0.001677784805928932,15
7.154,-0.0017368005392622659,15
7.156,-0.0017958162725955993,15
7.158,-0.0011780749725955973,15
7.16,-0.000844828872595597,15
7.162,-0.001337250472595598,15
7.164,-0.0014848069475955979,15
7.166,-0.0016323634225955976,15
7.168,-0.0017799198975955977,15
7.17,-0.0019274763725955976,15
7.172,-0.0013362824725955992,15
7.174,-0.0008752361725955972,15
7.176,-0.0008439939725955956,15
7.178,-0.0010879178725955972,15
7.18,-0.0010491766975955976,15
7.182,-0.0010104355225955984,15
7.184,-0.0009716943475955987,15
7.186,-0.0009329531725955996,15
7.188,-0.0008793562225955986,15
7.19,-0.0008257592725955978,15
7.192,-0.0009036953725955997,15
7.194,-0.0018368957725955967,15
7.196,-0.0017848012392622636,15
7.198,-0.0017327067059289304,15
7.2,-0.0016806121725955973,15
7.202,-0.0010467052725955971,15
7.204,-0.0008130421725955975,15
7.206,-0.0008443206725955998,15
7.208,-0.0015859538725955993,15
7.21,-0.001453156372595599,15
7.211999999999998,-0.0013203588725955989,15
7.214,-0.0011875613725955986,15
7.216,-0.0010175624225955988,15
7.218,-0.0008475634725955989,15
7.219999999999998,-0.0008861382725955971,15
7.222,-0.0013864611725955978,15
7.224,-0.0015761246392622652,15
7.226,-0.0017657881059289324,15
7.227999999999998,-0.0019554515725956,15
7.23,-0.0013436029725955988,15
7.232,-0.0008895867725955981,15
7.234,-0.0008672622725955994,15
7.235999999999998,-0.0011237822725955991,15
7.238,-0.0011281533975955986,15
7.24,-0.001132524522595598,15
7.242,-0.0011368956475955976,15
7.243999999999998,-0.001141266772595597,15
7.246,-0.0010479636725955995,15
7.248,-0.0014152289225955999,15
7.25,-0.0017824941725956,15
7.251999999999998,-0.0012224214725955976,15
7.253999999999999,-0.001142077472595598,15
7.256,-0.0010617334725955983,15
7.258,-0.0010680980725955983,15
7.259999999999998,-0.0010744626725955983,15
7.261999999999999,-0.0010808272725955984,15
7.264,-0.0011502873225955987,15
7.266,-0.001219747372595599,15
7.267999999999998,-0.0012892074225955997,15
7.269999999999999,-0.0013586674725956,15
7.272,-0.0014281275225956004,15
7.274,-0.001497587572595601,15
7.276,-0.0012325249725955983,15
7.277999999999999,-0.0011815960725955962,15
7.28,-0.0017296292725955988,15
7.282,-0.001706416632595599,15
7.284,-0.0016832039925955991,15
7.285999999999999,-0.0016599913525955994,15
7.288,-0.0016367787125955997,15
7.29,-0.0016135660725956,15
7.292,-0.0016121382725956014,15
7.293999999999999,-0.0018223152725955968,15
7.296,-0.0018442695125955968,15
7.298,-0.0018662237525955967,15
7.3,-0.0018881779925955969,15
7.301999999999999,-0.0019101322325955972,15
7.304,-0.0019320864725955972,15
7.306,-0.0017887377725955972,15
7.308,-0.0018035723725955963,15
7.309999999999999,-0.0018035844725955968,15
7.312,-0.0018035965725955968,15
7.314,-0.0018036086725955968,15
7.316,-0.0018036207725955972,15
7.317999999999999,-0.0018036328725955977,15
7.32,-0.0018036449725955977,15
7.322,-0.0017819272011670266,15
7.324,-0.001760209429738455,15
7.325999999999999,-0.001738491658309884,15
7.328,-0.0017167738868813127,15
7.33,-0.0016950561154527415,15
7.332,-0.00167333834402417,15
7.333999999999999,-0.0016516205725955989,15
7.336,-0.0016508945725955992,15
7.338,-0.0016903486392622659,15
7.34,-0.0017298027059289324,15
7.341999999999999,-0.0017692567725955987,15
7.344,-0.0018087108392622652,15
7.346,-0.001848164905928932,15
7.348,-0.0018876189725955984,15
7.349999999999999,-0.0018578287725955973,15
7.352,-0.0018750228725955976,15
7.354,-0.0018922169725955975,15
7.356,-0.001909411072595598,15
7.357999999999999,-0.0019266051725955985,15
7.36,-0.0019437992725955984,15
7.362,-0.0018708846725955977,15
7.364,-0.0017979700725955971,15
7.365999999999999,-0.0018772129725956007,15
7.368,-0.001856060155928934,15
7.37,-0.0018349073392622671,15
7.372,-0.0018137545225956004,15
7.373999999999999,-0.0017926017059289336,15
7.376,-0.0017714488892622664,15
7.378,-0.0017502960725955998,15
7.38,-0.0017474767725955999,15
7.381999999999999,-0.0017227605059289327,15
7.384,-0.001698044239262266,15
7.386,-0.0016733279725955992,15
7.388,-0.001648611705928932,15
7.389999999999999,-0.0016238954392622654,15
7.392,-0.0015991791725955985,15
7.394,-0.0015902372725955967,15
7.396,-0.00159635785592893,15
7.397999999999999,-0.0016024784392622636,15
7.4,-0.0016085990225955969,15
7.402,-0.0016147196059289302,15
7.404,-0.0016208401892622635,15
7.405999999999999,-0.001626960772595597,15
7.408,-0.0015615481725956004,15
7.41,-0.0017950781725955996,15
7.412,-0.0017545794725955994,15
7.413999999999999,-0.001714080772595599,15
7.416,-0.0016735820725955989,15
7.418,-0.0016330833725955985,15
7.42,-0.0015925846725955983,15
7.421999999999999,-0.0014558788725955972,15
7.424,-0.0015195127725955992,15
7.426,-0.0015343292225955987,15
7.428,-0.001549145672595598,15
7.429999999999999,-0.0015639621225955976,15
7.432,-0.001578778572595597,15
7.434,-0.0013278124725955992,15
7.436,-0.0013249205725955997,15
7.437999999999999,-0.0013220286725956,15
7.44,-0.0013771054525955999,15
7.442,-0.0014321822325955996,15
7.444,-0.0014872590125955991,15
7.445999999999999,-0.0015423357925955991,15
7.448,-0.0015974125725955989,15
7.45,-0.0012257126725955991,15
7.452,-0.0012226634725956004,15
7.453999999999998,-0.0016843026725956011,15
7.456,-0.0015562634975956004,15
7.458,-0.0014282243225956,15
7.46,-0.0013001851475955995,15
7.461999999999998,-0.0011721459725955988,15
7.464,-0.001151442872595598,15
7.466,-0.0011307397725955973,15
7.468,-0.0013677545725955982,15
7.469999999999998,-0.001467736872595598,15
7.472,-0.001567719172595598,15
7.474,-0.0016677014725955978,15
7.476,-0.0017676837725955977,15
7.477999999999998,-0.0010497907725955987,15
7.48,-0.0010806457725955976,15
7.482,-0.0011115007725955963,15
7.484,-0.0011175598475955972,15
7.485999999999998,-0.0011236189225955978,15
7.488,-0.0011296779975955983,15
7.49,-0.0011357370725955992,15
7.492,-0.0009149967725955999,15
7.493999999999998,-0.0009166000225955991,15
7.496,-0.0009182032725955983,15
7.498,-0.0016721663725955994,15
7.5,-0.001780842522595599,16
7.501999999999998,-0.0018895186725955988,16
7.503999999999999,-0.0012170611725955995,16
7.506,-0.0008535166725955994,16
7.508,-0.0008479869725955963,16
7.509999999999998,-0.001081837622595598,16
7.511999999999999,-0.0013156882725955995,16
7.514,-0.0015351258059289328,16
7.516,-0.0017545633392622665,16
7.517999999999998,-0.0019740008725956,16
7.519999999999999,-0.001330014672595598,16
7.522,-0.0008448167725955986,16
7.524,-0.0008084441725955993,16
7.526,-0.0010408972725955978,16
7.527999999999999,-0.001146152147595598,16
7.53,-0.0012514070225955983,16
7.532,-0.0013566618975955989,16
7.534,-0.0014619167725955992,16
7.535999999999999,-0.0008068469725955978,16
7.538,-0.000844030272595598,16
7.54,-0.000881213572595598,16
7.542,-0.001826985872595596,16
7.543999999999999,-0.0017560153392622636,16
7.546,-0.0016850448059289311,16
7.548,-0.0016140742725955987,16
7.55,-0.0007600804725955997,16
7.551999999999999,-0.0007751691725955994,16
7.554,-0.000790257872595599,16
7.556,-0.001113852205928932,16
7.558,-0.0014374465392622653,16
7.559999999999999,-0.0017610408725955984,16
7.562,-0.0012689580725955977,16
7.564,-0.0007768752725955969,16
7.566,-0.0008028055725955997,16
7.567999999999999,-0.0010432023225955987,16
7.57,-0.0012835990725955976,16
7.572,-0.0016053985725955975,16
7.574,-0.0019271980725955977,16
7.575999999999999,-0.0016090225225955986,16
7.578,-0.0012908469725955996,16
7.58,-0.0008103922725955989,16
7.582,-0.0007818604725955968,16
7.583999999999999,-0.0010375334725955983,16
7.586,-0.000988593005928932,16
7.588,-0.0009396525392622659,16
7.59,-0.0008907120725955997,16
7.591999999999999,-0.0008376898725955981,16
7.594,-0.0007846676725955965,16
7.596,-0.0008282216225955987,16
7.598,-0.0008717755725956011,16
7.599999999999999,-0.0018151036725955992,16
7.602,-0.0017578666392622656,16
7.604,-0.0017006296059289315,16
7.606,-0.001643392572595598,16
7.607999999999999,-0.0009764526725955981,16
7.61,-0.0007882734725956006,16
7.612,-0.0011549034725956003,16
7.614,-0.0015215334725956,16
7.615999999999999,-0.0016101861392622662,16
7.618,-0.0016988388059289324,16
7.62,-0.0017874914725955985,16
7.622,-0.0011300016725955993,16
7.623999999999999,-0.0007912379725955962,16
7.626,-0.0008088555725956002,16
7.628,-0.0012896127725955976,16
7.63,-0.0016231855725955986,16
7.631999999999999,-0.0019567583725956,16
7.634,-0.0016474884225956,16
7.636,-0.0013382184725956002,16
7.638,-0.0008257350725956006,16
7.639999999999999,-0.0009472493225956001,16
7.642,-0.0010687635725955995,16
7.644,-0.0011684433725955997,16
7.646,-0.0012681231725955996,16
7.647999999999999,-0.0013678029725955995,16
7.65,-0.0014674827725955995,16
7.652,-0.0009018077725955978,16
7.654,-0.0008095815725955997,16
7.655999999999999,-0.0008940274725955966,16
7.658,-0.0018418325725955973,16
7.66,-0.0017868945392622646,16
7.662,-0.0017319565059289316,16
7.663999999999999,-0.0016770184725955987,16
7.666,-0.0010212710725955969,16
7.668,-0.0008034710725955997,16
7.67,-0.0015664849725955995,16
7.671999999999999,-0.001651927105928932,16
7.674,-0.0017373692392622646,16
7.676,-0.0018228113725955973,16
7.678,-0.0014951978225955986,16
7.679999999999999,-0.0011675842725956,16
7.682,-0.0008057821725955971,16
7.684,-0.0008066291725956007,16
7.686,-0.0012795092725956005,16
7.687999999999999,-0.0015019193725956,16
7.69,-0.0017243294725955993,16
7.692,-0.0019467395725955988,16
7.694,-0.0013177452725955975,16
7.695999999999999,-0.0008292803725956002,16
7.698,-0.0010688240725955991,16
7.7,-0.0010242960725955995,16
7.702,-0.0009797680725955997,16
7.703999999999998,-0.0009352400725956,16
7.706,-0.0008980446725955996,16
7.708,-0.0008608492725955992,16
7.71,-0.0008236538725955987,16
7.711999999999998,-0.0013397491225955987,16
7.714,-0.0018558443725955993,16
7.716,-0.0018116158475955985,16
7.718,-0.0017673873225955983,16
7.719999999999998,-0.0017231587975955979,16
7.722,-0.0016789302725955975,16
7.724,-0.0010313987725955997,16
7.726,-0.0008227705725955981,16
7.727999999999998,-0.000840642272595598,16
7.73,-0.0015964324725955999,16
7.732,-0.0016791964725955996,16
7.734,-0.001761960472595599,16
7.735999999999998,-0.0018447244725955988,16
7.738,-0.0011992862725955997,16
7.74,-0.0008436067725955987,16
7.742,-0.001079593072595599,16
7.743999999999998,-0.0013155793725955992,16
7.746,-0.0015322702059289324,16
7.748,-0.0017489610392622656,16
7.75,-0.0019656518725955988,16
7.751999999999998,-0.0013582076725955974,16
7.753999999999999,-0.0008755265725955974,16
7.756,-0.0008307928725955968,16
7.758,-0.0010837070725955992,16
7.759999999999998,-0.0012036634475955993,16
7.761999999999999,-0.0013236198225955991,16
7.764,-0.0014435761975955988,16
7.766,-0.0015635325725955988,16
7.767999999999998,-0.0009378415725955978,16
7.769999999999999,-0.0008210886725955966,16
7.772,-0.0018362544725955988,16
7.774,-0.0015759310392622656,16
7.776,-0.0013156076059289324,16
7.777999999999999,-0.0010552841725955991,16
7.78,-0.0009431837225956,16
7.782,-0.0008310832725956003,16
7.784,-0.0008592520725955974,16
7.785999999999999,-0.0012297359225955972,16
7.788,-0.0016002197725955968,16
7.79,-0.001688594139262264,16
7.792,-0.0017769685059289316,16
7.793999999999999,-0.0018653428725955987,16
7.796,-0.0008293287725955975,16
7.798,-0.0008364556725955979,16
7.8,-0.0008435825725955983,16
7.801999999999999,-0.0013334994725955982,16
7.804,-0.001665590022595598,16
7.806,-0.0019976805725955976,16
7.808,-0.0016818584725955977,16
7.809999999999999,-0.0013660363725955975,16
7.812,-0.0008775714725955969,16
7.814,-0.0008418885725955983,16
7.816,-0.0010979366725956015,16
7.817999999999999,-0.0012157392475956007,16
7.82,-0.0013335418225955999,16
7.822,-0.001451344397595599,16
7.824,-0.0015691469725955982,16
7.825999999999999,-0.0008622165725956001,16
7.828,-0.0009092916225955987,16
7.83,-0.0009563666725955974,16
7.832,-0.0019022962725956,16
7.833999999999999,-0.0018445228059289329,16
7.836,-0.0017867493392622659,16
7.838,-0.0017289758725955989,16
7.84,-0.0008460751725955992,16
7.841999999999999,-0.0012434028725955993,16
7.844,-0.0016407305725955992,16
7.846,-0.0017048877975955991,16
7.848,-0.0017690450225955991,16
7.849999999999999,-0.0018332022475955995,16
7.852,-0.0018973594725955995,16
7.854,-0.0012427252725955987,16
7.856,-0.0008827018725955996,16
7.857999999999999,-0.0013598532725955983,16
7.86,-0.0013696421725955983,16
7.862,-0.0013794310725955983,16
7.864,-0.0013892199725955984,16
7.865999999999999,-0.0013990088725955984,16
7.868,-0.0009053651725955976,16
7.87,-0.0008782127725955982,16
7.872,-0.0011134972725955969,16
7.873999999999999,-0.0012273643225955973,16
7.876,-0.0013412313725955976,16
7.878,-0.001455098422595598,16
7.88,-0.0015689654725955984,16
7.881999999999999,-0.000982938272595598,16
7.884,-0.0008728161725955994,16
7.886,-0.0009736938725955976,16
7.888,-0.0019184497725955995,16
7.889999999999999,-0.0018655405059289328,16
7.892,-0.0018126312392622663,16
7.894,-0.0017597219725956,16
7.896,-0.0011247381725955977,16
7.897999999999999,-0.0009055345725955971,16
7.9,-0.0009264312725955972,16
7.902,-0.0016758326725955976,16
7.904,-0.0017511672725955979,16
7.905999999999999,-0.0018265018725955983,16
7.908,-0.0019018364725955984,16
7.91,-0.0008855695725955985,16
7.912,-0.0008808384725955964,16
7.913999999999999,-0.0009871950525955967,16
7.916,-0.001093551632595597,16
7.918,-0.0011999082125955971,16
7.92,-0.0013062647925955976,16
7.921999999999999,-0.0014126213725955976,16
7.924,-0.0011694113725955971,16
7.926,-0.0009262013725955966,16
7.928,-0.0008717513725955971,16
7.929999999999999,-0.0011281140725955957,16
7.932,-0.0012488992975955963,16
7.934,-0.0013696845225955971,16
7.936,-0.001490469747595598,16
7.937999999999999,-0.001611254972595599,16
7.94,-0.0010022498725955967,16
7.942,-0.0008901796725956004,16
7.944,-0.0009931869725956013,16
7.945999999999999,-0.0019350509725956,16
7.948,-0.0018810728725956,16
7.95,-0.0018270947725955993,16
7.952,-0.0017731166725955987,16
7.953999999999998,-0.0008960239725955987,16
7.956,-0.0009133753725955986,16
7.958,-0.0009307267725955984,16
7.96,-0.001656182272595598,16
7.961999999999998,-0.0017447905725955983,16
7.964,-0.0018333988725955988,16
7.966,-0.0019220071725955992,16
7.968,-0.0012533490725955988,16
7.969999999999998,-0.000882677672595599,16
7.972,-0.0008942694725955978,16
7.974,-0.0013651167725956,16
7.976,-0.0013821475225955998,16
7.977999999999998,-0.0013991782725955996,16
7.98,-0.0011657269225955986,16
7.982,-0.0009322755725955974,16
7.984,-0.0009222991225955974,16
7.985999999999998,-0.0009123226725955974,16
7.988,-0.0011403350725955987,16
7.99,-0.0012828488725955987,16
7.992,-0.0014253626725955991,16
7.993999999999998,-0.001567876472595599,16
7.996,-0.0010023224725955963,16
7.998,-0.0009422520225955975,16
8.0,-0.0008821815725955985,17
8.002,-0.0009825268725955974,17
8.003999999999998,-0.0019037603725955976,17
8.006,-0.0018445671725955985,17
8.008,-0.0017853739725955991,17
8.009999999999998,-0.0014615356225955991,17
8.012,-0.0011376972725955989,17
8.013999999999998,-0.0009057402725955976,17
8.016,-0.0011088944325955978,17
8.018,-0.001312048592595598,17
8.019999999999998,-0.0015152027525955983,17
8.022,-0.0017183569125955984,17
8.024,-0.0019215110725955985,17
8.026,-0.0012649166725955986,17
8.028,-0.0008972460725955969,17
8.029999999999998,-0.0009127582725955986,17
8.032,-0.0013994323725955993,17
8.034,-0.0012845458975955992,17
8.035999999999998,-0.0011696594225955991,17
8.038,-0.001054772947595599,17
8.04,-0.0009398864725955987,17
8.042,-0.0009185420725955976,17
8.044,-0.0011580978725955968,17
8.045999999999998,-0.0012663807725955968,17
8.048,-0.0013746636725955972,17
8.05,-0.0014829465725955974,17
8.051999999999998,-0.0015912294725955976,17
8.054,-0.0012935634225955976,17
8.056,-0.0009958973725955975,17
8.058,-0.0009893391725955966,17
8.06,-0.0014589825225955972,17
8.061999999999998,-0.0019286258725955976,17
8.064,-0.0018737443059289316,17
8.066,-0.0018188627392622648,17
8.067999999999998,-0.0017639811725955988,17
8.07,-0.0011273638725955975,17
8.072,-0.0008974033725955982,17
8.074,-0.0009322876725955976,17
8.076,-0.0016537743725955967,17
8.077999999999998,-0.001745681939262264,17
8.08,-0.0018375895059289313,17
8.082,-0.0019294970725955984,17
8.083999999999998,-0.0012710150725955983,17
8.086,-0.0008928537725955994,17
8.088,-0.0009063210725956013,17
8.09,-0.0013806168725955976,17
8.092,-0.0013957902725955976,17
8.093999999999998,-0.0014109636725955976,17
8.096,-0.0014261370725955976,17
8.098,-0.0014413104725955975,17
8.099999999999998,-0.0009537288725955972,17
8.102,-0.0009087289725955987,17
8.104,-0.0011515275725955988,17
8.106,-0.0012656698975955986,17
8.108,-0.0013798122225955984,17
8.109999999999998,-0.0014939545475955982,17
8.112,-0.001608096872595598,17
8.114,-0.0010116273725955995,17
8.115999999999998,-0.0008989763725955977,17
8.118,-0.0009978817725956014,17
8.12,-0.0019267624725955968,17
8.122,-0.0018754584725955968,17
8.124,-0.0018241544725955967,17
8.125999999999998,-0.0017728504725955975,17
8.128,-0.0008914017725955968,17
8.13,-0.0009223898725955992,17
8.131999999999998,-0.0012862610725955983,17
8.134,-0.0016501322725955975,17
8.136,-0.0017380589392622648,17
8.138,-0.001825985605928932,17
8.14,-0.0019139122725955991,17
8.141999999999998,-0.0012599677725955991,17
8.144,-0.000896604772595599,17
8.146,-0.0009364742725955984,17
8.147999999999998,-0.0010631612725955984,17
8.15,-0.0011898482725955983,17
8.152,-0.001316535272595598,17
8.154,-0.001443222272595598,17
8.156,-0.0011971869225955991,17
8.157999999999998,-0.0009511515725956,17
8.16,-0.0009062847725955988,17
8.162,-0.001152144672595598,17
8.163999999999998,-0.001259102622595598,17
8.166,-0.0013660605725955982,17
8.168,-0.0014730185225955983,17
8.17,-0.0015799764725955984,17
8.172,-0.0010095945725955967,17
8.173999999999998,-0.0008873966725955976,17
8.176,-0.0018852110725955972,17
8.178,-0.0016983023725955977,17
8.179999999999998,-0.001511393672595598,17
8.182,-0.001324484972595598,17
8.184,-0.0011375762725955984,17
8.186,-0.000889865072595598,17
8.188,-0.0009063029225955993,17
8.189999999999998,-0.0009227407725956004,17
8.192,-0.0016544398725956003,17
8.194,-0.0017864266725955997,17
8.195999999999998,-0.0019184134725955988,17
8.198,-0.001258915072595599,17
8.199999999999998,-0.0008671533725955975,17
8.202,-0.000897258172595599,17
8.204,-0.0011324035225955976,17
8.205999999999998,-0.001367548872595596,17
8.208,-0.001378302747595597,17
8.21,-0.001389056622595598,17
8.211999999999998,-0.0013998104975955989,17
8.214,-0.0014105643725955996,17
8.215999999999998,-0.0009228012725955996,17
8.218,-0.0011386894725955998,17
8.22,-0.0012263491325955997,17
8.221999999999998,-0.0013140087925955992,17
8.224,-0.0014016684525955992,17
8.226,-0.0014893281125955987,17
8.227999999999998,-0.0015769877725955988,17
8.23,-0.0010016327725955992,17
8.231999999999998,-0.0008971492725955971,17
8.234,-0.0009971315725955975,17
8.236,-0.0019207729725955987,17
8.237999999999998,-0.0018734821392622648,17
8.24,-0.001826191305928932,17
8.242,-0.001778900472595598,17
8.243999999999998,-0.0011484178725955987,17
8.246,-0.000906575172595599,17
8.247999999999998,-0.000909104072595597,17
8.25,-0.0016457399725955996,17
8.252,-0.0017895787225955988,17
8.253999999999998,-0.0019334174725955976,17
8.256,-0.0012756614725955987,17
8.258,-0.0010946575725955992,17
8.259999999999998,-0.0009136536725955994,17
8.262,-0.0013748209725956,17
8.263999999999998,-0.0013905660975955991,17
8.266,-0.0014063112225955984,17
8.268,-0.0014220563475955978,17
8.269999999999998,-0.001437801472595597,17
8.272,-0.0011969630725955985,17
8.274,-0.0009561246725956,17
8.276,-0.0009222325725956014,17
8.278,-0.0011427429725955965,17
8.279999999999998,-0.0013048910392622643,17
8.282,-0.001467039105928932,17
8.284,-0.0016291871725956,17
8.285999999999998,-0.001042228272595598,17
8.288,-0.0009931143725955965,17
8.29,-0.0013023702059289308,17
8.292,-0.0016116260392622648,17
8.294,-0.0019208818725955992,17
8.295999999999998,-0.0018793587059289327,17
8.298,-0.0018378355392622665,17
8.3,-0.0017963123725955996,17
8.301999999999998,-0.0011508378725955963,17
8.304,-0.0008995571725955981,17
8.306,-0.0009377931725955968,17
8.308,-0.001656085472595598,17
8.31,-0.0017498806392622643,17
8.311999999999998,-0.0018436758059289316,17
8.314,-0.0019374709725955975,17
8.316,-0.001265678972595597,17
8.317999999999998,-0.0008811893725955993,17
8.32,-0.0013669317725955967,17
8.322,-0.0013834022925955972,17
8.324,-0.0013998728125955975,17
8.326,-0.001416343332595598,17
8.327999999999998,-0.0014328138525955983,17
8.33,-0.0014492843725955988,17
8.332,-0.0009494091725955976,17
8.333999999999998,-0.0009129397725956,17
8.336,-0.0011356160725955987,17
8.338,-0.0012499731725955988,17
8.34,-0.0013643302725955993,17
8.342,-0.0014786873725955996,17
8.343999999999998,-0.0015930444725955999,17
8.346,-0.0010362024725955995,17
8.348,-0.0009194374725955968,17
8.349999999999998,-0.0009841724725956,17
8.352,-0.0019209060725956,17
8.354,-0.0018606904225955993,17
8.356,-0.0018004747725955984,17
8.358,-0.001159670872595598,17
8.359999999999998,-0.0009132059725955998,17
8.362,-0.0009203389225955993,17
8.364,-0.0009274718725955992,17
8.365999999999998,-0.0016595218725956003,17
8.368,-0.0017566243725955996,17
8.37,-0.0018537268725955988,17
8.372,-0.0019508293725955977,17
8.374,-0.0012954086725955986,17
8.375999999999998,-0.0009100841725955976,17
8.378,-0.0009251123725955988,17
8.38,-0.0013752807725956,17
8.381999999999998,-0.0013960443725955997,17
8.384,-0.0014168079725955995,17
8.386,-0.0014375715725955993,17
8.388,-0.0014583351725955991,17
8.39,-0.0009476788725955985,17
8.391999999999998,-0.0009157106725955974,17
8.394,-0.0011684917725955993,17
8.396,-0.0011371436975955995,17
8.397999999999998,-0.0011057956225955996,17
8.4,-0.0010744475475956,17
8.402,-0.0010430994725956003,17
8.404,-0.0009272661725955969,17
8.406,-0.0009680915725955983,17
8.407999999999998,-0.0010089169725955999,17
8.41,-0.0019405201725955985,17
8.412,-0.0016709160392622657,17
8.413999999999998,-0.0014013119059289327,17
8.416,-0.0011317077725955995,17
8.418,-0.0009054740725955978,17
8.42,-0.0009268366225955978,17
8.422,-0.0009481991725955978,17
8.423999999999998,-0.0011973744725955983,17
8.426,-0.0014465497725955987,17
8.428,-0.0016957250725955992,17
8.429999999999998,-0.0019449003725956,17
8.432,-0.0009146942725955976,17
8.434,-0.0009241867225955976,17
8.436,-0.0009336791725955973,17
8.438,-0.0013955482725955988,17
8.439999999999998,-0.0014166103392622652,17
8.442,-0.0014376724059289312,17
8.444,-0.0014587344725955976,17
8.445999999999998,-0.0012178174225955987,17
8.448,-0.0009769003725955997,17
8.449999999999998,-0.0011594409725955988,17
8.452,-0.0011351030325955991,17
8.454,-0.0011107650925955997,17
8.455999999999998,-0.0010864271525955998,17
8.458,-0.0010620892125956,17
8.46,-0.0010377512725956003,17
8.461999999999998,-0.0009783402725956,17
8.464,-0.0009189292725955995,17
8.465999999999998,-0.0019497887725955995,17
8.468,-0.0019120186225955987,17
8.47,-0.0018742484725955983,17
8.471999999999998,-0.0018364783225955977,17
8.474,-0.001798708172595597,17
8.476,-0.0011434810725955997,17
8.477999999999998,-0.0008950196725955994,17
8.48,-0.0016880657725955976,17
8.481999999999998,-0.0017747138725955982,17
8.484,-0.0018613619725955993,17
8.486,-0.0019480100725956,17
8.487999999999998,-0.0016207655725955991,17
8.49,-0.0012935210725955983,17
8.492,-0.0009198367725955988,17
8.493999999999998,-0.0013761398725955984,17
8.496,-0.0013847986325955983,17
8.497999999999998,-0.0013934573925955985,17
8.5,-0.0014021161525955984,18
8.502,-0.0014107749125955983,18
8.503999999999998,-0.0014194336725955985,18
8.506,-0.0009389910725955998,18
8.508,-0.0009222567725955984,18
8.509999999999998,-0.0011564280725955972,18
8.512,-0.001311735605928931,18
8.513999999999998,-0.001467043139262265,18
8.516,-0.0016223506725955988,18
8.518,-0.0009253543725956,18
8.519999999999998,-0.0009965628725955994,18
8.522,-0.0019104879725956,18
8.524,-0.0018833476725956,18
8.526,-0.0018562073725955997,18
8.528,-0.0018290670725955992,18
8.529999999999998,-0.0018019267725955987,18
8.532,-0.0017747864725955985,18
8.534,-0.001136898672595598,18
8.535999999999998,-0.0008960360725955973,18
8.538,-0.0009311986725955984,18
8.54,-0.0016598364725955994,18
8.542,-0.001761069105928932,18
8.544,-0.0018623017392622647,18
8.545999999999998,-0.0019635343725955975,18
8.548,-0.0013125422725955987,18
8.55,-0.0009246646725955994,18
8.551999999999998,-0.0009314386559289325,18
8.554,-0.0009382126392622654,18
8.556,-0.0009449866225955984,18
8.558,-0.0009517606059289313,18
8.56,-0.0009585345892622643,18
8.561999999999998,-0.0009653085725955975,18
8.564,-0.0009245436725956006,18
8.566,-0.0010436076725956007,18
8.567999999999998,-0.0011626716725956013,18
8.57,-0.0012798541225956007,18
8.572,-0.0013970365725956002,18
8.574,-0.0015142190225955997,18
8.576,-0.0016314014725955991,18
8.577999999999998,-0.0010353796725955985,18
8.58,-0.0009048448725955985,18
8.582,-0.0019414518725956,18
8.583999999999998,-0.0018867296225955996,18
8.586,-0.0018320073725955983,18
8.588,-0.0013711183725955995,18
8.59,-0.0009102293725956003,18
8.592,-0.0009199577725956,18
8.593999999999998,-0.0009296861725955994,18
8.596,-0.0009394145725955987,18
8.598,-0.0016726866725955986,18
8.599999999999998,-0.0017671554059289322,18
8.602,-0.0018616241392622657,18
8.604,-0.0019560928725955995,18
8.606,-0.0009162430725956003,18
8.608,-0.0009241080725955997,18
8.609999999999998,-0.0009319730725955987,18
8.612,-0.0013890989725955996,18
8.614,-0.0014139644725955991,18
8.615999999999998,-0.0014388299725955987,18
8.618,-0.001463695472595598,18
8.62,-0.0014885609725955977,18
8.622,-0.0009433712725956007,18
8.624,-0.0010586237725955985,18
8.625999999999998,-0.001173876272595596,18
8.628,-0.0013250133392622631,18
8.63,-0.0014761504059289307,18
8.631999999999998,-0.001627287472595598,18
8.634,-0.001053130372595596,18
8.636,-0.0009305331725956,18
8.638,-0.0009709229725955994,18
8.64,-0.0010113127725955987,18
8.641999999999998,-0.0019631471725955994,18
8.644,-0.0018905774225955992,18
8.646,-0.0018180076725955987,18
8.647999999999998,-0.0011754129725955985,18
8.65,-0.0010522652225955992,18
8.652,-0.0009291174725956,18
8.654,-0.001702718872595597,18
8.656,-0.0016067053725955971,18
8.657999999999998,-0.0015106918725955971,18
8.66,-0.0014146783725955971,18
8.662,-0.0013186648725955971,18
8.663999999999998,-0.0009273508725956003,18
8.666,-0.0009379020725956003,18
8.668,-0.0009484532725956007,18
8.67,-0.0013973511725956008,18
8.672,-0.0012902086975956,18
8.673999999999998,-0.001183066222595599,18
8.676,-0.001075923747595598,18
8.678,-0.0009687812725955973,18
8.679999999999998,-0.0009538438225955985,18
8.682,-0.0009389063725956,18
8.684,-0.001172266972595596,18
8.686,-0.0011464576725955969,18
8.688,-0.0011206483725955975,18
8.689999999999998,-0.0010948390725955984,18
8.692,-0.0010690297725955995,18
8.694,-0.0009413868725955971,18
8.695999999999998,-0.000981195872595598,18
8.698,-0.0010210048725955987,18
8.699999999999998,-0.0019454085725955984,18
8.702,-0.0016896670059289316,18
8.704,-0.0014339254392622643,18
8.705999999999998,-0.0011781838725955975,18
8.708,-0.0009292142725955983,18
8.71,-0.0009578428725956004,18
8.711999999999998,-0.0016874728725955988,18
8.714,-0.0017613796725955983,18
8.715999999999998,-0.0018352864725955985,18
8.718,-0.001909193272595598,18
8.72,-0.0019831000725955977,18
8.721999999999998,-0.0013126269725955984,18
8.724,-0.000932396572595598,18
8.726,-0.0009411569725955965,18
8.727999999999998,-0.0010446773125955967,18
8.73,-0.001148197652595597,18
8.731999999999998,-0.0012517179925955976,18
8.734,-0.001355238332595598,18
8.736,-0.0014587586725955982,18
8.737999999999998,-0.0009698460725955997,18
8.74,-0.0009319972725955993,18
8.742,-0.001183628872595599,18
8.743999999999998,-0.0011486719725955987,18
8.746,-0.0011137150725955983,18
8.747999999999998,-0.001078758172595598,18
8.75,-0.0010438012725955976,18
8.752,-0.0009824482225955977,18
8.753999999999998,-0.0009210951725955978,18
8.756,-0.0010208112725955988,18
8.758,-0.001058868797595599,18
8.759999999999998,-0.0010969263225955991,18
8.762,-0.0011349838475955996,18
8.763999999999998,-0.0011730413725955999,18
8.766,-0.0010531787725955996,18
8.768,-0.0009333161725955992,18
8.769999999999998,-0.000956548172595599,18
8.772,-0.001672275272595598,18
8.774,-0.0017766176059289315,18
8.776,-0.0018809599392622647,18
8.778,-0.0019853022725955984,18
8.779999999999998,-0.0013170071725955976,18
8.782,-0.000933243572595598,18
8.784,-0.0009444844725955968,18
8.785999999999998,-0.0013988152725956,18
8.788,-0.001428561105928933,18
8.79,-0.0014583069392622655,18
8.792,-0.0014880527725955987,18
8.794,-0.0009958247725955981,18
8.795999999999998,-0.0009416409725955984,18
8.798,-0.0010623041892622647,18
8.8,-0.0011829674059289316,18
8.801999999999998,-0.0013036306225955984,18
8.804,-0.001424293839262265,18
8.806,-0.0015449570559289316,18
8.808,-0.0016656202725955985,18
8.81,-0.0010700098725955967,18
8.811999999999998,-0.0009358208725956003,18
8.814,-0.0010305880725955986,18
8.816,-0.0019543383725956,18
8.817999999999998,-0.0019098708725955992,18
8.82,-0.0018654033725955983,18
8.822,-0.0018209358725955972,18
8.824,-0.0009124436725955981,18
8.826,-0.0009542612725955968,18
8.827999999999998,-0.0013237710725955984,18
8.83,-0.0016932808725956,18
8.832,-0.0018284802225955997,18
8.833999999999998,-0.001963679572595599,18
8.836,-0.0016375845725955986,18
8.838,-0.0013114895725955984,18
8.84,-0.0009235756725955967,18
8.842,-0.0009409028725955968,18
8.843999999999998,-0.0011143967059289311,18
8.846,-0.0012878905392622656,18
8.848,-0.0014613843725955998,18
8.849999999999998,-0.0009842087725955972,18
8.852,-0.0009467834725955976,18
8.854,-0.0011756065725955984,18
8.856,-0.0012982703225955985,18
8.858,-0.0014209340725955984,18
8.859999999999998,-0.0015435978225955983,18
8.862,-0.001666261572595598,18
8.864,-0.0013740889225955987,18
8.865999999999998,-0.0010819162725955991,18
8.868,-0.0009475699725956,18
8.87,-0.0010201336725955967,18
8.872,-0.0012270648475955967,18
8.874,-0.0014339960225955972,18
8.875999999999998,-0.0016409271975955971,18
8.878,-0.0018478583725955971,18
8.88,-0.0009326264725956003,18
8.881999999999998,-0.0013123002725955995,18
8.884,-0.0016919740725955983,18
8.886,-0.0017637573225955984,18
8.888,-0.0018355405725955984,18
8.89,-0.0019073238225955985,18
8.891999999999998,-0.0019791070725955987,18
8.894,-0.0013453574725956,18
8.896,-0.0009430687725956004,18
8.897999999999998,-0.0009361475725955978,18
8.9,-0.0014158762725955988,18
8.902,-0.001428805122595599,18
8.904,-0.0014417339725955993,18
8.906,-0.0014546628225955995,18
8.907999999999998,-0.0014675916725955995,18
8.91,-0.0009449200725955981,18
8.912,-0.0010664524725955988,18
8.913999999999998,-0.0011879848725955995,18
8.916,-0.0011031396725955996,18
8.918,-0.0010182944725956,18
8.92,-0.0009334492725956002,18
8.922,-0.0010341091725955991,18
8.923999999999998,-0.0012664987475955996,18
8.926,-0.0014988883225955998,18
8.928,-0.0017312778975956,18
8.929999999999998,-0.0019636674725956003,18
8.932,-0.0019172155725956,18
8.934,-0.0018707636725955996,18
8.936,-0.0018243117725955987,18
8.938,-0.0011867869725956,18
8.939999999999998,-0.0009526640725956003,18
8.942,-0.0009733671725956003,18
8.944,-0.0012250985975955995,18
8.945999999999998,-0.0014768300225955992,18
8.948,-0.0017285614475955984,18
8.949999999999998,-0.001980292872595598,18
8.952,-0.001333826172595599,18
8.954,-0.0009386764725956008,18
8.955999999999998,-0.0011657511225956,18
8.958,-0.0013928257725955987,18
8.96,-0.0014314247725955983,18
8.961999999999998,-0.0014700237725955984,18
8.964,-0.001508622772595598,18
8.965999999999998,-0.0009969016725956002,18
8.968,-0.0009636811225956003,18
8.97,-0.0009304605725956003,18
8.971999999999998,-0.0011709480725955975,18
8.974,-0.0013217060059289307,18
8.976,-0.0014724639392622643,18
8.977999999999998,-0.0016232218725955976,18
8.98,-0.0010443215725955968,18
8.981999999999998,-0.0009741839225955971,18
8.984,-0.0009040462725955976,18
8.986,-0.001084769452595598,18
8.987999999999998,-0.001265492632595598,18
8.99,-0.0014462158125955985,18
8.992,-0.0016269389925955987,18
8.993999999999998,-0.0018076621725955993,18
8.996,-0.0009465172725955996,18
8.997999999999998,-0.0009620476225955987,18
9.0,-0.0009775779725955981,19
9.002,-0.0013151962059289313,19
9.003999999999998,-0.0016528144392622644,19
9.006,-0.001990432672595597,19
9.008,-0.0009483322725955968,19
9.01,-0.0009567841225955981,19
9.012,-0.0009652359725955998,19
9.014,-0.0014176065725955995,19
9.016,-0.0014366156725955988,19
9.018,-0.0014556247725955984,19
9.02,-0.0014746338725955977,19
9.022,-0.0009913840725955976,19
9.024,-0.0009483080725955981,19
9.026,-0.0010627861725955989,19
9.028,-0.0011772642725955997,19
9.03,-0.0011519117475955987,19
9.032,-0.0011265592225955983,19
9.034,-0.0011012066975955976,19
9.036,-0.0010758541725955969,19
9.038,-0.0010103871225955975,19
9.04,-0.0009449200725955981,19
9.042,-0.0010057134975955985,19
9.044,-0.0010665069225955987,19
9.046,-0.0011273003475955991,19
9.048,-0.0011880937725955996,19
9.05,-0.0010622053725955983,19
9.052,-0.0009363169725955971,19
9.054,-0.0009620173725955992,19
9.056,-0.0013240796225955987,19
9.058,-0.0016861418725955984,19
9.06,-0.0017781664059289316,19
9.062,-0.0018701909392622648,19
9.064,-0.0019622154725955974,19
9.066,-0.0009417377725956,19
9.068,-0.0009511576225955993,19
9.07,-0.0009605774725955987,19
9.072,-0.0014419880725955979,19
9.074,-0.001448074372595598,19
9.076,-0.0014541606725955985,19
9.078,-0.0014602469725955988,19
9.08,-0.001466333272595599,19
9.082,-0.0009776747725955964,19
9.084,-0.0009370913725956013,19
9.086,-0.0011173874225956005,19
9.088,-0.0012976834725955998,19
9.09,-0.001477979522595599,19
9.092,-0.0016582755725955984,19
9.094,-0.0013615956725955983,19
9.096,-0.0010649157725955982,19
9.098,-0.0009418708725955972,19
9.1,-0.0010326813725956008,19
9.102,-0.0019644660725955977,19
9.104,-0.0019222088392622648,19
9.106,-0.001879951605928932,19
9.108,-0.0018376943725955993,19
9.11,-0.001181499272595596,19
9.112,-0.0009731009725955987,19
9.114,-0.0010467488325955987,19
9.116,-0.0011203966925955988,19
9.118,-0.0011940445525955988,19
9.12,-0.0012676924125955987,19
9.122,-0.0013413402725955988,19
9.124,-0.0009530028725955997,19
9.126,-0.000962416672595598,19
9.128,-0.0011964911725955985,19
9.13,-0.0014305656725955988,19
9.132,-0.0014491724475955987,19
9.134,-0.0014677792225955989,19
9.136,-0.0014863859975955988,19
9.138000000000002,-0.0015049927725955987,19
9.14,-0.0009879597725955987,19
9.142,-0.0009543943725955976,19
9.144,-0.0009782483125955975,19
9.146,-0.0010021022525955978,19
9.148,-0.0010259561925955979,19
9.15,-0.001049810132595598,19
9.152,-0.001073664072595598,19
9.154000000000002,-0.001001203222595599,19
9.156,-0.0009287423725956,19
9.158,-0.0010160801725956,19
9.16,-0.0019757069725955985,19
9.162,-0.0019173083392622651,19
9.164,-0.001858909705928932,19
9.166,-0.001800511072595599,19
9.168,-0.0011631072725956006,19
9.170000000000002,-0.0009230916725955965,19
9.172,-0.0009714311725955992,19
9.174,-0.001717396172595597,19
9.176,-0.0018445369225955975,19
9.178,-0.001971677672595599,19
9.18,-0.0016431203225955992,19
9.182,-0.0013145629725955996,19
9.184,-0.0009639049725955992,19
9.186000000000002,-0.001049653639262266,19
9.188,-0.0011354023059289328,19
9.19,-0.0012211509725955992,19
9.192,-0.001306899639262266,19
9.194,-0.0013926483059289324,19
9.196,-0.0014783969725955994,19
9.198,-0.0009850315725955985,19
9.2,-0.0011845605725956004,19
9.202000000000002,-0.0012832989925956003,19
9.204,-0.0013820374125955999,19
9.206,-0.0014807758325955996,19
9.208,-0.0015795142525955991,19
9.21,-0.0016782526725955989,19
9.212,-0.0009444239725955992,19
9.214,-0.0009899804725955986,19
9.216,-0.001035536972595598,19
9.218000000000002,-0.0019725609725955977,19
9.22,-0.0019266737392622643,19
9.222,-0.0018807865059289315,19
9.224,-0.001834899272595598,19
9.226,-0.001185455972595598,19
9.228,-0.0009307872725955995,19
9.23,-0.0009590770725955987,19
9.232,-0.0012080799475955987,19
9.234000000000002,-0.0014570828225955984,19
9.236,-0.0017060856975955985,19
9.238,-0.0019550885725955983,19
9.24,-0.0013149985725955987,19
9.242,-0.0009271330725955998,19
9.244,-0.001394943272595598,19
9.246,-0.001417391797595598,19
9.248,-0.001439840322595598,19
9.25,-0.0014622888475955983,19
9.252,-0.0014847373725955983,19
9.254,-0.0012278362225955994,19
9.256,-0.0009709350725956003,19
9.258,-0.0011826245725955996,19
9.26,-0.0012965188475955992,19
9.262,-0.0014104131225955987,19
9.264,-0.0015243073975955983,19
9.266,-0.0016382016725955979,19
9.268,-0.0010473465725956005,19
9.27,-0.0010258569725955999,19
9.272,-0.0019641272725956,19
9.274,-0.0019330133325956,19
9.276,-0.0019018993925955996,19
9.278,-0.0018707854525955993,19
9.28,-0.0018396715125955983,19
9.282,-0.0018085575725955985,19
9.284,-0.0011698106725955993,19
9.286,-0.0009696887725955984,19
9.288,-0.0010580943975955987,19
9.29,-0.0011465000225955987,19
9.292,-0.0012349056475955992,19
9.294,-0.0013233112725955995,19
9.296,-0.0009549267725956003,19
9.298,-0.0011824975225956007,19
9.3,-0.001410068272595601,19
9.302,-0.0014225796725956007,19
9.304,-0.0014350910725956002,19
9.306,-0.0014476024725956,19
9.308,-0.0014601138725955996,19
9.31,-0.001472625272595599,19
9.312,-0.0014851366725955988,19
9.314,-0.0009898352725955983,19
9.316,-0.000948864672595598,19
9.318,-0.0011748079725955975,19
9.32,-0.001415132122595598,19
9.322,-0.0016554562725955985,19
9.324,-0.001455697372595598,19
9.326,-0.0012559384725955973,19
9.328,-0.0010561795725955968,19
9.33,-0.0009395960725955987,19
9.332,-0.0010212589725955984,19
9.334,-0.001959650272595599,19
9.336,-0.0019080155392622656,19
9.338,-0.0018563808059289325,19
9.34,-0.001804746072595599,19
9.342,-0.0011579405725955971,19
9.344,-0.000915456572595598,19
9.346,-0.0009479208725955978,19
9.348,-0.0016868073725956004,19
9.35,-0.0017804049059289328,19
9.352,-0.0018740024392622655,19
9.354,-0.0019675999725955982,19
9.356,-0.0009466624725955987,19
9.358,-0.001024360029738456,19
9.36,-0.001102057586881313,19
9.362,-0.00117975514402417,19
9.364,-0.0012574527011670268,19
9.366,-0.001335150258309884,19
9.368,-0.0014128478154527408,19
9.37,-0.0014905453725955978,19
9.372,-0.0009935862725955983,19
9.374,-0.0009456218725956005,19
9.376,-0.001180240872595599,19
9.378,-0.001119474672595599,19
9.38,-0.0010587084725955992,19
9.382,-0.0009979422725955992,19
9.384,-0.0009371760725955992,19
9.386,-0.0010314834725955976,19
9.388000000000002,-0.0013437159059289311,19
9.39,-0.0016559483392622647,19
9.392,-0.0019681807725955985,19
9.394,-0.0015658860225955995,19
9.396,-0.0011635912725956009,19
9.398,-0.0009595005725955981,19
9.4,-0.0011260590892622647,19
9.402,-0.0012926176059289314,19
9.404000000000002,-0.001459176122595598,19
9.406,-0.0016257346392622649,19
9.408,-0.0017922931559289316,19
9.41,-0.0019588516725955983,19
9.412,-0.0009270604725956002,19
9.414,-0.0011701676225955987,19
9.416,-0.0014132747725955977,19
9.418,-0.0014272462392622644,19
9.420000000000002,-0.0014412177059289315,19
9.422,-0.0014551891725955984,19
9.424,-0.0012912462725955982,19
9.426,-0.001127303372595598,19
9.428,-0.0009633604725955981,19
9.43,-0.0009224140725955997,19
9.432,-0.0011518744392622654,19
9.434,-0.0013813348059289316,19
9.436000000000002,-0.0016107951725955975,19
9.438,-0.0013278850725955988,19
9.44,-0.0010449749725956,19
9.442,-0.0009862899725955991,19
9.444,-0.0009276049725955981,19
9.446,-0.0019633165725955973,19
9.448,-0.0019149730392622644,19
9.45,-0.001866629505928932,19
9.452000000000002,-0.0018182859725955989,19
9.454,-0.001372649022595599,19
9.456,-0.0009270120725955994,19
9.458,-0.0009459909225955987,19
9.46,-0.000964969772595598,19
9.462,-0.0016870009725955988,19
9.464,-0.0015656218392622653,19
9.466,-0.0014442427059289315,19
9.468000000000002,-0.001322863572595598,19
9.47,-0.000944218272595599,19
9.472,-0.0011714199725955995,19
9.474,-0.0013986216725956,19
9.476,-0.0014145452725955996,19
9.478,-0.0014304688725955991,19
9.48,-0.0014463924725955988,19
9.482,-0.0014623160725955983,19
9.484000000000002,-0.0014782396725955983,19
9.486,-0.0011738399725956007,19
9.488,-0.0012927012975956,19
9.49,-0.001411562622595599,19
9.492,-0.0015304239475955983,19
9.494,-0.0016492852725955975,19
9.496,-0.0014544994725955976,19
9.498,-0.001259713672595598,19
9.5,-0.0010649278725955984,20
9.502,-0.001031592372595598,20
9.504,-0.001187384712595598,20
9.506,-0.0013431770525955983,20
9.508,-0.0014989693925955983,20
9.51,-0.0016547617325955984,20
9.512,-0.0018105540725955984,20
9.514,-0.001153935472595598,20
9.516,-0.0009474005725955968,20
9.518,-0.001675760072595598,20
9.52,-0.0017651871392622644,20
9.522,-0.0018546142059289311,20
9.524,-0.0019440412725955977,20
9.526,-0.0012786380725955983,20
9.528,-0.0009017472725956001,20
9.53,-0.0009283188725956008,20
9.532,-0.0011671547225956007,20
9.534,-0.0014059905725956005,20
9.536,-0.0014240135225956,20
9.538,-0.0014420364725955996,20
9.54,-0.0014600594225955992,20
9.542,-0.0014780823725955988,20
9.544,-0.0011675721725955962,20
9.546,-0.0012629685725955968,20
9.548,-0.0013583649725955973,20
9.55,-0.0014537613725955976,20
9.552,-0.001549157772595598,20
9.554,-0.0016445541725955987,20
9.556,-0.001350862972595599,20
9.558,-0.0010571717725955995,20
9.56,-0.0009402736725955974,20
9.562,-0.0019481189725955984,20
9.564,-0.001816894472595597,20
9.566,-0.0011556052725955992,20
9.568,-0.0010985930975955988,20
9.57,-0.0010415809225955983,20
9.572,-0.0009845687475955975,20
9.574,-0.0009275565725955973,20
9.576,-0.001664131972595597,20
9.578,-0.0017409760475955976,20
9.58,-0.001817820122595598,20
9.582,-0.0018946641975955984,20
9.584,-0.001971508272595599,20
9.586,-0.0013045441725955988,20
9.588,-0.0013933823725955988,20
9.59,-0.001406551205928932,20
9.592,-0.0014197200392622653,20
9.594,-0.0014328888725955984,20
9.596,-0.0014460577059289316,20
9.598,-0.0014592265392622647,20
9.6,-0.001472395372595598,20
9.602,-0.0009769245725955982,20
9.604,-0.0009441335725955955,20
9.606,-0.001187016872595599,20
9.608,-0.001301171297595599,20
9.61,-0.001415325722595599,20
9.612,-0.001529480147595599,20
9.614,-0.0016436345725955991,20
9.616,-0.001054231472595599,20
9.618,-0.0009411932725955988,20
9.62,-0.0010422887725955975,20
9.622,-0.0019855684725956,20
9.624,-0.001934538739262266,20
9.626,-0.001883509005928932,20
9.628,-0.0018324792725955984,20
9.63,-0.0011972292725956,20
9.632,-0.0009557737725955985,20
9.634,-0.0017228290725955983,20
9.636,-0.0013136554725955985,20
9.638000000000002,-0.0009470375725955971,20
9.64,-0.0010995822725955976,20
9.642,-0.001252126972595598,20
9.644,-0.0014046716725955987,20
9.646,-0.0014102065583098844,20
9.648,-0.00141574144402417,20
9.65,-0.0014212763297384557,20
9.652,-0.0014268112154527412,20
9.654000000000002,-0.0014323461011670267,20
9.656,-0.0014378809868813125,20
9.658,-0.001443415872595598,20
9.66,-0.000905292572595598,20
9.662,-0.0012613290225955975,20
9.664,-0.0016173654725955972,20
9.666,-0.0010303218725955987,20
9.668,-0.0009910452725955994,20
9.670000000000002,-0.0009517686725956,20
9.672,-0.0009124920725956003,20
9.674,-0.0009447990725956003,20
9.676,-0.0009771060725956003,20
9.678,-0.0010094130725956003,20
9.68,-0.0019448398725955985,20
9.682,-0.0018723245725955984,20
9.684,-0.0017998092725955983,20
9.686000000000002,-0.0013488785725955987,20
9.688,-0.0008979478725955995,20
9.69,-0.0009138170225955998,20
9.692,-0.0009296861725956,20
9.694,-0.0011835986225955995,20
9.696,-0.0014375110725955995,20
9.698,-0.0016914235225955992,20
9.7,-0.0019453359725955988,20
9.702000000000002,-0.0012827399725955993,20
9.704,-0.0008999080725955974,20
9.706,-0.0009123347725955991,20
9.708,-0.0013980045725955988,20
9.71,-0.0014097899725955987,20
9.712,-0.0014215753725955987,20
9.714,-0.0014333607725955989,20
9.716,-0.0014451461725955989,20
9.718000000000002,-0.0009453193725956001,20
9.72,-0.0009111489725955984,20
9.722,-0.0011753645725955976,20
9.724,-0.001294150272595598,20
9.726,-0.0014129359725955984,20
9.728,-0.0015317216725955988,20
9.73,-0.0016505073725955992,20
9.732,-0.0010501900725955991,20
9.734000000000002,-0.000930291172595599,20
9.736,-0.0010215130725955979,20
9.738,-0.0019484093725955984,20
9.74,-0.001913093505928932,20
9.742,-0.0018777776392622648,20
9.744,-0.0018424617725955987,20
9.746,-0.001176574572595599,20
9.748,-0.0009336549725955984,20
9.75,-0.0009619689725955984,20
9.752,-0.0016624258725955984,20
9.754,-0.001766062372595599,20
9.756,-0.0018696988725955997,20
9.758,-0.0019733353725956,20
9.76,-0.0012926861725955988,20
9.762,-0.0009308356725955985,20
9.764,-0.0013841500725956003,20
9.766,-0.0013974177225955999,20
9.768,-0.0014106853725955994,20
9.77,-0.0014239530225955987,20
9.772,-0.0014372206725955985,20
9.774,-0.0009700759725955986,20
9.776,-0.0009594945225955987,20
9.778,-0.0009489130725955987,20
9.78,-0.0011545646725955976,20
9.782,-0.001268431722595598,20
9.784,-0.0013822987725955983,20
9.786,-0.0014961658225955987,20
9.788,-0.001610032872595599,20
9.79,-0.0010241508725955997,20
9.792,-0.0009156864725955987,20
9.794,-0.000995546472595598,20
9.796,-0.0019203010725955987,20
9.798,-0.0018727642059289328,20
9.8,-0.0018252273392622663,20
9.802,-0.0017776904725956,20
9.804,-0.0009007550725955994,20
9.806,-0.0012824616725955985,20
9.808,-0.0016641682725955975,20
9.81,-0.0017298349725955976,20
9.812,-0.0017955016725955978,20
9.814,-0.0018611683725955977,20
9.816,-0.0019268350725955975,20
9.818,-0.0012794850725955983,20
9.82,-0.0009439157725955985,20
9.822,-0.0011630346725955984,20
9.824,-0.0013821535725955982,20
9.826,-0.0014021457975955983,20
9.828,-0.0014221380225955989,20
9.83,-0.0014421302475955992,20
9.832,-0.0014621224725955995,20
9.834,-0.0009639291725955981,20
9.836,-0.0011601185725955976,20
9.838,-0.0012546002125955978,20
9.84,-0.001349081852595598,20
9.842,-0.0014435634925955983,20
9.844,-0.0015380451325955988,20
9.846,-0.001632526772595599,20
9.848,-0.0010498028725955987,20
9.85,-0.0009210346725956,20
9.852,-0.0019347242725955976,20
9.854,-0.0019023688725955975,20
9.856,-0.0018700134725955983,20
9.858,-0.0018376580725955984,20
9.86,-0.0018053026725955987,20
9.862,-0.0009148757725955976,20
9.864,-0.0012995710725955973,20
9.866,-0.0016842663725955968,20
9.868,-0.0017493099225955972,20
9.87,-0.0018143534725955973,20
9.872,-0.0018793970225955976,20
9.874,-0.001944440572595598,20
9.876,-0.0012954449725955976,20
9.878,-0.0009247372725955972,20
9.88,-0.0009479934725955992,20
9.882,-0.0013868967725955987,20
9.884,-0.0012830757475955983,20
9.886,-0.001179254722595598,20
9.888000000000002,-0.0010754336975955978,20
9.89,-0.0009716126725955974,20
9.892,-0.0009478422225955973,20
9.894,-0.0009240717725955971,20
9.896,-0.0011584366725955995,20
9.898,-0.001314478272595599,20
9.9,-0.0014705198725955989,20
9.902,-0.0016265614725955984,20
9.904000000000002,-0.0009265522725955995,20
9.906,-0.001945384372595598,20
9.908,-0.0019252600559289317,20
9.91,-0.0019051357392622648,20
9.912,-0.001885011422595598,20
9.914,-0.0018648871059289316,20
9.916,-0.0018447627892622647,20
9.918,-0.001824638472595598,20
9.920000000000002,-0.0011724968725955968,20
9.922,-0.0009191470725955965,20
9.924,-0.0009503287725955989,20
9.926,-0.0016778533725956,20
9.928,-0.0017832847059289327,20
9.93,-0.0018887160392622657,20
9.932,-0.0019941473725955984,20
9.934,-0.0013164021725955988,20
9.936000000000002,-0.0009121048725955986,20
9.938,-0.0009206111725955992,20
9.94,-0.0013859650725955971,20
9.942,-0.001284246422595598,20
9.944,-0.0011825277725955987,20
9.946,-0.001080809122595599,20
9.948,-0.0009790904725956,20
9.95,-0.000969386272595598,20
9.952000000000002,-0.0009596820725955962,20
9.954,-0.0011724000725955967,20
9.956,-0.0012913158475955971,20
9.958,-0.001410231622595598,20
9.96,-0.0015291473975955986,20
9.962,-0.0016480631725955992,20
9.964,-0.0010599305725956,20
9.966,-0.0009354699725955991,20
9.968000000000002,-0.0010197101725955976,20
9.97,-0.0019429038725955973,20
9.972,-0.0016865452059289313,20
9.974,-0.001430186539262265,20
9.976,-0.0011738278725955988,20
9.978,-0.0010574379725955992,20
9.98,-0.0009410480725955997,20
9.982,-0.0009754483725956005,20
9.984000000000002,-0.001705586572595598,20
9.986,-0.0017987041392622648,20
9.988,-0.001891821705928932,20
9.99,-0.0019849392725955982,20
9.992,-0.0014650204225955992,20
9.994,-0.0009451015725955997,20
9.996,-0.0013942535725955975,20
9.998,-0.001414490822595598,20
10.0,-0.0014347280725955985,21
10.002,-0.001454965322595599,21
10.004,-0.0014752025725955995,21
10.006,-0.0012288344725955988,21
10.008,-0.000982466372595598,21
10.01,-0.000947545772595596,21
10.012,-0.0010881017925955963,21
10.014,-0.0012286578125955967,21
10.016,-0.001369213832595597,21
10.018,-0.0015097698525955972,21
10.02,-0.0016503258725955976,21
10.022,-0.0010599547725955968,21
10.024,-0.0010103810725955972,21
10.026,-0.0014777314725955976,21
10.028,-0.0019450818725955975,21
10.03,-0.0016887917725955982,21
10.032,-0.0014325016725955987,21
10.034,-0.0011762115725955991,21
10.036,-0.0010517993725955993,21
10.038,-0.0009273871725955992,21
10.04,-0.0009525067725956008,21
10.042,-0.001674997772595596,21
10.044,-0.0014894140225955967,21
10.046,-0.0013038302725955975,21
10.048,-0.0011182465225955983,21
10.05,-0.0009326627725955992,21
10.052,-0.0011632161725955992,21
10.054,-0.0013937695725955988,21
10.056,-0.0014138041475955992,21
10.058,-0.0014338387225955995,21
10.06,-0.0014538732975955997,21
10.062,-0.0014739078725956,21
10.064,-0.0009930659725955972,21
10.066,-0.000959028672595598,21
10.068,-0.0011809547725956,21
10.07,-0.0013015252225956,21
10.072,-0.0014220956725955998,21
10.074,-0.0015426661225955995,21
10.076,-0.0016632365725955996,21
10.078,-0.0010783346725955992,21
10.08,-0.000951417772595598,21
10.082,-0.0010209806725955985,21
10.084,-0.0019301383725956,21
10.086,-0.0018957259725955996,21
10.088,-0.0018613135725955984,21
10.09,-0.001826901172595598,21
10.092,-0.0009338243725955982,21
10.094,-0.0009493789225955987,21
10.096,-0.0009649334725955992,21
10.098,-0.0016784099725956,21
10.1,-0.0017821634392622663,21
10.102,-0.0018859169059289329,21
10.104,-0.001989670372595599,21
10.106,-0.001330619672595599,21
10.108,-0.0009426452725955976,21
10.11,-0.0009396686725955984,21
10.112,-0.0013942414725955973,21
10.114,-0.0014181571225955975,21
10.116,-0.0014420727725955975,21
10.118,-0.001465988422595598,21
10.12,-0.001489904072595598,21
10.122,-0.0010112522725955978,21
10.124,-0.0011749531725956004,21
10.126,-0.0011533740325955998,21
10.128,-0.0011317948925955994,21
10.13,-0.0011102157525955988,21
10.132,-0.0010886366125955984,21
10.134,-0.0010670574725955978,21
10.136,-0.0010098910225955987,21
10.138,-0.0009527245725955997,21
10.14,-0.001016576272595597,21
10.142,-0.001960594072595599,21
10.144,-0.0019088262392622656,21
10.146,-0.001857058405928932,21
10.148,-0.0018052905725955987,21
10.15,-0.0011819590725955995,21
10.152,-0.0009457912725955984,21
10.154,-0.0009837368725955987,21
10.156,-0.0010730076475955986,21
10.158,-0.0011622784225955984,21
10.16,-0.001251549197595598,21
10.162,-0.0013408199725955978,21
10.164,-0.0011518845225955985,21
10.166,-0.0009629490725955991,21
10.168,-0.0013952941725955976,21
10.17,-0.0014086598325955975,21
10.172,-0.0014220254925955975,21
10.174,-0.0014353911525955977,21
10.176,-0.0014487568125955978,21
10.178,-0.0014621224725955978,21
10.18,-0.0009851767725955977,21
10.182,-0.0009466140725955981,21
10.184,-0.0011669671725955987,21
10.186,-0.0011388588725955986,21
10.188,-0.0011107505725955983,21
10.19,-0.001082642272595598,21
10.192,-0.0010545339725955977,21
10.194,-0.0009411569725955965,21
10.196,-0.001967188572595597,21
10.198,-0.0019365634725955975,21
10.2,-0.0019059383725955985,21
10.202,-0.0018753132725955984,21
10.204,-0.0018446881725955988,21
10.206,-0.0018140630725955991,21
10.208,-0.0011687942725955996,21
10.21,-0.0009263223725955987,21
10.212,-0.000948574272595596,21
10.214,-0.0016537743725955987,21
10.216,-0.0017515262392622652,21
10.218,-0.001849278105928932,21
10.22,-0.0019470299725955988,21
10.222,-0.0013068673725955965,21
10.224,-0.0009450894725955994,21
10.226,-0.0014007512725955976,21
10.228,-0.001416113432595598,21
10.23,-0.0014314755925955984,21
10.232,-0.0014468377525955988,21
10.234,-0.001462199912595599,21
10.236,-0.0014775620725955996,21
10.238,-0.0009755088725955965,21
10.24,-0.000912504172595599,21
10.242,-0.0010523583925955992,21
10.244,-0.0011922126125955995,21
10.246,-0.0013320668325955995,21
10.248,-0.0014719210525955997,21
10.25,-0.0016117752725956,21
10.252,-0.0010550542725956003,21
10.254,-0.0009303032725955976,21
10.256,-0.0010172417725956007,21
10.258,-0.0019485061725955984,21
10.26,-0.0016903526725955988,21
10.262,-0.0014321991725955992,21
10.264,-0.0011740456725955993,21
10.266,-0.0009285850725955987,21
10.268,-0.0009387732725955991,21
10.27,-0.0009489614725955997,21
10.272,-0.0016612763725956,21
10.274,-0.0018102939225956,21
10.276,-0.0019593114725956,21
10.278,-0.0016397141725955995,21
10.28,-0.0013201168725955996,21
10.282,-0.0009454887725956,21
10.284,-0.0011751407225955987,21
10.286,-0.0014047926725955975,21
10.288,-0.0014233933975955975,21
10.29,-0.001441994122595598,21
10.292,-0.0014605948475955983,21
10.294,-0.0014791955725955983,21
10.296,-0.000980639272595597,21
10.298,-0.0011669550725955968,21
10.3,-0.0012573227125955975,21
10.302,-0.0013476903525955978,21
10.304,-0.0014380579925955983,21
10.306,-0.0015284256325955987,21
10.308,-0.0016187932725955992,21
10.31,-0.0010491131725956,21
10.312,-0.0009265522725955977,21
10.314,-0.0009993700725955956,21
10.316,-0.0019517368725955968,21
10.318,-0.001874750622595598,21
10.32,-0.0017977643725955988,21
10.322,-0.0014782396725955991,21
10.324,-0.0011587149725955995,21
10.326,-0.0009205869725956003,21
10.328,-0.0009539224725956008,21
10.33,-0.0016944666725955976,21
10.332,-0.0015656702392622644,21
10.334,-0.0014368738059289312,21
10.336,-0.001308077372595598,21
10.338,-0.001119638022595598,21
10.34,-0.0009311986725955984,21
10.342,-0.000934526172595599,21
10.344,-0.0013825649725955971,21
10.346,-0.0014118348725955976,21
10.348,-0.001441104772595598,21
10.35,-0.0014703746725955983,21
10.352,-0.001499644572595599,21
10.354,-0.0009951713725955998,21
10.356,-0.0009484895725955997,21
10.358,-0.0011758485725955996,21
10.36,-0.001097803572595599,21
10.362,-0.0010197585725955985,21
10.364,-0.000941713572595598,21
10.366,-0.0009634391225955981,21
10.368,-0.0009851646725955983,21
10.37,-0.0010068902225955985,21
10.372,-0.0010286157725955987,21
10.374,-0.001955318472595599,21
10.376,-0.0019065675725955993,21
10.378,-0.0018578166725955988,21
10.38,-0.0018090657725955987,21
10.382,-0.001151164572595599,21
10.384,-0.0009286455725955981,21
10.386,-0.0009703905725956008,21
10.388,-0.0016849560725955975,21
10.39,-0.001780352472595598,21
10.392,-0.0018757488725955989,21
10.394,-0.0019711452725955994,21
10.396,-0.0012899031725955995,21
10.398,-0.0009336912725955976,21
10.4,-0.0009479087725955994,21
10.402,-0.0013847187725955967,21
10.404,-0.0014140048059289312,21
10.406,-0.0014432908392622654,21
10.408,-0.0014725768725955997,21
10.41,-0.000985249372595597,21
10.412,-0.0009645886225955971,21
10.414,-0.0009439278725955971,21
10.416,-0.0011829270725955965,21
10.418,-0.001296028797595597,21
10.42,-0.0014091305225955976,21
10.422,-0.0015222322475955982,21
10.424,-0.0016353339725955988,21
10.426,-0.0010400865725956002,21
10.428,-0.0009195463725955987,21
10.43,-0.0010060250725955969,21
10.432,-0.0019388261725956004,21
10.434,-0.0018850053725956,21
10.436,-0.0018311845725955988,21
10.438,-0.0015116598725955991,21
10.44,-0.0011921351725955997,21
10.442,-0.0009527971725955994,21
10.444,-0.0016686573725955972,21
10.446,-0.0017706886059289315,21
10.448,-0.0018727198392622657,21
10.45,-0.0019747510725956,21
10.452,-0.0016394842725955987,21
10.454,-0.001304217472595598,21
10.456,-0.0009478482725955964,21
10.458,-0.0013969639725955989,21
10.46,-0.0014123309725955987,21
10.462,-0.0014276979725955984,21
10.464,-0.0014430649725955982,21
10.466,-0.001458431972595598,21
10.468,-0.001473798972595598,21
10.47,-0.0009697129725955971,21
10.472,-0.0009274718725955992,21
10.474,-0.0011516969725955985,21
10.476,-0.001398524872595599,21
10.478,-0.0016453527725955996,21
10.48,-0.0010390338725956,21
10.482,-0.0009985029059289322,21
10.484,-0.000957971939262264,21
10.486,-0.0009174409725955965,21
10.488,-0.0010132245725955995,21
10.49,-0.0019492200725955997,21
10.492,-0.001899969039262266,21
10.494,-0.0018507180059289328,21
10.496,-0.0018014669725955996,21
10.498,-0.0011713836725955988,21
10.5,-0.0009359297725956006,22
10.502,-0.0009486952725955983,22
10.504,-0.0016775871725955988,22
10.506,-0.0017751938392622651,22
10.508,-0.0018728005059289315,22
10.51,-0.0019704071725955975,22
10.512,-0.0013006963725955987,22
10.514,-0.0009330862725955984,22
10.516,-0.0009436495725955971,22
10.518,-0.0013839927725955974,22
10.52,-0.0014036371225955978,22
10.522,-0.0014232814725955983,22
10.524,-0.0014429258225955987,22
10.526,-0.0014625701725955991,22
10.528,-0.0009660224725955984,22
10.53,-0.0009172352725955976,22
10.532,-0.001153366772595598,22
10.534,-0.0012729873725955982,22
10.536,-0.0013926079725955984,22
10.538,-0.0015122285725955983,22
10.54,-0.0016318491725955987,22
10.542,-0.0010435229725955977,22
10.544,-0.0009350222725955976,22
10.546,-0.0019506357725955976,22
10.548,-0.0019233744725955977,22
10.55,-0.001896113172595598,22
10.552,-0.001868851872595598,22
10.554,-0.0018415905725955985,22
10.556,-0.0011816686725955976,22
10.558,-0.0009423669725955977,22
10.56,-0.0009523736725955968,22
10.562,-0.0012074809975955972,22
10.564,-0.0014625883225955975,22
10.566,-0.0017176956475955982,22
10.568,-0.0019728029725955987,22
10.57,-0.000926903172595599,22
10.572,-0.0009419737225955976,22
10.574,-0.000957044272595596,22
10.576,-0.0014254231725955996,22
10.578,-0.0014366852475955995,22
10.58,-0.001447947322595599,22
10.582,-0.0014592093975955992,22
10.584,-0.001470471472595599,22
10.586,-0.0009733308725955979,22
10.588,-0.0009506191725956008,22
10.59,-0.0011877670725955987,22
10.592,-0.0013059447475955988,22
10.594,-0.001424122422595599,22
10.596,-0.001542300097595599,22
10.598,-0.001660477772595599,22
10.6,-0.001066549272595597,22
10.602,-0.001012571172595601,22
10.604,-0.0014826803725956003,22
10.606,-0.0019527895725955995,22
10.608,-0.0019128555392622652,22
10.61,-0.0018729215059289316,22
10.612,-0.001832987472595597,22
10.614,-0.001174735372595598,22
10.616,-0.0009340905725955997,22
10.618,-0.0009336670725955993,22
10.62,-0.0009332435725955992,22
10.622,-0.0009328200725955992,22
10.624,-0.000932396572595599,22
10.626,-0.0009319730725955987,22
10.628,-0.0009298515392622656,22
10.63,-0.0009277300059289325,22
10.632,-0.0009256084725955993,22
10.634,-0.0013984401725955964,22
10.636,-0.0012913128225955973,22
10.638,-0.001184185472595598,22
10.64,-0.0010770581225955987,22
10.642,-0.0009699307725955994,22
10.644,-0.0009168964725955984,22
10.646,-0.0011789461725955977,22
10.648,-0.001152154352595598,22
10.65,-0.001125362532595598,22
10.652,-0.0010985707125955983,22
10.654,-0.0010717788925955984,22
10.656,-0.0010449870725955986,22
10.658,-0.0009964842225955982,22
10.66,-0.0009479813725955971,22
10.662,-0.0010292812725955988,22
10.664,-0.0019707701725955977,22
10.666,-0.0019238060392622644,22
10.668,-0.0018768419059289308,22
10.67,-0.0018298777725955972,22
10.672,-0.0011464455725955988,22
10.674,-0.0009390031725955984,22
10.676,-0.001301307422595598,22
10.678,-0.0016636116725955979,22
10.68,-0.0017726084725955982,22
10.682,-0.0018816052725955984,22
10.684,-0.001990602072595599,22
10.686,-0.0013381821725955995,22
10.688,-0.0009487436725955992,22
10.69,-0.001171964472595599,22
10.692,-0.001395185272595599,22
10.694,-0.0014122704725955991,22
10.696,-0.0014293556725955992,22
10.698,-0.0014464408725955993,22
10.7,-0.0014635260725955992,22
10.702,-0.0009779167725955974,22
10.704,-0.0009213492725955972,22
10.706,-0.0011559319725955967,22
10.708,-0.0012772253975955972,22
10.71,-0.001398518822595598,22
10.712,-0.0015198122475955987,22
10.714,-0.0016411056725955991,22
10.716,-0.0010409214725955983,22
10.718,-0.0009913356725955967,22
10.72,-0.0014596056725955982,22
10.722,-0.0019278756725956,22
10.724,-0.0018875826725955995,22
10.726,-0.0018472896725955992,22
10.728,-0.0018069966725955987,22
10.73,-0.0011495673725955972,22
10.732,-0.0009085111725955964,22
10.734,-0.0009436616725955957,22
10.736,-0.0016638052725955995,22
10.738,-0.0017550392725955994,22
10.74,-0.0018462732725955987,22
10.742,-0.0019375072725955984,22
10.744,-0.0012809854725955964,22
10.746,-0.0009167028725956,22
10.748,-0.0009478724725955968,22
10.75,-0.001403074472595597,22
10.752,-0.0014134441725955971,22
10.754,-0.0014238138725955977,22
10.756,-0.001434183572595598,22
10.758,-0.0014445532725955983,22
10.76,-0.0009620415725955981,22
10.762,-0.0009585809725955984,22
10.764,-0.0011815476725955988,22
10.766,-0.001293587622595599,22
10.768,-0.0014056275725955988,22
10.77,-0.001517667522595599,22
10.772,-0.0016297074725955991,22
10.774,-0.0010115305725955995,22
10.776,-0.0019580046725955983,22
10.778,-0.0019315685925955985,22
10.78,-0.0019051325125955985,22
10.782,-0.0018786964325955985,22
10.784,-0.0018522603525955989,22
10.786,-0.0018258242725955993,22
10.788,-0.001173126072595598,22
10.79,-0.0009326869725955965,22
10.792,-0.0013035640725955963,22
10.794,-0.0016744411725955963,22
10.796,-0.0017823691392622638,22
10.798,-0.0018902971059289316,22
10.8,-0.001998225072595599,22
10.802,-0.0013306317725956009,22
10.804,-0.0009372002725955981,22
10.806,-0.0009420039725955982,22
10.808,-0.0013850333725955993,22
10.81,-0.001417842522595599,22
10.812,-0.0014506516725955989,22
10.814,-0.0014834608225955987,22
10.816,-0.0015162699725955985,22
10.818,-0.0010119419725955984,22
10.82,-0.0009617995725955987,22
10.822,-0.0011760784725955986,22
10.824,-0.0012998796225955987,22
10.826,-0.0014236807725955987,22
10.828,-0.0015474819225955987,22
10.83,-0.0016712830725955988,22
10.832,-0.0010703486725955995,22
10.834,-0.0009639533725955984,22
10.836,-0.0010433535725955995,22
10.838,-0.0012376220975955994,22
10.84,-0.001431890622595599,22
10.842,-0.0016261591475955988,22
10.844,-0.0018204276725955985,22
10.846,-0.0011773489725955995,22
10.848,-0.0009536078725956004,22
10.85,-0.0009665669725955998,22
10.852,-0.001688235172595599,22
10.854,-0.0015977090225955987,22
10.856,-0.0015071828725955983,22
10.858,-0.001416656722595598,22
10.86,-0.0013261305725955977,22
10.862,-0.0009575766725955971,22
10.864,-0.0009540434725955997,22
10.866,-0.0010659031325955994,22
10.868,-0.0011777627925955991,22
10.87,-0.0012896224525955988,22
10.872,-0.0014014821125955983,22
10.874,-0.0015133417725955983,22
10.876,-0.001015257372595597,22
10.878,-0.0011817896725955998,22
10.88,-0.0012830182725955997,22
10.882,-0.0013842468725955993,22
10.884,-0.0014854754725955991,22
10.886,-0.0015867040725955988,22
10.888,-0.0016879326725955986,22
10.89,-0.0010786734725956003,22
10.892,-0.0009548178725955966,22
10.894,-0.0010304791725955983,22
10.896,-0.0019629535725955998,22
10.898,-0.0019269722059289329,22
10.9,-0.0018909908392622655,22
10.902,-0.0018550094725955993,22
10.904,-0.0011975559725955973,22
10.906,-0.0009574919725956008,22
10.908,-0.0009812079725955954,22
10.91,-0.0017068207725955999,22
10.912,-0.0018027011725955987,22
10.914,-0.0018985815725955984,22
10.916,-0.001994461972595597,22
10.918,-0.0013216051725955975,22
10.92,-0.0009334976725955974,22
10.922,-0.0009429235725955978,22
10.924,-0.0014158157725955977,22
10.926,-0.001434498172595598,22
10.928,-0.0014531805725955984,22
10.93,-0.0014718629725955987,22
10.932,-0.0012268561225955979,22
10.934,-0.000981849272595597,22
10.936,-0.000952688272595599,22
10.938,-0.0012069576725955951,22
10.94,-0.0013685491392622631,22
10.942,-0.0015301406059289313,22
10.944,-0.0016917320725955993,22
10.946,-0.0014003096225955987,22
10.948,-0.0011088871725955986,22
10.95,-0.0009898836725955994,22
10.952,-0.0019995560725955992,22
10.954,-0.001965061997595599,22
10.956,-0.001930567922595599,22
10.958,-0.0018960738475955992,22
10.96,-0.0018615797725955987,22
10.962,-0.0012183800725955995,22
10.964,-0.0009817645725956007,22
10.966,-0.0009878629725955969,22
10.968,-0.0017075951725956003,22
10.97,-0.0016212465475955995,22
10.972,-0.0015348979225955992,22
10.974,-0.0014485492975955987,22
10.976,-0.001362200672595598,22
10.978,-0.0009807602725955997,22
10.98,-0.0011089022975955991,22
10.982,-0.0012370443225955992,22
10.984,-0.001365186347595599,22
10.986,-0.0014933283725955988,22
10.988,-0.0012399906725955989,22
10.99,-0.0009866529725955986,22
10.992,-0.0009469649725955959,22
10.994,-0.0012037027725955995,22
10.996,-0.0013199383975955991,22
10.998,-0.0014361740225955991,22
11.0,-0.0015524096475955987,23
11.002,-0.0016686452725955987,23
11.004,-0.0010665250725955984,23
11.006,-0.000931513272595599,23
11.008,-0.0010295837725955992,23
11.01,-0.001964357172595599,23
11.012,-0.0019033066225955988,23
11.014,-0.0018422560725955984,23
11.016,-0.001191433372595599,23
11.018,-0.001074892222595599,23
11.02,-0.0009583510725955992,23
11.022,-0.0009904402725955976,23
11.024,-0.0010609397125955979,23
11.026,-0.001131439152595598,23
11.028,-0.0012019385925955983,23
11.03,-0.0012724380325955984,23
11.032,-0.0013429374725955987,23
11.034,-0.0009580606725955974,23
11.036,-0.0009667242725955976,23
11.038,-0.0014360227725955987,23
11.04,-0.0014580447725955983,23
11.042,-0.001480066772595598,23
11.044,-0.0015020887725955977,23
11.046,-0.0015241107725955973,23
11.048,-0.001024949472595597,23
11.05,-0.001204852272595598,23
11.052,-0.0012997041725955985,23
11.054,-0.0013945560725955985,23
11.056,-0.0014894079725955988,23
11.058,-0.0015842598725955988,23
11.06,-0.001679111772595599,23
11.062,-0.0010703970725956004,23
11.064,-0.0009487194725956003,23
11.066,-0.001033540472595601,23
11.068,-0.0019547134725955984,23
11.07,-0.001907902605928932,23
11.072,-0.0018610917392622656,23
11.074,-0.0018142808725956,23
11.076,-0.0011567910725955987,23
11.078,-0.0008963748725956,23
11.08,-0.0009395476725955997,23
11.082,-0.0011972383475955996,23
11.084,-0.0014549290225955996,23
11.086,-0.0017126196975955996,23
11.088,-0.0019703103725956,23
11.09,-0.0012998130725956,23
11.092,-0.0009267579725955981,23
11.094,-0.0014182478725955974,23
11.096,-0.0014327388325955975,23
11.098,-0.001447229792595598,23
11.1,-0.0014617207525955984,23
11.102,-0.0014762117125955987,23
11.104,-0.001490702672595599,23
11.106,-0.0009934168725955986,23
11.108,-0.0012178355725955964,23
11.11,-0.0011789310475955968,23
11.112,-0.0011400265225955976,23
11.114,-0.001101121997595598,23
11.116,-0.0010622174725955988,23
11.118,-0.0010220696725955988,23
11.12,-0.000981921872595599,23
11.122,-0.0009417740725955991,23
11.124,-0.0010189599725955976,23
11.126,-0.001224366547595598,23
11.128,-0.0014297731225955982,23
11.13,-0.0016351796975955983,23
11.132,-0.0018405862725955988,23
11.134,-0.0011945430725955988,23
11.136,-0.0009536804725955982,23
11.138,-0.0009686239725955998,23
11.14,-0.0010596643725955994,23
11.142,-0.0011507047725955993,23
11.144,-0.001241745172595599,23
11.146,-0.0013327855725955987,23
11.148,-0.0009545637725955989,23
11.15,-0.0009543278225955981,23
11.152,-0.0009540918725955971,23
11.154,-0.0014335543725956003,23
11.156,-0.0014467221975955995,23
11.158,-0.0014598900225955991,23
11.16,-0.0014730578475955984,23
11.162,-0.001486225672595598,23
11.164,-0.0009978333725955983,23
11.166,-0.0009661434725956008,23
11.168,-0.0011097607925956003,23
11.17,-0.0012533781125955996,23
11.172,-0.0013969954325955992,23
11.174,-0.0015406127525955985,23
11.176,-0.001684230072595598,23
11.178,-0.0010823397725955985,23
11.18,-0.0009692894725955981,23
11.182,-0.001044430472595597,23
11.184,-0.001317285472595597,23
11.186,-0.001590140472595597,23
11.188,-0.0018629954725955973,23
11.19,-0.0011953295725955979,23
11.192,-0.001100060222595598,23
11.194,-0.0010047908725955984,23
11.196,-0.0017399626725955984,23
11.198,-0.0016609545125955984,23
11.2,-0.0015819463525955986,23
11.202,-0.0015029381925955986,23
11.204,-0.0014239300325955989,23
11.206,-0.0013449218725955989,23
11.208,-0.0009762832725956002,23
11.21,-0.0014512445725956002,23
11.212,-0.0013573800325956003,23
11.214,-0.0012635154925956,23
11.216,-0.0011696509525956002,23
11.218,-0.0010757864125956,23
11.22,-0.0009819218725956,23
11.222,-0.0010799180440241713,23
11.224,-0.0011779142154527426,23
11.226,-0.0012759103868813136,23
11.228,-0.0013739065583098851,23
11.23,-0.0014719027297384563,23
11.232,-0.0015698989011670274,23
11.234,-0.0016678950725955988,23
11.236,-0.0010875064725955983,23
11.238,-0.0009617148725955971,23
11.24,-0.001045942972595599,23
11.242,-0.0012417058475955988,23
11.244,-0.0014374687225955987,23
11.246,-0.0016332315975955986,23
11.248,-0.0018289944725955983,23
11.25,-0.001178171772595599,23
11.252,-0.0009464809725955991,23
11.254,-0.0009545274725955982,23
11.256,-0.0016930509725955993,23
11.258,-0.0017930574725955988,23
11.26,-0.001893063972595598,23
11.262,-0.0019930704725955976,23
11.264,-0.001338847672595598,23
11.266,-0.0009685997725955974,23
11.268,-0.0009646914725955982,23
11.27,-0.001437196472595598,23
11.272,-0.0014534145059289319,23
11.274,-0.001469632539262266,23
11.276,-0.0014858505725955996,23
11.278,-0.0009918801725955998,23
11.28,-0.0009767128225955978,23
11.282,-0.0009615454725955955,23
11.284,-0.0012128624725955967,23
11.286,-0.0013279576725955971,23
11.288,-0.0014430528725955976,23
11.29,-0.001558148072595598,23
11.292,-0.0016732432725955985,23
11.294,-0.0009673534725955987,23
11.296,-0.0012585157725955992,23
11.298,-0.0015496780725955995,23
11.3,-0.0018408403725956,23
11.302,-0.0012139514725955992,23
11.304,-0.0011483634225955986,23
11.306,-0.0010827753725955978,23
11.308,-0.001017187322595597,23
11.31,-0.0009515992725955963,23
11.312,-0.0017402530725956003,23
11.314,-0.0016632414125956,23
11.316,-0.0015862297525955995,23
11.318,-0.0015092180925955997,23
11.32,-0.0014322064325955994,23
11.322,-0.0013551947725955991,23
11.324,-0.0009873789725955984,23
11.326,-0.0012270194725955983,23
11.328,-0.001466659972595598,23
11.33,-0.0014845478059289316,23
11.332,-0.0015024356392622652,23
11.334,-0.0015203234725955984,23
11.336,-0.0009670993725955992,23
11.338,-0.0010951476225955995,23
11.34,-0.0012231958725955996,23
11.342,-0.0013330366475955992,23
11.344,-0.0014428774225955987,23
11.346,-0.001552718197595598,23
11.348,-0.0016625589725955976,23
11.35,-0.0013644633725955983,23
11.352,-0.0010663677725955987,23
11.354,-0.0009492276725955976,23
11.356,-0.0010590714725955996,23
11.358,-0.0019945950725955976,23
11.36,-0.001947397005928932,23
11.362,-0.0019001989392622648,23
11.364,-0.0018530008725955985,23
11.366,-0.0012022870725955995,23
11.368,-0.0009795381725955998,23
11.37,-0.0010518477725955995,23
11.372,-0.0011241573725955995,23
11.374,-0.0011964669725955993,23
11.376,-0.0012687765725955993,23
11.378,-0.0013410861725955993,23
11.38,-0.0009652480725955998,23
11.382,-0.0009635540725955987,23
11.384,-0.0009618600725955981,23
11.386,-0.0014498167725956,23
11.388,-0.0014679516475955999,23
11.39,-0.0014860865225955996,23
11.392,-0.0015042213975955997,23
11.394,-0.0015223562725955996,23
11.396,-0.0009850799725955976,23
11.398,-0.0011042327059289311,23
11.4,-0.0012233854392622648,23
11.402,-0.0013425381725955983,23
11.404,-0.0014616909059289316,23
11.406,-0.0015808436392622653,23
11.408,-0.0016999963725955987,23
11.41,-0.0011033574725956008,23
11.412,-0.0012947824975956,23
11.414,-0.0014862075225955994,23
11.416,-0.0016776325475955987,23
11.418,-0.001869057572595598,23
11.42,-0.0010314592725955971,23
11.422,-0.0010424904392622644,23
11.424,-0.0010535216059289311,23
11.426,-0.0010645527725955985,23
11.428,-0.0017913150725955979,23
11.43,-0.0016098483475955976,23
11.432,-0.0014283816225955975,23
11.434,-0.0012469148975955977,23
11.436,-0.0010654481725955976,23
11.438,-0.0010982633725955988,23
11.44,-0.0013138571392622654,23
11.442,-0.0015294509059289318,23
11.444,-0.0017450446725955984,23
11.446,-0.0012294152725956,23
11.448,-0.0012262047392622665,23
11.45,-0.0012229942059289328,23
11.452,-0.0012197836725955991,23
11.454,-0.0013770897225955994,23
11.456,-0.0015343957725955995,23
11.458,-0.0015793617925955992,23
11.46,-0.0016243278125955987,23
11.462,-0.0016692938325955984,23
11.464,-0.001714259852595598,23
11.466,-0.0017592258725955979,23
11.468,-0.0016429811725955992,23
11.47,-0.0017282619725955996,23
11.472,-0.0017564670725955995,23
11.474,-0.0017846721725955994,23
11.476,-0.0018128772725955996,23
11.478,-0.0018410823725955995,23
11.48,-0.0016784704725955994,23
11.482,-0.0015158585725955995,23
11.484,-0.0015015805725955983,23
11.486,-0.0015632996475955984,23
11.488,-0.0016250187225955984,23
11.49,-0.0016867377975955987,23
11.492,-0.0017484568725955989,23
11.494,-0.0014016587725955967,23
11.496,-0.0013785356725955983,23
11.498,-0.0013554125725955997,23
11.5,-0.0014241671925955992,24
11.502,-0.001492921812595599,24
11.504,-0.0015616764325955984,24
11.506,-0.0016304310525955983,24
11.508,-0.001699185672595598,24
11.51,-0.0011572629725955968,24
11.512,-0.0011429002725956011,24
11.514,-0.0013877558725956009,24
11.516,-0.0014566411725956004,24
11.518,-0.0015255264725956,24
11.52,-0.0015944117725955995,24
11.522,-0.001663297072595599,24
11.524,-0.0010931692725955986,24
11.526,-0.001021198472595599,24
11.528,-0.001993663372595598,24
11.53,-0.001893953322595598,24
11.532,-0.001794243272595598,24
11.534,-0.0014631509725955983,24
11.536,-0.001132058672595599,24
11.538,-0.0008860051725955981,24
11.54,-0.0008938399225955966,24
11.542,-0.0009016746725955953,24
11.544,-0.0016392059725956008,24
11.546,-0.0017089261725955999,24
11.548,-0.0017786463725955992,24
11.55,-0.0018483665725955985,24
11.552,-0.0011904653725955984,24
11.554,-0.0008286753725955976,24
11.556,-0.0008136229725955978,24
11.558,-0.0012748870725955968,24
11.56,-0.0014995598725955975,24
11.562,-0.001724232672595598,24
11.564,-0.0019489054725955988,24
11.566,-0.0008763251725956,24
11.568,-0.0008363225725955999,24
11.57,-0.0009599664225955987,24
11.572,-0.0010836102725955976,24
11.574,-0.0011931999725955976,24
11.576,-0.0013027896725955977,24
11.578,-0.0014123793725955977,24
11.58,-0.0015219690725955977,24
11.582,-0.0009546605725955987,24
11.584,-0.0008448530725955974,24
11.586,-0.0009334250725955977,24
11.588,-0.0018540293725955983,24
11.59,-0.0018114736725955984,24
11.592,-0.0017689179725955979,24
11.594,-0.0017263622725955975,24
11.596,-0.001093423372595598,24
11.598,-0.0008653383725955987,24
11.6,-0.0008484951725955987,24
11.602,-0.0016307964725955984,24
11.604,-0.0017029205392622652,24
11.606,-0.001775044605928932,24
11.608,-0.0018471686725955987,24
11.61,-0.0009105076725955985,24
11.612,-0.0009763316725955978,24
11.614,-0.0012291732725955972,24
11.616,-0.0014820148725955967,24
11.618,-0.0013289014725955972,24
11.62,-0.0011757880725955978,24
11.622,-0.0010226746725955985,24
11.624,-0.0009997330725955986,24
11.626,-0.001113751372595598,24
11.628,-0.0012277696725955971,24
11.63,-0.0014585933059289308,24
11.632,-0.0016894169392622643,24
11.634,-0.0019202405725955976,24
11.636,-0.0014138434725955995,24
11.638,-0.0013789833725955988,24
11.64,-0.0014726615725955995,24
11.642,-0.0015213943225955995,24
11.644,-0.0015701270725955996,24
11.646,-0.0016188598225955995,24
11.648,-0.0016675925725955995,24
11.65,-0.0017163253225955996,24
11.652,-0.0017650580725955996,24
11.654,-0.0015835580725956002,24
11.656,-0.0015826021725956,24
11.658,-0.0016565888325955995,24
11.66,-0.0017305754925955991,24
11.662,-0.0018045621525955987,24
11.664,-0.0018785488125955983,24
11.666,-0.001952535472595598,24
11.668,-0.0015841509725955988,24
11.67,-0.001603389972595598,24
11.672,-0.001615090672595598,24
11.674,-0.001626791372595598,24
11.676,-0.001638492072595598,24
11.678,-0.001650192772595598,24
11.68,-0.001661893472595598,24
11.682,-0.001673594172595598,24
11.684,-0.0018891798725956008,24
11.686,-0.001842865105928934,24
11.688,-0.0017965503392622674,24
11.69,-0.0017502355725956004,24
11.692,-0.0017039208059289334,24
11.694,-0.0016576060392622667,24
11.696,-0.0016112912725955997,24
11.698,-0.0016342207725955971,24
11.7,-0.0016542002925955973,24
11.702,-0.0016741798125955967,24
11.704,-0.0016941593325955969,24
11.706,-0.0017141388525955964,24
11.708,-0.0017341183725955965,24
11.71,-0.0014474209725955992,24
11.712,-0.0014346796725955985,24
11.714,-0.0014982258475955985,24
11.716,-0.0015617720225955985,24
11.718,-0.0016253181975955985,24
11.72,-0.0016888643725955985,24
11.722,-0.0012715111725955987,24
11.724,-0.0012506265725956006,24
11.726,-0.0014928927725955995,24
11.728,-0.0017351589725955983,24
11.73,-0.001733319772595598,24
11.732,-0.0017314805725955975,24
11.734,-0.0017296413725955972,24
11.736,-0.0014676945225955973,24
11.738,-0.0012057476725955971,24
11.74,-0.0014018039725956011,24
11.742,-0.0015068773475956007,24
11.744,-0.0016119507225956003,24
11.746,-0.0017170240975956,24
11.748,-0.0018220974725956,24
11.75,-0.001518883572595598,24
11.752,-0.0012156696725955964,24
11.754,-0.0011011189725955994,24
11.756,-0.0013053427725955992,24
11.758,-0.0015095665725955987,24
11.76,-0.0017137903725955987,24
11.762,-0.0019180141725955984,24
11.764,-0.0012627991725955975,24
11.766,-0.0010325119725955992,24
11.768,-0.0010375334725955991,24
11.77,-0.001042554972595599,24
11.772,-0.0017993373725956,24
11.774,-0.0016900138725956,24
11.776,-0.0015806903725956003,24
11.778,-0.0014713668725956004,24
11.78,-0.0013620433725956005,24
11.782,-0.0010123654725955975,24
11.784,-0.0010019473725955995,24
11.786,-0.0014547172725955966,24
11.788,-0.0014657887725955975,24
11.79,-0.0014768602725955988,24
11.792,-0.0014879317725956,24
11.794,-0.0010046940725956,24
11.796,-0.0009551445725955975,24
11.798,-0.001194821372595599,24
11.8,-0.0012811597125955989,24
11.802,-0.001367498052595599,24
11.804,-0.001453836392595599,24
11.806,-0.0015401747325955993,24
11.808,-0.0016265130725955992,24
11.81,-0.0010535780725955991,24
11.812,-0.000956306172595598,24
11.814,-0.0010341333725955963,24
11.816,-0.001982144172595599,24
11.818,-0.0015698971725956,24
11.82,-0.0011576501725956007,24
11.822,-0.0009289722725955972,24
11.824,-0.0011896990392622642,24
11.826,-0.0014504258059289312,24
11.828,-0.001711152572595598,24
11.83,-0.0017812438392622648,24
11.832,-0.001851335105928932,24
11.834,-0.0019214263725955989,24
11.836,-0.0012689943725955992,24
11.838,-0.0009352642725955969,24
11.84,-0.0009380109725955971,24
11.842,-0.0014057485725955995,24
11.844,-0.0012558134392622652,24
11.846,-0.0011058783059289309,24
11.848,-0.0009559431725955965,24
11.85,-0.0009425847725955976,24
11.852,-0.0009292263725955984,24
11.854,-0.0011743239725955992,24
11.856,-0.0012847425225955991,24
11.858,-0.0013951610725955995,24
11.86,-0.0015055796225955996,24
11.862,-0.0016159981725955997,24
11.864,-0.001324841922595599,24
11.866,-0.0010336856725955985,24
11.868,-0.0009294562725955976,24
11.87,-0.0009988013725956008,24
11.872,-0.0019466427725955988,24
11.874,-0.0018599281225955989,24
11.876,-0.0017732134725955988,24
11.878,-0.0011325547725955995,24
11.88,-0.0009142223725955976,24
11.882,-0.0009278469725955971,24
11.884,-0.0016860571725955988,24
11.886,-0.001584768072595599,24
11.888,-0.0014834789725955994,24
11.89,-0.0013821898725955995,24
11.892,-0.0012809007725956,24
11.894,-0.0011150581725955988,24
11.896,-0.0009492155725955975,24
11.898,-0.0009487315725955971,24
11.9,-0.0014093059725955991,24
11.902,-0.001411685639262265,24
11.904,-0.0014140653059289312,24
11.906,-0.0014164449725955972,24
11.908,-0.001170264422595598,24
11.91,-0.0009240838725955992,24
11.912,-0.0010457191225955991,24
11.914,-0.0011673543725955991,24
11.916,-0.0013075127059289323,24
11.918,-0.0014476710392622655,24
11.92,-0.0015878293725955991,24
11.922,-0.001010284272595599,24
11.924,-0.000905195772595596,24
11.926,-0.0009519562225955984,24
11.928,-0.0009987166725956007,24
11.93,-0.0019495830725956007,24
11.932,-0.0018954839725956,24
11.934,-0.0018413848725955992,24
11.936,-0.001787285772595598,24
11.938,-0.0011353498725955972,24
11.94,-0.0009183000725955984,24
11.942,-0.0009385433725955968,24
11.944,-0.0016988105725955997,24
11.946,-0.0018241000225955996,24
11.948,-0.001949389472595599,24
11.95,-0.001437771222595599,24
11.952,-0.0009261529725955991,24
11.954,-0.0014143032725955993,24
11.956,-0.0014226966392622655,24
11.958,-0.001431090005928932,24
11.96,-0.0014394833725955983,24
11.962,-0.0014478767392622648,24
11.964,-0.0014562701059289312,24
11.966,-0.0014646634725955978,24
11.968,-0.0009447869725955971,24
11.97,-0.0010597369725955964,24
11.972,-0.0011746869725955955,24
11.974,-0.0012817538225955963,24
11.976,-0.001388820672595597,24
11.978,-0.0014958875225955979,24
11.98,-0.0016029543725955987,24
11.982,-0.0010484718725955987,24
11.984,-0.0009450410725955983,24
11.986,-0.0019642361725955983,24
11.988,-0.0019054624392622647,24
11.99,-0.0018466887059289316,24
11.992,-0.0017879149725955976,24
11.994,-0.001468723022595598,24
11.996,-0.0011495310725955984,24
11.998,-0.0009412295725955993,24
12.0,-0.0009504497725955977,25
12.002,-0.0017192716725956004,25
12.004,-0.0017937955725955996,25
12.006,-0.0018683194725955987,25
12.008,-0.001942843372595598,25
12.01,-0.0012963524725955987,25
12.012,-0.0009537409725955976,25
12.014,-0.0009491187725955974,25
12.016,-0.0014422905725956,25
12.018,-0.0014331349059289328,25
12.02,-0.0014239792392622655,25
12.022,-0.0014148235725955985,25
12.024,-0.0011811181225955987,25
12.026,-0.0009474126725955987,25
12.028,-0.0009250639725956016,25
12.03,-0.0010629386325956007,25
12.032,-0.0012008132925956003,25
12.034,-0.0013386879525956,25
12.036,-0.0014765626125955993,25
12.038,-0.0016144372725955987,25
12.04,-0.0010473102725955998,25
12.042,-0.0009511999725955992,25
12.044,-0.0010169634725956007,25
12.046,-0.0019490143725955972,25
12.048,-0.0016821408059289316,25
12.05,-0.0014152672392622658,25
12.052,-0.0011483936725956,25
12.054,-0.0010452411725955988,25
12.056,-0.000942088672595598,25
12.058,-0.0013218411225955993,25
12.06,-0.0017015935725956007,25
12.062,-0.0017799773725955999,25
12.064,-0.0018583611725955993,25
12.066,-0.0019367449725955985,25
12.068,-0.0012887173725955985,25
12.07,-0.0009520590725955977,25
12.072,-0.0011891888225955992,25
12.074,-0.0014263185725956005,25
12.076,-0.001432412939262266,25
12.078,-0.0014385073059289318,25
12.08,-0.0014446016725955975,25
12.082,-0.001210061322595598,25
12.084,-0.0009755209725955984,25
12.086,-0.0009383376725955981,25
12.088,-0.0011588682392622647,25
12.09,-0.0013793988059289317,25
12.092,-0.0015999293725955984,25
12.094,-0.0013244305225955984,25
12.096,-0.0010489316725955985,25
12.098,-0.0019910013725955994,25
12.1,-0.001957556972595599,25
12.102,-0.0019241125725955991,25
12.104,-0.0018906681725955991,25
12.106,-0.0018572237725955991,25
12.108,-0.0018237793725955989,25
12.11,-0.0017903349725955989,25
12.112,-0.0011601548725955983,25
12.114,-0.0009556164725955975,25
12.116,-0.0009746739725955966,25
12.118,-0.0017281893725955965,25
12.12,-0.001798756572595597,25
12.122,-0.0018693237725955969,25
12.124,-0.0019398909725955973,25
12.126,-0.0012944164725955994,25
12.128,-0.0009556285725955976,25
12.13,-0.0009593069725955977,25
12.132,-0.001443778872595598,25
12.134,-0.0014551004392622643,25
12.136,-0.0014664220059289312,25
12.138,-0.0014777435725955976,25
12.14,-0.0010014875725955982,25
12.142,-0.000986066122595599,25
12.144,-0.0009706446725956003,25
12.146,-0.0012002179725955975,25
12.148,-0.0013513227725955978,25
12.15,-0.0015024275725955976,25
12.152,-0.0016535323725955977,25
12.154,-0.0010770036725955973,25
12.156,-0.0010233946225955987,25
12.158,-0.0009697855725956002,25
12.16,-0.0011333969325955995,25
12.162,-0.0012970082925955991,25
12.164,-0.001460619652595599,25
12.166,-0.0016242310125955985,25
12.168,-0.001787842372595598,25
12.17,-0.0009507522725955981,25
12.172,-0.0017181221725955983,25
12.174,-0.001763516532595598,25
12.176,-0.001808910892595598,25
12.178,-0.001854305252595598,25
12.18,-0.001899699612595598,25
12.182,-0.0019450939725955975,25
12.184,-0.0012843855725955984,25
12.186,-0.0009361959725955984,25
12.188,-0.0014162755725955992,25
12.19,-0.0014216600725955992,25
12.192,-0.0014270445725955991,25
12.194,-0.0014324290725955993,25
12.196,-0.0014378135725955994,25
12.198,-0.0014431980725955992,25
12.2,-0.0009861810725956004,25
12.202,-0.0012032066725955956,25
12.204,-0.0013112536225955967,25
12.206,-0.0014193005725955975,25
12.208,-0.0015273475225955988,25
12.21,-0.0016353944725955999,25
12.212,-0.0013586009225955995,25
12.214,-0.001081807372595599,25
12.216,-0.0010643591725955984,25
12.218,-0.001257895647595598,25
12.22,-0.0014514321225955976,25
12.222,-0.0016449685975955973,25
12.224,-0.001838505072595597,25
12.226,-0.001185782672595597,25
12.228,-0.0009583389725955992,25
12.23,-0.0009668331725955978,25
12.232,-0.0017374337725955986,25
12.234,-0.0017943582225955984,25
12.236,-0.0018512826725955985,25
12.238,-0.001908207122595598,25
12.24,-0.0019651315725955974,25
12.242,-0.0009636750725956003,25
12.244,-0.000958242172595599,25
12.246,-0.0011987175725955979,25
12.248,-0.0014391929725955967,25
12.25,-0.0014480300059289304,25
12.252,-0.001456867039262264,25
12.254,-0.001465704072595598,25
12.256,-0.0012353382225955972,25
12.258,-0.0010049723725955963,25
12.26,-0.0012309277725956016,25
12.262,-0.0013100327325956014,25
12.264,-0.001389137692595601,25
12.266,-0.0014682426525956006,25
12.268,-0.0015473476125956002,25
12.27,-0.0016264525725955999,25
12.272,-0.0009799253725955998,25
12.274,-0.0010536990725955979,25
12.276,-0.0012483547975955982,25
12.278,-0.0014430105225955983,25
12.28,-0.0016376662475955988,25
12.282,-0.0018323219725955991,25
12.284,-0.0015164151725955992,25
12.286,-0.0012005083725955996,25
12.288,-0.0009782676725955967,25
12.29,-0.000984087772595597,25
12.292,-0.0017673812725955973,25
12.294,-0.0018359156725955975,25
12.296,-0.001904450072595598,25
12.298,-0.0019729844725955986,25
12.3,-0.0013524359725955969,25
12.302,-0.0010157655725955975,25
12.304,-0.0010136964725955995,25
12.306,-0.0014799457725956002,25
12.308,-0.0013659093225956,25
12.31,-0.0012518728725956,25
12.312,-0.0011378364225956,25
12.314,-0.0010237999725956,25
12.316,-0.0009881775725955992,25
12.318,-0.0011080280725955984,25
12.32,-0.0012278785725955976,25
12.322,-0.0011769980725955976,25
12.324,-0.0011261175725955975,25
12.326,-0.0010752370725955977,25
12.328,-0.0009614970725956,25
12.33,-0.001083810786881314,25
12.332,-0.0012061245011670283,25
12.334,-0.001328438215452742,25
12.336,-0.0014507519297384563,25
12.338,-0.0015730656440241704,25
12.34,-0.0016953793583098843,25
12.342,-0.0018176930725955984,25
12.344,-0.0012072722725955977,25
12.346,-0.0009934652725955998,25
12.348,-0.0009998177725955985,25
12.35,-0.0017840066725955984,25
12.352,-0.001851540805928932,25
12.354,-0.0019190749392622648,25
12.356,-0.0019866090725955982,25
12.358,-0.0013553399725956,25
12.36,-0.0010114337725956012,25
12.362,-0.0012541900225955995,25
12.364,-0.0014969462725955979,25
12.366,-0.0013849274975955975,25
12.368,-0.0012729087225955976,25
12.37,-0.0011608899475955975,25
12.372,-0.0010488711725955972,25
12.374,-0.0009961030725956013,25
12.376,-0.0012453388725955983,25
12.378,-0.0013305035125955988,25
12.38,-0.001415668152595599,25
12.382,-0.0015008327925955995,25
12.384,-0.0015859974325955995,25
12.386,-0.0016711620725956,25
12.388,-0.0010969081725955964,25
12.39,-0.0009958489725955966,25
12.392,-0.0010890552725955972,25
12.394,-0.0012736226225955976,25
12.396,-0.001458189972595598,25
12.398,-0.0016427573225955984,25
12.4,-0.0018273246725955988,25
12.402,-0.001196842072595598,25
12.404,-0.000978412872595598,25
12.406,-0.0013146396059289314,25
12.408,-0.0016508663392622647,25
12.41,-0.0019870930725955985,25
12.412,-0.0013410861725955993,25
12.414,-0.0010028548725955974,25
12.416,-0.0012415576225955982,25
12.418,-0.001480260372595599,25
12.42,-0.0014779452392622656,25
12.422,-0.001475630105928932,25
12.424,-0.0014733149725955983,25
12.426,-0.0014709998392622651,25
12.428,-0.0014686847059289315,25
12.43,-0.001466369572595598,25
12.432,-0.0009996362725955988,25
12.434,-0.0009633120725956003,25
12.436,-0.0012127777725955968,25
12.438,-0.001324521272595597,25
12.44,-0.0014362647725955971,25
12.442,-0.0015480082725955976,25
12.444,-0.0016597517725955978,25
12.446,-0.0010947785725955988,25
12.448,-0.0009872458725955994,25
12.45,-0.0010888495725955988,25
12.452,-0.0012765054475955989,25
12.454,-0.0014641613225955987,25
12.456,-0.001651817197595599,25
12.458,-0.0018394730725955991,25
12.46,-0.0012083370725956,25
12.462,-0.0009911178725955981,25
12.464,-0.0010005679725955986,25
12.466,-0.0017807396725955972,25
12.468,-0.0018403402392622645,25
12.47,-0.0018999408059289316,25
12.472,-0.001959541372595599,25
12.474,-0.0009804577725955992,25
12.476,-0.0009743956725956,25
12.478,-0.0012227179225955988,25
12.48,-0.0014710401725955972,25
12.482,-0.001481647839262264,25
12.484,-0.0014922555059289308,25
12.486,-0.0015028631725955977,25
12.488,-0.0012522963725955984,25
12.49,-0.0010017295725955992,25
12.492,-0.0011096918225955987,25
12.494,-0.0012176540725955982,25
12.496,-0.001321580972595598,25
12.498,-0.0014255078725955977,25
12.5,-0.0015294347725955972,26
12.502,-0.0016333616725955971,26
12.504,-0.0009889035725955987,26
12.506,-0.0010757452725956018,26
12.508,-0.0012223077325956015,26
12.51,-0.001368870192595601,26
12.512,-0.0015154326525956008,26
12.514,-0.0016619951125956003,26
12.516,-0.0018085575725956,26
12.518,-0.0009812321725955978,26
12.52,-0.0009985230725955982,26
12.522,-0.0010158139725955986,26
12.524,-0.0017979216725956,26
12.526,-0.001857723905928932,26
12.528,-0.0019175261392622648,26
12.53,-0.0019773283725955967,26
12.532,-0.0009884800725955996,26
12.534,-0.0015123737725955995,26
12.536,-0.0015094576725955995,26
12.538,-0.0015065415725955995,26
12.54,-0.0015036254725955996,26
12.542,-0.0015007093725955996,26
12.544,-0.0014977932725955996,26
12.546,-0.0010300435725955973,26
12.548,-0.0011313387225955988,26
12.55,-0.0012326338725956003,26
12.552,-0.0013135441525956003,26
12.554,-0.0013944544325956002,26
12.556,-0.0014753647125956,26
12.558,-0.0015562749925956,26
12.56,-0.0016371852725956,26
12.562,-0.0010781773725955963,26
12.564,-0.0009829866725955987,26
12.566,-0.0010768947725956005,26
12.568,-0.0012678781475955999,26
12.57,-0.0014588615225955993,26
12.572,-0.0016498448975955987,26
12.574,-0.001840828272595598,26
12.576,-0.0009904523725955997,26
12.578,-0.001767320772595598,26
12.58,-0.001807645232595598,26
12.582,-0.001847969692595598,26
12.584,-0.0018882941525955985,26
12.586,-0.0019286186125955984,26
12.588,-0.0019689430725955987,26
12.59,-0.0013371052725955988,26
12.592,-0.0009944332725955983,26
12.594,-0.001249162472595598,26
12.596,-0.0015038916725955975,26
12.598,-0.001501235722595598,26
12.6,-0.0014985797725955985,26
12.602,-0.0014959238225955988,26
12.604,-0.0014932678725955995,26
12.606,-0.0010326087725955977,26
12.608,-0.0012401600725956002,26
12.61,-0.0012158584325955995,26
12.612,-0.0011915567925955995,26
12.614,-0.0011672551525955988,26
12.616,-0.0011429535125955987,26
12.618,-0.0011186518725955982,26
12.62,-0.001057431922595599,26
12.622,-0.0009962119725955999,26
12.624,-0.001061600372595596,26
12.626,-0.0010999664475955964,26
12.628,-0.0011383325225955967,26
12.63,-0.001176698597595597,26
12.632,-0.0012150646725955971,26
12.634,-0.0010006284725955995,26
12.636,-0.0010106533225956007,26
12.638,-0.0010206781725956016,26
12.64,-0.0017833411725955964,26
12.642,-0.0018910009225955972,26
12.644,-0.0019986606725955983,26
12.646,-0.0013424050725955976,26
12.648,-0.0011578437725955973,26
12.65,-0.000973282472595597,26
12.652,-0.0014792076725955988,26
12.654,-0.001479587612595599,26
12.656,-0.0014799675525955988,26
12.658,-0.0014803474925955988,26
12.66,-0.0014807274325955987,26
12.662,-0.001481107372595599,26
12.664,-0.001228374672595598,26
12.666,-0.001297266022595598,26
12.668,-0.0013661573725955983,26
12.67,-0.0014350487225955983,26
12.672,-0.0015039400725955984,26
12.674,-0.0015728314225955985,26
12.676,-0.0016417227725955984,26
12.678,-0.001057716272595599,26
12.68,-0.001244591697595599,26
12.682,-0.001431467122595599,26
12.684,-0.0016183425475955991,26
12.686,-0.0018052179725955991,26
12.688,-0.0014996022225955991,26
12.69,-0.0011939864725955991,26
12.692,-0.001098596122595599,26
12.694,-0.0010032057725955987,26
12.696,-0.0013909865725955988,26
12.698,-0.001778767372595599,26
12.7,-0.0018745207225955988,26
12.702,-0.001970274072595599,26
12.704,-0.0016518444225955978,26
12.706,-0.0013334147725955967,26
12.708,-0.0009780740725955984,26
12.71,-0.0014969825725955983,26
12.712,-0.0014022565125955983,26
12.714,-0.001307530452595598,26
12.716,-0.0012128043925955976,26
12.718,-0.0011180783325955971,26
12.72,-0.001023352272595597,26
12.722,-0.0009992914225955983,26
12.724,-0.0009752305725956,26
12.726,-0.0011383960475955996,26
12.728,-0.0013015615225955993,26
12.73,-0.0014647269975955988,26
12.732,-0.0016278924725955986,26
12.734,-0.0010691023725955971,26
12.736,-0.0009662160725955968,26
12.738,-0.001013799322595598,26
12.74,-0.001061382572595599,26
12.742,-0.0012533732725955988,26
12.744,-0.0014453639725955983,26
12.746,-0.0016373546725955983,26
12.748,-0.001829345372595598,26
12.75,-0.0011975559725955973,26
12.752,-0.0009958973725955993,26
12.754,-0.0013817119225955988,26
12.756,-0.0017675264725955982,26
12.758,-0.0018377024392622649,26
12.76,-0.001907878405928932,26
12.762,-0.0019780543725955984,26
12.764,-0.0009964055725956,26
12.766,-0.0009988376725956,26
12.768,-0.0015011086725956,26
12.77,-0.0015013458325956,26
12.772,-0.0015015829925955997,26
12.774,-0.0015018201525955996,26
12.776,-0.0015020573125955991,26
12.778,-0.001502294472595599,26
12.78,-0.0009971194725955992,26
12.782,-0.0011367897725955995,26
12.784,-0.0012764600725955995,26
12.786,-0.001374037497595599,26
12.788,-0.0014716149225955984,26
12.79,-0.0015691923475955976,26
12.792,-0.0016667697725955971,26
12.794,-0.0009981358725955972,26
12.796,-0.0010515150225955967,26
12.798,-0.001104894172595596,26
12.8,-0.0012899939225955968,26
12.802,-0.0014750936725955975,26
12.804,-0.001660193422595598,26
12.806,-0.0018452931725955989,26
12.808,-0.001208929972595597,26
12.81,-0.0009871127725956004,26
12.812,-0.0010002896725955987,26
12.814,-0.0009978261125955991,26
12.816,-0.0009953625525955998,26
12.818,-0.0009928989925955998,26
12.82,-0.0009904354325956002,26
12.822,-0.0009879718725956006,26
12.824,-0.0009927271725955998,26
12.826,-0.0009974824725955988,26
12.828,-0.0015012901725955999,26
12.83,-0.0013795339225955992,26
12.832,-0.0012577776725955989,26
12.834,-0.0011360214225955984,26
12.836,-0.0010142651725955978,26
12.838,-0.0009935862725956,26
12.84,-0.0011201571125955996,26
12.842,-0.0012467279525955992,26
12.844,-0.0013732987925955988,26
12.846,-0.0014998696325955983,26
12.848,-0.001626440472595598,26
12.85,-0.0013526779725955987,26
12.852,-0.0010789154725955995,26
12.854,-0.0010931571725955984,26
12.856,-0.0012396228325955983,26
12.858,-0.001386088492595598,26
12.86,-0.0015325541525955983,26
12.862,-0.001679019812595598,26
12.864,-0.001825485472595598,26
12.866,-0.0009934289725956006,26
12.868,-0.0010078279725956006,26
12.87,-0.0012491533975956,26
12.872,-0.0014904788225955992,26
12.874,-0.0017318042475955983,26
12.876,-0.0019731296725955974,26
12.878,-0.0009894480725956,26
12.88,-0.0009866529725955986,26
12.882,-0.0014981320725955972,26
12.884,-0.0015000529475955975,26
12.886,-0.0015019738225955975,26
12.888,-0.001503894697595598,26
12.89,-0.0015058155725955983,26
12.892,-0.001025046272595597,26
12.894,-0.0010051236225955985,26
12.896,-0.0009852009725955999,26
12.898,-0.0011182864525956,26
12.9,-0.0012513719325955995,26
12.902,-0.0013844574125955996,26
12.904,-0.0015175428925955996,26
12.906,-0.0016506283725955997,26
12.908,-0.0011046400725955984,26
12.91,-0.0010913663725956,26
12.912,-0.0012325806325956,26
12.914,-0.0013737948925955999,26
12.916,-0.0015150091525955999,26
12.918,-0.0016562234125955997,26
12.92,-0.0017974376725955997,26
12.922,-0.0009760896725956,26
12.924,-0.0013835269225956,26
12.926,-0.0017909641725956,26
12.928,-0.0018544044725956,26
12.93,-0.0019178447725955996,26
12.932,-0.001981285072595599,26
12.934,-0.0013186648725955971,26
12.936,-0.0009676317725956003,26
12.938,-0.0009772028725956,26
12.94,-0.0009867739725956,26
12.942,-0.0009963450725955997,26
12.944,-0.0010059161725955994,26
12.946,-0.0010154872725955991,26
12.948,-0.001025058372595599,26
12.95,-0.0010011245725955985,26
12.952,-0.0011401959225955988,26
12.954,-0.0012792672725955995,26
12.956,-0.0012351385725955996,26
12.958,-0.0011910098725955995,26
12.96,-0.0011468811725956,26
12.962,-0.0011027524725956,26
12.964,-0.0011020083225955991,26
12.966,-0.0011012641725955986,26
12.968,-0.0012501643525955988,26
12.97,-0.0013990645325955987,26
12.972,-0.0015479647125955988,26
12.974,-0.0016968648925955987,26
12.976,-0.0018457650725955989,26
12.978,-0.0012005809725955992,26
12.98,-0.0010104415725955967,26
12.982,-0.0014049681225955972,26
12.984,-0.0017994946725955975,26
12.986,-0.001597917747595598,26
12.988,-0.0013963408225955987,26
12.99,-0.0011947638975955991,26
12.992,-0.0009931869725955996,26
12.994,-0.0010025160725955988,26
12.996,-0.0010118451725955983,26
12.998,-0.0011079724125955983,26
13.0,-0.0012040996525955984,27
13.002,-0.0013002268925955984,27
13.004,-0.0013963541325955988,27
13.006,-0.0014924813725955988,27
13.008,-0.0010316286725955968,27
13.01,-0.0010160075725955987,27
13.012,-0.0012743183725955967,27
13.014,-0.0014039497059289308,27
13.016,-0.001533581039262265,27
13.018,-0.0016632123725955992,27
13.02,-0.0013870540725955992,27
13.022,-0.0011108957725955992,27
13.024,-0.0010111433725955975,27
13.026,-0.0011109925725955976,27
13.028,-0.0012930673225955975,27
13.03,-0.0014751420725955975,27
13.032,-0.0016572168225955975,27
13.034,-0.0018392915725955973,27
13.036,-0.0012014400725955975,27
13.038,-0.0009848379725956,27
13.04,-0.0010026975725955962,27
13.042,-0.0017866444725955985,27
13.044,-0.0018533638725955984,27
13.046,-0.0019200832725955984,27
13.048,-0.0019868026725955983,27
13.05,-0.0013490842725955975,27
13.052,-0.000990512872595599,27
13.054,-0.000996163572595597,27
13.056,-0.0010007494725955979,27
13.058,-0.0010053353725955985,27
13.06,-0.0010099212725955989,27
13.062,-0.0010145071725955995,27
13.064,-0.0010190930725956,27
13.066,-0.0012707609725956003,27
13.068,-0.0013444935325956,27
13.07,-0.0014182260925955995,27
13.072,-0.0014919586525955987,27
13.074,-0.0015656912125955984,27
13.076,-0.0016394237725955978,27
13.078,-0.0013005753725955991,27
13.08,-0.0009617269725956008,27
13.082,-0.0010232494225955995,27
13.084,-0.0010847718725955982,27
13.086,-0.0012670160225955983,27
13.088,-0.0014492601725955984,27
13.09,-0.0016315043225955984,27
13.092,-0.0018137484725955983,27
13.094,-0.0017817923725955975,27
13.096,-0.001825179947595598,27
13.098,-0.0018685675225955983,27
13.1,-0.0019119550975955993,27
13.102,-0.0019553426725955995,27
13.104,-0.001740236939262266,27
13.106,-0.0015251312059289326,27
13.108,-0.0013100254725955992,27
13.11,-0.0009755693725955976,27
13.112,-0.0009870522725955976,27
13.114,-0.001498894372595599,27
13.116,-0.0013800451475955984,27
13.118,-0.0012611959225955977,27
13.12,-0.0011423466975955968,27
13.122,-0.0010234974725955963,27
13.124,-0.0009876572725955983,27
13.126,-0.0011169215725955976,27
13.128,-0.0012461858725955968,27
13.13,-0.0013540573725955973,27
13.132,-0.0014619288725955977,27
13.134,-0.001569800372595598,27
13.136,-0.0016776718725955984,27
13.138,-0.0010958796725955983,27
13.14,-0.001087216072595598,27
13.142,-0.0012389815325955984,27
13.144,-0.0013907469925955984,27
13.146,-0.0015425124525955984,27
13.148,-0.0016942779125955984,27
13.15,-0.0018460433725955988,27
13.152,-0.0012020813725955991,27
13.154,-0.000981014372595599,27
13.156,-0.0017762384725955992,27
13.158,-0.0018500323392622651,27
13.16,-0.001923826205928932,27
13.162,-0.0019976200725955982,27
13.164,-0.000940866572595598,27
13.166,-0.0009548057725956,27
13.168,-0.0009687449725956017,27
13.17,-0.001050438122595601,27
13.172,-0.001132131272595601,27
13.174,-0.0012138244225956005,27
13.176,-0.0012955175725956,27
13.178,-0.0013772107225955995,27
13.18,-0.0014589038725955992,27
13.182,-0.0009947720725955991,27
13.184,-0.0009642195725955982,27
13.186,-0.0012359250725955985,27
13.188,-0.0013331546225955988,27
13.19,-0.001430384172595599,27
13.192,-0.0015276137225955992,27
13.194,-0.0016248432725955997,27
13.196,-0.0010791332725955984,27
13.198,-0.0009801431725955968,27
13.2,-0.0010777417725955987,27
13.202,-0.0012582677225955984,27
13.204,-0.001438793672595598,27
13.206,-0.0016193196225955976,27
13.208,-0.0017998455725955972,27
13.21,-0.0009780135725955992,27
13.212,-0.0009868586725955994,27
13.214,-0.0009957037725955992,27
13.216,-0.001783800972595598,27
13.218,-0.001623717972595598,27
13.22,-0.001463634972595598,27
13.222,-0.0013035519725955978,27
13.224,-0.0011389012225955977,27
13.226,-0.0009742504725955976,27
13.228,-0.0010970079975955978,27
13.23,-0.001219765522595598,27
13.232,-0.0013425230475955984,27
13.234,-0.0014652805725955988,27
13.236,-0.0009728589725955998,27
13.238,-0.0009588169225955992,27
13.24,-0.0009447748725955988,27
13.242,-0.0010950871225955984,27
13.244,-0.001245399372595598,27
13.246,-0.001347142222595598,27
13.248,-0.0014488850725955984,27
13.25,-0.0015506279225955986,27
13.252,-0.0016523707725955988,27
13.254,-0.0009804940725955983,27
13.256,-0.0011004655725955976,27
13.258,-0.0012734138975955978,27
13.26,-0.0014463622225955979,27
13.262,-0.0016193105475955979,27
13.264,-0.001792258872595598,27
13.266,-0.0011558593725955989,27
13.268,-0.0010608683225956,27
13.27,-0.000965877272595601,27
13.272,-0.0010008946725955994,27
13.274,-0.0017962034725955995,27
13.276,-0.0018510084059289323,27
13.278,-0.0019058133392622649,27
13.28,-0.0019606182725955975,27
13.282,-0.0013024266725955996,27
13.284,-0.0009723991725955998,27
13.286,-0.0009796228725955994,27
13.288,-0.0014803692725955976,27
13.29,-0.0014771143725955975,27
13.292,-0.001473859472595597,27
13.294,-0.0014706045725955972,27
13.296,-0.001467349672595597,27
13.298,-0.0010087717725955972,27
13.3,-0.0009750369725955965,27
13.302,-0.001003940847595597,27
13.304,-0.0010328447225955975,27
13.306,-0.0010617485975955984,27
13.308,-0.001090652472595599,27
13.31,-0.0010348593725955984,27
13.312,-0.0009790662725955978,27
13.314,-0.0010874338725955987,27
13.316,-0.0012381587325955988,27
13.318,-0.0013888835925955987,27
13.32,-0.0015396084525955988,27
13.322,-0.0016903333125955987,27
13.324,-0.0018410581725955989,27
13.326,-0.0011872225725955991,27
13.328,-0.0010006042725955976,27
13.33,-0.0018126594725955993,27
13.332,-0.0018583157975955993,27
13.334,-0.001903972122595599,27
13.336,-0.0019496284475955987,27
13.338,-0.0019952847725955986,27
13.34,-0.000991408272595598,27
13.342,-0.001169738072595597,27
13.344,-0.0013480678725955968,27
13.346,-0.001526397672595596,27
13.348,-0.001345220339262264,27
13.35,-0.001164043005928932,27
13.352,-0.0009828656725956,27
13.354,-0.0009873184725955988,27
13.356,-0.0012760002725955982,27
13.358,-0.0013472644325955984,27
13.36,-0.0014185285925955983,27
13.362,-0.0014897927525955985,27
13.364,-0.0015610569125955986,27
13.366,-0.0016323210725955987,27
13.368,-0.0010847113725955988,27
13.37,-0.0010409698725955992,27
13.372,-0.0009972283725955997,27
13.374,-0.0010933870725955974,27
13.376,-0.001273159797595598,27
13.378,-0.0014529325225955984,27
13.38,-0.0016327052475955989,27
13.382,-0.0018124779725955996,27
13.384,-0.001188275272595598,27
13.386,-0.0009724717725955994,27
13.388,-0.0017826635725955995,27
13.39,-0.0018306309975956,27
13.392,-0.0018785984225955996,27
13.394,-0.0019265658475955997,27
13.396,-0.0019745332725955994,27
13.398,-0.0009817766725955994,27
13.4,-0.0009802607154527423,27
13.402,-0.0009787447583098855,27
13.404,-0.0009772288011670287,27
13.406,-0.0009757128440241718,27
13.408,-0.000974196886881315,27
13.41,-0.000972680929738458,27
13.412,-0.0009711649725956013,27
13.414,-0.0010655490059289332,27
13.416,-0.0011599330392622655,27
13.418,-0.0012543170725955975,27
13.42,-0.0013492869475955971,27
13.422,-0.0014442568225955972,27
13.424,-0.001539226697595597,27
13.426,-0.0016341965725955969,27
13.428,-0.0010769068725955987,27
13.43,-0.0011076771725955954,27
13.432,-0.0012864939975955965,27
13.434,-0.0014653108225955976,27
13.436,-0.0016441276475955987,27
13.438,-0.0018229444725956,27
13.44,-0.0015085501725955993,27
13.442,-0.0011941558725955988,27
13.444,-0.0009715763725955968,27
13.446,-0.0010138658725955992,27
13.448,-0.001254023647595599,27
13.45,-0.0014941814225955987,27
13.452,-0.0017343391975955988,27
13.454,-0.0019744969725955987,27
13.456,-0.0013174548725955971,27
13.458,-0.0009812200725955991,27
13.46,-0.0010085418725956016,27
13.462,-0.0015250424725955988,27
13.464,-0.001515410872595599,27
13.466,-0.0015057792725955991,27
13.468,-0.0014961476725955996,27
13.47,-0.0014865160725956,27
13.472,-0.0010229166725955975,27
13.474,-0.0012484485725955986,27
13.476,-0.0013476806725955983,27
13.478,-0.0014469127725955985,27
13.48,-0.0015461448725955984,27
13.482,-0.0016453769725955983,27
13.484,-0.0010712077725955995,27
13.486,-0.0010166912225955983,27
13.488,-0.0009621746725955968,27
13.49,-0.001064056672595598,27
13.492,-0.0013180760059289317,27
13.494,-0.0015720953392622651,27
13.496,-0.0018261146725955992,27
13.498,-0.0014083682225955992,27
13.5,-0.0009906217725955992,28
13.502,-0.0013947194225955991,28
13.504,-0.001798817072595599,28
13.506,-0.0018569737059289323,28
13.508,-0.0019151303392622655,28
13.51,-0.001973286972595599,28
13.512,-0.0013103884725955972,28
13.514,-0.0009619568725955999,28
13.516,-0.0009606137725956012,28
13.518,-0.0010616366725956007,28
13.52,-0.0011626595725956,28
13.522,-0.0012636824725955995,28
13.524,-0.0013647053725955988,28
13.526,-0.0014657282725955983,28
13.528,-0.0009985956725955987,28
13.53,-0.0009828293725956012,28
13.532,-0.0012706278725955963,28
13.534,-0.001202718639262264,28
13.536,-0.0011348094059289323,28
13.538,-0.0010669001725956,28
13.54,-0.0009734397725955981,28
13.542,-0.0010799076725955987,28
13.544,-0.001202139855928932,28
13.546,-0.0013243720392622654,28
13.548,-0.0014466042225955988,28
13.55,-0.001568836405928932,28
13.552,-0.0016910685892622655,28
13.554,-0.0018133007725955987,28
13.556,-0.0009854913725956,28
13.558,-0.0009908395725955986,28
13.56,-0.0009961877725955977,28
13.562,-0.0018125263725955983,28
13.564,-0.001696000347595598,28
13.566,-0.0015794743225955976,28
13.568,-0.0014629482975955974,28
13.57,-0.001346422272595597,28
13.572,-0.0010028548725955974,28
13.574,-0.0009874394725955975,28
13.576,-0.0015074127725956,28
13.578,-0.0013838263975955996,28
13.58,-0.0012602400225955991,28
13.582,-0.0011366536475955987,28
13.584,-0.0010130672725955983,28
13.586,-0.001264771472595596,28
13.588,-0.0013321301559289297,28
13.59,-0.0013994888392622636,28
13.592,-0.0014668475225955973,28
13.594,-0.001534206205928931,28
13.596,-0.0016015648892622647,28
13.598,-0.0016689235725955986,28
13.6,-0.0009843539725955999,28
13.602,-0.0011039745725956,28
13.604,-0.0012839620725955997,28
13.606,-0.0014639495725955992,28
13.608,-0.001643937072595599,28
13.61,-0.0018239245725955987,28
13.612,-0.0009699307725955994,28
13.614,-0.0010182581725955984,28
13.616,-0.0012916455725955987,28
13.618,-0.0015650329725955987,28
13.62,-0.0018384203725955988,28
13.622,-0.0018881594392622656,28
13.624,-0.0019378985059289328,28
13.626,-0.0019876375725956,28
13.628,-0.0013214115725955974,28
13.63,-0.0009847895725955955,28
13.632,-0.001513051372595598,28
13.634,-0.0015015394325955979,28
13.636,-0.0014900274925955977,28
13.638,-0.0014785155525955974,28
13.64,-0.0014670036125955972,28
13.642,-0.001455491672595597,28
13.644,-0.0010046577725955977,28
13.646,-0.0009887341725955956,28
13.648,-0.0012512194725955994,28
13.65,-0.0013818793059289327,28
13.652,-0.0015125391392622662,28
13.654,-0.0016431989725955996,28
13.656,-0.001077983772595598,28
13.658,-0.0009691805725955976,28
13.66,-0.0011848751725955977,28
13.662,-0.0014005697725955977,28
13.664,-0.0016162643725955977,28
13.666,-0.0018319589725955977,28
13.668,-0.0011847541725955972,28
13.67,-0.0009650302725955992,28
13.672,-0.0018212262725955971,28
13.674,-0.0018754746059289312,28
13.676,-0.0019297229392622644,28
13.678,-0.001983971272595598,28
13.68,-0.0014811618225955983,28
13.682,-0.0009783523725955983,28
13.684,-0.000977862322595597,28
13.686,-0.000977372272595596,28
13.688,-0.0011005774975955968,28
13.69,-0.0012237827225955976,28
13.692,-0.0013469879475955984,28
13.694,-0.0014701931725955991,28
13.696,-0.0009798043725955975,28
13.698,-0.001079306705928931,28
13.7,-0.001178809039262264,28
13.702,-0.0012783113725955975,28
13.704,-0.0014026630725955975,28
13.706,-0.0015270147725955977,28
13.708,-0.0016513664725955977,28
13.71,-0.0013691521225955988,28
13.712,-0.0010869377725956,28
13.714,-0.0010418834225955995,28
13.716,-0.000996829072595599,28
13.718,-0.0011139570725955984,28
13.72,-0.0012889442475955987,28
13.722,-0.001463931422595599,28
13.724,-0.0016389185975955991,28
13.726,-0.0018139057725956,28
13.728,-0.0009885163725955983,28
13.73,-0.001008190972595597,28
13.732,-0.001826526072595598,28
13.734,-0.0019076686725955983,28
13.736,-0.001988811272595599,28
13.738,-0.0016637447725955995,28
13.74,-0.0013386782725956,28
13.742,-0.0011694839725955991,28
13.744,-0.0010002896725955987,28
13.746,-0.0010051034559289322,28
13.748,-0.001009917239262266,28
13.75,-0.0010147310225955995,28
13.752,-0.001019544805928933,28
13.754,-0.0010243585892622668,28
13.756,-0.0010291723725956003,28
13.758,-0.0009968532725956013,28
13.76,-0.0012730236725955989,28
13.762,-0.0013344654559289324,28
13.764,-0.0013959072392622656,28
13.766,-0.0014573490225955991,28
13.768,-0.0015187908059289326,28
13.77,-0.001580232589262266,28
13.772,-0.0016416743725955994,28
13.774,-0.0010891399725955987,28
13.776,-0.0010999936725956012,28
13.778,-0.0012743062725956004,28
13.78,-0.0014486188725955996,28
13.782,-0.0016229314725955987,28
13.784,-0.0017972440725955979,28
13.786,-0.0014808956225955986,28
13.788,-0.0011645471725955994,28
13.79,-0.0009681399725955976,28
13.792,-0.001003060572595596,28
13.794,-0.0018351654725955976,28
13.796,-0.0019508414725956,28
13.798,-0.0016309477225955995,28
13.8,-0.001311053972595599,28
13.802,-0.000991686572595598,28
13.804,-0.0015565750725955972,28
13.806,-0.0015408289392622643,28
13.808,-0.001525082805928931,28
13.81,-0.001509336672595598,28
13.812,-0.0014935905392622652,28
13.814,-0.001477844405928932,28
13.816,-0.001462098272595599,28
13.818,-0.0009947720725955976,28
13.82,-0.0009771544725955955,28
13.822,-0.001279230972595597,28
13.824,-0.0013725007975955972,28
13.826,-0.0014657706225955972,28
13.828,-0.0015590404475955976,28
13.83,-0.0016523102725955975,28
13.832,-0.0010927820725956,28
13.834,-0.0011051845725956015,28
13.836,-0.0013391380725956009,28
13.838,-0.0015730915725956005,28
13.84,-0.0018070450725956,28
13.842,-0.0011966363725955977,28
13.844,-0.0009957642725955968,28
13.846,-0.0010167335725955982,28
13.848,-0.0018390737725956004,28
13.85,-0.0019030222725956,28
13.852,-0.001966970772595599,28
13.854,-0.001641982922595598,28
13.856,-0.0013169950725955976,28
13.858,-0.000996018372595598,28
13.86,-0.001573708672595599,28
13.862,-0.001556255632595599,28
13.864,-0.0015388025925955988,28
13.866,-0.0015213495525955988,28
13.868,-0.0015038965125955984,28
13.87,-0.0014864434725955983,28
13.872,-0.0010239935725956002,28
13.874,-0.0010143377725955992,28
13.876,-0.001004681972595598,28
13.878,-0.0013163053725955968,28
13.88,-0.001381173472595597,28
13.882,-0.0014460415725955971,28
13.884,-0.0015109096725955974,28
13.886,-0.0015757777725955975,28
13.888,-0.0016406458725955978,28
13.89,-0.0010785282725955976,28
13.892,-0.0013180074392622643,28
13.894,-0.0015574866059289312,28
13.896,-0.001796965772595598,28
13.898,-0.0011817049725955982,28
13.9,-0.001022372172595598,28
13.902,-0.001257611297595598,28
13.904,-0.0014928504225955978,28
13.906,-0.0017280895475955977,28
13.908,-0.001963328672595597,28
13.91,-0.0018345193325955975,28
13.912,-0.0017057099925955983,28
13.914,-0.0015769006525955989,28
13.916,-0.0014480913125955995,28
13.918,-0.0013192819725955998,28
13.92,-0.0009985230725955971,28
13.922,-0.0015358477725955968,28
13.924,-0.0015208679725955971,28
13.926,-0.0015058881725955975,28
13.928,-0.001490908372595598,28
13.93,-0.0014759285725955984,28
13.932,-0.0014609487725955987,28
13.934,-0.0010173506725955992,28
13.936,-0.000988080772595601,28
13.938,-0.0012786864725955957,28
13.94,-0.0013684321725955964,28
13.942,-0.001458177872595597,28
13.944,-0.0015479235725955975,28
13.946,-0.0016376692725955985,28
13.948,-0.0009742504725955992,28
13.95,-0.0010861633725955978,28
13.952,-0.0012700531225955979,28
13.954,-0.001453942872595598,28
13.956,-0.001637832622595598,28
13.958,-0.001821722372595598,28
13.96,-0.0011792486725955998,28
13.962,-0.0010872402725955995,28
13.964,-0.0009952318725955991,28
13.966,-0.0018376943725955971,28
13.968,-0.0016575495725955978,28
13.97,-0.0014774047725955978,28
13.972,-0.001297259972595598,28
13.974,-0.0011347569725955976,28
13.976,-0.0009722539725955971,28
13.978,-0.0009777957725955987,28
13.98,-0.0012541537225955988,28
13.982,-0.001530511672595599,28
13.984,-0.001512694422595599,28
13.986,-0.0014948771725955988,28
13.988,-0.0014770599225955986,28
13.99,-0.0014592426725955985,28
13.992,-0.0010174111725955969,28
13.994,-0.0009966596725955977,28
13.996,-0.0012903992725956,28
13.998,-0.0012423017725955998,28
14.0,-0.0011942042725955997,29
14.002,-0.0011461067725955995,29
14.004,-0.0010980092725955991,29
14.006,-0.0010039680725956004,29
14.008,-0.0010898417725955995,29
14.01,-0.0012330355925955993,29
14.012,-0.001376229412595599,29
14.014,-0.0015194232325955984,29
14.016,-0.0016626170525955984,29
14.018,-0.0018058108725955977,29
14.02,-0.001185552772595598,29
14.022,-0.0009901377725955987,29
14.024,-0.0018203913725955995,29
14.026,-0.0018515609725955997,29
14.028,-0.0018827305725955996,29
14.03,-0.0019139001725955996,29
14.032,-0.0019450697725955993,29
14.034,-0.0009897384725956002,29
14.036,-0.000984910572595598,29
14.038,-0.0012636824725955976,29
14.04,-0.0015424543725955971,29
14.042,-0.0014084680475955976,29
14.044,-0.001274481722595598,29
14.046,-0.0011404953975955984,29
14.048,-0.0010065090725955989,29
14.05,-0.0009872277225955982,29
14.052,-0.0009679463725955976,29
14.054,-0.0012762785725956016,29
14.056,-0.0013642455725956007,29
14.058,-0.0014522125725955999,29
14.06,-0.001540179572595599,29
14.062,-0.001628146572595598,29
14.064,-0.0010741117725955975,29
14.066,-0.000995982072595599,29
14.068,-0.0011964094975955987,29
14.07,-0.0013968369225955983,29
14.072,-0.0015972643475955979,29
14.074,-0.0017976917725955974,29
14.076,-0.001168007772595599,29
14.078,-0.0009859269725955976,29
14.08,-0.001005238572595598,29
14.082,-0.0018276755725955985,29
14.084,-0.0016584248059289322,29
14.086,-0.0014891740392622655,29
14.088,-0.0013199232725955995,29
14.09,-0.0011534635725955987,29
14.092,-0.0009870038725955986,29
14.094,-0.0009844023725955955,29
14.096,-0.0015297251725956,29
14.098,-0.0015164333225955995,29
14.1,-0.001503141472595599,29
14.102,-0.001489849622595599,29
14.104,-0.0014765577725955985,29
14.106,-0.0010246953725955993,29
14.108,-0.0009904402725955976,29
14.11,-0.0012859343725955992,29
14.112,-0.001373822722595599,29
14.114,-0.0014617110725955989,29
14.116,-0.0015495994225955987,29
14.118,-0.0016374877725955984,29
14.12,-0.0010023587725955967,29
14.122,-0.001052906522595598,29
14.124,-0.0011034542725955991,29
14.126,-0.0011206816475955992,29
14.128,-0.001137909022595599,29
14.13,-0.0011551363975955994,29
14.132,-0.0011723637725955995,29
14.134,-0.0010835074225955992,29
14.136,-0.0009946510725955986,29
14.138,-0.0010191172725955988,29
14.14,-0.0018408766725955968,29
14.142,-0.0018691221059289307,29
14.144,-0.0018973675392622645,29
14.146,-0.0019256129725955975,29
14.148,-0.0012836595725956006,29
14.15,-0.0009874757725956,29
14.152,-0.0012724368225956,29
14.154,-0.0015573978725956002,29
14.156,-0.0014226552975956,29
14.158,-0.0012879127225956,29
14.16,-0.0011531701475956,29
14.162,-0.0010184275725956,29
14.164,-0.0011658176725955994,29
14.166,-0.0013132077725955989,29
14.168,-0.0013755881125955987,29
14.17,-0.0014379684525955983,29
14.172,-0.001500348792595598,29
14.174,-0.0015627291325955978,29
14.176,-0.0016251094725955977,29
14.178,-0.0010873370725956004,29
14.18,-0.0010889826725955995,29
14.182,-0.0012630078975955994,29
14.184,-0.0014370331225955991,29
14.186,-0.0016110583475955993,29
14.188,-0.0017850835725955992,29
14.19,-0.0011814750725955975,29
14.192,-0.0010857217225955975,29
14.194,-0.0009899683725955975,29
14.196,-0.0010078158725955987,29
14.198,-0.0018460070725956,29
14.2,-0.0018810769059289323,29
14.202,-0.0019161467392622652,29
14.204,-0.001951216572595598,29
14.206,-0.0013071456725955999,29
14.208,-0.0009698339725955976,29
14.21,-0.0009716852725955987,29
14.212,-0.0015645368725955983,29
14.214,-0.0015272043392622649,29
14.216,-0.0014898718059289315,29
14.218,-0.001452539272595598,29
14.22,-0.0009661192725956002,29
14.222,-0.0011271400225955994,29
14.224,-0.0012881607725955986,29
14.226,-0.0013534886725955985,29
14.228,-0.0014188165725955984,29
14.23,-0.0014841444725955985,29
14.232,-0.0015494723725955983,29
14.234,-0.0016148002725955984,29
14.236,-0.001078552472595598,29
14.238,-0.000994324372595598,29
14.24,-0.0011546421125955982,29
14.242,-0.0013149598525955984,29
14.244,-0.0014752775925955988,29
14.246,-0.0016355953325955992,29
14.248,-0.0017959130725955991,29
14.25,-0.0011866054725956,29
14.252,-0.0010028790725955979,29
14.254,-0.0018440105725955995,29
14.256,-0.0018855740725955996,29
14.258,-0.0019271375725955996,29
14.26,-0.0019687010725955995,29
14.262,-0.001336572872595601,29
14.264,-0.0011661080725956004,29
14.266,-0.0009956432725955998,29
14.268,-0.0015767094725955989,29
14.27,-0.0015572526725955986,29
14.272,-0.0015377958725955984,29
14.274,-0.001518339072595598,29
14.276,-0.0014988822725955976,29
14.278,-0.0014794254725955976,29
14.28,-0.0010251309725956004,29
14.282,-0.0012971389725955976,29
14.284,-0.0014049378725955975,29
14.286,-0.001512736772595598,29
14.288,-0.0016205356725955983,29
14.29,-0.0009926666725956002,29
14.292,-0.0010346052725955998,29
14.294,-0.0010765438725955992,29
14.296,-0.0011184824725955984,29
14.298,-0.0012893374975955986,29
14.3,-0.0014601925225955987,29
14.302,-0.0016310475475955987,29
14.304,-0.0018019025725955987,29
14.306,-0.0011841612725955984,29
14.308,-0.0010234490725955989,29
14.31,-0.0018789916725955992,29
14.312,-0.0018935540225955988,29
14.314,-0.0019081163725955988,29
14.316,-0.0019226787225955987,29
14.318,-0.0019372410725955987,29
14.32,-0.0012848816725955989,29
14.322,-0.0009650060725956003,29
14.324,-0.0015780646725955996,29
14.326,-0.0015440999725955993,29
14.328,-0.0015101352725955988,29
14.33,-0.0014761705725955987,29
14.332,-0.0014422058725955984,29
14.334,-0.0012271404725955988,29
14.336,-0.001012075072595599,29
14.338,-0.0009939492725955998,29
14.34,-0.0011186325125955997,29
14.342,-0.0012433157525955992,29
14.344,-0.0013679989925955993,29
14.346,-0.0014926822325955988,29
14.348,-0.0016173654725955989,29
14.35,-0.001069610572595598,29
14.352,-0.0009864472725955968,29
14.354,-0.001119014872595598,29
14.356,-0.001135836897595598,29
14.358,-0.001152658922595598,29
14.36,-0.001169480947595598,29
14.362,-0.001186302972595598,29
14.364,-0.0009796349725955996,29
14.366,-0.0010010217225955983,29
14.368,-0.001022408472595597,29
14.37,-0.0018729295725956,29
14.372,-0.0019103548725955997,29
14.374,-0.0019477801725955987,29
14.376,-0.0016250852725955998,29
14.378,-0.0013023903725956007,29
14.38,-0.0009803972725955965,29
14.382,-0.001594036672595599,29
14.384,-0.0014724728125955987,29
14.386,-0.0013509089525955984,29
14.388,-0.0012293450925955982,29
14.39,-0.001107781232595598,29
14.392,-0.0009862173725955976,29
14.394,-0.001079326872595598,29
14.396,-0.001172436372595598,29
14.398,-0.0012655458725955983,29
14.4,-0.0013586553725955983,29
14.402,-0.0014517648725955983,29
14.404,-0.0015448743725955988,29
14.406,-0.001637983872595599,29
14.408,-0.001097004972595598,29
14.41,-0.0010147491725955964,29
14.412,-0.0011733341925955969,29
14.414,-0.0013319192125955976,29
14.416,-0.001490504232595598,29
14.418,-0.0016490892525955988,29
14.42,-0.0018076742725955995,29
14.422,-0.0012021781725955992,29
14.424,-0.0010142651725955978,29
14.426,-0.0018764748725955997,29
14.428,-0.0018989445725955993,29
14.43,-0.0019214142725955984,29
14.432,-0.0019438839725955984,29
14.434,-0.0019663536725955974,29
14.436,-0.0013181445725955997,29
14.438,-0.0009883469725955971,29
14.44,-0.0009982689725955977,29
14.442,-0.001569836672595597,29
14.444,-0.0015394112225955978,29
14.446,-0.0015089857725955986,29
14.448,-0.0014785603225955992,29
14.45,-0.0014481348725956,29
14.452,-0.0010043431725956003,29
14.454,-0.0009765615725955968,29
14.456,-0.0013113322725955973,29
14.458,-0.0014179252059289304,29
14.46,-0.001524518139262264,29
14.462,-0.0016311110725955973,29
14.464,-0.001080246472595598,29
14.466,-0.0010409214725955983,29
14.468,-0.0010015964725955985,29
14.47,-0.0011614108525955984,29
14.472,-0.0013212252325955985,29
14.474,-0.0014810396125955983,29
14.476,-0.0016408539925955984,29
14.478,-0.0018006683725955983,29
14.48,-0.0009776384725955975,29
14.482,-0.0018821739725955985,29
14.484,-0.0015817914725955995,29
14.486,-0.0012814089725956004,29
14.488,-0.0009810264725956008,29
14.49,-0.0009832316975956004,29
14.492,-0.0009854369225955999,29
14.494,-0.000987642147595599,29
14.496,-0.0009898473725955988,29
14.498,-0.0009918922725955983,29
14.5,-0.0009939371725955978,30
14.502,-0.0009959820725955971,30
14.504,-0.0009977244725955972,30
14.506,-0.0009994668725955974,30
14.508,-0.0011137755725955968,30
14.51,-0.0012280842725955962,30
14.512,-0.0013423929725955956,30
14.514,-0.0014145603975955962,30
14.516,-0.0014867278225955969,30
14.518,-0.0015588952475955975,30
14.52,-0.001631062672595598,30
14.522,-0.001125113272595596,30
14.524,-0.0013490802392622635,30
14.526,-0.0015730472059289312,30
14.528,-0.0017970141725955988,30
14.53,-0.0009652117725955991,30
14.532,-0.0009798527725955984,30
14.534,-0.0009944937725955977,30
14.536,-0.0010091347725955967,30
14.538,-0.0018852836725955988,30
14.54,-0.0019010354525955987,30
14.542,-0.0019167872325955985,30
14.544,-0.0019325390125955984,30
14.546,-0.0019482907925955984,30
14.548,-0.0019640425725955986,30
14.55,-0.0012891892725955985,30
14.552,-0.0009737422725955984,30
14.554,-0.000986096372595599,30
14.556,-0.0009984504725955995,30
14.558,-0.0016002076725956,30
14.56,-0.0015659737475955996,30
14.562,-0.0015317398225955991,30
14.564,-0.0014975058975955986,30
14.566,-0.001463271972595598,30
14.568,-0.001009425172595597,30
14.57,-0.0010014633725955976,30
14.572,-0.0013367059725955983,30
14.574,-0.001272978297595599,30
14.576,-0.0012092506225955995,30
14.578,-0.0011455229475956,30
14.58,-0.0010817952725956004,30
14.582,-0.0011181497225955992,30
14.584,-0.001154504172595598,30
14.586,-0.0013753170725955988,30
14.588,-0.0015961299725955995,30
14.59,-0.0018169428725956,30
14.592,-0.0015005460225955983,30
14.594,-0.0011841491725955965,30
14.596,-0.001038634572595596,30
14.598,-0.0010831403892622628,30
14.6,-0.0011276462059289297,30
14.602,-0.0011721520225955965,30
14.604,-0.001216657839262263,30
14.606,-0.00126116365592893,30
14.608,-0.0013056694725955967,30
14.61,-0.0011466149725955976,30
14.612,-0.0009875604725955982,30
14.614,-0.0010143861725956,30
14.616,-0.0011067599925955996,30
14.618,-0.0011991338125955991,30
14.62,-0.0012915076325955988,30
14.622,-0.0013838814525955984,30
14.624,-0.001476255272595598,30
14.626,-0.001025106772595598,30
14.628,-0.0010062912725955983,30
14.63,-0.001336367172595599,30
14.632,-0.0014223941392622651,30
14.634,-0.0015084211059289317,30
14.636,-0.001594448072595598,30
14.638,-0.001322518722595598,30
14.64,-0.0010505893725955978,30
14.642,-0.001128622272595598,30
14.644,-0.0012952271725955983,30
14.646,-0.0014618320725955983,30
14.648,-0.0016284369725955987,30
14.65,-0.001795041872595599,30
14.652,-0.0010229408725956,30
14.654,-0.001459218472595598,30
14.656,-0.001895496072595596,30
14.658,-0.0017103418725955967,30
14.66,-0.0015251876725955972,30
14.662,-0.0013400334725955979,30
14.664,-0.0011548792725955984,30
14.666,-0.0009697250725955991,30
14.668,-0.0009783604392622654,30
14.67,-0.0009869958059289315,30
14.672,-0.0009956311725955978,30
14.674,-0.0016154778725956003,30
14.676,-0.001562221739262266,30
14.678,-0.001508965605928932,30
14.68,-0.0014557094725955975,30
14.682,-0.0012353200725955986,30
14.684,-0.0010149306725955997,30
14.686,-0.000999587872595596,30
14.688,-0.0013576994725955985,30
14.69,-0.0014245912975955983,30
14.692,-0.0014914831225955986,30
14.694,-0.0015583749475955987,30
14.696,-0.0016252667725955988,30
14.698,-0.0010748982725955984,30
14.7,-0.0010086749725955989,30
14.702,-0.0011655950325955987,30
14.704,-0.0013225150925955987,30
14.706,-0.0014794351525955992,30
14.708,-0.0016363552125955993,30
14.71,-0.0017932752725955993,30
14.712,-0.001153790272595599,30
14.714,-0.0018819198725955992,30
14.716,-0.0018886861925955993,30
14.718,-0.0018954525125955987,30
14.72,-0.0019022188325955984,30
14.722,-0.0019089851525955985,30
14.724,-0.0019157514725955983,30
14.726,-0.0012822680725955993,30
14.728,-0.0009827567725955964,30
14.73,-0.0013021241725955975,30
14.732,-0.0016214915725955986,30
14.734,-0.0015780888725955983,30
14.736,-0.001534686172595598,30
14.738,-0.0014912834725955976,30
14.74,-0.0014478807725955972,30
14.742,-0.0010004227725955994,30
14.744,-0.0013527626725955977,30
14.746,-0.0014014143525955976,30
14.748,-0.0014500660325955975,30
14.75,-0.0014987177125955977,30
14.752,-0.0015473693925955976,30
14.754,-0.0015960210725955975,30
14.756,-0.0010635968725956,30
14.758,-0.000984124072595599,30
14.76,-0.0011455017725955988,30
14.762,-0.0013068794725955984,30
14.764,-0.001468257172595598,30
14.766,-0.0016296348725955978,30
14.768,-0.0017910125725955975,30
14.77,-0.0010075254725955985,30
14.772,-0.0010200852725955984,30
14.774,-0.0010326450725955984,30
14.776,-0.0018888410725955984,30
14.778,-0.0019099858225955987,30
14.78,-0.0019311305725955993,30
14.782,-0.0016068868725955983,30
14.784,-0.0012826431725955975,30
14.786,-0.0009743472725955992,30
14.788,-0.0009647398725955992,30
14.79,-0.0016070562725955997,30
14.792,-0.001562806572595599,30
14.794,-0.0015185568725955988,30
14.796,-0.0014743071725955986,30
14.798,-0.0014300574725955983,30
14.8,-0.000991311472595598,30
14.802,-0.0009693499725955992,30
14.804,-0.001320637172595597,30
14.806,-0.0013894135725955976,30
14.808,-0.001458189972595598,30
14.81,-0.0015269663725955987,30
14.812,-0.0015957427725955993,30
14.814,-0.0010575226725955988,30
14.816,-0.0009923157725955992,30
14.818,-0.001183199322595599,30
14.82,-0.0013740828725955986,30
14.822,-0.0015649664225955984,30
14.824,-0.001755849972595598,30
14.826,-0.0011500634725955996,30
14.828,-0.0010692899225956,30
14.83,-0.0009885163725956003,30
14.832,-0.0018911279725955987,30
14.834,-0.0018963491225955985,30
14.836,-0.001901570272595598,30
14.838,-0.001906791422595597,30
14.84,-0.0019120125725955968,30
14.842,-0.0012835869725955993,30
14.844,-0.0009916744725955975,30
14.846,-0.0009850557725955972,30
14.848,-0.0016266461725955965,30
14.85,-0.0015772751475955967,30
14.852,-0.0015279041225955967,30
14.854,-0.0014785330975955972,30
14.856,-0.0014291620725955972,30
14.858,-0.0010042826725955994,30
14.86,-0.0009755572725956008,30
14.862,-0.0013457083725956012,30
14.864,-0.0014093301725956004,30
14.866,-0.0014729519725955997,30
14.868,-0.0015365737725955989,30
14.87,-0.001600195572595598,30
14.872,-0.0009630821725955981,30
14.874,-0.001046330172595599,30
14.876,-0.0011295781725956,30
14.878,-0.0012848393225955998,30
14.88,-0.0014401004725955995,30
14.882,-0.0015953616225955992,30
14.884,-0.001750622772595599,30
14.886,-0.0009764768725955968,30
14.888,-0.0009917712725955978,30
14.89,-0.0010070656725955987,30
14.892,-0.0019224669725955987,30
14.894,-0.0019160499392622652,30
14.896,-0.0019096329059289316,30
14.898,-0.0019032158725955975,30
14.9,-0.0012783234725955994,30
14.902,-0.0009857091725956003,30
14.904,-0.0016307601725955995,30
14.906,-0.0015922168325955993,30
14.908,-0.0015536734925955988,30
14.91,-0.0015151301525955986,30
14.912,-0.0014765868125955982,30
14.914,-0.001438043472595598,30
14.916,-0.0009988981725956008,30
14.918,-0.0009786911725955978,30
14.92,-0.001129466247595598,30
14.922,-0.0012802413225955983,30
14.924,-0.0014310163975955986,30
14.926,-0.0015817914725955989,30
14.928,-0.0013195239725955982,30
14.93,-0.0010572564725955975,30
14.932,-0.0011520357725955976,30
14.934,-0.0011198352525955979,30
14.936,-0.001087634732595598,30
14.938,-0.0010554342125955979,30
14.94,-0.001023233692595598,30
14.942,-0.000991033172595598,30
14.944,-0.0012930975725955983,30
14.946,-0.0015951619725955983,30
14.948,-0.0018972263725955984,30
14.95,-0.0018939260975955985,30
14.952,-0.0018906258225955984,30
14.954,-0.0018873255475955984,30
14.956,-0.001884025272595598,30
14.958,-0.0012448064725955974,30
14.96,-0.0009659256725955968,30
14.962,-0.0009639049725955992,30
14.964,-0.001597642472595596,30
14.966,-0.0015484287475955967,30
14.968,-0.0014992150225955972,30
14.97,-0.0014500012975955975,30
14.972,-0.0014007875725955982,30
14.974,-0.0009753515725955987,30
14.976,-0.0009619326725955993,30
14.978,-0.0013470272725955995,30
14.98,-0.0012709122225955994,30
14.982,-0.001194797172595599,30
14.984,-0.0011186821225955992,30
14.986,-0.0010425670725955991,30
14.988,-0.0009700638725956,30
14.99,-0.0010566575225955976,30
14.992,-0.0011432511725955954,30
14.994,-0.001294216822595596,30
14.996,-0.0014451824725955967,30
14.998,-0.0015961481225955977,30
15.0,-0.0017471137725955984,31
15.002,-0.0011377819725955987,31
15.004,-0.0010002896725955987,31
15.006,-0.0014593455225955976,31
15.008,-0.0019184013725955969,31
15.01,-0.0019134040725955971,31
15.012,-0.0019084067725955976,31
15.014,-0.001903409472595598,31
15.016,-0.0012579349725956,31
15.018,-0.0009766220725955978,31
15.02,-0.0009913477725955985,31
15.022,-0.0016241293725955967,31
15.024,-0.0015778771225955974,31
15.026,-0.0015316248725955979,31
15.028,-0.0014853726225955983,31
15.03,-0.0014391203725955988,31
15.032,-0.0009948446725955972,31
15.034,-0.0009848258725955981,31
15.036,-0.0013847671725955978,31
15.038,-0.001436400897595598,31
15.04,-0.0014880346225955984,31
15.042,-0.0015396683475955987,31
15.044,-0.0015913020725955988,31
15.046,-0.0010035324725955995,31
15.048,-0.0010907008725956,31
15.05,-0.0011778692725956004,31
15.052,-0.0013205948225955995,31
15.054,-0.001463320372595599,31
15.056,-0.0016060459225955984,31
15.058,-0.0017487714725955975,31
15.06,-0.001145235572595599,31
15.062,-0.0010355369725956012,31
15.064,-0.0014777617225956007,31
15.066,-0.0019199864725956,31
15.068,-0.0016112428725955994,31
15.07,-0.0013024992725955988,31
15.072,-0.0009937556725955982,31
15.074,-0.0016367496725956004,31
15.076,-0.0016089646154527433,31
15.078,-0.001581179558309886,31
15.08,-0.0015533945011670287,31
15.082,-0.0015256094440241712,31
15.084,-0.001497824386881314,31
15.086,-0.0014700393297384566,31
15.088,-0.001442254272595599,31
15.09,-0.0010094614725955995,31
15.092,-0.0009929570725955986,31
15.094,-0.0013791527725955984,31
15.096,-0.0014309740475955987,31
15.098,-0.0014827953225955987,31
15.1,-0.0015346165975955992,31
15.102,-0.0015864378725955995,31
15.104,-0.0010485323725955996,31
15.106,-0.0009764647725955984,31
15.108,-0.0011478733725956008,31
15.11,-0.0011480790725955999,31
15.112,-0.001148284772595599,31
15.114,-0.001148490472595598,31
15.116,-0.0011486961725955967,31
15.118,-0.0009949172725955983,31
15.12,-0.0010287851725955983,31
15.122,-0.0014830554725955994,31
15.124,-0.0019373257725956005,31
15.126,-0.0019335909059289337,31
15.128,-0.0019298560392622672,31
15.13,-0.0019261211725956004,31
15.132,-0.0012770529725955968,31
15.134,-0.0009918559725955976,31
15.136,-0.0010167335725955982,31
15.138,-0.0016733763725955992,31
15.14,-0.0016163974725955988,31
15.142,-0.0015594185725955985,31
15.144,-0.001502439672595598,31
15.146,-0.0014454607725955975,31
15.148,-0.0010214525725956002,31
15.15,-0.0010188147725955984,31
15.152,-0.0011334743725955985,31
15.154,-0.0012481339725955985,31
15.156,-0.0013627935725955983,31
15.158,-0.0014774531725955983,31
15.16,-0.0015921127725955983,31
15.162,-0.0010622900725955967,31
15.164,-0.0009756056725955981,31
15.166,-0.001163337172595598,31
15.168,-0.001312415222595598,31
15.17,-0.0014614932725955983,31
15.172,-0.0016105713225955983,31
15.174,-0.0017596493725955988,31
15.176,-0.001148091172595598,31
15.178,-0.0010623021725955986,31
15.18,-0.0015097722725955984,31
15.182,-0.001957242372595598,31
15.184,-0.001949974305928932,31
15.186,-0.0019427062392622647,31
15.188,-0.0019354381725955984,31
15.19,-0.0009666879725956003,31
15.192,-0.0009756056725955991,31
15.194,-0.0009845233725955976,31
15.196,-0.001655298972595599,31
15.198,-0.001489810297595599,31
15.2,-0.001324321622595599,31
15.202,-0.001158832947595599,31
15.204,-0.000993344272595599,31
15.206,-0.000995643272595598,31
15.208,-0.000997942272595597,31
15.21,-0.001400122072595598,31
15.212,-0.0014402910475955978,31
15.214,-0.0014804600225955976,31
15.216,-0.0015206289975955973,31
15.218,-0.0015607979725955968,31
15.22,-0.0010566393725955983,31
15.222,-0.0011928974725955999,31
15.224,-0.0013313819725955995,31
15.226,-0.0014698664725955992,31
15.228,-0.0016083509725955988,31
15.23,-0.0017468354725955985,31
15.232,-0.0014429560725955975,31
15.234,-0.0011390766725955963,31
15.236,-0.0009977365725955967,31
15.238,-0.001944634172595598,31
15.24,-0.001938729372595598,31
15.242,-0.001932824572595598,31
15.244,-0.0019269197725955984,31
15.246,-0.0019210149725955984,31
15.248,-0.0012720798725955988,31
15.25,-0.0009826236725955974,31
15.252,-0.0016719727725955991,31
15.254,-0.0016256418725955992,31
15.256,-0.001579310972595599,31
15.258,-0.0015329800725955988,31
15.26,-0.0014866491725955984,31
15.262,-0.0014403182725955983,31
15.264,-0.0009982205725956002,31
15.266,-0.0013940720725955991,31
15.268,-0.001434057732595599,31
15.27,-0.001474043392595599,31
15.272,-0.0015140290525955987,31
15.274,-0.0015540147125955987,31
15.276,-0.0015940003725955984,31
15.278,-0.0010007373725955983,31
15.28,-0.0010914268725955975,31
15.282,-0.0011821163725955972,31
15.284,-0.0013719089059289313,31
15.286,-0.0015617014392622652,31
15.288,-0.0017514939725955991,31
15.29,-0.0011454291725955974,31
15.292,-0.0010977914725955988,31
15.294,-0.0010501537725956,31
15.296,-0.0019646959725956,31
15.298,-0.0019501850475955997,31
15.3,-0.0019356741225955985,31
15.302,-0.0019211631975955977,31
15.304,-0.0019066522725955967,31
15.306,-0.001259423272595598,31
15.308,-0.000985188872595598,31
15.31,-0.001011578972595597,31
15.312,-0.0016813018725955978,31
15.314,-0.0015117264225955975,31
15.316,-0.0013421509725955972,31
15.318,-0.0011725755225955967,31
15.32,-0.0010030000725955966,31
15.322,-0.0009820791725955978,31
15.324,-0.0011928914225955989,31
15.326,-0.0014037036725956,31
15.328,-0.0014646312059289335,31
15.33,-0.0015255587392622668,31
15.332,-0.0015864862725956004,31
15.334,-0.0010693443725956,31
15.336,-0.0010353857225955995,31
15.338,-0.0010014270725955988,31
15.34,-0.0011962128725955983,31
15.342,-0.0013348516475955989,31
15.344,-0.0014734904225955992,31
15.346,-0.0016121291975955995,31
15.348,-0.0017507679725955998,31
15.35,-0.0011410247725955995,31
15.352,-0.0010039680725955989,31
15.354,-0.0010438859725955991,31
15.356,-0.0019499339725956005,31
15.358,-0.0019338288725955996,31
15.36,-0.0019177237725955985,31
15.362,-0.001446507422595598,31
15.364,-0.0009752910725955978,31
15.366,-0.0009842692725955983,31
15.368,-0.001655238472595598,31
15.37,-0.001603389972595598,31
15.372,-0.001551541472595598,31
15.374,-0.001499692972595598,31
15.376,-0.0014478444725955983,31
15.378,-0.0013959959725955984,31
15.38,-0.0009918438725955955,31
15.382,-0.0014025783725955983,31
15.384,-0.0014380579925955983,31
15.386,-0.0014735376125955984,31
15.388,-0.0015090172325955982,31
15.39,-0.0015444968525955983,31
15.392,-0.0015799764725955984,31
15.394,-0.0010677955725955993,31
15.396,-0.0010086386725956,31
15.398,-0.0011850929725955963,31
15.4,-0.001327319397595597,31
15.402,-0.0014695458225955976,31
15.404,-0.001611772247595598,31
15.406,-0.0017539986725955987,31
15.408,-0.0011643172725955987,31
15.41,-0.0010210290725955991,31
15.412,-0.0019916063725956,31
15.414,-0.0019749234975956,31
15.416,-0.0019582406225956,31
15.418,-0.0019415577475956,31
15.42,-0.0019248748725956,31
15.422,-0.0012877614725956,31
15.424,-0.0010114821725955968,31
15.426,-0.0010226988725955987,31
15.428,-0.0017050783725955988,31
15.43,-0.001607971839262266,31
15.432,-0.0015108653059289327,31
15.434,-0.0014137587725955997,31
15.436,-0.0012079740725955991,31
15.438,-0.001002189372595599,31
15.44,-0.0014053734725955995,31
15.442,-0.0014366882725955995,31
15.444,-0.0014680030725955993,31
15.446,-0.0014993178725955993,31
15.448,-0.001530632672595599,31
15.45,-0.001561947472595599,31
15.452,-0.0010392516725955987,31
15.454,-0.0009808086725956004,31
15.456,-0.0011840402725955997,31
15.458,-0.0013668511059289328,31
15.46,-0.001549661939262266,31
15.462,-0.0017324727725955991,31
15.464,-0.0014285207725955994,31
15.466,-0.0011245687725955995,31
15.468,-0.0010442852725955978,31
15.47,-0.001510752372595599,31
15.472,-0.0019772194725956004,31
15.474,-0.0019539632725956,31
15.476,-0.0019307070725955988,31
15.478,-0.0019074508725955975,31
15.48,-0.0012638760725955983,31
15.482,-0.0010025039725955996,31
15.484,-0.0016921555725956,31
15.486,-0.0016318782125955996,31
15.488,-0.0015716008525955988,31
15.49,-0.0015113234925955986,31
15.492,-0.001451046132595598,31
15.494,-0.0013907687725955974,31
15.496,-0.001014228872595599,31
15.498,-0.0010025886725955994,31
15.5,-0.001112805152595599,32
15.502,-0.0012230216325955987,32
15.504,-0.0013332381125955983,32
15.506,-0.0014434545925955979,32
15.508,-0.0015536710725955975,32
15.51,-0.0010530819725955967,32
15.512,-0.0009801915725955975,32
15.514,-0.0011740940725956,32
15.516,-0.0013113867225956,32
15.518,-0.0014486793725955996,32
15.52,-0.0015859720225955996,32
15.522,-0.0017232646725955994,32
15.524,-0.001130969672595598,32
15.526,-0.0009762469725955997,32
15.528,-0.0010240782725955964,32
15.53,-0.0019525717725955988,32
15.532,-0.0019407016725955983,32
15.534,-0.0019288315725955983,32
15.536,-0.001916961472595598,32
15.538,-0.001268316772595597,32
15.54,-0.0010056257725956,32
15.542,-0.0017183641725955993,32
15.544,-0.0016559281725955991,32
15.546,-0.001593492172595599,32
15.548,-0.001531056172595599,32
15.55,-0.0014686201725955987,32
15.552,-0.0014061841725955988,32
15.554,-0.000992206872595599,32
15.556,-0.0011996795225955982,32
15.558,-0.0014071521725955976,32
15.56,-0.0014380706975955977,32
15.562,-0.0014689892225955975,32
15.564,-0.0014999077475955978,32
15.566,-0.001530826272595598,32
15.568,-0.0010331048725955964,32
15.57,-0.0009795744725955985,32
15.572,-0.0011787041725956,32
15.574,-0.001355771539262266,32
15.576,-0.0015328389059289318,32
15.578,-0.0017099062725955975,32
15.58,-0.0014162150725955973,32
15.582,-0.0011225238725955967,32
15.584,-0.0010330806725955995,32
15.586,-0.0014949437225955983,32
15.588,-0.0019568067725955966,32
15.59,-0.0017233292059289304,32
15.592,-0.001489851639262264,32
15.594,-0.0012563740725955973,32
15.596,-0.0009788847725955981,32
15.598,-0.0009792114725955987,32
15.6,-0.0009795381725955998,32
15.602,-0.0016882472725955992,32
15.604,-0.0016179190475955991,32
15.606,-0.001547590822595599,32
15.608,-0.001477262597595599,32
15.61,-0.0014069343725955988,32
15.612,-0.0010028064725955983,32
15.614,-0.0009896537725955985,32
15.616,-0.0014185624725955963,32
15.618,-0.001446670772595597,32
15.62,-0.0014747790725955976,32
15.622,-0.0015028873725955983,32
15.624,-0.0015309956725955993,32
15.626,-0.0010400744725956,32
15.628,-0.0009874878725955986,32
15.63,-0.0011766713725955972,32
15.632,-0.001313770422595598,32
15.634,-0.0014508694725955983,32
15.636,-0.001587968522595599,32
15.638,-0.0017250675725955997,32
15.64,-0.0011200312725955992,32
15.642,-0.001981769072595597,32
15.644,-0.001958152897595597,32
15.646,-0.0019345367225955977,32
15.648,-0.0019109205475955975,32
15.65,-0.0018873043725955976,32
15.652,-0.001234436772595597,32
15.654,-0.0011097704725955976,32
15.656,-0.000985104172595598,32
15.658,-0.0009869070725955983,32
15.66,-0.0016823424725955997,32
15.662,-0.0016056496475955991,32
15.664,-0.0015289568225955988,32
15.666,-0.0014522639975955987,32
15.668,-0.0013755711725955983,32
15.67,-0.000992013272595597,32
15.672,-0.0013889900725955976,32
15.674,-0.0014217302525955972,32
15.676,-0.0014544704325955972,32
15.678,-0.0014872106125955972,32
15.68,-0.0015199507925955967,32
15.682,-0.0015526909725955967,32
15.684,-0.0010689934725955988,32
15.686,-0.0010055531725956003,32
15.688,-0.0011484202925956,32
15.69,-0.0012912874125956,32
15.692,-0.0014341545325956,32
15.694,-0.0015770216525955998,32
15.696,-0.0017198887725955996,32
15.698,-0.0011439287725955993,32
15.7,-0.0010002291725955976,32
15.702,-0.0010294264725956015,32
15.704,-0.0019599406725955997,32
15.706,-0.0019355914392622656,32
15.708,-0.0019112422059289324,32
15.71,-0.0018868929725955987,32
15.712,-0.001244370872595598,32
15.714,-0.0009912751725955971,32
15.716,-0.0010721999725955976,32
15.718,-0.0011531247725955977,32
15.72,-0.001234049572595598,32
15.722,-0.001314974372595598,32
15.724,-0.0013958991725955983,32
15.726,-0.001199473822595598,32
15.728,-0.0010030484725955975,32
15.73,-0.001415416472595599,32
15.732,-0.001435507312595599,32
15.734,-0.0014555981525955991,32
15.736,-0.0014756889925955994,32
15.738,-0.0014957798325955997,32
15.74,-0.0015158706725955995,32
15.742,-0.0010264377725956,32
15.744,-0.0009748796725955987,32
15.746,-0.0011573113725955979,32
15.748,-0.0012943559725955983,32
15.75,-0.0014314005725955987,32
15.752,-0.0015684451725955992,32
15.754,-0.0017054897725955996,32
15.756,-0.0011194141725955967,32
15.758,-0.0009985351725955978,32
15.76,-0.0010299467725955987,32
15.762,-0.0019469694725955976,32
15.764,-0.0019223661392622647,32
15.766,-0.001897762805928932,32
15.768,-0.0018731594725955993,32
15.77,-0.0012485695725956009,32
15.772,-0.0010045972725955983,32
15.774,-0.0016868799725955983,32
15.776,-0.0015465102925955986,32
15.778,-0.0014061406125955988,32
15.78,-0.0012657709325955995,32
15.782,-0.0011254012525955999,32
15.784,-0.0009850315725956002,32
15.786,-0.0009813168725955994,32
15.788,-0.0009776021725955983,32
15.79,-0.0014090155725955988,32
15.792,-0.0014386968725955988,32
15.794,-0.0014683781725955986,32
15.796,-0.0014980594725955984,32
15.798,-0.0015277407725955983,32
15.8,-0.0010255060725955986,32
15.802,-0.0009605048725955972,32
15.804,-0.001174202972595597,32
15.806,-0.0013014526225955973,32
15.808,-0.0014287022725955976,32
15.81,-0.0015559519225955979,32
15.812,-0.001683201572595598,32
15.814,-0.0010884623725956003,32
15.816,-0.0009634935725955968,32
15.818,-0.0010344116725955995,32
15.82,-0.0019799540725955987,32
15.822,-0.001937797672595598,32
15.824,-0.0018956412725955976,32
15.826,-0.0018534848725955968,32
15.828,-0.001205312072595598,32
15.83,-0.0009775416725956007,32
15.832,-0.0009890245725956007,32
15.834,-0.001690122772595599,32
15.836,-0.0017931623392622657,32
15.838,-0.001896201905928932,32
15.84,-0.001999241472595598,32
15.842,-0.0013675246725955974,32
15.844,-0.0009971920725955986,32
15.846,-0.0010001202725955956,32
15.848,-0.0014231120725955969,32
15.85,-0.0014507787225955973,32
15.852,-0.0014784453725955975,32
15.854,-0.001506112022595598,32
15.856,-0.0015337786725955983,32
15.858,-0.0010545218725955974,32
15.86,-0.0012088936725955998,32
15.862,-0.0013107127525955997,32
15.864,-0.0014125318325955995,32
15.866,-0.0015143509125955996,32
15.868,-0.0016161699925955994,32
15.87,-0.0017179890725955993,32
15.872,-0.0011358338725955975,32
15.874,-0.0009950624725955975,32
15.876,-0.0010437649725955967,32
15.878,-0.0019808978725955988,32
15.88,-0.0019254980225955984,32
15.882,-0.001870098172595598,32
15.884,-0.0015543002725955987,32
15.886,-0.0012385023725955992,32
15.888,-0.0009846806725955972,32
15.89,-0.0010077190725956003,32
15.892,-0.0017105112725955968,32
15.894,-0.0015306568725955967,32
15.896,-0.0013508024725955971,32
15.898,-0.0011709480725955973,32
15.9,-0.0009910936725955975,32
15.902,-0.000995080622595598,32
15.904,-0.0009990675725955987,32
15.906,-0.0014423026725955967,32
15.908,-0.001463704547595597,32
15.91,-0.0014851064225955971,32
15.912,-0.0015065082975955976,32
15.914,-0.001527910172595598,32
15.916,-0.0009765736725955987,32
15.918,-0.0011789582725955997,32
15.92,-0.0011464576725955997,32
15.922,-0.0011139570725955995,32
15.924,-0.0010814564725955995,32
15.926,-0.0010489558725955996,32
15.928,-0.0010164552725955992,32
15.93,-0.0009839546725955994,32
15.932,-0.0010328265725955963,32
15.934,-0.0019722342725956004,32
15.936,-0.0019404637059289328,32
15.938,-0.001908693139262266,32
15.94,-0.0018769225725955992,32
15.942,-0.0012351506725955998,32
15.944,-0.000977819972595599,32
15.946,-0.001003810772595596,32
15.948,-0.001719622572595598,32
15.95,-0.0016362596225955985,32
15.952,-0.0015528966725955988,32
15.954,-0.001469533722595599,32
15.956,-0.0013861707725955994,32
15.958,-0.0009636992725955971,32
15.96,-0.0014215874725955983,32
15.962,-0.0015164030725955983,32
15.964,-0.0016112186725955983,32
15.966,-0.0017060342725955984,32
15.968,-0.0018008498725955984,32
15.97,-0.0010336130725955989,32
15.972,-0.0009890729725955984,32
15.974,-0.0012028920725956002,32
15.976,-0.0013273133475956,32
15.978,-0.0014517346225955995,32
15.98,-0.0015761558975955995,32
15.982,-0.0017005771725955993,32
15.984,-0.0011175870725955994,32
15.986,-0.0009801189725955981,32
15.988,-0.0019932761725956,32
15.99,-0.0019660662975955995,32
15.992,-0.0019388564225955992,32
15.994,-0.0019116465475955988,32
15.996,-0.0018844366725955988,32
15.998,-0.0012269226725955971,32
16.0,-0.0009751579725955968,33
16.002,-0.0009840151725955988,33
16.004,-0.0016809388725955998,33
16.006,-0.0016069745975955995,33
16.008,-0.0015330103225955991,33
16.01,-0.0014590460475955988,33
16.012,-0.0013850817725955984,33
16.014,-0.0009915897725955997,33
16.016,-0.0009923278725955977,33
16.018,-0.0014053613725955975,33
16.02,-0.001431966247595598,33
16.022,-0.0014585711225955983,33
16.024,-0.0014851759975955986,33
16.026,-0.0015117808725955988,33
16.028,-0.0010140110725956,33
16.03,-0.0011888439725955963,33
16.032,-0.0012908856925955968,33
16.034,-0.0013929274125955974,33
16.036,-0.0014949691325955976,33
16.038,-0.0015970108525955983,33
16.04,-0.0016990525725955987,33
16.042,-0.0011053539725955994,33
16.044,-0.0010453258725955997,33
16.046,-0.0012132738725955995,33
16.048,-0.001381221872595599,33
16.05,-0.0015491698725955988,33
16.052,-0.0017171178725955984,33
16.054,-0.0018850658725955984,33
16.056,-0.0012265959725956,33
16.058,-0.0009852856725955997,33
16.06,-0.001716319272595598,33
16.062,-0.0016276746725955983,33
16.064,-0.001539030072595599,33
16.066,-0.0014503854725955996,33
16.068,-0.0013617408725956,33
16.07,-0.0009781103725955975,33
16.072,-0.0009861326725955982,33
16.074,-0.0009941549725955984,33
16.076,-0.001438237072595598,33
16.078,-0.0014584168475955984,33
16.08,-0.0014785966225955988,33
16.082,-0.001498776397595599,33
16.084,-0.0015189561725955992,33
16.086,-0.0009953407725955994,33
16.088,-0.0011077255725955996,33
16.09,-0.0012201103725956,33
16.092,-0.0013452334475955998,33
16.094,-0.0014703565225955995,33
16.096,-0.0015954795975955992,33
16.098,-0.001720602672595599,33
16.1,-0.0011126744725955971,33
16.102,-0.0009768156725955982,33
16.104,-0.001035924172595598,33
16.106,-0.0019599769725956,33
16.108,-0.0019162657225955991,33
16.11,-0.0018725544725955983,33
16.112,-0.0015556010225955992,33
16.114,-0.0012386475725956,33
16.116,-0.0009867134725955982,33
16.118,-0.0013462044725955982,33
16.12,-0.0017056954725955982,33
16.122,-0.0014642843392622645,33
16.124,-0.0012228732059289303,33
16.126,-0.0009814620725955969,33
16.128,-0.001442992372595597,33
16.13,-0.0014561675440241688,33
16.132,-0.0014693427154527407,33
16.134,-0.0014825178868813123,33
16.136,-0.001495693058309884,33
16.138,-0.0015088682297384557,33
16.14,-0.0015220434011670272,33
16.142,-0.001535218572595599,33
16.144,-0.0010458340725956004,33
16.146,-0.0010029758725955996,33
16.148,-0.001238260372595598,33
16.15,-0.0013537336975955982,33
16.152,-0.0014692070225955983,33
16.154,-0.0015846803475955983,33
16.156,-0.0017001536725955984,33
16.158,-0.0009810022725955988,33
16.16,-0.0010274723225955984,33
16.162,-0.001073942372595598,33
16.164,-0.001267850922595598,33
16.166,-0.001461759472595598,33
16.168,-0.001655668022595598,33
16.17,-0.001849576572595598,33
16.172,-0.0012131407725956,33
16.174,-0.0009782676725955987,33
16.176,-0.0009905854725956002,33
16.178,-0.0017079097725955972,33
16.18,-0.001516197372595598,33
16.182,-0.0013244849725955984,33
16.184,-0.0011327725725955992,33
16.186,-0.0009410601725955997,33
16.188,-0.0011733922725955994,33
16.19,-0.001405724372595599,33
16.192,-0.0013060385225955988,33
16.194,-0.0012063526725955987,33
16.196,-0.0011066668225955987,33
16.198,-0.0010069809725955989,33
16.2,-0.0009849166225955987,33
16.202,-0.000962852272595599,33
16.204,-0.0011794301725955962,33
16.206,-0.0013096352475955968,33
16.208,-0.0014398403225955971,33
16.21,-0.0015700453975955979,33
16.212,-0.0017002504725955984,33
16.214,-0.0010918382725956,33
16.216,-0.0009350464725956,33
16.218,-0.0010221180725955986,33
16.22,-0.0012378671225955987,33
16.222,-0.0014536161725955989,33
16.224,-0.0016693652225955988,33
16.226,-0.001885114272595599,33
16.228,-0.0010632459725955987,33
16.23,-0.0011212775725955996,33
16.232,-0.0018532065725955992,33
16.234,-0.001792767072595599,33
16.236,-0.0017323275725955988,33
16.238,-0.0016718880725955989,33
16.24,-0.0016114485725955987,33
16.242,-0.0015510090725955987,33
16.244,-0.0011641115725955964,33
16.246,-0.0012415515725955999,33
16.248,-0.0017616942725955983,33
16.25,-0.001703475122595598,33
16.252,-0.0016452559725955976,33
16.254,-0.0015870368225955975,33
16.256,-0.0015288176725955973,33
16.258,-0.0015267425225955972,33
16.26,-0.0015246673725955971,33
16.262,-0.001547610989262264,33
16.264,-0.0015705546059289308,33
16.266,-0.0015934982225955978,33
16.268,-0.0016164418392622646,33
16.27,-0.0016393854559289317,33
16.272,-0.0016623290725955983,33
16.274,-0.0015096391725955977,33
16.276,-0.0015656742725955984,33
16.278,-0.0015763464725955985,33
16.28,-0.0015870186725955983,33
16.282,-0.0015976908725955983,33
16.284,-0.0016083630725955984,33
16.286,-0.0016190352725955984,33
16.288,-0.001310521572595598,33
16.29,-0.0013040359725955998,33
16.292,-0.0013811371725955994,33
16.294,-0.001458238372595599,33
16.296,-0.0015353395725955987,33
16.298,-0.0016124407725955983,33
16.3,-0.0011802045725956,33
16.302,-0.0013340399392622662,33
16.304,-0.001487875305928932,33
16.306,-0.0016417106725955984,33
16.308,-0.0016383650225955983,33
16.31,-0.001635019372595598,33
16.312,-0.001631673722595598,33
16.314,-0.001628328072595598,33
16.316,-0.001110641672595598,33
16.318,-0.0010559012725956003,33
16.32,-0.0012809854725956,33
16.322,-0.0013887541225955995,33
16.324,-0.0014965227725955996,33
16.326,-0.0016042914225955994,33
16.328,-0.0017120600725955993,33
16.33,-0.0011025104725955971,33
16.332,-0.0009573467725955965,33
16.334,-0.0019524265725955996,33
16.336,-0.0019092809975955992,33
16.338,-0.0018661354225955988,33
16.34,-0.0018229898475955984,33
16.342,-0.001779844272595598,33
16.344,-0.0008744738725955987,33
16.346,-0.0008841054725955986,33
16.348,-0.0008937370725955984,33
16.35,-0.001608847072595598,33
16.352,-0.0016938415059289315,33
16.354,-0.0017788359392622653,33
16.356,-0.0018638303725955988,33
16.358,-0.0012159237725955993,33
16.36,-0.000843522072595599,33
16.362,-0.0013157971725955995,33
16.364,-0.0014865916975955996,33
16.366,-0.0016573862225955991,33
16.368,-0.0018281807475955991,33
16.37,-0.001998975272595599,33
16.372,-0.0013675125725955987,33
16.374,-0.0008852791725955986,33
16.376,-0.0008469342725955959,33
16.378,-0.0010183156475955966,33
16.38,-0.0011896970225955972,33
16.382,-0.0013610783975955979,33
16.384,-0.0015324597725955983,33
16.386,-0.0010128131725955988,33
16.388,-0.0009195463725955968,33
16.39,-0.0019140090725955972,33
16.392,-0.0019305296059289312,33
16.394,-0.0019470501392622648,33
16.396,-0.0019635706725955986,33
16.398,-0.001238623372595598,33
16.4,-0.0011141930225955984,33
16.402,-0.0009897626725955987,33
16.404,-0.0017981636725955992,33
16.406,-0.0017507074725955987,33
16.408,-0.0017032512725955982,33
16.41,-0.0016557950725955976,33
16.412,-0.0016083388725955973,33
16.414,-0.0014524122225955975,33
16.416,-0.0012964855725955977,33
16.418,-0.0013657943725956002,33
16.42,-0.0019426981725955987,33
16.422,-0.0018847875725955992,33
16.424,-0.0018268769725955996,33
16.426,-0.0017689663725955996,33
16.428,-0.0017110557725955999,33
16.43,-0.0016722268725955988,33
16.432,-0.0018655001725956,33
16.434,-0.0018638497325956,33
16.436,-0.0018621992925956,33
16.438,-0.0018605488525956003,33
16.44,-0.0018588984125956004,33
16.442,-0.0018572479725956009,33
16.444,-0.0017538897725955984,33
16.446,-0.0018162652725956,33
16.448,-0.0018033807892622665,33
16.45,-0.0017904963059289327,33
16.452,-0.0017776118225955992,33
16.454,-0.0017647273392622659,33
16.456,-0.0017518428559289323,33
16.458,-0.0017389583725955988,33
16.46,-0.0017943521725955964,33
16.462,-0.0018052814975955968,33
16.464,-0.0018162108225955969,33
16.466,-0.0018271401475955973,33
16.468,-0.001838069472595597,33
16.47,-0.0018307368725955983,33
16.472,-0.0018234042725955996,33
16.474,-0.0018254511892622657,33
16.476,-0.001827498105928932,33
16.478,-0.0018295450225955985,33
16.48,-0.0018315919392622644,33
16.482,-0.0018336388559289304,33
16.484,-0.0018356857725955968,33
16.486,-0.0017567332725955988,33
16.488,-0.0018687611225955984,33
16.49,-0.0019807889725955985,33
16.492,-0.0019317627975955984,33
16.494,-0.0018827366225955984,33
16.496,-0.0018337104475955987,33
16.498,-0.0017846842725955988,33
16.5,-0.0017091500225955994,34
16.502,-0.0016336157725956,34
16.504,-0.0016753002725955965,34
16.506,-0.0016902268325955973,34
16.508,-0.001705153392595598,34
16.51,-0.0017200799525955983,34
16.512,-0.0017350065125955993,34
16.514,-0.0017499330725956,34
16.516,-0.0014777072725955989,34
16.518,-0.0014568952725955984,34
16.52,-0.0015141476325955987,34
16.522,-0.0015713999925955993,34
16.524,-0.0016286523525955992,34
16.526,-0.0016859047125955995,34
16.528,-0.0017431570725956,34
16.53,-0.0013343464725955982,34
16.532,-0.0013114169725956003,34
16.534,-0.0017735401725955998,34
16.536,-0.0017739576225955997,34
16.538,-0.0017743750725955996,34
16.54,-0.0017747925225955995,34
16.542,-0.0017752099725955991,34
16.544,-0.0012692242725955982,34
16.546,-0.0012084459725955968,34
16.548,-0.0014347159725955974,34
16.55,-0.0015427810725955975,34
16.552,-0.0016508461725955976,34
16.554,-0.0017589112725955975,34
16.556,-0.0018669763725955976,34
16.558,-0.0012712086725956,34
16.56,-0.0011460462725955984,34
16.562,-0.0012033881725955972,34
16.564,-0.0013973420975955976,34
16.566,-0.001591296022595598,34
16.568,-0.0017852499475955984,34
16.57,-0.0019792038725955988,34
16.572,-0.0010740149725955994,34
16.574,-0.0010903620725956006,34
16.576,-0.0018739943725955969,34
16.578,-0.0017077089125955975,34
16.58,-0.0015414234525955978,34
16.582,-0.0013751379925955984,34
16.584,-0.0012088525325955988,34
16.586,-0.0010425670725955991,34
16.588,-0.001046511672595598,34
16.59,-0.001050456272595597,34
16.592,-0.001542599572595598,34
16.594,-0.0015338966475955983,34
16.596,-0.001525193722595599,34
16.598,-0.0015164907975955995,34
16.6,-0.0015077878725956,34
16.602,-0.0010498028725955987,34
16.604,-0.0010281438725955987,34
16.606,-0.0012501909725955995,34
16.608,-0.0013933460725955992,34
16.61,-0.001536501172595599,34
16.612,-0.0016796562725955987,34
16.614,-0.0010941856725956,34
16.616,-0.000995304472595597,34
16.618,-0.0010663314725955983,34
16.62,-0.0010920197725955987,34
16.622,-0.0011177080725955988,34
16.624,-0.0011433963725955992,34
16.626,-0.0011690846725955991,34
16.628,-0.0011947729725955995,34
16.63,-0.0010859637225956002,34
16.632,-0.0009771544725956007,34
16.634,-0.000971346472595596,34
16.636,-0.0017266042725955968,34
16.638,-0.0018064199059289307,34
16.64,-0.0018862355392622648,34
16.642,-0.001966051172595599,34
16.644,-0.0013331727725955991,34
16.646,-0.0009701122725955976,34
16.648,-0.0014511961725955976,34
16.65,-0.0014564862925955976,34
16.652,-0.0014617764125955976,34
16.654,-0.0014670665325955976,34
16.656,-0.0014723566525955975,34
16.658,-0.0014776467725955975,34
16.66,-0.0009987650725955984,34
16.662,-0.0012136247725955983,34
16.664,-0.0011874234325955988,34
16.666,-0.001161222092595599,34
16.668,-0.0011350207525955996,34
16.67,-0.0011088194125955999,34
16.672,-0.0010826180725956,34
16.674,-0.0009719272725955997,34
16.676,-0.001027538872595598,34
16.678,-0.001992199272595599,34
16.68,-0.0019261574725955985,34
16.682,-0.0018601156725955984,34
16.684,-0.0017940738725955984,34
16.686,-0.0014831522725955986,34
16.688,-0.0011722306725955988,34
16.69,-0.0009624045725955976,34
16.692,-0.0017267373725955992,34
16.694,-0.0015853327392622652,34
16.696,-0.0014439281059289316,34
16.698,-0.001302523472595598,34
16.7,-0.0009520953725955968,34
16.702,-0.0009494817725955989,34
16.704,-0.0009468681725956009,34
16.706,-0.0014265000725956004,34
16.708,-0.0014354177725956,34
16.71,-0.0014443354725955995,34
16.712,-0.001453253172595599,34
16.714,-0.0014621708725955987,34
16.716,-0.0009621867725955989,34
16.718,-0.0009039131725956001,34
16.72,-0.0010462745125956,34
16.722,-0.001188635852595599,34
16.724,-0.0013309971925955988,34
16.726,-0.0014733585325955984,34
16.728,-0.001615719872595598,34
16.73,-0.0010577404725955976,34
16.732,-0.000945525072595597,34
16.734,-0.000999648372595599,34
16.736,-0.0019668618725955985,34
16.738,-0.0018686945725955991,34
16.74,-0.0017705272725955996,34
16.742,-0.001141230472595598,34
16.744,-0.0010387555725955983,34
16.746,-0.0009362806725955984,34
16.748,-0.0009341147725955984,34
16.75,-0.0011829089225955983,34
16.752,-0.0014317030725955983,34
16.754,-0.001680497222595598,34
16.756,-0.001929291372595598,34
16.758,-0.0012734592725955982,34
16.76,-0.0009328563725955994,34
16.762,-0.0009309808725955978,34
16.764,-0.0014193852725955976,34
16.766,-0.0014173464225955975,34
16.768,-0.0014153075725955979,34
16.77,-0.001413268722595598,34
16.772,-0.001411229872595598,34
16.774,-0.0009588955725955971,34
16.776,-0.0011829270725956,34
16.778,-0.0012860856225955998,34
16.78,-0.0013892441725955997,34
16.782,-0.0014924027225955996,34
16.784,-0.0015955612725955994,34
16.786,-0.0013818430059289323,34
16.788,-0.0011681247392622649,34
16.79,-0.0009544064725955976,34
16.792,-0.0010382473725955958,34
16.794,-0.0012206004225955966,34
16.796,-0.0014029534725955972,34
16.798,-0.001585306522595598,34
16.8,-0.0017676595725955987,34
16.802,-0.001155193872595597,34
16.804,-0.0009387127725955999,34
16.806,-0.0009505949725955968,34
16.808,-0.001707232172595597,34
16.81,-0.0018128893725955983,34
16.812,-0.0019185465725955995,34
16.814,-0.0012722855725955974,34
16.816,-0.0009296619725955977,34
16.818,-0.0011625869725955989,34
16.82,-0.0013955119725955999,34
16.822,-0.0014064322225955995,34
16.824,-0.0014173524725955991,34
16.826,-0.0014282727225955988,34
16.828,-0.0014391929725955984,34
16.83,-0.001202589572595598,34
16.832,-0.0009659861725955978,34
16.834,-0.0009189534725955982,34
16.836,-0.001167233372595597,34
16.838,-0.001108509047595597,34
16.84,-0.0010497847225955975,34
16.842,-0.0009910603975955981,34
16.844,-0.0009323360725955984,34
16.846,-0.0009690232725955984,34
16.848,-0.001005710472595598,34
16.85,-0.0015026393225955979,34
16.852,-0.0019995681725955977,34
16.854,-0.0018851687225955984,34
16.856,-0.001770769272595599,34
16.858,-0.0014568347725955983,34
16.86,-0.0011429002725955976,34
16.862,-0.0009178644725955987,34
16.864,-0.0009438794725955961,34
16.866,-0.0017251885725956,34
16.868,-0.0017822602392622664,34
16.87,-0.0018393319059289328,34
16.872,-0.0018964035725955993,34
16.874,-0.0012628475725956004,34
16.876,-0.0009503650725955977,34
16.878,-0.0014540759725955967,34
16.88,-0.0014538388125955974,34
16.882,-0.001453601652595598,34
16.884,-0.0014533644925955984,34
16.886,-0.0014531273325955989,34
16.888,-0.0014528901725955991,34
16.89,-0.0009950624725955975,34
16.892,-0.0009599845725955965,34
16.894,-0.001186738572595599,34
16.896,-0.001292135622595599,34
16.898,-0.0013975326725955987,34
16.9,-0.0015029297225955989,34
16.902,-0.0016083267725955988,34
16.904,-0.0010468867725955972,34
16.906,-0.0009366678725956003,34
16.908,-0.0010047061725955984,34
16.91,-0.001963389172595597,34
16.912,-0.0018648044225955977,34
16.914,-0.0017662196725955984,34
16.916,-0.0014602348725955977,34
16.918,-0.0011542500725955967,34
16.92,-0.0009321545725956003,34
16.922,-0.0009394629725955998,34
16.924,-0.0017040256725955967,34
16.926,-0.0017871123392622643,34
16.928,-0.001870199005928932,34
16.93,-0.0019532856725956,34
16.932,-0.0012943317725955996,34
16.934,-0.0009386401725956002,34
16.936,-0.0009386280725956,34
16.938,-0.0014478444725955983,34
16.94,-0.001327413172595598,34
16.942,-0.0012069818725955975,34
16.944,-0.0010865505725955972,34
16.946,-0.000966119272595597,34
16.948,-0.0009463055225955968,34
16.95,-0.0009264917725955966,34
16.952,-0.0011939017725955993,34
16.954,-0.0013352822059289327,34
16.956,-0.0014766626392622658,34
16.958,-0.0016180430725955992,34
16.96,-0.0013406142725955993,34
16.962,-0.0010631854725955993,34
16.964,-0.0009481870725955992,34
16.966,-0.0010491857725955997,34
16.968,-0.0010730802475956,34
16.97,-0.0010969747225956002,34
16.972,-0.0011208691975956005,34
16.974,-0.0011447636725956008,34
16.976,-0.000935748272595599,34
16.978,-0.0009474489725955977,34
16.98,-0.0017253337725955992,34
16.982,-0.001774384147595599,34
16.984,-0.0018234345225955993,34
16.986,-0.0018724848975955992,34
16.988,-0.0019215352725955991,34
16.99,-0.0012861763725955985,34
16.992,-0.000936232272595601,34
16.994,-0.0010204059225956007,34
16.996,-0.0011045795725956,34
16.998,-0.0011887532225955996,34
17.0,-0.0012729268725955995,35
17.002,-0.0013571005225955991,35
17.004,-0.0014412741725955986,35
17.006,-0.0009258020725955997,35
17.008,-0.0010386587725955982,35
17.01,-0.0011515154725955969,35
17.012,-0.0012592750475955974,35
17.014,-0.001367034622595598,35
17.016,-0.0014747941975955985,35
17.018,-0.001582553772595599,35
17.02,-0.0010350771725955998,35
17.022,-0.0009295772725955981,35
17.024,-0.0010004832725955988,35
17.026,-0.001964066772595599,35
17.028,-0.0019007595725955989,35
17.03,-0.0018374523725955987,35
17.032,-0.0017741451725955988,35
17.034,-0.0011363904725955971,35
17.036,-0.0009254632725955984,35
17.038,-0.0009334250725955977,35
17.04,-0.0017130522725956002,35
17.042,-0.0017844826059289331,35
17.044,-0.0018559129392622655,35
17.046,-0.0019273432725955984,35
17.048,-0.0012821228725955983,35
17.05,-0.0009309082725955965,35
17.052,-0.0011828847225955983,35
17.054,-0.0014348611725956,35
17.056,-0.0014421695725955995,35
17.058,-0.001449477972595599,35
17.06,-0.0014567863725955983,35
17.062,-0.001228320222595598,35
17.064,-0.0009998540725955976,35
17.066,-0.0011740819725955982,35
17.068,-0.001150424052595598,35
17.07,-0.0011267661325955977,35
17.072,-0.0011031082125955972,35
17.074,-0.0010794502925955969,35
17.076,-0.0010557923725955964,35
17.078,-0.0009324449725955971,35
17.08,-0.0009679584725955986,35
17.082,-0.0010034719725956,35
17.084,-0.0019970634725955984,35
17.086,-0.001899271272595598,35
17.088,-0.0018014790725955976,35
17.09,-0.001171020672595599,35
17.092,-0.0010603238225955994,35
17.094,-0.0009496269725955998,35
17.096,-0.0009433954725955976,35
17.098,-0.0017151092725955983,35
17.1,-0.0014998684225955988,35
17.102,-0.0012846275725955992,35
17.104,-0.0009373575725955994,35
17.106,-0.0009541281725955996,35
17.108,-0.0014403787725955994,35
17.11,-0.001439987539262266,35
17.112,-0.001439596305928932,35
17.114,-0.0014392050725955986,35
17.116,-0.001438813839262265,35
17.118,-0.0014384226059289311,35
17.12,-0.0014380313725955978,35
17.122,-0.0009658651725955971,35
17.124,-0.0009342478725955992,35
17.126,-0.001161126905928932,35
17.128,-0.0013880059392622653,35
17.13,-0.0016148849725955983,35
17.132,-0.0010565788725955972,35
17.134,-0.0009636750725955984,35
17.136,-0.0010051115225955991,35
17.138,-0.0010465479725955996,35
17.14,-0.0011915180725955992,35
17.142,-0.001336488172595599,35
17.144,-0.001481458272595599,35
17.146,-0.0016264283725955988,35
17.148,-0.0017713984725955985,35
17.15,-0.0011624901725955997,35
17.152,-0.0009470738725955997,35
17.154,-0.0009651270725955959,35
17.156,-0.0017305125725955977,35
17.158,-0.0018391100725955976,35
17.16,-0.0019477075725955971,35
17.162,-0.0014492904225955972,35
17.164,-0.0009508732725955968,35
17.166,-0.0014347038725955987,35
17.168,-0.0014349676525955988,35
17.17,-0.001435231432595599,35
17.172,-0.0014354952125955989,35
17.174,-0.001435758992595599,35
17.176,-0.0014360227725955987,35
17.178,-0.001199243922595598,35
17.18,-0.0009624650725955971,35
17.182,-0.0009212403725956004,35
17.184,-0.0011674027725956,35
17.186,-0.0012748840475955996,35
17.188,-0.0013823653225955995,35
17.19,-0.0014898465975955993,35
17.192,-0.001597327872595599,35
17.194,-0.0010348351725955988,35
17.196,-0.0009253785725955986,35
17.198,-0.0010138658725955992,35
17.2,-0.000991148122595599,35
17.202,-0.0009684303725955985,35
17.204,-0.0009457126225955984,35
17.206,-0.0009229948725955981,35
17.208,-0.001328695772595598,35
17.21,-0.001734396672595598,35
17.212,-0.001773123932595598,35
17.214,-0.0018118511925955976,35
17.216,-0.0018505784525955976,35
17.218,-0.0018893057125955973,35
17.22,-0.0019280329725955973,35
17.222,-0.0012884511725956005,35
17.224,-0.0009461421725955997,35
17.226,-0.0009513330725955984,35
17.228,-0.0014482074725955996,35
17.23,-0.0014491361475955995,35
17.232,-0.001450064822595599,35
17.234,-0.001450993497595599,35
17.236,-0.0014519221725955989,35
17.238,-0.000996841172595599,35
17.24,-0.0009606500725955966,35
17.242,-0.0009782144325955968,35
17.244,-0.000995778792595597,35
17.246,-0.0010133431525955968,35
17.248,-0.0010309075125955968,35
17.25,-0.0010484718725955967,35
17.252,-0.0009278590725955976,35
17.254,-0.0010144345725955975,35
17.256,-0.0015023852225955984,35
17.258,-0.0019903358725955993,35
17.26,-0.0019226888059289324,35
17.262,-0.001855041739262265,35
17.264,-0.0017873946725955984,35
17.266,-0.0011509830725955975,35
17.268,-0.0009468681725955976,35
17.27,-0.0013292886725955987,35
17.272,-0.0017117091725955995,35
17.274,-0.0018076016725955988,35
17.276,-0.0019034941725955977,35
17.278,-0.0015873574725955991,35
17.28,-0.0012712207725956003,35
17.282,-0.0009280647725955997,35
17.284,-0.0009474973725955987,35
17.286,-0.0010486920925955987,35
17.288,-0.0011498868125955984,35
17.29,-0.0012510815325955983,35
17.292,-0.001352276252595598,35
17.294,-0.001453470972595598,35
17.296,-0.0009778925725955968,35
17.298,-0.0009583631725955978,35
17.3,-0.001089834512595598,35
17.302,-0.0012213058525955979,35
17.304,-0.001352777192595598,35
17.306,-0.001484248532595598,35
17.308,-0.001615719872595598,35
17.31,-0.0010472376725955985,35
17.312,-0.0009387974725955981,35
17.314,-0.0010291844725956005,35
17.316,-0.0014097657725955996,35
17.318,-0.001790347072595599,35
17.32,-0.0014711853725955983,35
17.322,-0.0011520236725955976,35
17.324,-0.0009292384725956003,35
17.326,-0.0017218973725955985,35
17.328,-0.0017782863975955984,35
17.33,-0.0018346754225955983,35
17.332,-0.001891064447595598,35
17.334,-0.001947453472595598,35
17.336,-0.0013089122725955975,35
17.338,-0.0009453193725955986,35
17.34,-0.0009495180725955962,35
17.342,-0.0009502827925955965,35
17.344,-0.0009510475125955965,35
17.346,-0.0009518122325955968,35
17.348,-0.0009525769525955968,35
17.35,-0.0009533416725955971,35
17.352,-0.0012034849725955955,35
17.354,-0.0012716301559289294,35
17.356,-0.0013397753392622631,35
17.358,-0.001407920522595597,35
17.36,-0.001476065705928931,35
17.362,-0.0015442108892622648,35
17.364,-0.0016123560725955985,35
17.366,-0.001047878972595598,35
17.368,-0.0009451862725955976,35
17.37,-0.0010615035725955976,35
17.372,-0.0012446733725955976,35
17.374,-0.0014278431725955971,35
17.376,-0.0016110129725955971,35
17.378,-0.0017941827725955967,35
17.38,-0.0011733801725955992,35
17.382,-0.0009417861725956009,35
17.384,-0.0009684908725955954,35
17.386,-0.0017552570725955976,35
17.388,-0.0018250418059289316,35
17.39,-0.001894826539262265,35
17.392,-0.0019646112725955982,35
17.394,-0.0013138006725955977,35
17.396,-0.0009570200725955991,35
17.398,-0.0009589923725955989,35
17.4,-0.001060835652595599,35
17.402,-0.0011626789325955987,35
17.404,-0.001264522212595599,35
17.406,-0.0013663654925955989,35
17.408,-0.0014682087725955988,35
17.41,-0.0009988376725956,35
17.412,-0.0009676680725955978,35
17.414,-0.0012232321725955987,35
17.416,-0.0013235714225955987,35
17.418,-0.0014239106725955984,35
17.42,-0.0015242499225955983,35
17.422,-0.0016245891725955985,35
17.424,-0.0010640687725955982,35
17.426,-0.0009695919725955984,35
17.428,-0.0010586600725955991,35
17.43,-0.0012437083975955989,35
17.432,-0.0014287567225955984,35
17.434,-0.0016138050475955983,35
17.436,-0.001798853372595598,35
17.438,-0.0011605420725956,35
17.44,-0.0009749038725955992,35
17.442,-0.0017482874725955975,35
17.444,-0.0018003325975955975,35
17.446,-0.0018523777225955976,35
17.448,-0.0019044228475955977,35
17.45,-0.0019564679725955977,35
17.452,-0.0013004180725956008,35
17.454,-0.0009626223725955983,35
17.456,-0.000965768372595599,35
17.458,-0.001481893872595598,35
17.46,-0.001479897372595598,35
17.462,-0.001477900872595598,35
17.464,-0.001475904372595598,35
17.466,-0.0014739078725955982,35
17.468,-0.0010043794725955975,35
17.47,-0.0009550840725955981,35
17.472,-0.0012202434725955974,35
17.474,-0.0013627451725955978,35
17.476,-0.0015052468725955982,35
17.478,-0.0016477485725955986,35
17.48,-0.001079169572595599,35
17.482,-0.0009726895725956,35
17.484,-0.0011417725525955998,35
17.486,-0.0013108555325955997,35
17.488,-0.0014799385125955993,35
17.49,-0.0016490214925955992,35
17.492,-0.0018181044725955992,35
17.494,-0.0011865449725955973,35
17.496,-0.0009780740725955984,35
17.498,-0.0011777047125955988,35
17.5,-0.0013773353525955987,36
17.502,-0.001576965992595599,36
17.504,-0.0017765966325955992,36
17.506,-0.0019762272725955994,36
17.508,-0.0012958321725955976,36
17.51,-0.0009270967725955973,36
17.512,-0.0009467834725956014,36
17.514,-0.0014820027725956,36
17.516,-0.0013647507475955992,36
17.518,-0.0012474987225955985,36
17.52,-0.0011302466975955975,36
17.522,-0.0010129946725955968,36
17.524,-0.0010000960725955969,36
17.526,-0.0009871974725955968,36
17.528,-0.0012540992725955968,36
17.53,-0.001378943039262264,36
17.532,-0.0015037868059289312,36
17.534,-0.0016286305725955984,36
17.536,-0.0013505060225955984,36
17.538,-0.0010723814725955988,36
17.54,-0.0009728347725955992,36
17.542,-0.0010769068725955987,36
17.544,-0.0012659270225955984,36
17.546,-0.0014549471725955982,36
17.548,-0.0016439673225955979,36
17.55,-0.001832987472595597,36
17.552,-0.0009817766725955974,36
17.554,-0.0009939492725955998,36
17.556,-0.0013913072225955987,36
17.558,-0.0017886651725955976,36
17.56,-0.0018484069059289312,36
17.562,-0.0019081486392622648,36
17.564,-0.0019678903725955984,36
17.566,-0.0013239646725955977,36
17.568,-0.0009757750725955997,36
17.57,-0.000986592472595596,36
17.572,-0.0015016894725955984,36
17.574,-0.0014933374475955984,36
17.576,-0.0014849854225955984,36
17.578,-0.0014766333975955984,36
17.58,-0.0014682813725955984,36
17.582,-0.0010037986725955975,36
17.584,-0.0009777957725955987,36
17.586,-0.0009952270325955988,36
17.588,-0.0010126582925955988,36
17.59,-0.0010300895525955987,36
17.592,-0.0010475208125955988,36
17.594,-0.0010649520725955989,36
17.596,-0.0009660829725955978,36
17.598,-0.0010188934225955973,36
17.6,-0.0010717038725955967,36
17.602,-0.001247044972595597,36
17.604,-0.0014223860725955972,36
17.606,-0.0015977271725955975,36
17.608,-0.001773068272595598,36
17.61,-0.0009457791725955984,36
17.612,-0.0009648911225955992,36
17.614,-0.0009840030725956003,36
17.616,-0.001783002372595599,36
17.618,-0.0018429215725955992,36
17.62,-0.0019028407725955993,36
17.622,-0.0019627599725955992,36
17.624,-0.0009621867725955972,36
17.626,-0.0009638202725955996,36
17.628,-0.0012382180225955983,36
17.63,-0.001512615772595597,36
17.632,-0.0015068531475955975,36
17.634,-0.001501090522595598,36
17.636,-0.0014953278975955984,36
17.638,-0.0014895652725955989,36
17.64,-0.0010085055725955992,36
17.642,-0.0009761259725955992,36
17.644,-0.0012587335725956009,36
17.646,-0.0013589064475956003,36
17.648,-0.0014590793225955998,36
17.65,-0.0015592521975955993,36
17.652,-0.0016594250725955988,36
17.654,-0.0010743537725955968,36
17.656,-0.0009754967725955997,36
17.658,-0.0011907164475955996,36
17.66,-0.0014059361225955995,36
17.662,-0.0016211557975955992,36
17.664,-0.0018363754725955993,36
17.666,-0.0015094576725955986,36
17.668,-0.001182539872595598,36
17.67,-0.0009781224725955975,36
17.672,-0.0010035808725956004,36
17.674,-0.0017858821725956,36
17.676,-0.001844982605928933,36
17.678,-0.0019040830392622653,36
17.68,-0.0019631834725955984,36
17.682,-0.0012926740725955968,36
17.684,-0.0009457065725955968,36
17.686,-0.0014877381725955964,36
17.688,-0.001391105152595597,36
17.69,-0.0012944721325955975,36
17.692,-0.0011978391125955982,36
17.694,-0.0011012060925955987,36
17.696,-0.0010045730725955996,36
17.698,-0.0009959518225956,36
17.7,-0.0009873305725956007,36
17.702,-0.0012611535725956004,36
17.704,-0.0013581592725956,36
17.706,-0.0014551649725955997,36
17.708,-0.0015521706725955993,36
17.71,-0.0016491763725955987,36
17.712,-0.0010886075725955976,36
17.714,-0.0009871127725955987,36
17.716,-0.0010802827725956005,36
17.718,-0.0012674122975956,36
17.72,-0.0014545418225955994,36
17.722,-0.0016416713475955987,36
17.724,-0.0018288008725955984,36
17.726,-0.0009678616725955993,36
17.728,-0.0009971073725956008,36
17.73,-0.001779239272595599,36
17.732,-0.0018254310225955988,36
17.734,-0.0018716227725955985,36
17.736,-0.001917814522595598,36
17.738,-0.0019640062725955975,36
17.74,-0.0009428267725955994,36
17.742,-0.0012064797225955987,36
17.744,-0.001470132672595598,36
17.746,-0.001468980752595598,36
17.748,-0.001467828832595598,36
17.75,-0.0014666769125955977,36
17.752,-0.0014655249925955977,36
17.754,-0.0014643730725955977,36
17.756,-0.0009726653725955975,36
17.758,-0.0011200312725955976,36
17.76,-0.0012673971725955975,36
17.762,-0.0013562746975955978,36
17.764,-0.001445152222595598,36
17.766,-0.0015340297475955984,36
17.768,-0.0016229072725955987,36
17.77,-0.001050129572595598,36
17.772,-0.0009530391725955968,36
17.774,-0.0010504078725955997,36
17.776,-0.0012341766225955992,36
17.778,-0.0014179453725955988,36
17.78,-0.0016017141225955983,36
17.782,-0.001785482872595598,36
17.784,-0.0009646914725955982,36
17.786,-0.000986471472595597,36
17.788,-0.0017836920725955979,36
17.79,-0.001826314322595598,36
17.792,-0.0018689365725955984,36
17.794,-0.0019115588225955985,36
17.796,-0.001954181072595599,36
17.798,-0.0013201531725955983,36
17.8,-0.0009741657725955976,36
17.802,-0.0009726290725955987,36
17.804,-0.001491307672595598,36
17.806,-0.001491501272595598,36
17.808,-0.0014916948725955982,36
17.81,-0.0014918884725955983,36
17.812,-0.0014920820725955984,36
17.814,-0.0010002412725955978,36
17.816,-0.0009677769725956013,36
17.818,-0.0012394461725955955,36
17.82,-0.0013760713059289304,36
17.822,-0.0015126964392622652,36
17.824,-0.0016493215725955999,36
17.826,-0.0010742206725955995,36
17.828,-0.0009912509725955969,36
17.83,-0.0010945123725955956,36
17.832,-0.0012375440525955964,36
17.834,-0.0013805757325955972,36
17.836,-0.001523607412595598,36
17.838,-0.0016666390925955989,36
17.84,-0.0018096707725956,36
17.842,-0.0011628773725955999,36
17.844,-0.0009712254725955971,36
17.846,-0.0018134943725955993,36
17.848,-0.0018592837975955987,36
17.85,-0.0019050732225955984,36
17.852,-0.001950862647595598,36
17.854,-0.0019966520725955977,36
17.856,-0.0013331606725955987,36
17.858,-0.0009790541725955993,36
17.86,-0.0009832286725955965,36
17.862,-0.0015137289725956,36
17.864,-0.0015036526975956,36
17.866,-0.0014935764225956,36
17.868,-0.0014835001475955998,36
17.87,-0.0014734238725955997,36
17.872,-0.0009805182725955983,36
17.874,-0.0012584189725955983,36
17.876,-0.0013327976725955985,36
17.878,-0.0014071763725955985,36
17.88,-0.0014815550725955982,36
17.882,-0.001555933772595598,36
17.884,-0.001630312472595598,36
17.886,-0.0010721757725956002,36
17.888,-0.0010562279725956011,36
17.89,-0.0012527319725956004,36
17.892,-0.0014492359725955997,36
17.894,-0.001645739972595599,36
17.896,-0.001842243972595598,36
17.898,-0.0012005446725955968,36
17.9,-0.001088662022595598,36
17.902,-0.000976779372595599,36
17.904,-0.0009997451725955971,36
17.906,-0.0017923677725956,36
17.908,-0.0018475478059289327,36
17.91,-0.0019027278392622653,36
17.912,-0.0019579078725955983,36
17.914,-0.0013168014725955992,36
17.916,-0.0009618116725955971,36
17.918,-0.0009701364725955981,36
17.92,-0.0014828255725955976,36
17.922,-0.0013631232975955978,36
17.924,-0.001243421022595598,36
17.926,-0.001123718747595598,36
17.928,-0.001004016472595598,36
17.93,-0.0009801794725955992,36
17.932,-0.001245822872595597,36
17.934,-0.0013216632525955975,36
17.936,-0.001397503632595598,36
17.938,-0.0014733440125955983,36
17.94,-0.0015491843925955992,36
17.942,-0.0016250247725955996,36
17.944,-0.0010598942725955991,36
17.946,-0.0009700154725955992,36
17.948,-0.0010576920725955986,36
17.95,-0.0012530405225955987,36
17.952,-0.0014483889725955988,36
17.954,-0.0016437374225955989,36
17.956,-0.0018390858725955987,36
17.958,-0.0011979794725955999,36
17.96,-0.0009848137725955981,36
17.962,-0.0010033872725956003,36
17.964,-0.0013323217392622662,36
17.966,-0.001661256205928932,36
17.968,-0.0019901906725955983,36
17.97,-0.0016638778725955984,36
17.972,-0.0013375650725955983,36
17.974,-0.0009686118725955992,36
17.976,-0.0009812563725956,36
17.978,-0.001521932772595597,36
17.98,-0.0015160340225955976,36
17.982,-0.001510135272595598,36
17.984,-0.0015042365225955987,36
17.986,-0.0014983377725955992,36
17.988,-0.0009952197725956007,36
17.99,-0.0009549025725955965,36
17.992,-0.0012369777725955988,36
17.994,-0.0013407110725955989,36
17.996,-0.0014444443725955987,36
17.998,-0.0015481776725955988,36
18.0,-0.001651910972595599,37
18.002,-0.0010726113725955978,37
18.004,-0.000985721272595599,37
18.006,-0.0011014335725955983,37
18.008,-0.001343695739262265,37
18.01,-0.0015859579059289315,37
18.012,-0.001828220072595598,37
18.014,-0.0015030688725955988,37
18.016,-0.0011779176725955996,37
18.018,-0.0009786064725955982,37
18.02,-0.0017856280725955971,37
18.022,-0.0018863121725955976,37
18.024,-0.0019869962725955984,37
18.026,-0.0013070851725956005,37
18.028,-0.0011936839725955998,37
18.03,-0.0010802827725955992,37
18.032,-0.0009668815725955987,37
18.034,-0.0009851162725956,37
18.036,-0.0015138499725955972,37
18.038,-0.001503322972595598,37
18.04,-0.0014927959725955988,37
18.042,-0.0014822689725955997,37
18.044,-0.000992158472595598,37
18.046,-0.0012585399725955973,37
18.048,-0.0013272457892622644,37
18.05,-0.0013959516059289315,37
18.052,-0.0014646574225955983,37
18.054,-0.0015333632392622656,37
18.056,-0.0016020690559289327,37
18.058,-0.0016707748725955998,37
18.06,-0.0010943792725955984,37
18.062,-0.001085038072595596,37
18.064,-0.0012811034475955969,37
18.066,-0.0014771688225955976,37
18.068,-0.0016732341975955983,37
18.07,-0.0018692995725955992,37
18.072,-0.0012118460725955987,37
18.074,-0.0011032788225955985,37
18.076,-0.0009947115725955982,37
18.078,-0.0017982362725956003,37
18.08,-0.0016863445475956,37
18.082,-0.0015744528225955995,37
18.084,-0.0014625610975955992,37
18.086,-0.0013506693725955988,37
18.088,-0.001179865772595599,37
18.09,-0.001009062172595599,37
18.092,-0.0015275955725956008,37
18.094,-0.0015172718525956,37
18.096,-0.0015069481325955996,37
18.098,-0.0014966244125955992,37
18.1,-0.0014863006925955988,37
18.102,-0.001475976972595598,37
18.104,-0.0010069204725955995,37
18.106,-0.001261552872595599,37
18.108,-0.0012243114925955991,37
18.11,-0.0011870701125955992,37
18.112,-0.0011498287325955995,37
18.114,-0.0011125873525955996,37
18.116,-0.0010753459725955997,37
18.118,-0.0009782434725956,37
18.12,-0.0010276780225955988,37
18.122,-0.0010771125725955975,37
18.124,-0.001266656047595598,37
18.126,-0.0014561995225955988,37
18.128,-0.0016457429975955992,37
18.13,-0.0018352864725956,37
18.132,-0.0011928732725955994,37
18.134,-0.0009860237725955977,37
18.136,-0.0010076464725955955,37
18.138,-0.0018115704725955985,37
18.14,-0.001696372422595598,37
18.142,-0.001581174372595598,37
18.144,-0.0014659763225955975,37
18.146,-0.0013507782725955975,37
18.148,-0.000999648372595597,37
18.15,-0.000986568272595599,37
18.152,-0.0015149389725956,37
18.154,-0.0015090129975955996,37
18.156,-0.0015030870225955992,37
18.158,-0.0014971610475955988,37
18.16,-0.0014912350725955984,37
18.162,-0.0009687449725955984,37
18.164,-0.0012528045725955991,37
18.166,-0.0013300969525955988,37
18.168,-0.0014073893325955988,37
18.17,-0.0014846817125955987,37
18.172,-0.0015619740925955983,37
18.174,-0.0016392664725955984,37
18.176,-0.0010750192725955988,37
18.178,-0.0009724354725955987,37
18.18,-0.0010892851725955999,37
18.182,-0.0011132492225955993,37
18.184,-0.0011372132725955986,37
18.186,-0.001161177322595598,37
18.188,-0.0011851413725955974,37
18.19,-0.0009724233725955968,37
18.192,-0.0018230533725955983,37
18.194,-0.001721919152595598,37
18.196,-0.001620784932595598,37
18.198,-0.001519650712595598,37
18.2,-0.0014185164925955979,37
18.202,-0.0013173822725955975,37
18.204,-0.001001414972595597,37
18.206,-0.001262248622595598,37
18.208,-0.0015230822725955991,37
18.21,-0.0014240800725955991,37
18.212,-0.001325077872595599,37
18.214,-0.001226075672595599,37
18.216,-0.001127073472595599,37
18.218,-0.001028071272595599,37
18.22,-0.0009996967725955964,37
18.222,-0.0012786985725955977,37
18.224,-0.0013573558325955977,37
18.226,-0.0014360130925955975,37
18.228,-0.0015146703525955975,37
18.23,-0.0015933276125955976,37
18.232,-0.0016719848725955978,37
18.234,-0.0010894061725955986,37
18.236,-0.0009710318725955971,37
18.238,-0.0010774876725955992,37
18.24,-0.0011185026392622657,37
18.242,-0.001159517605928932,37
18.244,-0.0012005325725955984,37
18.246,-0.0010122444725956005,37
18.248,-0.0010621466011670288,37
18.25,-0.0011120487297384568,37
18.252,-0.001161950858309885,37
18.254,-0.0012118529868813137,37
18.256,-0.0012617551154527418,37
18.258,-0.00131165724402417,37
18.26,-0.0013615593725955985,37
18.262,-0.001175909072595598,37
18.264,-0.0009902587725955977,37
18.266,-0.001003036372595599,37
18.268,-0.0015365979725955985,37
18.27,-0.0014049257725955986,37
18.272,-0.0012732535725955988,37
18.274,-0.0011415813725955987,37
18.276,-0.001009909172595599,37
18.278,-0.0010057225725956,37
18.28,-0.0011578619225955985,37
18.282,-0.001310001272595597,37
18.284,-0.0012583191475955976,37
18.286,-0.001206637022595598,37
18.288,-0.0011549548975955987,37
18.29,-0.0011032727725955992,37
18.292,-0.0011112527225955989,37
18.294,-0.0011192326725955983,37
18.296,-0.0012958412475955988,37
18.298,-0.001472449822595599,37
18.3,-0.0016490583975955991,37
18.302,-0.0018256669725956,37
18.304,-0.0012098495725956,37
18.306,-0.0010020562725955964,37
18.308,-0.0017982120725955984,37
18.31,-0.0017079146125955984,37
18.312,-0.0016176171525955987,37
18.314,-0.0015273196925955988,37
18.316,-0.001437022232595599,37
18.318,-0.0013467247725955991,37
18.32,-0.0009917107725955984,37
18.322,-0.0009904402725955976,37
18.324,-0.000989169772595597,37
18.326,-0.0015050290725955977,37
18.328,-0.001499729272595598,37
18.33,-0.0014944294725955983,37
18.332,-0.0014891296725955986,37
18.334,-0.0014838298725955987,37
18.336,-0.000986035872595598,37
18.338,-0.0009644978725955981,37
18.34,-0.0012577534725955984,37
18.342,-0.0012116796975955983,37
18.344,-0.001165605922595598,37
18.346,-0.001119532147595598,37
18.348,-0.0010734583725955978,37
18.35,-0.0009835190725956,37
18.352,-0.001047830572595598,37
18.354,-0.001112142072595596,37
18.356,-0.0013440910059289303,37
18.358,-0.001576039939262264,37
18.36,-0.001807988872595598,37
18.362,-0.0014902428725955983,37
18.364,-0.0011724968725955983,37
18.366,-0.0009667363725955977,37
18.368,-0.0009984746725955965,37
18.37,-0.0018124174725956,37
18.372,-0.0016509147392622665,37
18.374,-0.0014894120059289328,37
18.376,-0.0013279092725955993,37
18.378,-0.0011599007725955996,37
18.38,-0.0009918922725956,37
18.382,-0.0015240139725955972,37
18.384,-0.0014246294125955972,37
18.386,-0.0013252448525955967,37
18.388,-0.001225860292595597,37
18.39,-0.0011264757325955966,37
18.392,-0.0010270911725955966,37
18.394,-0.0009958005725955975,37
18.396,-0.0011284770725955987,37
18.398,-0.0012611535725956004,37
18.4,-0.0013534523725956,37
18.402,-0.0014457511725955996,37
18.404,-0.0015380499725955992,37
18.406,-0.0016303487725955988,37
18.408,-0.0010725508725955984,37
18.41,-0.0009593916725955978,37
18.412,-0.0010549211725955979,37
18.414,-0.001089421297595598,37
18.416,-0.0011239214225955982,37
18.418,-0.0011584215475955984,37
18.42,-0.0011929216725955984,37
18.422,-0.0009701727725955985,37
18.424,-0.001015402572595598,37
18.426,-0.0014128815225955983,37
18.428,-0.0018103604725955983,37
18.43,-0.0018694084725955984,37
18.432,-0.0019284564725955988,37
18.434,-0.001987504472595599,37
18.436,-0.0009490703725955982,37
18.438,-0.000975932372595599,37
18.44,-0.001517855072595598,37
18.442,-0.0015059516975955986,37
18.444,-0.001494048322595599,37
18.446,-0.0014821449475955996,37
18.448,-0.0014702415725956,37
18.45,-0.0010002170725955971,37
18.452,-0.0010116965154527405,37
18.454,-0.0010231759583098836,37
18.456,-0.0010346554011670267,37
18.458,-0.0010461348440241696,37
18.46,-0.0010576142868813127,37
18.462,-0.0010690937297384556,37
18.464,-0.0010805731725955989,37
18.466,-0.0010254395225955991,37
18.468,-0.0009703058725955992,37
18.47,-0.0011825126475955993,37
18.472,-0.0013947194225955991,37
18.474,-0.001606926197595599,37
18.476,-0.0018191329725955989,37
18.478,-0.0015028268725955987,37
18.48,-0.0011865207725955983,37
18.482,-0.0009745287725955974,37
18.484,-0.0018122601725955969,37
18.486,-0.0018510830225955967,37
18.488,-0.0018899058725955968,37
18.49,-0.0019287287225955969,37
18.492,-0.0019675515725955973,37
18.494,-0.0013319143725955985,37
18.496,-0.0009889882725955983,37
18.498,-0.000995268172595598,37
18.5,-0.0015247278725955982,38
18.502,-0.0015120228725955982,38
18.504,-0.0014993178725955982,38
18.506,-0.0014866128725955982,38
18.508,-0.0014739078725955982,38
18.51,-0.0009790057725956,38
18.512,-0.0011168550225955987,38
18.514,-0.0012547042725955975,38
18.516,-0.001353788147595598,38
18.518,-0.001452872022595598,38
18.52,-0.0015519558975955984,38
18.522,-0.0016510397725955984,38
18.524,-0.0010708084725955993,38
18.526,-0.0012181477525955993,38
18.528,-0.0013654870325955995,38
18.53,-0.0015128263125955995,38
18.532,-0.0016601655925955997,38
18.534,-0.0018075048725956,38
18.536,-0.0011745296725955978,38
18.538,-0.0009874999725955971,38
18.54,-0.0012317051975955975,38
18.542,-0.0014759104225955978,38
18.544,-0.001720115647595598,38
18.546,-0.0019643208725955985,38
18.548,-0.0016408455225955989,38
18.55,-0.0013173701725955993,38
18.552,-0.0009780377725955997,38
18.554,-0.0009859269725955991,38
18.556,-0.0015153382725955969,38
18.558,-0.001387162972595597,38
18.56,-0.0012589876725955975,38
18.562,-0.001130812372595598,38
18.564,-0.0010026370725955986,38
18.566,-0.0009864654225955987,38
18.568,-0.0009702937725955992,38
18.57,-0.001244612872595599,38
18.572,-0.0013731713392622653,38
18.574,-0.0015017298059289315,38
18.576,-0.0016302882725955977,38
18.578,-0.0013402391725955984,38
18.58,-0.0010501900725955991,38
18.582,-0.0009438915725955965,38
18.584,-0.0010671421725955976,38
18.586,-0.0010846387725955984,38
18.588,-0.001102135372595599,38
18.59,-0.0011196319725955998,38
18.592,-0.0011371285725956003,38
18.594,-0.0010514605725955983,38
18.596,-0.000965792572595596,38
18.598,-0.0013695816725955972,38
18.6,-0.0017733707725955984,38
18.602,-0.0018271875392622651,38
18.604,-0.0018810043059289325,38
18.606,-0.0019348210725955997,38
18.608,-0.000948017672595598,38
18.61,-0.0009566691725955986,38
18.612,-0.0009653206725955993,38
18.614,-0.0014765698725955987,38
18.616,-0.001467718722595599,38
18.618,-0.0014588675725955992,38
18.62,-0.0014500164225955995,38
18.622,-0.0014411652725956,38
18.624,-0.0009607468725955984,38
18.626,-0.0010880328225955985,38
18.628,-0.0012153187725955983,38
18.63,-0.0013174427725955989,38
18.632,-0.0014195667725955992,38
18.634,-0.0015216907725955995,38
18.636,-0.0016238147725955998,38
18.638,-0.0009670025725956008,38
18.64,-0.0010728654725956008,38
18.642,-0.0012227796325956,38
18.644,-0.001372693792595599,38
18.646,-0.0015226079525955988,38
18.648,-0.001672522112595598,38
18.65,-0.0018224362725955971,38
18.652,-0.0009484048725955981,38
18.654,-0.0017872615725955975,38
18.656,-0.0016885207325955977,38
18.658,-0.0015897798925955976,38
18.66,-0.0014910390525955976,38
18.662,-0.0013922982125955975,38
18.664,-0.0012935573725955975,38
18.666,-0.0009273750725955971,38
18.668,-0.001001174701167026,38
18.67,-0.0010749743297384547,38
18.672,-0.0011487739583098831,38
18.674,-0.001222573586881312,38
18.676,-0.0012963732154527407,38
18.678,-0.0013701728440241691,38
18.68,-0.001443972472595598,38
18.682,-0.0009587382725955997,38
18.684,-0.0009395718725956002,38
18.686,-0.0009589851125955998,38
18.688,-0.000978398352595599,38
18.69,-0.0009978115925955984,38
18.692,-0.0010172248325955979,38
18.694,-0.0010366380725955972,38
18.696,-0.000936050772595596,38
18.698,-0.0010497060725955971,38
18.7,-0.0012264537975955978,38
18.702,-0.0014032015225955985,38
18.704,-0.0015799492475955992,38
18.706,-0.0017566969725955998,38
18.708,-0.0014472757725956,38
18.71,-0.0011378545725956,38
18.712,-0.0009424758725955981,38
18.714,-0.0017665342725955973,38
18.716,-0.0018293978059289312,38
18.718,-0.0018922613392622649,38
18.72,-0.001955124872595599,38
18.722,-0.0013173459725955988,38
18.724,-0.0011529311725955978,38
18.726,-0.0009885163725955968,38
18.728,-0.0009928965725955995,38
18.73,-0.0015129787725956002,38
18.732,-0.0015011631225956,38
18.734,-0.0014893474725956,38
18.736,-0.0014775318225956,38
18.738,-0.0014657161725955999,38
18.74,-0.0009642316725956,38
18.742,-0.0011082700725955994,38
18.744,-0.0012523084725955987,38
18.746,-0.0013791608392622655,38
18.748,-0.001506013205928933,38
18.75,-0.0016328655725956,38
18.752,-0.0013460895225955987,38
18.754,-0.0010593134725955973,38
18.756,-0.0009616664725955997,38
18.758,-0.0010856430725955967,38
18.76,-0.0013229563392622642,38
18.762,-0.0015602696059289316,38
18.764,-0.001797582872595599,38
18.766,-0.0014801575225955987,38
18.768,-0.0011627321725955987,38
18.77,-0.0009909484725956,38
18.772,-0.0017878302725955995,38
18.774,-0.0018306158725955996,38
18.776,-0.0018734014725955992,38
18.778,-0.0019161870725955988,38
18.78,-0.001958972672595599,38
18.782,-0.0012997767725955976,38
18.784,-0.0009650786725955968,38
18.786,-0.0009818371725955968,38
18.788,-0.0014938970725955972,38
18.79,-0.0013724372725955971,38
18.792,-0.0012509774725955975,38
18.794,-0.0011295176725955975,38
18.796,-0.001008057872595598,38
18.798,-0.0009939129725955983,38
18.8,-0.0009797680725955984,38
18.802,-0.0012624845725955972,38
18.804,-0.0013550888975955976,38
18.806,-0.001447693222595598,38
18.808,-0.0015402975475955984,38
18.81,-0.001632901872595599,38
18.812,-0.001073180072595598,38
18.814,-0.0009666032725955987,38
18.816,-0.0010609953725955988,38
18.818,-0.0010858759975955986,38
18.82,-0.0011107566225955984,38
18.822,-0.0011356372475955982,38
18.824,-0.001160517872595598,38
18.826,-0.0009418466725955986,38
18.828,-0.0009770697725955992,38
18.83,-0.0013844646725955992,38
18.832,-0.0017918595725955992,38
18.834,-0.0016266905392622656,38
18.836,-0.001461521505928932,38
18.838,-0.0012963524725955987,38
18.84,-0.0011222879225955985,38
18.842,-0.0009482233725955982,38
18.844,-0.0009617874725956002,38
18.846,-0.0014841686725956,38
18.848,-0.0014682299475955991,38
18.85,-0.0014522912225955987,38
18.852,-0.001436352497595598,38
18.854,-0.0014204137725955975,38
18.856,-0.0009595126725955964,38
18.858,-0.0011063703725955971,38
18.86,-0.0012532280725955983,38
18.862,-0.001339374022595598,38
18.864,-0.001425519972595598,38
18.866,-0.0015116659225955975,38
18.868,-0.0015978118725955975,38
18.87,-0.0010427122725955983,38
18.872,-0.0009727379725955992,38
18.874,-0.001026767497595599,38
18.876,-0.0010807970225955995,38
18.878,-0.0011348265475955995,38
18.88,-0.0011888560725956,38
18.882,-0.001101137122595598,38
18.884,-0.001013418172595596,38
18.886,-0.0017857853725955983,38
18.888,-0.0018226347125955985,38
18.89,-0.0018594840525955985,38
18.892,-0.001896333392595598,38
18.894,-0.0019331827325955976,38
18.896,-0.0019700320725955975,38
18.898,-0.0013084766725956,38
18.9,-0.0009613760725955977,38
18.902,-0.0014970793725956003,38
18.904,-0.0014900492725955995,38
18.906,-0.0014830191725955992,38
18.908,-0.0014759890725955988,38
18.91,-0.0014689589725955983,38
18.912,-0.0014619288725955977,38
18.914,-0.000993344272595597,38
18.916,-0.0009438068725956017,38
18.918,-0.001220884772595597,38
18.92,-0.0013248237725955975,38
18.922,-0.0014287627725955978,38
18.924,-0.0015327017725955982,38
18.926,-0.0016366407725955984,38
18.928,-0.0010582728725956007,38
18.93,-0.0009462026725955992,38
18.932,-0.0010466689725955984,38
18.934,-0.0012304044475955987,38
18.936,-0.001414139922595599,38
18.938,-0.0015978753975955991,38
18.94,-0.0017816108725955992,38
18.942,-0.0011606509725955987,38
18.944,-0.0009635177725955974,38
18.946,-0.0009822848725955999,38
18.948,-0.001768458172595598,38
18.95,-0.0016182044059289316,38
18.952,-0.0014679506392622649,38
18.954,-0.0013176968725955984,38
18.956,-0.0011571903725955983,38
18.958,-0.0009966838725955982,38
18.96,-0.0014857537725955995,38
18.962,-0.0014755625475955992,38
18.964,-0.0014653713225955987,38
18.966,-0.001455180097595598,38
18.968,-0.0014449888725955977,38
18.97,-0.0009961272725956,38
18.972,-0.0009907064725955999,38
18.974,-0.0009852856725955997,38
18.976,-0.0012488236725956003,38
18.978,-0.0013820124059289336,38
18.98,-0.0015152011392622667,38
18.982,-0.0016483898725956,38
18.984,-0.0010835618725956,38
18.986,-0.0009751216725955997,38
18.988,-0.0010645648725955967,38
18.99,-0.0012124849525955972,38
18.992,-0.0013604050325955975,38
18.994,-0.001508325112595598,38
18.996,-0.0016562451925955983,38
18.998,-0.0018041652725955988,38
19.0,-0.0011866538725955993,39
19.002,-0.0009625134725955997,39
19.004,-0.000980167372595597,39
19.006,-0.0017783801725955988,39
19.008,-0.0018332496392622656,39
19.01,-0.001888119105928932,39
19.012,-0.0019429885725955993,39
19.014,-0.001287713072595599,39
19.016,-0.0009513814725955955,39
19.018,-0.0014917190725955967,39
19.02,-0.0014746500059289308,39
19.022,-0.0014575809392622643,39
19.024,-0.0014405118725955984,39
19.026,-0.0009835674725955992,39
19.028,-0.0009738269725956017,39
19.03,-0.0012563861725955992,39
19.032,-0.001345541997595599,39
19.034,-0.0014346978225955988,39
19.036,-0.0015238536475955986,39
19.038,-0.0016130094725955984,39
19.04,-0.0013425260725955987,39
19.042,-0.0010720426725955995,39
19.044,-0.0010275933225955996,39
19.046,-0.0009831439725956,39
19.048,-0.0010716796725955995,39
19.05,-0.0012587517225955995,39
19.052,-0.0014458237725955992,39
19.054,-0.0016328958225955987,39
19.056,-0.0018199678725955985,39
19.058,-0.0011875734725955971,39
19.06,-0.0009922310725955976,39
19.062,-0.0010020078725955991,39
19.064,-0.0013293935392622656,39
19.066,-0.001656779205928932,39
19.068,-0.0019841648725955983,39
19.07,-0.0016490432725955971,39
19.072,-0.0013139216725955964,39
19.074,-0.0009770818725955976,39
19.076,-0.0009870280725956004,39
19.078,-0.0014767392725955984,39
19.08,-0.0014700641059289313,39
19.082,-0.001463388939262264,39
19.084,-0.0014567137725955968,39
19.086,-0.0009927392725956,39
19.088,-0.0009727379725956,39
19.09,-0.0009527366725956,39
19.092,-0.0011810193059289327,39
19.094,-0.0014093019392622656,39
19.096,-0.0016375845725955986,39
19.098,-0.0013453937725955989,39
19.1,-0.0010532029725955992,39
19.102,-0.001002800422595599,39
19.104,-0.0009523978725955988,39
19.106,-0.0010739423725956015,39
19.108,-0.0012584673725956007,39
19.11,-0.0014429923725956,39
19.112,-0.001627517372595599,39
19.114,-0.0018120423725955985,39
19.116,-0.0011776151725955992,39
19.118,-0.0009699670725955984,39
19.12,-0.0017800257725955997,39
19.122,-0.0018222214975955997,39
19.124,-0.0018644172225955992,39
19.126,-0.0019066129475955992,39
19.128,-0.0019488086725955988,39
19.13,-0.0009647761725955998,39
19.132,-0.0009829745725955968,39
19.134,-0.0014972971725955991,39
19.136,-0.001489778232595599,39
19.138,-0.0014822592925955989,39
19.14,-0.0014747403525955983,39
19.142,-0.0014672214125955984,39
19.144,-0.0014597024725955983,39
19.146,-0.000994699472595598,39
19.148,-0.0012448669725955983,39
19.15,-0.0013247511725955987,39
19.152,-0.0014046353725955987,39
19.154,-0.0014845195725955989,39
19.156,-0.0015644037725955988,39
19.158,-0.001644287972595599,39
19.16,-0.0010937137725956,39
19.162,-0.000993816172595599,39
19.164,-0.0010813112725956003,39
19.166,-0.0012668587225955995,39
19.168,-0.001452406172595599,39
19.17,-0.0016379536225955985,39
19.172,-0.0018235010725955977,39
19.174,-0.000978836372595597,39
19.176,-0.0009880505225955975,39
19.178,-0.0009972646725955985,39
19.18,-0.0012397063225955984,39
19.182,-0.0014821479725955983,39
19.184,-0.0017245896225955982,39
19.186,-0.001967031272595598,39
19.188,-0.0013342738725956003,39
19.19,-0.0009898594725955988,39
19.192,-0.0009998661725955998,39
19.194,-0.0015057671725955974,39
19.196,-0.0014972880975955977,39
19.198,-0.001488809022595598,39
19.2,-0.001480329947595598,39
19.202,-0.0014718508725955985,39
19.204,-0.0010253971725955966,39
19.206,-0.0010116999725955991,39
19.208,-0.0012720435725955999,39
19.21,-0.0013629387725955996,39
19.212,-0.0014538339725955994,39
19.214,-0.0015447291725955992,39
19.216,-0.0016356243725955987,39
19.218,-0.0010754427725955995,39
19.22,-0.0010853042725955976,39
19.222,-0.001234238332595598,39
19.224,-0.001383172392595598,39
19.226,-0.0015321064525955987,39
19.228,-0.0016810405125955987,39
19.23,-0.0018299745725955992,39
19.232,-0.0011970598725955983,39
19.234,-0.0009872579725955996,39
19.236,-0.0010183912725955993,39
19.238,-0.0015012115225955993,39
19.24,-0.0019840317725955993,39
19.242,-0.0017688857059289323,39
19.244,-0.0015537396392622655,39
19.246,-0.0013385935725955984,39
19.248,-0.0009752184725955997,39
19.25,-0.0009754483725955969,39
19.252,-0.0015091551725955974,39
19.254,-0.0015063207475955976,39
19.256,-0.0015034863225955979,39
19.258,-0.001500651897595598,39
19.26,-0.0014978174725955983,39
19.262,-0.0010160196725955987,39
19.264,-0.0012657999725955993,39
19.266,-0.0012243574725955995,39
19.268,-0.0011829149725955995,39
19.27,-0.0011414724725956,39
19.272,-0.0011000299725956,39
19.274,-0.0009921705725955982,39
19.276,-0.001028369739262266,39
19.278,-0.0010645689059289335,39
19.28,-0.0011007680725956016,39
19.282,-0.0012827127475956007,39
19.284,-0.0014646574225956003,39
19.286,-0.0016466020975955996,39
19.288,-0.0018285467725955987,39
19.29,-0.0012023475725956004,39
19.292,-0.0017987928725955987,39
19.294,-0.0018329923125955984,39
19.296,-0.0018671917525955987,39
19.298,-0.0019013911925955984,39
19.3,-0.0019355906325955988,39
19.302,-0.0019697900725955987,39
19.304,-0.0010280833725955993,39
19.306,-0.0012705129225955994,39
19.308,-0.0015129424725955996,39
19.31,-0.0015098739125955995,39
19.312,-0.0015068053525955996,39
19.314,-0.0015037367925955995,39
19.316,-0.0015006682325955996,39
19.318,-0.0014975996725955995,39
19.32,-0.0010402438725955997,39
19.322,-0.0010198553725956003,39
19.324,-0.0012577413725956,39
19.326,-0.0013590213975955994,39
19.328,-0.0014603014225955987,39
19.33,-0.0015615814475955984,39
19.332,-0.001662861472595598,39
19.334,-0.0010953835725955976,39
19.336,-0.0011142817559289316,39
19.338,-0.0011331799392622656,39
19.34,-0.0011520781225955994,39
19.342,-0.0011709763059289332,39
19.344,-0.0011898744892622673,39
19.346,-0.001208772672595601,39
19.348,-0.0011097523225955998,39
19.35,-0.0010107319725955986,39
19.352,-0.0014024876225955992,39
19.354,-0.0017942432725955996,39
19.356,-0.0018735224725955988,39
19.358,-0.0019528016725955976,39
19.36,-0.0013273526725955994,39
19.362,-0.0009996120725956,39
19.364,-0.0010211621725955966,39
19.366,-0.0012767565225955983,39
19.368,-0.0015323508725956,39
19.37,-0.0015228674975955995,39
19.372,-0.001513384122595599,39
19.374,-0.0015039007475955983,39
19.376,-0.001494417372595598,39
19.378,-0.0010302855725956,39
19.38,-0.001002782272595596,39
19.382,-0.0012751532725955965,39
19.384,-0.0012056901975955967,39
19.386,-0.0011362271225955967,39
19.388,-0.0010667640475955972,39
19.39,-0.0009973009725955972,39
19.392,-0.0010319271392622642,39
19.394,-0.001066553305928931,39
19.396,-0.001101179472595598,39
19.398,-0.0011358056392622648,39
19.4,-0.0011704318059289317,39
19.402,-0.0012050579725955985,39
19.404,-0.0009933563725955975,39
19.406,-0.0013876167225955983,39
19.408,-0.001781877072595599,39
19.41,-0.0018256699975955988,39
19.412,-0.0018694629225955983,39
19.414,-0.0019132558475955983,39
19.416,-0.001957048772595598,39
19.418,-0.0013420299725955991,39
19.42,-0.0009992248725955982,39
19.422,-0.0010067994725955973,39
19.424,-0.0011622038059289307,39
19.426,-0.0013176081392622639,39
19.428,-0.001473012472595597,39
19.43,-0.0010087717725955972,39
19.432,-0.0009894299225955987,39
19.434,-0.0009700880725956003,39
19.436,-0.0012381756725955984,39
19.438,-0.0013178251325955982,39
19.44,-0.001397474592595598,39
19.442,-0.0014771240525955982,39
19.444,-0.001556773512595598,39
19.446,-0.001636422972595598,39
19.448,-0.0010999815725955975,39
19.45,-0.001004802972595597,39
19.452,-0.0010976220725955992,39
19.454,-0.0012711481725955988,39
19.456,-0.0014446742725955988,39
19.458,-0.0016182003725955987,39
19.46,-0.0017917264725955985,39
19.462,-0.0009864230725955983,39
19.464,-0.0010080336725955992,39
19.466,-0.0017919563725955993,39
19.468,-0.0018369018225955992,39
19.47,-0.0018818472725955987,39
19.472,-0.0019267927225955985,39
19.474,-0.001971738172595598,39
19.476,-0.0013408562725956003,39
19.478,-0.0009969500725955998,39
19.48,-0.001484580072595599,39
19.482,-0.0014846333125955989,39
19.484,-0.0014846865525955989,39
19.486,-0.0014847397925955986,39
19.488,-0.0014847930325955986,39
19.49,-0.0014848462725955986,39
19.492,-0.0010226504725955995,39
19.494,-0.0012270194725956009,39
19.496,-0.0013311520725956,39
19.498,-0.0014352846725955992,39
19.5,-0.0015394172725955984,40
19.502,-0.0016435498725955976,40
19.504,-0.0013651409725955975,40
19.506,-0.001086732072595598,40
19.508,-0.0009818250725955983,40
19.51,-0.0010629797725956007,40
19.512,-0.0012527289475956,40
19.514,-0.0014424781225955991,40
19.516,-0.0016322272975955983,40
19.518,-0.001821976472595597,40
19.52,-0.0012085306725956,40
19.522,-0.0009742020725955984,40
19.524,-0.0018009950725955991,40
19.526,-0.0018666779059289323,40
19.528,-0.0019323607392622657,40
19.53,-0.001998043572595599,40
19.532,-0.001363701072595598,40
19.534,-0.000995510172595599,40
19.536,-0.0010029516725955992,40
19.538,-0.001006428405928932,40
19.54,-0.001009905139262265,40
19.542,-0.001013381872595598,40
19.544,-0.0010168586059289308,40
19.546,-0.001020335339262264,40
19.548,-0.0010238120725955969,40
19.55,-0.0010031694725955971,40
19.552,-0.0009825268725955974,40
19.554,-0.001330286922595598,40
19.556,-0.0016780469725955983,40
19.558,-0.0014871533392622647,40
19.56,-0.0012962597059289315,40
19.562,-0.001105366072595598,40
19.564,-0.0009850436725955967,40
19.566,-0.001128430689262264,40
19.568,-0.0012718177059289312,40
19.57,-0.0014152047225955984,40
19.572,-0.0015585917392622656,40
19.574,-0.0017019787559289328,40
19.576,-0.0018453657725956,40
19.578,-0.0010302855725955982,40
19.58,-0.0014106006725955987,40
19.582,-0.0017909157725955992,40
19.584,-0.0016798589475955983,40
19.586,-0.001568802122595598,40
19.588,-0.0014577452975955971,40
19.59,-0.0013466884725955967,40
19.592,-0.0011671607725955973,40
19.594,-0.0009876330725955978,40
19.596,-0.0009898231725955983,40
19.598,-0.001487726072595598,40
19.6,-0.0014934160975955983,40
19.602,-0.0014991061225955987,40
19.604,-0.001504796147595599,40
19.606,-0.0015104861725955992,40
19.608,-0.0010267160725955984,40
19.61,-0.0009931748725955994,40
19.612,-0.0012469481725955987,40
19.614,-0.001458141572595598,40
19.616,-0.0016693349725955976,40
19.618,-0.0013736593725955986,40
19.62,-0.0010779837725955995,40
19.622,-0.0010239572725955987,40
19.624,-0.0009699307725955976,40
19.626,-0.0010617576725955973,40
19.628,-0.0012538239975955975,40
19.63,-0.0014458903225955978,40
19.632,-0.001637956647595598,40
19.634,-0.0018300229725955984,40
19.636,-0.0011970961725956007,40
19.638,-0.000981111172595599,40
19.64,-0.0009922189725955972,40
19.642,-0.001767853172595597,40
19.644,-0.0018412235392622643,40
19.646,-0.001914593905928932,40
19.648,-0.001987964272595599,40
19.65,-0.0009989465725956,40
19.652,-0.0012543473225955998,40
19.654,-0.0015097480725955997,40
19.656,-0.0014101263525955997,40
19.658,-0.0013105046325955997,40
19.66,-0.0012108829125955995,40
19.662,-0.0011112611925955995,40
19.664,-0.0010116394725955995,40
19.666,-0.000967462372595599,40
19.668,-0.0011043496725955987,40
19.67,-0.0012412369725955988,40
19.672,-0.0013781242725955988,40
19.674,-0.001515011572595599,40
19.676,-0.0016518988725955988,40
19.678,-0.0013266448225955991,40
19.68,-0.0010013907725956,40
19.682,-0.0011404601059289332,40
19.684,-0.0012795294392622663,40
19.686,-0.0014185987725955996,40
19.688,-0.0015576681059289326,40
19.69,-0.001696737439262266,40
19.692,-0.0018358067725955992,40
19.694,-0.0009759928725955984,40
19.696,-0.0009809175725955972,40
19.698,-0.001773673272595597,40
19.7,-0.0018219673975955971,40
19.702,-0.0018702615225955977,40
19.704,-0.0019185556475955975,40
19.706,-0.0019668497725955983,40
19.708,-0.0009950140725955986,40
19.71,-0.001012534872595599,40
19.712,-0.0015063600725955997,40
19.714,-0.001514148439262266,40
19.716,-0.001521936805928932,40
19.718,-0.0015297251725955984,40
19.72,-0.001363471172595598,40
19.722,-0.0011972171725955973,40
19.724,-0.0010309631725955969,40
19.726,-0.001164958572595597,40
19.728,-0.0012989539725955968,40
19.73,-0.0014329493725955972,40
19.732,-0.0015669447725955971,40
19.734,-0.0017009401725955973,40
19.736,-0.001403455622595598,40
19.738,-0.0011059710725955987,40
19.74,-0.0010723209725955994,40
19.742,-0.0012688884975955994,40
19.744,-0.0014654560225955994,40
19.746,-0.0016620235475955992,40
19.748,-0.0018585910725955996,40
19.75,-0.0015292653725955975,40
19.752,-0.001199939672595596,40
19.754,-0.0009682972725955987,40
19.756,-0.0009924367725956014,40
19.758,-0.0017615611725955993,40
19.76,-0.0018353994059289323,40
19.762,-0.0019092376392622656,40
19.764,-0.001983075872595599,40
19.766,-0.001326420972595596,40
19.768,-0.0009604080725955991,40
19.77,-0.0009748151392622658,40
19.772,-0.0009892222059289326,40
19.774,-0.0010036292725955995,40
19.776,-0.0009839667725955981,40
19.778,-0.0012458470725955975,40
19.78,-0.001448110672595598,40
19.782,-0.0016503742725955985,40
19.784,-0.0013670043725955983,40
19.786,-0.001083634472595598,40
19.788,-0.000981958172595599,40
19.79,-0.0010030121725955994,40
19.792,-0.0010240661725955998,40
19.794,-0.0010451201725956002,40
19.796,-0.0010661741725956006,40
19.798,-0.0010917192892622664,40
19.8,-0.0011172644059289324,40
19.802,-0.0011428095225955984,40
19.804,-0.0011683546392622644,40
19.806,-0.0011938997559289303,40
19.808,-0.0012194448725955963,40
19.81,-0.0009940581725956,40
19.812,-0.001744984172595599,40
19.814,-0.0016175066392622648,40
19.816,-0.0014900291059289303,40
19.818,-0.001362551572595596,40
19.82,-0.0012411885725955966,40
19.822,-0.001119825572595597,40
19.824,-0.000998462572595598,40
19.826,-0.0009909847725955987,40
19.828,-0.0009835069725955999,40
19.83,-0.0014546204725955983,40
19.832,-0.0013096705392622644,40
19.834,-0.0011647206059289307,40
19.836,-0.0010197706725955968,40
19.838,-0.0009890124725955988,40
19.84,-0.0012233168725955983,40
19.842,-0.0013018055392622651,40
19.844,-0.001380294205928932,40
19.846,-0.0014587828725955987,40
19.848,-0.0015372715392622655,40
19.85,-0.0016157602059289323,40
19.852,-0.0016942488725955988,40
19.854,-0.0010862117725955987,40
19.856,-0.0009699428725955997,40
19.858,-0.0011504192125955995,40
19.86,-0.0013308955525955992,40
19.862,-0.0015113718925955995,40
19.864,-0.0016918482325955992,40
19.866,-0.0018723245725955993,40
19.868,-0.0012083612725955987,40
19.87,-0.0017629526725955972,40
19.872,-0.001821976472595597,40
19.874,-0.0018810002725955976,40
19.876,-0.001940024072595598,40
19.878,-0.0019990478725955985,40
19.88,-0.0016689659225955983,40
19.882,-0.0013388839725955984,40
19.884,-0.0009826720725955983,40
19.886,-0.0009816919725955976,40
19.888,-0.0014634776725955985,40
19.89,-0.0013531135725955983,40
19.892,-0.0012427494725955983,40
19.894,-0.0011323853725955983,40
19.896,-0.0010220212725955983,40
19.898,-0.0010044097225955983,40
19.9,-0.000986798172595598,40
19.902,-0.0012338075725955991,40
19.904,-0.0012038751975955988,40
19.906,-0.0011739428225955983,40
19.908,-0.0011440104475955975,40
19.91,-0.0011140780725955972,40
19.912,-0.001057752572595598,40
19.914,-0.0010014270725955988,40
19.916,-0.0010437141525955992,40
19.918,-0.001086001232595599,40
19.92,-0.0011282883125955997,40
19.922,-0.0011705753925955996,40
19.924,-0.0012128624725956,40
19.926,-0.0009740689725955976,40
19.928,-0.0009832952225955977,40
19.93,-0.0009925214725955975,40
19.932,-0.0017450930725955976,40
19.934,-0.0018286758392622644,40
19.936,-0.0019122586059289316,40
19.938,-0.0019958413725955984,40
19.94,-0.0013522786725955992,40
19.942,-0.0009846080725955978,40
19.944,-0.0009879355725955982,40
19.946,-0.001463271972595598,40
19.948,-0.0014735357975955983,40
19.95,-0.0014837996225955984,40
19.952,-0.0014940634475955985,40
19.954,-0.0015043272725955986,40
19.956,-0.0010247921725955976,40
19.958,-0.0009867013725955998,40
19.96,-0.0012214897725955978,40
19.962,-0.0013411708725955978,40
19.964,-0.0014608519725955976,40
19.966,-0.0015805330725955976,40
19.968,-0.0017002141725955976,40
19.97,-0.0011132310725955987,40
19.972,-0.0009888672725955998,40
19.974,-0.001074450572595597,40
19.976,-0.0013428245392622638,40
19.978,-0.0016111985059289304,40
19.98,-0.0018795724725955971,40
19.982,-0.0014250783225955976,40
19.984,-0.0009705841725955976,40
19.986,-0.0009827386225955967,40
19.988,-0.0009948930725955966,40
19.99,-0.0017576649725955986,40
19.992,-0.0016547060725955987,40
19.994,-0.0015517471725955993,40
19.996,-0.0014487882725955996,40
19.998,-0.0013458293725956,40
20.0,-0.0009623924725955975,41
20.002,-0.0014396769725955967,41
20.004,-0.0014536694125955971,41
20.006,-0.001467661852595598,41
20.008,-0.0014816542925955984,41
20.01,-0.0014956467325955988,41
20.012,-0.0015096391725955992,41
20.014,-0.0010151363725955963,41
20.016,-0.0012336502725955982,41
20.018,-0.0013832304725955983,41
20.02,-0.0015328106725955987,41
20.022,-0.0016823908725955988,41
20.024,-0.0011078102725955996,41
20.026,-0.001011978272595599,41
20.028,-0.0010835739725955987,41
20.03,-0.0012155869892622653,41
20.032,-0.0013476000059289318,41
20.034,-0.0014796130225955984,41
20.036,-0.0016116260392622648,41
20.038,-0.0017436390559289316,41
20.04,-0.001875652072595598,41
20.042,-0.0012343278725955968,41
20.044,-0.0010072592725955988,41
20.046,-0.001022130172595597,41
20.048,-0.0017722938725955992,41
20.05,-0.0015778922475955988,41
20.052,-0.0013834906225955984,41
20.054,-0.001189088997595598,41
20.056,-0.0009946873725955976,41
20.058,-0.000996768572595598,41
20.06,-0.0012296330725955979,41
20.062,-0.0014624975725955976,41
20.064,-0.0014821116725955976,41
20.066,-0.0015017257725955975,41
20.068,-0.0015213398725955971,41
20.07,-0.0015409539725955972,41
20.072,-0.0010370615725956,41
20.074,-0.0010073318725956,41
20.076,-0.0012365421725955975,41
20.078,-0.0011752949975955985,41
20.08,-0.0011140478225955992,41
20.082,-0.0010528006475956,41
20.084,-0.0009915534725956007,41
20.086,-0.0010666339725955987,41
20.088,-0.0012280866925955987,41
20.09,-0.0013895394125955987,41
20.092,-0.0015509921325955987,41
20.094,-0.0017124448525955988,41
20.096,-0.0018738975725955988,41
20.098,-0.0009834101725955998,41
20.1,-0.0010202546725955987,41
20.102,-0.0013948283225955983,41
20.104,-0.001769401972595598,41
20.106,-0.0015171411725955982,41
20.108,-0.0012648803725955984,41
20.11,-0.0010126195725955987,41
20.112,-0.0009974461725955966,41
20.114,-0.0012373347225955967,41
20.116,-0.0014772232725955969,41
20.118,-0.0014942092525955975,41
20.12,-0.0015111952325955978,41
20.122,-0.0015281812125955984,41
20.124,-0.0015451671925955988,41
20.126,-0.0015621531725955994,41
20.128,-0.0010140231725956003,41
20.13,-0.0012530949725955975,41
20.132,-0.0013767267225955975,41
20.134,-0.0015003584725955975,41
20.136,-0.0016239902225955974,41
20.138,-0.0017476219725955971,41
20.14,-0.001446368272595598,41
20.142,-0.0011451145725955984,41
20.144,-0.0010204603725955975,41
20.146,-0.0010912574725955996,41
20.148,-0.0010645467225955992,41
20.15,-0.0010378359725955986,41
20.152,-0.001011125222595598,41
20.154,-0.0009844144725955975,41
20.156,-0.000993408805928931,41
20.158,-0.0010024031392622647,41
20.16,-0.0010113974725955988,41
20.162,-0.0010859383125955983,41
20.164,-0.0011604791525955983,41
20.166,-0.001235019992595598,41
20.168,-0.001309560832595598,41
20.17,-0.0013841016725955977,41
20.172,-0.000998656172595598,41
20.174,-0.0009986803725955983,41
20.176,-0.0014439845725955963,41
20.178,-0.0014659622059289303,41
20.18,-0.0014879398392622638,41
20.182,-0.0015099174725955976,41
20.184,-0.001275703822595598,41
20.186,-0.0010414901725955984,41
20.188,-0.0010026491725955988,41
20.19,-0.0011394638725955987,41
20.192,-0.0012762785725955988,41
20.194,-0.001413093272595599,41
20.196,-0.0015499079725955988,41
20.198,-0.0016867226725955989,41
20.2,-0.0011177322725955986,41
20.202,-0.0010056015725955975,41
20.204,-0.0010787823725956003,41
20.206,-0.0012815692975955998,41
20.208,-0.0014843562225955991,41
20.21,-0.0016871431475955984,41
20.212,-0.0018899300725955977,41
20.214,-0.0012688733725956004,41
20.216,-0.0010257722725955964,41
20.218,-0.001042228272595598,41
20.22,-0.0017615127725956,41
20.222,-0.001641061305928933,41
20.224,-0.0015206098392622658,41
20.226,-0.0014001583725955988,41
20.228,-0.0012092506225955984,41
20.23,-0.0010183428725955984,41
20.232,-0.0010189720725955996,41
20.234,-0.0014545720725955972,41
20.236,-0.001476575922595598,41
20.238,-0.0014985797725955985,41
20.24,-0.001520583622595599,41
20.242,-0.0015425874725955996,41
20.244,-0.0010393605725955988,41
20.246,-0.0010089290725955984,41
20.248,-0.0012368204725955977,41
20.25,-0.0013898411059289316,41
20.252,-0.0015428617392622655,41
20.254,-0.0016958823725955995,41
20.256,-0.0011121904725956003,41
20.258,-0.0010944337225956002,41
20.26,-0.0010766769725956,41
20.262,-0.0012384370325955996,41
20.264,-0.0014001970925955995,41
20.266,-0.0015619571525955992,41
20.268,-0.0017237172125955992,41
20.27,-0.0018854772725955989,41
20.272,-0.001242338072595597,41
20.274,-0.0010046335725955988,41
20.276,-0.0010303097725955987,41
20.278,-0.0017638722725956003,41
20.28,-0.0015756234975955997,41
20.282,-0.001387374722595599,41
20.284,-0.0011991259475955984,41
20.286,-0.0010108771725955978,41
20.288,-0.0012325975725955987,41
20.29,-0.0014543179725955997,41
20.292,-0.0014788083725955996,41
20.294,-0.0015032987725955996,41
20.296,-0.0015277891725955996,41
20.298,-0.0015522795725955996,41
20.3,-0.0010576436725955975,41
20.302,-0.0010081425725955995,41
20.304,-0.0011259340559289328,41
20.306,-0.001243725539262266,41
20.308,-0.0013615170225955995,41
20.31,-0.0014793085059289328,41
20.312,-0.001597099989262266,41
20.314,-0.0017148914725955994,41
20.316,-0.0011322038725956,41
20.318,-0.0010107440725955971,41
20.32,-0.0010677955725955993,41
20.322,-0.0013382305725955991,41
20.324,-0.0016086655725955994,41
20.326,-0.0018791005725955993,41
20.328,-0.0014435126725955982,41
20.33,-0.0010079247725955972,41
20.332,-0.0017533210725955983,41
20.334,-0.0016929682892622647,41
20.336,-0.0016326155059289311,41
20.338,-0.0015722627225955976,41
20.34,-0.001511909939262264,41
20.342,-0.0014515571559289304,41
20.344,-0.0013912043725955968,41
20.346,-0.0010126437725955992,41
20.348,-0.001459024872595598,41
20.35,-0.001477426552595598,41
20.352,-0.0014958282325955984,41
20.354,-0.0015142299125955987,41
20.356,-0.001532631592595599,41
20.358,-0.0015510332725955991,41
20.36,-0.0010746320725955986,41
20.362,-0.001032306272595599,41
20.364,-0.0011735495725955993,41
20.366,-0.0013147928725955993,41
20.368,-0.0014560361725955995,41
20.37,-0.0015972794725955994,41
20.372,-0.0017385227725955996,41
20.374,-0.001154915572595597,41
20.376,-0.0010206055725955968,41
20.378,-0.0010832109725955987,41
20.38,-0.0012861279725955989,41
20.382,-0.0014890449725955988,41
20.384,-0.0016919619725955987,41
20.386,-0.0018948789725955985,41
20.388,-0.0012549099725955996,41
20.39,-0.0009999024725955968,41
20.392,-0.0010255544725955995,41
20.394,-0.0017400352725955995,41
20.396,-0.0016388268392622655,41
20.398,-0.0015376184059289315,41
20.4,-0.0014364099725955974,41
20.402,-0.0012377279725955988,41
20.404,-0.0010390459725956,41
20.406,-0.0010217308725955984,41
20.408,-0.0014593394725955983,41
20.41,-0.0014846677975955984,41
20.412,-0.001509996122595598,41
20.414,-0.001535324447595598,41
20.416,-0.0015606527725955976,41
20.418,-0.0010142046725955985,41
20.42,-0.0012067277725955996,41
20.422,-0.0013125301725955996,41
20.424,-0.0014183325725955994,41
20.426,-0.001524134972595599,41
20.428,-0.0016299373725955988,41
20.43,-0.0017357397725955986,41
20.432,-0.001132566872595598,41
20.434,-0.0010758662725955971,41
20.436,-0.0011116435525955978,41
20.438,-0.0011474208325955985,41
20.44,-0.0011831981125955987,41
20.442,-0.0012189753925955997,41
20.444,-0.0012547526725956003,41
20.446,-0.0011397724225955988,41
20.448,-0.0010247921725955976,41
20.45,-0.0017545915725955992,41
20.452,-0.001684019532595599,41
20.454,-0.0016134474925955987,41
20.456,-0.0015428754525955983,41
20.458,-0.0014723034125955984,41
20.46,-0.0014017313725955983,41
20.462,-0.0010202425725955987,41
20.464,-0.0010055652725955988,41
20.466,-0.001449151272595598,41
20.468,-0.0013639007225955983,41
20.47,-0.0012786501725955985,41
20.472,-0.0011933996225955987,41
20.474,-0.0011081490725955987,41
20.476,-0.001078219722595598,41
20.478,-0.001048290372595597,41
20.48,-0.001229366872595599,41
20.482,-0.0012145746225955992,41
20.484,-0.0011997823725955993,41
20.486,-0.0011849901225955992,41
20.488,-0.0011701978725955995,41
20.49,-0.0010167335725955982,41
20.492,-0.0011656704559289317,41
20.494,-0.0013146073392622652,41
20.496,-0.0014635442225955989,41
20.498,-0.0016124811059289323,41
20.5,-0.001761417989262266,42
20.502,-0.0019103548725955997,42
20.504,-0.0012492592725955997,42
20.506,-0.0009912267725955982,42
20.508,-0.0010028064725955963,42
20.51,-0.001096729697595597,42
20.512,-0.0011906529225955975,42
20.514,-0.001284576147595598,42
20.516,-0.0013784993725955983,42
20.518,-0.0010150516725955967,42
20.52,-0.0012296451725955972,42
20.522,-0.0014442386725955975,42
20.524,-0.0014633506225955979,42
20.526,-0.001482462572595598,42
20.528,-0.001501574522595598,42
20.53,-0.0015206864725955983,42
20.532,-0.0009943969725955991,42
20.534,-0.001176804472595598,42
20.536,-0.001284371052595598,42
20.538,-0.001391937632595598,42
20.54,-0.0014995042125955983,42
20.542,-0.0016070707925955983,42
20.544,-0.0017146373725955982,42
20.546,-0.001124326772595597,42
20.548,-0.0010100422725955996,42
20.55,-0.001058418072595598,42
20.552,-0.0019826039725956007,42
20.554,-0.0019396489725956,42
20.556,-0.0018966939725955992,42
20.558,-0.0014475419725955988,42
20.56,-0.0009983899725955984,42
20.562,-0.0013502761225955996,42
20.564,-0.0017021622725956007,42
20.566,-0.0016476372525956004,42
20.568,-0.0015931122325956,42
20.57,-0.0015385872125955997,42
20.572,-0.0014840621925955992,42
20.574,-0.001429537172595599,42
20.576,-0.0010305759725956,42
20.578,-0.0014280851725955983,42
20.58,-0.0014570961325955983,42
20.582,-0.0014861070925955987,42
20.584,-0.0015151180525955986,42
20.586,-0.0015441290125955988,42
20.588,-0.0015731399725955988,42
20.59,-0.0010610195725955975,42
20.592,-0.0012007261725955967,42
20.594,-0.0013166538525955969,42
20.596,-0.001432581532595597,42
20.598,-0.0015485092125955967,42
20.6,-0.001664436892595597,42
20.602,-0.0017803645725955972,42
20.604,-0.0010129946725956004,42
20.606,-0.001068654672595596,42
20.608,-0.0012394340725955966,42
20.61,-0.0014102134725955972,42
20.612,-0.0015809928725955976,42
20.614,-0.001751772272595598,42
20.616,-0.0019225516725955988,42
20.618,-0.0012606090725955973,42
20.62,-0.0010097155725955988,42
20.622,-0.0010287851725955983,42
20.624,-0.0017244867725956011,42
20.626,-0.0016230444059289332,42
20.628,-0.0015216020392622657,42
20.63,-0.001420159672595598,42
20.632,-0.0012203947225955985,42
20.634,-0.0010206297725955987,42
20.636,-0.001417533972595598,42
20.638,-0.0014519100725955982,42
20.64,-0.0014862861725955983,42
20.642,-0.0015206622725955983,42
20.644,-0.0015550383725955984,42
20.646,-0.001310993472595598,42
20.648,-0.0010669485725955975,42
20.65,-0.0010164310725955979,42
20.652,-0.001203436572595598,42
20.654,-0.0011885898725955979,42
20.656,-0.0011737431725955978,42
20.658,-0.0011588964725955976,42
20.66,-0.0011084515725955993,42
20.662,-0.0010580066725956007,42
20.664,-0.0019972086725955998,42
20.666,-0.001982896792595599,42
20.668,-0.001968584912595599,42
20.67,-0.001954273032595599,42
20.672,-0.0019399611525955987,42
20.674,-0.0019256492725955984,42
20.676,-0.0012650618725956013,42
20.678,-0.0010022740725956004,42
20.68,-0.0016858030725955975,42
20.682,-0.0016207510525955975,42
20.684,-0.0015556990325955975,42
20.686,-0.0014906470125955972,42
20.688,-0.0014255949925955972,42
20.69,-0.0013605429725955971,42
20.692,-0.0009564997725956,42
20.694,-0.0009797438725955994,42
20.696,-0.0010029879725955988,42
20.698,-0.0010262320725955983,42
20.7,-0.001049476172595598,42
20.702,-0.0011201885725955988,42
20.704,-0.0011909009725955995,42
20.706,-0.001304528039262266,42
20.708,-0.0014181551059289324,42
20.71,-0.001531782172595599,42
20.712,-0.0016454092392622656,42
20.714,-0.0017590363059289322,42
20.716,-0.0018726633725955984,42
20.718,-0.0010378722725955976,42
20.72,-0.001070312372595597,42
20.722,-0.0011027524725955964,42
20.724,-0.0011820649475955966,42
20.726,-0.0012613774225955967,42
20.728,-0.0013406898975955968,42
20.73,-0.0014200023725955968,42
20.732,-0.0011230441725955977,42
20.734,-0.0011431422725955986,42
20.736,-0.0018834444725955996,42
20.738,-0.0018669219225955996,42
20.74,-0.0018503993725955995,42
20.742,-0.0018338768225955992,42
20.744,-0.0018173542725955993,42
20.746,-0.0014579842725955996,42
20.748,-0.0019018606725955992,42
20.75,-0.001843470105928932,42
20.752,-0.0017850795392622652,42
20.754,-0.0017266889725955983,42
20.756,-0.0016682984059289314,42
20.758,-0.0016099078392622643,42
20.76,-0.0015515172725955977,42
20.762,-0.0014383459725955984,42
20.764,-0.001589886372595599,42
20.766,-0.001569490612595599,42
20.768,-0.0015490948525955991,42
20.77,-0.0015286990925955993,42
20.772,-0.0015083033325955994,42
20.774,-0.0014879075725955995,42
20.776,-0.0012827762725955982,42
20.778,-0.0012498723392622647,42
20.78,-0.0012169684059289317,42
20.782,-0.0011840644725955984,42
20.784,-0.001151160539262265,42
20.786,-0.0011182566059289316,42
20.788,-0.0010853526725955985,42
20.79,-0.001069574272595599,42
20.792,-0.001411036272595598,42
20.794,-0.001752498272595597,42
20.796,-0.0015727678975955975,42
20.798,-0.0013930375225955985,42
20.8,-0.0012133071475955992,42
20.802,-0.0010335767725956,42
20.804,-0.0010368498225955987,42
20.806,-0.0010401228725955974,42
20.808,-0.0011570028225955972,42
20.81,-0.0012738827725955971,42
20.812,-0.001390762722595597,42
20.814,-0.0015076426725955973,42
20.816,-0.001241170422595598,42
20.818,-0.0009746981725955987,42
20.82,-0.0009066114725955997,42
20.822,-0.0010953835725955976,42
20.824,-0.0010831504725955982,42
20.826,-0.0010709173725955987,42
20.828,-0.0010586842725955991,42
20.83,-0.0010464511725955996,42
20.832,-0.0009856970725955995,42
20.834,-0.0009249429725955992,42
20.836,-0.0013757284725955995,42
20.838,-0.0018265139725956,42
20.84,-0.001813111205928932,42
20.842,-0.0017997084392622647,42
20.844,-0.0017863056725955975,42
20.846,-0.0011812572725955967,42
20.848,-0.0009113667725955988,42
20.85,-0.0012437295725955992,42
20.852,-0.0015760923725955996,42
20.854,-0.0015007093725955987,42
20.856,-0.0014253263725955985,42
20.858,-0.0013499433725955975,42
20.86,-0.0009409875725955984,42
20.862,-0.0009449442725955994,42
20.864,-0.0009489009725956003,42
20.866,-0.0013376618725955986,42
20.868,-0.0013771381225955984,42
20.87,-0.0014166143725955983,42
20.872,-0.0014560906225955985,42
20.874,-0.0014955668725955985,42
20.876,-0.001375317072595598,42
20.878,-0.001255067272595598,42
20.88,-0.0011348174725955978,42
20.882,-0.0012789012475955984,42
20.884,-0.0014229850225955989,42
20.886,-0.0015670687975955992,42
20.888,-0.0017111525725956,42
20.89,-0.0011159414725956003,42
20.892,-0.0010049118725956006,42
20.894,-0.0010662104725955995,42
20.896,-0.0018952782725955972,42
20.898,-0.0019032925059289316,42
20.9,-0.0019113067392622655,42
20.902,-0.0019193209725956,42
20.904,-0.0010683521725955991,42
20.906,-0.0011236733725955952,42
20.908,-0.0011353599559289287,42
20.91,-0.0011470465392622628,42
20.912,-0.0011587331225955963,42
20.914,-0.00117041970592893,42
20.916,-0.0011821062892622637,42
20.918,-0.0011937928725955973,42
20.92,-0.0014533076225955975,42
20.922,-0.0017128223725955975,42
20.924,-0.0016854320059289311,42
20.926,-0.0016580416392622647,42
20.928,-0.0016306512725955983,42
20.93,-0.001603260905928932,42
20.932,-0.001575870539262265,42
20.934,-0.0015484801725955987,42
20.936,-0.001731153872595599,42
20.938,-0.0017221413892622656,42
20.94,-0.001713128905928932,42
20.942,-0.0017041164225955984,42
20.944,-0.001695103939262265,42
20.946,-0.0016860914559289316,42
20.948,-0.001677078972595598,42
20.95,-0.0015262524725956003,42
20.952,-0.0015757971325956,42
20.954,-0.0016253417925955998,42
20.956,-0.0016748864525955997,42
20.958,-0.0017244311125955993,42
20.96,-0.0017739757725955992,42
20.962,-0.0016193680225955985,42
20.964,-0.0014647602725955979,42
20.966,-0.001547565412595598,42
20.968,-0.001630370552595598,42
20.97,-0.0017131756925955984,42
20.972,-0.0017959808325955983,42
20.974,-0.0018787859725955985,42
20.976,-0.001432211272595598,42
20.978,-0.0013929467725955977,42
20.98,-0.0014990323125955978,42
20.982,-0.001605117852595598,42
20.984,-0.001711203392595598,42
20.986,-0.0018172889325955984,42
20.988,-0.0019233744725955983,42
20.99,-0.001378668772595598,42
20.992,-0.0012895643725955967,42
20.994,-0.0014062083725955993,42
20.996,-0.0013925444475955987,42
20.998,-0.0013788805225955986,42
21.0,-0.0013652165975955983,43
21.002,-0.001351552672595598,43
21.004,-0.0011556415725955983,43
21.006,-0.001165938672595599,43
21.008,-0.0011762357725955996,43
21.01,-0.0012336926225955998,43
21.012,-0.0012911494725956,43
21.014,-0.0013486063225956,43
21.016,-0.0014060631725956,43
21.018,-0.0012580862225955991,43
21.02,-0.0011101092725955986,43
21.022,-0.0011102544725955996,43
21.024,-0.0017649128725955986,43
21.026,-0.0017154571475955984,43
21.028,-0.0016660014225955983,43
21.03,-0.0016165456975955983,43
21.032,-0.0015670899725955985,43
21.034,-0.0011907436725955983,43
21.036,-0.0015565871725955974,43
21.038,-0.0016181670975955976,43
21.04,-0.0016797470225955978,43
21.042,-0.001741326947595598,43
21.044,-0.001802906872595598,43
21.046,-0.0013020152725955988,43
21.048,-0.0014429076725955975,43
21.05,-0.0014608329583098833,43
21.052,-0.001478758244024169,43
21.054,-0.0014966835297384549,43
21.056,-0.0015146088154527407,43
21.058,-0.0015325341011670265,43
21.06,-0.0015504593868813123,43
21.062,-0.001568384672595598,43
21.064,-0.0014225433725955983,43
21.066,-0.001497519005928932,43
21.068,-0.001572494639262265,43
21.07,-0.0016474702725955987,43
21.072,-0.001722445905928932,43
21.074,-0.0017974215392622655,43
21.076,-0.0018723971725955989,43
21.078,-0.0015591765725956,43
21.08,-0.0015422849725955992,43
21.082,-0.0015345845325955988,43
21.084,-0.0015268840925955983,43
21.086,-0.001519183652595598,43
21.088,-0.0015114832125955977,43
21.09,-0.0015037827725955973,43
21.092,-0.0014478807725955972,43
21.094,-0.0016203057725955976,43
21.096,-0.001792730772595598,43
21.098,-0.0018495523725955984,43
21.1,-0.0019063739725955983,43
21.102,-0.0019631955725955986,43
21.104,-0.0016792993225955982,43
21.106,-0.0013954030725955979,43
21.108,-0.001286999172595598,43
21.11,-0.001435127372595598,43
21.112,-0.0014162211225955982,43
21.114,-0.0013973148725955984,43
21.116,-0.0013784086225955984,43
21.118,-0.0013595023725955988,43
21.12,-0.001267996122595599,43
21.122,-0.0011764898725955993,43
21.124,-0.0012202216925955988,43
21.126,-0.0012639535125955987,43
21.128,-0.0013076853325955987,43
21.13,-0.0013514171525955986,43
21.132,-0.0013951489725955984,43
21.134,-0.0010857761725955976,43
21.136,-0.001083138372595601,43
21.138,-0.0016976973725955982,43
21.14,-0.0016525958325955983,43
21.142,-0.0016074942925955987,43
21.144,-0.001562392752595599,43
21.146,-0.0015172912125955992,43
21.148,-0.0014721896725955995,43
21.15,-0.0010637420725955991,43
21.152,-0.001027224272595599,43
21.154,-0.0013617166725955962,43
21.156,-0.0014328162725955964,43
21.158,-0.0015039158725955969,43
21.16,-0.0015750154725955971,43
21.162,-0.0013168922225955983,43
21.164,-0.0010587689725955994,43
21.166,-0.000980167372595597,43
21.168,-0.0011136182725955991,43
21.17,-0.001270467547595599,43
21.172,-0.0014273168225955987,43
21.174,-0.0015841660975955988,43
21.176,-0.0017410153725955987,43
21.178,-0.0011321312725956004,43
21.18,-0.0009620173725955992,43
21.182,-0.0009840756725955982,43
21.184,-0.0012081979225955983,43
21.186,-0.0014323201725955984,43
21.188,-0.0016564424225955984,43
21.19,-0.0018805646725955985,43
21.192,-0.001230310672595599,43
21.194,-0.0009224382725956,43
21.196,-0.0015581964725955976,43
21.198,-0.0017632430725955982,43
21.2,-0.001968289672595599,43
21.202,-0.0016510942225955987,43
21.204,-0.0013338987725955986,43
21.206,-0.0011296810225955977,43
21.208,-0.0009254632725955968,43
21.21,-0.0009172957725956006,43
21.212,-0.0009299190975956,43
21.214,-0.0009425424225955992,43
21.216,-0.0009551657475955987,43
21.218,-0.0009677890725955981,43
21.22,-0.0009430748225955988,43
21.222,-0.0009183605725955993,43
21.224,-0.0010389491725955984,43
21.226,-0.0011691935725955983,43
21.228,-0.0012994379725955983,43
21.23,-0.0014296823725955983,43
21.232,-0.0015599267725955983,43
21.234,-0.0016901711725955983,43
21.236,-0.0009165092725955965,43
21.238,-0.0009364621725955964,43
21.24,-0.0013686439225955973,43
21.242,-0.001800825672595598,43
21.244,-0.0015949240059289307,43
21.246,-0.0013890223392622636,43
21.248,-0.0011831206725955964,43
21.25,-0.0010397417225955982,43
21.252,-0.0008963627725955998,43
21.254,-0.0008957456725956006,43
21.256,-0.0015158585725955978,43
21.258,-0.0016685404059289311,43
21.26,-0.001821222239262265,43
21.262,-0.0019739040725955982,43
21.264,-0.001375171872595598,43
21.266,-0.0009097695725955971,43
21.268,-0.001002596739262264,43
21.27,-0.0010954239059289311,43
21.272,-0.0011882510725955983,43
21.274,-0.0012810782392622651,43
21.276,-0.0013739054059289323,43
21.278,-0.0014667325725955995,43
21.28,-0.0009520590725955977,43
21.282,-0.0008979357725955976,43
21.284,-0.0010858911225955976,43
21.286,-0.0012738464725955976,43
21.288,-0.0014618018225955975,43
21.29,-0.0016497571725955975,43
21.292,-0.0013478379725955988,43
21.294,-0.0010459187725956,43
21.296,-0.000894293672595598,43
21.298,-0.0009286576725956,43
21.3,-0.0017964575725955988,43
21.302,-0.0018097998392622655,43
21.304,-0.0018231421059289328,43
21.306,-0.0018364843725955995,43
21.308,-0.0011645834725955984,43
21.31,-0.0008648422725955982,43
21.312,-0.0015173226725956003,43
21.314,-0.0016674473725956003,43
21.316,-0.0018175720725956,43
21.318,-0.0019676967725956,43
21.32,-0.0013200442725955983,43
21.322,-0.001112051322595598,43
21.324,-0.0009040583725955976,43
21.326,-0.0012300202725956007,43
21.328,-0.0012842548925956,43
21.33,-0.0013384895125955996,43
21.332,-0.0013927241325955991,43
21.334,-0.0014469587525955986,43
21.336,-0.001501193372595598,43
21.338,-0.0009556769725955986,43
21.34,-0.0008726346725955978,43
21.342,-0.0010164915725956007,43
21.344,-0.0011796388975956,43
21.346,-0.0013427862225955992,43
21.348,-0.0015059335475955987,43
21.35,-0.001669080872595598,43
21.352,-0.0008953342725955965,43
21.354,-0.0009427662725955965,43
21.356,-0.0018152125725955975,43
21.358,-0.0018262749975955976,43
21.36,-0.0018373374225955977,43
21.362,-0.001848399847595598,43
21.364,-0.001859462272595598,43
21.366,-0.0011924376725956,43
21.368,-0.0008741713725956003,43
21.37,-0.0014874719725956,43
21.372,-0.0016086141475955996,43
21.374,-0.0017297563225955992,43
21.376,-0.0018508984975955987,43
21.378,-0.0019720406725955986,43
21.38,-0.0013276793725955985,43
21.382,-0.0008925028725955998,43
21.384,-0.0012579833725955974,43
21.386,-0.0013338140725955975,43
21.388,-0.0014096447725955976,43
21.39,-0.001485475472595598,43
21.392,-0.0009519017725955967,43
21.394,-0.0009306965225955987,43
21.396,-0.0009094912725956008,43
21.398,-0.0009832165725955997,43
21.4,-0.0010569418725955987,43
21.402,-0.0012126628225955986,43
21.404,-0.0013683837725955983,43
21.406,-0.0015241047225955985,43
21.408,-0.0016798256725955984,43
21.41,-0.0010727565725955988,43
21.412,-0.0009448595725955987,43
21.414,-0.0011257037525955987,43
21.416,-0.0013065479325955988,43
21.418,-0.001487392112595599,43
21.42,-0.0016682362925955992,43
21.422,-0.0018490804725955993,43
21.424,-0.0012055298725955968,43
21.426,-0.0009054498725955971,43
21.428,-0.0009108706725955986,43
21.43,-0.0014933646725955995,43
21.432,-0.0016497289392622659,43
21.434,-0.0018060932059289325,43
21.436,-0.001962457472595599,43
21.438,-0.0009095759725955971,43
21.44,-0.0008869489725955998,43
21.442,-0.0010556955725955983,43
21.444,-0.0012244421725955967,43
21.446,-0.0013191771059289311,43
21.448,-0.0014139120392622656,43
21.45,-0.0015086469725956,43
21.452,-0.0008864044725955984,43
21.454,-0.0010432083725956003,43
21.456,-0.0011518583059289334,43
21.458,-0.001260508239262266,43
21.46,-0.0013691581725955987,43
21.462,-0.0014778081059289318,43
21.464,-0.0015864580392622647,43
21.466,-0.0016951079725955971,43
21.468,-0.0010738818725956004,43
21.47,-0.000912129072595599,43
21.472,-0.0017956226725955975,43
21.474,-0.0018088025975955971,43
21.476,-0.0018219825225955976,43
21.478,-0.0018351624475955975,43
21.48,-0.0018483423725955976,43
21.482,-0.0008999201725955995,43
21.484,-0.0014911382725955984,43
21.486,-0.0015891652125955985,43
21.488,-0.0016871921525955986,43
21.49,-0.0017852190925955985,43
21.492,-0.0018832460325955984,43
21.494,-0.0019812729725955987,43
21.496,-0.0013448008725955966,43
21.498,-0.0008984439725955965,43
21.5,-0.0009056797725955981,44
21.502,-0.001240474672595599,44
21.504,-0.0013134830475955992,44
21.506,-0.0013864914225955993,44
21.508,-0.0014594997975955991,44
21.51,-0.0015325081725955994,44
21.512,-0.0009843055725956007,44
21.514,-0.000899182072595598,44
21.516,-0.001036396072595598,44
21.518,-0.001260274305928932,44
21.52,-0.0014841525392622656,44
21.522,-0.0017080307725955996,44
21.524,-0.0012993774725955998,44
21.526,-0.0008907241725956,44
21.528,-0.0009259593725956008,44
21.53,-0.0013496771725955996,44
21.532,-0.0017733949725955989,44
21.534,-0.0015482411975955989,44
21.536,-0.0013230874225955988,44
21.538,-0.0010979336475955988,44
21.54,-0.0008727798725955987,44
21.542,-0.000885412272595601,44
21.544,-0.0014825230725955974,44
21.546,-0.001730101172595598,44
21.548,-0.0019776792725955984,44
21.55,-0.0014438998725955976,44
21.552,-0.0009101204725955968,44
21.554,-0.0010737245725955984,44
21.556,-0.0012373286725956,44
21.558,-0.0012970373325956,44
21.56,-0.0013567459925955996,44
21.562,-0.0014164546525955995,44
21.564,-0.001476163312595599,44
21.566,-0.0015358719725955987,44
21.568,-0.0009961756725955994,44
21.57,-0.0009147426725956003,44
21.572,-0.0010296442725955984,44
21.574,-0.0012451372059289316,44
21.576,-0.0014606301392622648,44
21.578,-0.0016761230725955976,44
21.58,-0.0010746562725955971,44
21.582,-0.0009087894725955982,44
21.584,-0.0017648644725955995,44
21.586,-0.0017845118475955995,44
21.588,-0.0018041592225955996,44
21.59,-0.0018238065975956,44
21.592,-0.0018434539725956,44
21.594,-0.0015211039225955982,44
21.596,-0.0011987538725955968,44
21.598,-0.0008886429725955981,44
21.6,-0.000903308172595596,44
21.602,-0.0011758122725955967,44
21.604,-0.0014483163725955974,44
21.606,-0.001720820472595598,44
21.608,-0.001993324572595599,44
21.61,-0.0013695816725955987,44
21.612,-0.0009235635725956,44
21.614,-0.0011905742725955987,44
21.616,-0.0011301154125955989,44
21.618,-0.0010696565525955993,44
21.62,-0.0010091976925955995,44
21.622,-0.0009487388325955996,44
21.624,-0.0008882799725956,44
21.626,-0.0010167456725955967,44
21.628,-0.0011285456392622637,44
21.63,-0.0012403456059289306,44
21.632,-0.0013521455725955976,44
21.634,-0.0014639455392622643,44
21.636,-0.0015757455059289315,44
21.638,-0.0016875454725955984,44
21.64,-0.0010883897725955988,44
21.642,-0.0009303153725955976,44
21.644,-0.0017669214725955992,44
21.646,-0.001779719239262266,44
21.648,-0.0017925170059289325,44
21.65,-0.0018053147725955992,44
21.652,-0.001491095922595599,44
21.654,-0.0011768770725955995,44
21.656,-0.0008701783725955993,44
21.658,-0.001442701972595599,44
21.66,-0.0015704840225955984,44
21.662,-0.0016982660725955983,44
21.664,-0.0018260481225955976,44
21.666,-0.0019538301725955977,44
21.668,-0.0013357379725955978,44
21.67,-0.0009132664725955994,44
21.672,-0.0009037800725955996,44
21.674,-0.0010282019525955995,44
21.676,-0.0011526238325955992,44
21.678,-0.0012770457125955992,44
21.68,-0.0014014675925955989,44
21.682,-0.0015258894725955988,44
21.684,-0.0009799495725955985,44
21.686,-0.0008954915725956011,44
21.688,-0.0009992248725956,44
21.69,-0.0011771160475955995,44
21.692,-0.0013550072225955992,44
21.694,-0.0015328983975955988,44
21.696,-0.0017107895725955984,44
21.698,-0.0010867199725955977,44
21.7,-0.0009181064725956,44
21.702,-0.0017444033725955987,44
21.704,-0.0017751797225955988,44
21.706,-0.0018059560725955989,44
21.708,-0.0018367324225955987,44
21.71,-0.0018675087725955988,44
21.712,-0.001204259372595596,44
21.714,-0.0008879774725955997,44
21.716,-0.001163258522595599,44
21.718,-0.0014385395725955985,44
21.72,-0.0016222942059289324,44
21.722,-0.001806048839262266,44
21.724,-0.0019898034725956,44
21.726,-0.0009093944725955987,44
21.728,-0.0009035259725955984,44
21.73,-0.0008976574725955978,44
21.732,-0.0012107449725955975,44
21.734,-0.0012927073475955978,44
21.736,-0.001374669722595598,44
21.738,-0.0014566320975955983,44
21.74,-0.0015385944725955988,44
21.742,-0.000990464472595598,44
21.744,-0.0009163398725955986,44
21.746,-0.0010318948725955984,44
21.748,-0.001994353072595597,44
21.75,-0.0016949063059289316,44
21.752,-0.0013954595392622663,44
21.754,-0.0010960127725956007,44
21.756,-0.0008991457725955973,44
21.758,-0.0009158437725955981,44
21.76,-0.0017178075725955994,44
21.762,-0.0017693535725955996,44
21.764,-0.0018208995725955996,44
21.766,-0.0018724455725956,44
21.768,-0.0009046512725955982,44
21.77,-0.0009038829225955987,44
21.772,-0.0009031145725955994,44
21.774,-0.0014645666725955995,44
21.776,-0.0014440652392622658,44
21.778,-0.001423563805928932,44
21.78,-0.0014030623725955983,44
21.782,-0.000945488772595598,44
21.784,-0.0009213492725955981,44
21.786,-0.0008972097725955981,44
21.788,-0.0011988627725956003,44
21.79,-0.0011501481725955998,44
21.792,-0.0011014335725955992,44
21.794,-0.0010527189725955985,44
21.796,-0.0010040043725955976,44
21.798,-0.0008919825725956006,44
21.8,-0.0009999871725955983,44
21.802,-0.0011460075525955983,44
21.804,-0.0012920279325955985,44
21.806,-0.0014380483125955984,44
21.808,-0.0015840686925955986,44
21.81,-0.0017300890725955983,44
21.812,-0.0010903136725955995,44
21.814,-0.0008874208725955981,44
21.816,-0.0009183363725955988,44
21.818,-0.0017530669725955971,44
21.82,-0.0018013157225955983,44
21.822,-0.0018495644725955995,44
21.824,-0.0012037269725956,44
21.826,-0.0010485686725955987,44
21.828,-0.0008934103725955975,44
21.83,-0.0009004525725955989,44
21.832,-0.0014486067725956,44
21.834,-0.0013187041975956,44
21.836,-0.0011888016225955998,44
21.838,-0.0010588990475955996,44
21.84,-0.0009289964725955993,44
21.842,-0.0010710444225955993,44
21.844,-0.0012130923725955992,44
21.846,-0.0011739706525955992,44
21.848,-0.0011348489325955994,44
21.85,-0.0010957272125955997,44
21.852,-0.0010566054925955997,44
21.854,-0.0010174837725956,44
21.856,-0.0009119717725955997,44
21.858,-0.0010105383725955983,44
21.86,-0.0019781511725955984,44
21.862,-0.0019226817475955984,44
21.864,-0.0018672123225955987,44
21.866,-0.0018117428975955988,44
21.868,-0.0017562734725955988,44
21.87,-0.0011252584725955968,44
21.872,-0.0009408060725955983,44
21.874,-0.0017497999725955976,44
21.876,-0.001789016072595598,44
21.878,-0.0018282321725955984,44
21.88,-0.0018674482725955987,44
21.882,-0.001906664372595599,44
21.884,-0.000896229672595599,44
21.886,-0.0009191470725955984,44
21.888,-0.0014660791725955979,44
21.89,-0.0014485220725955982,44
21.892,-0.0014309649725955983,44
21.894,-0.0014134078725955988,44
21.896,-0.0013958507725955992,44
21.898,-0.0009459848725956004,44
21.9,-0.0009368251725955997,44
21.902,-0.0012233168725955983,44
21.904,-0.0012962314725955986,44
21.906,-0.0013691460725955985,44
21.908,-0.0014420606725955984,44
21.91,-0.0015149752725955984,44
21.912,-0.0015878898725955983,44
21.914,-0.0010189841725955964,44
21.916,-0.0009279800725955981,44
21.918,-0.001036480772595598,44
21.92,-0.0012714910059289316,44
21.922,-0.0015065012392622655,44
21.924,-0.0017415114725955992,44
21.926,-0.0011157599725955987,44
21.928,-0.0009233820725956,44
21.93,-0.0009555801725955984,44
21.932,-0.0012635534059289323,44
21.934,-0.001571526639262266,44
21.936,-0.0018794998725956,44
21.938,-0.0012386596725956003,44
21.94,-0.0010718914225956,44
21.942,-0.0009051231725956,44
21.944,-0.0009084506725955996,44
21.946,-0.0009117781725955997,44
21.948,-0.0014301179725955992,44
21.95,-0.001306573947595599,44
21.952,-0.0011830299225955992,44
21.954,-0.0010594858975955992,44
21.956,-0.0009359418725955992,44
21.958,-0.0009089951725956001,44
21.96,-0.0011705971725955965,44
21.962,-0.0012483517725955968,44
21.964,-0.0013261063725955972,44
21.966,-0.0014038609725955976,44
21.968,-0.001481615572595598,44
21.97,-0.0015593701725955984,44
21.972,-0.0010099575725955982,44
21.974,-0.0009010212725955971,44
21.976,-0.0009965144725955985,44
21.978,-0.0011791276725955984,44
21.98,-0.0013617408725955984,44
21.982,-0.0015443540725955983,44
21.984,-0.0017269672725955983,44
21.986,-0.0010869982725955976,44
21.988,-0.0008777650725955988,44
21.99,-0.0017211350725956,44
21.992,-0.0017936382725956,44
21.994,-0.0018661414725956,44
21.996,-0.0015447836225955993,44
21.998,-0.0012234257725955988,44
22.0,-0.0010511641225955995,45
22.002,-0.0008789024725956007,45
22.004,-0.0014124398725955997,45
22.006,-0.0014079991725955991,45
22.008,-0.001403558472595599,45
22.01,-0.0013991177725955987,45
22.012,-0.0013946770725955984,45
22.014,-0.001390236372595598,45
22.016,-0.0009064420725955965,45
22.018,-0.0010415869725955967,45
22.02,-0.0011767318725955968,45
22.022,-0.0013749117225955983,45
22.024,-0.0015730915725955998,45
22.026,-0.0013847913725955991,45
22.028,-0.001196491172595599,45
22.03,-0.0010081909725955986,45
22.032,-0.0009044939725956003,45
22.034,-0.0009972888725955954,45
22.036,-0.001959904372595598,45
22.038,-0.001699197772595598,45
22.04,-0.0014384911725955976,45
22.042,-0.001177784572595597,45
22.044,-0.001445424472595598,45
22.046,-0.0017130643725955987,45
22.048,-0.0015949411475955988,45
22.05,-0.0014768179225955987,45
22.052,-0.001358694697595599,45
22.054,-0.0012405714725955991,45
22.056,-0.0009001016725956011,45
22.058,-0.0010704374059289333,45
22.06,-0.0012407731392622655,45
22.062,-0.0014111088725955977,45
22.064,-0.0014098171975955975,45
22.066,-0.0014085255225955975,45
22.068,-0.0014072338475955976,45
22.07,-0.0014059421725955978,45
22.072,-0.0009226439725955984,45
22.074,-0.0008858962725955994,45
22.076,-0.0010213896525955995,45
22.078,-0.0011568830325955994,45
22.08,-0.0012923764125955992,45
22.082,-0.0014278697925955992,45
22.084,-0.0015633631725955992,45
22.086,-0.0010104536725955987,45
22.088,-0.0009055587725955976,45
22.09,-0.0019527290725956,45
22.092,-0.0018816980392622664,45
22.094,-0.0018106670059289329,45
22.096,-0.0017396359725955991,45
22.098,-0.0011196803725955998,45
22.1,-0.0009001016725955994,45
22.102,-0.0009042519725956003,45
22.104,-0.0009084022725956015,45
22.106,-0.0012394945725956,45
22.108,-0.0015705868725955988,45
22.11,-0.0019016791725955972,45
22.112,-0.001265073972595598,45
22.114,-0.0010915176225955977,45
22.116,-0.0009179612725955972,45
22.118,-0.0009172352725956013,45
22.12,-0.0013925353725955988,45
22.122,-0.001394677072595599,45
22.124,-0.001396818772595599,45
22.126,-0.0013989604725955992,45
22.128,-0.0009391241725956003,45
22.13,-0.0011435899725955982,45
22.132,-0.0012145383225955983,45
22.134,-0.0012854866725955983,45
22.136,-0.0013564350225955984,45
22.138,-0.0014273833725955986,45
22.14,-0.0014983317225955987,45
22.142,-0.0015692800725955987,45
22.144,-0.0010157171725955984,45
22.146,-0.0009872216725955972,45
22.148,-0.001471354772595598,45
22.15,-0.0019554878725955988,45
22.152,-0.001882545039262265,45
22.154,-0.001809602205928932,45
22.156,-0.0017366593725955982,45
22.158,-0.0011141143725955979,45
22.16,-0.000911040072595598,45
22.162,-0.001697963572595598,45
22.164,-0.0017900385225955986,45
22.166,-0.0018821134725955995,45
22.168,-0.0012591812725955968,45
22.17,-0.0009211919725955977,45
22.172,-0.0009102898725955982,45
22.174,-0.0009988215392622648,45
22.176,-0.0010873532059289316,45
22.178,-0.0011758848725955983,45
22.18,-0.0012644165392622652,45
22.182,-0.001352948205928932,45
22.184,-0.0014414798725955987,45
22.186,-0.0009565965725955965,45
22.188,-0.0009096122725955994,45
22.19,-0.001084865647595599,45
22.192,-0.0012601190225955987,45
22.194,-0.0014353723975955982,45
22.196,-0.0016106257725955978,45
22.198,-0.0010319190725956006,45
22.2,-0.0009820307725956004,45
22.202,-0.0019349299725955975,45
22.204,-0.0015289084225955988,45
22.206,-0.0011228868725956,45
22.208,-0.0009073858725956,45
22.21,-0.0009204780725956003,45
22.212,-0.0009335702725956005,45
22.214,-0.0013092268725956,45
22.216,-0.0016848834725955997,45
22.218,-0.0017314055525955996,45
22.22,-0.0017779276325955995,45
22.222,-0.0018244497125955996,45
22.224,-0.0018709717925955995,45
22.226,-0.0019174938725955992,45
22.228,-0.0012622909725955988,45
22.23,-0.0009100357725955985,45
22.232,-0.0013805442725955996,45
22.234,-0.0013838862925955996,45
22.236,-0.0013872283125955995,45
22.238,-0.0013905703325955991,45
22.24,-0.0013939123525955992,45
22.242,-0.001397254372595599,45
22.244,-0.0009386522725955969,45
22.246,-0.0009055345725955987,45
22.248,-0.001145719572595599,45
22.25,-0.0011140750475955995,45
22.252,-0.0010824305225956,45
22.254,-0.0010507859975956004,45
22.256,-0.0010191414725956008,45
22.258,-0.0009041188725955987,45
22.26,-0.0010062912725955983,45
22.262,-0.0019646959725955985,45
22.264,-0.0018641449725955983,45
22.266,-0.0017635939725955986,45
22.268,-0.0014495808225955982,45
22.27,-0.0011355676725955976,45
22.272,-0.0009020739725955992,45
22.274,-0.0009095275725955989,45
22.276,-0.0009169811725955983,45
22.278,-0.001684701972595598,45
22.28,-0.001754781139262265,45
22.282,-0.0018248603059289323,45
22.284,-0.0018949394725956,45
22.286,-0.001295747472595598,45
22.288,-0.0009255963725955975,45
22.29,-0.0009255963725955975,45
22.292,-0.0014031470725955984,45
22.294,-0.0014143849475955982,45
22.296,-0.001425622822595598,45
22.298,-0.001436860697595598,45
22.3,-0.0014480985725955975,45
22.302,-0.0009648850725955984,45
22.304,-0.0009215307725955988,45
22.306,-0.0011497730725955994,45
22.308,-0.0013002446392622652,45
22.31,-0.0014507162059289311,45
22.312,-0.001601187772595597,45
22.314,-0.0010139989725955964,45
22.316,-0.0009555680725955975,45
22.318,-0.0008971371725955985,45
22.32,-0.0009732582725956,45
22.322,-0.0019170824725956003,45
22.324,-0.0018681662059289329,45
22.326,-0.0018192499392622652,45
22.328,-0.001770333672595598,45
22.33,-0.0009006219725955986,45
22.332,-0.0009214218725955986,45
22.334,-0.0016615304725955977,45
22.336,-0.0017416849059289316,45
22.338,-0.0018218393392622656,45
22.34,-0.0019019937725956,45
22.342,-0.001582317822595599,45
22.344,-0.0012626418725955983,45
22.346,-0.0008918494725955981,45
22.348,-0.0009028846725956004,45
22.35,-0.0013762971725955978,45
22.352,-0.0013943322225955976,45
22.354,-0.0014123672725955974,45
22.356,-0.0014304023225955973,45
22.358,-0.001448437372595597,45
22.36,-0.0009440125725955987,45
22.362,-0.0008993393725955956,45
22.364,-0.0010796233225955963,45
22.366,-0.0012599072725955971,45
22.368,-0.001440191222595598,45
22.37,-0.0016204751725955987,45
22.372,-0.0013262818225955979,45
22.374,-0.0010320884725955968,45
22.376,-0.0008973065725955964,45
22.378,-0.0019258670725955972,45
22.38,-0.0018920717725955977,45
22.382,-0.0018582764725955977,45
22.384,-0.001824481172595598,45
22.386,-0.0017906858725955984,45
22.388,-0.0011392218725955975,45
22.39,-0.0008940032725955981,45
22.392,-0.0009206232725955976,45
22.394,-0.0016510881725955995,45
22.396,-0.0017408217725955993,45
22.398,-0.0018305553725955989,45
22.4,-0.0019202889725955987,45
22.402,-0.0012689701725955987,45
22.404,-0.0009175256725955996,45
22.406,-0.0010455285475955995,45
22.408,-0.0011735314225955991,45
22.41,-0.0013015342975955992,45
22.412,-0.001429537172595599,45
22.414,-0.001183538122595599,45
22.416,-0.0009375390725955991,45
22.418,-0.001022880372595598,45
22.42,-0.0011082216725955968,45
22.422,-0.0012095010925955972,45
22.424,-0.0013107805125955976,45
22.426,-0.0014120599325955975,45
22.428,-0.001513339352595598,45
22.43,-0.0016146187725955983,45
22.432,-0.001010126972595596,45
22.434,-0.0009719393725955983,45
22.436,-0.0010063154725955983,45
22.438,-0.0010406915725955984,45
22.44,-0.0010750676725955987,45
22.442,-0.0011094437725955987,45
22.444,-0.0011438198725955988,45
22.446,-0.0008995571725955981,45
22.448,-0.001104799792595598,45
22.45,-0.0013100424125955985,45
22.452,-0.0015152850325955986,45
22.454,-0.0017205276525955988,45
22.456,-0.0019257702725955991,45
22.458,-0.0012942228725955976,45
22.46,-0.0008992425725955974,45
22.462,-0.0009062847725955954,45
22.464,-0.0013494109725955983,45
22.466,-0.0013685955225955983,45
22.468,-0.0013877800725955987,45
22.47,-0.001406964622595599,45
22.472,-0.001426149172595599,45
22.474,-0.0009361959725955984,45
22.476,-0.0008878806725955978,45
22.478,-0.0010280277125955983,45
22.48,-0.0011681747525955984,45
22.482,-0.001308321792595599,45
22.484,-0.0014484688325955993,45
22.486,-0.0015886158725955995,45
22.488,-0.0010125106725955967,45
22.49,-0.0008938338725955966,45
22.492,-0.0009583147725956003,45
22.494,-0.0018953750725955972,45
22.496,-0.001819187422595598,45
22.498,-0.001742999772595599,45
22.5,-0.0014270506225955984,46
22.502,-0.0011111014725955978,46
22.504,-0.0008765308725955968,46
22.506,-0.0016196523725955977,46
22.508,-0.001687953847595598,46
22.51,-0.0017562553225955986,46
22.512,-0.0018245567975955991,46
22.514,-0.0018928582725956,46
22.516,-0.0012578986725955991,46
22.518,-0.0008871425725956,46
22.52,-0.0011106235225955983,46
22.522,-0.0013341044725955972,46
22.524,-0.0013574423475955976,46
22.526,-0.001380780222595598,46
22.528,-0.0014041180975955985,46
22.53,-0.001427455972595599,46
22.532,-0.0009382045725955994,46
22.534,-0.0008918373725955998,46
22.536,-0.0010723754225955996,46
22.538,-0.0012529134725955994,46
22.54,-0.0014334515225955993,46
22.542,-0.0016139895725955991,46
22.544,-0.0013182958225955988,46
22.546,-0.0010226020725955989,46
22.548,-0.0009020134725955982,46
22.55,-0.0011158749225955982,46
22.552,-0.0013297363725955982,46
22.554,-0.0015435978225955983,46
22.556,-0.0017574592725955983,46
22.558,-0.001128706972595598,46
22.56,-0.0008916437725955978,46
22.562,-0.0009005614725955957,46
22.564,-0.0012383491059289303,46
22.566,-0.0015761367392622648,46
22.568,-0.0019139243725955996,46
22.57,-0.001283042472595598,46
22.572,-0.0013268444725955987,46
22.574,-0.0013552461975955988,46
22.576,-0.0013836479225955989,46
22.578,-0.0014120496475955987,46
22.58,-0.001440451372595599,46
22.582,-0.001278593705928932,46
22.584,-0.0011167360392622648,46
22.586,-0.0009548783725955976,46
22.588,-0.0009329471225955976,46
22.59,-0.0009110158725955976,46
22.592,-0.0010989772725955999,46
22.594,-0.0012314329475955998,46
22.596,-0.0013638886225955998,46
22.598,-0.0014963442975955996,46
22.6,-0.0016287999725955995,46
22.602,-0.0010483871725955989,46
22.604,-0.0009176224725955997,46
22.606,-0.0009561972725955978,46
22.608,-0.0010066421725955978,46
22.61,-0.001057087072595598,46
22.612,-0.001107531972595598,46
22.614,-0.001157976872595598,46
22.616,-0.0008982866725955987,46
22.618,-0.0011627624225955986,46
22.62,-0.0014272381725955983,46
22.622,-0.001691713922595598,46
22.624,-0.001956189672595598,46
22.626,-0.0016412932225955985,46
22.628,-0.0013263967725955991,46
22.63,-0.001124532472595599,46
22.632,-0.000922668172595599,46
22.634,-0.0013261789725955984,46
22.636,-0.0013676537392622653,46
22.638,-0.001409128505928932,46
22.64,-0.0014506032725955988,46
22.642,-0.001282929539262266,46
22.644,-0.001115255805928933,46
22.646,-0.0009475820725956003,46
22.648,-0.0010813838725955982,46
22.65,-0.0011903346925955984,46
22.652,-0.0012992855125955986,46
22.654,-0.0014082363325955988,46
22.656,-0.001517187152595599,46
22.658,-0.0016261379725955993,46
22.66,-0.0010355127725955975,46
22.662,-0.000937696372595602,46
22.664,-0.0018456682725955988,46
22.666,-0.0018281898225955984,46
22.668,-0.001810711372595598,46
22.67,-0.0017932329225955976,46
22.672,-0.0017757544725955973,46
22.674,-0.0008958182725955984,46
22.676,-0.0008973731225955985,46
22.678,-0.0008989279725955986,46
22.68,-0.001598683072595598,46
22.682,-0.0017180616725955983,46
22.684,-0.0018374402725955987,46
22.686,-0.001956818872595599,46
22.688,-0.001317866272595598,46
22.69,-0.0009124436725955996,46
22.692,-0.0013250173725955995,46
22.694,-0.0013675972725955992,46
22.696,-0.0014101771725955987,46
22.698,-0.0014527570725955982,46
22.7,-0.0014953369725955977,46
22.702,-0.0012100008225955983,46
22.704,-0.0009246646725955994,46
22.706,-0.001107604572595601,46
22.708,-0.0012156164325956005,46
22.71,-0.0013236282925956,46
22.712,-0.0014316401525955997,46
22.714,-0.0015396520125955991,46
22.716,-0.0016476638725955988,46
22.718,-0.0008951648725955987,46
22.72,-0.0009124134225955971,46
22.722,-0.000929661972595596,46
22.724,-0.0018417962725955984,46
22.726,-0.0018230009392622647,46
22.728,-0.001804205605928932,46
22.73,-0.0017854102725955983,46
22.732,-0.0011420532725955992,46
22.734,-0.0008775593725956003,46
22.736,-0.0015673561725956,46
22.738,-0.0016885175059289323,46
22.74,-0.0018096788392622648,46
22.742,-0.0019308401725955967,46
22.744,-0.001281033872595599,46
22.746,-0.0008700694725955991,46
22.748,-0.001005952472595599,46
22.75,-0.0011418354725955988,46
22.752,-0.0012777184725955987,46
22.754,-0.0011927462225955988,46
22.756,-0.0011077739725955987,46
22.758,-0.001022801722595599,46
22.76,-0.0009378294725955992,46
22.762,-0.0009053349225955977,46
22.764,-0.0008728403725955965,46
22.766,-0.0010836223725955996,46
22.768,-0.0012258306475955991,46
22.77,-0.0013680389225955991,46
22.772,-0.0015102471975955989,46
22.774,-0.0016524554725955987,46
22.776,-0.0009040462725955992,46
22.778,-0.0018603334725955968,46
22.78,-0.0018489292225955971,46
22.782,-0.0018375249725955977,46
22.784,-0.0018261207225955985,46
22.786,-0.0018147164725955992,46
22.788,-0.0011883236725955988,46
22.79,-0.0010492704725955995,46
22.792,-0.0009102172725956001,46
22.794,-0.0009276412725955988,46
22.796,-0.0015764432725955992,46
22.798,-0.0017017629725955992,46
22.8,-0.0018270826725955993,46
22.802,-0.0019524023725955991,46
22.804,-0.001320274172595599,46
22.806,-0.0009130123725955997,46
22.808,-0.0009060790725956002,46
22.81,-0.0012890198725955988,46
22.812,-0.0013508307059289324,46
22.814,-0.001412641539262266,46
22.816,-0.0014744523725955996,46
22.818,-0.0009582663725955995,46
22.82,-0.0009279740225955987,46
22.822,-0.000897681672595598,46
22.824,-0.0010847718725955982,46
22.826,-0.0012230869725955982,46
22.828,-0.0013614020725955982,46
22.83,-0.0014997171725955982,46
22.832,-0.0016380322725955982,46
22.834,-0.0010363355725956005,46
22.836,-0.0008803907725955968,46
22.838,-0.0009573709725955968,46
22.84,-0.001867230472595597,46
22.842,-0.0018413606725955973,46
22.844,-0.0018154908725955977,46
22.846,-0.0017896210725955979,46
22.848,-0.001149966672595596,46
22.85,-0.0009061153725955992,46
22.852,-0.0012339225225955989,46
22.854,-0.0015617296725955983,46
22.856,-0.0014728269392622652,46
22.858,-0.0013839242059289318,46
22.86,-0.0012950214725955984,46
22.862,-0.001097942722595598,46
22.864,-0.0009008639725955977,46
22.866,-0.0008969314725955981,46
22.868,-0.001271244972595599,46
22.87,-0.0013269987475955983,46
22.872,-0.001382752522595598,46
22.874,-0.0014385062975955975,46
22.876,-0.0014942600725955967,46
22.878,-0.0009837610725955978,46
22.88,-0.0009234183725955988,46
22.882,-0.0010872402725955986,46
22.884,-0.0012760083392622651,46
22.886,-0.0014647764059289314,46
22.888,-0.001653544472595598,46
22.89,-0.0010606565725955995,46
22.892,-0.0009246525725955992,46
22.894,-0.0009731372725955978,46
22.896,-0.0014121010725955975,46
22.898,-0.0018510648725955977,46
22.9,-0.0018477494725955984,46
22.902,-0.0018444340725955993,46
22.904,-0.0018411186725956,46
22.906,-0.001203000972595597,46
22.908,-0.0009184573725955976,46
22.91,-0.0009257899725955978,46
22.912,-0.001561850672595597,46
22.914,-0.0014791270059289312,46
22.916,-0.001396403339262265,46
22.918,-0.001313679672595599,46
22.92,-0.0009057281725956007,46
22.922,-0.0009071136225956002,46
22.924,-0.0009084990725955997,46
22.926,-0.0010250874125955997,46
22.928,-0.001141675752595599,46
22.93,-0.0012582640925955992,46
22.932,-0.0013748524325955989,46
22.934,-0.0014914407725955987,46
22.936,-0.000905002172595596,46
22.938,-0.0010566151725955979,46
22.94,-0.0011729663525955982,46
22.942,-0.0012893175325955984,46
22.944,-0.0014056687125955987,46
22.946,-0.0015220198925955989,46
22.948,-0.0016383710725955992,46
22.95,-0.0010531908725956007,46
22.952,-0.0008893689725955975,46
22.954,-0.0018207785725955976,46
22.956,-0.0018114857725955976,46
22.958,-0.0018021929725955976,46
22.96,-0.0017929001725955976,46
22.962,-0.0011681529725956,46
22.964,-0.0010262865225955991,46
22.966,-0.0008844200725955984,46
22.968,-0.000891159772595601,46
22.97,-0.0015368883725955986,46
22.972,-0.0016659429392622653,46
22.974,-0.001794997505928932,46
22.976,-0.0019240520725955985,46
22.978,-0.0009049658725955987,46
22.98,-0.0012465246725955979,46
22.982,-0.0013044473725955983,46
22.984,-0.0013623700725955987,46
22.986,-0.0014202927725955991,46
22.988,-0.0014782154725955995,46
22.99,-0.001309327705928933,46
22.992,-0.0011404399392622663,46
22.994,-0.0009715521725955998,46
22.996,-0.0009136899725956,46
22.998,-0.0010640687725956,46
23.0,-0.0012123603225955995,47
23.002,-0.0013606518725955991,47
23.004,-0.0015089434225955987,47
23.006,-0.0016572349725955983,47
23.008,-0.001057195972595598,47
23.01,-0.0009172715725955968,47
23.012,-0.0009428630725955984,47
23.014,-0.0018163378725955977,47
23.016,-0.00150894140592893,47
23.018,-0.0012015449392622627,47
23.02,-0.0008941484725955954,47
23.022,-0.001104853839262264,47
23.024,-0.001315559205928932,47
23.026,-0.0015262645725956003,47
23.028,-0.0016381593225956,47
23.03,-0.0017500540725955997,47
23.032,-0.0018619488225955993,47
23.034,-0.001973843572595599,47
23.036,-0.001355957072595599,47
23.038,-0.0009339090725955981,47
23.04,-0.0009024853725955982,47
23.042,-0.0012644931725955995,47
23.044,-0.0013399729725955987,47
23.046,-0.0014154527725955984,47
23.048,-0.001490932572595598,47
23.05,-0.0011841612725955976,47
23.052,-0.000877389972595597,47
23.054,-0.0010033267725955974,47
23.056,-0.0011292635725955978,47
23.058,-0.001255200372595598,47
23.06,-0.0013811371725955983,47
23.062,-0.0015070739725955987,47
23.064,-0.001633010772595599,47
23.066,-0.0008797736725955976,47
23.068,-0.0009111973725955992,47
23.07,-0.0017914360725955966,47
23.072,-0.0017944066225955972,47
23.074,-0.0017973771725955975,47
23.076,-0.0018003477225955983,47
23.078,-0.0018033182725955988,47
23.08,-0.0011693024725955969,47
23.082,-0.0008896714725955997,47
23.084,-0.0014988580725955967,47
23.086,-0.0016533831392622639,47
23.088,-0.0018079082059289312,47
23.09,-0.0019624332725955984,47
23.092,-0.0016440338725955987,47
23.094,-0.0013256344725955987,47
23.096,-0.0008933982725955955,47
23.098,-0.0010664827225955967,47
23.1,-0.001239567172595598,47
23.102,-0.001304653072595598,47
23.104,-0.0013697389725955984,47
23.106,-0.0014348248725955983,47
23.108,-0.0014999107725955987,47
23.11,-0.0009595368725956004,47
23.112,-0.0008939548725955987,47
23.114,-0.0010443094725955983,47
23.116,-0.0011959799475955984,47
23.118,-0.0013476504225955989,47
23.12,-0.0014993208975955991,47
23.122,-0.0016509913725955994,47
23.124,-0.0008850492725955977,47
23.126,-0.0013294822725955979,47
23.128,-0.001773915272595598,47
23.13,-0.001786623297595598,47
23.132,-0.001799331322595598,47
23.134,-0.0018120393475955985,47
23.136,-0.0018247473725955983,47
23.138,-0.0011806401725955994,47
23.14,-0.000855864072595601,47
23.142,-0.0008566868725955987,47
23.144,-0.0014943689725955972,47
23.146,-0.001651576205928931,47
23.148,-0.0018087834392622644,47
23.15,-0.001965990672595598,47
23.152,-0.000902570072595598,47
23.154,-0.0008856179725955995,47
23.156,-0.0012445765725956,47
23.158,-0.0012962266325955995,47
23.16,-0.0013478766925955996,47
23.162,-0.0013995267525955992,47
23.164,-0.001451176812595599,47
23.166,-0.0015028268725955987,47
23.168,-0.0009632878725955984,47
23.17,-0.0008960481725955974,47
23.172,-0.0010474312725956003,47
23.174,-0.0012050851975955999,47
23.176,-0.0013627391225955994,47
23.178,-0.0015203930475955988,47
23.18,-0.0016780469725955983,47
23.182,-0.0008816612725955994,47
23.184,-0.0013224824225955987,47
23.186,-0.0017633035725955985,47
23.188,-0.0018287766725955975,47
23.19,-0.0016129046059289315,47
23.192,-0.0013970325392622651,47
23.194,-0.0011811604725955986,47
23.196,-0.0008839481725955983,47
23.198,-0.0009073737725956018,47
23.2,-0.0015066746725955983,47
23.202,-0.0016626436725955991,47
23.204,-0.0018186126725956,47
23.206,-0.0019745816725956003,47
23.208,-0.0013635437725955967,47
23.21,-0.0009299039725955971,47
23.212,-0.0009058612725955997,47
23.214,-0.0012205096725955988,47
23.216,-0.0013186205059289324,47
23.218,-0.001416731339262266,47
23.22,-0.0015148421725955999,47
23.222,-0.000984910572595598,47
23.224,-0.0008961812725955982,47
23.226,-0.0009604504225955988,47
23.228,-0.0010247195725955995,47
23.23,-0.0011909584475955992,47
23.232,-0.0013571973225955988,47
23.234,-0.0015234361975955983,47
23.236,-0.0016896750725955976,47
23.238,-0.0010776207725955982,47
23.24,-0.0008678551725956,47
23.242,-0.0009149846725955981,47
23.244,-0.0017739878725955992,47
23.246,-0.001794816005928932,47
23.248,-0.0018156441392622649,47
23.25,-0.0018364722725955972,47
23.252,-0.0011852865725955966,47
23.254,-0.0008724531725955981,47
23.256,-0.0015141161725955987,47
23.258,-0.001480069192595599,47
23.26,-0.0014460222125955995,47
23.262,-0.0014119752325955997,47
23.264,-0.0013779282525956,47
23.266,-0.0013438812725956005,47
23.268,-0.0008934224725955978,47
23.27,-0.0008995450725955979,47
23.272,-0.0012326459725955988,47
23.274,-0.0012985818975955984,47
23.276,-0.0013645178225955984,47
23.278,-0.0014304537475955982,47
23.28,-0.001496389672595598,47
23.282,-0.0009629853725955996,47
23.284,-0.0008930231725955972,47
23.286,-0.001023122372595598,47
23.288,-0.0012388129392622647,47
23.29,-0.0014545035059289311,47
23.292,-0.0016701940725955976,47
23.294,-0.001376775122595598,47
23.296,-0.001083356172595598,47
23.298,-0.0009035622725955971,47
23.3,-0.0009215065725955984,47
23.302,-0.0017326300725955983,47
23.304,-0.0017643320725955983,47
23.306,-0.001796034072595598,47
23.308,-0.0018277360725955977,47
23.31,-0.0011969630725955985,47
23.312,-0.0008755749725955965,47
23.314,-0.0008829196725956001,47
23.316,-0.0010376504392622659,47
23.318,-0.0011923812059289318,47
23.32,-0.0013471119725955976,47
23.322,-0.0011141506725955977,47
23.324,-0.0008811893725955977,47
23.326,-0.0010116539925955979,47
23.328,-0.001142118612595598,47
23.33,-0.0012725832325955985,47
23.332,-0.0014030478525955987,47
23.334,-0.0015335124725955988,47
23.336,-0.0012607119225955992,47
23.338,-0.0009879113725955997,47
23.34,-0.0008915832725956001,47
23.342,-0.0010244896725956007,47
23.344,-0.0012452582059289331,47
23.346,-0.0014660267392622658,47
23.348,-0.0016867952725955985,47
23.35,-0.0010719579725955997,47
23.352,-0.0009791388725955991,47
23.354,-0.0008863197725955986,47
23.356,-0.000914428072595598,47
23.358,-0.0017435321725955983,47
23.36,-0.001766485872595598,47
23.362,-0.001789439572595598,47
23.364,-0.0018123932725955976,47
23.366,-0.001190864672595597,47
23.368,-0.0009081723725955987,47
23.37,-0.0014694792725955964,47
23.372,-0.0015933318475955967,47
23.374,-0.0017171844225955975,47
23.376,-0.001841036997595598,47
23.378,-0.0019648895725955986,47
23.38,-0.001346289172595598,47
23.382,-0.0008919462725955965,47
23.384,-0.001039548122595598,47
23.386,-0.0011871499725955995,47
23.388,-0.0013076458059289326,47
23.39,-0.0014281416392622655,47
23.392,-0.0015486374725955983,47
23.394,-0.0012743728225955984,47
23.396,-0.0010001081725955988,47
23.398,-0.0008824477725955982,47
23.4,-0.0009960062725955998,47
23.402,-0.001976420872595596,47
23.404,-0.0018797862392622637,47
23.406,-0.0017831516059289311,47
23.408,-0.0016865169725955983,47
23.41,-0.0008693676725955966,47
23.412,-0.0008867432725955977,47
23.414,-0.0009041188725955987,47
23.416,-0.0017350258725955976,47
23.418,-0.0017678128392622644,47
23.42,-0.0018005998059289312,47
23.422,-0.0018333867725955975,47
23.424,-0.0008678188725955993,47
23.426,-0.0008831979725955965,47
23.428,-0.001163210122595598,47
23.43,-0.0014432222725955998,47
23.432,-0.0016208502725955996,47
23.434,-0.0017984782725955991,47
23.436,-0.001976106272595599,47
23.438,-0.0013750629725955991,47
23.44,-0.0008997870725955987,47
23.442,-0.0011938412725956,47
23.444,-0.0011508354525955997,47
23.446,-0.0011078296325955992,47
23.448,-0.0010648238125955988,47
23.45,-0.0010218179925955983,47
23.452,-0.0009788121725955983,47
23.454,-0.0008983834725956007,47
23.456,-0.0009920132725955988,47
23.458,-0.0019617314725956,47
23.46,-0.0018943979975955987,47
23.462,-0.0018270645225955983,47
23.464,-0.001759731047595598,47
23.466,-0.0016923975725955977,47
23.468,-0.0010794962725955998,47
23.47,-0.0008980083725955971,47
23.472,-0.0009122863725956019,47
23.474,-0.0017236155725955987,47
23.476,-0.0017694584392622652,47
23.478,-0.0018153013059289316,47
23.48,-0.0018611441725955977,47
23.482,-0.0012131165725955996,47
23.484,-0.0008795679725955973,47
23.486,-0.0008841054725955978,47
23.488,-0.0014048047725955977,47
23.49,-0.0015978159059289315,47
23.492,-0.0017908270392622651,47
23.494,-0.001983838172595599,47
23.496,-0.0013552552725955983,47
23.498,-0.0008696459725955965,47
23.5,-0.0011715167725955995,48
23.502,-0.0011343818725955996,48
23.504,-0.0010972469725955996,48
23.506,-0.0010601120725955994,48
23.508,-0.0010229771725955995,48
23.51,-0.0009858422725955998,48
23.512,-0.0009404793725955986,48
23.514,-0.0008951164725955978,48
23.516,-0.0010034840725955986,48
23.518,-0.0019680718725955983,48
23.52,-0.0018822102725955985,48
23.522,-0.001796348672595598,48
23.524,-0.001710487072595598,48
23.526,-0.0010788791725955989,48
23.528,-0.0008844079725955981,48
23.53,-0.0009152024725955984,48
23.532,-0.0012302058059289315,48
23.534,-0.0015452091392622648,48
23.536,-0.001860212472595598,48
23.538,-0.001536301522595599,48
23.54,-0.0012123905725956,48
23.542,-0.000889332672595597,48
23.544,-0.0011499424725955971,48
23.546,-0.0014105522725955978,48
23.548,-0.0015997882059289315,48
23.55,-0.001789024139262265,48
23.552,-0.0019782600725955987,48
23.554,-0.0014302389725955999,48
23.556,-0.000882217872595601,48
23.558,-0.0011297112725955972,48
23.56,-0.0012316719225955975,48
23.562,-0.001333632572595598,48
23.564,-0.0014355932225955984,48
23.566,-0.0015375538725955987,48
23.568,-0.0009858059725955971,48
23.57,-0.0008793259725955997,48
23.572,-0.0009735123725955997,48
23.574,-0.0019607513725956004,48
23.576,-0.0018710944059289328,48
23.578,-0.0017814374392622655,48
23.58,-0.0016917804725955984,48
23.582,-0.0009074463725955994,48
23.584,-0.0017072321725955988,48
23.586,-0.0017384090325955983,48
23.588,-0.0017695858925955983,48
23.59,-0.0018007627525955983,48
23.592,-0.001831939612595598,48
23.594,-0.0018631164725955976,48
23.596,-0.0012243816725956008,48
23.598,-0.0008977058725955987,48
23.6,-0.0011541593225955988,48
23.602,-0.0014106127725955987,48
23.604,-0.0014050286225955988,48
23.606,-0.0013994444725955986,48
23.608,-0.0013938603225955985,48
23.61,-0.0013882761725955983,48
23.612,-0.0009283672725956002,48
23.614,-0.0009134721725955997,48
23.616,-0.0011707181725955987,48
23.618,-0.0012986474392622648,48
23.62,-0.0014265767059289311,48
23.622,-0.0015545059725955972,48
23.624,-0.0010109739725955996,48
23.626,-0.0009042277725955992,48
23.628,-0.0019580167725955985,48
23.63,-0.001904283697595598,48
23.632,-0.0018505506225955975,48
23.634,-0.0017968175475955972,48
23.636,-0.0017430844725955968,48
23.638,-0.0011131221725956004,48
23.64,-0.0009951350725956,48
23.642,-0.0008771479725955995,48
23.644,-0.0008989158725955966,48
23.646,-0.0016871219725955976,48
23.648,-0.0017494692392622643,48
23.65,-0.0018118165059289315,48
23.652,-0.0018741637725955985,48
23.654,-0.0012481218725956013,48
23.656,-0.0008914985725955985,48
23.658,-0.0009000290725955963,48
23.66,-0.0013972301725955984,48
23.662,-0.0013969276725955982,48
23.664,-0.0013966251725955978,48
23.666,-0.0013963226725955975,48
23.668,-0.0011631254225955975,48
23.67,-0.0009299281725955976,48
23.672,-0.0009108948725955987,48
23.674,-0.001041659572595599,48
23.676,-0.0011724242725955991,48
23.678,-0.0013031889725955992,48
23.68,-0.0014339536725955996,48
23.682,-0.0015647183725955999,48
23.684,-0.0010002412725955995,48
23.686,-0.0019716171725955994,48
23.688,-0.0019208794525955991,48
23.69,-0.0018701417325955988,48
23.692,-0.0018194040125955988,48
23.694,-0.0017686662925955985,48
23.696,-0.001717928572595598,48
23.698,-0.0008948502725955981,48
23.7,-0.001659158872595599,48
23.702,-0.001698602452595599,48
23.704,-0.0017380460325955988,48
23.706,-0.0017774896125955987,48
23.708,-0.0018169331925955985,48
23.71,-0.0018563767725955985,48
23.712,-0.0012453025725955996,48
23.714,-0.0009097332725956,48
23.716,-0.000897923672595599,48
23.718,-0.001364076172595598,48
23.72,-0.001679577622595598,48
23.722,-0.0019950790725955982,48
23.724,-0.0014668535725955974,48
23.726,-0.0009386280725955965,48
23.728,-0.0008972339725955986,48
23.73,-0.0010158926225955975,48
23.732,-0.0011345512725955964,48
23.734,-0.001240834647595597,48
23.736,-0.0013471180225955975,48
23.738,-0.0014534013975955984,48
23.74,-0.001559684772595599,48
23.742,-0.0009898110725955998,48
23.744,-0.0008764703725955975,48
23.746,-0.000974722372595601,48
23.748,-0.0019393948725955968,48
23.75,-0.0018755472059289312,48
23.752,-0.0018116995392622656,48
23.754,-0.0017478518725955999,48
23.756,-0.0011139812725955971,48
23.758,-0.0008963869725955986,48
23.76,-0.000919752072595599,48
23.762,-0.0016669996725955996,48
23.764,-0.0017424109059289324,48
23.766,-0.0018178221392622649,48
23.768,-0.0018932333725955976,48
23.77,-0.001247601572595597,48
23.772,-0.0009008639725955997,48
23.774,-0.0008987948725955977,48
23.776,-0.0010778547059289312,48
23.778,-0.0012569145392622647,48
23.78,-0.001435974372595598,48
23.782,-0.0009623561725955984,48
23.784,-0.0009160252725955996,48
23.786,-0.0011496036725955996,48
23.788,-0.0011259699525955995,48
23.79,-0.0011023362325955992,48
23.792,-0.0010787025125955992,48
23.794,-0.001055068792595599,48
23.796,-0.0010314350725955986,48
23.798,-0.0010030242725955997,48
23.8,-0.0009746134725956008,48
23.802,-0.0011732863975956005,48
23.804,-0.0013719593225956003,48
23.806,-0.0015706322475956,48
23.808,-0.0017693051725955998,48
23.81,-0.0015567001059289323,48
23.812,-0.0013440950392622647,48
23.814,-0.0011314899725955972,48
23.816,-0.0008933014725955989,48
23.818,-0.0016764376725956,48
23.82,-0.0017891189225955999,48
23.822,-0.0019018001725956,48
23.824,-0.0014093241225955984,48
23.826,-0.0009168480725955976,48
23.828,-0.0009319004725956008,48
23.83,-0.0010838280725956003,48
23.832,-0.0012357556725956,48
23.834,-0.0013876832725955995,48
23.836,-0.0013954998725955992,48
23.838,-0.0014033164725955989,48
23.84,-0.0014111330725955983,48
23.842,-0.0014189496725955982,48
23.844,-0.0009548178725956,48
23.846,-0.0009322755725955992,48
23.848,-0.001153560372595598,48
23.85,-0.001272439847595598,48
23.852,-0.001391319322595598,48
23.854,-0.001510198797595598,48
23.856,-0.001629078272595598,48
23.858,-0.0010360209725955999,48
23.86,-0.0009113667725955971,48
23.862,-0.0009862294725955997,48
23.864,-0.0019042443725955996,48
23.866,-0.0016460586059289333,48
23.868,-0.0013878728392622667,48
23.87,-0.0011296870725956004,48
23.872,-0.000880330272595601,48
23.874,-0.0009121048725955968,48
23.876,-0.0012853233225955983,48
23.878,-0.0016585417725955998,48
23.88,-0.0017405918725955996,48
23.882,-0.0018226419725955996,48
23.884,-0.0019046920725955992,48
23.886,-0.0012612261725955982,48
23.888,-0.0008981656725955984,48
23.89,-0.0009022554725955994,48
23.892,-0.0013460834725955975,48
23.894,-0.0013711183725955976,48
23.896,-0.0013961532725955978,48
23.898,-0.0014211881725955978,48
23.9,-0.0009010333725955992,48
23.902,-0.000999850615452742,48
23.904,-0.0010986678583098843,48
23.906,-0.001197485101167027,48
23.908,-0.0012963023440241699,48
23.91,-0.0013951195868813126,48
23.912,-0.0014939368297384554,48
23.914,-0.001592754072595598,48
23.916,-0.0009053651725955976,48
23.918,-0.0009652117725955991,48
23.92,-0.0018951451725955969,48
23.922,-0.0018593110225955968,48
23.924,-0.0018234768725955972,48
23.926,-0.0017876427225955978,48
23.928,-0.0017518085725955982,48
23.93,-0.0008860051725955981,48
23.932,-0.0009159042725956008,48
23.934,-0.0016175711725955975,48
23.936,-0.001711846305928931,48
23.938,-0.0018061214392622643,48
23.94,-0.001900396572595598,48
23.942,-0.001277972572595598,48
23.944,-0.0008900344725955978,48
23.946,-0.0011091715225955967,48
23.948,-0.0013283085725955962,48
23.95,-0.0013476419525955967,48
23.952,-0.0013669753325955976,48
23.954,-0.0013863087125955984,48
23.956,-0.0014056420925955993,48
23.958,-0.0014249754725956,48
23.96,-0.0009382408725955981,48
23.962,-0.0008773415725955962,48
23.964,-0.001099158772595598,48
23.966,-0.0010755758725955983,48
23.968,-0.0010519929725955983,48
23.97,-0.0010284100725955988,48
23.972,-0.001004827172595599,48
23.974,-0.0009635177725955991,48
23.976,-0.0014344618725955997,48
23.978,-0.0019054059725956,48
23.98,-0.0018549247725955997,48
23.982,-0.0018044435725955987,48
23.984,-0.001753962372595598,48
23.986,-0.0011217857725955988,48
23.988,-0.0008850129725955987,48
23.99,-0.0008955641725955955,48
23.992,-0.0015932017725955976,48
23.994,-0.001664513122595598,48
23.996,-0.0017358244725955985,48
23.998,-0.0018071358225955987,48
24.0,-0.0018784471725955996,49
24.002,-0.0012633557725955976,49
24.004,-0.0009133269725955968,49
24.006,-0.000924095972595601,49
24.008,-0.0010290755725956007,49
24.01,-0.0011340551725956,49
24.012,-0.0012390347725955997,49
24.014,-0.001344014372595599,49
24.016,-0.0014489939725955987,49
24.018,-0.0009673897725955976,49
24.02,-0.0009118265725956003,49
24.022,-0.0011026556725955983,49
24.024,-0.001229297297595598,49
24.026,-0.001355938922595598,49
24.028,-0.001482580547595598,49
24.03,-0.001609222172595598,49
24.032,-0.0010490768725955977,49
24.034,-0.0009223777725955971,49
24.036,-0.0009597788725955978,49
24.038,-0.0018901841725956008,49
24.04,-0.0018593856392622665,49
24.042,-0.001828587105928932,49
24.044,-0.0017977885725955975,49
24.046,-0.0011662774725955984,49
24.048,-0.0013788139725955972,49
24.05,-0.0015913504725955964,49
24.052,-0.0016960759725955972,49
24.054,-0.001800801472595598,49
24.056,-0.0019055269725955987,49
24.058,-0.0012910163725955992,49
24.06,-0.0009055587725955976,49
24.062,-0.0009057402725955976,49
24.064,-0.001337202072595597,49
24.066,-0.0013597897475955971,49
24.068,-0.0013823774225955971,49
24.07,-0.0014049650975955972,49
24.072,-0.0014275527725955972,49
24.074,-0.0009391846725955981,49
24.076,-0.0009085595725955992,49
24.078,-0.0010910396725955956,49
24.08,-0.0012215623725955963,49
24.082,-0.0013520850725955971,49
24.084,-0.001482607772595598,49
24.086,-0.0016131304725955989,49
24.088,-0.0010213557725956,49
24.09,-0.0008920551725955985,49
24.092,-0.0009512120725955962,49
24.094,-0.0018581796725955987,49
24.096,-0.0018390011725955985,49
24.098,-0.0018198226725955984,49
24.1,-0.001800644172595598,49
24.102,-0.0011463608725955973,49
24.104,-0.0008880621725955978,49
24.106,-0.0009004646725956008,49
24.108,-0.0015811622725955977,49
24.11,-0.0016997221059289313,49
24.112,-0.001818281939262265,49
24.114,-0.0019368417725955983,49
24.116,-0.0014236565725955991,49
24.118,-0.0009104713725955997,49
24.12,-0.0010234442325955996,49
24.122,-0.0011364170925955992,49
24.124,-0.001249389952595599,49
24.126,-0.0013623628125955987,49
24.128,-0.0014753356725955985,49
24.13,-0.0008851581725955981,49
24.132,-0.000986901022595599,49
24.134,-0.0010886438725956,49
24.136,-0.0012252347225955996,49
24.138,-0.001361825572595599,49
24.14,-0.0014984164225955983,49
24.142,-0.001635007272595598,49
24.144,-0.0010291723725955968,49
24.146,-0.0008981777725956003,49
24.148,-0.0009655989725955992,49
24.15,-0.001172502922595599,49
24.152,-0.0013794068725955988,49
24.154,-0.0015863108225955985,49
24.156,-0.001793214772595598,49
24.158,-0.0011548308725955988,49
24.16,-0.000890119172595601,49
24.162,-0.0009221478725955981,49
24.164,-0.0015813074725955986,49
24.166,-0.0017037715725955983,49
24.168,-0.0018262356725955984,49
24.17,-0.0019486997725955983,49
24.172,-0.0013160633725955995,49
24.174,-0.0009290569725955987,49
24.176,-0.0012885237725955966,49
24.178,-0.0013340046475955971,49
24.18,-0.0013794855225955976,49
24.182,-0.001424966397595598,49
24.184,-0.0014704472725955984,49
24.186,-0.0009716731725956003,49
24.188,-0.0009409875725956,49
24.19,-0.0009103019725956,49
24.192,-0.0010690660725956,49
24.194,-0.0012601654059289328,49
24.196,-0.0014512647392622656,49
24.198,-0.0016423640725955983,49
24.2,-0.001265733422595598,49
24.202,-0.0008891027725955978,49
24.204,-0.0009182214225955976,49
24.206,-0.0009473400725955976,49
24.208,-0.001858421672595596,49
24.21,-0.0018372043225955968,49
24.212,-0.001815986972595598,49
24.214,-0.0014933646725955976,49
24.216,-0.0011707423725955972,49
24.218,-0.0008722837725955966,49
24.22,-0.0008899981725955969,49
24.222,-0.0015461932725955984,49
24.224,-0.0017315471225955977,49
24.226,-0.0019169009725955968,49
24.228,-0.0013033946725955984,49
24.23,-0.0008962780725956,49
24.232,-0.0012821833725955994,49
24.234,-0.0013140184725955993,49
24.236,-0.0013458535725955991,49
24.238,-0.0013776886725955992,49
24.24,-0.001409523772595599,49
24.242,-0.001441358872595599,49
24.244,-0.0014731939725955987,49
24.246,-0.0009070833725955961,49
24.248,-0.0009896295725955965,49
24.25,-0.0010721757725955967,49
24.252,-0.001068830122595597,49
24.254,-0.0010654844725955974,49
24.256,-0.0010621388225955976,49
24.258,-0.001058793172595598,49
24.26,-0.0009761138725955971,49
24.262,-0.0008934345725955962,49
24.264,-0.0018103725725955987,49
24.266,-0.001800474772595599,49
24.268,-0.0017905769725955992,49
24.27,-0.0017806791725955996,49
24.272,-0.0014737505725955996,49
24.274,-0.0011668219725955995,49
24.276,-0.0008816370725955971,49
24.278,-0.0008733485725955989,49
24.28,-0.0015101352725955964,49
24.282,-0.001207181522595596,49
24.284,-0.0009042277725955955,49
24.286,-0.000969150994817818,49
24.288,-0.0010340742170400407,49
24.29,-0.0010989974392622635,49
24.292,-0.001163920661484486,49
24.294,-0.0012288438837067084,49
24.296,-0.0012937671059289311,49
24.298,-0.0013586903281511539,49
24.3,-0.0014236135503733764,49
24.302,-0.0014885367725955988,49
24.304,-0.0009760412725955977,49
24.306,-0.0010589020725955967,49
24.308,-0.0011842096725955971,49
24.31,-0.0013095172725955978,49
24.312,-0.0014348248725955983,49
24.314,-0.001560132472595599,49
24.316,-0.0016854400725955995,49
24.318,-0.0009199456725955974,49
24.32,-0.0009500746725955994,49
24.322,-0.0018120423725956,49
24.324,-0.0018228234725955993,49
24.326,-0.0018336045725955985,49
24.328,-0.0018443856725955975,49
24.33,-0.0015260528225955975,49
24.332,-0.0012077199725955973,49
24.334,-0.0009176950725955994,49
24.336,-0.0009213129725955984,49
24.338,-0.0011813026475955982,49
24.34,-0.001441292322595598,49
24.342,-0.001701281997595598,49
24.344,-0.001961271672595598,49
24.346,-0.0013327976725955992,49
24.348,-0.0009193769725955971,49
24.35,-0.0009186388725955992,49
24.352,-0.0012560473725955965,49
24.354,-0.0013389202725955969,49
24.356,-0.0014217931725955975,49
24.358,-0.001504666072595598,49
24.36,-0.0009660950725955981,49
24.362,-0.0009260743225955976,49
24.364,-0.0008860535725955972,49
24.366,-0.0010325482725956,49
24.368,-0.0011955261975955995,49
24.37,-0.0013585041225955994,49
24.372,-0.0015214820475955991,49
24.374,-0.0016844599725955988,49
24.376,-0.0008956488725955987,49
24.378,-0.0009375753725955997,49
24.38,-0.001385063622595598,49
24.382,-0.0018325518725955964,49
24.384,-0.001625190139262264,49
24.386,-0.0014178284059289316,49
24.388,-0.0012104666725955991,49
24.39,-0.000933521872595596,49
24.392,-0.001133232372595597,49
24.394,-0.0013329428725955975,49
24.396,-0.0015326533725955986,49
24.398,-0.0017463151725955984,49
24.4,-0.0019599769725955982,49
24.402,-0.0016452862225955983,49
24.404,-0.0013305954725955985,49
24.406,-0.0008971129725955998,49
24.408,-0.0010681706725955992,49
24.41,-0.0012392283725955987,49
24.412,-0.0013072515475955988,49
24.414,-0.0013752747225955987,49
24.416,-0.001443297897595599,49
24.418,-0.0015113210725955992,49
24.42,-0.0009798164725955993,49
24.422,-0.0009980027725955986,49
24.424,-0.001016189072595598,49
24.426,-0.0010343753725955975,49
24.428,-0.001052561672595597,49
24.43,-0.0010707479725955964,49
24.432,-0.0009828172725955975,49
24.434,-0.0008948865725955986,49
24.436,-0.0017794207725956006,49
24.438,-0.0017835529225956,49
24.44,-0.0017876850725955995,49
24.442,-0.0017918172225955989,49
24.444,-0.0017959493725955983,49
24.446,-0.001187803372595598,49
24.448,-0.0008888123725955993,49
24.45,-0.0008975969725956019,49
24.452,-0.0014867217725955985,49
24.454,-0.0017340518225955988,49
24.456,-0.001981381872595599,49
24.458,-0.0016613126725955989,49
24.46,-0.0013412434725955987,49
24.462,-0.0009055345725955971,49
24.464,-0.0009054256725955985,49
24.466,-0.0012233168725955983,49
24.468,-0.0012864758475955988,49
24.47,-0.001349634822595599,49
24.472,-0.0014127937975955992,49
24.474,-0.0014759527725955995,49
24.476,-0.0009599240725955987,49
24.478,-0.0008861019725955981,49
24.48,-0.0010186211725955983,49
24.482,-0.0009881745475955987,49
24.484,-0.0009577279225955992,49
24.486,-0.0009272812975955995,49
24.488,-0.0008968346725955999,49
24.49,-0.0009251849725956003,49
24.492,-0.0017477792725956003,49
24.494,-0.0017664423125955998,49
24.496,-0.0017851053525955991,49
24.498,-0.0018037683925955985,49
24.5,-0.0018224314325955985,50
24.502,-0.0018410944725955976,50
24.504,-0.0012250471725955992,50
24.506,-0.0009118991725956,50
24.508,-0.0009093339725955997,50
24.51,-0.0014659218725956,50
24.512,-0.0016383388059289332,50
24.514,-0.001810755739262266,50
24.516,-0.001983172672595599,50
24.518,-0.001354952772595598,50
24.52,-0.0009242169725955998,50
24.522,-0.0009026668725955998,50
24.524,-0.0011985360725955962,50
24.526,-0.0012852628225955968,50
24.528,-0.0013719895725955971,50
24.53,-0.001458716322595598,50
24.532,-0.0015454430725955984,50
24.534,-0.0010025039725955979,50
24.536,-0.0008954552725956004,50
24.538,-0.001011264372595598,50
24.54,-0.0019985396725955974,50
24.542,-0.0018959881392622648,50
24.544,-0.001793436605928932,50
24.546,-0.0016908850725955993,50
24.548,-0.0010826664725955993,50
24.55,-0.0008967257725955978,50
24.552,-0.0009153718725955981,50
24.554,-0.0017395875725955984,50
24.556,-0.0015649240725955985,50
24.558,-0.0013902605725955985,50
24.56,-0.0012155970725955985,50
24.562,-0.0009041551725955976,50
24.564,-0.0014696486725955975,50
24.566,-0.0015703230925955976,50
24.568,-0.0016709975125955975,50
24.57,-0.0017716719325955976,50
24.572,-0.0018723463525955977,50
24.574,-0.001973020772595597,50
24.576,-0.0013672463725955993,50
24.578,-0.0009172231725955976,50
24.58,-0.0008902038725955991,50
24.582,-0.0011724242725955972,50
24.584,-0.0012568943725955975,50
24.586,-0.0013413644725955983,50
24.588,-0.0014258345725955987,50
24.59,-0.0015103046725955995,50
24.592,-0.0009937919725956004,50
24.594,-0.0010062428725955974,50
24.596,-0.0019756585725955976,50
24.598,-0.0019123362475955976,50
24.6,-0.001849013922595598,50
24.602,-0.0017856915975955983,50
24.604,-0.0017223692725955985,50
24.606,-0.0009256084725955976,50
24.608,-0.0009262134725956002,50
24.61,-0.0011572115475956,50
24.612,-0.0013882096225955997,50
24.614,-0.0016192076975955995,50
24.616,-0.0018502057725955992,50
24.618,-0.0011977374725956006,50
24.62,-0.0008681334725955981,50
24.622,-0.0009021949725955998,50
24.624,-0.001430505172595596,50
24.626,-0.0019978741725955977,50
24.628,-0.0013749419725955989,50
24.63,-0.0011495794725955985,50
24.632,-0.0009242169725955981,50
24.634,-0.0009174409725955987,50
24.636,-0.0009106649725955998,50
24.638,-0.0011977374725955954,50
24.64,-0.001284089122595596,50
24.642,-0.0013704407725955963,50
24.644,-0.0014567924225955971,50
24.646,-0.0015431440725955977,50
24.648,-0.0009903555725955975,50
24.65,-0.000901977172595601,50
24.652,-0.0010181371725955998,50
24.654,-0.0019867058725956,50
24.656,-0.0018986380392622655,50
24.658,-0.001810570205928932,50
24.66,-0.0017225023725955975,50
24.662,-0.0011010947725955988,50
24.664,-0.0008979720725956,50
24.666,-0.0009194011725955978,50
24.668,-0.0017113582725955968,50
24.67,-0.001771091939262264,50
24.672,-0.0018308256059289315,50
24.674,-0.0018905592725955989,50
24.676,-0.0012427131725955968,50
24.678,-0.0009041309725955971,50
24.68,-0.0009221720725955984,50
24.682,-0.0014158157725955994,50
24.684,-0.001409560072595599,50
24.686,-0.0014033043725955987,50
24.688,-0.0013970486725955983,50
24.69,-0.0013907929725955979,50
24.692,-0.0009235272725955992,50
24.694,-0.0008949833725955987,50
24.696,-0.0010306727725955989,50
24.698,-0.0011663621725955988,50
24.7,-0.001302051572595599,50
24.702,-0.0014377409725955987,50
24.704,-0.0015734303725955991,50
24.706,-0.0010249252725955983,50
24.708,-0.0009221478725955981,50
24.71,-0.0010098849725956004,50
24.712,-0.0013613778725955995,50
24.714,-0.0017128707725955986,50
24.716,-0.0008754297725955992,50
24.718,-0.0009071075725956,50
24.72,-0.0013027836225955993,50
24.722,-0.0016984596725955984,50
24.724,-0.0016073152125955982,50
24.726,-0.001516170752595598,50
24.728,-0.0014250262925955975,50
24.73,-0.0013338818325955976,50
24.732,-0.0012427373725955974,50
24.734,-0.001071401372595598,50
24.736,-0.0009000653725955987,50
24.738,-0.0011722094975955989,50
24.74,-0.0014443536225955988,50
24.742,-0.0017164977475955991,50
24.744,-0.0019886418725955993,50
24.746,-0.0016942730725955993,50
24.748,-0.0013999042725955993,50
24.75,-0.0009346955725956003,50
24.752,-0.0008873845725955974,50
24.754,-0.0011287311725955984,50
24.756,-0.0013483703725955991,50
24.758,-0.0015680095725955998,50
24.76,-0.0012963645725955996,50
24.762,-0.0010247195725955995,50
24.764,-0.0009717094725955992,50
24.766,-0.0012919198392622657,50
24.768,-0.001612130205928932,50
24.77,-0.0019323405725955988,50
24.772,-0.0018605553059289324,50
24.774,-0.0017887700392622663,50
24.776,-0.0017169847725955999,50
24.778,-0.0009039615725955976,50
24.78,-0.0009157832725955987,50
24.782,-0.0012930673225955988,50
24.784,-0.0016703513725955987,50
24.786,-0.0017742177725955993,50
24.788,-0.0018780841725956,50
24.79,-0.0008956730725955992,50
24.792,-0.0008958424725955989,50
24.794,-0.0008960118725955987,50
24.796,-0.0008961812725955982,50
24.798,-0.0013839201725955996,50
24.8,-0.0013951398975955995,50
24.802,-0.0014063596225955995,50
24.804,-0.0014175793475955994,50
24.806,-0.0014287990725955991,50
24.808,-0.0011517211725955987,50
24.81,-0.0011252850925955987,50
24.812,-0.0010988490125955984,50
24.814,-0.0010724129325955984,50
24.816,-0.001045976852595598,50
24.818,-0.001019540772595598,50
24.82,-0.0008971129725955981,50
24.822,-0.0009814257725955997,50
24.824,-0.0019288194725956,50
24.826,-0.0015236086225956,50
24.828,-0.0011183977725956005,50
24.83,-0.0010418894725956003,50
24.832,-0.0009653811725956003,50
24.834,-0.0008888728725956005,50
24.836,-0.0008899094392622666,50
24.838,-0.0008909460059289328,50
24.84,-0.0008919825725955989,50
24.842,-0.0016258475725955991,50
24.844,-0.0017589899225955987,50
24.846,-0.0018921322725955984,50
24.848,-0.0012593264725955997,50
24.85,-0.0012986938225955985,50
24.852,-0.0013380611725955973,50
24.854,-0.0013509577559289306,50
24.856,-0.001363854339262264,50
24.858,-0.0013767509225955975,50
24.86,-0.0013896475059289308,50
24.862,-0.0014025440892622644,50
24.864,-0.0014154406725955975,50
24.866,-0.0009300733725955984,50
24.868,-0.0008954794725955991,50
24.87,-0.0011288279725956,50
24.872,-0.0012518819475956,50
24.874,-0.0013749359225955996,50
24.876,-0.0014979898975955991,50
24.878,-0.001621043872595599,50
24.88,-0.0009680552725955978,50
24.882,-0.001283578905928932,50
24.884,-0.001599102539262266,50
24.886,-0.0019146261725956,50
24.888,-0.0018488021725955996,50
24.89,-0.0017829781725955984,50
24.892,-0.0014586437225955979,50
24.894,-0.0011343092725955971,50
24.896,-0.0009202602725955981,50
24.898,-0.0012853777725955985,50
24.9,-0.0016504952725955987,50
24.902,-0.001462140622595599,50
24.904,-0.001273785972595599,50
24.906,-0.0010758118225955987,50
24.908,-0.0008778376725955983,50
24.91,-0.0009604772154527411,50
24.912,-0.001043116758309884,50
24.914,-0.0011257563011670268,50
24.916,-0.0012083958440241697,50
24.918,-0.0012910353868813126,50
24.92,-0.0013736749297384556,50
24.922,-0.0014563144725955983,50
24.924,-0.0009539103725955989,50
24.926,-0.0011242299725955987,50
24.928,-0.0012845912725955987,50
24.93,-0.0014449525725955988,50
24.932,-0.0016053138725955988,50
24.934,-0.0013140487225955988,50
24.936,-0.0010227835725955987,50
24.938,-0.0014635381725955979,50
24.94,-0.0019042927725955968,50
24.942,-0.0018478160225955977,50
24.944,-0.0017913392725955983,50
24.946,-0.0008883404725955978,50
24.948,-0.0008879895725956016,50
24.95,-0.001067986147595601,50
24.952,-0.0012479827225956005,50
24.954,-0.0014279792975955999,50
24.956,-0.0016079758725955993,50
24.958,-0.0016870826475955994,50
24.96,-0.0017661894225955996,50
24.962,-0.0018452961975956,50
24.964,-0.0019244029725956,50
24.966,-0.0008923697725955973,50
24.968,-0.0009004162725955999,50
24.97,-0.0009180621059289329,50
24.972,-0.0009357079392622659,50
24.974,-0.0009533537725955992,50
24.976,-0.0008972218725956,50
24.978,-0.0010031055154527424,50
24.98,-0.0011089891583098853,50
24.982,-0.0012148728011670276,50
24.984,-0.0013207564440241705,50
24.986,-0.0014266400868813128,50
24.988,-0.0015325237297384555,50
24.99,-0.001638407372595598,50
24.992,-0.0013469365225955987,50
24.994,-0.0010554656725955992,50
24.996,-0.0009540071725955971,50
24.998,-0.0018856345725955963,50
25.0,-0.0016998904975955964,51
25.002,-0.0015141464225955966,51
25.004,-0.0013284023475955966,51
25.006,-0.0011426582725955967,51
25.008,-0.0008914501725955995,51
25.01,-0.0010988175525955992,51
25.012,-0.0013061849325955992,51
25.014,-0.0015135523125955988,51
25.016,-0.0017209196925955987,51
25.018,-0.0019282870725955985,51
25.02,-0.0013022572725955982,51
25.022,-0.0008723805725955984,51
25.024,-0.0010627700392622647,51
25.026,-0.0012531595059289307,51
25.028,-0.0014435489725955972,51
25.03,-0.0013829683059289305,51
25.032,-0.0013223876392622635,51
25.034,-0.0012618069725955968,51
25.036,-0.00120122630592893,51
25.038,-0.0011406456392622632,51
25.04,-0.0010800649725955964,51
25.042,-0.0010673629975955967,51
25.044,-0.0010546610225955974,51
25.046,-0.0010419590475955979,51
25.048,-0.0010292570725955984,51
25.05,-0.0009579578225955972,51
25.052,-0.0008866585725955962,51
25.054,-0.0018713202725956,51
25.056,-0.0016349185392622663,51
25.058,-0.001398516805928933,51
25.06,-0.0011621150725955997,51
25.062,-0.0009151540725955976,51
25.064,-0.0015963235725955996,51
25.066,-0.001771380322595599,51
25.068,-0.0019464370725955984,51
25.07,-0.0016007602392622653,51
25.072,-0.001255083405928932,51
25.074,-0.0009094065725955992,51
25.076,-0.0009020679225955975,51
25.078,-0.0008947292725955957,51
25.08,-0.0012996920725955995,51
25.082,-0.0013483522225955992,51
25.084,-0.001397012372595599,51
25.086,-0.0014456725225955984,51
25.088,-0.0014943326725955983,51
25.09,-0.0009132543725955988,51
25.092,-0.0010033570225955989,51
25.094,-0.0010934596725955988,51
25.096,-0.0012034220525955984,51
25.098,-0.0013133844325955984,51
25.1,-0.001423346812595598,51
25.102,-0.001533309192595598,51
25.104,-0.0016432715725955976,51
25.106,-0.0010335162725955988,51
25.108,-0.0009228980725955981,51
25.11,-0.001068442922595598,51
25.112,-0.0012139877725955983,51
25.114,-0.0013595326225955984,51
25.116,-0.0015050774725955984,51
25.118,-0.0016506223225955987,51
25.12,-0.0017961671725955988,51
25.122,-0.0011575654725955971,51
25.124,-0.0008598449725955997,51
25.126,-0.0008881226725955988,51
25.128,-0.0015673198725955993,51
25.13,-0.0016951604059289322,51
25.132,-0.0018230009392622647,51
25.134,-0.001950841472595598,51
25.136,-0.0013124454725955987,51
25.138,-0.0009035380725955968,51
25.14,-0.0012853414725955967,51
25.142,-0.001320758172595597,51
25.144,-0.0013561748725955975,51
25.146,-0.0013915915725955976,51
25.148,-0.001427008272595598,51
25.15,-0.001462424972595598,51
25.152,-0.0009516113725955965,51
25.154,-0.0008889333725955982,51
25.156,-0.0010462091725955969,51
25.158,-0.0011884900475955971,51
25.16,-0.0013307709225955971,51
25.162,-0.0014730517975955976,51
25.164,-0.0016153326725955978,51
25.166,-0.0008706260725955972,51
25.168,-0.0008847104725955975,51
25.17,-0.0008987948725955977,51
25.172,-0.0018000512725955993,51
25.174,-0.0017886893725955991,51
25.176,-0.0017773274725955991,51
25.178,-0.0017659655725955987,51
25.18,-0.0011293240725955972,51
25.182,-0.0008548960725956005,51
25.184,-0.0014895410725955984,51
25.186,-0.0015930111975955984,51
25.188,-0.0016964813225955984,51
25.19,-0.0017999514475955983,51
25.192,-0.0019034215725955983,51
25.194,-0.0012763753725956,51
25.196,-0.0013377889225956,51
25.198,-0.0013992024725956002,51
25.2,-0.0009887946725955984,51
25.202,-0.001988242572595599,51
25.204,-0.0017911819725955989,51
25.206,-0.001594121372595599,51
25.208,-0.0009970589725955999,51
25.21,-0.0008401945725955966,51
25.212,-0.0009435850392622634,51
25.214,-0.00104697550592893,51
25.216,-0.0011503659725955971,51
25.218,-0.001253756439262264,51
25.22,-0.0013571469059289307,51
25.222,-0.0014605373725955976,51
25.224,-0.0015639278392622644,51
25.226,-0.0016673183059289312,51
25.228,-0.001770708772595598,51
25.23,-0.001783099172595598,51
25.232,-0.0017954895725955985,51
25.234,-0.0014741135725955977,51
25.236,-0.0011527375725955968,51
25.238,-0.0008524397725955987,51
25.24,-0.0008517863725956003,51
25.242,-0.001477102272595598,51
25.244,-0.0016260936059289315,51
25.246,-0.0017750849392622655,51
25.248,-0.0019240762725955991,51
25.25,-0.0013150227725955976,51
25.252,-0.0008843837725955993,51
25.254,-0.0008591068725955982,51
25.256,-0.001181692872595598,51
25.258,-0.0012504057475955978,51
25.26,-0.0013191186225955977,51
25.262,-0.0013878314975955975,51
25.264,-0.0014565443725955971,51
25.266,-0.0009188082725955989,51
25.268,-0.0008447441725955955,51
25.27,-0.0009867376725955987,51
25.272,-0.0019824708725956,51
25.274,-0.0016666084392622663,51
25.276,-0.001350746005928933,51
25.278,-0.0010348835725955995,51
25.28,-0.0009522103225955996,51
25.282,-0.0008695370725955996,51
25.284,-0.0008778376725956001,51
25.286,-0.0011062130725955997,51
25.288,-0.0013345884725955992,51
25.29,-0.0015629638725955988,51
25.292,-0.0017913392725955983,51
25.294,-0.0011570814725955988,51
25.296,-0.0008687384725955989,51
25.298,-0.0011710630225955988,51
25.3,-0.001473387572595599,51
25.302,-0.0016432030059289327,51
25.304,-0.001813018439262266,51
25.306,-0.0019828338725956,51
25.308,-0.0013441958725955991,51
25.31,-0.0009341268725955968,51
25.312,-0.0009243742725955976,51
25.314,-0.0012445402725956012,51
25.316,-0.0013185045475956007,51
25.318,-0.0013924688225956,51
25.32,-0.0014664330975955996,51
25.322,-0.0015403973725955991,51
25.324,-0.0010192261725956008,51
25.326,-0.0011713546325956004,51
25.328,-0.0013234830925955999,51
25.33,-0.0014756115525955994,51
25.332,-0.0016277400125955987,51
25.334,-0.0017798684725955985,51
25.336,-0.0014571977725955987,51
25.338,-0.0011345270725955994,51
25.34,-0.0009694346725955987,51
25.342,-0.0014071642725955987,51
25.344,-0.0018448938725955984,51
25.346,-0.0017221696225955987,51
25.348,-0.001599445372595599,51
25.35,-0.001476721122595599,51
25.352,-0.0013539968725955996,51
25.354,-0.0010028306725955987,51
25.356,-0.0010570991725955964,51
25.358,-0.0016572470725955968,51
25.36,-0.001680554697595597,51
25.362,-0.0017038623225955972,51
25.364,-0.0017271699475955977,51
25.366,-0.001750477572595598,51
25.368,-0.0013686378725955971,51
25.37,-0.0017139234725955972,51
25.372,-0.0016874930392622636,51
25.374,-0.0016610626059289303,51
25.376,-0.0016346321725955971,51
25.378,-0.0016082017392622637,51
25.38,-0.0015817713059289305,51
25.382,-0.001555340872595597,51
25.384,-0.0014473483725955978,51
25.386,-0.0015533322725955999,51
25.388,-0.0015375708125955991,51
25.39,-0.0015218093525955988,51
25.392,-0.0015060478925955985,51
25.394,-0.001490286432595598,51
25.396,-0.0014745249725955974,51
25.398,-0.0012380183725956007,51
25.4,-0.0012097547892622668,51
25.402,-0.0011814912059289328,51
25.404,-0.0011532276225955987,51
25.406,-0.001124964039262265,51
25.408,-0.001096700455928931,51
25.41,-0.0010684368725955972,51
25.412,-0.001053215072595596,51
25.414,-0.0012959047725955965,51
25.416,-0.001538594472595597,51
25.418,-0.0015150841725955978,51
25.42,-0.0014915738725955984,51
25.422,-0.0014680635725955991,51
25.424,-0.0014445532725956,51
25.426,-0.0009789815725955982,51
25.428,-0.000929202172595598,51
25.43,-0.0012219374725955974,51
25.432,-0.0012868842225955976,51
25.434,-0.0013518309725955979,51
25.436,-0.001416777722595598,51
25.438,-0.0014817244725955983,51
25.44,-0.0009421733725955976,51
25.442,-0.0008501286725955993,51
25.444,-0.0009354457725955985,51
25.446,-0.001922370172595599,51
25.448,-0.0018117156725955983,51
25.45,-0.0017010611725955984,51
25.452,-0.001590406672595598,51
25.454,-0.000986882872595596,51
25.456,-0.0007977719725956004,51
25.458,-0.0008037735725956,51
25.46,-0.0016319580725956007,51
25.462,-0.0016585861392622667,51
25.464,-0.0016852142059289327,51
25.466,-0.0017118422725955987,51
25.468,-0.0007665781725955979,51
25.47,-0.001305500072595599,51
25.472,-0.0014416038975955986,51
25.474,-0.001577707722595598,51
25.476,-0.0017138115475955975,51
25.478,-0.001849915372595597,51
25.48,-0.001540621222595598,51
25.482,-0.0012313270725955987,51
25.484,-0.0007296731725956011,51
25.486,-0.0010176047725956004,51
25.488,-0.0012483184975956,51
25.49,-0.0014790322225955999,51
25.492,-0.0017097459475955996,51
25.494,-0.0019404596725955993,51
25.496,-0.001391059172595599,51
25.498,-0.0008400614725955975,51
25.5,-0.0008600990725955991,52
25.502,-0.0013401665725955997,52
25.504,-0.0018202340725956,52
25.506,-0.0017292098059289327,52
25.508,-0.001638185539262266,52
25.51,-0.001547161272595599,52
25.512,-0.0009431897725955974,52
25.514,-0.0007749150725955988,52
25.516,-0.000843788272595597,52
25.518,-0.0016332648725955988,52
25.52,-0.0015171573059289325,52
25.522,-0.0014010497392622663,52
25.524,-0.0012849421725956,52
25.526,-0.0010841245225955993,52
25.528,-0.0008833068725955986,52
25.53,-0.0008910992725955982,52
25.532,-0.0014982167725956005,52
25.534,-0.0014214936975955996,52
25.536,-0.0013447706225955987,52
25.538,-0.0012680475475955976,52
25.54,-0.0011913244725955969,52
25.542,-0.0012260877725955958,52
25.544,-0.0014022153725955968,52
25.546,-0.0015783429725955975,52
25.548,-0.0015641109525955984,52
25.55,-0.001549878932595599,52
25.552,-0.0015356469125955997,52
25.554,-0.0015214148925956003,52
25.556,-0.0015071828725956007,52
25.558,-0.001396346872595598,52
25.56,-0.0015440394725955984,52
25.562,-0.0016036803725955984,52
25.564,-0.0016633212725955984,52
25.566,-0.0017229621725955984,52
25.568,-0.0017826030725955984,52
25.57,-0.001579637672595599,52
25.572,-0.001589438672595599,52
25.574,-0.0016486238059289324,52
25.576,-0.0017078089392622655,52
25.578,-0.0017669940725955988,52
25.58,-0.001826179205928932,52
25.582,-0.0018853643392622648,52
25.584,-0.0019445494725955983,52
25.586,-0.001623996272595598,52
25.588,-0.0016340453225955982,52
25.59,-0.0016440943725955983,52
25.592,-0.0016541434225955983,52
25.594,-0.0016641924725955988,52
25.596,-0.0016742415225955989,52
25.598,-0.0016842905725955992,52
25.6,-0.0016452196725955971,52
25.602,-0.0017747985725955968,52
25.604,-0.0019043774725955968,52
25.606,-0.0018277058225955969,52
25.608,-0.0017510341725955967,52
25.61,-0.0016743625225955968,52
25.612,-0.001597690872595597,52
25.614,-0.0016499749725955996,52
25.616,-0.001654716444024171,52
25.618,-0.0016594579154527425,52
25.62,-0.0016641993868813135,52
25.622,-0.0016689408583098852,52
25.624,-0.0016736823297384565,52
25.626,-0.001678423801167028,52
25.628,-0.0016831652725955992,52
25.63,-0.0014338689725955974,52
25.632,-0.0014010779725955984,52
25.634,-0.001453333032595598,52
25.636,-0.0015055880925955978,52
25.638,-0.0015578431525955976,52
25.64,-0.0016100982125955975,52
25.642,-0.0016623532725955972,52
25.644,-0.0012530949725955975,52
25.646,-0.001716125672595598,52
25.648,-0.001609991732595598,52
25.65,-0.001503857792595598,52
25.652,-0.0013977238525955979,52
25.654,-0.001291589912595598,52
25.656,-0.001185455972595598,52
25.658,-0.0011561618725955984,52
25.66,-0.0011268677725955988,52
25.662,-0.0012532183925955983,52
25.664,-0.001379569012595598,52
25.666,-0.0015059196325955975,52
25.668,-0.0016322702525955976,52
25.67,-0.0017586208725955971,52
25.672,-0.001169834872595598,52
25.674,-0.001062737772595598,52
25.676,-0.001132566872595598,52
25.678,-0.0011513097725955978,52
25.68,-0.0011700526725955977,52
25.682,-0.0011887955725955975,52
25.684,-0.0012075384725955972,52
25.686,-0.0009925819725955987,52
25.688,-0.0009869312725955997,52
25.69,-0.0009812805725956002,52
25.692,-0.0017198766725955992,52
25.694,-0.0015842598725955993,52
25.696,-0.0014486430725955991,52
25.698,-0.0013130262725955988,52
25.7,-0.0009666758725955984,52
25.702,-0.0009604443725955971,52
25.704,-0.000954212872595596,52
25.706,-0.0009459606725955964,52
25.708,-0.0009377084725955968,52
25.71,-0.0009294562725955976,52
25.712,-0.0009212040725955981,52
25.714,-0.0009129518725955986,52
25.716,-0.000982906005928932,52
25.718,-0.0010528601392622652,52
25.72,-0.0011228142725955986,52
25.722,-0.0012326973975955989,52
25.724,-0.001342580522595599,52
25.726,-0.0014524636475955993,52
25.728,-0.0015623467725955995,52
25.73,-0.0008896230725956005,52
25.732,-0.0009489251725955971,52
25.734,-0.001412724222595598,52
25.736,-0.0018765232725955984,52
25.738,-0.0018241988392622651,52
25.74,-0.0017718744059289318,52
25.742,-0.0017195499725955984,52
25.744,-0.0010770762725955969,52
25.746,-0.0008548718725955965,52
25.748,-0.0008872514725956002,52
25.75,-0.0012131649725955994,52
25.752,-0.0015390784725955987,52
25.754,-0.0018649919725955977,52
25.756,-0.0012155123725955987,52
25.758,-0.0008439334725955979,52
25.76,-0.000866015972595599,52
25.762,-0.0010917172725955987,52
25.764,-0.0013174185725955984,52
25.766,-0.0013304220392622655,52
25.768,-0.0013434255059289323,52
25.77,-0.0013564289725955991,52
25.772,-0.0011244114725955984,52
25.774,-0.0008923939725955977,52
25.776,-0.0008691982725955971,52
25.778,-0.0010832472725955979,52
25.78,-0.0012405956725955979,52
25.782,-0.0013979440725955979,52
25.784,-0.0015552924725955979,52
25.786,-0.0012669978725955988,52
25.788,-0.0009787032725955998,52
25.79,-0.0008612969725955969,52
25.792,-0.0009270725725955968,52
25.794,-0.0009664792475955978,52
25.796,-0.0010058859225955986,52
25.798,-0.0010452925975955995,52
25.8,-0.0010846992725956003,52
25.802,-0.0008708680725955964,52
25.804,-0.0015796497725955976,52
25.806,-0.0016326114725955978,52
25.808,-0.001685573172595598,52
25.81,-0.0017385348725955983,52
25.812,-0.0017914965725955988,52
25.814,-0.0018444582725955993,52
25.816,-0.0012205943725955987,52
25.818,-0.0008631119725955974,52
25.82,-0.0012782024725955987,52
25.822,-0.0013012795925955987,52
25.824,-0.0013243567125955983,52
25.826,-0.001347433832595598,52
25.828,-0.0013705109525955976,52
25.83,-0.0013935880725955971,52
25.832,-0.0008737962725955984,52
25.834,-0.0009743896225955994,52
25.836,-0.0010749829725956,52
25.838,-0.0011991592225955995,52
25.84,-0.001323335472595599,52
25.842,-0.0014475117225955987,52
25.844,-0.0015716879725955982,52
25.846,-0.0008594214725955989,52
25.848,-0.0008874390225955984,52
25.85,-0.000915456572595598,52
25.852,-0.0018581675725955983,52
25.854,-0.001818096405928932,52
25.856,-0.001778025239262266,52
25.858,-0.0017379540725955996,52
25.86,-0.0011207330725955984,52
25.862,-0.0008681576725955985,52
25.864,-0.0008803060725955969,52
25.866,-0.0015739869725955988,52
25.868,-0.0016728238059289322,52
25.87,-0.0017716606392622653,52
25.872,-0.0018704974725955983,52
25.874,-0.0012467424725955984,52
25.876,-0.0008730218725955981,52
25.878,-0.0008601474725956001,52
25.88,-0.0012530707725956004,52
25.882,-0.0014927959725956,52
25.884,-0.0017325211725955992,52
25.886,-0.001972246372595599,52
25.888,-0.0013896918725955984,52
25.89,-0.0008638984725955964,52
25.892,-0.0010336614725955963,52
25.894,-0.0011428518725955968,52
25.896,-0.0012520422725955972,52
25.898,-0.0013612326725955977,52
25.9,-0.001470423072595598,52
25.902,-0.0015796134725955986,52
25.904,-0.0009823695725955982,52
25.906,-0.000854823472595601,52
25.908,-0.0008873482725955984,52
25.91,-0.0017868743725955993,52
25.912,-0.0015600921392622657,52
25.914,-0.001333309905928932,52
25.916,-0.0011065276725955983,52
25.918,-0.0009865864225955976,52
25.92,-0.0008666451725955966,52
25.922,-0.0008824114725956012,52
25.924,-0.0012255069725956,52
25.926,-0.001568602472595599,52
25.928,-0.0019116979725955984,52
25.93,-0.0015895233725955983,52
25.932,-0.0012673487725955983,52
25.934,-0.0008812135725955965,52
25.936,-0.000889683572595598,52
25.938,-0.0012759276725956004,52
25.94,-0.0013147837975955995,52
25.942,-0.001353639922595599,52
25.944,-0.0013924960475955985,52
25.946,-0.0014313521725955979,52
25.948,-0.0009380593725955982,52
25.95,-0.0009026789725955984,52
25.952,-0.0010722362725955996,52
25.954,-0.0012441288725955988,52
25.956,-0.001416021472595598,52
25.958,-0.0015879140725955972,52
25.96,-0.0012949670225955974,52
25.962,-0.0010020199725955976,52
25.964,-0.0018161321725955993,52
25.966,-0.0018048912725955987,52
25.968,-0.0017936503725955988,52
25.97,-0.0017824094725955987,52
25.972,-0.0017711685725955988,52
25.974,-0.0017599276725955987,52
25.976,-0.001126928272595598,52
25.978,-0.000853915972595598,52
25.98,-0.0008631845725955987,52
25.982,-0.0015138136725956,52
25.984,-0.001643215105928933,52
25.986,-0.0017726165392622656,52
25.988,-0.0019020179725955984,52
25.99,-0.0008583566725955983,52
25.992,-0.0008685327725955967,52
25.994,-0.0010573895725955983,52
25.996,-0.0012462463725955997,52
25.998,-0.0012928495225955992,52
26.0,-0.0013394526725955987,53
26.002,-0.001386055822595598,53
26.004,-0.0014326589725955977,53
26.006,-0.0009186146725955989,53
26.008,-0.0008607887725955998,53
26.01,-0.0010465237725955992,53
26.012,-0.0010408337475955993,53
26.014,-0.0010351437225955991,53
26.016,-0.0010294536975955992,53
26.018,-0.0010237636725955995,53
26.02,-0.0008947292725955976,53
26.022,-0.0009046391725955987,53
26.024,-0.0009145490725956003,53
26.026,-0.0017978611725955988,53
26.028,-0.0015783308725955986,53
26.03,-0.0013588005725955986,53
26.032,-0.0011392702725955984,53
26.034,-0.0010164431725955972,53
26.036,-0.000893616072595596,53
26.038,-0.0011003445725955967,53
26.04,-0.0013070730725955972,53
26.042,-0.0015138015725955976,53
26.044,-0.0017205300725955982,53
26.046,-0.0019272585725955988,53
26.048,-0.0013206976725956,53
26.05,-0.0008810562725955971,53
26.052,-0.001054878822595598,53
26.054,-0.0012287013725955987,53
26.056,-0.0013178945059289324,53
26.058,-0.001407087639262266,53
26.06,-0.0014962807725955995,53
26.062,-0.0009633120725956003,53
26.064,-0.0008788903725956003,53
26.066,-0.0010075496725955972,53
26.068,-0.0011356644725955974,53
26.07,-0.0012637792725955978,53
26.072,-0.001391894072595598,53
26.074,-0.0015200088725955984,53
26.076,-0.0016481236725955986,53
26.078,-0.001043631872595598,53
26.08,-0.0008757201725955992,53
26.082,-0.0009033444725955984,53
26.084,-0.0017754882725955993,53
26.086,-0.0017915994225955988,53
26.088,-0.0018077105725955985,53
26.09,-0.0013361614725955987,53
26.092,-0.0008646123725955991,53
26.094,-0.0008755870725955968,53
26.096,-0.0015009513725955988,53
26.098,-0.001617658897595599,53
26.1,-0.0017343664225955991,53
26.102,-0.0018510739475955996,53
26.104,-0.0019677814725956,53
26.106,-0.001320165272595597,53
26.108,-0.0009120564725955976,53
26.11,-0.0012089420725955972,53
26.112,-0.0011598209125955972,53
26.114,-0.001110699752595597,53
26.116,-0.0010615785925955975,53
26.118,-0.0010124574325955972,53
26.12,-0.0009633362725955976,53
26.122,-0.0009272661725955987,53
26.124,-0.0008911960725956,53
26.126,-0.0010201699725955957,53
26.128,-0.0011860004725955963,53
26.13,-0.0013518309725955968,53
26.132,-0.0015176614725955976,53
26.134,-0.0016834919725955983,53
26.136,-0.0010710625725955988,53
26.138,-0.0008811651725956006,53
26.14,-0.0017712048725956,53
26.142,-0.0017909490475955996,53
26.144,-0.0018106932225955997,53
26.146,-0.001830437397595599,53
26.148,-0.0018501815725955988,53
26.15,-0.0012031219725955975,53
26.152,-0.0008880863725955965,53
26.154,-0.0009142465725955964,53
26.156,-0.0012575155059289303,53
26.158,-0.0016007844392622642,53
26.16,-0.0019440533725955977,53
26.162,-0.0013269775725955977,53
26.164,-0.0011105872225955979,53
26.166,-0.0008941968725955981,53
26.168,-0.0012091719725955995,53
26.17,-0.0012779302225955995,53
26.172,-0.0013466884725955991,53
26.174,-0.0014154467225955991,53
26.176,-0.0014842049725955987,53
26.178,-0.0009731251725955992,53
26.18,-0.000908160272595597,53
26.182,-0.0009685937225955981,53
26.184,-0.0010290271725955991,53
26.186,-0.0011879455475955992,53
26.188,-0.001346863922595599,53
26.19,-0.0015057822975955988,53
26.192,-0.0016647006725955989,53
26.194,-0.0009098421725955984,53
26.196,-0.0011837942392622647,53
26.198,-0.0014577463059289308,53
26.2,-0.001731698372595597,53
26.202,-0.001756438839262264,53
26.204,-0.0017811793059289312,53
26.206,-0.001805919772595598,53
26.208,-0.0012016336725955996,53
26.21,-0.0009051473725955987,53
26.212,-0.0014604526725955982,53
26.214,-0.0015895778225955984,53
26.216,-0.0017187029725955984,53
26.218,-0.0018478281225955987,53
26.22,-0.001976953272595599,53
26.222,-0.0013802417725955994,53
26.224,-0.0008804633725955982,53
26.226,-0.0009918277392622647,53
26.228,-0.0011031921059289317,53
26.23,-0.0012145564725955984,53
26.232,-0.0013259208392622651,53
26.234,-0.0014372852059289318,53
26.236,-0.0015486495725955984,53
26.238,-0.0008965079725956008,53
26.24,-0.000951417772595599,53
26.242,-0.0010063275725955972,53
26.244,-0.0019913159725955983,53
26.246,-0.0016825280059289318,53
26.248,-0.0013737400392622651,53
26.25,-0.0010649520725955989,53
26.252,-0.0009713041225955977,53
26.254,-0.0008776561725955967,53
26.256,-0.0008891995725955996,53
26.258,-0.0011303707225955996,53
26.26,-0.0013715418725955995,53
26.262,-0.0016127130225955994,53
26.264,-0.0018538841725955996,53
26.266,-0.0012099221725955997,53
26.268,-0.0008992546725955958,53
26.27,-0.0011652489725955976,53
26.272,-0.001431243272595599,53
26.274,-0.001419016222595599,53
26.276,-0.0014067891725955987,53
26.278,-0.0013945621225955984,53
26.28,-0.001382335072595598,53
26.282,-0.0009188808725955968,53
26.284,-0.001038217122595596,53
26.286,-0.0011575533725955954,53
26.288,-0.0012563891975955963,53
26.29,-0.001355225022595597,53
26.292,-0.001454060847595598,53
26.294,-0.0015528966725955988,53
26.296,-0.0010034598725955964,53
26.298,-0.0009943727725955987,53
26.3,-0.0014796251225955986,53
26.302,-0.0019648774725955984,53
26.304,-0.0018832105392622648,53
26.306,-0.0018015436059289312,53
26.308,-0.0017198766725955977,53
26.31,-0.0010937742725955976,53
26.312,-0.0008766760725955978,53
26.314,-0.0009049416725956,53
26.316,-0.0017173114725955972,53
26.318,-0.0017726609059289312,53
26.32,-0.0018280103392622651,53
26.322,-0.0018833597725956,53
26.324,-0.0012310850725955975,53
26.326,-0.0008871183725955993,53
26.328,-0.001414242772595598,53
26.33,-0.001605007339262265,53
26.332,-0.0017957719059289315,53
26.334,-0.001986536472595598,53
26.336,-0.0016836492725955986,53
26.338,-0.0013807620725955984,53
26.34,-0.0009335702725955988,53
26.342,-0.0009117660725955976,53
26.344,-0.001149894072595598,53
26.346,-0.0012516278475955987,53
26.348,-0.0013533616225955992,53
26.35,-0.0014550953975955997,53
26.352,-0.0015568291725956,53
26.354,-0.0008997749725955986,53
26.356,-0.0009457307725955983,53
26.358,-0.000991686572595598,53
26.36,-0.0019540600725956,53
26.362,-0.0016677458392622662,53
26.364,-0.0013814316059289323,53
26.366,-0.001095117372595598,53
26.368,-0.0008838876725955988,53
26.37,-0.0008903974725956,53
26.372,-0.0008969072725956013,53
26.374,-0.0016548149725956003,53
26.376,-0.0017520142725955992,53
26.378,-0.0018492135725955985,53
26.38,-0.0015378321725955976,53
26.382,-0.0012264507725955971,53
26.384,-0.000889078572595599,53
26.386,-0.0008671533725955991,53
26.388,-0.0013523633725955973,53
26.39,-0.0013657852975955975,53
26.392,-0.0013792072225955977,53
26.394,-0.001392629147595598,53
26.396,-0.001406051072595598,53
26.398,-0.0009236119725955991,53
26.4,-0.0008922245725956,53
26.402,-0.0010315851125955995,53
26.404,-0.0011709456525955991,53
26.406,-0.0013103061925955992,53
26.408,-0.0014496667325955988,53
26.41,-0.0015890272725955987,53
26.412,-0.0010009914725955975,53
26.414,-0.0008816612725955977,53
26.416,-0.0009707898725955997,53
26.418,-0.0019341434725955971,53
26.42,-0.0018751398392622643,53
26.422,-0.001816136205928932,53
26.424,-0.0017571325725955992,53
26.426,-0.0011072052725955971,53
26.428,-0.0008928537725955994,53
26.43,-0.0009184573725955976,53
26.432,-0.0010309914059289313,53
26.434,-0.0011435254392622649,53
26.436,-0.0012560594725955984,53
26.438,-0.0009055587725955976,53
26.44,-0.0009822814154527408,53
26.442,-0.0010590040583098835,53
26.444,-0.0011357267011670269,53
26.446,-0.0012124493440241698,53
26.448,-0.0012891719868813128,53
26.45,-0.001365894629738456,53
26.452,-0.001442617272595599,53
26.454,-0.0012010044725955992,53
26.456,-0.0009593916725955993,53
26.458,-0.000906986572595598,53
26.46,-0.0011229715725955996,53
26.462,-0.0012417905475955995,53
26.464,-0.0013606095225955992,53
26.466,-0.0014794284975955987,53
26.468,-0.0015982474725955986,53
26.47,-0.0010304428725955977,53
26.472,-0.0009738874725955976,53
26.474,-0.0019139606725955985,53
26.476,-0.0018883994225955983,53
26.478,-0.0018628381725955987,53
26.48,-0.0018372769225955988,53
26.482,-0.0018117156725955992,53
26.484,-0.001181184672595599,53
26.486,-0.0009247009725955966,53
26.488,-0.0009393903725955984,53
26.49,-0.0016491521725955968,53
26.492,-0.0017438750059289307,53
26.494,-0.0018385978392622651,53
26.496,-0.0019333206725955995,53
26.498,-0.001294755272595597,53
26.5,-0.0009114514725955987,54
26.502,-0.0013486728725956004,54
26.504,-0.0012694396525956,54
26.506,-0.0011902064325955998,54
26.508,-0.0011109732125955997,54
26.51,-0.0010317399925955993,54
26.512,-0.0009525067725955992,54
26.514,-0.0010384651725955972,54
26.516,-0.0011244235725955951,54
26.518,-0.001223566132595596,54
26.52,-0.0013227086925955965,54
26.522,-0.0014218512525955968,54
26.524,-0.0015209938125955971,54
26.526,-0.001620136372595598,54
26.528,-0.0010403648725955984,54
26.53,-0.0009012753725955984,54
26.532,-0.0009497600725956003,54
26.534,-0.0011593441725955996,54
26.536,-0.001368928272595599,54
26.538,-0.0015785123725955983,54
26.54,-0.0017880964725955975,54
26.542,-0.0011693145725955988,54
26.544,-0.0009234909725956003,54
26.546,-0.0015847922725956004,54
26.548,-0.0016992260059289332,54
26.55,-0.0018136597392622656,54
26.552,-0.0019280934725955984,54
26.554,-0.0013014223725955985,54
26.556,-0.0009286455725955981,54
26.558,-0.0009063936725955992,54
26.56,-0.0009996019892622656,54
26.562,-0.001092810305928932,54
26.564,-0.0011860186225955988,54
26.566,-0.0012792269392622655,54
26.568,-0.001372435255928932,54
26.57,-0.0014656435725955983,54
26.572,-0.0009701122725955976,54
26.574,-0.0009097574725955987,54
26.576,-0.0010972741975955984,54
26.578,-0.001284790922595598,54
26.58,-0.0014723076475955975,54
26.582,-0.0016598243725955975,54
26.584,-0.0010496092725955988,54
26.586,-0.0009794776725955993,54
26.588,-0.0009093460725955997,54
26.59,-0.0009834827725955994,54
26.592,-0.0019040265725955973,54
26.594,-0.0016570413725955975,54
26.596,-0.0014100561725955976,54
26.598,-0.0011630709725955982,54
26.6,-0.000929432072595597,54
26.602,-0.0011622038059289311,54
26.604,-0.0013949755392622652,54
26.606,-0.0016277472725955994,54
26.608,-0.0017445848725955993,54
26.61,-0.0018614224725955989,54
26.612,-0.0019782600725955987,54
26.614,-0.0013430463725955973,54
26.616,-0.0009496148725955997,54
26.618,-0.0009439883725955965,54
26.62,-0.0013138490725955968,54
26.622,-0.0013553066975955969,54
26.624,-0.0013967643225955967,54
26.626,-0.0014382219475955968,54
26.628,-0.001479679572595597,54
26.63,-0.0009792719725955981,54
26.632,-0.0010909307725955988,54
26.634,-0.0012086323125955992,54
26.636,-0.0013263338525955994,54
26.638,-0.0014440353925955995,54
26.64,-0.0015617369325955997,54
26.642,-0.0016794384725956,54
26.644,-0.0009593795725955955,54
26.646,-0.001411405322595596,54
26.648,-0.0018634310725955969,54
26.65,-0.001859446139262264,54
26.652,-0.0018554612059289311,54
26.654,-0.0018514762725955983,54
26.656,-0.001210914372595599,54
26.658,-0.0009190018725955971,54
26.66,-0.0009246949225955982,54
26.662,-0.0009303879725955991,54
26.664,-0.0015726922725955994,54
26.666,-0.0017064214725955988,54
26.668,-0.0018401506725955984,54
26.67,-0.0019738798725955978,54
26.672,-0.000925681072595599,54
26.674,-0.0009287544725955983,54
26.676,-0.0013009262725955995,54
26.678,-0.0013515193975955995,54
26.68,-0.0014021125225955992,54
26.682,-0.0014527056475955988,54
26.684,-0.0015032987725955987,54
26.686,-0.0009845112725955976,54
26.688,-0.0009120806725955965,54
26.69,-0.001068739372595599,54
26.692,-0.0011879534125955992,54
26.694,-0.0013071674525955992,54
26.696,-0.0014263814925955993,54
26.698,-0.0015455955325955992,54
26.7,-0.0016648095725955991,54
26.702,-0.0010740875725956008,54
26.704,-0.0009564876725955997,54
26.706,-0.0013879131725955984,54
26.708,-0.0018193386725955973,54
26.71,-0.0018249450059289315,54
26.712,-0.001830551339262265,54
26.714,-0.0018361576725955987,54
26.716,-0.0012047675725955984,54
26.718,-0.0009311865725956,54
26.72,-0.0009324933725955961,54
26.722,-0.0015265670725955992,54
26.724,-0.0016824836392622655,54
26.726,-0.001838400205928932,54
26.728,-0.001994316772595598,54
26.73,-0.0009490824725955984,54
26.732,-0.0009309324725955968,54
26.734,-0.0009127824725955954,54
26.736,-0.0012553092725955985,54
26.738,-0.0013333542725955984,54
26.74,-0.0014113992725955987,54
26.742,-0.0014894442725955988,54
26.744,-0.001567489272595599,54
26.746,-0.0011056201725955991,54
26.748,-0.001226242652595599,54
26.75,-0.001346865132595599,54
26.752,-0.0014674876125955988,54
26.754,-0.0015881100925955987,54
26.756,-0.0017087325725955987,54
26.758,-0.0014009146225955997,54
26.76,-0.0010930966725956007,54
26.762,-0.0009321666725955987,54
26.764,-0.0009723628725956008,54
26.766,-0.0018217102725955976,54
26.768,-0.001621548039262264,54
26.77,-0.00142138580592893,54
26.772,-0.0012212235725955964,54
26.774,-0.0009179612725955989,54
26.776,-0.0009394992725955988,54
26.778,-0.0015192465725955978,54
26.78,-0.001639036572595598,54
26.782,-0.0017588265725955983,54
26.784,-0.0018786165725955984,54
26.786,-0.001998406572595599,54
26.788,-0.0009238902725955989,54
26.79,-0.0009295167725955985,54
26.792,-0.0009351432725955983,54
26.794,-0.001257922872595598,54
26.796,-0.0013264935725955983,54
26.798,-0.0013950642725955983,54
26.8,-0.0014636349725955988,54
26.802,-0.001532205672595599,54
26.804,-0.001008348272595598,54
26.806,-0.0011263575559289315,54
26.808,-0.0012443668392622652,54
26.81,-0.0013623761225955988,54
26.812,-0.0014803854059289325,54
26.814,-0.001598394689262266,54
26.816,-0.0017164039725955996,54
26.818,-0.0011193052725955999,54
26.82,-0.0009318399725955981,54
26.822,-0.0011262337325955983,54
26.824,-0.0013206274925955982,54
26.826,-0.0015150212525955984,54
26.828,-0.0017094150125955983,54
26.83,-0.0019038087725955985,54
26.832,-0.0014163118725956,54
26.834,-0.0009288149725956013,54
26.836,-0.0014879317725955982,54
26.838,-0.0014430165725955986,54
26.84,-0.001398101372595599,54
26.842,-0.0011615100725955987,54
26.844,-0.0009249187725955988,54
26.846,-0.0012210662725955987,54
26.848,-0.0012843904125955984,54
26.85,-0.0013477145525955983,54
26.852,-0.001411038692595598,54
26.854,-0.0014743628325955978,54
26.856,-0.0015376869725955975,54
26.858,-0.001007259272595597,54
26.86,-0.0010263429892622643,54
26.862,-0.001045426705928931,54
26.864,-0.0010645104225955983,54
26.866,-0.0010835941392622656,54
26.868,-0.0011026778559289328,54
26.87,-0.0011217615725956,54
26.872,-0.0009531964725955981,54
26.874,-0.0009626828725955992,54
26.876,-0.0017551118725956,54
26.878,-0.0015790649392622667,54
26.88,-0.0014030180059289331,54
26.882,-0.0012269710725956,54
26.884,-0.0008997386725955979,54
26.886,-0.0011683647225955987,54
26.888,-0.0014369907725955994,54
26.89,-0.001430318832595599,54
26.892,-0.0014236468925955992,54
26.894,-0.0014169749525955989,54
26.896,-0.0014103030125955987,54
26.898,-0.0014036310725955986,54
26.9,-0.0011806704225955991,54
26.902,-0.0009577097725955996,54
26.904,-0.0009269394725955961,54
26.906,-0.0012126567725956015,54
26.908,-0.0013404771392622672,54
26.91,-0.0014682975059289334,54
26.912,-0.0015961178725955993,54
26.914,-0.0010319069725956004,54
26.916,-0.0010279260725956016,54
26.918,-0.0011455098392622678,54
26.92,-0.0012630936059289343,54
26.922,-0.0013806773725956005,54
26.924,-0.0014982611392622667,54
26.926,-0.0016158449059289327,54
26.928,-0.0017334286725955994,54
26.93,-0.001116425472595597,54
26.932,-0.0009194616725955972,54
26.934,-0.0009608678725956006,54
26.936,-0.001746303072595599,54
26.938,-0.0015898258725955989,54
26.94,-0.0014333486725955989,54
26.942,-0.0012768714725955987,54
26.944,-0.0011016695225955983,54
26.946,-0.000926467572595598,54
26.948,-0.0009289480725955984,54
26.95,-0.0010950609059289316,54
26.952,-0.0012611737392622644,54
26.954,-0.0014272865725955975,54
26.956,-0.0009634814725955984,54
26.958,-0.0009404793725955976,54
26.96,-0.001190150772595596,54
26.962,-0.0012717313925955963,54
26.964,-0.001353312012595597,54
26.966,-0.0014348926325955975,54
26.968,-0.001516473252595598,54
26.97,-0.0015980538725955983,54
26.972,-0.0010503352725955983,54
26.974,-0.0009920556225955987,54
26.976,-0.0009337759725955991,54
26.978,-0.0011446638475955987,54
26.98,-0.0013555517225955988,54
26.982,-0.0015664395975955986,54
26.984,-0.0017773274725955985,54
26.986,-0.0009353368725955984,54
26.988,-0.0009381561725956,54
26.99,-0.0012644609059289328,54
26.992,-0.0015907656392622656,54
26.994,-0.0019170703725955984,54
26.996,-0.0012912462725955982,54
26.998,-0.0009382771725955987,54
27.0,-0.000941302172595599,55
27.002,-0.0009443271725955994,55
27.004,-0.0014239469725956,55
27.006,-0.0014286205975956,55
27.008,-0.0014332942225955998,55
27.01,-0.0014379678475955997,55
27.012,-0.0014426414725955995,55
27.014,-0.0012841072725955985,55
27.016,-0.0011255730725955974,55
27.018,-0.0009670388725955966,55
27.02,-0.0009297345725955974,55
27.022,-0.0011583882725955987,55
27.024,-0.0012783718725955984,55
27.026,-0.0013983554725955985,55
27.028,-0.0015183390725955984,55
27.03,-0.0016383226725955984,55
27.032,-0.001045616272595598,55
27.034,-0.000920538572595598,55
27.036,-0.0019675152725955984,55
27.038,-0.0019021510725955983,55
27.04,-0.0018367868725955988,55
27.042,-0.0017714226725955987,55
27.044,-0.0011417749725955995,55
27.046,-0.0009125646725955967,55
27.048,-0.0009349133725955955,55
27.05,-0.0016763892725955992,55
27.052,-0.001742349397595599,55
27.054,-0.0018083095225955989,55
27.056,-0.0018742696475955985,55
27.058,-0.0019402297725955983,55
27.06,-0.001300272872595598,55
27.062,-0.0009385433725956001,55
27.064,-0.000935748272595599,55
27.066,-0.0013920755725955972,55
27.068,-0.0014088038225955972,55
27.07,-0.0014255320725955973,55
27.072,-0.0014422603225955973,55
27.074,-0.0014589885725955973,55
27.076,-0.0013725147125955976,55
27.078,-0.0012860408525955977,55
27.08,-0.001199566992595598,55
27.082,-0.001113093132595598,55
27.084,-0.0010266192725955983,55
27.086,-0.0009104592725955994,55
27.088,-0.0010043552725956008,55
27.09,-0.0012398817725955999,55
27.092,-0.0014754082725955988,55
27.094,-0.001710934772595598,55
27.096,-0.0019464612725955967,55
27.098,-0.0018945603392622648,55
27.1,-0.001842659405928932,55
27.102,-0.0017907584725955995,55
27.104,-0.0011661685725955998,55
27.106,-0.0009447506725955984,55
27.108,-0.0016532903725955984,55
27.11,-0.0017219336725955983,55
27.112,-0.001790576972595598,55
27.114,-0.0018592202725955975,55
27.116,-0.0019278635725955976,55
27.118,-0.0012890803725955982,55
27.12,-0.0009328684725955998,55
27.122,-0.0009315616725956016,55
27.124,-0.0013592482725955993,55
27.126,-0.0013883487725955992,55
27.128,-0.0014174492725955992,55
27.13,-0.0014465497725955991,55
27.132,-0.001475650272595599,55
27.134,-0.0009926787725955987,55
27.136,-0.0009403220725956,55
27.138,-0.0011282108725955975,55
27.14,-0.0012608994725955979,55
27.142,-0.0013935880725955982,55
27.144,-0.0015262766725955984,55
27.146,-0.0016589652725955987,55
27.148,-0.0010812144725955968,55
27.15,-0.0009357240725955968,55
27.152,-0.0018928219725956009,55
27.154,-0.0017124442475955999,55
27.156,-0.001532066522595599,55
27.158,-0.0013516887975955983,55
27.16,-0.0011713110725955975,55
27.162,-0.0010415809225955974,55
27.164,-0.0009118507725955972,55
27.166,-0.0009393298725955992,55
27.168,-0.0016260532725955977,55
27.17,-0.0017443267392622645,55
27.172,-0.0018626002059289315,55
27.174,-0.0019808736725955983,55
27.176,-0.0013308011725955988,55
27.178,-0.0009367646725956005,55
27.18,-0.0009446054725955992,55
27.182,-0.001367936072595598,55
27.184,-0.0013983100975955983,55
27.186,-0.0014286841225955988,55
27.188,-0.0014590581475955994,55
27.19,-0.0014894321725955999,55
27.192,-0.0009798164725955993,55
27.194,-0.0009345019725955984,55
27.196,-0.001129142572595599,55
27.198,-0.0012680808225955988,55
27.2,-0.0014070190725955986,55
27.202,-0.0015459573225955984,55
27.204,-0.001684895572595598,55
27.206,-0.001088438172595598,55
27.208,-0.0009423790725955964,55
27.21,-0.0009995757725955977,55
27.212,-0.0018883933725955988,55
27.214,-0.0018806816392622657,55
27.216,-0.001872969905928932,55
27.218,-0.0018652581725955991,55
27.22,-0.0012307583725955987,55
27.222,-0.0009516234725955968,55
27.224,-0.0016128400725955987,55
27.226,-0.001561475572595599,55
27.228,-0.0015101110725955994,55
27.23,-0.0014587465725955995,55
27.232,-0.0014073820725956,55
27.234,-0.0013560175725956004,55
27.236,-0.0009530149725955998,55
27.238,-0.0010655231925955997,55
27.24,-0.0011780314125955996,55
27.242,-0.0012905396325955994,55
27.244,-0.0014030478525955993,55
27.246,-0.0015155560725955992,55
27.248,-0.0009921826725955984,55
27.25,-0.0009555922725955969,55
27.252,-0.0009190018725955955,55
27.254,-0.0011029097725956012,55
27.256,-0.0012517064975956004,55
27.258,-0.0014005032225956,55
27.26,-0.0015492999475955993,55
27.262,-0.0016980966725955986,55
27.264,-0.001101857072595601,55
27.266,-0.0009484048725955981,55
27.268,-0.0009884437725956007,55
27.27,-0.0018798628725955997,55
27.272,-0.0016642166725955997,55
27.274,-0.0014485704725956,55
27.276,-0.0012329242725956004,55
27.278,-0.0009558826725955987,55
27.28,-0.0009568022725955984,55
27.282,-0.0015855424725956004,55
27.284,-0.0016831077975956,55
27.286,-0.0017806731225955994,55
27.288,-0.0018782384475955988,55
27.29,-0.0019758037725955985,55
27.292,-0.0013701624725955992,55
27.294,-0.0009719151725955977,55
27.296,-0.0009626828725955992,55
27.298,-0.001311985672595599,55
27.3,-0.0013746908975955984,55
27.302,-0.0014373961225955982,55
27.304,-0.001500101347595598,55
27.306,-0.0015628065725955976,55
27.308,-0.0010389975725955975,55
27.31,-0.0009652117725955991,55
27.312,-0.001107156872595598,55
27.314,-0.001261852347595598,55
27.316,-0.001416547822595598,55
27.318,-0.0015712432975955983,55
27.32,-0.0017259387725955984,55
27.322,-0.0011128438725955968,55
27.324,-0.0009334976725955974,55
27.326,-0.0009638928725955972,55
27.328,-0.0018272641725955976,55
27.33,-0.0016250005725955972,55
27.332,-0.001422736972595597,55
27.334,-0.0012204733725955964,55
27.336,-0.0009192438725956,55
27.338,-0.0009200969225955992,55
27.34,-0.0009209499725955984,55
27.342,-0.0015460359725955972,55
27.344,-0.0014921667725955976,55
27.346,-0.001438297572595598,55
27.348,-0.0013844283725955983,55
27.35,-0.0011665376225955988,55
27.352,-0.0009486468725955992,55
27.354,-0.0009441335725955994,55
27.356,-0.0012818566725955986,55
27.358,-0.0013502367975955984,55
27.36,-0.001418616922595598,55
27.362,-0.001486997047595598,55
27.364,-0.0015553771725955977,55
27.366,-0.0010175079725955986,55
27.368,-0.0009402131725955997,55
27.37,-0.001083828072595598,55
27.372,-0.0012374284975955985,55
27.374,-0.0013910289225955988,55
27.376,-0.001544629347595599,55
27.378,-0.0016982297725955991,55
27.38,-0.0011082700725955994,55
27.382,-0.0009370671725955973,55
27.384,-0.000975968672595598,55
27.386,-0.0018150673725955983,55
27.388,-0.0016284087392622647,55
27.39,-0.0014417501059289315,55
27.392,-0.001255091472595598,55
27.394,-0.0009454645725955978,55
27.396,-0.0009513209725955965,55
27.398,-0.0012402387225955971,55
27.4,-0.0015291564725955983,55
27.402,-0.001500110422595598,55
27.404,-0.0014710643725955978,55
27.406,-0.0014420183225955976,55
27.408,-0.001412972272595597,55
27.41,-0.0009783039725955991,55
27.412,-0.0009524825725955969,55
27.414,-0.0012521874725956,55
27.416,-0.0013552794725955988,55
27.418,-0.001458371472595598,55
27.42,-0.0015614634725955971,55
27.422,-0.0010278171725955978,55
27.424,-0.0010464390725955992,55
27.426,-0.0011599128725955992,55
27.428,-0.0012733866725955993,55
27.43,-0.0013868604725955991,55
27.432,-0.0015003342725955987,55
27.434,-0.0016138080725955988,55
27.436,-0.0017272818725955989,55
27.438,-0.0011087903725955984,55
27.44,-0.0009253543725955982,55
27.442,-0.0009619326725955993,55
27.444,-0.0017930453725956003,55
27.446,-0.0018218312725956,55
27.448,-0.0018506171725956,55
27.45,-0.0018794030725956,55
27.452,-0.0012453025725955996,55
27.454,-0.0009242290725955965,55
27.456,-0.0009409754725955982,55
27.458,-0.001054703372595598,55
27.46,-0.001168431272595598,55
27.462,-0.001282159172595598,55
27.464,-0.001395887072595598,55
27.466,-0.0009260077725955981,55
27.468,-0.0010663980225955987,55
27.47,-0.0012067882725955992,55
27.472,-0.001282812572595599,55
27.474,-0.0013588368725955986,55
27.476,-0.0014348611725955984,55
27.478,-0.001510885472595598,55
27.48,-0.0015869097725955978,55
27.482,-0.0010190809725955999,55
27.484,-0.0009230553725955992,55
27.486,-0.0010440916725956012,55
27.488,-0.0012251863225956005,55
27.49,-0.0014062809725955995,55
27.492,-0.001587375622595599,55
27.494,-0.0017684702725955983,55
27.496,-0.000936171772595598,55
27.498,-0.0009579396725955952,55
27.5,-0.0013552129225955969,56
27.502,-0.0017524861725955983,56
27.504,-0.0018092916392622648,56
27.506,-0.001866097105928932,56
27.508,-0.0019229025725955983,56
27.51,-0.0012677601725955988,56
27.512,-0.0009355788725955992,56
27.514,-0.0011935387725955995,56
27.516,-0.0014514986725955995,56
27.518,-0.0014429076725955992,56
27.52,-0.0014343166725955987,56
27.522,-0.0014257256725955982,56
27.524,-0.0011973260725955982,56
27.526,-0.0009689264725955982,56
27.528,-0.0009358087725955984,56
27.53,-0.0012141450725955995,56
27.532,-0.0013128054475955993,56
27.534,-0.001411465822595599,56
27.536,-0.0015101261975955988,56
27.538,-0.0016087865725955986,56
27.54,-0.0010391790725955991,56
27.542,-0.0009325417725955971,56
27.544,-0.0010416958725955987,56
27.546,-0.0012208998975955987,56
27.548,-0.0014001039225955986,56
27.55,-0.0015793079475955986,56
27.552,-0.0017585119725955986,56
27.554,-0.0011604452725955984,56
27.556,-0.0009594037725955981,56
27.558,-0.0009605895725955971,56
27.56,-0.0017179164725955997,56
27.562,-0.0015796497725955986,56
27.564,-0.0014413830725955976,56
27.566,-0.0013031163725955967,56
27.568,-0.0011237883225955984,56
27.57,-0.0009444602725956,56
27.572,-0.0011781112725955988,56
27.574,-0.0014117622725955976,56
27.576,-0.0014276586475955979,56
27.578,-0.001443555022595598,56
27.58,-0.0014594513975955984,56
27.582,-0.0014753477725955987,56
27.584,-0.0009993216725956,56
27.586,-0.0009584841725956,56
27.588,-0.0010984472925955999,56
27.59,-0.0012384104125955995,56
27.592,-0.0013783735325955991,56
27.594,-0.0015183366525955988,56
27.596,-0.0016582997725955988,56
27.598,-0.0009474852725955984,56
27.6,-0.0010256028725955967,56
27.602,-0.001511399722595598,56
27.604,-0.001997196572595599,56
27.606,-0.0017243335059289328,56
27.608,-0.0014514704392622664,56
27.61,-0.0011786073725956,56
27.612,-0.0010684368725955998,56
27.614,-0.0009582663725955995,56
27.616,-0.0009603596725955981,56
27.618,-0.0017187755725956,56
27.62,-0.0018402535225956,56
27.622,-0.0019617314725956,56
27.624,-0.0016463812725955995,56
27.626,-0.0013310310725955996,56
27.628,-0.0009527729725955987,56
27.63,-0.0010560972925955988,56
27.632,-0.0011594216125955987,56
27.634,-0.0012627459325955984,56
27.636,-0.0013660702525955983,56
27.638,-0.0014693945725955983,56
27.64,-0.0009825147725956006,56
27.642,-0.0009462026725955974,56
27.644,-0.0010640748225955975,56
27.646,-0.0011819469725955975,56
27.648,-0.0012924683725955976,56
27.65,-0.001402989772595598,56
27.652,-0.0015135111725955983,56
27.654,-0.0016240325725955986,56
27.656,-0.0010554414725955988,56
27.658,-0.0009365226725955976,56
27.66,-0.0010162858725955987,56
27.662,-0.0019481068725956,56
27.664,-0.0018704248725955987,56
27.666,-0.001792742872595598,56
27.668,-0.0011559803725955992,56
27.67,-0.0010373701225955987,56
27.672,-0.0009187598725955981,56
27.674,-0.0009212161725956,56
27.676,-0.0016361325725955979,56
27.678,-0.0017428989392622649,56
27.68,-0.001849665305928932,56
27.682,-0.001956431672595599,56
27.684,-0.000951224172595598,56
27.686,-0.0009592343725955983,56
27.688,-0.0009672445725955983,56
27.69,-0.0013676093725955973,56
27.692,-0.0014068738725955977,56
27.694,-0.001446138372595598,56
27.696,-0.0014854028725955985,56
27.698,-0.0009891455725955997,56
27.7,-0.0011583277725955993,56
27.702,-0.0012567419125955992,56
27.704,-0.001355156052595599,56
27.706,-0.0014535701925955991,56
27.708,-0.001551984332595599,56
27.71,-0.0016503984725955987,56
27.712,-0.0009411085725955987,56
27.714,-0.0010024192725955996,56
27.716,-0.0014759830225955992,56
27.718,-0.0019495467725955983,56
27.72,-0.0019226081392622648,56
27.722,-0.001895669505928932,56
27.724,-0.0018687308725955987,56
27.726,-0.000955168772595596,56
27.728,-0.0009563243225955967,56
27.73,-0.0009574798725955971,56
27.732,-0.0013044272059289303,56
27.734,-0.001651374539262264,56
27.736,-0.001998321872595597,56
27.738,-0.001371469272595599,56
27.74,-0.0011753161725955984,56
27.742,-0.0009791630725955978,56
27.744,-0.0009528818725955992,56
27.746,-0.0013458898725955976,56
27.748,-0.001398573272595598,56
27.75,-0.001451256672595598,56
27.752,-0.0015039400725955984,56
27.754,-0.0012548736725955982,56
27.756,-0.001005807272595598,56
27.758,-0.0009535473725955992,56
27.76,-0.0011251374725955998,56
27.762,-0.0013087953059289323,56
27.764,-0.001492453139262265,56
27.766,-0.0016761109725955976,56
27.768,-0.0010876758725955997,56
27.77,-0.0009538740725955984,56
27.772,-0.0009723749725955984,56
27.774,-0.0009908758725955986,56
27.776,-0.0012058232975955987,56
27.778,-0.0014207707225955988,56
27.78,-0.0016357181475955987,56
27.782,-0.0018506655725955992,56
27.784,-0.0012097164725955992,56
27.786,-0.0009555196725955992,56
27.788,-0.0009544548725956004,56
27.79,-0.0016345837725955988,56
27.792,-0.0015674227225955988,56
27.794,-0.0015002616725955991,56
27.796,-0.0014331006225955993,56
27.798,-0.0013659395725955994,56
27.8,-0.0009530512725955988,56
27.802,-0.0013409893725955975,56
27.804,-0.0013780976525955976,56
27.806,-0.0014152059325955979,56
27.808,-0.001452314212595598,56
27.81,-0.0014894224925955982,56
27.812,-0.0015265307725955983,56
27.814,-0.0010063154725955988,56
27.816,-0.0009396202725955976,56
27.818,-0.001111682272595598,56
27.82,-0.001255944522595598,56
27.822,-0.001400206772595598,56
27.824,-0.0015444690225955978,56
27.826,-0.0016887312725955975,56
27.828,-0.0011017118725955965,56
27.83,-0.0009338485725956003,56
27.832,-0.0009765373725955996,56
27.834,-0.0012013130225955995,56
27.836,-0.0014260886725955995,56
27.838,-0.0016508643225955997,56
27.84,-0.0018756399725956,56
27.842,-0.0009460695725955984,56
27.844,-0.0009467713725955984,56
27.846,-0.0009474731725955984,56
27.848,-0.001599130772595601,56
27.85,-0.0015280836059289333,56
27.852,-0.0014570364392622655,56
27.854,-0.0013859892725955978,56
27.856,-0.0009723023725955981,56
27.858,-0.0009621988725955972,56
27.86,-0.0010583091725955977,56
27.862,-0.0011544194725955977,56
27.864,-0.001250529772595598,56
27.866,-0.0013466400725955982,56
27.868,-0.0014427503725955985,56
27.87,-0.0015388606725955983,56
27.872,-0.0009402857725955976,56
27.874,-0.0010227170225955984,56
27.876,-0.0011051482725955991,56
27.878,-0.0013140951059289324,56
27.88,-0.0015230419392622656,56
27.882,-0.0017319887725955989,56
27.884,-0.0011177564725955971,56
27.886,-0.0010266434725955988,56
27.888,-0.0009355304725956002,56
27.89,-0.0009682730725955984,56
27.892,-0.0018441678725955968,56
27.894,-0.0016426907725955971,56
27.896,-0.0014412136725955975,56
27.898,-0.0012397365725955976,56
27.9,-0.000937067172595599,56
27.902,-0.0009337094225955977,56
27.904,-0.0009303516725955967,56
27.906,-0.0015465078725955973,56
27.908,-0.0015079118975955975,56
27.91,-0.0014693159225955977,56
27.912,-0.001430719947595598,56
27.914,-0.001392123972595598,56
27.916,-0.0009319972725955993,56
27.918,-0.0009403745059289327,56
27.92,-0.0009487517392622659,56
27.922,-0.0009571289725955992,56
27.924,-0.0009655062059289329,56
27.926,-0.0009738834392622659,56
27.928,-0.0009822606725955994,56
27.93,-0.0011000783725955976,56
27.932,-0.0012616496725955978,56
27.934,-0.001423220972595598,56
27.936,-0.0015847922725955982,56
27.938,-0.0017463635725955984,56
27.94,-0.0011358822725955984,56
27.942,-0.0009544790725955991,56
27.944,-0.0009788000725955983,56
27.946,-0.0018240818725956,56
27.948,-0.001848423039262266,56
27.95,-0.001872764205928932,56
27.952,-0.001897105372595598,56
27.954,-0.0012608510725956,56
27.956,-0.0009456944725955984,56
27.958,-0.0012309943225955978,56
27.96,-0.0015162941725955972,56
27.962,-0.0014928413475955977,56
27.964,-0.001469388522595598,56
27.966,-0.0014459356975955987,56
27.968,-0.0014224828725955992,56
27.97,-0.0009704389725955984,56
27.972,-0.0009498326725955984,56
27.974,-0.0012502998725955963,56
27.976,-0.0013580665059289305,56
27.978,-0.0014658331392622646,56
27.98,-0.0015735997725955988,56
27.982,-0.0010369405725955995,56
27.984,-0.0010394452725955951,56
27.986,-0.0010560545392622623,56
27.988,-0.0010726638059289299,56
27.99,-0.001089273072595597,56
27.992,-0.0011058823392622642,56
27.994,-0.0011224916059289316,56
27.996,-0.0011391008725955987,56
27.998,-0.001043032922595598,56
28.0,-0.0009469649725955976,57
28.002,-0.0009546484725955968,57
28.004,-0.0011989353725955975,57
28.006,-0.001443222272595598,57
28.008,-0.0016875091725955986,57
28.01,-0.0019317960725955992,57
28.012,-0.0012892134725955987,57
28.014,-0.0009582905725955965,57
28.016,-0.0014950949725956,57
28.018,-0.0012436630225955989,57
28.02,-0.0009922310725955976,57
28.022,-0.0009559915725955994,57
28.024,-0.0012531917725955991,57
28.026,-0.0012299975850955992,57
28.028,-0.0012068033975955995,57
28.03,-0.0011836092100955995,57
28.032,-0.0011604150225955996,57
28.034,-0.0011372208350955996,57
28.036,-0.0011140266475955997,57
28.038,-0.0010908324600955996,57
28.04,-0.0010676382725955998,57
28.042,-0.0010753338725955977,57
28.044,-0.0011931939225955975,57
28.046,-0.001311053972595598,57
28.048,-0.001428914022595598,57
28.05,-0.001546774072595598,57
28.052,-0.001664634122595598,57
28.054,-0.0017824941725955983,57
28.056,-0.0011574686725956008,57
28.058,-0.0009418587725955987,57
28.06,-0.0017552086725955984,57
28.062,-0.0017963274975955987,57
28.064,-0.0018374463225955993,57
28.066,-0.0018785651475955996,57
28.068,-0.0019196839725956,57
28.07,-0.001291572972595599,57
28.072,-0.0009520227725955989,57
28.074,-0.0009686481725956,57
28.076,-0.0014717177725955975,57
28.078,-0.0014433432725955975,57
28.08,-0.0014149687725955977,57
28.082,-0.0009634693725955965,57
28.084,-0.0010820070225955975,57
28.086,-0.0012005446725955984,57
28.088,-0.0013351450725955984,57
28.09,-0.0014697454725955985,57
28.092,-0.0016043458725955983,57
28.094,-0.001326548022595599,57
28.096,-0.0010487501725956003,57
28.098,-0.0009978878225955997,57
28.1,-0.0009470254725955987,57
28.102,-0.0009833738725955974,57
28.104,-0.001019722272595596,57
28.106,-0.0012132224475955968,57
28.108,-0.0014067226225955975,57
28.11,-0.001600222797595598,57
28.112,-0.0017937229725955989,57
28.114,-0.001166047572595599,57
28.116,-0.0009591980725956009,57
28.118,-0.0013410256725956008,57
28.12,-0.0017228532725956005,57
28.122,-0.0018333444225955987,57
28.124,-0.0019438355725955971,57
28.126,-0.0013048224725955987,57
28.128,-0.0009401768725955972,57
28.13,-0.0010226020725955976,57
28.132,-0.001105027272595598,57
28.134,-0.0011874524725955984,57
28.136,-0.0012698776725955988,57
28.138,-0.0013523028725955992,57
28.14,-0.0014347280725955992,57
28.142,-0.0011948576725955987,57
28.144,-0.000954987272595598,57
28.146,-0.000927822772595597,57
28.148,-0.0010685893325955971,57
28.15,-0.0012093558925955975,57
28.152,-0.001350122452595598,57
28.154,-0.001490889012595598,57
28.156,-0.0016316555725955986,57
28.158,-0.0013281512725955983,57
28.16,-0.0010246469725955984,57
28.162,-0.0019921750725955985,57
28.164,-0.001904589222595598,57
28.166,-0.0018170033725955976,57
28.168,-0.0011787283725956006,57
28.17,-0.0010661862725956,57
28.172,-0.0009536441725955994,57
28.174,-0.0009628038725955981,57
28.176,-0.0017009159725955984,57
28.178,-0.001787507605928932,57
28.18,-0.0018740992392622655,57
28.182,-0.0019606908725955993,57
28.184,-0.0013183260725955978,57
28.186,-0.0009513935725955993,57
28.188,-0.0014192037725955994,57
28.19,-0.0013374513325955992,57
28.192,-0.0012556988925955987,57
28.194,-0.0011739464525955987,57
28.196,-0.0010921940125955987,57
28.198,-0.0010104415725955985,57
28.2,-0.0010946696725955976,57
28.202,-0.0011788977725955968,57
28.204,-0.001302544647595597,57
28.206,-0.0014261915225955973,57
28.208,-0.0015498383975955975,57
28.21,-0.0016734852725955975,57
28.212,-0.0013687649225955986,57
28.214,-0.0010640445725955995,57
28.216,-0.000929020672595598,57
28.218,-0.0010038712725955988,57
28.22,-0.0019460377725956,57
28.222,-0.0018814237725955987,57
28.224,-0.0018168097725955977,57
28.226,-0.001372552222595598,57
28.228,-0.0009282946725955985,57
28.23,-0.0009480418725955966,57
28.232,-0.0016605261725955963,57
28.234,-0.0017365534975955972,57
28.236,-0.0018125808225955976,57
28.238,-0.0018886081475955985,57
28.24,-0.001964635472595599,57
28.242,-0.0013222222725955985,57
28.244,-0.0009416046725955994,57
28.246,-0.0009603959725955971,57
28.248,-0.0014072852725956,57
28.25,-0.0014281759225955996,57
28.252,-0.0014490665725955991,57
28.254,-0.0014699572225955987,57
28.256,-0.0014908478725955982,57
28.258,-0.0010006163725955995,57
28.26,-0.0009523010725955987,57
28.262,-0.0011590174725955998,57
28.264,-0.0012875890475955996,57
28.266,-0.0014161606225955995,57
28.268,-0.0015447321975955997,57
28.27,-0.0016733037725955996,57
28.272,-0.0011126381725955967,57
28.274,-0.0010050812725956003,57
28.276,-0.0019452754725955996,57
28.278,-0.0019240369475956,57
28.28,-0.0019027984225956,57
28.282,-0.0018815598975956,57
28.284,-0.0018603213725956,57
28.286,-0.001233166272595598,57
28.288,-0.0009656957725955976,57
28.29,-0.000971261772595596,57
28.292,-0.0016640714725955977,57
28.294,-0.001562588772595598,57
28.296,-0.0014611060725955988,57
28.298,-0.0013596233725955992,57
28.3,-0.0009649455725955976,57
28.302,-0.0009554349725955959,57
28.304,-0.0013677424725955995,57
28.306,-0.0013944834725955996,57
28.308,-0.0014212244725955996,57
28.31,-0.0014479654725955994,57
28.312,-0.0014747064725955995,57
28.314,-0.001501447472595599,57
28.316,-0.0009536441725955976,57
28.318,-0.001043631872595598,57
28.32,-0.0011336195725955983,57
28.322,-0.001266559247595598,57
28.324,-0.001399498922595598,57
28.326,-0.0015324385975955977,57
28.328,-0.0016653782725955975,57
28.33,-0.001084384672595598,57
28.332,-0.000960250772595596,57
28.334,-0.0010143619725955996,57
28.336,-0.0010666672475955995,57
28.338,-0.0011189725225955998,57
28.34,-0.0011712777975955999,57
28.342,-0.0012235830725956,57
28.344,-0.001082902422595599,57
28.346,-0.0009422217725955985,57
28.348,-0.0009576734725956008,57
28.35,-0.0016396052725955975,57
28.352,-0.0015778317475955974,57
28.354,-0.0015160582225955972,57
28.356,-0.0014542846975955969,57
28.358,-0.0013925111725955964,57
28.36,-0.0009770455725955987,57
28.362,-0.0009598635725955976,57
28.364,-0.0013394284725956,57
28.366,-0.0014053412059289328,57
28.368,-0.0014712539392622657,57
28.37,-0.0015371666725955983,57
28.372,-0.001035173972595598,57
28.374,-0.0010828540225955984,57
28.376,-0.0011305340725955987,57
28.378,-0.0012742064475955983,57
28.38,-0.0014178788225955984,57
28.382,-0.0015615511975955983,57
28.384,-0.001705223572595598,57
28.386,-0.0011022200725956006,57
28.388,-0.0009685876725955973,57
28.39,-0.0018991260725955987,57
28.392,-0.0017290756975955987,57
28.394,-0.001559025322595599,57
28.396,-0.001388974947595599,57
28.398,-0.0012189245725955991,57
28.4,-0.0013472047392622654,57
28.402,-0.0014754849059289317,57
28.404,-0.001603765072595598,57
28.406,-0.001558240032595598,57
28.408,-0.0015127149925955982,57
28.41,-0.001467189952595598,57
28.412,-0.0014216649125955983,57
28.414,-0.0013761398725955984,57
28.416,-0.0009635298725955976,57
28.418,-0.0009451499725955971,57
28.42,-0.0013174669725955976,57
28.422,-0.0013740284225955976,57
28.424,-0.0014305898725955977,57
28.426,-0.0014871513225955975,57
28.428,-0.0015437127725955976,57
28.43,-0.0010392879725955977,57
28.432,-0.0009582058725955966,57
28.434,-0.001152114422595597,57
28.436,-0.0013460229725955975,57
28.438,-0.001539931522595598,57
28.44,-0.0017338400725955983,57
28.442,-0.0011276542725955992,57
28.444,-0.0010387616225956,57
28.446,-0.0009498689725956008,57
28.448,-0.0018549610725955984,57
28.45,-0.001860071305928932,57
28.452,-0.0018651815392622649,57
28.454,-0.0018702917725955984,57
28.456,-0.0015478509725955995,57
28.458,-0.0012254101725956007,57
28.46,-0.0009227649725955971,57
28.462,-0.0015433618725955963,57
28.464,-0.0015105394125955968,57
28.466,-0.0014777169525955973,57
28.468,-0.0014448944925955975,57
28.47,-0.001412072032595598,57
28.472,-0.0013792495725955985,57
28.474,-0.0009657441725956003,57
28.476,-0.0009689869725955992,57
28.478,-0.0009781079525955987,57
28.48,-0.0009872289325955983,57
28.482,-0.0009963499125955982,57
28.484,-0.001005470892595597,57
28.486,-0.0010145918725955967,57
28.488,-0.0009893512725955974,57
28.49,-0.000964110672595598,57
28.492,-0.001092769972595598,57
28.494,-0.0013053669725955983,57
28.496,-0.0015179639725955985,57
28.498,-0.0017305609725955984,57
28.5,-0.0014233480225955995,58
28.502,-0.0011161350725956004,58
28.504,-0.0009795623725956,58
28.506,-0.0018467209725955992,58
28.508,-0.0018599311475955987,58
28.51,-0.0018731413225955987,58
28.512,-0.0018863514975955985,58
28.514,-0.0018995616725955985,58
28.516,-0.0009418103725955997,58
28.518,-0.0009488223225955988,58
28.52,-0.000955834272595598,58
28.522,-0.0015351217725956007,58
28.524,-0.0014945746725956,58
28.526,-0.0014540275725955989,58
28.528,-0.001413480472595598,58
28.53,-0.0009603596725956,58
28.532,-0.0009336428725955984,58
28.534,-0.0010996488225955975,58
28.536,-0.0012656547725955966,58
28.538,-0.0013423627225955972,58
28.54,-0.0014190706725955978,58
28.542,-0.0014957786225955985,58
28.544,-0.001572486572595599,58
28.546,-0.0010311446725955985,58
28.548,-0.001077523972595598,58
28.55,-0.0012131431925955984,58
28.552,-0.0013487624125955986,58
28.554,-0.0014843816325955986,58
28.556,-0.0016200008525955989,58
28.558,-0.001755620072595599,58
28.56,-0.0011313205725955993,58
28.562,-0.000962428772595598,58
28.564,-0.0009708382725956003,58
28.566,-0.0018004868725955967,58
28.568,-0.001859504622595598,58
28.57,-0.001918522372595599,58
28.572,-0.0012788921725955975,58
28.574,-0.0011286343725955984,58
28.576,-0.0009783765725955987,58
28.578,-0.000985104172595598,58
28.58,-0.0015275229725955975,58
28.582,-0.0015010179225955983,58
28.584,-0.0014745128725955987,58
28.586,-0.0014480078225955996,58
28.588,-0.0014215027725956,58
28.59,-0.0009647156725955986,58
28.592,-0.001103532922595598,58
28.594,-0.0012423501725955972,58
28.596,-0.0013326887725955976,58
28.598,-0.001423027372595598,58
28.6,-0.0015133659725955983,58
28.602,-0.0016037045725955986,58
28.604,-0.0010378117725955982,58
28.606,-0.0010567986892622647,58
28.608,-0.0010757856059289313,58
28.61,-0.0010947725225955978,58
28.612,-0.0011137594392622643,58
28.614,-0.0011327463559289309,58
28.616,-0.0011517332725955974,58
28.618,-0.001049857322595599,58
28.62,-0.0009479813725956008,58
28.622,-0.0009717094725955992,58
28.624,-0.0017884715725955975,58
28.626,-0.0018694629225955977,58
28.628,-0.0019504542725955977,58
28.63,-0.0012909921725955988,58
28.632,-0.0009496511725956002,58
28.634,-0.0009605653725955984,58
28.636,-0.0009714795725955968,58
28.638,-0.0010643615925955967,58
28.64,-0.0011572436125955972,58
28.642,-0.0012501256325955976,58
28.644,-0.001343007652595598,58
28.646,-0.0014358896725955982,58
28.648,-0.0012409102725955967,58
28.65,-0.0013109289392622635,58
28.652,-0.0013809476059289307,58
28.654,-0.0014509662725955975,58
28.656,-0.0015209849392622647,58
28.658,-0.0015910036059289315,58
28.66,-0.0016610222725955987,58
28.662,-0.0010863690725955964,58
28.664,-0.0009846201725955998,58
28.666,-0.0010734462725955976,58
28.668,-0.001264033372595598,58
28.67,-0.0014546204725955983,58
28.672,-0.0016452075725955986,58
28.674,-0.0018357946725955988,58
28.676,-0.001200423672595598,58
28.678,-0.0009477877725955972,58
28.68,-0.0009725080725955966,58
28.682,-0.0012992685725955976,58
28.684,-0.0016260290725955983,58
28.686,-0.0019527895725955995,58
28.688,-0.0016459396225955991,58
28.69,-0.0013390896725955987,58
28.692,-0.0009693620725955978,58
28.694,-0.0012146109225955983,58
28.696,-0.0014598597725955995,58
28.698,-0.001459769022595599,58
28.7,-0.0014596782725955987,58
28.702,-0.0014595875225955983,58
28.704,-0.001459496772595598,58
28.706,-0.0009566691725956013,58
28.708,-0.0010782620725956012,58
28.71,-0.0011998549725956015,58
28.712,-0.0011599189225956008,58
28.714,-0.0011199828725956002,58
28.716,-0.0010800468225955996,58
28.718,-0.0010401107725955987,58
28.72,-0.0009451741725955994,58
28.722,-0.0009848198225955998,58
28.724,-0.0010244654725956003,58
28.726,-0.0019887507725955995,58
28.728,-0.0018936387225955992,58
28.73,-0.0017985266725955987,58
28.732,-0.0011752798725955995,58
28.734,-0.0010723754225955987,58
28.736,-0.0009694709725955978,58
28.738,-0.001162335292595598,58
28.74,-0.0013551996125955985,58
28.742,-0.0015480639325955987,58
28.744,-0.0017409282525955993,58
28.746,-0.0019337925725955996,58
28.748,-0.0013127600725955993,58
28.75,-0.0009586172725956008,58
28.752,-0.0009639291725955964,58
28.754,-0.0014124277725955977,58
28.756,-0.001426445622595598,58
28.758,-0.0014404634725955984,58
28.76,-0.0014544813225955988,58
28.762,-0.0014684991725955991,58
28.764,-0.0009535231725955989,58
28.766,-0.0010583515225955976,58
28.768,-0.0011631798725955968,58
28.77,-0.0011278357725955969,58
28.772,-0.0010924916725955972,58
28.774,-0.0010571475725955973,58
28.776,-0.0010007978725955983,58
28.778,-0.0009444481725955997,58
28.78,-0.0009935741725955987,58
28.782,-0.001042700172595598,58
28.784,-0.0019662084725956003,58
28.786,-0.0019174575725956,58
28.788,-0.0018687066725956,58
28.79,-0.0018199557725956,58
28.792,-0.0011646197725955973,58
28.794,-0.0009279316725955987,58
28.796,-0.0009619810725955968,58
28.798,-0.0016894572725955988,58
28.8,-0.0017871002392622652,58
28.802,-0.001884743205928932,58
28.804,-0.0019823861725955984,58
28.806,-0.0009287544725955983,58
28.808,-0.0009508490725955964,58
28.81,-0.001377712872595598,58
28.812,-0.001400593972595598,58
28.814,-0.0014234750725955984,58
28.816,-0.0014463561725955986,58
28.818,-0.0014692372725955988,58
28.82,-0.0009966717725955981,58
28.822,-0.0009717578725955993,58
28.824,-0.0009468439725956004,58
28.826,-0.001145925272595598,58
28.828,-0.001274511972595598,58
28.83,-0.0014030986725955983,58
28.832,-0.0015316853725955983,58
28.834,-0.0016602720725955988,58
28.836,-0.0010757452725956,58
28.838,-0.0009508006725955971,58
28.84,-0.0010007494725956002,58
28.842,-0.0010631128725956003,58
28.844,-0.0011254762725956002,58
28.846,-0.0011878396725956003,58
28.848,-0.0011007358059289324,58
28.85,-0.001013631939262265,58
28.852,-0.0009265280725955971,58
28.854,-0.0009432018725955976,58
28.856,-0.0016463691725955975,58
28.858,-0.0015731732475955979,58
28.86,-0.0014999773225955982,58
28.862,-0.0014267813975955986,58
28.864,-0.0013535854725955988,58
28.866,-0.0009559915725955994,58
28.868,-0.0009589076725955992,58
28.87,-0.0013695453725955983,58
28.872,-0.0012725033725955984,58
28.874,-0.0011754613725955983,58
28.876,-0.0010784193725955986,58
28.878,-0.0009813773725955988,58
28.88,-0.000951417772595598,58
28.882,-0.0011508136725955978,58
28.884,-0.0012541283125955982,58
28.886,-0.0013574429525955987,58
28.888,-0.0014607575925955987,58
28.89,-0.0015640722325955991,58
28.892,-0.0016673868725955998,58
28.894,-0.0010729985725955995,58
28.896,-0.0009455855725955965,58
28.898,-0.0010126316725955972,58
28.9,-0.0019191757725955968,58
28.902,-0.0018767652725955976,58
28.904,-0.0018343547725955985,58
28.906,-0.0013891897225955996,58
28.908,-0.0009440246725956006,58
28.91,-0.0009582542725956,58
28.912,-0.0009724838725955997,58
28.914,-0.0009712859725955993,58
28.916,-0.0009700880725955992,58
28.918,-0.0009688901725955988,58
28.92,-0.0009676922725955987,58
28.922,-0.0009664943725955984,58
28.924,-0.0009618116725956007,58
28.926,-0.001341388672595598,58
28.928,-0.001278311372595598,58
28.93,-0.0012152340725955983,58
28.932,-0.0011521567725955987,58
28.934,-0.001089079472595599,58
28.936,-0.001026002172595599,58
28.938,-0.0009600571725955978,58
28.94,-0.0011396453725955984,58
28.942,-0.0012516913725955983,58
28.944,-0.0013637373725955983,58
28.946,-0.0014757833725955983,58
28.948,-0.0015878293725955985,58
28.95,-0.0016998753725955985,58
28.952,-0.001110448072595598,58
28.954,-0.000997579272595597,58
28.956,-0.0012124903975955976,58
28.958,-0.0014274015225955979,58
28.96,-0.001642312647595598,58
28.962,-0.0018572237725955985,58
28.964,-0.0015390784725956,58
28.966,-0.0012209331725956014,58
28.968,-0.0009449563725955987,58
28.97,-0.0009576734725955971,58
28.972,-0.0015861111725955967,58
28.974,-0.0017194088059289308,58
28.976,-0.0018527064392622648,58
28.978,-0.0019860040725955992,58
28.98,-0.0013680449725955984,58
28.982,-0.0009609646725955987,58
28.984,-0.001151352122595598,58
28.986,-0.0013417395725955975,58
28.988,-0.0014141379059289313,58
28.99,-0.0014865362392622653,58
28.992,-0.001558934572595599,58
28.994,-0.0010368679725955999,58
28.996,-0.0009559552725955968,58
28.998,-0.0010975252725955972,58
29.0,-0.0012995347725955975,59
29.002,-0.0015015442725955983,59
29.004,-0.0017035537725955986,59
29.006,-0.0011303283725955984,59
29.008,-0.001050746672595598,59
29.01,-0.0009711649725955978,59
29.012,-0.0009933079725956,59
29.014,-0.0018574052725956,59
29.016,-0.0016615990392622668,59
29.018,-0.0014657928059289334,59
29.02,-0.0012699865725956,59
29.022,-0.0009605411725955981,59
29.024,-0.0009648487725955994,59
29.026,-0.0010381727559289327,59
29.028,-0.001111496739262266,59
29.03,-0.0011848207225955993,59
29.032,-0.0012581447059289326,59
29.034,-0.001331468689262266,59
29.036,-0.0014047926725955992,59
29.038,-0.0009779046725955987,59
29.04,-0.0009723144725956,59
29.042,-0.0013134618725955984,59
29.044,-0.001395923372595598,59
29.046,-0.001478384872595598,59
29.048,-0.0015608463725955979,59
29.05,-0.0012994682225955989,59
29.052,-0.0010380900725955999,59
29.054,-0.000981716172595598,59
29.056,-0.0012266927725955983,59
29.058,-0.0014716693725955984,59
29.06,-0.0017166459725955988,59
29.062,-0.0014145452725955977,59
29.064,-0.0011124445725955963,59
29.066,-0.0010261715725955979,59
29.068,-0.0009398985725955994,59
29.07,-0.001842304472595597,59
29.072,-0.0018648104725955976,59
29.074,-0.001887316472595598,59
29.076,-0.0019098224725955983,59
29.078,-0.0012777668725955978,59
29.08,-0.0011203035225955983,59
29.082,-0.0009628401725955987,59
29.084,-0.0009654416725955981,59
29.086,-0.0015425874725955979,59
29.088,-0.001356691139262265,59
29.09,-0.0011707948059289323,59
29.092,-0.0009848984725955993,59
29.094,-0.0011318045725955978,59
29.096,-0.001278710672595596,59
29.098,-0.0013413789925955967,59
29.1,-0.0014040473125955973,59
29.102,-0.0014667156325955978,59
29.104,-0.0015293839525955984,59
29.106,-0.0015920522725955987,59
29.108,-0.0010568934725955995,59
29.11,-0.0011553459868813135,59
29.112,-0.0012537985011670282,59
29.114,-0.0013522510154527424,59
29.116,-0.001450703529738457,59
29.118,-0.0015491560440241711,59
29.12,-0.0016476085583098851,59
29.122,-0.0017460610725955998,59
29.124,-0.0011296749725955985,59
29.126,-0.000949505972595601,59
29.128,-0.0009739721725955976,59
29.13,-0.0014389509725955983,59
29.132,-0.0019039297725955988,59
29.134,-0.0009664459725955992,59
29.136,-0.0009680189725955994,59
29.138,-0.0009695919725955992,59
29.14,-0.0009711649725955992,59
29.142,-0.0009727379725955992,59
29.144,-0.001065791812595599,59
29.146,-0.001158845652595599,59
29.148,-0.0012518994925955992,59
29.15,-0.0013449533325955991,59
29.152,-0.001438007172595599,59
29.154,-0.001003617172595599,59
29.156,-0.0009709592725955992,59
29.158,-0.001238538672595598,59
29.16,-0.0013310401475955984,59
29.162,-0.0014235416225955987,59
29.164,-0.001516043097595599,59
29.166,-0.0016085445725955991,59
29.168,-0.0009459485725955981,59
29.17,-0.001003072672595598,59
29.172,-0.001060196772595598,59
29.174,-0.001239313072595598,59
29.176,-0.001418429372595598,59
29.178,-0.0015975456725955983,59
29.18,-0.0017766619725955984,59
29.182,-0.0009560762725955971,59
29.184,-0.000961805622595597,59
29.186,-0.0009675349725955968,59
29.188,-0.0017796990725956004,59
29.19,-0.0018351090059289333,59
29.192,-0.0018905189392622664,59
29.194,-0.0019459288725955997,59
29.196,-0.0012818082725955975,59
29.198,-0.0009437100725955984,59
29.2,-0.0009552171725955989,59
29.202,-0.0014765819725956007,59
29.204,-0.0014647239725956002,59
29.206,-0.0014528659725955996,59
29.208,-0.0014410079725955991,59
29.21,-0.001429149972595599,59
29.212,-0.0009681399725955992,59
29.214,-0.0009600208725955988,59
29.216,-0.0012275881725955992,59
29.218,-0.0013543840725955992,59
29.22,-0.0014811799725955991,59
29.222,-0.0016079758725955993,59
29.224,-0.0013300025725955988,59
29.226,-0.0010520292725955983,59
29.228,-0.0009540676725955984,59
29.23,-0.001050686172595596,59
29.232,-0.0012312211975955968,59
29.234,-0.0014117562225955975,59
29.236,-0.001592291247595598,59
29.238,-0.0017728262725955988,59
29.24,-0.0011654546725955988,59
29.242,-0.0009464930725955992,59
29.244,-0.0017193200725955995,59
29.246,-0.001790742339262266,59
29.248,-0.0018621646059289328,59
29.25,-0.0019335868725955992,59
29.252,-0.0016193861725955988,59
29.254,-0.0013051854725955984,59
29.256,-0.000968539272595598,59
29.258,-0.0009544427725955985,59
29.26,-0.0014418912725955978,59
29.262,-0.0014514442225955979,59
29.264,-0.0014609971725955979,59
29.266,-0.001470550122595598,59
29.268,-0.001480103072595598,59
29.27,-0.0010035566725956,59
29.272,-0.000951224172595598,59
29.274,-0.0011814750725955975,59
29.276,-0.0012841344975955977,59
29.278,-0.0013867939225955979,59
29.28,-0.001489453347595598,59
29.282,-0.0015921127725955983,59
29.284,-0.0010359241725955998,59
29.286,-0.0009349980725955991,59
29.288,-0.0010133576725956,59
29.29,-0.0019743638725956,59
29.292,-0.0019208415392622657,59
29.294,-0.001867319205928932,59
29.296,-0.0018137968725955977,59
29.298,-0.0011731018725955993,59
29.3,-0.0009549993725955983,59
29.302,-0.0009804214725955968,59
29.304,-0.0012307855975955974,59
29.306,-0.001481149722595598,59
29.308,-0.0017315138475955988,59
29.31,-0.0019818779725955995,59
29.312,-0.0009669057725955992,59
29.314,-0.0009678011725955984,59
29.316,-0.0014216963725955968,59
29.318,-0.0014409716725955971,59
29.32,-0.001460246972595598,59
29.322,-0.0014795222725955985,59
29.324,-0.001498797572595599,59
29.326,-0.0010155114725955963,59
29.328,-0.0009902406225955971,59
29.33,-0.000964969772595598,59
29.332,-0.0011883962725956,59
29.334,-0.0013528675392622664,59
29.336,-0.0015173388059289323,59
29.338,-0.0016818100725955983,59
29.34,-0.0010980213725955978,59
29.342,-0.0009694225725955968,59
29.344,-0.0014722078225955972,59
29.346,-0.001974993072595597,59
29.348,-0.0019277990392622645,59
29.35,-0.0018806050059289316,59
29.352,-0.0018334109725955984,59
29.354,-0.0015158585725955987,59
29.356,-0.0011983061725955987,59
29.358,-0.0009439399725955991,59
29.36,-0.0009513209725955965,59
29.362,-0.001668608972595598,59
29.364,-0.0017680629059289316,59
29.366,-0.0018675168392622648,59
29.368,-0.001966970772595599,59
29.37,-0.001326154772595598,59
29.372,-0.0009441456725955976,59
29.374,-0.0009532327725956003,59
29.376,-0.0013788986725956007,59
29.378,-0.0014125286059289335,59
29.38,-0.0014461585392622663,59
29.382,-0.001479788472595599,59
29.384,-0.0012440139225955993,59
29.386,-0.0010082393725955995,59
29.388,-0.0009774206725956004,59
29.39,-0.0011589569725956005,59
29.392,-0.0012875527475956,59
29.394,-0.0014161485225955995,59
29.396,-0.001544744297595599,59
29.398,-0.0016733400725955983,59
29.4,-0.0011065760725955994,59
29.402,-0.0009680310725955991,59
29.404,-0.0009969500725955998,59
29.406,-0.0019279119725955968,59
29.408,-0.0018992712725955973,59
29.41,-0.001870630572595598,59
29.412,-0.0018419898725955985,59
29.414,-0.0012266201725955987,59
29.416,-0.0009569111725955989,59
29.418,-0.0011642809725955986,59
29.42,-0.0013716507725955985,59
29.422,-0.0015790205725955983,59
29.424,-0.0017863903725955984,59
29.426,-0.001993760172595598,59
29.428,-0.0013754622725955996,59
29.43,-0.0009651512725955963,59
29.432,-0.0009368735725956007,59
29.434,-0.0013734173725955983,59
29.436,-0.0014147086225955983,59
29.438,-0.0014559998725955983,59
29.44,-0.0014972911225955984,59
29.442,-0.0015385823725955986,59
29.444,-0.001016818272595598,59
29.446,-0.0009534505725955975,59
29.448,-0.001136184772595597,59
29.45,-0.0012791704725955977,59
29.452,-0.0014221561725955983,59
29.454,-0.001565141872595599,59
29.456,-0.0017081275725955997,59
29.458,-0.0011033816725955995,59
29.46,-0.0009763437725955981,59
29.462,-0.0019257944725955976,59
29.464,-0.0019027238059289317,59
29.466,-0.0018796531392622647,59
29.468,-0.0018565824725955988,59
29.47,-0.001208324972595598,59
29.472,-0.001078740022595598,59
29.474,-0.0009491550725955981,59
29.476,-0.0009638081725955976,59
29.478,-0.0016048782725955994,59
29.48,-0.0017345418725955991,59
29.482,-0.0018642054725955988,59
29.484,-0.0019938690725955985,59
29.486,-0.0013576147725955987,59
29.488,-0.0009598998725955966,59
29.49,-0.0011525863225955975,59
29.492,-0.0013452727725955984,59
29.494,-0.001401743472595598,59
29.496,-0.0014582141725955975,59
29.498,-0.0015146848725955974,59
29.5,-0.001571155572595597,60
29.502,-0.0010474312725956003,60
29.504,-0.0009617995725955987,60
29.506,-0.0011247139725955972,60
29.508,-0.0012649045725955975,60
29.51,-0.0014050951725955978,60
29.512,-0.001545285772595598,60
29.514,-0.0016854763725955985,60
29.516,-0.000939172572595598,60
29.518,-0.0009617995725955987,60
29.52,-0.0009844265725955995,60
29.522,-0.0018820045725955992,60
29.524,-0.001666261572595598,60
29.526,-0.0014505185725955973,60
29.528,-0.0012347755725955964,60
29.53,-0.0009356877725955996,60
29.532,-0.0009493123725955992,60
29.534,-0.0009629369725955987,60
29.536,-0.0015737207725955975,60
29.538,-0.0014234357475955976,60
29.54,-0.0012731507225955975,60
29.542,-0.0011228656975955978,60
29.544,-0.000972580672595598,60
29.546,-0.0009717155225955984,60
29.548,-0.000970850372595599,60
29.55,-0.0010851372925955991,60
29.552,-0.001199424212595599,60
29.554,-0.0013137111325955992,60
29.556,-0.001427998052595599,60
29.558,-0.0015422849725955992,60
29.56,-0.0010294990725955991,60
29.562,-0.0011151307725955975,60
29.564,-0.001234390792595598,60
29.566,-0.0013536508125955983,60
29.568,-0.0014729108325955988,60
29.57,-0.0015921708525955991,60
29.572,-0.0017114308725955998,60
29.574,-0.0011156752725956006,60
29.576,-0.0009516234725955984,60
29.578,-0.0009856002725955983,60
29.58,-0.0018631164725955995,60
29.582,-0.0018751922725955992,60
29.584,-0.001887268072595599,60
29.586,-0.0015631030225955979,60
29.588,-0.0012389379725955968,60
29.59,-0.0009459727725955986,60
29.592,-0.0009651996725955973,60
29.594,-0.0015835701725955967,60
29.596,-0.0015709952475955976,60
29.598,-0.0015584203225955983,60
29.6,-0.0015458453975955987,60
29.602,-0.0015332704725955996,60
29.604,-0.0010954561725955991,60
29.606,-0.0010472981725955996,60
29.608,-0.0013895950725956,60
29.61,-0.0014851286059289332,60
29.612,-0.001580662139262266,60
29.614,-0.0016761956725955991,60
29.616,-0.0014124217225955985,60
29.618,-0.0011486477725955976,60
29.62,-0.0013129657725956011,60
29.622,-0.0013703197725956013,60
29.624,-0.0014276737725956012,60
29.626,-0.001485027772595601,60
29.628,-0.0015423817725956008,60
29.63,-0.0015997357725956007,60
29.632,-0.0016570897725956008,60
29.634,-0.0014726131725955969,60
29.636,-0.0015167660725955955,60
29.638,-0.0015927540725955962,60
29.64,-0.001668742072595597,60
29.642,-0.0017447300725955978,60
29.644,-0.0018207180725955984,60
29.646,-0.0014680393725955976,60
29.648,-0.0014283150725955991,60
29.65,-0.0017088414725955987,60
29.652,-0.0019893678725955988,60
29.654,-0.001940979972595599,60
29.656,-0.0018925920725955993,60
29.658,-0.0018442041725955992,60
29.66,-0.0017958162725955993,60
29.662,-0.0013053427725955979,60
29.664,-0.0012682078725956003,60
29.666,-0.001577290272595601,60
29.668,-0.0014940543725956003,60
29.67,-0.0014108184725956,60
29.672,-0.0013275825725955995,60
29.674,-0.0012443466725955991,60
29.676,-0.0011284649725956004,60
29.678,-0.0012216712725955994,60
29.68,-0.001350362032595599,60
29.682,-0.0014790527925955988,60
29.684,-0.0016077435525955989,60
29.686,-0.0017364343125955983,60
29.688,-0.0018651250725955984,60
29.69,-0.0012114951725955992,60
29.692,-0.000994046072595598,60
29.694,-0.0013996320225955995,60
29.696,-0.0018052179725956009,60
29.698,-0.0018319468725956,60
29.7,-0.0018586757725955983,60
29.702,-0.0018854046725955973,60
29.704,-0.0012517881725955975,60
29.706,-0.0009324691725955992,60
29.708,-0.0009051231725956016,60
29.71,-0.0014300090725955972,60
29.712,-0.0014087554225955977,60
29.714,-0.001387501772595598,60
29.716,-0.0012308067725955978,60
29.718,-0.0010741117725955975,60
29.72,-0.0009174167725955976,60
29.722,-0.0008702509725955973,60
29.724,-0.0011190269725955965,60
29.726,-0.0010717764725955967,60
29.728,-0.001024525972595597,60
29.73,-0.000977275472595597,60
29.732,-0.0009300249725955978,60
29.734,-0.0008814616225955984,60
29.736,-0.0008328982725955992,60
29.738,-0.0009395234725955992,60
29.74,-0.0019214142725955984,60
29.742,-0.001467791322595599,60
29.744,-0.0010141683725955995,60
29.746,-0.0009144583225955994,60
29.748,-0.0008147482725955993,60
29.75,-0.0008338481225955984,60
29.752,-0.0008529479725955974,60
29.754,-0.0016406942725955987,60
29.756,-0.0017133850225955983,60
29.758,-0.0017860757725955984,60
29.76,-0.0012844642225955988,60
29.762,-0.0007828526725955996,60
29.764,-0.0008071010725955971,60
29.766,-0.0010654965725955968,60
29.768,-0.0013238920725955963,60
29.77,-0.0015078564392622638,60
29.772,-0.0016918208059289311,60
29.774,-0.0018757851725955989,60
29.776,-0.0012642390725955983,60
29.778,-0.0008130784725955999,60
29.78,-0.0010805005725955975,60
29.782,-0.0011838557475955976,60
29.784,-0.0012872109225955976,60
29.786,-0.0013905660975955976,60
29.788,-0.0014939212725955976,60
29.79,-0.0011564946225955976,60
29.792,-0.0008190679725955974,60
29.794,-0.000860038572595598,60
29.796,-0.0009010091725955988,60
29.798,-0.0018719978725956,60
29.8,-0.0018203913725955995,60
29.802,-0.0017687848725955989,60
29.804,-0.0017171783725955982,60
29.806,-0.0011168852725955986,60
29.808,-0.0008626884725955984,60
29.81,-0.0009001016725955976,60
29.812,-0.001728842772595598,60
29.814,-0.0015538071975955978,60
29.816,-0.0013787716225955975,60
29.818,-0.0012037360475955971,60
29.82,-0.0010287004725955968,60
29.822,-0.0012525686225955972,60
29.824,-0.001476436772595598,60
29.826,-0.0015358628975955984,60
29.828,-0.0015952890225955987,60
29.83,-0.0016547151475955991,60
29.832,-0.0017141412725955995,60
29.834,-0.001285680272595598,60
29.836,-0.0012949186225955983,60
29.838,-0.0013041569725955984,60
29.84,-0.0015990460725955995,60
29.842,-0.0016225109975955992,60
29.844,-0.0016459759225955987,60
29.846,-0.0016694408475955986,60
29.848,-0.0016929057725955984,60
29.85,-0.0016371671225955987,60
29.852,-0.0015814284725955991,60
29.854,-0.0016582029725955988,60
29.856,-0.0017013757725955988,60
29.858,-0.0017445485725955986,60
29.86,-0.0017877213725955986,60
29.862,-0.0018308941725955984,60
29.864,-0.0018740669725955984,60
29.866,-0.0016168693725955984,60
29.868,-0.0016098392725956007,60
29.87,-0.0016834605125956002,60
29.872,-0.0017570817525955995,60
29.874,-0.0018307029925955993,60
29.876,-0.0019043242325955984,60
29.878,-0.001977945472595598,60
29.88,-0.0015377837725955976,60
29.882,-0.0015113089725956007,60
29.884,-0.0019330423725955977,60
29.886,-0.0018378782925955975,60
29.888,-0.0017427142125955978,60
29.89,-0.0016475501325955975,60
29.892,-0.0015523860525955976,60
29.894,-0.0014572219725955977,60
29.896,-0.001350221672595596,60
29.898,-0.0015581480725955985,60
29.9,-0.001526944592595598,60
29.902,-0.0014957411125955979,60
29.904,-0.0014645376325955976,60
29.906,-0.0014333341525955973,60
29.908,-0.0014021306725955968,60
29.91,-0.0012406561725955988,60
29.912,-0.0012895159725955958,60
29.914,-0.0013138176125955963,60
29.916,-0.0013381192525955964,60
29.918,-0.001362420892595597,60
29.92,-0.0013867225325955971,60
29.922,-0.0014110241725955978,60
29.924,-0.0011406617725955995,60
29.926,-0.0018151278725956,60
29.928,-0.0016716194525955995,60
29.93,-0.0015281110325955996,60
29.932,-0.0013846026125956,60
29.934,-0.0012410941925956,60
29.936,-0.0010975857725956002,60
29.938,-0.001092346472595599,60
29.94,-0.0012804651725955988,60
29.942,-0.0014685838725955987,60
29.944,-0.0015021734725955988,60
29.946,-0.0015357630725955987,60
29.948,-0.0015693526725955983,60
29.95,-0.0016029422725955984,60
29.952,-0.001094040472595599,60
29.954,-0.0010240782725955964,60
29.956,-0.0011740577725955976,60
29.958,-0.001310627447595598,60
29.96,-0.0014471971225955985,60
29.962,-0.0015837667975955988,60
29.964,-0.0017203364725955992,60
29.966,-0.0011196077725955985,60
29.968,-0.0009789331725955988,60
29.97,-0.0010213920725955991,60
29.972,-0.0019580046725955983,60
29.974,-0.0019303037392622649,60
29.976,-0.001902602805928932,60
29.978,-0.0018749018725955984,60
29.98,-0.0012216228725955983,60
29.982,-0.0009359418725955992,60
29.984,-0.0009523978725956006,60
29.986,-0.0016254603725955972,60
29.988,-0.0018069724725955976,60
29.99,-0.001988484572595598,60
29.992,-0.0016710289725955976,60
29.994,-0.001353573372595597,60
29.996,-0.0009492155725955994,60
29.998,-0.0013285868725955996,60
30.0,-0.0013058751725955997,61
30.002,-0.0012831634725955995,61
30.004,-0.0012604517725955996,61
30.006,-0.0012377400725955996,61
30.008,-0.0012150283725955995,61
30.01,-0.0011923166725955996,61
30.012,-0.0011696049725955996,61
30.014,-0.0011468932725955995,61
30.016,-0.0011241815725955995,61
30.018,-0.0011014698725955996,61
30.02,-0.0010787581725955997,61
30.022,-0.0010560464725955995,61
30.024,-0.0009417135725955997,61
30.026,-0.0018490320725955984,61
30.028,-0.0018401083225955985,61
30.03,-0.0018311845725955988,61
30.032,-0.000896955672595597,61
30.034,-0.001958331372595599,61
30.036,-0.0017162789392622655,61
30.038,-0.001474226505928932,61
30.04,-0.0012321740725955987,61
30.042,-0.0012751391559289319,61
30.044,-0.001318104239262265,61
30.046,-0.001361069322595598,61
30.048,-0.0014040344059289313,61
30.05,-0.0014469994892622644,61
30.052,-0.0014899645725955975,61
30.054,-0.0008810804725955974,61
30.056,-0.0009534846725955978,61
30.058,-0.0010258888725955975,61
30.06,-0.001098293072595598,61
30.062,-0.001170697272595598,61
30.064,-0.0012431014725955982,61
30.066,-0.0013155056725955984,61
30.068,-0.0013879098725955987,61
30.07,-0.0014603140725955987,61
30.072,-0.001532718272595599,61
30.074,-0.0016051224725955988,61
30.076,-0.0016775266725955992,61
30.078,-0.0013668349725955995,61
30.08,-0.0010561432725955996,61
30.082,-0.0008928416725955974,61
30.084,-0.0018046976725956,61
30.086,-0.0018177596225955996,61
30.088,-0.0018308215725955992,61
30.09,-0.0011863997725955996,61
30.092,-0.0008855090725955992,61
30.094,-0.0008831697392622656,61
30.096,-0.0008808304059289318,61
30.098,-0.0008784910725955983,61
30.1,-0.0009950473475955983,61
30.102,-0.0011116036225955984,61
30.104,-0.0012281598975955985,61
30.106,-0.0013447161725955983,61
30.108,-0.0008951164725955978,61
30.11,-0.0008801971725956001,61
30.112,-0.0010064340525955998,61
30.114,-0.0011326709325955996,61
30.116,-0.0012589078125955992,61
30.118,-0.0013851446925955988,61
30.12,-0.0015113815725955983,61
30.122,-0.0009617753725955965,61
30.124,-0.0008781885725955979,61
30.126,-0.0019983581725956,61
30.128,-0.0019188914225955996,61
30.13,-0.001839424672595599,61
30.132,-0.0017599579225955988,61
30.134,-0.0016804911725955985,61
30.136,-0.0008660401725955994,61
30.138,-0.0009109190725955958,61
30.14,-0.0017621661725955964,61
30.142,-0.0017766740725955969,61
30.144,-0.0017911819725955971,61
30.146,-0.0018056898725955972,61
30.148,-0.0018201977725955977,61
30.15,-0.0018347056725955975,61
30.152,-0.0011927522725955987,61
30.154,-0.0008752845725955965,61
30.156,-0.0014500708725955994,61
30.158,-0.0015800188225955991,61
30.16,-0.0017099667725955989,61
30.162,-0.0018399147225955984,61
30.164,-0.0019698626725955983,61
30.166,-0.0013300872725955995,61
30.168,-0.0009016020725955994,61
30.17,-0.0008888123725955993,61
30.172,-0.0011912518725955973,61
30.174,-0.0012739886475955976,61
30.176,-0.0013567254225955979,61
30.178,-0.001439462197595598,61
30.18,-0.0015221989725955985,61
30.182,-0.0009842450725955978,61
30.184,-0.0009125525725956,61
30.186,-0.0009996241725955984,61
30.188,-0.0017109952725955987,61
30.19,-0.001408265372595599,61
30.192,-0.001105535472595599,61
30.194,-0.0009214823725955981,61
30.196,-0.001736744072595598,61
30.198,-0.001783478305928932,61
30.2,-0.0018302125392622652,61
30.202,-0.0018769467725955997,61
30.204,-0.0009054982725955982,61
30.206,-0.0014310375725955988,61
30.208,-0.0013478016725955988,61
30.21,-0.0012645657725955984,61
30.212,-0.0011813298725955983,61
30.214,-0.001098093972595598,61
30.216,-0.001014858072595598,61
30.218,-0.0009316221725955977,61
30.22,-0.0009252273225955986,61
30.222,-0.0009188324725955993,61
30.224,-0.0010594465725955995,61
30.226,-0.0012000606725956,61
30.228,-0.0012896793225955995,61
30.23,-0.0013792979725955991,61
30.232,-0.001468916622595599,61
30.234,-0.0015585352725955987,61
30.236,-0.0012846457225955989,61
30.238,-0.001010756172595599,61
30.24,-0.001151258952595599,61
30.242,-0.0012917617325955988,61
30.244,-0.0014322645125955991,61
30.246,-0.001572767292595599,61
30.248,-0.001713270072595599,61
30.25,-0.0008751998725955965,61
30.252,-0.0011525278392622643,61
30.254,-0.001429855805928932,61
30.256,-0.0017071837725955996,61
30.258,-0.0017980971225955988,61
30.26,-0.001889010472595598,61
30.262,-0.0009273266725956,61
30.264,-0.0009294078725955987,61
30.266,-0.0009314890725955981,61
30.268,-0.0009335702725955969,61
30.27,-0.0010127365392622635,61
30.272,-0.0010919028059289306,61
30.274,-0.0011710690725955971,61
30.276,-0.001250235339262264,61
30.278,-0.0013294016059289307,61
30.28,-0.0014085678725955977,61
30.282,-0.0009443513725955982,61
30.284,-0.0009016504725955984,61
30.286,-0.0011465181725956,61
30.288,-0.0012942712725955996,61
30.29,-0.0014420243725955992,61
30.292,-0.0015897774725955986,61
30.294,-0.001302112072595598,61
30.296,-0.0010144466725955975,61
30.298,-0.0009751095725955976,61
30.3,-0.0019535034725956003,61
30.302,-0.0018496673225956,61
30.304,-0.001745831172595599,61
30.306,-0.0008963264725955974,61
30.308,-0.0009168722725955981,61
30.31,-0.001107486597595598,61
30.312,-0.001298100922595598,61
30.314,-0.001488715247595598,61
30.316,-0.001679329572595598,61
30.318,-0.0017683492725955976,61
30.32,-0.0018573689725955977,61
30.322,-0.0019463886725955971,61
30.324,-0.001306613272595597,61
30.326,-0.0009311865725955981,61
30.328,-0.0009298555725955997,61
30.33,-0.0014130569725955971,61
30.332,-0.0014293597059289315,61
30.334,-0.0014456624392622656,61
30.336,-0.0014619651725956,61
30.338,-0.0012232624225955993,61
30.34,-0.0009845596725955984,61
30.342,-0.0009423306725955987,61
30.344,-0.0011722669725955995,61
30.346,-0.0012969574725955994,61
30.348,-0.0014216479725955992,61
30.35,-0.0015463384725955991,61
30.352,-0.0016710289725955993,61
30.354,-0.0010172659725955976,61
30.356,-0.0013375005392622652,61
30.358,-0.0016577351059289328,61
30.36,-0.0019779696725956003,61
30.362,-0.0019205592059289333,61
30.364,-0.0018631487392622669,61
30.366,-0.0018057382725956,61
30.368,-0.0011663984725956004,61
30.37,-0.0009102535725955974,61
30.372,-0.0009252091725955973,61
30.374,-0.0016797288725955964,61
30.376,-0.0019648774725955984,61
30.378,-0.0017108258725955982,61
30.38,-0.001456774272595598,61
30.382,-0.001202722672595598,61
30.384,-0.0009486710725955977,61
30.386,-0.0009376600725955997,61
30.388,-0.0013907929725955996,61
30.39,-0.0012352958725955997,61
30.392,-0.0010797987725955996,61
30.394,-0.0009243016725955996,61
30.396,-0.0010266711297384564,61
30.398,-0.0011290405868813135,61
30.4,-0.0012314100440241707,61
30.402,-0.0013337795011670276,61
30.404,-0.0014361489583098847,61
30.406,-0.0015385184154527417,61
30.408,-0.0016408878725955988,61
30.41,-0.0009347802725956001,61
30.412,-0.0009650907725955996,61
30.414,-0.0009954012725955988,61
30.416,-0.0019358011725955984,61
30.418,-0.001899735105928932,61
30.42,-0.0018636690392622652,61
30.422,-0.001827602972595599,61
30.424,-0.0009401526725955968,61
30.426,-0.0009318641725955984,61
30.428,-0.0016146308725955988,61
30.43,-0.0017349774725955991,61
30.432,-0.0018553240725955992,61
30.434,-0.0019756706725955996,61
30.436,-0.0016569324725955997,61
30.438,-0.0013381942725955995,61
30.44,-0.0009554349725955992,61
30.442,-0.0009521921725955984,61
30.444,-0.0013470272725955995,61
30.446,-0.0013825619475955992,61
30.448,-0.0014180966225955988,61
30.45,-0.0014536312975955987,61
30.452,-0.0014891659725955984,61
30.454,-0.0009884437725955972,61
30.456,-0.0009237208725955959,61
30.458,-0.0011149008725955985,61
30.46,-0.0012623030725955984,61
30.462,-0.0014097052725955987,61
30.464,-0.0015571074725955988,61
30.466,-0.001704509672595599,61
30.468,-0.0010921407725955987,61
30.47,-0.0009344777725955999,61
30.472,-0.0009934047725955984,61
30.474,-0.0019327035725955983,61
30.476,-0.0019052123725955983,61
30.478,-0.001877721172595598,61
30.48,-0.0018502299725955977,61
30.482,-0.0012154881725955982,61
30.484,-0.0009336307725955999,61
30.486,-0.0009401284725956,61
30.488,-0.0016236695725955989,61
30.49,-0.0017470976392622653,61
30.492,-0.001870525705928932,61
30.494,-0.0019939537725955983,61
30.496,-0.001384488872595598,61
30.498,-0.0009806271725956003,61
30.5,-0.0013531740725955983,62
30.502,-0.0013894982725955987,62
30.504,-0.0014258224725955987,62
30.506,-0.0014621466725955991,62
30.508,-0.0014984708725955995,62
30.51,-0.0015347950725956,62
30.512,-0.0010206297725955972,62
30.514,-0.0009533053725955982,62
30.516,-0.0010927578725955997,62
30.518,-0.0012935694725955994,62
30.52,-0.0014943810725955992,62
30.522,-0.0016951926725955989,62
30.524,-0.0014099412225955996,62
30.526,-0.0011246897725956002,62
30.528,-0.0009520106725955986,62
30.53,-0.0018659962725955988,62
30.532,-0.0018587120725955988,62
30.534,-0.0018514278725955983,62
30.536,-0.0018441436725955985,62
30.538,-0.0015444992725955975,62
30.54,-0.0012448548725955964,62
30.542,-0.0009401889725955992,62
30.544,-0.0015866556725955964,62
30.546,-0.0015499128125955968,62
30.548,-0.0015131699525955972,62
30.55,-0.0014764270925955974,62
30.552,-0.0014396842325955978,62
30.554,-0.001402941372595598,62
30.556,-0.0009715884725956004,62
30.558,-0.0009362927725956004,62
30.56,-0.0013031042725956015,62
30.562,-0.0013748179475956007,62
30.564,-0.0014465316225956,62
30.566,-0.0015182452975955993,62
30.568,-0.0015899589725955985,62
30.57,-0.0009791993725955983,62
30.572,-0.0012358766725955987,62
30.574,-0.0014925539725955989,62
30.576,-0.0017492312725955993,62
30.578,-0.0011460462725955984,62
30.58,-0.0011042135475955984,62
30.582,-0.0010623808225955983,62
30.584,-0.0010205480975955983,62
30.586,-0.0009787153725955983,62
30.588,-0.0010021167725955994,62
30.59,-0.0018767410725955991,62
30.592,-0.0015721155059289324,62
30.594,-0.0012674899392622655,62
30.596,-0.0009628643725955992,62
30.598,-0.000965643339262265,62
30.6,-0.0009684223059289309,62
30.602,-0.0009712012725955969,62
30.604,-0.001559261272595598,62
30.606,-0.0015125068725955978,62
30.608,-0.0014657524725955975,62
30.61,-0.0014189980725955972,62
30.612,-0.0011940348725955974,62
30.614,-0.0009690716725955974,62
30.616,-0.0009538861725955984,62
30.618,-0.0012831876725955989,62
30.62,-0.0013549769725955986,62
30.622,-0.0014267662725955983,62
30.624,-0.001498555572595598,62
30.626,-0.0015703448725955976,62
30.628,-0.001037872272595599,62
30.63,-0.0009428267725955976,62
30.632,-0.0010728412725955969,62
30.634,-0.0012362668975955968,62
30.636,-0.0013996925225955971,62
30.638,-0.0015631181475955973,62
30.64,-0.0017265437725955972,62
30.642,-0.001128005172595599,62
30.644,-0.0009316705725956,62
30.646,-0.0018078194725955983,62
30.648,-0.0018327757225955984,62
30.65,-0.0018577319725955983,62
30.652,-0.001882688222595598,62
30.654,-0.001907644472595598,62
30.656,-0.0012932064725955997,62
30.658,-0.0009642679725955992,62
30.66,-0.001241829872595598,62
30.662,-0.001519391772595597,62
30.664,-0.0013905116475955975,62
30.666,-0.001261631522595598,62
30.668,-0.0011327513975955984,62
30.67,-0.0010038712725955988,62
30.672,-0.001122741672595599,62
30.674,-0.0012416120725955992,62
30.676,-0.0012011835525955988,62
30.678,-0.0011607550325955986,62
30.68,-0.001120326512595598,62
30.682,-0.001079897992595598,62
30.684,-0.0010394694725955975,62
30.686,-0.0009947781225955975,62
30.688,-0.0009500867725955981,62
30.69,-0.0010758420725956,62
30.692,-0.0012576203725955999,62
30.694,-0.0014393986725955996,62
30.696,-0.001621176972595599,62
30.698,-0.0018029552725955993,62
30.7,-0.0009182395725955987,62
30.702,-0.0009428630725955984,62
30.704,-0.0017438467725956006,62
30.706,-0.0015815470525956,62
30.708,-0.0014192473325956,62
30.71,-0.0012569476125955995,62
30.712,-0.0010946478925955992,62
30.714,-0.0009323481725955987,62
30.716,-0.0009521437725955977,62
30.718,-0.0014704472725955984,62
30.72,-0.0014649205975955986,62
30.722,-0.0014593939225955987,62
30.724,-0.0014538672475955987,62
30.726,-0.0014483405725955988,62
30.728,-0.0009910573725955983,62
30.73,-0.0009634572725955997,62
30.732,-0.001227152572595598,62
30.734,-0.0011751871059289317,62
30.736,-0.0011232216392622653,62
30.738,-0.0010712561725955989,62
30.74,-0.0010124622725955984,62
30.742,-0.0009536683725955981,62
30.744,-0.0010333952725955983,62
30.746,-0.0011867192125955984,62
30.748,-0.0013400431525955984,62
30.75,-0.0014933670925955985,62
30.752,-0.0016466910325955984,62
30.754,-0.0018000149725955986,62
30.756,-0.0011690120725955967,62
30.758,-0.0009312470725955976,62
30.76,-0.0009372002725955981,62
30.762,-0.0017144195725955977,62
30.764,-0.0018245719225955977,62
30.766,-0.0019347242725955976,62
30.768,-0.0016160647225955983,62
30.77,-0.001297405172595599,62
30.772,-0.0009248582725955977,62
30.774,-0.0009044213725955992,62
30.776,-0.0014022637725955994,62
30.778,-0.0014208402975955992,62
30.78,-0.001439416822595599,62
30.782,-0.0014579933475955989,62
30.784,-0.0014765698725955987,62
30.786,-0.0009887704725955997,62
30.788,-0.0009431534725956002,62
30.79,-0.0011642204725955986,62
30.792,-0.0012846941225955985,62
30.794,-0.0014051677725955983,62
30.796,-0.001525641422595598,62
30.798,-0.001646115072595598,62
30.8,-0.0010739665725955968,62
30.802,-0.0009481023725955976,62
30.804,-0.0010055410725955984,62
30.806,-0.0010509100225955983,62
30.808,-0.0010962789725955987,62
30.81,-0.0011416479225955989,62
30.812,-0.001187016872595599,62
30.814,-0.0009470496725955992,62
30.816,-0.0009654658725955985,62
30.818,-0.001329772672595599,62
30.82,-0.0016940794725955992,62
30.822,-0.001788600639262266,62
30.824,-0.0018831218059289327,62
30.826,-0.0019776429725955995,62
30.828,-0.001326239472595598,62
30.83,-0.0009607952725955992,62
30.832,-0.0014111330725955998,62
30.834,-0.0014345647225955992,62
30.836,-0.0014579963725955987,62
30.838,-0.0014814280225955985,62
30.84,-0.001504859672595598,62
30.842,-0.000993102272595598,62
30.844,-0.0009764345225955968,62
30.846,-0.000959766772595596,62
30.848,-0.0011040810525955963,62
30.85,-0.0012483953325955967,62
30.852,-0.0013927096125955975,62
30.854,-0.001537023892595598,62
30.856,-0.0016813381725955985,62
30.858,-0.0010918382725955966,62
30.86,-0.0009419192725955983,62
30.862,-0.0019498492725955967,62
30.864,-0.0019191424975955973,62
30.866,-0.0018884357225955977,62
30.868,-0.0018577289475955985,62
30.87,-0.0018270221725955984,62
30.872,-0.0012018635725955986,62
30.874,-0.0009468076725955981,62
30.876,-0.0016609617725955976,62
30.878,-0.0017675466392622647,62
30.88,-0.001874131505928932,62
30.882,-0.001980716372595599,62
30.884,-0.0016676349225955983,62
30.886,-0.0013545534725955975,62
30.888,-0.0009687086725955978,62
30.89,-0.0009598756725955962,62
30.892,-0.0013764544725955973,62
30.894,-0.0014147297975955976,62
30.896,-0.001453005122595598,62
30.898,-0.0014912804475955984,62
30.9,-0.0015295557725955988,62
30.902,-0.000952676172595597,62
30.904,-0.001077523972595597,62
30.906,-0.0012023717725955976,62
30.908,-0.0013272195725955978,62
30.91,-0.001452067372595598,62
30.912,-0.0015769151725955983,62
30.914,-0.0017017629725955984,62
30.916,-0.0011221729725955987,62
30.918,-0.0009847169725955996,62
30.92,-0.0010195649725955984,62
30.922,-0.0019240641725956009,62
30.924,-0.0019078784059289333,62
30.926,-0.001891692639262266,62
30.928,-0.0018755068725955987,62
30.93,-0.0012193843725955972,62
30.932,-0.0009522284725955992,62
30.934,-0.0009531964725955981,62
30.936,-0.0016295864725956004,62
30.938,-0.0017523974392622665,62
30.94,-0.0018752084059289323,62
30.942,-0.0019980193725955982,62
30.944,-0.0009619084725955988,62
30.946,-0.0009567357225956,62
30.948,-0.0009515629725956008,62
30.95,-0.0013395010725955978,62
30.952,-0.001385441747595598,62
30.954,-0.0014313824225955984,62
30.956,-0.0014773230975955987,62
30.958,-0.001523263772595599,62
30.96,-0.0010076101725955983,62
30.962,-0.0009420402725955969,62
30.964,-0.0011376609725956,62
30.966,-0.0012819867475955995,62
30.968,-0.0014263125225955995,62
30.97,-0.0015706382975955993,62
30.972,-0.001714964072595599,62
30.974,-0.0011158325725955983,62
30.976,-0.0009568143725955987,62
30.978,-0.0009982205725955968,62
30.98,-0.0018857676725955992,62
30.982,-0.0018847331225955992,62
30.984,-0.0018836985725955992,62
30.986,-0.0012463673725955984,62
30.988,-0.001096000672595598,62
30.99,-0.0009456339725955971,62
30.992,-0.0015958032725955967,62
30.994,-0.0015506993125955972,62
30.996,-0.0015055953525955974,62
30.998,-0.0014604913925955975,62
31.0,-0.0014153874325955975,63
31.002,-0.001370283472595598,63
31.004,-0.000939559772595598,63
31.006,-0.0012919359725955988,63
31.008,-0.0013515103225955989,63
31.01,-0.0014110846725955987,63
31.012,-0.001470659022595599,63
31.014,-0.001530233372595599,63
31.016,-0.0010390217725955997,63
31.018,-0.0009751821725955955,63
31.02,-0.001036801422595596,63
31.022,-0.0010984206725955963,63
31.024,-0.0011070751975955971,63
31.026,-0.001115729722595598,63
31.028,-0.0011243842475955987,63
31.03,-0.0011330387725955995,63
31.032,-0.0010518175225955996,63
31.034,-0.0009705962725955996,63
31.036,-0.0009888551725955978,63
31.038,-0.0018577924725955968,63
31.04,-0.001877406572595597,63
31.042,-0.0018970206725955985,63
31.044,-0.0014243523225955987,63
31.046,-0.0009516839725955997,63
31.048,-0.0009504739725955982,63
31.05,-0.0009492639725955966,63
31.052,-0.0015593217725955993,63
31.054,-0.0014135076975955992,63
31.056,-0.0012676936225955995,63
31.058,-0.0011218795475955996,63
31.06,-0.0009760654725955997,63
31.062,-0.0009655505725955983,63
31.064,-0.0012982158725955983,63
31.066,-0.0013701049975955986,63
31.068,-0.0014419941225955989,63
31.07,-0.0015138832475955991,63
31.072,-0.0015857723725955992,63
31.074,-0.0010515694725956003,63
31.076,-0.0009540192725955992,63
31.078,-0.001087264472595599,63
31.08,-0.0012226852525955988,63
31.082,-0.0013581060325955987,63
31.084,-0.0014935268125955991,63
31.086,-0.001628947592595599,63
31.088,-0.001764368372595599,63
31.09,-0.0011444490725956,63
31.092,-0.0013739296059289332,63
31.094,-0.0016034101392622662,63
31.096,-0.0018328906725955992,63
31.098,-0.0015537618225955991,63
31.1,-0.001274632972595599,63
31.102,-0.0011718797725955993,63
31.104,-0.0010691265725955995,63
31.106,-0.0009663733725955996,63
31.108,-0.0012573239225955983,63
31.11,-0.0015482744725955969,63
31.112,-0.0015223169475955972,63
31.114,-0.0014963594225955975,63
31.116,-0.0014704018975955975,63
31.118,-0.001444444372595598,63
31.12,-0.001006182372595598,63
31.122,-0.0012650013725955984,63
31.124,-0.0013544506225955984,63
31.126,-0.0014438998725955984,63
31.128,-0.0015333491225955984,63
31.13,-0.0016227983725955984,63
31.132,-0.0013521516225955983,63
31.134,-0.0010815048725955987,63
31.136,-0.0009834343725955983,63
31.138,-0.001258072105928932,63
31.14,-0.0015327098392622653,63
31.142,-0.0018073475725955985,63
31.144,-0.0014907873725955988,63
31.146,-0.0011742271725955992,63
31.148,-0.0009559431725955984,63
31.15,-0.0009457186725955987,63
31.152,-0.0017704667725955987,63
31.154,-0.0018189232392622648,63
31.156,-0.0018673797059289316,63
31.158,-0.001915836172595598,63
31.16,-0.0012839378725955988,63
31.162,-0.0009385191725955997,63
31.164,-0.0009421370725955987,63
31.166,-0.001040527012595599,63
31.168,-0.0011389169525955992,63
31.17,-0.0012373068925955993,63
31.172,-0.0013356968325955996,63
31.174,-0.0014340867725955997,63
31.176,-0.0009523857725955985,63
31.178,-0.0010904286225955975,63
31.18,-0.0012284714725955964,63
31.182,-0.001417854622595598,63
31.184,-0.0016072377725955996,63
31.186,-0.0010540620725955992,63
31.188,-0.0009466019725955977,63
31.19,-0.0009810022725955981,63
31.192,-0.0010154025725955986,63
31.194,-0.0010498028725955987,63
31.196,-0.0012363001725955987,63
31.198,-0.0014227974725955989,63
31.2,-0.0016092947725955989,63
31.202,-0.0017957920725955989,63
31.204,-0.001173876272595596,63
31.206,-0.0009641832725955992,63
31.208,-0.0013593934725955985,63
31.21,-0.0017546036725955977,63
31.212,-0.0018538902225955984,63
31.214,-0.0019531767725955995,63
31.216,-0.0013144661725955976,63
31.218,-0.0009447990725955976,63
31.22,-0.0009330741725955964,63
31.222,-0.001176520122595598,63
31.224,-0.0014199660725955996,63
31.226,-0.0014228156225955997,63
31.228,-0.0014256651725955995,63
31.23,-0.0014285147225955995,63
31.232,-0.0014313642725955998,63
31.234,-0.0009560399725955984,63
31.236,-0.0009062968725955971,63
31.238,-0.0011612922725956,63
31.24,-0.0012766899725955997,63
31.242,-0.0013920876725955992,63
31.244,-0.0015074853725955987,63
31.246,-0.0016228830725955982,63
31.248,-0.0010502263725955996,63
31.25,-0.0009419676725955992,63
31.252,-0.0010209080725955971,63
31.254,-0.0019766507725955985,63
31.256,-0.001908116372595598,63
31.258,-0.0018395819725955977,63
31.26,-0.0017710475725955972,63
31.262,-0.0011515275725955988,63
31.264,-0.0009354941725955978,63
31.266,-0.0009364742725955984,63
31.268,-0.0016967172725955975,63
31.27,-0.0017731570059289312,63
31.272,-0.0018495967392622647,63
31.274,-0.0019260364725955988,63
31.276,-0.0013141515725955987,63
31.278,-0.0009449805725955994,63
31.28,-0.0009311623725955994,63
31.282,-0.0013987910725955996,63
31.284,-0.0014205105725955997,63
31.286,-0.0014422300725955995,63
31.288,-0.0014639495725955998,63
31.29,-0.0014856690725956,63
31.292,-0.001166495272595599,63
31.294,-0.0012892195225955986,63
31.296,-0.0014119437725955983,63
31.298,-0.001534668022595598,63
31.3,-0.0016573922725955975,63
31.302,-0.0010593739725955967,63
31.304,-0.0010163383059289307,63
31.306,-0.0009733026392622647,63
31.308,-0.0009302669725955984,63
31.31,-0.001954652972595599,63
31.312,-0.0018898090725955987,63
31.314,-0.0018249651725955988,63
31.316,-0.001180265072595596,63
31.318,-0.001057619472595598,63
31.32,-0.0009349738725956003,63
31.322,-0.0013031768725955996,63
31.324,-0.0016713798725955988,63
31.326,-0.0017431963975955986,63
31.328,-0.0018150129225955984,63
31.33,-0.001886829447595598,63
31.332,-0.0019586459725955976,63
31.334,-0.0013211453725955995,63
31.336,-0.0009464567725955968,63
31.338,-0.0014018523725955988,63
31.34,-0.0014217538475955987,63
31.342,-0.0014416553225955987,63
31.344,-0.0014615567975955986,63
31.346,-0.0014814582725955986,63
31.348,-0.001211386272595598,63
31.35,-0.0009413142725955976,63
31.352,-0.0010625461892622642,63
31.354,-0.0011837781059289311,63
31.356,-0.0013050100225955978,63
31.358,-0.0014262419392622645,63
31.36,-0.0015474738559289312,63
31.362,-0.001668705772595598,63
31.364,-0.001085897172595598,63
31.366,-0.0009508369725955977,63
31.368,-0.0009846564725955985,63
31.37,-0.0012567653059289315,63
31.372,-0.0015288741392622644,63
31.374,-0.0018009829725955972,63
31.376,-0.0011751830725955975,63
31.378,-0.0009215307725955988,63
31.38,-0.0012629564725955987,63
31.382,-0.0016043821725955987,63
31.384,-0.001698662347595599,63
31.386,-0.0017929425225955992,63
31.388,-0.0018872226975955996,63
31.39,-0.0019815028725955995,63
31.392,-0.0009347681725955964,63
31.394,-0.0013204677725955972,63
31.396,-0.0013541711125955975,63
31.398,-0.0013878744525955978,63
31.4,-0.001421577792595598,63
31.402,-0.0014552811325955982,63
31.404,-0.0014889844725955983,63
31.406,-0.0012341463725955987,63
31.408,-0.0009793082725955988,63
31.41,-0.0011166916725955968,63
31.412,-0.0013058913059289308,63
31.414,-0.001495090939262265,63
31.416,-0.0016842905725955992,63
31.418,-0.0018873285725955985,63
31.42,-0.0017935017154527414,63
31.422,-0.0016996748583098843,63
31.424,-0.0016058480011670274,63
31.426,-0.0015120211440241707,63
31.428,-0.0014181942868813136,63
31.43,-0.0013243674297384567,63
31.432,-0.0012305405725955999,63
31.434,-0.0009302669725956003,63
31.436,-0.0009315536059289325,63
31.438,-0.0009328402392622648,63
31.44,-0.0009341268725955968,63
31.442,-0.0015837758725955973,63
31.444,-0.001791369522595598,63
31.446,-0.0019989631725955987,63
31.448,-0.0013654434725955988,63
31.45,-0.0011555568725955976,63
31.452,-0.0009456702725955962,63
31.454,-0.0012996920725955995,63
31.456,-0.0012390952725955997,63
31.458,-0.0011784984725955999,63
31.46,-0.0011179016725956,63
31.462,-0.0010573048725956,63
31.464,-0.0009967080725956003,63
31.466,-0.0010897328725955994,63
31.468,-0.0010899607559289324,63
31.47,-0.001090188639262266,63
31.472,-0.001090416522595599,63
31.474,-0.001090644405928932,63
31.476,-0.0010908722892622655,63
31.478,-0.0010911001725955986,63
31.48,-0.0009528455725956,63
31.482,-0.0009702090725955992,63
31.484,-0.0009875725725955985,63
31.486,-0.001284026605928932,63
31.488,-0.0015804806392622655,63
31.49,-0.0018769346725955992,63
31.492,-0.0009429235725955978,63
31.494,-0.0009419676725955992,63
31.496,-0.001559539572595598,63
31.498,-0.001645277752595598,63
31.5,-0.0017310159325955982,64
31.502,-0.0018167541125955985,64
31.504,-0.0019024922925955983,64
31.506,-0.001988230472595598,64
31.508,-0.0013773619725955984,64
31.51,-0.0009649697725956,64
31.512,-0.0009344656725955997,64
31.514,-0.0012723581725955987,64
31.516,-0.0011829966475955982,64
31.518,-0.0010936351225955977,64
31.52,-0.0010042735975955971,64
31.522,-0.0009149120725955965,64
31.524,-0.0010514948559289302,64
31.526,-0.0011880776392622638,64
31.528,-0.0013246604225955975,64
31.53,-0.0014612432059289311,64
31.532,-0.0015978259892622648,64
31.534,-0.0017344087725955984,64
31.536,-0.001416360272595599,64
31.538,-0.0010983117725955995,64
31.54,-0.0009235998725956004,64
31.542,-0.0009524220725955976,64
31.544,-0.001814292972595598,64
31.546,-0.001844462305928932,64
31.548,-0.0018746316392622656,64
31.55,-0.0019048009725955997,64
31.552,-0.0012303590725955963,64
31.554,-0.0009088620725955978,64
31.556,-0.0009322150725955998,64
31.558,-0.0015191497725955995,64
31.56,-0.0014791552392622656,64
31.562,-0.0014391607059289315,64
31.564,-0.0013991661725955978,64
31.566,-0.0009409270725955971,64
31.568,-0.0010440110059289308,64
31.57,-0.001147094939262264,64
31.572,-0.0012501788725955976,64
31.574,-0.0013332060475955976,64
31.576,-0.0014162332225955976,64
31.578,-0.0014992603975955976,64
31.58,-0.0015822875725955976,64
31.582,-0.0010381505725955992,64
31.584,-0.0009419797725956013,64
31.586,-0.0010565425725956,64
31.588,-0.0010757361975955995,64
31.59,-0.0010949298225955988,64
31.592,-0.0011141234475955985,64
31.594,-0.001133317072595598,64
31.596,-0.001029904422595598,64
31.598,-0.0009264917725955984,64
31.6,-0.0017865355725955965,64
31.602,-0.001825372539262264,64
31.604,-0.0018642095059289313,64
31.606,-0.0019030464725955983,64
31.608,-0.001588525122595598,64
31.61,-0.0012740037725955979,64
31.612,-0.0009330862725955984,64
31.614,-0.0009246767725955978,64
31.616,-0.001478977772595598,64
31.618,-0.0014657948225955978,64
31.62,-0.0014526118725955977,64
31.622,-0.0014394289225955976,64
31.624,-0.0014262459725955974,64
31.626,-0.0009648245725955987,64
31.628,-0.0012151856725955978,64
31.63,-0.001176722192595598,64
31.632,-0.001138258712595598,64
31.634,-0.0010997952325955984,64
31.636,-0.0010613317525955985,64
31.638,-0.0010228682725955983,64
31.64,-0.000981909772595597,64
31.642,-0.000940951272595596,64
31.644,-0.0010298741725955976,64
31.646,-0.0012089329975955975,64
31.648,-0.0013879918225955974,64
31.65,-0.0015670506475955971,64
31.652,-0.0017461094725955972,64
31.654,-0.0011336800725955977,64
31.656,-0.0009422701725955996,64
31.658,-0.0009559552725956001,64
31.66,-0.0012709747392622664,64
31.662,-0.0015859942059289326,64
31.664,-0.0019010136725955992,64
31.666,-0.001582741322595599,64
31.668,-0.001264468972595599,64
31.67,-0.0009190623725955984,64
31.672,-0.0009158800725956003,64
31.674,-0.0014430407725955982,64
31.676,-0.0013222978975955984,64
31.678,-0.0012015550225955988,64
31.68,-0.0010808121475955992,64
31.682,-0.0009600692725955997,64
31.684,-0.0009408423725955992,64
31.686,-0.0009216154725955987,64
31.688,-0.0011851050725955985,64
31.69,-0.0012854594475955983,64
31.692,-0.001385813822595598,64
31.694,-0.0014861681975955978,64
31.696,-0.0015865225725955976,64
31.698,-0.0009087531725955992,64
31.7,-0.0009594703225955983,64
31.702,-0.0010101874725955973,64
31.704,-0.0019959502725956004,64
31.706,-0.0018844729725955996,64
31.708,-0.0017729956725955984,64
31.71,-0.001457004172595598,64
31.712,-0.0011410126725955975,64
31.714,-0.0009281010725955968,64
31.716,-0.0009470738725955997,64
31.718,-0.001272563872595599,64
31.72,-0.0015980538725955983,64
31.722,-0.0019235438725955976,64
31.724,-0.0016039889225955986,64
31.726,-0.0012844339725955993,64
31.728,-0.0009353489725955969,64
31.73,-0.001417243572595598,64
31.732,-0.001421674592595598,64
31.734,-0.0014261056125955984,64
31.736,-0.0014305366325955983,64
31.738,-0.0014349676525955983,64
31.74,-0.0014393986725955987,64
31.742,-0.0009753878725955976,64
31.744,-0.0011609776725955978,64
31.746,-0.001302862272595598,64
31.748,-0.0014447468725955976,64
31.75,-0.0015866314725955979,64
31.752,-0.0013110600225955983,64
31.754,-0.0010354885725955987,64
31.756,-0.0010049239725955991,64
31.758,-0.0013844888725955988,64
31.76,-0.0017640537725955984,64
31.762,-0.0009125283725955976,64
31.764,-0.0009191349725955987,64
31.766,-0.0009257415725956,64
31.768,-0.0010709948125955996,64
31.77,-0.0012162480525955987,64
31.772,-0.0013615012925955983,64
31.774,-0.001506754532595598,64
31.776,-0.0016520077725955971,64
31.778,-0.0017969960225955985,64
31.78,-0.0019419842725956,64
31.782,-0.001301265072595599,64
31.784,-0.0009225108725955998,64
31.786,-0.0013545534725955995,64
31.788,-0.0012575477725955992,64
31.79,-0.001160542072595599,64
31.792,-0.0010635363725955992,64
31.794,-0.0009665306725955992,64
31.796,-0.0009454403725955981,64
31.798,-0.000924350072595597,64
31.8,-0.001037424572595598,64
31.802,-0.0011504990725955987,64
31.804,-0.001301970905928932,64
31.806,-0.0014534427392622652,64
31.808,-0.0016049145725955984,64
31.81,-0.0013128447725955983,64
31.812,-0.001020774972595598,64
31.814,-0.0009937919725955975,64
31.816,-0.0009668089725955971,64
31.818,-0.0019136581725955977,64
31.82,-0.0018840091392622648,64
31.822,-0.001854360105928932,64
31.824,-0.0018247110725955996,64
31.826,-0.0011849235725955969,64
31.828,-0.0009294683725955976,64
31.83,-0.0009468197725955967,64
31.832,-0.0016423640725956,64
31.834,-0.001745028539262266,64
31.836,-0.001847693005928932,64
31.838,-0.0019503574725955976,64
31.84,-0.0013233354725956,64
31.842,-0.0009470496725955974,64
31.844,-0.0009182274725955987,64
31.846,-0.0013426349725955983,64
31.848,-0.0013919223059289316,64
31.85,-0.0014412096392622652,64
31.852,-0.0014904969725955987,64
31.854,-0.0009874757725955984,64
31.856,-0.0010893335725955973,64
31.858,-0.0012300989225955976,64
31.86,-0.0013708642725955983,64
31.862,-0.0015116296225955988,64
31.864,-0.0016523949725955993,64
31.866,-0.001351988272595599,64
31.868,-0.0010515815725955988,64
31.87,-0.0009659498725956006,64
31.872,-0.0014348369725955996,64
31.874,-0.0019037240725955985,64
31.876,-0.0016587474725955976,64
31.878,-0.0014137708725955969,64
31.88,-0.001168794272595596,64
31.882,-0.0010389612725955968,64
31.884,-0.0009091282725955976,64
31.886,-0.0015967833725955992,64
31.888,-0.0015267213475955994,64
31.89,-0.0014566593225955994,64
31.892,-0.0013865972975955995,64
31.894,-0.0013165352725955995,64
31.896,-0.0009221357725955978,64
31.898,-0.0009241867225955976,64
31.9,-0.0009262376725955972,64
31.902,-0.0013309705725955967,64
31.904,-0.0012463401475955975,64
31.906,-0.0011617097225955983,64
31.908,-0.001077079297595599,64
31.91,-0.0009924488725956,64
31.912,-0.0009635238225956,64
31.914,-0.0009345987725956004,64
31.916,-0.0010862117725955987,64
31.918,-0.0012374920225955988,64
31.92,-0.0013887722725955988,64
31.922,-0.0015400525225955988,64
31.924,-0.0016913327725955989,64
31.926,-0.0010897328725955994,64
31.928,-0.000916364072595599,64
31.93,-0.0009510426725955964,64
31.932,-0.0018486327725956,64
31.934,-0.001850964039262266,64
31.936,-0.001853295305928932,64
31.938,-0.0018556265725955983,64
31.94,-0.0012098132725955977,64
31.942,-0.0009186872725955984,64
31.944,-0.0009389305725956003,64
31.946,-0.001578645472595598,64
31.948,-0.0017159643392622645,64
31.95,-0.0018532832059289309,64
31.952,-0.001990602072595597,64
31.954,-0.0009377084725956003,64
31.956,-0.000929631722595598,64
31.958,-0.0009215549725955959,64
31.96,-0.0012657515725955984,64
31.962,-0.0013275976975955983,64
31.964,-0.001389443822595598,64
31.966,-0.001451289947595598,64
31.968,-0.001513136072595598,64
31.97,-0.0010018989725955989,64
31.972,-0.0009489977725955985,64
31.974,-0.0010966661725955971,64
31.976,-0.0012433968225955979,64
31.978,-0.0013901274725955986,64
31.98,-0.0015368581225955991,64
31.982,-0.0016835887725956,64
31.984,-0.0011070358725955975,64
31.986,-0.0009911057725955977,64
31.988,-0.0014246306225955971,64
31.99,-0.0018581554725955963,64
31.992,-0.0018622150225955977,64
31.994,-0.0018662745725955988,64
31.996,-0.001550549272595599,64
31.998,-0.001234823972595599,64
32.0,-0.0009388821725955996,65
32.002,-0.0009265885725955984,65
32.004,-0.001532254072595598,65
32.006,-0.0015004855225955985,65
32.008,-0.0014687169725955988,65
32.01,-0.001436948422595599,65
32.012,-0.0014051798725955994,65
32.014,-0.0009729073725955969,65
32.016,-0.0009490461725955996,65
32.018,-0.0012842524725956012,65
32.02,-0.0013740869059289337,65
32.022,-0.0014639213392622665,65
32.024,-0.001553755772595599,65
32.026,-0.0010058435725955987,65
32.028,-0.0010540257725955987,65
32.03,-0.0011856423125955987,65
32.032,-0.0013172588525955987,65
32.034,-0.0014488753925955985,65
32.036,-0.0015804919325955985,65
32.038,-0.0017121084725955985,65
32.04,-0.0010937621725955972,65
32.042,-0.0010068478725955973,65
32.044,-0.0009199335725955971,65
32.046,-0.0009607105725955993,65
32.048,-0.0017924887725956004,65
32.05,-0.0018134701725956,65
32.052,-0.0018344515725955992,65
32.054,-0.0018554329725955984,65
32.056,-0.0012212719725955973,65
32.058,-0.0009229827725955997,65
32.06,-0.0009439157725955985,65
32.062,-0.0015034318725955995,65
32.064,-0.0014730245725955993,65
32.066,-0.001442617272595599,65
32.068,-0.0014122099725955989,65
32.07,-0.0009778562725955998,65
32.072,-0.0009510426725955964,65
32.074,-0.0010995096725955975,65
32.076,-0.0012479766725955986,65
32.078,-0.0013274434225955985,65
32.08,-0.0014069101725955983,65
32.082,-0.001486376922595598,65
32.084,-0.001565843672595598,65
32.086,-0.0010380779725955996,65
32.088,-0.0009589439725955981,65
32.09,-0.0010641897725955987,65
32.092,-0.0012359008725955987,65
32.094,-0.0014076119725955991,65
32.096,-0.0015793230725955991,65
32.098,-0.0017510341725955995,65
32.1,-0.001351709972595599,65
32.102,-0.0009523857725955985,65
32.104,-0.0017711806725955997,65
32.106,-0.001497240705928932,65
32.108,-0.0012233007392622643,65
32.11,-0.0009493607725955967,65
32.112,-0.0009452911392622646,65
32.114,-0.0009412215059289327,65
32.116,-0.0009371518725956005,65
32.118,-0.0014921062725955989,65
32.12,-0.0014680151725955982,65
32.122,-0.0014439240725955976,65
32.124,-0.0014198329725955972,65
32.126,-0.0009656110725955997,65
32.128,-0.0009485016725955981,65
32.13,-0.0010568672559289314,65
32.132,-0.0011652328392622647,65
32.134,-0.001273598422595598,65
32.136,-0.0013819640059289315,65
32.138,-0.0014903295892622647,65
32.14,-0.0015986951725955982,65
32.142,-0.001041756372595598,65
32.144,-0.0012203130475955982,65
32.146,-0.0013988697225955984,65
32.148,-0.0015774263975955986,65
32.15,-0.0017559830725955988,65
32.152,-0.0013459987725955988,65
32.154,-0.0009360144725955987,65
32.156,-0.0009414171225955978,65
32.158,-0.0009468197725955967,65
32.16,-0.0017414751725955983,65
32.162,-0.0018107355725955985,65
32.164,-0.0018799959725955984,65
32.166,-0.0019492563725955984,65
32.168,-0.0013120098725955959,65
32.17,-0.0009353731725955973,65
32.172,-0.0009403583725955955,65
32.174,-0.0014697938725955987,65
32.176,-0.0014668505475955987,65
32.178,-0.0014639072225955986,65
32.18,-0.0014609638975955983,65
32.182,-0.0014580205725955983,65
32.184,-0.0009727016725955984,65
32.186,-0.0009415199725955997,65
32.188,-0.001216117372595596,65
32.19,-0.0013140487225955964,65
32.192,-0.0014119800725955972,65
32.194,-0.001509911422595598,65
32.196,-0.0016078427725955983,65
32.198,-0.0010440674725955973,65
32.2,-0.0009517807725955996,65
32.202,-0.0010317254725955988,65
32.204,-0.001069009605928932,65
32.206,-0.0011062937392622648,65
32.208,-0.001143577872595598,65
32.21,-0.001035875772595598,65
32.212,-0.000928173672595598,65
32.214,-0.0009387067225955989,65
32.216,-0.0009492397725955996,65
32.218,-0.0012663202725955991,65
32.22,-0.0015834007725955986,65
32.222,-0.0019004812725955977,65
32.224,-0.000946142172595598,65
32.226,-0.0009325417725955971,65
32.228,-0.0011659507725955975,65
32.23,-0.001399359772595598,65
32.232,-0.0014100876325955983,65
32.234,-0.0014208154925955986,65
32.236,-0.0014315433525955987,65
32.238,-0.0014422712125955993,65
32.24,-0.0014529990725955996,65
32.242,-0.0009313801725955964,65
32.244,-0.0010457191225955972,65
32.246,-0.0011600580725955982,65
32.248,-0.0012747358225955983,65
32.25,-0.0013894135725955985,65
32.252,-0.0015040913225955986,65
32.254,-0.0016187690725955987,65
32.256,-0.0010529004725956003,65
32.258,-0.0010011729725955992,65
32.26,-0.001946461272595599,65
32.262,-0.0019114892475955985,65
32.264,-0.0018765172225955985,65
32.266,-0.0018415451975955985,65
32.268,-0.001806573172595598,65
32.27,-0.0011513823725955979,65
32.272,-0.0009120927725955984,65
32.274,-0.0009459364725955994,65
32.276,-0.0011957984475955991,65
32.278,-0.0014456604225955988,65
32.28,-0.0016955223975955985,65
32.282,-0.001945384372595598,65
32.284,-0.0009261529725955991,65
32.286,-0.0009315011725955996,65
32.288,-0.0009368493725956001,65
32.29,-0.0013759099725955976,65
32.292,-0.0014055267392622647,65
32.294,-0.0014351435059289323,65
32.296,-0.0014647602725955996,65
32.298,-0.0009750248725955979,65
32.3,-0.0009579396725955986,65
32.302,-0.0009408544725955993,65
32.304,-0.001113887497595599,65
32.306,-0.0012869205225955992,65
32.308,-0.001459953547595599,65
32.31,-0.0016329865725955989,65
32.312,-0.0010648310725956,65
32.314,-0.0009872579725955996,65
32.316,-0.0014584985225955976,65
32.318,-0.001929739072595596,65
32.32,-0.0018699650725955972,65
32.322,-0.0018101910725955989,65
32.324,-0.0013703197725955976,65
32.326,-0.0009304484725955968,65
32.328,-0.0009301701725955976,65
32.33,-0.0009298918725955986,65
32.332,-0.001635951072595598,65
32.334,-0.0017492353059289315,65
32.336,-0.0018625195392622648,65
32.338,-0.0019758037725955985,65
32.34,-0.0009358450725955971,65
32.342,-0.0009313741225955971,65
32.344,-0.0009269031725955973,65
32.346,-0.0010685518225955976,65
32.348,-0.0012102004725955979,65
32.35,-0.001351849122595598,65
32.352,-0.0014934977725955985,65
32.354,-0.0009996725725955975,65
32.356,-0.0009739116725955991,65
32.358,-0.0009481507725956003,65
32.36,-0.0011170788725955968,65
32.362,-0.0012479675975955971,65
32.364,-0.0013788563225955973,65
32.366,-0.0015097450475955974,65
32.368,-0.0016406337725955976,65
32.37,-0.0009569837725955984,65
32.372,-0.0009776808225955983,65
32.374,-0.0009983778725955982,65
32.376,-0.0018836380725955977,65
32.378,-0.0018716429392622647,65
32.38,-0.001859647805928932,65
32.382,-0.0018476526725955988,65
32.384,-0.0009180459725956003,65
32.386,-0.0009466987725955979,65
32.388,-0.0012744756725955987,65
32.39,-0.0016022525725955996,65
32.392,-0.0017279231725955992,65
32.394,-0.0018535937725955983,65
32.396,-0.001979264372595598,65
32.398,-0.001356174872595598,65
32.4,-0.0009469770725955977,65
32.402,-0.0009330136725955972,65
32.404,-0.0010829508225955976,65
32.406,-0.001232887972595598,65
32.408,-0.0013828251225955985,65
32.41,-0.0015327622725955989,65
32.412,-0.0009973856725955972,65
32.414,-0.0010478608225955987,65
32.416,-0.0010983359725956,65
32.418,-0.0012168240125955995,65
32.42,-0.001335312052595599,65
32.422,-0.0014538000925955984,65
32.424,-0.001572288132595598,65
32.426,-0.0016907761725955973,65
32.428,-0.0010879662725955998,65
32.43,-0.000983180272595599,65
32.432,-0.0018827668725955992,65
32.434,-0.0018614668392622656,65
32.436,-0.0018401668059289324,65
32.438,-0.0018188667725955992,65
32.44,-0.0012006293725955984,65
32.442,-0.0010647040225955976,65
32.444,-0.0009287786725955972,65
32.446,-0.0009388700725955976,65
32.448,-0.0015610399725955995,65
32.45,-0.0017700553725955989,65
32.452,-0.001979070772595598,65
32.454,-0.0009647277725955987,65
32.456,-0.0009612671725955981,65
32.458,-0.0009578065725955974,65
32.46,-0.0009543459725955966,65
32.462,-0.0010663048525955967,65
32.464,-0.0011782637325955967,65
32.466,-0.001290222612595597,65
32.468,-0.0014021814925955973,65
32.47,-0.0015141403725955971,65
32.472,-0.0009303516725956,65
32.474,-0.0009997330725955986,65
32.476,-0.0010691144725955976,65
32.478,-0.0012799045392622643,65
32.48,-0.0014906946059289317,65
32.482,-0.0017014846725955986,65
32.484,-0.001107108472595597,65
32.486,-0.0009434075725955997,65
32.488,-0.0009556769725955968,65
32.49,-0.001835939872595598,65
32.492,-0.0016869253475955987,65
32.494,-0.0015379108225955992,65
32.496,-0.0013888962975955996,65
32.498,-0.0012398817725956003,65
32.5,-0.0009301701725956002,66
32.502,-0.0012375404225955997,66
32.504,-0.001544910672595599,66
32.506,-0.0016583663225955988,66
32.508,-0.0017718219725955985,66
32.51,-0.0018852776225955984,66
32.512,-0.0019987332725955975,66
32.514,-0.0013812339725955969,66
32.516,-0.0009219179725955991,66
32.518,-0.0010887769725955992,66
32.52,-0.0012556359725955993,66
32.522,-0.0013243397725955992,66
32.524,-0.0013930435725955995,66
32.526,-0.0014617473725955996,66
32.528,-0.0015304511725955997,66
32.53,-0.0009955706725956,66
32.532,-0.0009221478725955981,66
32.534,-0.0011242995475955983,66
32.536,-0.0013264512225955984,66
32.538,-0.0015286028975955983,66
32.54,-0.0017307545725955987,66
32.542,-0.0011250527725955983,66
32.544,-0.0009378173725956008,66
32.546,-0.0009452346725955968,66
32.548,-0.0013738892725955968,66
32.55,-0.0018025438725955969,66
32.552,-0.0018332456059289312,66
32.554,-0.0018639473392622651,66
32.556,-0.0018946490725956,66
32.558,-0.0009224866725955991,66
32.56,-0.0009311744725955981,66
32.562,-0.0010218083125955975,66
32.564,-0.0011124421525955976,66
32.566,-0.0012030759925955971,66
32.568,-0.0012937098325955972,66
32.57,-0.0013843436725955967,66
32.572,-0.0009439762725955996,66
32.574,-0.0009327414225955992,66
32.576,-0.0009215065725955984,66
32.578,-0.001201778872595597,66
32.58,-0.0013172854725955975,66
32.582,-0.0014327920725955984,66
32.584,-0.001548298672595599,66
32.586,-0.0012770469225955984,66
32.588,-0.0010057951725955978,66
32.59,-0.001019601272595597,66
32.592,-0.0011999608475955971,66
32.594,-0.0013803204225955972,66
32.596,-0.0015606799975955974,66
32.598,-0.0017410395725955975,66
32.6,-0.0014373900725955988,66
32.602,-0.0011337405725956003,66
32.604,-0.0009208773725955971,66
32.606,-0.0009269394725955998,66
32.608,-0.001247706439262266,66
32.61,-0.0015684734059289323,66
32.612,-0.0018892403725955988,66
32.614,-0.0014088098725955987,66
32.616,-0.0009283793725955984,66
32.618,-0.0009387974725955997,66
32.62,-0.0014569315725955975,66
32.622,-0.0014521641725955975,66
32.624,-0.0014473967725955976,66
32.626,-0.0014426293725955976,66
32.628,-0.0009384828725956008,66
32.63,-0.0011044434475956004,66
32.632,-0.0012704040225956,66
32.634,-0.0014363645975955996,66
32.636,-0.0016023251725955992,66
32.638,-0.0010402196725955992,66
32.64,-0.0009839849225955991,66
32.642,-0.000927750172595599,66
32.644,-0.0009515206225955992,66
32.646,-0.0009752910725955992,66
32.648,-0.0009990615225955993,66
32.65,-0.0010228319725955996,66
32.652,-0.0012720879392622657,66
32.654,-0.0015213439059289316,66
32.656,-0.0017705998725955976,66
32.658,-0.001451589422595598,66
32.66,-0.0011325789725955982,66
32.662,-0.0009105197725955988,66
32.664,-0.0009394145725955987,66
32.666,-0.0014148961725955987,66
32.668,-0.0018903777725955988,66
32.67,-0.001278492872595599,66
32.672,-0.0009365952725955972,66
32.674,-0.0009381077725955967,66
32.676,-0.0009396202725955964,66
32.678,-0.000941132772595596,66
32.68,-0.001424116372595598,66
32.682,-0.0014298305975955984,66
32.684,-0.0014355448225955988,66
32.686,-0.0014412590475955992,66
32.688,-0.0014469732725955996,66
32.69,-0.0009809054725955987,66
32.692,-0.0009382771725955987,66
32.694,-0.001165696672595598,66
32.696,-0.001281315197595598,66
32.698,-0.0013969337225955983,66
32.7,-0.0015125522475955984,66
32.702,-0.0016281707725955984,66
32.704,-0.0009566086725955984,66
32.706,-0.0010129462725955996,66
32.708,-0.0014969220725955992,66
32.71,-0.0019808978725955988,66
32.712,-0.0019252378725955993,66
32.714,-0.0018695778725955996,66
32.716,-0.0018139178725956,66
32.718,-0.0011871499725955995,66
32.72,-0.0009378536725955997,66
32.722,-0.0009430566725955984,66
32.724,-0.0017154480725955993,66
32.726,-0.001795005572595599,66
32.728,-0.0018745630725955996,66
32.73,-0.0019541205725955996,66
32.732,-0.0013365607725955991,66
32.734,-0.0009567780725955981,66
32.736,-0.0009506070725955987,66
32.738,-0.0014333002725955971,66
32.74,-0.0014425749225955979,66
32.742,-0.0014518495725955984,66
32.744,-0.0014611242225955987,66
32.746,-0.0014703988725955994,66
32.748,-0.0009942759725955971,66
32.75,-0.0009609283725955965,66
32.752,-0.0011895699725955992,66
32.754,-0.0013385008059289315,66
32.756,-0.0014874316392622644,66
32.758,-0.0016363624725955967,66
32.76,-0.001349108472595598,66
32.762,-0.001061854472595599,66
32.764,-0.0009434559725955971,66
32.766,-0.0019541447725956,66
32.768,-0.0019064869059289323,66
32.77,-0.0018588290392622653,66
32.772,-0.0018111711725955976,66
32.774,-0.001175945372595598,66
32.776,-0.0009355062725955981,66
32.778,-0.0009377750225955971,66
32.78,-0.0009400437725955967,66
32.782,-0.0016703392725955987,66
32.784,-0.0017765329059289323,66
32.786,-0.0018827265392622656,66
32.788,-0.001988920172595599,66
32.79,-0.0013627814725955985,66
32.792,-0.0009416288725955965,66
32.794,-0.0010509426925955968,66
32.796,-0.0011602565125955967,66
32.798,-0.0012695703325955971,66
32.8,-0.0013788841525955975,66
32.802,-0.001488197972595598,66
32.804,-0.0009955343725955978,66
32.806,-0.0009168480725955976,66
32.808,-0.001132954072595598,66
32.81,-0.0012987684392622649,66
32.812,-0.001464582805928931,66
32.814,-0.001630397172595598,66
32.816,-0.0013450852225955993,66
32.818,-0.0010597732725956004,66
32.82,-0.0009344656725955981,66
32.822,-0.0009830955725955955,66
32.824,-0.0019127627725955988,66
32.826,-0.001881730305928932,66
32.828,-0.0018506978392622648,66
32.83,-0.0018196653725955983,66
32.832,-0.0011888560725955965,66
32.834,-0.0009302064725955975,66
32.836,-0.0009314769725955984,66
32.838,-0.001626827672595598,66
32.84,-0.001797728072595598,66
32.842,-0.001968628472595598,66
32.844,-0.0013429616725955992,66
32.846,-0.001146790422595599,66
32.848,-0.000950619172595599,66
32.85,-0.0013183260725955978,66
32.852,-0.0012541258925955975,66
32.854,-0.0011899257125955979,66
32.856,-0.0011257255325955976,66
32.858,-0.001061525352595598,66
32.86,-0.0009973251725955978,66
32.862,-0.0010519687725955987,66
32.864,-0.0011066123725956,66
32.866,-0.0012207444125956,66
32.868,-0.0013348764525956,66
32.87,-0.0014490084925956,66
32.872,-0.0015631405325956,66
32.874,-0.0016772725725956,66
32.876,-0.0010720063725956003,66
32.878,-0.0009184210725956003,66
32.88,-0.000973705972595596,66
32.882,-0.0018928340725955972,66
32.884,-0.0018783584392622645,66
32.886,-0.0018638828059289315,66
32.888,-0.0018494071725955984,66
32.89,-0.001206159072595598,66
32.892,-0.0009294199725956003,66
32.894,-0.0015990460725955995,66
32.896,-0.0017289194059289328,66
32.898,-0.0018587927392622664,66
32.9,-0.0019886660725956,66
32.902,-0.0013499675725955982,66
32.904,-0.0009266732725956002,66
32.906,-0.0009381682725955984,66
32.908,-0.0012863699725955968,66
32.91,-0.0012157694975955975,66
32.912,-0.0011451690225955987,66
32.914,-0.0010745685475955996,66
32.916,-0.0010039680725956004,66
32.918,-0.0010377391725955986,66
32.92,-0.0010715102725955966,66
32.922,-0.0012270406475955967,66
32.924,-0.0013825710225955972,66
32.926,-0.0015381013975955976,66
32.928,-0.0016936317725955979,66
32.93,-0.0010971259725956004,66
32.932,-0.0010106291225955991,66
32.934,-0.0009241322725955983,66
32.936,-0.0009496753725955971,66
32.938,-0.0018504356725955985,66
32.94,-0.0018515367725955984,66
32.942,-0.0018526378725955987,66
32.944,-0.001236651072595598,66
32.946,-0.0009327716725955996,66
32.948,-0.001245350972595598,66
32.95,-0.001557930272595596,66
32.952,-0.0015256982925955967,66
32.954,-0.0014934663125955971,66
32.956,-0.0014612343325955978,66
32.958,-0.0014290023525955983,66
32.96,-0.0013967703725955988,66
32.962,-0.0009382650725956003,66
32.964,-0.0011113313725955984,66
32.966,-0.001284397672595597,66
32.968,-0.0012210662725955978,66
32.97,-0.0011577348725955987,66
32.972,-0.0010944034725955997,66
32.974,-0.0010310720725956006,66
32.976,-0.0009972525725955982,66
32.978,-0.0009634330725955959,66
32.98,-0.001080754672595597,66
32.982,-0.001299518639262264,66
32.984,-0.0015182826059289313,66
32.986,-0.0017370465725955984,66
32.988,-0.0014264940225955976,66
32.99,-0.0011159414725955968,66
32.992,-0.0009540192725955992,66
32.994,-0.0013797940725955987,66
32.996,-0.0018055688725955984,66
32.998,-0.0016225604059289314,66
33.0,-0.001439551939262264,67
33.002,-0.0012565434725955967,67
33.004,-0.0010989349225955982,67
33.006,-0.0009413263725955994,67
33.008,-0.0009419192725955983,67
33.01,-0.0015299550725955992,67
33.012,-0.0015018407225955988,67
33.014,-0.0014737263725955983,67
33.016,-0.001445612022595598,67
33.018,-0.0014174976725955975,67
33.02,-0.000971745772595598,67
33.022,-0.0009354094725955961,67
33.024,-0.0009526761725955965,67
33.026,-0.0009699428725955965,67
33.028,-0.0009872095725955965,67
33.03,-0.0010044762725955967,67
33.032,-0.001021742972595597,67
33.034,-0.0009813713225955978,67
33.036,-0.0009409996725955986,67
33.038,-0.001063366972595601,67
33.04,-0.0012318443475956005,67
33.042,-0.0014003217225956,67
33.044,-0.0015687990975955996,67
33.046,-0.0017372764725955992,67
33.048,-0.0009330741725955984,67
33.05,-0.0009460816725955986,67
33.052,-0.0017684460725955996,67
33.054,-0.0018076621725955993,67
33.056,-0.0018468782725955984,67
33.058,-0.001886094372595598,67
33.06,-0.0009424516725955976,67
33.062,-0.0009298858225955976,67
33.064,-0.0009173199725955978,67
33.066,-0.0014740288725955987,67
33.068,-0.0013436392725955986,67
33.07,-0.0012132496725955984,67
33.072,-0.0010828600725955983,67
33.074,-0.0009524704725955984,67
33.076,-0.0009172110725955971,67
33.078,-0.0011977132725955984,67
33.08,-0.0012760510925955983,67
33.082,-0.0013543889125955985,67
33.084,-0.0014327267325955986,67
33.086,-0.0015110645525955983,67
33.088,-0.0015894023725955986,67
33.09,-0.001312651172595598,67
33.092,-0.0010358999725955977,67
33.094,-0.000928173672595598,67
33.096,-0.0010047787725955964,67
33.098,-0.0010343662975955967,67
33.1,-0.0010639538225955968,67
33.102,-0.0010935413475955972,67
33.104,-0.0011231288725955975,67
33.106,-0.0010194379225955976,67
33.108,-0.0009157469725955981,67
33.11,-0.0009307509725955987,67
33.112,-0.0014200568225955987,67
33.114,-0.0019093626725955983,67
33.116,-0.0015779961059289322,67
33.118,-0.0012466295392622659,67
33.12,-0.0009152629725955997,67
33.122,-0.0009156864725955997,67
33.124,-0.0009161099725955997,67
33.126,-0.001432017672595598,67
33.128,-0.0013480557725955983,67
33.13,-0.0012640938725955984,67
33.132,-0.0011801319725955987,67
33.134,-0.001096170072595599,67
33.136,-0.0010122081725955992,67
33.138,-0.0009282462725955995,67
33.14,-0.0011005926225955993,67
33.142,-0.001272938972595599,67
33.144,-0.0014452853225955988,67
33.146,-0.0016176316725955984,67
33.148,-0.001337492472595598,67
33.15,-0.0010573532725955976,67
33.152,-0.0009449563725955987,67
33.154,-0.0009992853725955993,67
33.156,-0.0011909584475955988,67
33.158,-0.0013826315225955984,67
33.16,-0.001574304597595598,67
33.162,-0.0017659776725955974,67
33.164,-0.001147353072595598,67
33.166,-0.0009258262725955983,67
33.168,-0.0009251849725956003,67
33.17,-0.0016980603725955962,67
33.172,-0.0015584788059289304,67
33.174,-0.0014188972392622644,67
33.176,-0.0012793156725955986,67
33.178,-0.0011062977725955995,67
33.18,-0.0009332798725956003,67
33.182,-0.0009238781725955969,67
33.184,-0.0014179816725955995,67
33.186,-0.001424288797595599,67
33.188,-0.0014305959225955987,67
33.19,-0.0014369030475955983,67
33.192,-0.0014432101725955979,67
33.194,-0.0009648608725955978,67
33.196,-0.0009244226725955984,67
33.198,-0.0011363057725955993,67
33.2,-0.0012556813475955993,67
33.202,-0.0013750569225955992,67
33.204,-0.0014944324975955992,67
33.206,-0.0016138080725955992,67
33.208,-0.0010441884725955976,67
33.21,-0.0009209499725956003,67
33.212,-0.0009935378725955991,67
33.214,-0.0012707246725955992,67
33.216,-0.0015479114725955993,67
33.218,-0.0018250982725955996,67
33.22,-0.0011804949725955968,67
33.222,-0.001062604672595598,67
33.224,-0.0009447143725955994,67
33.226,-0.0009549388725955988,67
33.228,-0.001682911172595598,67
33.23,-0.0018345604725955988,67
33.232,-0.0019862097725955995,67
33.234,-0.0016579125725955995,67
33.236,-0.0013296153725955995,67
33.238,-0.0009413142725955976,67
33.24,-0.000916122072595598,67
33.242,-0.0013602767725955991,67
33.244,-0.0013924476475955989,67
33.246,-0.0014246185225955986,67
33.248,-0.0014567893975955984,67
33.25,-0.001488960272595598,67
33.252,-0.0009890487725955997,67
33.254,-0.0011188333725955998,67
33.256,-0.0012214147525955996,67
33.258,-0.0013239961325955992,67
33.26,-0.001426577512595599,67
33.262,-0.0015291588925955986,67
33.264,-0.0016317402725955985,67
33.266,-0.0009387732725955976,67
33.268,-0.0009677346225955971,67
33.27,-0.0009966959725955966,67
33.272,-0.0012725235392622635,67
33.274,-0.0015483511059289309,67
33.276,-0.0018241786725955984,67
33.278,-0.0013797940725955987,67
33.28,-0.0009354094725955997,67
33.282,-0.0009282341725955992,67
33.284,-0.0009210588725955987,67
33.286,-0.0016404280725955973,67
33.288,-0.0017472347725955978,67
33.29,-0.001854041472595598,67
33.292,-0.0019608481725955982,67
33.294,-0.001331139972595598,67
33.296,-0.0009368130725955997,67
33.298,-0.0009267700725955965,67
33.3,-0.0013416306725955987,67
33.302,-0.0013892562725955986,67
33.304,-0.0014368818725955983,67
33.306,-0.001484507472595598,67
33.308,-0.0015321330725955977,67
33.31,-0.0010264861725955976,67
33.312,-0.0009456218725955971,67
33.314,-0.0011089597725955982,67
33.316,-0.001254462272595598,67
33.318,-0.0013999647725955978,67
33.32,-0.0015454672725955976,67
33.322,-0.0016909697725955972,67
33.324,-0.0010778385725955988,67
33.326,-0.0009353126725955997,67
33.328,-0.0009689143725955981,67
33.33,-0.0019139243725955996,67
33.332,-0.0019010217392622657,67
33.334,-0.001888119105928932,67
33.336,-0.0018752164725955988,67
33.338,-0.001221368772595599,67
33.34,-0.0009277017725955981,67
33.342,-0.0009200545725955993,67
33.344,-0.0009272389475955987,67
33.346,-0.0009344233225955981,67
33.348,-0.0009416076975955973,67
33.35,-0.0009487920725955965,67
33.352,-0.0009508732725955968,67
33.354,-0.0010803594059289312,67
33.356,-0.0012098455392622655,67
33.358,-0.0013393316725956,67
33.36,-0.0013984119392622663,67
33.362,-0.0014574922059289324,67
33.364,-0.0015165724725955988,67
33.366,-0.001014180472595598,67
33.368,-0.0009607831725955971,67
33.37,-0.0010394694725955993,67
33.372,-0.0011181557725956012,67
33.374,-0.0013168942392622668,67
33.376,-0.0015156327059289328,67
33.378,-0.0017143711725955983,67
33.38,-0.0011069027725955985,67
33.382,-0.001029009022595599,67
33.384,-0.0009511152725955997,67
33.386,-0.0009844265725955995,67
33.388,-0.001281957505928932,67
33.39,-0.0015794884392622644,67
33.392,-0.0018770193725955971,67
33.394,-0.0015583477225955976,67
33.396,-0.0012396760725955983,67
33.398,-0.0009466382725955984,67
33.4,-0.0009441940725955983,67
33.402,-0.001574216872595598,67
33.404,-0.001418867997595598,67
33.406,-0.001263519122595598,67
33.408,-0.001108170247595598,67
33.41,-0.0009528213725955981,67
33.412,-0.0009439641725955986,67
33.414,-0.0009351069725955992,67
33.416,-0.0012996799725955958,67
33.418,-0.0014145452725955968,67
33.42,-0.0015294105725955978,67
33.422,-0.0012684861725955976,67
33.424,-0.0010075617725955974,67
33.426,-0.0009232489725955992,67
33.428,-0.0010551127559289327,67
33.43,-0.001186976539262266,67
33.432,-0.0013188403225955995,67
33.434,-0.0014507041059289329,67
33.436,-0.0015825678892622663,67
33.438,-0.0017144316725955996,67
33.44,-0.001101615072595598,67
33.442,-0.0009480176725955997,67
33.444,-0.0009735728725955988,67
33.446,-0.001832733372595598,67
33.448,-0.0018480882725955983,67
33.45,-0.0018634431725955984,67
33.452,-0.001878798072595599,67
33.454,-0.0012454840725955975,67
33.456,-0.0015339117725955993,67
33.458,-0.0015121341925955992,67
33.46,-0.0014903566125955992,67
33.462,-0.0014685790325955992,67
33.464,-0.0014468014525955992,67
33.466,-0.0014250238725955992,67
33.468,-0.001197791922595599,67
33.47,-0.0009705599725955987,67
33.472,-0.0009384344725956,67
33.474,-0.0012547889725955975,67
33.476,-0.001332894472595598,67
33.478,-0.0014109999725955983,67
33.48,-0.0014891054725955986,67
33.482,-0.0015672109725955988,67
33.484,-0.0010167940725955976,67
33.486,-0.0009306783725955976,67
33.488,-0.001049524572595599,67
33.49,-0.0010682432725955988,67
33.492,-0.0010869619725955987,67
33.494,-0.0011056806725955983,67
33.496,-0.0010127466225955985,67
33.498,-0.0009198125725955984,67
33.5,-0.0009472674725955961,68
33.502,-0.0012556964725955967,68
33.504,-0.0015641254725955976,68
33.506,-0.0018725544725955983,68
33.508,-0.001237086672595599,68
33.51,-0.001134398005928932,68
33.512,-0.0010317093392622652,68
33.514,-0.000929020672595598,68
33.516,-0.0009284277725955976,68
33.518,-0.0014768844725955993,68
33.52,-0.0014633123059289328,68
33.522,-0.0014497401392622664,68
33.524,-0.0014361679725955999,68
33.526,-0.000988951972595596,68
33.528,-0.000947896672595601,68
33.53,-0.0010745134925956,68
33.532,-0.0012011303125955997,68
33.534,-0.0013277471325955988,68
33.536,-0.0014543639525955985,68
33.538,-0.0015809807725955978,68
33.54,-0.001311193122595599,68
33.542,-0.0010414054725956003,68
33.544,-0.0009493849725955987,68
33.546,-0.001041042472595597,68
33.548,-0.0010660531725955975,68
33.55,-0.001091063872595598,68
33.552,-0.0011160745725955984,68
33.554,-0.0011410852725955989,68
33.556,-0.0009490824725956002,68
33.558,-0.001759286372595599,68
33.56,-0.001806464272595599,68
33.562,-0.0018536421725955992,68
33.564,-0.0019008200725955987,68
33.566,-0.0015832979225955989,68
33.568,-0.0012657757725955988,68
33.57,-0.0010855765225955983,68
33.572,-0.0009053772725955976,68
33.574,-0.0014381644725955968,68
33.576,-0.001344215232595597,68
33.578,-0.001250265992595597,68
33.58,-0.0011563167525955973,68
33.582,-0.0010623675125955973,68
33.584,-0.0009684182725955976,68
33.586,-0.0009430324725956014,68
33.588,-0.0009611461725956003,68
33.59,-0.0009792598725955996,68
33.592,-0.0009973735725955987,68
33.594,-0.0010154872725955978,68
33.596,-0.0010336009725955967,68
33.598,-0.0009341389725955987,68
33.6,-0.0010275872725955951,68
33.602,-0.001218740047595596,68
33.604,-0.0014098928225955967,68
33.606,-0.0016010455975955975,68
33.608,-0.0017921983725955983,68
33.61,-0.001478040022595598,68
33.612,-0.0011638816725955976,68
33.614,-0.0009428630725955984,68
33.616,-0.001201081105928932,68
33.618,-0.0014592991392622656,68
33.62,-0.0017175171725955993,68
33.622,-0.0017952354725955988,68
33.624,-0.0018729537725955987,68
33.626,-0.0019506720725955985,68
33.628,-0.0009272540725955968,68
33.63,-0.0014102497725955992,68
33.632,-0.0014197192325955989,68
33.634,-0.0014291886925955984,68
33.636,-0.0014386581525955983,68
33.638,-0.001448127612595598,68
33.64,-0.0014575970725955976,68
33.642,-0.0012260938225955983,68
33.644,-0.0009945905725955995,68
33.646,-0.0009574677725955985,68
33.648,-0.0011790308725956008,68
33.65,-0.0013239808059289336,68
33.652,-0.0014689307392622662,68
33.654,-0.0016138806725955988,68
33.656,-0.001333638622595599,68
33.658,-0.0010533965725955993,68
33.66,-0.0009351069725955992,68
33.662,-0.001976348272595598,68
33.664,-0.001775557847595598,68
33.666,-0.0015747674225955975,68
33.668,-0.0013739769975955976,68
33.67,-0.0011731865725955971,68
33.672,-0.0010582668225955988,68
33.674,-0.0009433470725956003,68
33.676,-0.0009380109725955971,68
33.678,-0.0017009038725956,68
33.68,-0.0015757334059289332,68
33.682,-0.0014505629392622663,68
33.684,-0.0013253924725955997,68
33.686,-0.000953958772595598,68
33.688,-0.0009460514225955981,68
33.69,-0.0009381440725955981,68
33.692,-0.0014130327725956,68
33.694,-0.0014509662725955995,68
33.696,-0.0014888997725955987,68
33.698,-0.001208796872595599,68
33.7,-0.0009286939725955991,68
33.702,-0.0010324817225955997,68
33.704,-0.0011362694725956003,68
33.706,-0.0012416386925955996,68
33.708,-0.0013470079125955992,68
33.71,-0.0014523771325955985,68
33.712,-0.001557746352595598,68
33.714,-0.0016631155725955974,68
33.716,-0.0009664822725956,68
33.718,-0.0009878387725955982,68
33.72,-0.0010091952725955963,68
33.722,-0.0019462071725955977,68
33.724,-0.0018972304059289315,68
33.726,-0.0018482536392622649,68
33.728,-0.001799276872595599,68
33.73,-0.0011760421725955997,68
33.732,-0.0009290327725955984,68
33.734,-0.0016692381725955975,68
33.736,-0.0017438739975955977,68
33.738,-0.0018185098225955976,68
33.74,-0.0018931456475955975,68
33.742,-0.001967781472595598,68
33.744,-0.0013251262725955983,68
33.746,-0.0009354094725955981,68
33.748,-0.0013945802725955983,68
33.75,-0.001417576322595598,68
33.752,-0.0014405723725955978,68
33.754,-0.0014635684225955976,68
33.756,-0.001486564472595597,68
33.758,-0.0012136671225955985,68
33.76,-0.0009407697725955996,68
33.762,-0.0009664701725955998,68
33.764,-0.0009921705725956,68
33.766,-0.0010178709725956,68
33.768,-0.0010435713725956003,68
33.77,-0.0010692717725956005,68
33.772,-0.0010949721725956006,68
33.774,-0.0009417619725955987,68
33.776,-0.0009516960725955987,68
33.778,-0.000961630172595599,68
33.78,-0.0019141784725955969,68
33.782,-0.0018744057725955975,68
33.784,-0.0018346330725955984,68
33.786,-0.0012055419725955988,68
33.788,-0.0010764107725955985,68
33.79,-0.0009472795725955982,68
33.792,-0.0009246888725955965,68
33.794,-0.0016123439725956,68
33.796,-0.0019969424725956,68
33.798,-0.0013524722725955993,68
33.8,-0.0011452718725955989,68
33.802,-0.0009380714725955984,68
33.804,-0.0009146216725956016,68
33.806,-0.001317575872595596,68
33.808,-0.0012395066725955964,68
33.81,-0.0011614374725955967,68
33.812,-0.001083368272595597,68
33.814,-0.0010052990725955971,68
33.816,-0.0009334492725955983,68
33.818,-0.0010216945725955995,68
33.82,-0.0011099398725956007,68
33.822,-0.0012576143225956,68
33.824,-0.0014052887725955997,68
33.826,-0.0015529632225955992,68
33.828,-0.0017006376725955986,68
33.83,-0.0010988199725955967,68
33.832,-0.001021561472595597,68
33.834,-0.0009443029725955971,68
33.836,-0.0019007958725956,68
33.838,-0.0017303552725956,68
33.84,-0.0015599146725955996,68
33.842,-0.0013894740725955996,68
33.844,-0.0012190334725955992,68
33.846,-0.001074317472595598,68
33.848,-0.0009296014725955968,68
33.85,-0.0009322634725955971,68
33.852,-0.0010244727325955977,68
33.854,-0.001116681992595598,68
33.856,-0.0012088912525955984,68
33.858,-0.0013011005125955987,68
33.86,-0.0013933097725955992,68
33.862,-0.000963699272595599,68
33.864,-0.0013045199725955983,68
33.866,-0.0013535709525955984,68
33.868,-0.0014026219325955983,68
33.87,-0.0014516729125955985,68
33.872,-0.0015007238925955984,68
33.874,-0.0015497748725955985,68
33.876,-0.001032911272595598,68
33.878,-0.0009508974725956008,68
33.88,-0.0010782862725955966,68
33.882,-0.0012917827059289303,68
33.884,-0.0015052791392622643,68
33.886,-0.001718775572595598,68
33.888,-0.0011232619725955982,68
33.89,-0.0010316044725955974,68
33.892,-0.0009399469725955966,68
33.894,-0.0009646672725955978,68
33.896,-0.0018611199725955992,68
33.898,-0.0016551457059289325,68
33.9,-0.0014491714392622656,68
33.902,-0.0012431971725955988,68
33.904,-0.0009604685725956,68
33.906,-0.000941060172595598,68
33.908,-0.0012457623725955994,68
33.91,-0.0015504645725956008,68
33.912,-0.0015138378725956005,68
33.914,-0.0014772111725956,68
33.916,-0.0014405844725955996,68
33.918,-0.0014039577725955994,68
33.92,-0.0009755693725955991,68
33.922,-0.0012865393725955965,68
33.924,-0.0013472620125955968,68
33.926,-0.0014079846525955973,68
33.928,-0.0014687072925955976,68
33.93,-0.001529429932595598,68
33.932,-0.0015901525725955984,68
33.934,-0.0010404374725955995,68
33.936,-0.0009635298725955976,68
33.938,-0.0010915720725955952,68
33.94,-0.001257063772595596,68
33.942,-0.001422555472595597,68
33.944,-0.001588047172595598,68
33.946,-0.0017535388725955989,68
33.948,-0.0011252463725955984,68
33.95,-0.0009434196725955981,68
33.952,-0.0009634693725955983,68
33.954,-0.0018205728725955996,68
33.956,-0.001843796805928932,68
33.958,-0.0018670207392622652,68
33.96,-0.0018902446725955985,68
33.962,-0.0012414184725955974,68
33.964,-0.0009135810725955965,68
33.966,-0.0009164487725955988,68
33.968,-0.0015133538725955967,68
33.97,-0.0014857699059289305,68
33.972,-0.001458185939262264,68
33.974,-0.001430601972595598,68
33.976,-0.0012022749725955992,68
33.978,-0.0009739479725956005,68
33.98,-0.0009441335725955994,68
33.982,-0.0012595442725955967,68
33.984,-0.0013441111725955967,68
33.986,-0.0014286780725955971,68
33.988,-0.0015132449725955971,68
33.99,-0.0015978118725955975,68
33.992,-0.0010498391725955979,68
33.994,-0.0009632031725955968,68
33.996,-0.0010717038725955967,68
33.998,-0.0012410221975955975,68
34.0,-0.0014103405225955983,69
34.002,-0.001579658847595599,69
34.004,-0.0017489771725955996,69
34.006,-0.0011391613725955999,69
34.008,-0.0009495664725955987,69
34.01,-0.0009400195725955997,69
34.012,-0.0017697891725955964,69
34.014,-0.001813683939262264,69
34.016,-0.0018575787059289315,69
34.018,-0.0019014734725955988,69
34.02,-0.0012875799725955983,69
34.022,-0.0009633483725955995,69
34.024,-0.0009458759725955966,69
34.026,-0.0014823899725955984,69
34.028,-0.0014701871225955984,69
34.03,-0.0014579842725955987,69
34.032,-0.0014457814225955989,69
34.034,-0.0014335785725955988,69
34.036,-0.000985987472595597,69
34.038,-0.0009589560725955966,69
34.04,-0.0012280358725955988,69
34.042,-0.0013179116475955988,69
34.044,-0.001407787422595599,69
34.046,-0.0014976631975955987,69
34.048,-0.0015875389725955988,69
34.05,-0.0010438617725955987,69
34.052,-0.0009390152725955984,69
34.054,-0.0010331774725955976,69
34.056,-0.001073046972595598,69
34.058,-0.0011129164725955983,69
34.06,-0.0011527859725955984,69
34.062,-0.0011926554725955989,69
34.064,-0.0009607226725955997,69
34.066,-0.0009573951725955971,69
34.068,-0.001364741672595597,69
34.07,-0.001772088172595597,69
34.072,-0.0018316645392622648,69
34.074,-0.001891240905928932,69
34.076,-0.0019508172725955996,69
34.078,-0.0009530391725955984,69
34.08,-0.000957322572595596,69
34.082,-0.0012195416725955983,69
34.084,-0.0014817607725956007,69
34.086,-0.0014782195059289335,69
34.088,-0.0014746782392622663,69
34.09,-0.0014711369725955992,69
34.092,-0.0012305647725955984,69
34.094,-0.000989992572595598,69
34.096,-0.0009517202725955984,69
34.098,-0.0011945067725955963,69
34.1,-0.0013292927059289307,69
34.102,-0.0014640786392622653,69
34.104,-0.0015988645725955996,69
34.106,-0.001040860972595599,69
34.108,-0.0009297587725955997,69
34.11,-0.001459412072595599,69
34.112,-0.0019890653725955984,69
34.114,-0.0019338500475955984,69
34.116,-0.0018786347225955985,69
34.118,-0.0018234193975955983,69
34.12,-0.0017682040725955984,69
34.122,-0.0011629862725955984,69
34.124,-0.0009161220725955997,69
34.126,-0.0009227286725955984,69
34.128,-0.0017055623725955975,69
34.13,-0.001515114422595598,69
34.132,-0.0013246664725955985,69
34.134,-0.001200226039262265,69
34.136,-0.001075785605928932,69
34.138,-0.0009513451725955984,69
34.14,-0.0009291295725955968,69
34.142,-0.0014202201725955971,69
34.144,-0.0014310537059289308,69
34.146,-0.0014418872392622645,69
34.148,-0.001452720772595598,69
34.15,-0.0012240731225955986,69
34.152,-0.0009954254725955992,69
34.154,-0.0011585334725956011,69
34.156,-0.0011413950325956004,69
34.158,-0.0011242565925955995,69
34.16,-0.0011071181525955987,69
34.162,-0.0010899797125955976,69
34.164,-0.0010728412725955969,69
34.166,-0.0009565965725956,69
34.168,-0.0009935983725955983,69
34.17,-0.0019605093725955976,69
34.172,-0.0018932636225955984,69
34.174,-0.0018260178725955992,69
34.176,-0.0011946761725955997,69
34.178,-0.0010735188725955987,69
34.18,-0.0009523615725955982,69
34.182,-0.0009521074725955968,69
34.184,-0.0009518533725955956,69
34.186,-0.001702864072595598,69
34.188,-0.0018292667225955983,69
34.19,-0.001955669372595598,69
34.192,-0.0016363624725955976,69
34.194,-0.0013170555725955967,69
34.196,-0.0009427057725955987,69
34.198,-0.0009358208725955968,69
34.2,-0.0009453024325955971,69
34.202,-0.0009547839925955971,69
34.204,-0.0009642655525955976,69
34.206,-0.0009737471125955981,69
34.208,-0.0009832286725955982,69
34.21,-0.0009577218725955989,69
34.212,-0.0009322150725955998,69
34.214,-0.0010796414725955997,69
34.216,-0.0012270678725955996,69
34.218,-0.0013744942725955995,69
34.22,-0.0015219206725955996,69
34.222,-0.0016693470725955995,69
34.224,-0.0010787460725955999,69
34.226,-0.0009977849725955992,69
34.228,-0.0014720989225955987,69
34.23,-0.001946412872595598,69
34.232,-0.001907329872595598,69
34.234,-0.001868246872595598,69
34.236,-0.001829163872595598,69
34.238,-0.001203521272595598,69
34.24,-0.0009420765725955993,69
34.242,-0.0016336641725955975,69
34.244,-0.0018045161725955983,69
34.246,-0.001975368172595599,69
34.248,-0.0013540452725955988,69
34.25,-0.001223514505928932,69
34.252,-0.0010929837392622652,69
34.254,-0.0009624529725955986,69
34.256,-0.0009530512725955988,69
34.258,-0.0013415701725955976,69
34.26,-0.0013913586475955983,69
34.262,-0.0014411471225955989,69
34.264,-0.0014909355975955992,69
34.266,-0.0015407240725956,69
34.268,-0.0010501416725955965,69
34.27,-0.0009981963725956,69
34.272,-0.0011541411725955984,69
34.274,-0.0013134134725955983,69
34.276,-0.0014726857725955982,69
34.278,-0.001631958072595598,69
34.28,-0.001791230372595598,69
34.282,-0.0012495012725955987,69
34.284,-0.0011069390725955992,69
34.286,-0.0011134972725956004,69
34.288,-0.0012123639525956,69
34.29,-0.0013112306325955996,69
34.292,-0.001410097312595599,69
34.294,-0.0015089639925955987,69
34.296,-0.0016078306725955983,69
34.298,-0.0013864974725956002,69
34.3,-0.0013933944725955973,69
34.302,-0.001428097272595597,69
34.304,-0.001462800072595597,69
34.306,-0.0014975028725955969,69
34.308,-0.0015322056725955966,69
34.31,-0.0015669084725955967,69
34.312,-0.0016016112725955964,69
34.314,-0.0015983926725955978,69
34.316,-0.0016079375559289314,69
34.318,-0.0016174824392622647,69
34.32,-0.0016270273225955983,69
34.322,-0.0016365722059289319,69
34.324,-0.0016461170892622652,69
34.326,-0.0016556619725955988,69
34.328,-0.0015610278725955995,69
34.33,-0.0016959186725955984,69
34.332,-0.0016731131975955982,69
34.334,-0.001650307722595598,69
34.336,-0.001627502247595598,69
34.338,-0.0016046967725955978,69
34.34,-0.0015107584225955975,69
34.342,-0.0014168200725955971,69
34.344,-0.0014209582725955988,69
34.346,-0.0014781065725955993,69
34.348,-0.0015352548725955995,69
34.35,-0.0015924031725956,69
34.352,-0.0014302147725955994,69
34.354,-0.0012680263725955987,69
34.356,-0.001216988572595598,69
34.358,-0.0015225680225955992,69
34.36,-0.0018281474725956,69
34.362,-0.0016983447225955995,69
34.364,-0.0015685419725955992,69
34.366,-0.0011277268725955988,69
34.368,-0.0013987668725955991,69
34.37,-0.0014375897225955988,69
34.372,-0.0014764125725955986,69
34.374,-0.0015152354225955985,69
34.376,-0.0015540582725955983,69
34.378,-0.001592881122595598,69
34.38,-0.0016317039725955976,69
34.382,-0.0010985053725955998,69
34.384,-0.0009870159725955986,69
34.386,-0.0010931087725955975,69
34.388,-0.0010874550475955971,69
34.39,-0.0010818013225955972,69
34.392,-0.001076147597595597,69
34.394,-0.0010704938725955967,69
34.396,-0.0009796773225955986,69
34.398,-0.0008888607725956003,69
34.4,-0.0008895141725955985,69
34.402,-0.0017597219725956,69
34.404,-0.0017737983059289326,69
34.406,-0.0017878746392622651,69
34.408,-0.0018019509725955977,69
34.41,-0.0011554963725955991,69
34.412,-0.0008393717725955971,69
34.414,-0.0008322206725955987,69
34.416,-0.0014468401725955989,69
34.418,-0.0016700609725955988,69
34.42,-0.0018932817725955987,69
34.422,-0.0012683893725955984,69
34.424,-0.0008439455725955999,69
34.426,-0.000822238172595597,69
34.428,-0.0009768822225955966,69
34.43,-0.001131526272595596,69
34.432,-0.0015578032225955973,69
34.434,-0.0019840801725955984,69
34.436,-0.0014106974725955988,69
34.438,-0.0008920551725955985,69
34.44,-0.0008479325225955988,69
34.442,-0.000803809872595599,69
34.444,-0.0009201634725955998,69
34.446,-0.0011454090059289327,69
34.448,-0.0013706545392622655,69
34.45,-0.0015959000725955987,69
34.452,-0.0012851599725955988,69
34.454,-0.0009744198725955988,69
34.456,-0.0007985705725955977,69
34.458,-0.0016551053725955972,69
34.46,-0.0016978909725955983,69
34.462,-0.0017406765725955994,69
34.464,-0.0014121857725955993,69
34.466,-0.0010836949725955992,69
34.468,-0.0007614840725955993,69
34.47,-0.0007627182725955996,69
34.472,-0.0007639524725955998,69
34.474,-0.001343131072595597,69
34.476,-0.0015081750725955976,69
34.478,-0.0016732190725955987,69
34.48,-0.0018382630725955996,69
34.482,-0.001216323072595598,69
34.484,-0.0007887695725955993,69
34.486,-0.0007882734725955971,69
34.488,-0.0010890189725955984,69
34.49,-0.0012011214392622655,69
34.492,-0.0013132239059289324,69
34.494,-0.0014253263725955995,69
34.496,-0.0009158437725955981,69
34.498,-0.0008230488725955997,69
34.5,-0.0009561004725955994,70
34.502,-0.0011173765325955991,70
34.504,-0.0012786525925955992,70
34.506,-0.0014399286525955991,70
34.508,-0.001601204712595599,70
34.51,-0.001762480772595599,70
34.512,-0.0011499666725955978,70
34.514,-0.0010307211725955976,70
34.516,-0.0010462091725955969,70
34.518,-0.0018664439725956,70
34.52,-0.0017005499475955996,70
34.522,-0.001534655922595599,70
34.524,-0.0013687618975955983,70
34.526,-0.001202867872595598,70
34.528,-0.0012346424725955983,70
34.53,-0.0012664170725955983,70
34.532,-0.0019093747725955987,70
34.534,-0.0018301342925955983,70
34.536,-0.001750893812595598,70
34.538,-0.0016716533325955977,70
34.54,-0.0015924128525955973,70
34.542,-0.0015131723725955969,70
34.544,-0.0016485895225955977,70
34.546,-0.0017840066725955984,70
34.548,-0.0017521473725955984,70
34.55,-0.0017202880725955987,70
34.552,-0.0016884287725955987,70
34.554,-0.0016565694725955988,70
34.556,-0.0016247101725955988,70
34.558,-0.0017258419725956,70
34.56,-0.0017652516725956,70
34.562,-0.0018046613725956,70
34.564,-0.0018440710725956,70
34.566,-0.0018834807725956,70
34.568,-0.0019228904725956,70
34.57,-0.0018024289225956,70
34.572,-0.0016819673725955997,70
34.574,-0.0016770789725955963,70
34.576,-0.00166961730592893,70
34.578,-0.0016621556392622636,70
34.58,-0.0016546939725955974,70
34.582,-0.001647232305928931,70
34.584,-0.001639770639262265,70
34.586,-0.0016323089725955983,70
34.588,-0.0015994574725956,70
34.59,-0.0016082438011670289,70
34.592,-0.0016170301297384576,70
34.594,-0.0016258164583098863,70
34.596,-0.0016346027868813149,70
34.598,-0.0016433891154527436,70
34.6,-0.0016521754440241723,70
34.602,-0.001660961772595601,70
34.604,-0.0016211939125956004,70
34.606,-0.0015814260525955997,70
34.608,-0.0015416581925955992,70
34.61,-0.0015018903325955985,70
34.612,-0.0014621224725955978,70
34.614,-0.0013082346725955991,70
34.616,-0.0013352237225955988,70
34.618,-0.001362212772595599,70
34.62,-0.001389201822595599,70
34.622,-0.0014161908725955988,70
34.624,-0.0014431799225955988,70
34.626,-0.0014701689725955987,70
34.628,-0.0011797205725956016,70
34.63,-0.0019577989725955976,70
34.632,-0.0018475256225955975,70
34.634,-0.001737252272595598,70
34.636,-0.0016269789225955979,70
34.638,-0.0015167055725955978,70
34.64,-0.0013160512725955984,70
34.642,-0.0011153969725955987,70
34.644,-0.001581803572595599,70
34.646,-0.0015840493325955992,70
34.648,-0.001586295092595599,70
34.65,-0.0015885408525955994,70
34.652,-0.0015907866125955995,70
34.654,-0.0015930323725955996,70
34.656,-0.001067722972595598,70
34.658,-0.0012709424725955987,70
34.66,-0.0013771018225955988,70
34.662,-0.0014832611725955989,70
34.664,-0.0015894205225955988,70
34.666,-0.001695579872595599,70
34.668,-0.0011370196725955968,70
34.67,-0.001078606922595598,70
34.672,-0.0010201941725955996,70
34.674,-0.001071776472595598,70
34.676,-0.0011081853725955979,70
34.678,-0.0011445942725955977,70
34.68,-0.0011810031725955975,70
34.682,-0.0012174120725955972,70
34.684,-0.0010950992225955975,70
34.686,-0.0009727863725955983,70
34.688,-0.0009779046725955987,70
34.69,-0.0010600854525955991,70
34.692,-0.001142266232595599,70
34.694,-0.0012244470125955993,70
34.696,-0.0013066277925955993,70
34.698,-0.0013888085725955995,70
34.7,-0.0014017313725955983,70
34.702,-0.0013359194725955984,70
34.704,-0.001270107572595599,70
34.706,-0.0012042956725955992,70
34.708,-0.0011384837725955995,70
34.71,-0.0010726718725955998,70
34.712,-0.0010068599725956,70
34.714,-0.0009606137725955976,70
34.716,-0.0010592771725955984,70
34.718,-0.001157940572595599,70
34.72,-0.0012811367225955988,70
34.722,-0.0014043328725955983,70
34.724,-0.0015275290225955983,70
34.726,-0.001650725172595598,70
34.728,-0.0010661015725955993,70
34.73,-0.0009532569725955971,70
34.732,-0.0009936588725955981,70
34.734,-0.0019324131725955984,70
34.736,-0.001889070972595598,70
34.738,-0.0018457287725955971,70
34.74,-0.0018023865725955968,70
34.742,-0.0011903927725955988,70
34.744,-0.0009252817725955985,70
34.746,-0.0016073224725955992,70
34.748,-0.0017139920392622657,70
34.75,-0.001820661605928932,70
34.752,-0.0019273311725955984,70
34.754,-0.0016193196225955985,70
34.756,-0.0013113080725955983,70
34.758,-0.0009340058725955998,70
34.76,-0.0008990247725956003,70
34.762,-0.0013032615725955994,70
34.764,-0.001352157672595599,70
34.766,-0.0014010537725955988,70
34.768,-0.0014499498725955985,70
34.77,-0.001498845972595598,70
34.772,-0.0009749764725955987,70
34.774,-0.0008985528725955969,70
34.776,-0.0010892065225955971,70
34.778,-0.0012798601725955972,70
34.78,-0.0014705138225955977,70
34.782,-0.001661167472595598,70
34.784,-0.0013588187225955974,70
34.786,-0.0010564699725955967,70
34.788,-0.0009158074725955994,70
34.79,-0.0009420886725956013,70
34.792,-0.0018490562725955988,70
34.794,-0.001818945422595599,70
34.796,-0.0017888345725955988,70
34.798,-0.0014627698225955985,70
34.8,-0.001136705072595598,70
34.802,-0.0008719570725955974,70
34.804,-0.0008940274725955966,70
34.806,-0.0015739748725955988,70
34.808,-0.001699480105928932,70
34.81,-0.0018249853392622653,70
34.812,-0.0019504905725955984,70
34.814,-0.0013256223725955987,70
34.816,-0.0009232610725955978,70
34.818,-0.0009229101725956,70
34.82,-0.0010761385225955995,70
34.822,-0.001229366872595599,70
34.824,-0.0013825952225955983,70
34.826,-0.001535823572595598,70
34.828,-0.0010214283725955963,70
34.83,-0.0010444425725955964,70
34.832,-0.0010674567725955965,70
34.834,-0.0012170339475955968,70
34.836,-0.001366611122595597,70
34.838,-0.0015161882975955972,70
34.84,-0.0016657654725955977,70
34.842,-0.0009327474725955992,70
34.844,-0.0009442021392622652,70
34.846,-0.0009556568059289317,70
34.848,-0.0009671114725955976,70
34.85,-0.0018506897725955997,70
34.852,-0.001844307022595599,70
34.854,-0.0018379242725955983,70
34.856,-0.0012055782725955977,70
34.858,-0.0010611466225955973,70
34.86,-0.0009167149725955968,70
34.862,-0.000910277772595596,70
34.864,-0.0015418130725955992,70
34.866,-0.0017492675725955982,70
34.868,-0.001956722072595597,70
34.87,-0.001433578572595598,70
34.872,-0.000910435072595599,70
34.874,-0.0009057886725955976,70
34.876,-0.000901142272595596,70
34.878,-0.0012789526725955971,70
34.88,-0.0013422991975955971,70
34.882,-0.0014056457225955976,70
34.884,-0.0014689922475955976,70
34.886,-0.001532338772595598,70
34.888,-0.0010114821725956003,70
34.89,-0.0009533053725955982,70
34.892,-0.0010680617725955972,70
34.894,-0.0012257247725955978,70
34.896,-0.0013833877725955984,70
34.898,-0.001541050772595599,70
34.9,-0.0016987137725955996,70
34.902,-0.0009625739725955992,70
34.904,-0.0009590226225956003,70
34.906,-0.0009554712725956016,70
34.908,-0.0018220853725955995,70
34.91,-0.0018395275225955993,70
34.912,-0.0018569696725955988,70
34.914,-0.001548758472595598,70
34.916,-0.0012405472725955968,70
34.918,-0.0009463236725955997,70
34.92,-0.0009331830725956003,70
34.922,-0.0015127972725955969,70
34.924,-0.0014844076475955975,70
34.926,-0.001456018022595598,70
34.928,-0.0014276283975955986,70
34.93,-0.0013992387725955992,70
34.932,-0.0009409633725955997,70
34.934,-0.0009121169725955987,70
34.936,-0.0012470207725956,70
34.938,-0.0011832053725955999,70
34.94,-0.0011193899725955997,70
34.942,-0.0010555745725955995,70
34.944,-0.000991759172595599,70
34.946,-0.0009027878725955984,70
34.948,-0.0009718244225955987,70
34.95,-0.001040860972595599,70
34.952,-0.0012111654475955988,70
34.954,-0.0013814699225955986,70
34.956,-0.0015517743975955985,70
34.958,-0.0017220788725955984,70
34.96,-0.0010931571725955984,70
34.962,-0.0009188566725956,70
34.964,-0.0009484895725955961,70
34.966,-0.0018020840725955984,70
34.968,-0.0016212979725955983,70
34.97,-0.0014405118725955984,70
34.972,-0.0012597257725955983,70
34.974,-0.0011034724225955984,70
34.976,-0.0009472190725955987,70
34.978,-0.0014779734725955983,70
34.98,-0.0014620044975955987,70
34.982,-0.0014460355225955988,70
34.984,-0.0014300665475955989,70
34.986,-0.0014140975725955988,70
34.988,-0.0011958861725955994,70
34.99,-0.0009776747725956,70
34.992,-0.0009346471725955978,70
34.994,-0.0012282899725955983,70
34.996,-0.001322863572595598,70
34.998,-0.001417437172595598,70
35.0,-0.001512010772595598,71
35.002,-0.001606584372595598,71
35.004,-0.001060583972595598,71
35.006,-0.0010382352725955971,71
35.008,-0.0011831497125955979,71
35.01,-0.0013280641525955984,71
35.012,-0.0014729785925955987,71
35.014,-0.0016178930325955992,71
35.016,-0.0017628074725955995,71
35.018,-0.0011327241725955992,71
35.02,-0.0009239870725955971,71
35.022,-0.0009341994725955982,71
35.024,-0.0017565033725955995,71
35.026,-0.0015915481059289322,71
35.028,-0.0014265928392622647,71
35.03,-0.0012616375725955972,71
35.032,-0.0009267216725955974,71
35.034,-0.0009330923225955985,71
35.036,-0.0009394629725955998,71
35.038,-0.0014733754725956003,71
35.04,-0.0014589099225955995,71
35.042,-0.0014444443725955987,71
35.044,-0.001429978822595598,71
35.046,-0.001415513272595597,71
35.048,-0.000959875672595598,71
35.05,-0.0009379988725955988,71
35.052,-0.0010681924525955987,71
35.054,-0.001198386032595599,71
35.056,-0.0013285796125955991,71
35.058,-0.0014587731925955992,71
35.06,-0.0015889667725955993,71
35.062,-0.0009484290725956003,71
35.064,-0.0011135069525955998,71
35.066,-0.0012785848325955992,71
35.068,-0.0014436627125955987,71
35.07,-0.0016087405925955985,71
35.072,-0.001773818472595598,71
35.074,-0.001163325072595596,71
35.076,-0.0009466019725955997,71
35.078,-0.0009454887725955965,71
35.08,-0.0017213165725956,71
35.082,-0.0017923879392622664,71
35.084,-0.0018634593059289328,71
35.086,-0.0019345306725955993,71
35.088,-0.0009515629725955992,71
35.09,-0.0011998912725955987,71
35.092,-0.0014482195725955983,71
35.094,-0.0014515446525955984,71
35.096,-0.0014548697325955987,71
35.098,-0.0014581948125955988,71
35.1,-0.001461519892595599,71
35.102,-0.0014648449725955994,71
35.104,-0.000928016372595597,71
35.106,-0.001051266972595598,71
35.108,-0.0011745175725955991,71
35.11,-0.0012909256225955993,71
35.112,-0.0014073336725955992,71
35.114,-0.0015237417225955991,71
35.116,-0.001640149772595599,71
35.118,-0.0010772456725955983,71
35.12,-0.0009722781725955992,71
35.122,-0.0019909529725955985,71
35.124,-0.0017775936725956,71
35.126,-0.001182539872595598,71
35.128,-0.0010656901725955986,71
35.13,-0.0009488404725955992,71
35.132,-0.0009454585225955992,71
35.134,-0.0009420765725955993,71
35.136,-0.0012739029392622656,71
35.138,-0.0016057293059289317,71
35.14,-0.0019375556725955976,71
35.142,-0.001323698472595598,71
35.144,-0.0011404016225955993,71
35.146,-0.0009571047725956006,71
35.148,-0.0009411448725955987,71
35.15,-0.0009251849725955968,71
35.152,-0.0013765149725955984,71
35.154,-0.0013973814225955983,71
35.156,-0.0014182478725955983,71
35.158,-0.0014391143225955983,71
35.16,-0.0014599807725955982,71
35.162,-0.0009696887725955984,71
35.164,-0.0009194979725955997,71
35.166,-0.0011266257725955975,71
35.168,-0.0012548071225955979,71
35.17,-0.001382988472595598,71
35.172,-0.001511169822595598,71
35.174,-0.0016393511725955982,71
35.176,-0.0010495245725956007,71
35.178,-0.0009142223725955994,71
35.18,-0.0009728589725956012,71
35.182,-0.0011844849475956005,71
35.184,-0.0013961109225955996,71
35.186,-0.0016077368975955988,71
35.188,-0.0018193628725955977,71
35.19,-0.0011658539725955992,71
35.192,-0.0009290206725956,71
35.194,-0.0012892255725955983,71
35.196,-0.0016494304725955967,71
35.198,-0.001746662039262264,71
35.2,-0.001843893605928932,71
35.202,-0.0019411251725955996,71
35.204,-0.0013337535725955994,71
35.206,-0.0009437947725955965,71
35.208,-0.001340553772595598,71
35.21,-0.0012267371392622652,71
35.212,-0.0011129205059289323,71
35.214,-0.0009991038725955994,71
35.216,-0.0009367404725955965,71
35.218,-0.001107350472595598,71
35.22,-0.0011994355059289316,71
35.222,-0.0012915205392622653,71
35.224,-0.0013836055725955987,71
35.226,-0.0014756906059289327,71
35.228,-0.0015677756392622664,71
35.23,-0.0016598606725955999,71
35.232,-0.001173658472595599,71
35.234,-0.0009604685725955985,71
35.236,-0.0013988394725955988,71
35.238,-0.0018372103725955993,71
35.24,-0.0009331588725955998,71
35.242,-0.0009322392725955992,71
35.244,-0.0009313196725955987,71
35.246,-0.0009304000725955984,71
35.248,-0.0009294804725955981,71
35.25,-0.0011956320725955982,71
35.252,-0.0014617836725955985,71
35.254,-0.0017279352725955988,71
35.256,-0.001994086872595599,71
35.258,-0.0009388216725955967,71
35.26,-0.0009486529225955984,71
35.262,-0.0009584841725956,71
35.264,-0.0013538879725955976,71
35.266,-0.0014057485725955975,71
35.268,-0.0014576091725955979,71
35.27,-0.001509469772595598,71
35.272,-0.0012491382725955983,71
35.274,-0.0009888067725955987,71
35.276,-0.0009505344725956008,71
35.278,-0.0012021862392622672,71
35.28,-0.0014538380059289332,71
35.282,-0.0017054897725955996,71
35.284,-0.0014104554725955995,71
35.286,-0.0011154211725955992,71
35.288,-0.0009726895725956,71
35.29,-0.0018847875725956,71
35.292,-0.0018814056225956,71
35.294,-0.0018780236725955996,71
35.296,-0.0018746417225955993,71
35.298,-0.0018712597725955987,71
35.3,-0.0012483033725955994,71
35.302,-0.0009587745725955985,71
35.304,-0.0015823238725956,71
35.306,-0.0014543857325956,71
35.308,-0.0013264475925955997,71
35.31,-0.0011985094525955996,71
35.312,-0.0010705713125955991,71
35.314,-0.0009426331725955994,71
35.316,-0.0009392209725955987,71
35.318,-0.0009358087725955984,71
35.32,-0.0013190762725955975,71
35.322,-0.0013726490225955976,71
35.324,-0.0014262217725955978,71
35.326,-0.0014797945225955979,71
35.328,-0.001533367272595598,71
35.33,-0.0010152815725955992,71
35.332,-0.0009469649725955959,71
35.334,-0.0010839248725956,71
35.336,-0.0012879228059289331,71
35.338,-0.0014919207392622667,71
35.34,-0.0016959186725956,71
35.342,-0.0011026677725955985,71
35.344,-0.0010301464225955992,71
35.346,-0.0009576250725955998,71
35.348,-0.0009772633725955993,71
35.35,-0.0018712718725955968,71
35.352,-0.0018713646392622644,71
35.354,-0.001871457405928932,71
35.356,-0.0018715501725955989,71
35.358,-0.0009707656725955992,71
35.36,-0.0009460332725955976,71
35.362,-0.0012513102225955976,71
35.364,-0.0015565871725955974,71
35.366,-0.0014863587725955979,71
35.368,-0.0014161303725955983,71
35.37,-0.0009733671725955968,71
35.372,-0.0009915746475955972,71
35.374,-0.0010097821225955976,71
35.376,-0.001027989597595598,71
35.378,-0.0010461970725955984,71
35.38,-0.0009575524725955984,71
35.382,-0.0010857156725955983,71
35.384,-0.0012010226225955985,71
35.386,-0.0013163295725955983,71
35.388,-0.0014316365225955988,71
35.39,-0.0015469434725955988,71
35.392,-0.0016622504225955992,71
35.394,-0.0017775573725955993,71
35.396,-0.0016225684725955987,71
35.398,-0.0014675795725955986,71
35.4,-0.0013125906725955983,71
35.402,-0.001157601772595598,71
35.404,-0.0009652238725955976,71
35.406,-0.001838154172595599,71
35.408,-0.0013934186725955984,71
35.41,-0.000948683172595598,71
35.412,-0.0009553623725956015,71
35.414,-0.0011832356225955996,71
35.416,-0.0014111088725955977,71
35.418,-0.0012440683725956012,71
35.42,-0.0013493383725955998,71
35.422,-0.0014546083725955987,71
35.424,-0.0015598783725955972,71
35.426,-0.0010429300725955989,71
35.428,-0.0009552897725956,71
35.43,-0.0009683327083098858,71
35.432,-0.0009813756440241715,71
35.434,-0.000994418579738457,71
35.436,-0.0010074615154527426,71
35.438,-0.0010205044511670282,71
35.44,-0.001033547386881314,71
35.442,-0.0010465903225955996,71
35.444,-0.0010596332583098851,71
35.446,-0.0010726761940241707,71
35.448,-0.0010857191297384565,71
35.45,-0.001098762065452742,71
35.452,-0.0011118050011670278,71
35.454,-0.0011248479368813134,71
35.456,-0.0011378908725955988,71
35.458,-0.0010726880059289314,71
35.46,-0.0010074851392622639,71
35.462,-0.0009422822725955962,71
35.464,-0.0009397896725955971,71
35.466,-0.0011811967725955975,71
35.468,-0.001422603872595598,71
35.47,-0.0016640109725955983,71
35.472,-0.0019054180725955985,71
35.474,-0.001274669272595598,71
35.476,-0.0009423911725955964,71
35.478,-0.0009372970725955998,71
35.48,-0.001484398572595599,71
35.482,-0.0014656355059289323,71
35.484,-0.0014468724392622655,71
35.486,-0.0014281093725955988,71
35.488,-0.0011903564725955988,71
35.49,-0.0009526035725955994,71
35.492,-0.001090416522595599,71
35.494,-0.001228229472595599,71
35.496,-0.0011792637975955988,71
35.498,-0.0011302981225955987,71
35.5,-0.0010813324475955983,72
35.502,-0.0010323667725955984,72
35.504,-0.001045809872595598,72
35.506,-0.001028210422595598,72
35.508,-0.001010610972595598,72
35.51,-0.0009930115225955981,72
35.512,-0.0009754120725955981,72
35.514,-0.0009578126225955981,72
35.516,-0.000940213172595598,72
35.518,-0.0009456218725955971,72
35.52,-0.0009510305725955961,72
35.522,-0.0009564392725955952,72
35.524,-0.0017545189725955996,72
35.526,-0.001823714839262266,72
35.528,-0.0018929107059289327,72
35.53,-0.0019621065725955998,72
35.532,-0.0013080894725955965,72
35.534,-0.0009493002725955972,72
35.536,-0.0009490897325955976,72
35.538,-0.0009488791925955978,72
35.54,-0.0009486686525955981,72
35.542,-0.0009484581125955984,72
35.544,-0.0009482475725955987,72
35.546,-0.0010149125225955991,72
35.548,-0.0010815774725956,72
35.55,-0.0011482424225956007,72
35.552,-0.0012149073725956012,72
35.554,-0.0011702825725956,72
35.556,-0.0011256577725955984,72
35.558,-0.0010810329725955967,72
35.56,-0.0010695783059289307,72
35.562,-0.0010581236392622647,72
35.564,-0.0010466689725955984,72
35.566,-0.0012372106975955983,72
35.568,-0.0014277524225955983,72
35.57,-0.0016182941475955982,72
35.572,-0.001808835872595598,72
35.574,-0.0014938305225955994,72
35.576,-0.0011788251725956007,72
35.578,-0.000945476672595598,72
35.58,-0.000971394872595597,72
35.582,-0.0017509978725955971,72
35.584,-0.0018506776725955984,72
35.586,-0.0019503574725955996,72
35.588,-0.0016324178725955988,72
35.59,-0.001314478272595598,72
35.592,-0.0009658046725955997,72
35.594,-0.0009765010725956008,72
35.596,-0.0014484010725955964,72
35.598,-0.0014635200225955975,72
35.6,-0.0014786389725955987,72
35.602,-0.0014270580170400431,72
35.604,-0.001375477061484488,72
35.606,-0.0013238961059289327,72
35.608,-0.0012723151503733772,72
35.61,-0.0012207341948178218,72
35.612,-0.0011691532392622665,72
35.614,-0.0011175722837067112,72
35.616,-0.0010659913281511558,72
35.618,-0.0010144103725956003,72
35.62,-0.001131023258309886,72
35.622,-0.0012476361440241712,72
35.624,-0.001364249029738457,72
35.626,-0.0014808619154527422,72
35.628,-0.0015974748011670279,72
35.63,-0.001714087686881313,72
35.632,-0.0018307005725955987,72
35.634,-0.001192086772595597,72
35.636,-0.0009565844725955981,72
35.638,-0.0013373654225955992,72
35.64,-0.0017181463725956005,72
35.642,-0.0018100942725956,72
35.644,-0.0019020421725955995,72
35.646,-0.001993990072595599,72
35.648,-0.0013394526725955987,72
35.65,-0.0009331588725955981,72
35.652,-0.0009369824725955975,72
35.654,-0.0014183930725955984,72
35.656,-0.0014378498725955984,72
35.658,-0.0014573066725955984,72
35.66,-0.0014767634725955984,72
35.662,-0.0014962202725955984,72
35.664,-0.0009532327725956003,72
35.666,-0.0011796479725956002,72
35.668,-0.0011393380325955996,72
35.67,-0.001099028092595599,72
35.672,-0.0010587181525955984,72
35.674,-0.001018408212595598,72
35.676,-0.0009780982725955973,72
35.678,-0.0009907952059289315,72
35.68,-0.001003492139262266,72
35.682,-0.0010161890725956003,72
35.684,-0.0019698263725955976,72
35.686,-0.0019104456225955983,72
35.688,-0.0018510648725955996,72
35.69,-0.0009591738725955971,72
35.692,-0.0009551808725955978,72
35.694,-0.000951187872595598,72
35.696,-0.0009471948725955984,72
35.698,-0.0010310164125955984,72
35.7,-0.0011148379525955988,72
35.702,-0.0011986594925955988,72
35.704,-0.0012824810325955988,72
35.706,-0.0013663025725955992,72
35.708,-0.0009635419725955998,72
35.71,-0.0009436495725955971,72
35.712,-0.0013618860725955976,72
35.714,-0.0014029050725955978,72
35.716,-0.001443924072595598,72
35.718,-0.0014849430725955982,72
35.72,-0.0015259620725955984,72
35.722,-0.0010104294725955983,72
35.724,-0.0009542249725955977,72
35.726,-0.0011485146725956003,72
35.728,-0.0011039170975956003,72
35.73,-0.0010593195225956,72
35.732,-0.0010147219475955995,72
35.734,-0.0009701243725955995,72
35.736,-0.0009833133725955998,72
35.738,-0.0009965023725956,72
35.74,-0.0014663393225955992,72
35.742,-0.0019361762725955984,72
35.744,-0.001921757105928932,72
35.746,-0.0019073379392622652,72
35.748,-0.0018929187725955988,72
35.75,-0.0009871611725955978,72
35.752,-0.0013196268225955984,72
35.754,-0.0016520924725955987,72
35.756,-0.0016001616925955988,72
35.758,-0.0015482309125955987,72
35.76,-0.0014963001325955989,72
35.762,-0.0014443693525955988,72
35.764,-0.0013924385725955987,72
35.766,-0.0009856607725955997,72
35.768,-0.0009554107725955989,72
35.77,-0.0013458172725955995,72
35.772,-0.0013984492475955991,72
35.774,-0.0014510812225955988,72
35.776,-0.0015037131975955984,72
35.778,-0.001556345172595598,72
35.78,-0.0010365775725955995,72
35.782,-0.001140516572595597,72
35.784,-0.001343655405928931,72
35.786,-0.0015467942392622645,72
35.788,-0.0017499330725955983,72
35.79,-0.0011324095725955983,72
35.792,-0.0009571652725955983,72
35.794,-0.0010114216725955992,72
35.796,-0.0019241488725955968,72
35.798,-0.0019092295725955976,72
35.8,-0.0018943102725955984,72
35.802,-0.0018793909725955996,72
35.804,-0.0015572224225955996,72
35.806,-0.0012350538725955996,72
35.808,-0.0010874762225955986,72
35.81,-0.0009398985725955974,72
35.812,-0.0009648971725956003,72
35.814,-0.0015973762725956,72
35.816,-0.0017274149725955987,72
35.818,-0.001857453672595598,72
35.82,-0.0019874923725955967,72
35.822,-0.0013808951725955976,72
35.824,-0.0009825510725955978,72
35.826,-0.0009511636725955986,72
35.828,-0.001295699072595597,72
35.83,-0.0014278492225955975,72
35.832,-0.0015599993725955979,72
35.834,-0.0013068431725955976,72
35.836,-0.0010536869725955977,72
35.838,-0.001013617822595598,72
35.84,-0.0009735486725955984,72
35.842,-0.0010960732725955984,72
35.844,-0.0012621790475955985,72
35.846,-0.0014282848225955983,72
35.848,-0.0015943905975955987,72
35.85,-0.0017604963725955988,72
35.852,-0.0011571177725955976,72
35.854,-0.0009883590725955971,72
35.856,-0.0010021409725955964,72
35.858,-0.0018955807725955997,72
35.86,-0.0019015702725955989,72
35.862,-0.0019075597725955985,72
35.864,-0.0015981869725955992,72
35.866,-0.0012888141725956002,72
35.868,-0.0009756540725956008,72
35.87,-0.0009721813725955956,72
35.872,-0.0015917497725955968,72
35.874,-0.0015513539225955977,72
35.876,-0.0015109580725955983,72
35.878,-0.0014705622225955994,72
35.88,-0.0014301663725956003,72
35.882,-0.0009853098725955967,72
35.884,-0.0009620899725956004,72
35.886,-0.0013016764725955962,72
35.888,-0.0013757496475955968,72
35.89,-0.0014498228225955975,72
35.892,-0.001523895997595598,72
35.894,-0.0015979691725955987,72
35.896,-0.0010595917725955972,72
35.898,-0.0009773359725955971,72
35.9,-0.001088510772595596,72
35.902,-0.0012586821475955965,72
35.904,-0.001428853522595597,72
35.906,-0.0015990248975955971,72
35.908,-0.0017691962725955976,72
35.91,-0.0011660959725955985,72
35.912,-0.000971794172595599,72
35.914,-0.0009889156725955972,72
35.916,-0.0013090373059289312,72
35.918,-0.001629158939262265,72
35.92,-0.0019492805725955988,72
35.922,-0.0016259806725955988,72
35.924,-0.0013026807725955991,72
35.926,-0.0009780135725955975,72
35.928,-0.0009805545725956007,72
35.93,-0.0015665212725955984,72
35.932,-0.0015391056975955983,72
35.934,-0.001511690122595598,72
35.936,-0.001484274547595598,72
35.938,-0.001456858972595598,72
35.94,-0.0009996725725955995,72
35.942,-0.0009644131725955984,72
35.944,-0.0012751048725955956,72
35.946,-0.0013549436975955967,72
35.948,-0.0014347825225955976,72
35.95,-0.0015146213475955989,72
35.952,-0.0015944601725956,72
35.954,-0.0010663677725955972,72
35.956,-0.0009775174725955987,72
35.958,-0.0010845298725956007,72
35.96,-0.0011062130725956,72
35.962,-0.0011278962725955995,72
35.964,-0.001149579472595599,72
35.966,-0.0011712626725955983,72
35.968,-0.0010729259725955984,72
35.97,-0.0009745892725955984,72
35.972,-0.0017931663725955973,72
35.974,-0.0018366215059289308,72
35.976,-0.001880076639262264,72
35.978,-0.0019235317725955975,72
35.98,-0.0016059914725955972,72
35.982,-0.001288451172595597,72
35.984,-0.0009693499725955992,72
35.986,-0.0009529665725955987,72
35.988,-0.0014829465725955983,72
35.99,-0.0014806798392622649,72
35.992,-0.0014784131059289312,72
35.994,-0.0014761463725955978,72
35.996,-0.0010255544725955976,72
35.998,-0.0010026794225955976,72
36.0,-0.0009798043725955975,73
36.002,-0.001252139072595599,73
36.004,-0.0013474568225955992,73
36.006,-0.0014427745725955992,73
36.008,-0.0015380923225955996,73
36.01,-0.0016334100725955995,73
36.012,-0.0009529302725956,73
36.014,-0.001041284472595598,73
36.016,-0.0012335383475955983,73
36.018,-0.0014257922225955984,73
36.02,-0.0016180460975955989,73
36.022,-0.0018102999725955991,73
36.024,-0.0014964138725955991,73
36.026,-0.0011825277725955995,73
36.028,-0.0009864472725955983,73
36.03,-0.0009888914725955968,73
36.032,-0.001099191039262264,73
36.034,-0.0012094906059289315,73
36.036,-0.0013197901725955988,73
36.038,-0.001143438722595598,73
36.04,-0.0009670872725955973,73
36.042,-0.0009777473725955976,73
36.044,-0.0014781186725955975,73
36.046,-0.001477203912595598,73
36.048,-0.001476289152595598,73
36.05,-0.001475374392595598,73
36.052,-0.0014744596325955983,73
36.054,-0.0014735448725955985,73
36.056,-0.0010096792725955983,73
36.058,-0.0009789452725955973,73
36.06,-0.0012183679725955993,73
36.062,-0.0013282813475955987,73
36.064,-0.0014381947225955982,73
36.066,-0.0015481080975955977,73
36.068,-0.0016580214725955972,73
36.07,-0.0010990619725955997,73
36.072,-0.0009739237725955984,73
36.074,-0.0011386507525955984,73
36.076,-0.0013033777325955984,73
36.078,-0.0014681047125955984,73
36.08,-0.0016328316925955984,73
36.082,-0.0017975586725955985,73
36.084,-0.001186859572595596,73
36.086,-0.0009678253725955969,73
36.088,-0.0009543217725955996,73
36.09,-0.0017294840725955978,73
36.092,-0.0015958516725955985,73
36.094,-0.0014622192725955987,73
36.096,-0.0013285868725955996,73
36.098,-0.0009605048725955992,73
36.1,-0.0009439278725956005,73
36.102,-0.0014321023725955995,73
36.104,-0.0013508339325955991,73
36.106,-0.0012695654925955987,73
36.108,-0.0011882970525955987,73
36.11,-0.0011070286125955983,73
36.112,-0.001025760172595598,73
36.114,-0.0012143628725956,73
36.116,-0.0013068455925955996,73
36.118,-0.0013993283125955992,73
36.12,-0.0014918110325955983,73
36.122,-0.001584293752595598,73
36.124,-0.0016767764725955977,73
36.126,-0.0013863462225955974,73
36.128,-0.0010959159725955972,73
36.13,-0.0009811837725955967,73
36.132,-0.0010401954725955988,73
36.134,-0.0019710242725955967,73
36.136,-0.001929057439262264,73
36.138,-0.0018870906059289304,73
36.14,-0.0018451237725955973,73
36.142,-0.001210115772595598,73
36.144,-0.0009735849725955972,73
36.146,-0.0009668573725955983,73
36.148,-0.0013079241059289319,73
36.15,-0.0016489908392622655,73
36.152,-0.0019900575725955998,73
36.154,-0.0009347439725955997,73
36.156,-0.0010905234059289328,73
36.158,-0.001246302839262266,73
36.16,-0.0014020822725955995,73
36.162,-0.0014251521325955995,73
36.164,-0.0014482219925955994,73
36.166,-0.0014712918525955992,73
36.168,-0.001494361712595599,73
36.17,-0.001517431572595599,73
36.172,-0.0010292812725956003,73
36.174,-0.0009709350725955987,73
36.176,-0.001165684572595596,73
36.178,-0.0012884451225955967,73
36.18,-0.0014112056725955975,73
36.182,-0.0015339662225955983,73
36.184,-0.0016567267725955991,73
36.186,-0.0009575040725955978,73
36.188,-0.0019592872725955994,73
36.19,-0.0019306344725955992,73
36.192,-0.0019019816725955984,73
36.194,-0.001873328872595598,73
36.196,-0.0018446760725955972,73
36.198,-0.0018160232725955969,73
36.2,-0.001181172572595597,73
36.202,-0.0009364258725955992,73
36.204,-0.0009515871725956013,73
36.206,-0.0016536896725955989,73
36.208,-0.0017651226059289319,73
36.21,-0.0018765555392622649,73
36.212,-0.0019879884725955976,73
36.214,-0.0013667018725955996,73
36.216,-0.0009588713725956001,73
36.218,-0.0009532811725955978,73
36.22,-0.001065866832595598,73
36.222,-0.0011784524925955984,73
36.224,-0.0012910381525955985,73
36.226,-0.0014036238125955988,73
36.228,-0.001516209472595599,73
36.23,-0.0010077553725955993,73
36.232,-0.0011039019725955987,73
36.234,-0.0011025104725955986,73
36.236,-0.0011011189725955988,73
36.238,-0.0010997274725955987,73
36.24,-0.0010983359725955989,73
36.242,-0.0010969444725955988,73
36.244,-0.0010148217725955983,73
36.246,-0.0009326990725955984,73
36.248,-0.0019060351725956,73
36.25,-0.0018978888475955995,73
36.252,-0.0018897425225955996,73
36.254,-0.0018815961975955995,73
36.256,-0.0018734498725955992,73
36.258,-0.0009458517725955979,73
36.26,-0.0016252909725955993,73
36.262,-0.0015130977559289322,73
36.264,-0.0014009045392622652,73
36.266,-0.0012887113225955983,73
36.268,-0.0011765181059289313,73
36.27,-0.0010643248892622643,73
36.272,-0.0009521316725955974,73
36.274,-0.0009349254725956013,73
36.276,-0.0011272670725955992,73
36.278,-0.0013196086725955972,73
36.28,-0.0013809768475955971,73
36.282,-0.0014423450225955975,73
36.284,-0.0015037131975955977,73
36.286,-0.0015650813725955979,73
36.288,-0.001041889472595597,73
36.29,-0.000978412872595598,73
36.292,-0.0011454654725955998,73
36.294,-0.0011433177225955993,73
36.296,-0.0011411699725955987,73
36.298,-0.001139022222595598,73
36.3,-0.0011368744725955976,73
36.302,-0.0010709960225955984,73
36.304,-0.0010051175725955992,73
36.306,-0.001442665672595599,73
36.308,-0.0018802137725955988,73
36.31,-0.001881698039262265,73
36.312,-0.0018831823059289317,73
36.314,-0.0018846665725955976,73
36.316,-0.0012587456725955959,73
36.318,-0.0009630579725955992,73
36.32,-0.0009559431725955984,73
36.322,-0.001595766972595598,73
36.324,-0.0015507277475955978,73
36.326,-0.0015056885225955977,73
36.328,-0.0014606492975955975,73
36.33,-0.0014156100725955972,73
36.332,-0.000985854372595598,73
36.334,-0.0013205524725955972,73
36.336,-0.0013816151225955974,73
36.338,-0.0014426777725955976,73
36.34,-0.0015037404225955976,73
36.342,-0.001564803072595598,73
36.344,-0.0010409819725955977,73
36.346,-0.0009649455725955976,73
36.348,-0.0010348109725955984,73
36.35,-0.001104676372595599,73
36.352,-0.0011071810725955989,73
36.354,-0.0011096857725955986,73
36.356,-0.0011121904725955984,73
36.358,-0.001114695172595598,73
36.36,-0.0010416051225955979,73
36.362,-0.0009685150725955978,73
36.364,-0.0009773964725955965,73
36.366,-0.0012111987225955972,73
36.368,-0.001445000972595598,73
36.37,-0.0016788032225955986,73
36.372,-0.0019126054725955995,73
36.374,-0.0012607300725955995,73
36.376,-0.0009436979725955982,73
36.378,-0.0012432818725955988,73
36.38,-0.0015428657725955995,73
36.382,-0.001506222939262266,73
36.384,-0.0014695801059289328,73
36.386,-0.001432937272595599,73
36.388,-0.0009747344725955994,73
36.39,-0.0012922626725955996,73
36.392,-0.0013664447475955992,73
36.394,-0.0014406268225955988,73
36.396,-0.0015148088975955984,73
36.398,-0.001588990972595598,73
36.4,-0.0010405221725955996,73
36.402,-0.0009921342725955993,73
36.404,-0.0009437463725955988,73
36.406,-0.0010761566725955988,73
36.408,-0.0013085250725955986,73
36.41,-0.0015408934725955985,73
36.412,-0.001773261872595598,73
36.414,-0.0011511766725955976,73
36.416,-0.0009704147725955981,73
36.418,-0.0014032680725955989,73
36.42,-0.0018361213725956,73
36.422,-0.0016957855725955994,73
36.424,-0.001555449772595599,73
36.426,-0.0014151139725955986,73
36.428,-0.0012747781725955983,73
36.43,-0.0011184885225955987,73
36.432,-0.0009621988725955992,73
36.434,-0.0015293379725955982,73
36.436,-0.0015110185725955984,73
36.438,-0.0014926991725955987,73
36.44,-0.0014743797725955989,73
36.442,-0.0014560603725955992,73
36.444,-0.0014377409725955992,73
36.446,-0.0009948688725955977,73
36.448,-0.0009804940725955983,73
36.45,-0.001273785972595597,73
36.452,-0.0012202918725955974,73
36.454,-0.0011667977725955975,73
36.456,-0.0011133036725955977,73
36.458,-0.0010598095725955976,73
36.46,-0.001007779572595598,73
36.462,-0.0009557495725955982,73
36.464,-0.001126192592595598,73
36.466,-0.001296635612595598,73
36.468,-0.001467078632595598,73
36.47,-0.0016375216525955979,73
36.472,-0.0018079646725955975,73
36.474,-0.001187803372595598,73
36.476,-0.000969628272595599,73
36.478,-0.0013838294225955979,73
36.48,-0.0017980305725955967,73
36.482,-0.0018519239725955968,73
36.484,-0.001905817372595598,73
36.486,-0.0019597107725955985,73
36.488,-0.0013247995725955974,73
36.49,-0.0009712859725955966,73
36.492,-0.0009518533725955992,73
36.494,-0.0014737384725955983,73
36.496,-0.0014677247725955979,73
36.498,-0.0014617110725955972,73
36.5,-0.0013075812725955975,74
36.502,-0.0011534514725955979,74
36.504,-0.0009993216725955982,74
36.506,-0.0009808086725956004,74
36.508,-0.0012508080725955988,74
36.51,-0.0013505090475955986,74
36.512,-0.0014502100225955983,74
36.514,-0.0015499109975955984,74
36.516,-0.0016496119725955983,74
36.518,-0.001078830772595598,74
36.52,-0.0009686844725956008,74
36.522,-0.0011830117725956002,74
36.524,-0.0013973390725955995,74
36.526,-0.0016116663725955992,74
36.528,-0.0018259936725955987,74
36.53,-0.0011728598725956,74
36.532,-0.0009496390725955984,74
36.534,-0.0009738511725955987,74
36.536,-0.0013740707725955984,74
36.538,-0.001774290372595598,74
36.54,-0.0018462611725955985,74
36.542,-0.0019182319725955983,74
36.544,-0.0019902027725955986,74
36.546,-0.0009723749725955992,74
36.548,-0.0009678132725956002,74
36.55,-0.0012211025725955991,74
36.552,-0.0014743918725955985,74
36.554,-0.0014780218725955984,74
36.556,-0.001481651872595598,74
36.558,-0.001485281872595598,74
36.56,-0.001252980022595598,74
36.562,-0.001020678172595598,74
36.564,-0.0012061953725955967,74
36.566,-0.0011827310525955972,74
36.568,-0.0011592667325955978,74
36.57,-0.0011358024125955983,74
36.572,-0.0011123380925955988,74
36.574,-0.0010888737725955992,74
36.576,-0.0010253971725955983,74
36.578,-0.0009619205725955975,74
36.58,-0.0010280107725956014,74
36.582,-0.0010715465725956003,74
36.584,-0.0011150823725955992,74
36.586,-0.001158618172595598,74
36.588,-0.001202153972595597,74
36.59,-0.0010932297725955989,74
36.592,-0.0009843055725956007,74
36.594,-0.0009773238725955986,74
36.596,-0.0017478760725955984,74
36.598,-0.0018584337725955984,74
36.6,-0.0019689914725955974,74
36.602,-0.0013444862725955995,74
36.604,-0.0011675661225955996,74
36.606,-0.0009906459725955996,74
36.608,-0.0009715763725955984,74
36.61,-0.001437946672595598,74
36.612,-0.0014548443225955983,74
36.614,-0.001471741972595599,74
36.616,-0.0014886396225955996,74
36.618,-0.0015055372725956,74
36.62,-0.0010230376725955982,74
36.622,-0.000971527972595601,74
36.624,-0.0011199683525956003,74
36.626,-0.0012684087325956002,74
36.628,-0.0014168491125955997,74
36.63,-0.0015652894925955992,74
36.632,-0.0017137298725955988,74
36.634,-0.001115820472595598,74
36.636,-0.0009732945725955987,74
36.638,-0.0010331532725955971,74
36.64,-0.0012384902725955976,74
36.642,-0.001443827272595598,74
36.644,-0.0016491642725955983,74
36.646,-0.0018545012725955984,74
36.648,-0.001211470972595597,74
36.65,-0.0009579396725955986,74
36.652,-0.0017099546725955986,74
36.654,-0.001779396572595599,74
36.656,-0.0018488384725955992,74
36.658,-0.0019182803725955996,74
36.66,-0.0019877222725956,74
36.662,-0.0013372867725955986,74
36.664,-0.0009442424725955993,74
36.666,-0.0009458880725955984,74
36.668,-0.0010559012725955984,74
36.67,-0.0011659144725955986,74
36.672,-0.0012759276725955986,74
36.674,-0.0013859408725955986,74
36.676,-0.0014959540725955987,74
36.678,-0.0009970468725955996,74
36.68,-0.0009428267725955994,74
36.682,-0.0011643293725955989,74
36.684,-0.0011478431225955988,74
36.686,-0.001131356872595599,74
36.688,-0.0011148706225955992,74
36.69,-0.0010983843725955991,74
36.692,-0.0010299830725955996,74
36.694,-0.0009615817725956,74
36.696,-0.0014003096225955987,74
36.698,-0.001839037472595598,74
36.7,-0.0015327138725955989,74
36.702,-0.0012263902725955997,74
36.704,-0.0010976039225955988,74
36.706,-0.0009688175725955981,74
36.708,-0.0009619689725955975,74
36.71,-0.000955120372595597,74
36.712,-0.0010590139975955974,74
36.714,-0.0011629076225955978,74
36.716,-0.0012668012475955982,74
36.718,-0.0013706948725955986,74
36.72,-0.0009678737725955981,74
36.722,-0.0009481386725955984,74
36.724,-0.001044722889262265,74
36.726,-0.0011413071059289317,74
36.728,-0.0012378913225955983,74
36.73,-0.0013344755392622647,74
36.732,-0.0014310597559289316,74
36.734,-0.0015276439725955982,74
36.736,-0.0010208354725955993,74
36.738,-0.0011352893725955979,74
36.74,-0.0012777214975955979,74
36.742,-0.0014201536225955979,74
36.744,-0.0015625857475955979,74
36.746,-0.0017050178725955979,74
36.748,-0.0009686118725955976,74
36.75,-0.0009968290725955971,74
36.752,-0.0011437795392622643,74
36.754,-0.0012907300059289313,74
36.756,-0.0014376804725955983,74
36.758,-0.0015846309392622653,74
36.76,-0.0017315814059289322,74
36.762,-0.0018785318725955992,74
36.764,-0.0012450000725955992,74
36.766,-0.0009708382725955969,74
36.768,-0.0016260653725955997,74
36.77,-0.0015785728725955996,74
36.772,-0.0015310803725955995,74
36.774,-0.0014835878725955993,74
36.776,-0.0014360953725955992,74
36.778,-0.0013886028725955991,74
36.78,-0.0009724596725955992,74
36.782,-0.0009630095725955968,74
36.784,-0.0013446435725955987,74
36.786,-0.0014091325392622655,74
36.788,-0.001473621505928932,74
36.79,-0.0015381104725955984,74
36.792,-0.001036166172595599,74
36.794,-0.0010861633725955996,74
36.796,-0.0011361605725956,74
36.798,-0.0011336026325955996,74
36.8,-0.0011310446925955995,74
36.802,-0.001128486752595599,74
36.804,-0.0011259288125955989,74
36.806,-0.0011233708725955985,74
36.808,-0.0009641348725956,74
36.81,-0.0009768398725955993,74
36.812,-0.0009895448725955986,74
36.814,-0.0019069789725955975,74
36.816,-0.0019002675059289315,74
36.818,-0.001893556039262265,74
36.82,-0.001886844572595598,74
36.822,-0.0012703979725955973,74
36.824,-0.0009823937725955984,74
36.826,-0.0009737664725955988,74
36.828,-0.0016072619725956,74
36.83,-0.0015590283475955995,74
36.832,-0.001510794722595599,74
36.834,-0.0014625610975955983,74
36.836,-0.001414327472595598,74
36.838,-0.0009793808725955967,74
36.84,-0.0013163053725956005,74
36.842,-0.0013841712475956003,74
36.844,-0.0014520371225956,74
36.846,-0.0015199029975956,74
36.848,-0.0015877688725955995,74
36.85,-0.0013256949725955983,74
36.852,-0.001063621072595597,74
36.854,-0.000986386772595601,74
36.856,-0.0011175870725955994,74
36.858,-0.0012695207225955987,74
36.86,-0.0014214543725955984,74
36.862,-0.001573388022595598,74
36.864,-0.0017253216725955974,74
36.866,-0.0011442675725955968,74
36.868,-0.0009782676725955967,74
36.87,-0.001883129872595601,74
36.872,-0.0018910644475956004,74
36.874,-0.0018989990225956,74
36.876,-0.0019069335975956,74
36.878,-0.0019148681725955996,74
36.88,-0.001280598272595598,74
36.882,-0.0009839062725955968,74
36.884,-0.000981958172595599,74
36.886,-0.0015849374725955996,74
36.888,-0.0015463656975955994,74
36.89,-0.0015077939225955992,74
36.892,-0.001469222147595599,74
36.894,-0.0014306503725955988,74
36.896,-0.0009915655725955992,74
36.898,-0.0013000308725956004,74
36.9,-0.0013557562125956,74
36.902,-0.0014114815525955995,74
36.904,-0.0014672068925955992,74
36.906,-0.0015229322325955989,74
36.908,-0.0015786575725955983,74
36.91,-0.0010554777725955995,74
36.912,-0.0009712254725956008,74
36.914,-0.0010951173725955998,74
36.916,-0.0012689187475955995,74
36.918,-0.0014427201225955992,74
36.92,-0.0016165214975955987,74
36.922,-0.0017903228725955986,74
36.924,-0.0011557141725955997,74
36.926,-0.0009574798725955971,74
36.928,-0.0009740084725955965,74
36.93,-0.0018329632725956003,74
36.932,-0.0018644313392622664,74
36.934,-0.001895899405928932,74
36.936,-0.0019273674725955971,74
36.938,-0.0012719346725955996,74
36.94,-0.0009547815725955976,74
36.942,-0.0015310682725955989,74
36.944,-0.0015131772125955988,74
36.946,-0.001495286152595599,74
36.948,-0.0014773950925955994,74
36.95,-0.0014595040325955995,74
36.952,-0.0014416129725955996,74
36.954,-0.0010026975725955962,74
36.956,-0.0012368688725955983,74
36.958,-0.0013141055925955983,74
36.96,-0.0013913423125955983,74
36.962,-0.001468579032595598,74
36.964,-0.001545815752595598,74
36.966,-0.001623052472595598,74
36.968,-0.0010771609725955984,74
36.97,-0.0009932353725955988,74
36.972,-0.0011096494725955988,74
36.974,-0.0012816812225955989,74
36.976,-0.0014537129725955987,74
36.978,-0.0016257447225955987,74
36.98,-0.001797776472595599,74
36.982,-0.0011716377725956,74
36.984,-0.0009700154725955992,74
36.986,-0.0009905854725955968,74
36.988,-0.0018185884725955993,74
36.99,-0.0018598817392622656,74
36.992,-0.001901175005928932,74
36.994,-0.001942468272595598,74
36.996,-0.0013159302725956005,74
36.998,-0.0009807360725956008,74
37.0,-0.0015095907725956002,75
37.002,-0.0014977158325955998,75
37.004,-0.0014858408925955996,75
37.006,-0.0014739659525955992,75
37.008,-0.001462091012595599,75
37.01,-0.0014502160725955986,75
37.012,-0.0010050933725956003,75
37.014,-0.0009697855725955968,75
37.016,-0.0012310850725955995,75
37.018,-0.0013692227059289323,75
37.02,-0.0015073603392622655,75
37.022,-0.0016454979725955988,75
37.024,-0.0013627270225955983,75
37.026,-0.001079956072595598,75
37.028,-0.0010723088725955975,75
37.03,-0.0012218600325955976,75
37.032,-0.001371411192595598,75
37.034,-0.001520962352595598,75
37.036,-0.0016705135125955983,75
37.038,-0.0018200646725955987,75
37.04,-0.0011683465725955983,75
37.042,-0.0009592948725955976,75
37.044,-0.0017938197725955972,75
37.046,-0.0018334775225955972,75
37.048,-0.0018731352725955975,75
37.05,-0.001912793022595598,75
37.052,-0.0019524507725955985,75
37.054,-0.0009791872725956,75
37.056,-0.0009769306225956,75
37.058,-0.0009746739725956002,75
37.06,-0.0014826319725955977,75
37.062,-0.0014781428725955976,75
37.064,-0.0014736537725955979,75
37.066,-0.001469164672595598,75
37.068,-0.001464675572595598,75
37.07,-0.0009997088725955967,75
37.072,-0.0012221915725955969,75
37.074,-0.0013075352925955967,75
37.076,-0.0013928790125955972,75
37.078,-0.0014782227325955972,75
37.08,-0.0015635664525955975,75
37.082,-0.0016489101725955975,75
37.084,-0.0010932176725955976,75
37.086,-0.0009956553725956,75
37.088,-0.0011621005525955998,75
37.09,-0.0013285457325955996,75
37.092,-0.0014949909125955992,75
37.094,-0.001661436092595599,75
37.096,-0.0018278812725955988,75
37.098,-0.0011952690725955985,75
37.1,-0.0009729073725955969,75
37.102,-0.0009590528725955984,75
37.104,-0.0017287217725955992,75
37.106,-0.0018555055725955989,75
37.108,-0.0019822893725955984,75
37.11,-0.0014747669725955984,75
37.112,-0.0009672445725955983,75
37.114,-0.001211616172595598,75
37.116,-0.0014559877725955975,75
37.118,-0.0014645618325955976,75
37.12,-0.001473135892595598,75
37.122,-0.001481709952595598,75
37.124,-0.0014902840125955983,75
37.126,-0.0014988580725955984,75
37.128,-0.0010179798725955967,75
37.13,-0.0009555680725955966,75
37.132,-0.0011996008725955983,75
37.134,-0.0013175698225955986,75
37.136,-0.0014355387725955987,75
37.138,-0.0015535077225955988,75
37.14,-0.0016714766725955989,75
37.142,-0.001101566672595599,75
37.144,-0.0009786911725955978,75
37.146,-0.001982180472595598,75
37.148,-0.001952656472595598,75
37.15,-0.0019231324725955984,75
37.152,-0.0018936084725955985,75
37.154,-0.0018640844725955983,75
37.156,-0.0012204491725955975,75
37.158,-0.0009711770725955981,75
37.16,-0.0009655626725956003,75
37.162,-0.0017190296725955992,75
37.164,-0.0016329351475955988,75
37.166,-0.001546840622595598,75
37.168,-0.0014607460975955976,75
37.17,-0.0013746515725955968,75
37.172,-0.0009853703725955997,75
37.174,-0.0009727016725955968,75
37.176,-0.0014211518725955972,75
37.178,-0.0014504621059289308,75
37.18,-0.001479772339262264,75
37.182,-0.0015090825725955978,75
37.184,-0.0012448972225955982,75
37.186,-0.0009807118725955986,75
37.188,-0.001084723472595597,75
37.19,-0.001188735072595596,75
37.192,-0.0013128659475955965,75
37.194,-0.0014369968225955967,75
37.196,-0.0015611276975955974,75
37.198,-0.001685258572595598,75
37.2,-0.0011220035725955993,75
37.202,-0.0009788121725955983,75
37.204,-0.0010494156725955987,75
37.206,-0.001999834372595599,75
37.208,-0.0019600092392622654,75
37.21,-0.001920184105928932,75
37.212,-0.001880358972595598,75
37.214,-0.001229790372595598,75
37.216,-0.0009560157725955981,75
37.218,-0.0009599603725955995,75
37.22,-0.0016659227725955971,75
37.222,-0.0015941304475955971,75
37.224,-0.0015223381225955976,75
37.226,-0.0014505457975955976,75
37.228,-0.001378753472595598,75
37.23,-0.0009787274725955985,75
37.232,-0.0014030744725955988,75
37.234,-0.0014417884225955983,75
37.236,-0.0014805023725955983,75
37.238,-0.001519216322595598,75
37.24,-0.001557930272595598,75
37.242,-0.0013030195725955976,75
37.244,-0.0010481088725955972,75
37.246,-0.0009736212725955997,75
37.248,-0.001133002472595599,75
37.25,-0.0013161037059289324,75
37.252,-0.0014992049392622657,75
37.254,-0.001682306172595599,75
37.256,-0.0013928076225955995,75
37.258,-0.0011033090725956,75
37.26,-0.0009573467725956,75
37.262,-0.0019203010725955987,75
37.264,-0.0019111837225955987,75
37.266,-0.0019020663725955985,75
37.268,-0.0018929490225955985,75
37.27,-0.001883831672595598,75
37.272,-0.0009681641725955998,75
37.274,-0.0009781587725955984,75
37.276,-0.001659763872595598,75
37.278,-0.001592636097595598,75
37.28,-0.0015255083225955979,75
37.282,-0.0014583805475955976,75
37.284,-0.0013912527725955977,75
37.286,-0.0009948325725955987,75
37.288,-0.000981849272595595,75
37.29,-0.0013747725725955975,75
37.292,-0.001423175597595598,75
37.294,-0.0014715786225955986,75
37.296,-0.0015199816475955992,75
37.298,-0.0015683846725955996,75
37.3,-0.0010515331725955996,75
37.302,-0.0011671849725955995,75
37.304,-0.0013623741059289325,75
37.306,-0.0015575632392622653,75
37.308,-0.0017527523725955983,75
37.31,-0.0011429002725955976,75
37.312,-0.0010627438225955972,75
37.314,-0.0009825873725955968,75
37.316,-0.0009958792225955965,75
37.318,-0.0010091710725955959,75
37.32,-0.0019120488725955975,75
37.322,-0.0019053414392622644,75
37.324,-0.0018986340059289316,75
37.326,-0.001891926572595598,75
37.328,-0.001244092572595598,75
37.33,-0.0009710076725955984,75
37.332,-0.0009744440725955978,75
37.334,-0.0015990460725955975,75
37.336,-0.0015471068225955983,75
37.338,-0.0014951675725955987,75
37.34,-0.0014432283225955995,75
37.342,-0.0013912890725956,75
37.344,-0.0009760896725955968,75
37.346,-0.0009704026725955993,75
37.348,-0.0009833157925955994,75
37.35,-0.0009962289125955994,75
37.352,-0.0010091420325955996,75
37.354,-0.0010220551525955996,75
37.356,-0.0010349682725955996,75
37.358,-0.0009967625225955987,75
37.36,-0.0009585567725955981,75
37.362,-0.0011189543725955986,75
37.364,-0.0012829910475955983,75
37.366,-0.001447027722595598,75
37.368,-0.0016110643975955977,75
37.37,-0.0017751010725955971,75
37.372,-0.0011693992725955967,75
37.374,-0.0009960304725955983,75
37.376,-0.0010210653725955983,75
37.378,-0.0019032642725955989,75
37.38,-0.0019074690225955983,75
37.382,-0.0019116737725955975,75
37.384,-0.0012791341725955988,75
37.386,-0.0009775416725955974,75
37.388,-0.0009593190725955998,75
37.39,-0.0012619340225955983,75
37.392,-0.0015645489725955967,75
37.394,-0.0015317186475955974,75
37.396,-0.001498888322595598,75
37.398,-0.0014660579975955988,75
37.4,-0.0014332276725955995,75
37.402,-0.0010101632725955983,75
37.404,-0.0009837005725955965,75
37.406,-0.0013082104725955987,75
37.408,-0.0013807590475955983,75
37.41,-0.0014533076225955984,75
37.412,-0.0015258561975955982,75
37.414,-0.001598404772595598,75
37.416,-0.0009952318725955991,75
37.418,-0.0010524043725955983,75
37.42,-0.0011095768725955975,75
37.422,-0.0012820563225955975,75
37.424,-0.0014545357725955976,75
37.426,-0.0016270152225955977,75
37.428,-0.0017994946725955975,75
37.43,-0.0011715167725955995,75
37.432,-0.0009954254725955992,75
37.434,-0.0010224205725955988,75
37.436,-0.001883420272595599,75
37.438,-0.0019162657225955991,75
37.44,-0.0019491111725955992,75
37.442,-0.0016263436725955987,75
37.444,-0.0013035761725955983,75
37.446,-0.0009757750725955997,75
37.448,-0.0009895206725955982,75
37.45,-0.0015824448725956005,75
37.452,-0.0015434264059289331,75
37.454,-0.001504407939262266,75
37.456,-0.001465389472595599,75
37.458,-0.0010071382725956,75
37.46,-0.000998801372595599,75
37.462,-0.000990464472595598,75
37.464,-0.0013008052725955975,75
37.466,-0.0013797335725955978,75
37.468,-0.001458661872595598,75
37.47,-0.0015375901725955983,75
37.472,-0.0016165184725955989,75
37.474,-0.0010691386725955995,75
37.476,-0.0009865682725955956,75
37.478,-0.0010891520725955992,75
37.48,-0.0011119212475955986,75
37.482,-0.001134690422595598,75
37.484,-0.0011574595975955976,75
37.486,-0.001180228772595597,75
37.488,-0.0009896053725955997,75
37.49,-0.0010018626725956,75
37.492,-0.0018513552725955996,75
37.494,-0.0018717588975955993,75
37.496,-0.0018921625225955987,75
37.498,-0.0019125661475955984,75
37.5,-0.0019329697725955985,76
37.502,-0.0012990144725955992,76
37.504,-0.0009778320725955991,76
37.506,-0.0010018626725955965,76
37.508,-0.001560059872595599,76
37.51,-0.001536815772595599,76
37.512,-0.001513571672595599,76
37.514,-0.001490327572595599,76
37.516,-0.001467083472595599,76
37.518,-0.0010251188725955984,76
37.52,-0.0009822364725955988,76
37.522,-0.0011465605225955992,76
37.524,-0.0013108845725955994,76
37.526,-0.0014752086225955996,76
37.528,-0.0016395326725955998,76
37.53,-0.0010921649725955974,76
37.532,-0.0010400502725955987,76
37.534,-0.0009879355725956,76
37.536,-0.001074886172595598,76
37.538,-0.001324444639262265,76
37.54,-0.001574003105928932,76
37.542,-0.0018235615725955988,76
37.544,-0.0015087619225955997,76
37.546,-0.0011939622725956004,76
37.548,-0.0009960062725955978,76
37.55,-0.0009893633725955968,76
37.552,-0.0018103846725955987,76
37.554,-0.0018645442725955988,76
37.556,-0.0019187038725955983,76
37.558,-0.001972863472595598,76
37.56,-0.0013261789725955984,76
37.562,-0.0009805303725956005,76
37.564,-0.0009735244725955981,76
37.566,-0.0014882342725955986,76
37.568,-0.0014839175975955984,76
37.57,-0.001479600922595598,76
37.572,-0.001475284247595598,76
37.574,-0.0014709675725955976,76
37.576,-0.0010117483725955983,76
37.578,-0.0009835916725955997,76
37.58,-0.001253820972595597,76
37.582,-0.0013543719725955974,76
37.584,-0.0014549229725955976,76
37.586,-0.001555473972595598,76
37.588,-0.0016560249725955983,76
37.59,-0.0010922133725955983,76
37.592,-0.000981099072595597,76
37.594,-0.0011897968475955971,76
37.596,-0.0013984946225955976,76
37.598,-0.0016071923975955978,76
37.6,-0.001815890172595598,76
37.602,-0.0015055312225955983,76
37.604,-0.0011951722725955984,76
37.606,-0.000965272272595597,76
37.608,-0.0009737543725955969,76
37.61,-0.0017505743725955995,76
37.612,-0.0018213755059289327,76
37.614,-0.0018921766392622664,76
37.616,-0.0019629777725956,76
37.618,-0.001315603572595598,76
37.62,-0.0009560520725955968,76
37.622,-0.0009723870725955977,76
37.624,-0.0014634171725956008,76
37.626,-0.0014678185475956,76
37.628,-0.0014722199225955992,76
37.63,-0.0014766212975955983,76
37.632,-0.0014810226725955975,76
37.634,-0.0010226867725956004,76
37.636,-0.0009842450725955978,76
37.638,-0.0012059412725955974,76
37.64,-0.0013547753059289312,76
37.642,-0.0015036093392622647,76
37.644,-0.0016524433725955984,76
37.646,-0.0013679239725955987,76
37.648,-0.001083404572595599,76
37.65,-0.0009610856725955993,76
37.652,-0.0010261110725955959,76
37.654,-0.001073346447595596,76
37.656,-0.0011205818225955965,76
37.658,-0.0011678171975955968,76
37.66,-0.0012150525725955971,76
37.662,-0.001100332472595598,76
37.664,-0.0009856123725955988,76
37.666,-0.000976404272595599,76
37.668,-0.001728467672595598,76
37.67,-0.0018574597225955985,76
37.672,-0.001986451772595599,76
37.674,-0.001358897372595598,76
37.676,-0.0011755097725955977,76
37.678,-0.0009921221725955971,76
37.68,-0.0009574919725955992,76
37.682,-0.0014301300725955979,76
37.684,-0.0014572300392622648,76
37.686,-0.0014843300059289323,76
37.688,-0.0015114299725955994,76
37.69,-0.0012708638225955998,76
37.692,-0.0010302976725956002,76
37.694,-0.0009901377725955972,76
37.696,-0.0012056387725956003,76
37.698,-0.0013330245475955999,76
37.7,-0.0014604103225955992,76
37.702,-0.0015877960975955983,76
37.704,-0.0017151818725955979,76
37.706,-0.0011130132725956,76
37.708,-0.0009854308725955972,76
37.71,-0.0010487138725955997,76
37.712,-0.0013201047725955992,76
37.714,-0.001591495672595599,76
37.716,-0.0018628865725955988,76
37.718,-0.0012208484725955999,76
37.72,-0.0009591496725956,76
37.722,-0.0009727258725955971,76
37.724,-0.0017040256725955986,76
37.726,-0.0015886723392622652,76
37.728,-0.0014733190059289317,76
37.73,-0.001357965672595598,76
37.732,-0.0009776384725955975,76
37.734,-0.0009759323725955972,76
37.736,-0.0009742262725955969,76
37.738,-0.0013967945725955992,76
37.74,-0.0014281033225955991,76
37.742,-0.001459412072595599,76
37.744,-0.001490720822595599,76
37.746,-0.0015220295725955988,76
37.748,-0.0010490768725955994,76
37.75,-0.0010047787725955964,76
37.752,-0.001180749072595598,76
37.754,-0.001315842547595598,76
37.756,-0.001450936022595598,76
37.758,-0.001586029497595598,76
37.76,-0.001721122972595598,76
37.762,-0.0011470747725956,76
37.764,-0.0010214162725955996,76
37.766,-0.0019557540725956,76
37.768,-0.0019353927975955996,76
37.77,-0.0019150315225955987,76
37.772,-0.0018946702475955983,76
37.774,-0.0018743089725955977,76
37.776,-0.0012510863725955987,76
37.778,-0.0009886010725955983,76
37.78,-0.0009709834725955961,76
37.782,-0.001668415372595598,76
37.784,-0.001601904697595598,76
37.786,-0.001535394022595598,76
37.788,-0.001468883347595598,76
37.79,-0.001402372672595598,76
37.792,-0.000996768572595598,76
37.794,-0.0009861568725955986,76
37.796,-0.0010974744525955983,76
37.798,-0.0012087920325955987,76
37.8,-0.0013201096125955987,76
37.802,-0.0014314271925955988,76
37.804,-0.001542744772595599,76
37.806,-0.0010351255725955988,76
37.808,-0.0009803125725955965,76
37.81,-0.0011699921725955992,76
37.812,-0.0013042386475955992,76
37.814,-0.0014384851225955992,76
37.816,-0.0015727315975955993,76
37.818,-0.0017069780725955993,76
37.82,-0.0011270492725955986,76
37.822,-0.0009893391725955998,76
37.824,-0.0010090984725956015,76
37.826,-0.0019210391725955984,76
37.828,-0.001908447105928932,76
37.83,-0.0018958550392622648,76
37.832,-0.0018832629725955975,76
37.834,-0.0009646430725955971,76
37.836,-0.000981486272595599,76
37.838,-0.0010554576059289323,76
37.84,-0.0011294289392622659,76
37.842,-0.0012034002725955992,76
37.844,-0.0012773716059289325,76
37.846,-0.0013513429392622656,76
37.848,-0.001425314272595599,76
37.85,-0.0010096913725955968,76
37.852,-0.0009890971725955988,76
37.854,-0.0013374319725955978,76
37.856,-0.0013920150725955979,76
37.858,-0.0014465981725955979,76
37.86,-0.0015011812725955979,76
37.862,-0.0015557643725955979,76
37.864,-0.001037860172595599,76
37.866,-0.0009730283725955976,76
37.868,-0.001001528712595598,76
37.87,-0.0010300290525955985,76
37.872,-0.0010585293925955987,76
37.874,-0.0010870297325955992,76
37.876,-0.0011155300725955997,76
37.878,-0.001016660972595597,76
37.88,-0.0013074602725955977,76
37.882,-0.0015982595725955984,76
37.884,-0.0018890588725955987,76
37.886,-0.0015733880225955975,76
37.888,-0.001257717172595596,76
37.89,-0.0011642567725955969,76
37.892,-0.001070796372595598,76
37.894,-0.0009773359725955986,76
37.896,-0.0009690837725955976,76
37.898,-0.0015846107725955988,76
37.9,-0.0015442784475955987,76
37.902,-0.0015039461225955983,76
37.904,-0.0014636137975955984,76
37.906,-0.0014232814725955983,76
37.908,-0.0010263288725956,76
37.91,-0.0010041132725955963,76
37.912,-0.0013284900725955978,76
37.914,-0.0012419347392622643,76
37.916,-0.0011553794059289309,76
37.918,-0.0010688240725955974,76
37.92,-0.001023648722595599,76
37.922,-0.0009784733725956007,76
37.924,-0.0010941372725955972,76
37.926,-0.0012334663525955976,76
37.928,-0.0013727954325955978,76
37.93,-0.001512124512595598,76
37.932,-0.0016514535925955982,76
37.934,-0.0017907826725955985,76
37.936,-0.0011793817725955988,76
37.938,-0.0009775537725955994,76
37.94,-0.0009900530725955971,76
37.942,-0.001867327272595599,76
37.944,-0.0018966012059289325,76
37.946,-0.001925875139262266,76
37.948,-0.0019551490725955994,76
37.95,-0.0009699428725955978,76
37.952,-0.0009655142725955996,76
37.954,-0.0012678267225955985,76
37.956,-0.0015701391725955974,76
37.958,-0.0015383070975955979,76
37.96,-0.0015064750225955983,76
37.962,-0.0014746429475955987,76
37.964,-0.0014428108725955992,76
37.966,-0.0009996483725956008,76
37.968,-0.0009804940725955983,76
37.97,-0.001136550797595598,76
37.972,-0.001292607522595598,76
37.974,-0.0014486642475955982,76
37.976,-0.0016047209725955983,76
37.978,-0.0012935755225955967,76
37.98,-0.0009824300725955956,76
37.982,-0.0011094437725956002,76
37.984,-0.0012758762475955998,76
37.986,-0.0014423087225955995,76
37.988,-0.001608741197595599,76
37.99,-0.0017751736725955987,76
37.992,-0.001382897722595598,76
37.994,-0.0009906217725955974,76
37.996,-0.0009918015225955984,76
37.998,-0.0009929812725955993,76
38.0,-0.001307335239262266,77
38.002,-0.0016216892059289327,77
38.004,-0.0019360431725955996,77
38.006,-0.0013165836725955987,77
38.008,-0.0011456893225955979,77
38.01,-0.0009747949725955971,77
38.012,-0.0009617632725955997,77
38.014,-0.0015212430725956,77
38.016,-0.0014930924225955997,77
38.018,-0.0014649417725955995,77
38.02,-0.0012968445392622663,77
38.022,-0.0011287473059289333,77
38.024,-0.0009606500725956,77
38.026,-0.0011062614725955988,77
38.028,-0.0012518728725955976,77
38.03,-0.0013698882059289316,77
38.032,-0.0014879035392622655,77
38.034,-0.0016059188725955995,77
38.036,-0.0013307104225955988,77
38.038,-0.001055501972595598,77
38.04,-0.0009780498725955999,77
38.042,-0.001044987072595597,77
38.044,-0.0010748680225955971,77
38.046,-0.0011047489725955978,77
38.048,-0.0011346299225955983,77
38.05,-0.0011645108725955988,77
38.052,-0.0009812079725955991,77
38.054,-0.0009967806725956,77
38.056,-0.0018181044725956007,77
38.058,-0.0018480943225956,77
38.06,-0.0018780841725956,77
38.062,-0.0019080740225955993,77
38.064,-0.0019380638725955985,77
38.066,-0.0013028138725955964,77
38.068,-0.0009825994725956003,77
38.07,-0.0014982288725955972,77
38.072,-0.0014934348525955975,77
38.074,-0.0014886408325955982,77
38.076,-0.0014838468125955985,77
38.078,-0.0014790527925955988,77
38.08,-0.0014742587725955995,77
38.082,-0.0010255423725955976,77
38.084,-0.0009840514725956012,77
38.086,-0.0012444071725956005,77
38.088,-0.0013918497059289333,77
38.09,-0.0015392922392622663,77
38.092,-0.001686734772595599,77
38.094,-0.0013994142225955987,77
38.096,-0.0011120936725955988,77
38.098,-0.0009929086725955962,77
38.1,-0.0010888011725955979,77
38.102,-0.0012752228475955982,77
38.104,-0.0014616445225955983,77
38.106,-0.0016480661975955989,77
38.108,-0.0018344878725955992,77
38.11,-0.0011991894725955979,77
38.112,-0.0009836642725955975,77
38.114,-0.0017738547725955987,77
38.116,-0.0018295873725955984,77
38.118,-0.0018853199725955983,77
38.12,-0.0019410525725955985,77
38.122,-0.0019967851725955985,77
38.124,-0.0013493020725955998,77
38.126,-0.0009754362725955984,77
38.128,-0.0014919973725956003,77
38.13,-0.0014936248225956,77
38.132,-0.0014952522725955996,77
38.134,-0.0014968797225955992,77
38.136,-0.0014985071725955989,77
38.138,-0.001257215022595599,77
38.14,-0.001015922872595599,77
38.142,-0.0009717336725955962,77
38.144,-0.0012219374725956009,77
38.146,-0.0013285505725956002,77
38.148,-0.0014351636725955996,77
38.15,-0.0015417767725955987,77
38.152,-0.0016483898725955983,77
38.154,-0.0010985658725955992,77
38.156,-0.0010489679725955992,77
38.158,-0.0012051136325955992,77
38.16,-0.0013612592925955993,77
38.162,-0.0015174049525955992,77
38.164,-0.0016735506125955992,77
38.166,-0.0018296962725955995,77
38.168,-0.0012153913725955964,77
38.17,-0.000991880172595598,77
38.172,-0.0009755572725956008,77
38.174,-0.0017222724725955985,77
38.176,-0.0018060165725955989,77
38.178,-0.001889760672595599,77
38.18,-0.0019735047725955995,77
38.182,-0.001347003072595599,77
38.184,-0.0009936951725955984,77
38.186,-0.0014486067725956,77
38.188,-0.0014619022525955996,77
38.19,-0.0014751977325955991,77
38.192,-0.0014884932125955985,77
38.194,-0.001501788692595598,77
38.196,-0.0015150841725955974,77
38.198,-0.0010293296725955995,77
38.2,-0.0009701727725956005,77
38.202,-0.0011522172725956003,77
38.204,-0.0013342617725956,77
38.206,-0.0015163062725956,77
38.208,-0.0016983507725955999,77
38.21,-0.0013973148725956,77
38.212,-0.0010962789725956004,77
38.214,-0.0009682004725955987,77
38.216,-0.0010281922725955996,77
38.218,-0.001980292872595598,77
38.22,-0.001937801705928932,77
38.222,-0.0018953105392622647,77
38.224,-0.0018528193725955988,77
38.226,-0.0012047070725955972,77
38.228,-0.0009719030725955978,77
38.23,-0.0009734639725955986,77
38.232,-0.0016922765725955972,77
38.234,-0.0017906213392622644,77
38.236,-0.001888966105928932,77
38.238,-0.001987310872595599,77
38.24,-0.0013571912725955976,77
38.242,-0.0009808812725955966,77
38.244,-0.000980252072595597,77
38.246,-0.0014044659725955984,77
38.248,-0.0014395136225955982,77
38.25,-0.001474561272595598,77
38.252,-0.001509608922595598,77
38.254,-0.0015446565725955978,77
38.256,-0.0010534691725955989,77
38.258,-0.0009836884725956015,77
38.26,-0.0011786315725955988,77
38.262,-0.0013130897975955989,77
38.264,-0.001447548022595599,77
38.266,-0.0015820062475955987,77
38.268,-0.0017164644725955987,77
38.27,-0.0011497730725955977,77
38.272,-0.0010191293725955973,77
38.274,-0.0011941413525955972,77
38.276,-0.0013691533325955977,77
38.278,-0.0015441653125955975,77
38.28,-0.001719177292595598,77
38.282,-0.001894189272595598,77
38.284,-0.0012597378725956003,77
38.286,-0.000995546472595596,77
38.288,-0.000983192372595601,77
38.29,-0.0016670117725955998,77
38.292,-0.001593144297595599,77
38.294,-0.0015192768225955984,77
38.296,-0.0014454093475955976,77
38.298,-0.001371541872595597,77
38.3,-0.0009814983725955975,77
38.302,-0.0009706083725955981,77
38.304,-0.0013623095725955967,77
38.306,-0.0014076089475955971,77
38.308,-0.001452908322595598,77
38.31,-0.0014982076975955984,77
38.312,-0.0015435070725955992,77
38.314,-0.0010459308725955987,77
38.316,-0.0009807965725955985,77
38.318,-0.0011310906725955983,77
38.32,-0.0011271006975955987,77
38.322,-0.0011231107225955989,77
38.324,-0.001119120747595599,77
38.326,-0.0011151307725955992,77
38.328,-0.001043365672595599,77
38.33,-0.0009716005725955987,77
38.332,-0.0009986077725956007,77
38.334,-0.0012225394475956003,77
38.336,-0.0014464711225955999,77
38.338,-0.0016704027975955995,77
38.34,-0.0018943344725955993,77
38.342,-0.0012507717725955998,77
38.344,-0.0009711649725955978,77
38.346,-0.0009648971725956003,77
38.348,-0.0016315466725955966,77
38.35,-0.0015745375225955974,77
38.352,-0.0015175283725955982,77
38.354,-0.001460519222595599,77
38.356,-0.0014035100725955998,77
38.358,-0.000986471472595597,77
38.36,-0.0009758234725955987,77
38.362,-0.0009872579725955987,77
38.364,-0.0009986924725955994,77
38.366,-0.0010101269725955992,77
38.368,-0.0010215614725955994,77
38.37,-0.0010329959725955996,77
38.372,-0.0010039136225955987,77
38.374,-0.0009748312725955978,77
38.376,-0.0011247260725955992,77
38.378,-0.0012792733225955991,77
38.38,-0.0014338205725955991,77
38.382,-0.001588367822595599,77
38.384,-0.001742915072595599,77
38.386,-0.0011344907725955988,77
38.388,-0.0009950987725955984,77
38.39,-0.001028555272595599,77
38.392,-0.0018985573725955988,77
38.394,-0.0018996947725955988,77
38.396,-0.0019008321725955991,77
38.398,-0.0019019695725955993,77
38.4,-0.0012825584725955977,77
38.402,-0.0009640985725955993,77
38.404,-0.0015550020725955975,77
38.406,-0.0015241543325955976,77
38.408,-0.0014933065925955978,77
38.41,-0.0014624588525955977,77
38.412,-0.0014316111125955975,77
38.414,-0.0014007633725955976,77
38.416,-0.0009859995725955987,77
38.418,-0.0009515145725955965,77
38.42,-0.0010778119525955967,77
38.422,-0.0012041093325955974,77
38.424,-0.0013304067125955977,77
38.426,-0.001456704092595598,77
38.428,-0.0015830014725955986,77
38.43,-0.0010593739725955967,77
38.432,-0.000969192672595598,77
38.434,-0.0010860544725955976,77
38.436,-0.001307149705928931,77
38.438,-0.0015282449392622643,77
38.44,-0.0017493401725955978,77
38.442,-0.001440778072595599,77
38.444,-0.0011322159725956,77
38.446,-0.0009728710725955965,77
38.448,-0.001413910022595598,77
38.45,-0.0018549489725956,77
38.452,-0.0018775114392622664,77
38.454,-0.0019000739059289323,77
38.456,-0.0019226363725955984,77
38.458,-0.0009509216725955976,77
38.46,-0.0015346619725955975,77
38.462,-0.001513390172595598,77
38.464,-0.0014921183725955984,77
38.466,-0.001470846572595599,77
38.468,-0.0014495747725955996,77
38.47,-0.0014283029725956,77
38.472,-0.0014070311725956003,77
38.474,-0.000960722672595598,77
38.476,-0.001064794772595598,77
38.478,-0.001168866872595598,77
38.48,-0.001272938972595598,77
38.482,-0.001377011072595598,77
38.484,-0.001481083172595598,77
38.486,-0.0015851552725955984,77
38.488,-0.0010432688725956,77
38.49,-0.0009692410725955987,77
38.492,-0.0011700617475955987,77
38.494,-0.0013708824225955986,77
38.496,-0.0015717030975955983,77
38.498,-0.0017725237725955984,77
38.5,-0.0014673496725955979,78
38.502,-0.0011621755725955971,78
38.504,-0.0009641106725955997,78
38.506,-0.0009684182725955976,78
38.508,-0.0012050458725955978,78
38.51,-0.001441673472595598,78
38.512,-0.0016783010725955985,78
38.514,-0.0019149286725955988,78
38.516,-0.0012834296725955999,78
38.518,-0.0009504860725955984,78
38.52,-0.0009491429725956013,78
38.522,-0.0009610856725956008,78
38.524,-0.0009730283725956,78
38.526,-0.0009849710725955997,78
38.528,-0.0009969137725955987,78
38.53,-0.0009646430725956008,78
38.532,-0.001063943739262266,78
38.534,-0.0011632444059289312,78
38.536,-0.0012625450725955963,78
38.538,-0.0013516555225955972,78
38.54,-0.001440765972595598,78
38.542,-0.0015298764225955984,78
38.544,-0.0016189868725955993,78
38.546,-0.001065617572595599,78
38.548,-0.0009853098725955967,78
38.55,-0.0010729380725955986,78
38.552,-0.0012535275475955984,78
38.554,-0.0014341170225955983,78
38.556,-0.0016147064975955984,78
38.558,-0.0017952959725955984,78
38.56,-0.0009710802725955997,78
38.562,-0.0009802762725955975,78
38.564,-0.0017863903725955973,78
38.566,-0.0016638597225955977,78
38.568,-0.001541329072595598,78
38.57,-0.0014187984225955985,78
38.572,-0.0012962677725955989,78
38.574,-0.0011334320225955992,78
38.576,-0.0009705962725955996,78
38.578,-0.0009559068725955991,78
38.58,-0.0014791834725956,78
38.582,-0.0014785209975955995,78
38.584,-0.001477858522595599,78
38.586,-0.0014771960475955983,78
38.588,-0.001476533572595598,78
38.59,-0.0010161043725955988,78
38.592,-0.0009761501725955997,78
38.594,-0.0012297782725955997,78
38.596,-0.001368549139262266,78
38.598,-0.0015073200059289328,78
38.6,-0.0016460908725955993,78
38.602,-0.0010732526725955992,78
38.604,-0.001018796622595598,78
38.606,-0.0009643405725955968,78
38.608,-0.0011291595125955973,78
38.61,-0.0012939784525955976,78
38.612,-0.001458797392595598,78
38.614,-0.0016236163325955982,78
38.616,-0.0017884352725955983,78
38.618,-0.0011670276725955983,78
38.62,-0.0009562819725955976,78
38.622,-0.0009599119725955986,78
38.624,-0.0017524014725955987,78
38.626,-0.0018148374725955989,78
38.628,-0.0018772734725955992,78
38.63,-0.0019397094725955996,78
38.632,-0.001293968772595598,78
38.634,-0.0009596336725956003,78
38.636,-0.0014530232725955983,78
38.638,-0.0013648771925955983,78
38.64,-0.0012767311125955988,78
38.642,-0.0011885850325955992,78
38.644,-0.0011004389525955994,78
38.646,-0.0010122928725955996,78
38.648,-0.0009728710725955998,78
38.65,-0.0012124752725956,78
38.652,-0.0012971510725955995,78
38.654,-0.0013818268725955991,78
38.656,-0.0014665026725955987,78
38.658,-0.0015511784725955984,78
38.66,-0.001635854272595598,78
38.662,-0.0010899869725955987,78
38.664,-0.0010216945725955995,78
38.666,-0.0015070255725955987,78
38.668,-0.0019923565725955984,78
38.67,-0.001932211505928932,78
38.672,-0.0018720664392622656,78
38.674,-0.0018119213725955995,78
38.676,-0.0009466987725955996,78
38.678,-0.0009401284725956,78
38.68,-0.0017127255725955977,78
38.682,-0.0017960179392622643,78
38.684,-0.0018793103059289312,78
38.686,-0.001962602672595598,78
38.688,-0.0016383892225955978,78
38.69,-0.0013141757725955976,78
38.692,-0.0009481265725956,78
38.694,-0.0009414957725955992,78
38.696,-0.0013954272725955983,78
38.698,-0.0014098928225955982,78
38.7,-0.001424358372595598,78
38.702,-0.001438823922595598,78
38.704,-0.001453289472595598,78
38.706,-0.0009780256725955994,78
38.708,-0.0009516113725955982,78
38.71,-0.0011615584725956016,78
38.712,-0.0012797028725956008,78
38.714,-0.0013978472725956004,78
38.716,-0.0015159916725955998,78
38.718,-0.0016341360725955992,78
38.72,-0.0010679649725955972,78
38.722,-0.0009941186725955994,78
38.724,-0.0014678639225955987,78
38.726,-0.0019416091725955975,78
38.728,-0.0018819319725955983,78
38.73,-0.0018222547725955992,78
38.732,-0.0015094395225955992,78
38.734,-0.0011966242725955992,78
38.736,-0.0009404188725955984,78
38.738,-0.0009370671725956008,78
38.74,-0.0016500596725955996,78
38.742,-0.0017578868059289325,78
38.744,-0.0018657139392622652,78
38.746,-0.0019735410725955985,78
38.748,-0.0013383515725955974,78
38.75,-0.0009448111725955978,78
38.752,-0.0013877558725955974,78
38.754,-0.0014082895725955975,78
38.756,-0.001428823272595598,78
38.758,-0.0014493569725955984,78
38.76,-0.0014698906725955987,78
38.762,-0.001490424372595599,78
38.764,-0.0010289303725955993,78
38.766,-0.0009823695725955962,78
38.768,-0.0011363662725955986,78
38.77,-0.0012773433725955983,78
38.772,-0.001418320472595598,78
38.774,-0.0015592975725955975,78
38.776,-0.0017002746725955972,78
38.778,-0.0011048215725955983,78
38.78,-0.0009809417725955994,78
38.782,-0.0010528399725955977,78
38.784,-0.0013205807059289308,78
38.786,-0.0015883214392622643,78
38.788,-0.0018560621725955977,78
38.79,-0.0015792202225955983,78
38.792,-0.0013023782725955987,78
38.794,-0.001076676972595598,78
38.796,-0.001055586672595598,78
38.798,-0.0017540228725956009,78
38.8,-0.0017195166975956,78
38.802,-0.0016850105225955994,78
38.804,-0.0016505043475955987,78
38.806,-0.001615998172595598,78
38.808,-0.0011796963725955976,78
38.81,-0.0011431301725955967,78
38.812,-0.0016038376725955976,78
38.814,-0.0017358849725955978,78
38.816,-0.001867932272595598,78
38.818,-0.0019999795725955984,78
38.82,-0.0015112605725955996,78
38.822,-0.0014380192725955976,78
38.824,-0.0016074676725955984,78
38.826,-0.0016056748559289315,78
38.828,-0.0016038820392622651,78
38.83,-0.0016020892225955983,78
38.832,-0.0016002964059289315,78
38.834,-0.0015985035892622649,78
38.836,-0.001596710772595598,78
38.838,-0.0014169773725956,78
38.84,-0.0014215148725955987,78
38.842,-0.001449439252595598,78
38.844,-0.0014773636325955976,78
38.846,-0.0015052880125955971,78
38.848,-0.0015332123925955968,78
38.85,-0.0015611367725955963,78
38.852,-0.0012575598725956,78
38.854,-0.0012555754725955964,78
38.856,-0.0019301867725955992,78
38.858,-0.0018486357975955995,78
38.86,-0.0017670848225955996,78
38.862,-0.0016855338475956,78
38.864,-0.0016039828725956003,78
38.866,-0.001149458472595597,78
38.868,-0.0011137150725955974,78
38.87,-0.0014618078725955987,78
38.872,-0.0015005702225955988,78
38.874,-0.0015393325725955983,78
38.876,-0.0015780949225955984,78
38.878,-0.001616857272595598,78
38.88,-0.0011027040725955992,78
38.882,-0.001025844872595598,78
38.884,-0.0011471473725955979,78
38.886,-0.0013325234059289315,78
38.888,-0.001517899439262265,78
38.89,-0.0017032754725955987,78
38.892,-0.0011013851725955991,78
38.894,-0.0009306541725955969,78
38.896,-0.0009324873225955987,78
38.898,-0.0009343204725956003,78
38.9,-0.0012228974059289332,78
38.902,-0.0015114743392622663,78
38.904,-0.0018000512725955993,78
38.906,-0.0014802906225955988,78
38.908,-0.0011605299725955982,78
38.91,-0.000852258272595597,78
38.912,-0.0008396621725955989,78
38.914,-0.0014772837725955995,78
38.916,-0.001609657772595599,78
38.918,-0.0017420317725955984,78
38.92,-0.0018744057725955975,78
38.922,-0.0012611777725955971,78
38.924,-0.0008313736725955971,78
38.926,-0.0008113239725955969,78
38.928,-0.0011586786725956003,78
38.93,-0.0014388017392622666,78
38.932,-0.0017189248059289327,78
38.934,-0.0019990478725955985,78
38.936,-0.0014168805725955982,78
38.938,-0.0008865496725955976,78
38.94,-0.0008018496725955975,78
38.942,-0.0009478240725955962,78
38.944,-0.0019548102725956,78
38.946,-0.001838864039262266,78
38.948,-0.001722917805928932,78
38.95,-0.001606971572595598,78
38.952,-0.0008551259725955979,78
38.954,-0.0008727798725955971,78
38.956,-0.0017672602725955983,78
38.958,-0.0017779959975955987,78
38.96,-0.0017887317225955988,78
38.962,-0.0017994674475955987,78
38.964,-0.0018102031725955993,78
38.966,-0.0009271088725955992,78
38.968,-0.0011822615725955987,78
38.97,-0.0014374142725955984,78
38.972,-0.0014431182125955982,78
38.974,-0.0014488221525955978,78
38.976,-0.0014545260925955977,78
38.978,-0.0014602300325955973,78
38.98,-0.0014659339725955967,78
38.982,-0.0010571233725956003,78
38.984,-0.0009979785725955962,78
38.986,-0.001331357772595597,78
38.988,-0.0014796513392622643,78
38.99,-0.0016279449059289316,78
38.992,-0.0017762384725955992,78
38.994,-0.001286817672595598,78
38.996,-0.0012363364725955974,78
38.998,-0.0011858552725955967,78
39.0,-0.0013379522725955988,79
39.002,-0.0014025469125955984,79
39.004,-0.001467141552595598,79
39.006,-0.0015317361925955976,79
39.008,-0.0015963308325955973,79
39.01,-0.0016609254725955967,79
39.012,-0.0014775620725955996,79
39.014,-0.0015410507725955973,79
39.016,-0.0016220941525955975,79
39.018,-0.0017031375325955976,79
39.02,-0.0017841809125955983,79
39.022,-0.0018652242925955983,79
39.024,-0.0019462676725955988,79
39.026,-0.0016293081725955987,79
39.028,-0.0016380564725956004,79
39.03,-0.0016454181125956,79
39.032,-0.0016527797525955998,79
39.034,-0.0016601413925955994,79
39.036,-0.0016675030325955993,79
39.038,-0.0016748646725955989,79
39.04,-0.0016447840725955995,79
39.042,-0.0016147034725956,79
39.044,-0.0018978797725956,79
39.046,-0.0018676104125956,79
39.048,-0.0018373410525955997,79
39.05,-0.0018070716925955989,79
39.052,-0.0017768023325955985,79
39.054,-0.001746532972595598,79
39.056,-0.001654476172595596,79
39.058,-0.0016642691059289292,79
39.06,-0.0016740620392622627,79
39.062,-0.0016838549725955963,79
39.064,-0.0016936479059289297,79
39.066,-0.0017034408392622633,79
39.068,-0.0017132337725955966,79
39.07,-0.0014798973725955976,79
39.072,-0.001457137272595596,79
39.074,-0.0015207590725955969,79
39.076,-0.0015843808725955976,79
39.078,-0.0016480026725955983,79
39.08,-0.0017116244725955993,79
39.082,-0.0017752462725956,79
39.084,-0.001411592872595598,79
39.086,-0.0019277304725955969,79
39.088,-0.0019070243475955973,79
39.09,-0.0018863182225955977,79
39.092,-0.0018656120975955985,79
39.094,-0.0018449059725955984,79
39.096,-0.0016013511225955984,79
39.098,-0.0013577962725955983,79
39.1,-0.0015542760725956,79
39.102,-0.0016407233125956,79
39.104,-0.0017271705525956,79
39.106,-0.0018136177925956,79
39.108,-0.0019000650325956,79
39.11,-0.0019865122725956,79
39.112,-0.0016504105725955983,79
39.114,-0.0013143088725955966,79
39.116,-0.001339386122595597,79
39.118,-0.0013644633725955972,79
39.12,-0.0013895406225955976,79
39.122,-0.001414617872595598,79
39.124,-0.0011864602725955992,79
39.126,-0.0011736221725956,79
39.128,-0.0019592509725955987,79
39.13,-0.0017511793725955987,79
39.132,-0.0015431077725955988,79
39.134,-0.0013350361725955988,79
39.136,-0.0011269645725955988,79
39.138,-0.0011132794725955998,79
39.14,-0.001357675272595599,79
39.142,-0.001602071072595598,79
39.144,-0.0016019107475955985,79
39.146,-0.001601750422595599,79
39.148,-0.0016015900975955995,79
39.15,-0.0016014297725956,79
39.152,-0.001102825072595598,79
39.154,-0.0011095002392622643,79
39.156,-0.0011161754059289307,79
39.158,-0.0011228505725955976,79
39.16,-0.001129525739262264,79
39.162,-0.0011362009059289304,79
39.164,-0.0011428760725955972,79
39.166,-0.001095770772595598,79
39.168,-0.0012465851725955983,79
39.17,-0.0013973995725955987,79
39.172,-0.0015482139725955988,79
39.174,-0.0016990283725955991,79
39.176,-0.0018498427725955997,79
39.178,-0.0015360413725955995,79
39.18,-0.0012222399725955995,79
39.182,-0.0009934410725956008,79
39.184,-0.0017442581725955995,79
39.186,-0.001591907072595599,79
39.188,-0.0014395559725955984,79
39.19,-0.001287204872595598,79
39.192,-0.0011348537725955974,79
39.194,-0.0009825026725955967,79
39.196,-0.0009725685725955976,79
39.198,-0.0009626344725955984,79
39.2,-0.001421768972595598,79
39.202,-0.0014402214725955983,79
39.204,-0.0014586739725955984,79
39.206,-0.0014771264725955983,79
39.208,-0.0014955789725955987,79
39.21,-0.0009506554725955997,79
39.212,-0.0010689007059289327,79
39.214,-0.0011871459392622655,79
39.216,-0.0013053911725955988,79
39.218,-0.0014236364059289316,79
39.22,-0.0015418816392622648,79
39.222,-0.0016601268725955978,79
39.224,-0.0010697678725955975,79
39.226,-0.0009385554725955987,79
39.228,-0.0019721979725955976,79
39.23,-0.001932748947595598,79
39.232,-0.0018932999225955984,79
39.234,-0.0018538508975955983,79
39.236,-0.0018144018725955984,79
39.238,-0.0009255963725955975,79
39.24,-0.0009301943725955955,79
39.242,-0.0016442516725955984,79
39.244,-0.0017239846225955984,79
39.246,-0.0018037175725955984,79
39.248,-0.0018834505225955984,79
39.25,-0.0019631834725955984,79
39.252,-0.0013252593725955988,79
39.254,-0.0009346471725955996,79
39.256,-0.0013510081725955983,79
39.258,-0.0013754985725955983,79
39.26,-0.0013999889725955985,79
39.262,-0.0014244793725955985,79
39.264,-0.0014489697725955986,79
39.266,-0.0014734601725955986,79
39.268,-0.0009790178725955986,79
39.27,-0.0009196915725955962,79
39.272,-0.0011023289725956007,79
39.274,-0.0012815219059289333,79
39.276,-0.0014607148392622657,79
39.278,-0.001639907772595598,79
39.28,-0.0010728896725955975,79
39.282,-0.0009985956725955978,79
39.284,-0.0009243016725955981,79
39.286,-0.0009470254725955987,79
39.288,-0.001918885372595597,79
39.29,-0.0018914183725955971,79
39.292,-0.0018639513725955971,79
39.294,-0.0018364843725955976,79
39.296,-0.0011807006725956003,79
39.298,-0.0009176950725956009,79
39.3,-0.0009121653725955997,79
39.302,-0.0016157682725955987,79
39.304,-0.0017922830725955984,79
39.306,-0.0019687978725955978,79
39.308,-0.0013311520725955983,79
39.31,-0.0011274727725955986,79
39.312,-0.0009237934725955987,79
39.314,-0.0009176950725955958,79
39.316,-0.001317067672595599,79
39.318,-0.0013658881475955987,79
39.32,-0.0014147086225955988,79
39.322,-0.001463529097595599,79
39.324,-0.001512349572595599,79
39.326,-0.0009884800725955996,79
39.328,-0.0009239870725955971,79
39.33,-0.0011045916725955956,79
39.332,-0.0012575054225955969,79
39.334,-0.001410419172595598,79
39.336,-0.001563332922595599,79
39.338,-0.0017162466725956,79
39.34,-0.001108802472595597,79
39.342,-0.0009609283725955983,79
39.344,-0.0009749401725955981,79
39.346,-0.001194772972595598,79
39.348,-0.001414605772595598,79
39.35,-0.0016344385725955979,79
39.352,-0.0018542713725955976,79
39.354,-0.0012064978725955973,79
39.356,-0.0009268305725955993,79
39.358,-0.0009291416725955985,79
39.36,-0.0010126147325955983,79
39.362,-0.0010960877925955987,79
39.364,-0.0011795608525955984,79
39.366,-0.0012630339125955987,79
39.368,-0.0013465069725955984,79
39.37,-0.0009254632725956001,79
39.372,-0.0009223898725955992,79
39.374,-0.0012921416725955972,79
39.376,-0.0012214413725955976,79
39.378,-0.001150741072595598,79
39.38,-0.0010800407725955986,79
39.382,-0.001009340472595599,79
39.384,-0.0009713767225955974,79
39.386,-0.0009334129725955959,79
39.388,-0.0010691507725955965,79
39.39,-0.001225298247595597,79
39.392,-0.001381445722595597,79
39.394,-0.0015375931975955975,79
39.396,-0.001693740672595598,79
39.398,-0.0010956618725955995,79
39.4,-0.0009199335725955987,79
39.402,-0.0018454625725955983,79
39.404,-0.001852363605928932,79
39.406,-0.0018592646392622649,79
39.408,-0.0018661656725955985,79
39.41,-0.001547500072595599,79
39.412,-0.0012288344725955996,79
39.414,-0.0009539587725956,79
39.416,-0.001556756572595597,79
39.418,-0.0014396043725955975,79
39.42,-0.001322452172595598,79
39.422,-0.0012052999725955988,79
39.424,-0.0010881477725955993,79
39.426,-0.0009709955725956,79
39.428,-0.0009569353725956,79
39.43,-0.0009428751725956002,79
39.432,-0.0012663565725955991,79
39.434,-0.0013382547725955991,79
39.436,-0.0014101529725955991,79
39.438,-0.0014820511725955991,79
39.44,-0.0015539493725955991,79
39.442,-0.0010120992725955978,79
39.444,-0.0009275928725955978,79
39.446,-0.0010402680725956,79
39.448,-0.0012121969725955996,79
39.45,-0.001384125872595599,79
39.452,-0.0015560547725955985,79
39.454,-0.001727983672595598,79
39.456,-0.0010996790725955987,79
39.458,-0.0009122621725955981,79
39.46,-0.0009296498725955976,79
39.462,-0.0012449355392622648,79
39.464,-0.001560221205928932,79
39.466,-0.0018755068725955987,79
39.468,-0.0015520738725955992,79
39.47,-0.0012286408725955995,79
39.472,-0.0009193164725955998,79
39.474,-0.0009173199725956009,79
39.476,-0.0015026816725955976,79
39.478,-0.0013598986475955982,79
39.48,-0.0012171156225955987,79
39.482,-0.0010743325975955992,79
39.484,-0.0009315495725955997,79
39.486,-0.0009214944725955982,79
39.488,-0.0009114393725955968,79
39.49,-0.0012211630725956005,79
39.492,-0.0013055182225956002,79
39.494,-0.0013898733725956,79
39.496,-0.0014742285225955996,79
39.498,-0.0015585836725955995,79
39.5,-0.0010222511725955991,80
39.502,-0.0009420402725956005,80
39.504,-0.0010999573725956,80
39.506,-0.0012578744725955991,80
39.508,-0.0014157915725955983,80
39.51,-0.001573708672595598,80
39.512,-0.0017316257725955972,80
39.514,-0.0011126865725955976,80
39.516,-0.0009378294725955992,80
39.518,-0.0013583952225955983,80
39.52,-0.0017789609725955972,80
39.522,-0.0018247433392622643,80
39.524,-0.0018705257059289312,80
39.526,-0.001916308072595598,80
39.528,-0.0012764358725955958,80
39.53,-0.0009574193725955995,80
39.532,-0.000939366172595598,80
39.534,-0.0014702294725955963,80
39.536,-0.0014532350225955966,80
39.538,-0.0014362405725955969,80
39.54,-0.0014192461225955972,80
39.542,-0.0014022516725955975,80
39.544,-0.000956064172595597,80
39.546,-0.0009273992725956012,80
39.548,-0.0012046465725955996,80
39.55,-0.0013014526225955995,80
39.552,-0.001398258672595599,80
39.554,-0.0014950647225955992,80
39.556,-0.001591870772595599,80
39.558,-0.0010325119725955992,80
39.56,-0.0009331104725955987,80
39.562,-0.0010251188725955984,80
39.564,-0.001276875505928932,80
39.566,-0.0015286321392622656,80
39.568,-0.0017803887725955994,80
39.57,-0.0011586544725955984,80
39.572,-0.0009715037725955987,80
39.574,-0.0009764103225955993,80
39.576,-0.0009813168725955994,80
39.578,-0.0017793723725955995,80
39.58,-0.0018561650225956,80
39.582,-0.0019329576725956,80
39.584,-0.001282183372595596,80
39.586,-0.001108941622595597,80
39.588,-0.0009356998725955981,80
39.59,-0.0014568710725955999,80
39.592,-0.0013654797725955992,80
39.594,-0.0012740884725955988,80
39.596,-0.001182697172595598,80
39.598,-0.0010913058725955977,80
39.6,-0.0009999145725955968,80
39.602,-0.0009508490725955964,80
39.604,-0.0011813298725955983,80
39.606,-0.0012882454725955984,80
39.608,-0.0013951610725955986,80
39.61,-0.0015020766725955988,80
39.612,-0.0016089922725955987,80
39.614,-0.0010526947725956,80
39.616,-0.0009488404725955992,80
39.618,-0.0009857091725955997,80
39.62,-0.0010225778725956,80
39.622,-0.0012110777225955995,80
39.624,-0.0013995775725955991,80
39.626,-0.0015880774225955987,80
39.628,-0.0017765772725955983,80
39.63,-0.0011618488725955963,80
39.632,-0.0009398622725956001,80
39.634,-0.0016987500725955968,80
39.636,-0.0017570478725955972,80
39.638,-0.0018153456725955972,80
39.64,-0.0018736434725955976,80
39.642,-0.0019319412725955984,80
39.644,-0.0013131472725955995,80
39.646,-0.0009620657725955984,80
39.648,-0.0009624287725955965,80
39.65,-0.001066297592595597,80
39.652,-0.0011701664125955975,80
39.654,-0.001274035232595598,80
39.656,-0.0013779040525955983,80
39.658,-0.0014817728725955992,80
39.66,-0.0013289075225955994,80
39.662,-0.0011760421725955997,80
39.664,-0.0013418646059289324,80
39.666,-0.0015076870392622653,80
39.668,-0.001673509472595598,80
39.67,-0.0013819297225955993,80
39.672,-0.0010903499725956004,80
39.674,-0.0009642195725955982,80
39.676,-0.0019758158725955988,80
39.678,-0.0019371654475955988,80
39.68,-0.0018985150225955987,80
39.682,-0.0018598645975955992,80
39.684,-0.0018212141725955993,80
39.686,-0.0011896304725955986,80
39.688,-0.0009756298725955985,80
39.69,-0.0009745771725955984,80
39.692,-0.0017164644725955987,80
39.694,-0.0016250247725955991,80
39.696,-0.0015335850725955993,80
39.698,-0.0014421453725955995,80
39.7,-0.0013507056725955997,80
39.702,-0.0009671840725955955,80
39.704,-0.0011868353725955983,80
39.706,-0.0014064866725956007,80
39.708,-0.0014315578725956003,80
39.71,-0.0014566290725955995,80
39.712,-0.0014817002725955992,80
39.714,-0.0015067714725955984,80
39.716,-0.000993900872595599,80
39.718,-0.0009445933725955971,80
39.72,-0.0011824914725955989,80
39.722,-0.0011455421059289323,80
39.724,-0.0011085927392622656,80
39.726,-0.001071643372595599,80
39.728,-0.0010346940059289323,80
39.73,-0.0009977446392622658,80
39.732,-0.0009607952725955992,80
39.734,-0.001012292872595598,80
39.736,-0.0019644781725956,80
39.738,-0.0019243303725955993,80
39.74,-0.0018841825725955984,80
39.742,-0.0018440347725955984,80
39.744,-0.0009546363725955986,80
39.746,-0.0009583510725955978,80
39.748,-0.0009620657725955967,80
39.75,-0.001661264272595598,80
39.752,-0.0018171546225955976,80
39.754,-0.0019730449725955976,80
39.756,-0.001357917272595599,80
39.758,-0.0011623389225955986,80
39.76,-0.0009667605725955982,80
39.762,-0.0009460937725956006,80
39.764,-0.0010650754925956003,80
39.766,-0.0011840572125956003,80
39.768,-0.0013030389325956002,80
39.77,-0.0014220206525956,80
39.772,-0.0015410023725955999,80
39.774,-0.0010466810725955986,80
39.776,-0.000969386272595598,80
39.778,-0.0011459676225955982,80
39.78,-0.0013225489725955985,80
39.782,-0.0014991303225955987,80
39.784,-0.0016757116725955989,80
39.786,-0.0013908595225955982,80
39.788,-0.0011060073725955976,80
39.79,-0.000975545172595597,80
39.792,-0.0009929933725955976,80
39.794,-0.0012067398725955983,80
39.796,-0.0014204863725955988,80
39.798,-0.0016342328725955993,80
39.8,-0.0018479793725956,80
39.802,-0.0012154639725956012,80
39.804,-0.0009698702725955984,80
39.806,-0.0009728710725955998,80
39.808,-0.0016593524725955992,80
39.81,-0.001434724039262266,80
39.812,-0.0012100956059289327,80
39.814,-0.0009854671725955998,80
39.816,-0.0009813733392622659,80
39.818,-0.0009772795059289324,80
39.82,-0.0009731856725955987,80
39.822,-0.0010933943325955988,80
39.824,-0.0012136029925955993,80
39.826,-0.0013338116525955992,80
39.828,-0.0014540203125955997,80
39.83,-0.0015742289725956,80
39.832,-0.0010515936725955988,80
39.834,-0.0009907548725956,80
39.836,-0.0011743542225955991,80
39.838,-0.0013579535725955988,80
39.84,-0.0015415529225955983,80
39.842,-0.0017251522725955975,80
39.844,-0.0009695193725955988,80
39.846,-0.0009919346225955982,80
39.848,-0.0010143498725955977,80
39.85,-0.001232697397595598,80
39.852,-0.0014510449225955983,80
39.854,-0.0016693924475955986,80
39.856,-0.0018877399725955987,80
39.858,-0.0012527198725955993,80
39.86,-0.0009614002725955983,80
39.862,-0.0009621988725955972,80
39.864,-0.0015975940725955987,80
39.866,-0.0015491577725955988,80
39.868,-0.0015007214725955987,80
39.87,-0.001452285172595599,80
39.872,-0.0014038488725955992,80
39.874,-0.0009479208725955978,80
39.876,-0.0011339099725955985,80
39.878,-0.001319899072595599,80
39.88,-0.0012505206975955987,80
39.882,-0.0011811423225955983,80
39.884,-0.001111763947595598,80
39.886,-0.0010423855725955975,80
39.888,-0.0010075194225955984,80
39.89,-0.0009726532725955992,80
39.892,-0.001121918872595596,80
39.894,-0.0012727151225955967,80
39.896,-0.0014235113725955973,80
39.898,-0.001574307622595598,80
39.9,-0.0017251038725955986,80
39.902,-0.0011377819725956004,80
39.904,-0.0009769245725955982,80
39.906,-0.0010052990725955971,80
39.908,-0.0018916966725955992,80
39.91,-0.0018897889059289324,80
39.912,-0.0018878811392622657,80
39.914,-0.0018859733725955995,80
39.916,-0.001264130172595598,80
39.918,-0.0009651270725955992,80
39.92,-0.0009569232725956008,80
39.922,-0.0010811902725955998,80
39.924,-0.0012054572725955987,80
39.926,-0.001329724272595598,80
39.928,-0.001453991272595597,80
39.93,-0.001230909622595598,80
39.932,-0.0010078279725955989,80
39.934,-0.001311537972595599,80
39.936,-0.001369163012595599,80
39.938,-0.0014267880525955991,80
39.94,-0.001484413092595599,80
39.942,-0.0015420381325955987,80
39.944,-0.0015996631725955987,80
39.946,-0.0010586237725955985,80
39.948,-0.0009759202725956003,80
39.95,-0.0011312116725956,80
39.952,-0.0012865030725955995,80
39.954,-0.001441794472595599,80
39.956,-0.0015970858725955987,80
39.958,-0.0017523772725955983,80
39.96,-0.0011400688725955992,80
39.962,-0.0009513088725955997,80
39.964,-0.0009777836725956,80
39.966,-0.0018558443725955971,80
39.968,-0.0018668674725955971,80
39.97,-0.0018778905725955976,80
39.972,-0.001888913672595598,80
39.974,-0.0012608994725955992,80
39.976,-0.0009605411725955998,80
39.978,-0.0009655239525955992,80
39.98,-0.0009705067325955988,80
39.982,-0.0009754895125955984,80
39.984,-0.0009804722925955982,80
39.986,-0.0009854550725955976,80
39.988,-0.0009748857225955989,80
39.99,-0.0009643163725956002,80
39.992,-0.0011184643225955991,80
39.994,-0.0012726122725955982,80
39.996,-0.001355772547595598,80
39.998,-0.001438932822595598,80
40.0,-0.0015220930975955978,81
40.002,-0.0016052533725955977,81
40.004,-0.0009731493725955996,81
40.006,-0.0011300355525955992,81
40.008,-0.0012869217325955987,81
40.01,-0.001443807912595598,81
40.012,-0.0016006940925955976,81
40.014,-0.001757580272595597,81
40.016,-0.001454088072595598,81
40.018,-0.0011505958725955988,81
40.02,-0.0009570321725956009,81
40.022,-0.0017890402725955976,81
40.024,-0.001664189447595598,81
40.026,-0.0015393386225955987,81
40.028,-0.0014144877975955992,81
40.03,-0.0012896369725955996,81
40.032,-0.0009582784725955997,81
40.034,-0.0012311818725955995,81
40.036,-0.0015040852725955991,81
40.038,-0.0014960508725955991,81
40.04,-0.0014880164725955991,81
40.042,-0.0014799820725955996,81
40.044,-0.0014719476725955996,81
40.046,-0.0014639132725955996,81
40.048,-0.0009849589725955986,81
40.05,-0.0009386764725956008,81
40.052,-0.0012282415725956009,81
40.054,-0.0013537226059289337,81
40.056,-0.0014792036392622665,81
40.058,-0.0016046846725955991,81
40.06,-0.0013297242725955989,81
40.062,-0.0010547638725955984,81
40.064,-0.0009529544725955987,81
40.066,-0.0010451927725955987,81
40.068,-0.0012944608392622653,81
40.07,-0.0015437289059289316,81
40.072,-0.0017929969725955976,81
40.074,-0.0014846103225955969,81
40.076,-0.001176223672595596,81
40.078,-0.0009635177725955974,81
40.08,-0.0017899598725956006,81
40.082,-0.0018537873725955995,81
40.084,-0.0019176148725955976,81
40.086,-0.001602034772595598,81
40.088,-0.001286454672595598,81
40.09,-0.0009708745725955976,81
40.092,-0.000979997972595601,81
40.094,-0.0014764851725955989,81
40.096,-0.0014805749725955984,81
40.098,-0.001484664772595598,81
40.1,-0.0014887545725955976,81
40.102,-0.0012330392225955982,81
40.104,-0.0009773238725955986,81
40.106,-0.0010830899725955984,81
40.108,-0.0011888560725955982,81
40.11,-0.0013401504392622648,81
40.112,-0.0014914448059289316,81
40.114,-0.0016427391725955982,81
40.116,-0.0009988497725955982,81
40.118,-0.0010660168725955994,81
40.12,-0.0010876254559289325,81
40.122,-0.0011092340392622653,81
40.124,-0.0011308426225955983,81
40.126,-0.0011524512059289311,81
40.128,-0.001174059789262264,81
40.13,-0.0011956683725955972,81
40.132,-0.0010865808225955975,81
40.134,-0.0009774932725955985,81
40.136,-0.0017521715725955997,81
40.138,-0.0018227508725955992,81
40.14,-0.0018933301725955983,81
40.142,-0.0019639094725955974,81
40.144,-0.0016517899725955983,81
40.146,-0.0013396704725955992,81
40.148,-0.0009995999725955981,81
40.15,-0.000991178372595599,81
40.152,-0.0014603074725955973,81
40.154,-0.0014745582475955976,81
40.156,-0.001488809022595598,81
40.158,-0.0015030597975955982,81
40.16,-0.0015173105725955983,81
40.162,-0.0010278897725955975,81
40.164,-0.0009750974725955992,81
40.166,-0.0011950875725956003,81
40.168,-0.0013633622725955999,81
40.17,-0.0015316369725955996,81
40.172,-0.0016999116725955991,81
40.174,-0.0014043510225955989,81
40.176,-0.0011087903725955984,81
40.178,-0.0009755572725955973,81
40.18,-0.0010345689725955974,81
40.182,-0.0012402901475955979,81
40.184,-0.0014460113225955983,81
40.186,-0.0016517324975955988,81
40.188,-0.0018574536725955992,81
40.19,-0.0012111200725955992,81
40.192,-0.0009427057725955972,81
40.194,-0.0009733066725955974,81
40.196,-0.0017310449725955988,81
40.198,-0.0016412720475955987,81
40.2,-0.001551499122595599,81
40.202,-0.0014617261975955992,81
40.204,-0.0013719532725955993,81
40.206,-0.0009740447725955972,81
40.208,-0.0009801431725956003,81
40.21,-0.0014307592725955971,81
40.212,-0.0014456694975955977,81
40.214,-0.001460579722595598,81
40.216,-0.0014754899475955983,81
40.218,-0.0014904001725955986,81
40.22,-0.0010158865725955965,81
40.222,-0.0009700396725955997,81
40.224,-0.0011569120725955992,81
40.226,-0.0012888383725955987,81
40.228,-0.0014207646725955987,81
40.23,-0.0015526909725955985,81
40.232,-0.0016846172725955982,81
40.234,-0.000955459172595598,81
40.236,-0.0019510471725955984,81
40.238,-0.0019310265125955983,81
40.24,-0.0019110058525955984,81
40.242,-0.0018909851925955987,81
40.244,-0.0018709645325955988,81
40.246,-0.0018509438725955987,81
40.248,-0.0012333961725955987,81
40.25,-0.0009626707725955974,81
40.252,-0.0013150227725955976,81
40.254,-0.0016673747725955979,81
40.256,-0.001773479672595598,81
40.258,-0.0018795845725955984,81
40.26,-0.001985689472595598,81
40.262,-0.001373393172595598,81
40.264,-0.0009923883725955988,81
40.266,-0.0013817784725955982,81
40.268,-0.0014110459525955986,81
40.27,-0.001440313432595599,81
40.272,-0.0014695809125955992,81
40.274,-0.0014988483925955996,81
40.276,-0.0015281158725956,81
40.278,-0.0010224931725955969,81
40.28,-0.0009703058725955976,81
40.282,-0.0011289005725956015,81
40.284,-0.001272203897595601,81
40.286,-0.0014155072225956007,81
40.288,-0.0015588105475956003,81
40.29,-0.0017021138725955998,81
40.292,-0.001102449972595598,81
40.294,-0.0009546242725955964,81
40.296,-0.0009973130725955959,81
40.298,-0.0019357769725956,81
40.3,-0.0019206681059289329,81
40.302,-0.0019055592392622656,81
40.304,-0.0018904503725955984,81
40.306,-0.0012463673725955984,81
40.308,-0.0009722539725955987,81
40.31,-0.0009676196725956,81
40.312,-0.0016248432725955997,81
40.314,-0.001552065805928933,81
40.316,-0.0014792883392622663,81
40.318,-0.0014065108725955996,81
40.32,-0.000990464472595598,81
40.322,-0.0009828596225955975,81
40.324,-0.0009752547725955968,81
40.326,-0.0013359920725956008,81
40.328,-0.0012620519975956005,81
40.33,-0.0011881119225956,81
40.332,-0.0011141718475955996,81
40.334,-0.0010402317725955994,81
40.336,-0.0010041919225955995,81
40.338,-0.0009681520725955997,81
40.34,-0.0011151912725955969,81
40.342,-0.0012729450225955974,81
40.344,-0.001430698772595598,81
40.346,-0.0015884525225955985,81
40.348,-0.001746206272595599,81
40.35,-0.0009684908725955971,81
40.352,-0.0014479049725955983,81
40.354,-0.0019273190725956,81
40.356,-0.0019260788225956,81
40.358,-0.0019248385725955995,81
40.36,-0.0019235983225955988,81
40.362,-0.0019223580725955985,81
40.364,-0.0012728663725955977,81
40.366,-0.0009734881725955955,81
40.368,-0.0016050476725955971,81
40.37,-0.0015542155725955975,81
40.372,-0.0015033834725955977,81
40.374,-0.0014525513725955979,81
40.376,-0.001401719272595598,81
40.378,-0.0009982447725955974,81
40.38,-0.0009793990225955979,81
40.382,-0.0009605532725955983,81
40.384,-0.0013016280725955988,81
40.386,-0.0013725612975955988,81
40.388,-0.0014434945225955988,81
40.39,-0.0015144277475955988,81
40.392,-0.0015853609725955987,81
40.394,-0.0010636452725955971,81
40.396,-0.0009687086725955993,81
40.398,-0.0010976462725955996,81
40.4,-0.0011132280475955993,81
40.402,-0.0011288098225955988,81
40.404,-0.0011443915975955987,81
40.406,-0.0011599733725955984,81
40.408,-0.0010759993725955987,81
40.41,-0.000992025372595599,81
40.412,-0.0010021409725955999,81
40.414,-0.0018740911725955989,81
40.416,-0.001892934905928932,81
40.418,-0.0019117786392622647,81
40.42,-0.0019306223725955984,81
40.422,-0.001280077972595597,81
40.424,-0.0009687207725955981,81
40.426,-0.0009656957725956012,81
40.428,-0.0015721719725955985,81
40.43,-0.0015355785475955988,81
40.432,-0.001498985122595599,81
40.434,-0.0014623916975955993,81
40.436,-0.0014257982725955996,81
40.438,-0.0009831197725955997,81
40.44,-0.0009706325725955984,81
40.442,-0.0013101343725955975,81
40.444,-0.001243599497595598,81
40.446,-0.0011770646225955984,81
40.448,-0.0011105297475955988,81
40.45,-0.0010439948725955994,81
40.452,-0.0009958247725955997,81
40.454,-0.0009476546725956,81
40.456,-0.0010749466725956008,81
40.458,-0.0012493923725956004,81
40.46,-0.0014238380725955999,81
40.462,-0.0015982837725955993,81
40.464,-0.0017727294725955987,81
40.466,-0.0011535845725955968,81
40.468,-0.0009531480725955987,81
40.47,-0.0009660224725955984,81
40.472,-0.0010815815059289323,81
40.474,-0.001197140539262266,81
40.476,-0.0013126995725956,81
40.478,-0.001153893122595599,81
40.48,-0.0009950866725955982,81
40.482,-0.0009876633225955984,81
40.484,-0.0009802399725955986,81
40.486,-0.0015253086725955983,81
40.488,-0.0015140828975955985,81
40.49,-0.0015028571225955984,81
40.492,-0.0014916313475955983,81
40.494,-0.0014804055725955983,81
40.496,-0.001031120472595598,81
40.498,-0.0009928360725956,81
40.5,-0.0012628717725956008,82
40.502,-0.0013644905975956,82
40.504,-0.0014661094225955993,82
40.506,-0.0015677282475955983,82
40.508,-0.0016693470725955976,82
40.51,-0.0013779911725955978,82
40.512,-0.0010866352725955979,82
40.514,-0.001269992622595598,82
40.516,-0.0014533499725955983,82
40.518,-0.0016367073225955985,82
40.52,-0.0018200646725955987,82
40.522,-0.001497938472595598,82
40.524,-0.0011758122725955972,82
40.526,-0.001392257072595598,82
40.528,-0.0016087018725955994,82
40.53,-0.0018251466725956005,82
40.532,-0.0018716308392622664,82
40.534,-0.0019181150059289324,82
40.536,-0.0019645991725955984,82
40.538,-0.001313921672595598,82
40.54,-0.0009886131725955984,82
40.542,-0.0009943364725955965,82
40.544,-0.001114495522595597,82
40.546,-0.0012346545725955976,82
40.548,-0.001354813622595598,82
40.55,-0.0014749726725955987,82
40.552,-0.001246966322595599,82
40.554,-0.0010189599725955992,82
40.556,-0.0009904886725955984,82
40.558,-0.001251618772595598,82
40.56,-0.001350294272595598,82
40.562,-0.0014489697725955982,82
40.564,-0.0015476452725955983,82
40.566,-0.0016463207725955983,82
40.568,-0.0009934047725956,82
40.57,-0.0010571475725955973,82
40.572,-0.0012457351475955976,82
40.574,-0.001434322722595598,82
40.576,-0.0016229102975955983,82
40.578,-0.0018114978725955984,82
40.58,-0.001501616872595598,82
40.582,-0.0011917358725955975,82
40.584,-0.0009584357725955974,82
40.586,-0.000974274672595598,82
40.588,-0.0017432054725955992,82
40.59,-0.0018201251725955992,82
40.592,-0.0018970448725955996,82
40.594,-0.0019739645725955998,82
40.596,-0.0013306680725955996,82
40.598,-0.0009656836725955974,82
40.6,-0.0009586898725955985,82
40.602,-0.001449429572595598,82
40.604,-0.001337413822595598,82
40.606,-0.0012253980725955979,82
40.608,-0.0011133823225955978,82
40.61,-0.0010013665725955975,82
40.612,-0.0009678858725956016,82
40.614,-0.001082043322595599,82
40.616,-0.0011962007725955964,82
40.618,-0.0013093992975955968,82
40.62,-0.0014225978225955967,82
40.622,-0.0015357963475955971,82
40.624,-0.001648994872595597,82
40.626,-0.0010917414725955964,82
40.628,-0.0009780377725955997,82
40.63,-0.0010388160725955976,82
40.632,-0.001239446172595598,82
40.634,-0.0014400762725955982,82
40.636,-0.0016407063725955985,82
40.638,-0.0018413364725955988,82
40.64,-0.0012187551725955975,82
40.642,-0.0009917470725955993,82
40.644,-0.0009840151725955988,82
40.646,-0.001059744232595599,82
40.648,-0.0011354732925955991,82
40.65,-0.0012112023525955994,82
40.652,-0.0012869314125955995,82
40.654,-0.0013626604725955995,82
40.656,-0.0009898473725956003,82
40.658,-0.0009806997725956,82
40.66,-0.0014511356725956,82
40.662,-0.0014734662225955996,82
40.664,-0.0014957967725955992,82
40.666,-0.0015181273225955989,82
40.668,-0.0015404578725955985,82
40.67,-0.0009817403725955983,82
40.672,-0.0011953416725955963,82
40.674,-0.0011767536525955967,82
40.676,-0.0011581656325955973,82
40.678,-0.0011395776125955979,82
40.68,-0.0011209895925955982,82
40.682,-0.0011024015725955988,82
40.684,-0.0010393666225955982,82
40.686,-0.0009763316725955978,82
40.688,-0.0010310599725955986,82
40.69,-0.0019830637725955966,82
40.692,-0.0017279201475955976,82
40.694,-0.001472776522595598,82
40.696,-0.0012176328975955987,82
40.698,-0.0009624892725955992,82
40.7,-0.0009622351725955964,82
40.702,-0.0016841695725956004,82
40.704,-0.0017880319392622663,82
40.706,-0.0018918943059289324,82
40.708,-0.0019957566725955986,82
40.71,-0.0013573243725955985,82
40.712,-0.0009595489725955987,82
40.714,-0.0014050346725955985,82
40.716,-0.0014371783225955983,82
40.718,-0.0014693219725955987,82
40.72,-0.0015014656225955988,82
40.722,-0.0015336092725955989,82
40.724,-0.0012947794725955983,82
40.726,-0.0010559496725955975,82
40.728,-0.0010018505725956015,82
40.73,-0.0011849477725955973,82
40.732,-0.0011441344725955978,82
40.734,-0.0011033211725955984,82
40.736,-0.0010625078725955987,82
40.738,-0.0010216945725955995,82
40.74,-0.0009808812725956,82
40.742,-0.0010043310725956003,82
40.744,-0.0019626994725956,82
40.746,-0.0017216513392622663,82
40.748,-0.001480603205928933,82
40.75,-0.0012395550725955995,82
40.752,-0.0011049849225955987,82
40.754,-0.0009704147725955981,82
40.756,-0.0010409839892622647,82
40.758,-0.0011115532059289312,82
40.76,-0.001182122422595598,82
40.762,-0.0012526916392622649,82
40.764,-0.0013232608559289316,82
40.766,-0.0013938300725955984,82
40.768,-0.0010021046725955992,82
40.77,-0.0009857696725955982,82
40.772,-0.0013897523725955995,82
40.774,-0.0014341835725955993,82
40.776,-0.001478614772595599,82
40.778,-0.0015230459725955989,82
40.78,-0.0015674771725955987,82
40.782,-0.0010022498725956,82
40.784,-0.0011275171392622666,82
40.786,-0.001252784405928933,82
40.788,-0.0013780516725955998,82
40.79,-0.0015033189392622665,82
40.792,-0.0016285862059289328,82
40.794,-0.0017538534725955995,82
40.796,-0.0011539717725956005,82
40.798,-0.0010101995725955992,82
40.8,-0.0010420951725955971,82
40.802,-0.0019464249725956,82
40.804,-0.0019323688059289324,82
40.806,-0.0019183126392622652,82
40.808,-0.001904256472595598,82
40.81,-0.0012758066725955999,82
40.812,-0.0009914324725955968,82
40.814,-0.0009890487725955981,82
40.816,-0.0009921802525955981,82
40.818,-0.0009953117325955981,82
40.82,-0.0009984432125955984,82
40.822,-0.0010015746925955984,82
40.824,-0.0010047061725955984,82
40.826,-0.0009963632225955983,82
40.828,-0.000988020272595598,82
40.83,-0.001001102792595598,82
40.832,-0.001014185312595598,82
40.834,-0.001027267832595598,82
40.836,-0.001040350352595598,82
40.838,-0.001053432872595598,82
40.84,-0.0009753152725955965,82
40.842,-0.0011346117725955993,82
40.844,-0.001282609897595599,82
40.846,-0.0014306080225955989,82
40.848,-0.0015786061475955987,82
40.85,-0.0017266042725955983,82
40.852,-0.0013529320725955982,82
40.854,-0.000979259872595598,82
40.856,-0.0009857938725955976,82
40.858,-0.0009923278725955977,82
40.86,-0.0018833113725955969,82
40.862,-0.0018888451059289304,82
40.864,-0.001894378839262264,82
40.866,-0.0018999125725955976,82
40.868,-0.0012625813725955987,82
40.87,-0.0009923278725955994,82
40.872,-0.0009801310725956018,82
40.874,-0.0009845741925956007,82
40.876,-0.0009890173125955998,82
40.878,-0.0009934604325955987,82
40.88,-0.0009979035525955978,82
40.882,-0.0010023466725955967,82
40.884,-0.0009743714725955997,82
40.886,-0.0013158455725955955,82
40.888,-0.0013876772225955964,82
40.89,-0.0014595088725955971,82
40.892,-0.0015313405225955983,82
40.894,-0.0016031721725955992,82
40.896,-0.001079217972595598,82
40.898,-0.0009797317725955997,82
40.9,-0.0011154211725955992,82
40.902,-0.001279267272595599,82
40.904,-0.0014431133725955987,82
40.906,-0.0016069594725955983,82
40.908,-0.001770805572595598,82
40.91,-0.0011685401725955984,82
40.912,-0.0009839304725955988,82
40.914,-0.0018845697725955997,82
40.916,-0.0019027258225955996,82
40.918,-0.0019208818725955992,82
40.92,-0.001939037922595599,82
40.922,-0.001957193972595599,82
40.924,-0.0013017006725956,82
40.926,-0.0009718304725955997,82
40.928,-0.0015831466725955978,82
40.93,-0.001556018472595598,82
40.932,-0.0015288902725955982,82
40.934,-0.0015017620725955986,82
40.936,-0.0014746338725955988,82
40.938,-0.0014475056725955988,82
40.94,-0.0010056620725955989,82
40.942,-0.0009937798725956,82
40.944,-0.0011488958225955995,82
40.946,-0.0013040117725955991,82
40.948,-0.0014591277225955988,82
40.95,-0.0016142436725955984,82
40.952,-0.001337686072595599,82
40.954,-0.0010611284725955995,82
40.956,-0.0010690418725955997,82
40.958,-0.0010884962525955992,82
40.96,-0.0011079506325955986,82
40.962,-0.0011274050125955983,82
40.964,-0.0011468593925955978,82
40.966,-0.0011663137725955973,82
40.968,-0.0010700038225955983,82
40.97,-0.0009736938725955992,82
40.972,-0.0009799979725955976,82
40.974,-0.0018239729725956,82
40.976,-0.0018751196725956,82
40.978,-0.0019262663725956,82
40.98,-0.0013160875725956,82
40.982,-0.0009863504725955985,82
40.984,-0.0009746255725955992,82
40.986,-0.0010570386725955992,82
40.988,-0.0011394517725955991,82
40.99,-0.0012218648725955995,82
40.992,-0.0013042779725955995,82
40.994,-0.0013866910725956,82
40.996,-0.0014691041725955999,82
40.998,-0.0010160438725955977,82
41.0,-0.0009700880725956003,83
41.002,-0.0012429914725955967,83
41.004,-0.0013416518475955971,83
41.006,-0.0014403122225955971,83
41.008,-0.0015389725975955976,83
41.01,-0.0016376329725955976,83
41.012,-0.001072901772595598,83
41.014,-0.0010656296725955992,83
41.016,-0.001098073805928932,83
41.018,-0.0011305179392622651,83
41.02,-0.001162962072595598,83
41.022,-0.0009624529725955986,83
41.024,-0.0009661222975955984,83
41.026,-0.0009697916225955984,83
41.028,-0.0009734609475955984,83
41.03,-0.0009771302725955983,83
41.032,-0.0018169670725955989,83
41.034,-0.0018659115725955984,83
41.036,-0.001914856072595598,83
41.038,-0.001963800572595597,83
41.04,-0.0009822969725956,83
41.042,-0.001502645372595597,83
41.044,-0.0014971398725955975,83
41.046,-0.001491634372595598,83
41.048,-0.0014861288725955986,83
41.05,-0.0014806233725955993,83
41.052,-0.0014751178725955997,83
41.054,-0.0012319139225955992,83
41.056,-0.0009887099725955986,83
41.058,-0.0011123719725955987,83
41.06,-0.0012360339725955988,83
41.062,-0.0013650361059289317,83
41.064,-0.0014940382392622648,83
41.066,-0.0016230403725955977,83
41.068,-0.0010714739725955977,83
41.07,-0.0010167033225955977,83
41.072,-0.0009619326725955978,83
41.074,-0.0010453016725955992,83
41.076,-0.0012383269225955988,83
41.078,-0.0014313521725955987,83
41.08,-0.0016243774225955985,83
41.082,-0.0018174026725955984,83
41.084,-0.0009547694725955992,83
41.086,-0.000964098572595596,83
41.088,-0.0011654837125955966,83
41.09,-0.0013668688525955972,83
41.092,-0.0015682539925955977,83
41.094,-0.0017696391325955983,83
41.096,-0.001971024272595599,83
41.098,-0.001338569372595598,83
41.1,-0.0009623561725955984,83
41.102,-0.0009484774725956014,83
41.104,-0.0014345465725955995,83
41.106,-0.0014502039725955993,83
41.108,-0.001465861372595599,83
41.11,-0.0014815187725955989,83
41.112,-0.0014971761725955986,83
41.114,-0.0010224931725956003,83
41.116,-0.0009879597725955987,83
41.118,-0.001210478772595596,83
41.12,-0.001157759072595596,83
41.122,-0.0011050393725955962,83
41.124,-0.0010523196725955963,83
41.126,-0.0009995999725955966,83
41.128,-0.0010202264392622634,83
41.13,-0.0010408529059289303,83
41.132,-0.0010614793725955971,83
41.134,-0.0012529043975955975,83
41.136,-0.0014443294225955977,83
41.138,-0.0016357544475955979,83
41.14,-0.001827179472595598,83
41.142,-0.0009538982725955969,83
41.144,-0.0009542673225955975,83
41.146,-0.0009546363725955986,83
41.148,-0.0016901590725955963,83
41.15,-0.0017866646392622639,83
41.152,-0.0018831702059289312,83
41.154,-0.001979675772595599,83
41.156,-0.0013311762725955988,83
41.158,-0.0009718546725956,83
41.16,-0.0009547089725955998,83
41.162,-0.0010709560925955997,83
41.164,-0.0011872032125955993,83
41.166,-0.0013034503325955991,83
41.168,-0.0014196974525955987,83
41.17,-0.0015359445725955983,83
41.172,-0.0009607952725955958,83
41.174,-0.0011002526125955963,83
41.176,-0.0012397099525955969,83
41.178,-0.0013791672925955972,83
41.18,-0.0015186246325955975,83
41.182,-0.0016580819725955983,83
41.184,-0.0010826301725956004,83
41.186,-0.0009526640725955984,83
41.188,-0.001007319772595598,83
41.19,-0.0012192845475955984,83
41.192,-0.0014312493225955983,83
41.194,-0.0016432140975955987,83
41.196,-0.0018551788725955987,83
41.198,-0.0012013190725955988,83
41.2,-0.0009528939725955992,83
41.202,-0.0009683940725956003,83
41.204,-0.0010480120725956,83
41.206,-0.0011276300725956,83
41.208,-0.0012072480725955996,83
41.21,-0.0012868660725955995,83
41.212,-0.001366484072595599,83
41.214,-0.0009715037725955987,83
41.216,-0.0009658530725955987,83
41.218,-0.0009834827725955983,83
41.22,-0.0010011124725955983,83
41.222,-0.001018742172595598,83
41.224,-0.0010363718725955977,83
41.226,-0.0010101753725955988,83
41.228,-0.0009839788725955999,83
41.23,-0.0011372132725956004,83
41.232,-0.0012494335125955995,83
41.234,-0.0013616537525955991,83
41.236,-0.0014738739925955987,83
41.238,-0.001586094232595598,83
41.24,-0.0016983144725955975,83
41.242,-0.0011290578725955975,83
41.244,-0.0009802883725955997,83
41.246,-0.0009852735725955975,83
41.248,-0.0019284564725955983,83
41.25,-0.0019116576392622649,83
41.252,-0.001894858805928932,83
41.254,-0.0018780599725955992,83
41.256,-0.0012509895725956004,83
41.258,-0.0009670146725955978,83
41.26,-0.0009802278725956,83
41.262,-0.0016672537725955971,83
41.264,-0.0015992033725955976,83
41.266,-0.0015311529725955978,83
41.268,-0.001463102572595598,83
41.27,-0.0013950521725955983,83
41.272,-0.0009804456725955972,83
41.274,-0.0009662765725955981,83
41.276,-0.0013776886725955974,83
41.278,-0.0014251872225955974,83
41.28,-0.0014726857725955971,83
41.282,-0.001520184322595597,83
41.284,-0.0015676828725955973,83
41.286,-0.0010461123725955983,83
41.288,-0.0009849952725955978,83
41.29,-0.0011517937725955968,83
41.292,-0.0011453001059289307,83
41.294,-0.0011388064392622646,83
41.296,-0.0011323127725955983,83
41.298,-0.000985793872595597,83
41.3,-0.0010011548225955973,83
41.302,-0.0010165157725955977,83
41.304,-0.0014704291225955983,83
41.306,-0.0019243424725955988,83
41.308,-0.001918453805928932,83
41.31,-0.0019125651392622649,83
41.312,-0.0019066764725955971,83
41.314,-0.0012623877725955988,83
41.316,-0.0009774811725955998,83
41.318,-0.0009822122725955983,83
41.32,-0.0016359752725955967,83
41.322,-0.0015801791475955971,83
41.324,-0.001524383022595598,83
41.326,-0.0014685868975955983,83
41.328,-0.0014127907725955992,83
41.33,-0.0009964297725955985,83
41.332,-0.0009789331725955988,83
41.334,-0.0013332332725955983,83
41.336,-0.0013963922475955987,83
41.338,-0.0014595512225955988,83
41.34,-0.0015227101975955992,83
41.342,-0.0015858691725955994,83
41.344,-0.0010756484725955983,83
41.346,-0.0009746497725955997,83
41.348,-0.0011081974725955963,83
41.35,-0.0011205001475955972,83
41.352,-0.001132802822595598,83
41.354,-0.0011451054975955988,83
41.356,-0.0011574081725955997,83
41.358,-0.0010647221725955988,83
41.36,-0.0009720361725955984,83
41.362,-0.0018809760725955992,83
41.364,-0.0017261686725955992,83
41.366,-0.0015713612725955992,83
41.368,-0.0014165538725955992,83
41.37,-0.0012617464725955992,83
41.372,-0.0011110591225955996,83
41.374,-0.0009603717725956,83
41.376,-0.0009576976725955978,83
41.378,-0.0015897653725955984,83
41.38,-0.0015483379975955985,83
41.382,-0.0015069106225955983,83
41.384,-0.0014654832475955986,83
41.386,-0.0014240558725955987,83
41.388,-0.0010032662725955996,83
41.39,-0.0009998177725955985,83
41.392,-0.0013256707725955996,83
41.394,-0.001396080672595599,83
41.396,-0.0014664905725955983,83
41.398,-0.001536900472595598,83
41.4,-0.0016073103725955974,83
41.402,-0.0010844209725955967,83
41.404,-0.0010063396725955975,83
41.406,-0.0011013367725955965,83
41.408,-0.0012657576225955972,83
41.41,-0.001430178472595598,83
41.412,-0.0015945993225955986,83
41.414,-0.0017590201725955993,83
41.416,-0.0011485872725956,83
41.418,-0.0009697008725955985,83
41.42,-0.0009793808725955984,83
41.422,-0.0018195443725955976,83
41.424,-0.001852589472595598,83
41.426,-0.0018856345725955985,83
41.428,-0.0019186796725955983,83
41.43,-0.0012839741725955975,83
41.432,-0.0009663854725955982,83
41.434,-0.0009731130725955971,83
41.436,-0.0015664728725955993,83
41.438,-0.0015378684725955991,83
41.44,-0.0015092640725955994,83
41.442,-0.0014806596725955995,83
41.444,-0.0014520552725955996,83
41.446,-0.0009598151725955968,83
41.448,-0.0011145741725955977,83
41.45,-0.0012693331725955985,83
41.452,-0.0013535128725955985,83
41.454,-0.0014376925725955985,83
41.456,-0.0015218722725955985,83
41.458,-0.0016060519725955983,83
41.46,-0.0010571475725955973,83
41.462,-0.0009769850725955991,83
41.464,-0.0010901200725955996,83
41.466,-0.0012624815475955993,83
41.468,-0.0014348430225955989,83
41.47,-0.0016072044975955985,83
41.472,-0.001779565972595598,83
41.474,-0.0009988255725955975,83
41.476,-0.0010033388725955977,83
41.478,-0.0010078521725955976,83
41.48,-0.0018354800725956,83
41.482,-0.0018728126059289329,83
41.484,-0.0019101451392622656,83
41.486,-0.0019474776725955983,83
41.488,-0.0013162206725955972,83
41.49,-0.000988371172595599,83
41.492,-0.0009539345725955993,83
41.494,-0.0014994872725955996,83
41.496,-0.0014879862225955992,83
41.498,-0.0014764851725955989,83
41.5,-0.0014649841225955985,84
41.502,-0.001453483072595598,84
41.504,-0.000969095872595596,84
41.506,-0.001109268322595596,84
41.508,-0.001249440772595596,84
41.51,-0.001208981397595597,84
41.512,-0.001168522022595598,84
41.514,-0.001128062647595599,84
41.516,-0.0010876032725956,84
41.518,-0.0010267826225955987,84
41.52,-0.0009659619725955971,84
41.522,-0.0011323297125955978,84
41.524,-0.0012986974525955983,84
41.526,-0.0014650651925955983,84
41.528,-0.0016314329325955988,84
41.53,-0.0017978006725955994,84
41.532,-0.0009625255725955982,84
41.534,-0.0013784086225955975,84
41.536,-0.0017942916725955972,84
41.538,-0.0018561549392622644,84
41.54,-0.001918018205928932,84
41.542,-0.001979881472595599,84
41.544,-0.0013243518725955979,84
41.546,-0.001148799022595598,84
41.548,-0.0009732461725955981,84
41.55,-0.0012288768225955987,84
41.552,-0.0014845074725955993,84
41.554,-0.0014808199975955988,84
41.556,-0.0014771325225955987,84
41.558,-0.0014734450475955983,84
41.56,-0.001469757572595598,84
41.562,-0.0009753515725955968,84
41.564,-0.0009504376725955992,84
41.566,-0.0012024806725955996,84
41.568,-0.0013063379975955993,84
41.57,-0.001410195322595599,84
41.572,-0.0015140526475955988,84
41.574,-0.0016179099725955983,84
41.576,-0.0009597183725955984,84
41.578,-0.0010256270725955972,84
41.58,-0.0011788082325955977,84
41.582,-0.0013319893925955975,84
41.584,-0.001485170552595598,84
41.586,-0.001638351712595598,84
41.588,-0.0017915328725955984,84
41.59,-0.0011789461725955977,84
41.592,-0.0009629127725955967,84
41.594,-0.0009480176725955997,84
41.596,-0.0011948606975955992,84
41.598,-0.0014417037225955987,84
41.6,-0.0016885467475955982,84
41.602,-0.0019353897725955976,84
41.604,-0.001324920572595598,84
41.606,-0.0009655142725955978,84
41.608,-0.0009543580725955984,84
41.61,-0.0014333607725955985,84
41.612,-0.0014490514475955984,84
41.614,-0.0014647421225955984,84
41.616,-0.0014804327975955984,84
41.618,-0.0014961234725955983,84
41.62,-0.0010015480725955976,84
41.622,-0.0009449079725955997,84
41.624,-0.0011630104725955971,84
41.626,-0.0013232467392622644,84
41.628,-0.0014834830059289317,84
41.63,-0.0016437192725955987,84
41.632,-0.0012981674725955992,84
41.634,-0.0009526156725955994,84
41.636,-0.0012481017059289324,84
41.638,-0.0015435877392622655,84
41.64,-0.0018390737725955987,84
41.642,-0.0016765405225955988,84
41.644,-0.0015140072725955992,84
41.646,-0.0013514740225955995,84
41.648,-0.0011889407725955996,84
41.65,-0.0016889369725955998,84
41.652,-0.0017865033059289326,84
41.654,-0.0018840696392622657,84
41.656,-0.0019816359725955985,84
41.658,-0.0016588624225955988,84
41.66,-0.0013360888725955991,84
41.662,-0.0009551082725956001,84
41.664,-0.0009550961725956,84
41.666,-0.0013787897725955967,84
41.668,-0.001400105132595597,84
41.67,-0.0014214204925955972,84
41.672,-0.0014427358525955975,84
41.674,-0.0014640512125955977,84
41.676,-0.0014853665725955976,84
41.678,-0.0009914203725956,84
41.68,-0.0009327474725955955,84
41.682,-0.0011378545725956,84
41.684,-0.0011271622059289329,84
41.686,-0.0011164698392622655,84
41.688,-0.0011057774725955984,84
41.69,-0.0009484169725956,84
41.692,-0.0010038349725955964,84
41.694,-0.0014819180725955984,84
41.696,-0.0019600011725956004,84
41.698,-0.0019185465725956,84
41.7,-0.0018770919725956,84
41.702,-0.0018356373725955995,84
41.704,-0.0011930910725956,84
41.706,-0.0009271935725955992,84
41.708,-0.0009434559725956004,84
41.71,-0.0016472887725956004,84
41.712,-0.0018147346225955996,84
41.714,-0.001982180472595598,84
41.716,-0.0013444741725955993,84
41.718,-0.0009471101725955968,84
41.72,-0.0009404793725955976,84
41.722,-0.0013513953725955985,84
41.724,-0.0012838023525955987,84
41.726,-0.001216209332595599,84
41.728,-0.0011486163125955992,84
41.73,-0.0010810232925955996,84
41.732,-0.0010134302725955996,84
41.734,-0.0010761143225956,84
41.736,-0.0011387983725956,84
41.738,-0.0011307367475955992,84
41.74,-0.0011226751225955987,84
41.742,-0.001114613497595598,84
41.744,-0.0011065518725955972,84
41.746,-0.0010394150225955983,84
41.748,-0.0009722781725955992,84
41.75,-0.0014542090725955992,84
41.752,-0.0019361399725955997,84
41.754,-0.0019243787725955995,84
41.756,-0.0019126175725955995,84
41.758,-0.0019008563725955996,84
41.76,-0.0018890951725956,84
41.762,-0.0009607589725955968,84
41.764,-0.0009442061725955969,84
41.766,-0.0009276533725955971,84
41.768,-0.0015912173725955991,84
41.77,-0.0015349644725955987,84
41.772,-0.0014787115725955983,84
41.774,-0.0014224586725955978,84
41.776,-0.0013662057725955974,84
41.778,-0.0009344051725956002,84
41.78,-0.0013202257725955999,84
41.782,-0.0013763364975955998,84
41.784,-0.0014324472225955998,84
41.786,-0.0014885579475955998,84
41.788,-0.0015446686725955996,84
41.79,-0.0012762422725955984,84
41.792,-0.0010078158725955967,84
41.794,-0.0009331830725956003,84
41.796,-0.0010902047725956,84
41.798,-0.0012472264725956,84
41.8,-0.0014042481725956,84
41.802,-0.0015612698725955998,84
41.804,-0.0017182915725955997,84
41.806,-0.0011197892725955984,84
41.808,-0.0009652238725955976,84
41.81,-0.0009976518725955986,84
41.812,-0.0018978313725955996,84
41.814,-0.0018960325059289324,84
41.816,-0.0018942336392622657,84
41.818,-0.0018924347725955987,84
41.82,-0.0012437900725955975,84
41.822,-0.0009701848725955988,84
41.824,-0.0016166031725955987,84
41.826,-0.0015705457325955983,84
41.828,-0.001524488292595598,84
41.83,-0.0014784308525955976,84
41.832,-0.0014323734125955973,84
41.834,-0.0013863159725955969,84
41.836,-0.0009788121725955983,84
41.838,-0.0009710439725955992,84
41.84,-0.001292056972595601,84
41.842,-0.0013560659725956005,84
41.844,-0.0014200749725955999,84
41.846,-0.0014840839725955993,84
41.848,-0.0015480929725955987,84
41.85,-0.001037763372595599,84
41.852,-0.000951466172595599,84
41.854,-0.0010612131725955991,84
41.856,-0.001236980797595599,84
41.858,-0.0014127484225955993,84
41.86,-0.0015885160475955992,84
41.862,-0.0017642836725955992,84
41.864,-0.0011418717725955976,84
41.866,-0.0009483927725955996,84
41.868,-0.0009634935725955987,84
41.87,-0.0012044075975955987,84
41.872,-0.0014453216225955986,84
41.874,-0.0016862356475955984,84
41.876,-0.0019271496725955983,84
41.878,-0.0012838168725955983,84
41.88,-0.0015509848725956,84
41.882,-0.0014364414325955996,84
41.884,-0.0013218979925955995,84
41.886,-0.0012073545525955992,84
41.888,-0.001092811112595599,84
41.89,-0.0009782676725955987,84
41.892,-0.0010597127725955988,84
41.894,-0.0011411578725955987,84
41.896,-0.0012226029725955988,84
41.898,-0.0013040480725955987,84
41.9,-0.0013854931725955988,84
41.902,-0.0014669382725955988,84
41.904,-0.0015483833725955989,84
41.906,-0.001028059172595597,84
41.908,-0.0010756847725955955,84
41.91,-0.0012519726975955964,84
41.912,-0.0014282606225955972,84
41.914,-0.001604548547595598,84
41.916,-0.0017808364725955988,84
41.918,-0.0011651400725955982,84
41.92,-0.0009750248725955979,84
41.922,-0.001397859372595598,84
41.924,-0.001820693872595598,84
41.926,-0.0018724334725955985,84
41.928,-0.0019241730725955992,84
41.93,-0.0012857286725956006,84
41.932,-0.0011299653725955995,84
41.934,-0.0009742020725955984,84
41.936,-0.0009524462725955981,84
41.938,-0.0014992815725955993,84
41.94,-0.0014741982725955984,84
41.942,-0.0014491149725955974,84
41.944,-0.0014240316725955965,84
41.946,-0.0009856607725955997,84
41.948,-0.0009672990225955994,84
41.95,-0.0009489372725955992,84
41.952,-0.0012372560725955987,84
41.954,-0.0013331031975955983,84
41.956,-0.0014289503225955978,84
41.958,-0.0015247974475955971,84
41.96,-0.0016206445725955969,84
41.962,-0.0010589625725955995,84
41.964,-0.0009610130725955998,84
41.966,-0.0011324845925955996,84
41.968,-0.0013039561125955993,84
41.97,-0.0014754276325955992,84
41.972,-0.0016468991525955988,84
41.974,-0.0018183706725955987,84
41.976,-0.0011814024725955996,84
41.978,-0.0009804819725955996,84
41.98,-0.0017841639725955979,84
41.982,-0.001828575005928932,84
41.984,-0.0018729860392622652,84
41.986,-0.0019173970725955992,84
41.988,-0.0012706641725955987,84
41.99,-0.0011114100225955974,84
41.992,-0.000952155872595596,84
41.994,-0.0009626707725955974,84
41.996,-0.0010649181925955977,84
41.998,-0.0011671656125955977,84
42.0,-0.001269413032595598,85
42.002,-0.001371660452595598,85
42.004,-0.0014739078725955982,85
42.006,-0.0010048392725955976,85
42.008,-0.000966179772595596,85
42.01,-0.0011348083975955968,85
42.012,-0.0013034370225955974,85
42.014,-0.001472065647595598,85
42.016,-0.0016406942725955987,85
42.018,-0.0010709657725955987,85
42.02,-0.0010331048725955988,85
42.022,-0.0009952439725955987,85
42.024,-0.0009573830725955987,85
42.026,-0.0009766099725955976,85
42.028,-0.0011112386059289314,85
42.03,-0.001245867239262265,85
42.032,-0.0013804958725955989,85
42.034,-0.0015151245059289325,85
42.036,-0.0016497531392622663,85
42.038,-0.0017843817725956,85
42.04,-0.0016303245725955995,85
42.042,-0.0014762673725955988,85
42.044,-0.0013222101725955983,85
42.046,-0.0011408553725955988,85
42.048,-0.0009595005725955998,85
42.05,-0.0010420286225955996,85
42.052,-0.0011245566725955995,85
42.054,-0.0012070847225955994,85
42.056,-0.0012896127725955991,85
42.058,-0.0013721408225955993,85
42.06,-0.0014546688725955992,85
42.062,-0.0013371415725955977,85
42.064,-0.0012196142725955962,85
42.066,-0.0013275311475955966,85
42.068,-0.001435448022595597,85
42.07,-0.0015433648975955974,85
42.072,-0.0016512817725955978,85
42.074,-0.0014604042725955984,85
42.076,-0.0012695267725955992,85
42.078,-0.0010786492725955998,85
42.08,-0.0009622593725956001,85
42.082,-0.0010384409725955992,85
42.084,-0.0010756424225955995,85
42.086,-0.0011128438725955996,85
42.088,-0.0011500453225955997,85
42.09,-0.0011872467725955996,85
42.092,-0.0010679831225955984,85
42.094,-0.0009487194725955968,85
42.096,-0.0009397775725955952,85
42.098,-0.001200078822595596,85
42.1,-0.001460380072595597,85
42.102,-0.0017206813225955975,85
42.104,-0.0019809825725955986,85
42.106,-0.0013579051725956003,85
42.108,-0.0009625860725955978,85
42.11,-0.0010727589925955971,85
42.112,-0.001182931912595597,85
42.114,-0.001293104832595597,85
42.116,-0.001403277752595597,85
42.118,-0.0015134506725955968,85
42.12,-0.0012680082225955975,85
42.122,-0.001022565772595598,85
42.124,-0.0011758848725955983,85
42.126,-0.0011540758325955987,85
42.128,-0.0011322667925955988,85
42.13,-0.0011104577525955987,85
42.132,-0.0010886487125955989,85
42.134,-0.0010668396725955988,85
42.136,-0.0010096308725955983,85
42.138,-0.0009524220725955976,85
42.14,-0.0011690755975955975,85
42.142,-0.0013857291225955971,85
42.144,-0.0016023826475955972,85
42.146,-0.0018190361725955969,85
42.148,-0.0011933209725955988,85
42.15,-0.0009763195725955992,85
42.152,-0.0017153512725955975,85
42.154,-0.0018078759392622643,85
42.156,-0.0019004006059289316,85
42.158,-0.0019929252725955984,85
42.16,-0.001775940005928932,85
42.162,-0.001558954739262266,85
42.164,-0.0013419694725956,85
42.166,-0.0009624771725955971,85
42.168,-0.0014186834725955968,85
42.17,-0.0014449586225955971,85
42.172,-0.0014712337725955975,85
42.174,-0.0014975089225955978,85
42.176,-0.001523784072595598,85
42.178,-0.0010165278725955997,85
42.18,-0.000967498672595598,85
42.182,-0.0010844129059289316,85
42.184,-0.0012013271392622652,85
42.186,-0.0013182413725955988,85
42.188,-0.0014351556059289325,85
42.19,-0.001552069839262266,85
42.192,-0.0016689840725955995,85
42.194,-0.0010823760725956009,85
42.196,-0.0009393056725955968,85
42.198,-0.0009909484725956,85
42.2,-0.0012062165475956,85
42.202,-0.0014214846225955998,85
42.204,-0.0016367526975955996,85
42.206,-0.0018520207725956,85
42.208,-0.0012171095725955969,85
42.21,-0.0009573346725956014,85
42.212,-0.000959023832595601,85
42.214,-0.0009607129925956003,85
42.216,-0.0009624021525956,85
42.218,-0.0009640913125955997,85
42.22,-0.0009657804725955992,85
42.222,-0.0009459364725955994,85
42.224,-0.0010912332725955991,85
42.226,-0.0012365300725955992,85
42.228,-0.0013818268725955991,85
42.23,-0.001527123672595599,85
42.232,-0.0013564330059289322,85
42.234,-0.0011857423392622652,85
42.236,-0.0010150516725955985,85
42.238,-0.000961460772595596,85
42.24,-0.0011403592725955992,85
42.242,-0.0012869326225955992,85
42.244,-0.0014335059725955992,85
42.246,-0.0015800793225955992,85
42.248,-0.0017266526725955994,85
42.25,-0.0011175628725955988,85
42.252,-0.0009800947725955994,85
42.254,-0.001025760172595598,85
42.256,-0.001461335972595598,85
42.258,-0.0018969117725955976,85
42.26,-0.0012524899725955983,85
42.262,-0.0011629943392622655,85
42.264,-0.0010734987059289331,85
42.266,-0.0009840030725956003,85
42.268,-0.0016512454725955972,85
42.27,-0.0015995324925955976,85
42.272,-0.001547819512595598,85
42.274,-0.0014961065325955988,85
42.276,-0.0014443935525955992,85
42.278,-0.0013926805725955995,85
42.28,-0.0013446193725955985,85
42.282,-0.0013797638225955984,85
42.284,-0.0014149082725955983,85
42.286,-0.0014500527225955982,85
42.288,-0.001485197172595598,85
42.29,-0.001520341622595598,85
42.292,-0.001555486072595598,85
42.294,-0.0010282285725955985,85
42.296,-0.0011132431725955974,85
42.298,-0.001233386492595598,85
42.3,-0.0013535298125955982,85
42.302,-0.0014736731325955988,85
42.304,-0.001593816452595599,85
42.306,-0.0017139597725955996,85
42.308,-0.0011232619725955982,85
42.31,-0.0009686965725955992,85
42.312,-0.0010060976725955982,85
42.314,-0.0014595693725955984,85
42.316,-0.0019130410725955985,85
42.318,-0.0015986830725955986,85
42.32,-0.0012843250725955984,85
42.322,-0.0009699670725955984,85
42.324,-0.0009715521725955981,85
42.326,-0.0009731372725955978,85
42.328,-0.0009801340975955982,85
42.33,-0.0009871309225955981,85
42.332,-0.0009941277475955983,85
42.334,-0.0010011245725955985,85
42.336,-0.0009966556392622648,85
42.338,-0.0009921867059289311,85
42.34,-0.0009877177725955977,85
42.342,-0.0013354112725956005,85
42.344,-0.0014039396225956,85
42.346,-0.0014724679725955994,85
42.348,-0.0015409963225955989,85
42.35,-0.0016095246725955983,85
42.352,-0.0010799802725955984,85
42.354,-0.0009895932725955993,85
42.356,-0.0011189543725955986,85
42.358,-0.001341884772595599,85
42.36,-0.0015648151725955993,85
42.362,-0.0017877455725955995,85
42.364,-0.0014826924725955988,85
42.366,-0.001177639372595598,85
42.368,-0.0010026249725955984,85
42.37,-0.0010120629725955954,85
42.372,-0.0018853562725955984,85
42.374,-0.0016837622059289311,85
42.376,-0.0014821681392622643,85
42.378,-0.0012805740725955975,85
42.38,-0.0011246353225955992,85
42.382,-0.0009686965725956008,85
42.384,-0.001561112572595599,85
42.386,-0.0015361684225955992,85
42.388,-0.0015112242725955991,85
42.39,-0.001486280122595599,85
42.392,-0.0014613359725955987,85
42.394,-0.0010026733725955975,85
42.396,-0.0012988571725956015,85
42.398,-0.001236463522595601,85
42.4,-0.0011740698725956006,85
42.402,-0.0011116762225956,85
42.404,-0.0010492825725955995,85
42.406,-0.001022537539262266,85
42.408,-0.0009957925059289325,85
42.41,-0.0009690474725955987,85
42.412,-0.0010936653725955971,85
42.414,-0.0012655942725955977,85
42.416,-0.001437523172595598,85
42.418,-0.0016094520725955983,85
42.42,-0.0017813809725955986,85
42.422,-0.001154455772595599,85
42.424,-0.000968732872595598,85
42.426,-0.0010010156725955982,85
42.428,-0.0018577682725956,85
42.43,-0.0018846464059289328,85
42.432,-0.0019115245392622663,85
42.434,-0.0019384026725955995,85
42.436,-0.0013121792725955988,85
42.438,-0.0009843902725956003,85
42.44,-0.0015624798725955985,85
42.442,-0.0015453075525955983,85
42.444,-0.0015281352325955983,85
42.446,-0.001510962912595598,85
42.448,-0.001493790592595598,85
42.45,-0.0014766182725955979,85
42.452,-0.0010311083725955978,85
42.454,-0.0009968532725955978,85
42.456,-0.0012826431725955975,85
42.458,-0.001369015997595598,85
42.46,-0.0014553888225955984,85
42.462,-0.001541761647595599,85
42.464,-0.0016281344725955996,85
42.466,-0.0010776933725955978,85
42.468,-0.0009839304725956007,85
42.47,-0.0010844693725955978,85
42.472,-0.001273211222595598,85
42.474,-0.001461953072595598,85
42.476,-0.0016506949225955983,85
42.478,-0.0018394367725955985,85
42.48,-0.0012101883725955977,85
42.482,-0.0010053958725955974,85
42.484,-0.0010018989725955989,85
42.486,-0.0018125142725956,85
42.488,-0.0016504428392622658,85
42.49,-0.0014883714059289316,85
42.492,-0.0013262999725955971,85
42.494,-0.0011596769225955988,85
42.496,-0.0009930538725956006,85
42.498,-0.0009894964725956008,85
42.5,-0.0015333551725955977,86
42.502,-0.0015207772225955978,86
42.504,-0.001508199272595598,86
42.506,-0.001495621322595598,86
42.508,-0.0014830433725955983,86
42.51,-0.0010255302725956008,86
42.512,-0.0009992369725955984,86
42.514,-0.0012716079725955988,86
42.516,-0.0014147469392622655,86
42.518,-0.001557885905928932,86
42.52,-0.0017010248725955988,86
42.522,-0.0010994249725955977,86
42.524,-0.001043879922595599,86
42.526,-0.0009883348725956004,86
42.528,-0.0010814927725955985,86
42.53,-0.001268135272595598,86
42.532,-0.0014547777725955975,86
42.534,-0.0016414202725955971,86
42.536,-0.0018280627725955967,86
42.538,-0.0011960071725955982,86
42.54,-0.000978170872595597,86
42.542,-0.0009813652725955968,86
42.544,-0.0017707329725955984,86
42.546,-0.001836694105928932,86
42.548,-0.0019026552392622657,86
42.55,-0.0019686163725956,86
42.552,-0.0013335115725955984,86
42.554,-0.0009935862725955983,86
42.556,-0.0014822810725955964,86
42.558,-0.001387968832595597,86
42.56,-0.0012936565925955972,86
42.562,-0.0011993443525955977,86
42.564,-0.001105032112595598,86
42.566,-0.0010107198725955984,86
42.568,-0.0009944332725955974,86
42.57,-0.0009781466725955965,86
42.572,-0.0012152461725956007,86
42.574,-0.0013227334975956,86
42.576,-0.0014302208225955996,86
42.578,-0.0015377081475955988,86
42.58,-0.0016451954725955984,86
42.582,-0.0010837554725955983,86
42.584,-0.0010603056725955982,86
42.586,-0.0012489053475955984,86
42.588,-0.0014375050225955983,86
42.59,-0.0016261046975955987,86
42.592,-0.0018147043725955988,86
42.594,-0.0012154034725955984,86
42.596,-0.0011108957725955992,86
42.598,-0.0010063880725956,86
42.6,-0.0009998419725955991,86
42.602,-0.0017588144725955972,86
42.604,-0.001878138622595598,86
42.606,-0.001997462772595599,86
42.608,-0.0013536459725955984,86
42.61,-0.0009913235725955982,86
42.612,-0.0012216289225955987,86
42.614,-0.001451934272595599,86
42.616,-0.0013751476725955987,86
42.618,-0.0012983610725955986,86
42.62,-0.0012215744725955983,86
42.622,-0.0011447878725955984,86
42.624,-0.0010680012725955983,86
42.626,-0.0009912146725955982,86
42.628,-0.0011949423725955977,86
42.63,-0.0011708674059289308,86
42.632,-0.0011467924392622635,86
42.634,-0.0011227174725955968,86
42.636,-0.001058030872595598,86
42.638,-0.000993344272595599,86
42.64,-0.0010265890225956004,86
42.642,-0.0010598337725956017,86
42.644,-0.0012572815725956008,86
42.646,-0.0014547293725956003,86
42.648,-0.0016521771725955996,86
42.65,-0.0018496249725955987,86
42.652,-0.0012166739725955993,86
42.654,-0.0009800705725955987,86
42.656,-0.0017362600725955996,86
42.658,-0.0018673635725956,86
42.66,-0.0019984670725956,86
42.662,-0.001790173639262266,86
42.664,-0.001581880205928932,86
42.666,-0.001373586772595598,86
42.668,-0.000987620972595596,86
42.67,-0.0010812850559289294,86
42.672,-0.0011749491392622627,86
42.674,-0.0012686132225955965,86
42.676,-0.00136227730592893,86
42.678,-0.0014559413892622636,86
42.68,-0.0015496054725955971,86
42.682,-0.0010507466725956007,86
42.684,-0.0009828293725955976,86
42.686,-0.0011837619725955963,86
42.688,-0.001463356672595598,86
42.69,-0.0017429513725955995,86
42.692,-0.001435792872595599,86
42.694,-0.0011286343725955984,86
42.696,-0.001049330972595599,86
42.698,-0.0009700275725955993,86
42.7,-0.0010300677725955977,86
42.702,-0.0019800992725956014,86
42.704,-0.0019467153725956008,86
42.706,-0.0019133314725956,86
42.708,-0.0018799475725955993,86
42.71,-0.0009911057725955994,86
42.712,-0.0009903253225955987,86
42.714,-0.0009895448725955986,86
42.716,-0.0016817132725956002,86
42.718,-0.0016063665725955995,86
42.72,-0.0015310198725955989,86
42.722,-0.001455673172595598,86
42.724,-0.0013803264725955975,86
42.726,-0.0009946994725955997,86
42.728,-0.0009814620725955984,86
42.73,-0.0013891594725955988,86
42.732,-0.001425017822595599,86
42.734,-0.0014608761725955991,86
42.736,-0.0014967345225955992,86
42.738,-0.0015325928725955992,86
42.74,-0.000983410172595598,86
42.742,-0.0011318941125955985,86
42.744,-0.0012803780525955989,86
42.746,-0.001428861992595599,86
42.748,-0.0015773459325955994,86
42.75,-0.0017258298725955998,86
42.752,-0.0013626967725955987,86
42.754,-0.0009995636725955975,86
42.756,-0.0015577850725955987,86
42.758,-0.0016517929975955984,86
42.76,-0.0017458009225955985,86
42.762,-0.0018398088475955984,86
42.764,-0.0019338167725955985,86
42.766,-0.0012662355725956004,86
42.768,-0.0009862294725955997,86
42.77,-0.001662026572595598,86
42.772,-0.001497173147595598,86
42.774,-0.001332319722595598,86
42.776,-0.001167466297595598,86
42.778,-0.001002612872595598,86
42.78,-0.0009998661725955998,86
42.782,-0.0011254520725955995,86
42.784,-0.0012510379725956,86
42.786,-0.0013766238725956004,86
42.788,-0.0014245186975955998,86
42.79,-0.0014724135225955993,86
42.792,-0.0015203083475955987,86
42.794,-0.001568203172595598,86
42.796,-0.0010600515725955988,86
42.798,-0.000993719372595597,86
42.8,-0.0011527133725955999,86
42.802,-0.0013062956475955998,86
42.804,-0.0014598779225955996,86
42.806,-0.0016134601975955995,86
42.808,-0.0017670424725955995,86
42.81,-0.0011530158725955968,86
42.812,-0.0010137690725956008,86
42.814,-0.0012443799475956004,86
42.816,-0.0014749908225956,86
42.818,-0.0017056016975955995,86
42.82,-0.0019362125725955993,86
42.822,-0.0012990991725955973,86
42.824,-0.0010032299725955991,86
42.826,-0.0010002170725955971,86
42.828,-0.0016320669725955975,86
42.83,-0.0015959097525955976,86
42.832,-0.0015597525325955982,86
42.834,-0.0015235953125955985,86
42.836,-0.0014874380925955987,86
42.838,-0.0014512808725955992,86
42.84,-0.0010270790725955964,86
42.842,-0.0009857575725955962,86
42.844,-0.0013358831725956003,86
42.846,-0.0014030321225956,86
42.848,-0.0014701810725955995,86
42.85,-0.0015373300225955992,86
42.852,-0.001604478972595599,86
42.854,-0.0010802343725955996,86
42.856,-0.0011199102725955971,86
42.858,-0.0011316980925955972,86
42.86,-0.0011434859125955973,86
42.862,-0.0011552737325955975,86
42.864,-0.0011670615525955976,86
42.866,-0.0011788493725955976,86
42.868,-0.0010921226225955975,86
42.87,-0.0010053958725955974,86
42.872,-0.0019020300725956004,86
42.874,-0.0019171520475956,86
42.876,-0.0019322740225955995,86
42.878,-0.0019473959975955988,86
42.88,-0.0019625179725955982,86
42.882,-0.0012956264725955992,86
42.884,-0.0009782192725955978,86
42.886,-0.0009770697725955992,86
42.888,-0.0015975456725955996,86
42.89,-0.0015526587059289329,86
42.892,-0.0015077717392622664,86
42.894,-0.0014628847725955997,86
42.896,-0.0010252277725956004,86
42.898,-0.0010200731725956,86
42.9,-0.0010149185725955995,86
42.902,-0.001332023272595597,86
42.904,-0.0014030865725955972,86
42.906,-0.0014741498725955975,86
42.908,-0.0015452131725955977,86
42.91,-0.001616276472595598,86
42.912,-0.0010730348725955967,86
42.914,-0.0009936346725955975,86
42.916,-0.0011092501725955967,86
42.918,-0.0012845035475955971,86
42.92,-0.0014597569225955976,86
42.922,-0.001635010297595598,86
42.924,-0.0018102636725955985,86
42.926,-0.0011973865725955976,86
42.928,-0.0018782293725955988,86
42.93,-0.0018951693725955988,86
42.932,-0.0019121093725955988,86
42.934,-0.0019290493725955989,86
42.936,-0.0019459893725955989,86
42.938,-0.001962929372595599,86
42.94,-0.0009904886725955984,86
42.942,-0.0009913054225955988,86
42.944,-0.000992122172595599,86
42.946,-0.0015644279725955995,86
42.948,-0.0015380257725955992,86
42.95,-0.0015116235725955987,86
42.952,-0.001485221372595598,86
42.954,-0.0014588191725955976,86
42.956,-0.0010201820725955976,86
42.958,-0.0009892665725955985,86
42.96,-0.0012877977725955989,86
42.962,-0.0014624007725955984,86
42.964,-0.0016370037725955983,86
42.966,-0.0013055303225955979,86
42.968,-0.0009740568725955973,86
42.97,-0.001011578972595598,86
42.972,-0.0010491010725955988,86
42.974,-0.0010866231725955992,86
42.976,-0.001265388572595599,86
42.978,-0.0014441539725955988,86
42.98,-0.0016229193725955985,86
42.982,-0.001801684772595598,86
42.984,-0.0011904774725955986,86
42.986,-0.0010027217725955967,86
42.988,-0.001415688722595597,86
42.99,-0.0018286556725955973,86
42.992,-0.0018792094725955976,86
42.994,-0.001929763272595598,86
42.996,-0.0019803170725955985,86
42.998,-0.0013592240725955988,86
43.0,-0.001028676272595598,87
43.002,-0.0010070898725955992,87
43.004,-0.0015357872725955974,87
43.006,-0.0015330405725955975,87
43.008,-0.0015302938725955976,87
43.01,-0.0015275471725955975,87
43.012,-0.0015248004725955978,87
43.014,-0.001045858272595599,87
43.016,-0.0010109376725956007,87
43.018,-0.0012836837725955991,87
43.02,-0.001380598722595599,87
43.022,-0.0014775136725955988,87
43.024,-0.0015744286225955985,87
43.026,-0.001671343572595598,87
43.028,-0.0009916986725955982,87
43.03,-0.0010735067725955968,87
43.032,-0.001229134552595597,87
43.034,-0.0013847623325955974,87
43.036,-0.0015403901125955975,87
43.038,-0.0016960178925955979,87
43.04,-0.0018516456725955976,87
43.042,-0.0012085790725955992,87
43.044,-0.000981486272595599,87
43.046,-0.0009914445725955968,87
43.048,-0.0012402477975955975,87
43.05,-0.001489051022595598,87
43.052,-0.0017378542475955984,87
43.054,-0.001986657472595599,87
43.056,-0.0009853703725955997,87
43.058,-0.0009903313725956008,87
43.06,-0.0012348481725955995,87
43.062,-0.001479364972595598,87
43.064,-0.001485427072595598,87
43.066,-0.001491489172595598,87
43.068,-0.0014975512725955975,87
43.07,-0.0015036133725955976,87
43.072,-0.0010516662725955968,87
43.074,-0.0010106714725955993,87
43.076,-0.001243765872595597,87
43.078,-0.0013913052059289315,87
43.08,-0.0015388445392622654,87
43.082,-0.0016863838725955996,87
43.084,-0.0014121676225955998,87
43.086,-0.0011379513725956,87
43.088,-0.0010197585725955985,87
43.09,-0.0010739060725955957,87
43.092,-0.0011123144975955968,87
43.094,-0.0011507229225955979,87
43.096,-0.0011891313475955987,87
43.098,-0.0012275397725956,87
43.1,-0.000995740072595598,87
43.102,-0.0009932232725955968,87
43.104,-0.0017740967725955997,87
43.106,-0.0016961824525955995,87
43.108,-0.0016182681325955992,87
43.11,-0.001540353812595599,87
43.112,-0.0014624394925955987,87
43.114,-0.0013845251725955984,87
43.116,-0.0009966717725955997,87
43.118,-0.0012398333725955983,87
43.12,-0.0014829949725955974,87
43.122,-0.001497531105928931,87
43.124,-0.0015120672392622645,87
43.126,-0.001526603372595598,87
43.128,-0.001269823222595598,87
43.13,-0.0010130430725955979,87
43.132,-0.0011254823225955984,87
43.134,-0.0012379215725955989,87
43.136,-0.0012066763475955988,87
43.138,-0.0011754311225955988,87
43.14,-0.0011441858975955988,87
43.142,-0.0011129406725955988,87
43.144,-0.0009868828725955996,87
43.146,-0.001024628822595598,87
43.148,-0.0010623747725955965,87
43.15,-0.0011093378975955968,87
43.152,-0.0011563010225955975,87
43.154,-0.001203264147595598,87
43.156,-0.0012502272725955985,87
43.158,-0.0010050812725955968,87
43.16,-0.0010145313725955993,87
43.162,-0.0013812823725955986,87
43.164,-0.001748033372595598,87
43.166,-0.0016543551725955977,87
43.168,-0.0015606769725955971,87
43.17,-0.001466998772595597,87
43.172,-0.0013733205725955967,87
43.174,-0.0009916139725955984,87
43.176,-0.0009797801725955969,87
43.178,-0.0014313037725955987,87
43.18,-0.0014610304475955985,87
43.182,-0.0014907571225955983,87
43.184,-0.001520483797595598,87
43.186,-0.0015502104725955979,87
43.188,-0.0010210532725955998,87
43.19,-0.0011053116225955995,87
43.192,-0.0011895699725955992,87
43.194,-0.001324085672595599,87
43.196,-0.0014586013725955988,87
43.198,-0.0015931170725955986,87
43.2,-0.0017276327725955984,87
43.202,-0.0009673413725956001,87
43.204,-0.0010142651725955978,87
43.206,-0.001489480572595599,87
43.208,-0.0019646959725956,87
43.21,-0.0019386043392622663,87
43.212,-0.0019125127059289328,87
43.214,-0.001886421072595599,87
43.216,-0.0012401237725955978,87
43.218,-0.0009610493725955987,87
43.22,-0.0009750732725955987,87
43.222,-0.0010574016725955987,87
43.224,-0.0011397300725955988,87
43.226,-0.0012220584725955988,87
43.228,-0.001304386872595599,87
43.23,-0.001386715272595599,87
43.232,-0.0009917470725955971,87
43.234,-0.0009756419725955971,87
43.236,-0.0013992024725955985,87
43.238,-0.0014369635475955983,87
43.24,-0.0014747246225955983,87
43.242,-0.0015124856975955983,87
43.244,-0.0015502467725955983,87
43.246,-0.0010435955725955973,87
43.248,-0.0009788968725955999,87
43.25,-0.0011622602725955972,87
43.252,-0.0012986302975955975,87
43.254,-0.0014350003225955983,87
43.256,-0.0015713703475955989,87
43.258,-0.0017077403725955995,87
43.26,-0.000971806272595601,87
43.262,-0.0014647421225955993,87
43.264,-0.001957677972595597,87
43.266,-0.0017810814975955983,87
43.268,-0.0016044850225955991,87
43.27,-0.0014278885475956,87
43.272,-0.0012512920725956007,87
43.274,-0.0009845475725955982,87
43.276,-0.0009735547225955976,87
43.278,-0.0009625618725955971,87
43.28,-0.0016461029725955976,87
43.282,-0.0015854456725955977,87
43.284,-0.0015247883725955976,87
43.286,-0.0014641310725955975,87
43.288,-0.0014034737725955974,87
43.29,-0.0009825873725956003,87
43.292,-0.0009828414725955997,87
43.294,-0.0013623579725955991,87
43.296,-0.001435325005928932,87
43.298,-0.0015082920392622647,87
43.3,-0.0015812590725955975,87
43.302,-0.0010494882725956,87
43.304,-0.0010213255225956005,87
43.306,-0.000993162772595601,87
43.308,-0.0011572387725955963,87
43.31,-0.001309178472595597,87
43.312,-0.0014611181725955975,87
43.314,-0.001613057872595598,87
43.316,-0.0017649975725955985,87
43.318,-0.0011549760725956,87
43.32,-0.0010041737725955974,87
43.322,-0.0010431841725956,87
43.324,-0.0019638610725955987,87
43.326,-0.001940731922595599,87
43.328,-0.0019176027725955995,87
43.33,-0.0012963282725955982,87
43.332,-0.0011550789225955984,87
43.334,-0.0010138295725955985,87
43.336,-0.0016651483725956,87
43.338,-0.0016064754725955998,87
43.34,-0.0015478025725955994,87
43.342,-0.001489129672595599,87
43.344,-0.0014304567725955987,87
43.346,-0.0012002179725955975,87
43.348,-0.0009699791725955968,87
43.35,-0.0013404327725955976,87
43.352,-0.001383760452595598,87
43.354,-0.0014270881325955983,87
43.356,-0.0014704158125955988,87
43.358,-0.0015137434925955988,87
43.36,-0.0015570711725955994,87
43.362,-0.0010491010725955999,87
43.364,-0.0009522042725955969,87
43.366,-0.0011525409475955976,87
43.368,-0.001352877622595598,87
43.37,-0.0015532142975955984,87
43.372,-0.001753550972595599,87
43.374,-0.0014469974725955983,87
43.376,-0.0011404439725955975,87
43.378,-0.0009747707725956,87
43.38,-0.0009857091725955988,87
43.382,-0.0018929429725955977,87
43.384,-0.0019075436392622647,87
43.386,-0.0019221443059289317,87
43.388,-0.0019367449725955985,87
43.39,-0.0012771981725955975,87
43.392,-0.0009766220725955996,87
43.394,-0.0015876236725955988,87
43.396,-0.0014710304925955983,87
43.398,-0.0013544373125955983,87
43.4,-0.0012378441325955982,87
43.402,-0.001121250952595598,87
43.404,-0.0010046577725955977,87
43.406,-0.001160572322595598,87
43.408,-0.0013164868725955986,87
43.41,-0.0013755106725955985,87
43.412,-0.0014345344725955986,87
43.414,-0.0014935582725955983,87
43.416,-0.0015525820725955986,87
43.418,-0.0016116058725955983,87
43.42,-0.0010789033725955976,87
43.422,-0.001115348572595598,87
43.424,-0.001253627372595598,87
43.426,-0.001391906172595598,87
43.428,-0.0015301849725955976,87
43.43,-0.0016684637725955975,87
43.432,-0.0018067425725955975,87
43.434,-0.0011734285725956,87
43.436,-0.0009756177725956,87
43.438,-0.0010164915725955972,87
43.44,-0.001881000272595596,87
43.442,-0.0019220313725955976,87
43.444,-0.0019630624725956,87
43.446,-0.0013108119725955998,87
43.448,-0.0011511040725955988,87
43.45,-0.0009913961725955978,87
43.452,-0.0009869191725956003,87
43.454,-0.0015646457725955968,87
43.456,-0.0015391026725955971,87
43.458,-0.001513559572595598,87
43.46,-0.0014880164725955985,87
43.462,-0.001462473372595599,87
43.464,-0.0010089895725955995,87
43.466,-0.0009951229725955987,87
43.468,-0.0012927587725956,87
43.47,-0.0013759160225956,87
43.472,-0.0014590732725955997,87
43.474,-0.0015422305225955995,87
43.476,-0.001625387772595599,87
43.478,-0.0010756242725955979,87
43.48,-0.0009881775725955992,87
43.482,-0.001102776672595597,87
43.484,-0.0012739644475955976,87
43.486,-0.001445152222595598,87
43.488,-0.0016163399975955986,87
43.49,-0.0017875277725955992,87
43.492,-0.0010098244725955993,87
43.494,-0.0010254939725956,87
43.496,-0.0012540962475955995,87
43.498,-0.0014826985225955987,87
43.5,-0.0017113007975955983,88
43.502,-0.0019399030725955977,88
43.504,-0.0016261863725955976,88
43.506,-0.0013124696725955974,88
43.508,-0.0009886010725955966,88
43.51,-0.0009857696725955982,88
43.512,-0.0009967395325955982,88
43.514,-0.001007709392595598,88
43.516,-0.001018679252595598,88
43.518,-0.0010296491125955979,88
43.52,-0.001040618972595598,88
43.522,-0.0010033993725955953,88
43.524,-0.0011512371725955967,88
43.526,-0.0012990749725955983,88
43.528,-0.0012494679975955983,88
43.53,-0.001199861022595598,88
43.532,-0.001150254047595598,88
43.534,-0.0011006470725955977,88
43.536,-0.0010455497225955975,88
43.538,-0.0009904523725955976,88
43.54,-0.0010869014725955993,88
43.542,-0.0013420380392622662,88
43.544,-0.0015971746059289331,88
43.546,-0.0018523111725956,88
43.548,-0.0015467559225955984,88
43.55,-0.0012412006725955969,88
43.552,-0.0018686703725955976,88
43.554,-0.0017841115392622643,88
43.556,-0.0016995527059289308,88
43.558,-0.0016149938725955977,88
43.56,-0.0015304350392622644,88
43.562,-0.001445876205928931,88
43.564,-0.0013613173725955975,88
43.566,-0.0010232433725955983,88
43.568,-0.0015522190725956,88
43.57,-0.0014500200525956,88
43.572,-0.0013478210325956,88
43.574,-0.0012456220125956004,88
43.576,-0.0011434229925956004,88
43.578,-0.0010412239725956004,88
43.58,-0.001290096772595596,88
43.582,-0.0013694509925955963,88
43.584,-0.001448805212595597,88
43.586,-0.0015281594325955972,88
43.588,-0.0016075136525955977,88
43.59,-0.001686867872595598,88
43.592,-0.001130594572595598,88
43.594,-0.0010109618725955977,88
43.596,-0.0010927941725955986,88
43.598,-0.0012501958125955986,88
43.6,-0.0014075974525955986,88
43.602,-0.0015649990925955984,88
43.604,-0.0017224007325955984,88
43.606,-0.0018798023725955983,88
43.608,-0.0012426889725956,88
43.61,-0.0010048513725955995,88
43.612,-0.0010198553725955968,88
43.614,-0.0018101426725955975,88
43.616,-0.001583491522595598,88
43.618,-0.0013568403725955983,88
43.62,-0.0012304962059289312,88
43.622,-0.001104152039262264,88
43.624,-0.0009778078725955971,88
43.626,-0.0009927241475955972,88
43.628,-0.0010076404225955972,88
43.63,-0.0010225566975955972,88
43.632,-0.0010374729725955972,88
43.634,-0.0010095703725955972,88
43.636,-0.0009816677725955972,88
43.638,-0.0010673922392622642,88
43.64,-0.0011531167059289314,88
43.642,-0.0012388411725955985,88
43.644,-0.0013801853059289316,88
43.646,-0.0015215294392622648,88
43.648,-0.001662873572595598,88
43.65,-0.001394477422595598,88
43.652,-0.001126081272595598,88
43.654,-0.0010274057725955972,88
43.656,-0.0011919391525955975,88
43.658,-0.0013564725325955977,88
43.66,-0.001521005912595598,88
43.662,-0.001685539292595598,88
43.664,-0.0018500726725955985,88
43.666,-0.0012324281725956,88
43.668,-0.0010125953725955963,88
43.67,-0.0017637996725955987,88
43.672,-0.0016988662325955989,88
43.674,-0.001633932792595599,88
43.676,-0.0015689993525955987,88
43.678,-0.001504065912595599,88
43.68,-0.001439132472595599,88
43.682,-0.0010394089725955999,88
43.684,-0.0010263530725955969,88
43.686,-0.0015060575725955976,88
43.688,-0.0015524913225955978,88
43.69,-0.001598925072595598,88
43.692,-0.0016453588225955984,88
43.694,-0.0016917925725955987,88
43.696,-0.001202020872595598,88
43.698,-0.0011613769725955965,88
43.7,-0.0013972422725955988,88
43.702,-0.0015945287392622656,88
43.704,-0.0017918152059289323,88
43.706,-0.001989101672595599,88
43.708,-0.0013897886725955967,88
43.71,-0.0012547889725955975,88
43.712,-0.0013331364725955967,88
43.714,-0.0013568524725955972,88
43.716,-0.0013805684725955978,88
43.718,-0.0014042844725955985,88
43.72,-0.0014280004725955992,88
43.722,-0.0014517164725955996,88
43.724,-0.0014754324725956003,88
43.726,-0.0011924739725956007,88
43.728,-0.0015632724225956,88
43.73,-0.0019340708725955997,88
43.732,-0.0018010031392622662,88
43.734,-0.0016679354059289328,88
43.736,-0.0015348676725955995,88
43.738,-0.0011121662725956,88
43.74,-0.0010626288725955994,88
43.742,-0.0011458103225955992,88
43.744,-0.001228991772595599,88
43.746,-0.0013121732225955989,88
43.748,-0.0013953546725955987,88
43.75,-0.0014785361225955983,88
43.752,-0.0015617175725955983,88
43.754,-0.0009750006725955974,88
43.756,-0.0010687514725955978,88
43.758,-0.001162502272595598,88
43.76,-0.0012861914975955983,88
43.762,-0.0014098807225955984,88
43.764,-0.0015335699475955984,88
43.766,-0.0016572591725955987,88
43.768,-0.0010495729725956,88
43.77,-0.0009065146725955996,88
43.772,-0.0009546847725955994,88
43.774,-0.0018778300725956,88
43.776,-0.0016227298059289335,88
43.778,-0.0013676295392622668,88
43.78,-0.0011125292725955999,88
43.782,-0.0008580541725955981,88
43.784,-0.0008405394225955986,88
43.786,-0.0008230246725955993,88
43.788,-0.0011687620059289323,88
43.79,-0.0015144993392622653,88
43.792,-0.0018602366725955985,88
43.794,-0.001529700972595598,88
43.796,-0.0011991652725955974,88
43.798,-0.0008316519725955969,88
43.8,-0.0010152876225955967,88
43.802,-0.0011989232725955964,88
43.804,-0.0014457874725955974,88
43.806,-0.0016926516725955985,88
43.808,-0.0019395158725955992,88
43.81,-0.0013565983725955988,88
43.812,-0.0008616357725955982,88
43.814,-0.0008025151725955977,88
43.816,-0.0009771544725955988,88
43.818,-0.0019876254725955974,88
43.82,-0.0016380322725955976,88
43.822,-0.0012884390725955972,88
43.824,-0.0009388458725955971,88
43.826,-0.0008665604725955979,88
43.828,-0.0007942750725955984,88
43.83,-0.0008307807725955982,88
43.832,-0.0008866131975955983,88
43.834,-0.0009424456225955984,88
43.836,-0.0009982780475955985,88
43.838,-0.0010541104725955983,88
43.84,-0.0008100292725955974,88
43.842,-0.000810234972595597,88
43.844,-0.0008104406725955964,88
43.846,-0.001449054472595598,88
43.848,-0.001578923772595598,88
43.85,-0.001708793072595598,88
43.852,-0.001838662372595598,88
43.854,-0.0007563173725955997,88
43.856,-0.0011356644725955996,88
43.858,-0.0011915815975955995,88
43.86,-0.0012474987225955991,88
43.862,-0.0013034158475955992,88
43.864,-0.001359332972595599,88
43.866,-0.0011816727059289322,88
43.868,-0.001004012439262265,88
43.87,-0.0008263521725955982,88
43.872,-0.0007609516725956,88
43.874,-0.0009289480725955984,88
43.876,-0.001970177272595599,88
43.878,-0.0018318258725955985,88
43.88,-0.0016934744725955984,88
43.882,-0.0015551230725955982,88
43.884,-0.0007784482725956,88
43.886,-0.0008288084725955984,88
43.888,-0.0017316136725956006,88
43.89,-0.0015659586225956,88
43.892,-0.0014003035725955995,88
43.894,-0.0012346485225955993,88
43.896,-0.0010689934725955988,88
43.898,-0.0009460272225955984,88
43.9,-0.0008230609725955983,88
43.902,-0.001515773872595598,88
43.904,-0.001602213247595598,88
43.906,-0.001688652622595598,88
43.908,-0.001775091997595598,88
43.91,-0.001861531372595598,88
43.912,-0.0012573299725955993,88
43.914,-0.0009128066725955977,88
43.916,-0.0009605532725955983,88
43.918,-0.0012854019725955996,88
43.92,-0.0013762729725955995,88
43.922,-0.0014671439725955993,88
43.924,-0.001558014972595599,88
43.926,-0.0016488859725955988,88
43.928,-0.001086320672595599,88
43.93,-0.0011755400225955982,88
43.932,-0.0012647593725955975,88
43.934,-0.0013382456975955977,88
43.936,-0.0014117320225955979,88
43.938,-0.001485218347595598,88
43.94,-0.0015587046725955983,88
43.942,-0.0015022521225955983,88
43.944,-0.0014457995725955988,88
43.946,-0.0015016894725955984,88
43.948,-0.0015575793725955984,88
43.95,-0.001613469272595598,88
43.952,-0.001669359172595598,88
43.954,-0.0017252490725955978,88
43.956,-0.0017811389725955976,88
43.958,-0.0014936187725955988,88
43.96,-0.0015031777725956,88
43.962,-0.0015375296725955992,88
43.964,-0.0015718815725955988,88
43.966,-0.001606233472595598,88
43.968,-0.0016405853725955971,88
43.97,-0.0016749372725955967,88
43.972,-0.0016412992725955975,88
43.974,-0.001981430272595598,88
43.976,-0.001931594405928932,88
43.978,-0.0018817585392622656,88
43.98,-0.0018319226725955996,88
43.982,-0.0017820868059289332,88
43.984,-0.0017322509392622672,88
43.986,-0.001682415072595601,88
43.988,-0.0015764432725955957,88
43.99,-0.001671125772595601,88
43.992,-0.0016674201475956009,88
43.994,-0.0016637145225956006,88
43.996,-0.0016600088975956004,88
43.998,-0.0016563032725956002,88
44.0,-0.0015411173225955992,89
44.002,-0.0014259313725955983,89
44.004,-0.001461352105928932,89
44.006,-0.001496772839262265,89
44.008,-0.0015321935725955988,89
44.01,-0.0015676143059289323,89
44.012,-0.0016030350392622656,89
44.014,-0.001638455772595599,89
44.016,-0.001277960472595598,89
44.018,-0.0018144502725955995,89
44.02,-0.0017796355475955994,89
44.022,-0.0017448208225955995,89
44.024,-0.0017100060975955996,89
44.026,-0.0016751913725955997,89
44.028,-0.0011426945725955956,89
44.03,-0.001244225672595596,89
44.032,-0.0013457567725955963,89
44.034,-0.0014472878725955967,89
44.036,-0.0015488189725955971,89
44.038,-0.0016503500725955976,89
44.04,-0.0017518811725955978,89
44.042,-0.001458317022595597,89
44.044,-0.0011647528725955963,89
44.046,-0.0010406068725955994,89
44.048,-0.0011600701725956,89
44.05,-0.0013848599392622663,89
44.052,-0.001609649705928932,89
44.054,-0.0018344394725955985,89
44.056,-0.0012037027725955995,89
44.058,-0.0010191051725955984,89
44.06,-0.0010478910725955984,89
44.062,-0.0018740911725955989,89
44.064,-0.0019101572392622652,89
44.066,-0.001946223305928932,89
44.068,-0.0019822893725955984,89
44.07,-0.0016583663225955992,89
44.072,-0.0013344432725956,89
44.074,-0.0010047182725956003,89
44.076,-0.0015366100725955987,89
44.078,-0.0015158053325955987,89
44.08,-0.0014950005925955991,89
44.082,-0.0014741958525955991,89
44.084,-0.0014533911125955996,89
44.086,-0.0014325863725955996,89
44.088,-0.0009655868725955972,89
44.09,-0.0012419024725955977,89
44.092,-0.0013685088059289315,89
44.094,-0.0014951151392622656,89
44.096,-0.0016217214725955992,89
44.098,-0.0014338044392622651,89
44.1,-0.001245887405928931,89
44.102,-0.0010579703725955968,89
44.104,-0.0010387434725955963,89
44.106,-0.0012783517059289304,89
44.108,-0.0015179599392622645,89
44.11,-0.0017575681725955983,89
44.112,-0.0011399841725955977,89
44.114,-0.001026135272595598,89
44.116,-0.0009122863725955984,89
44.118,-0.0009848524925955982,89
44.12,-0.001057418612595598,89
44.122,-0.001129984732595598,89
44.124,-0.0012025508525955976,89
44.126,-0.0012751169725955976,89
44.128,-0.0009246404725956007,89
44.13,-0.0014448073725955995,89
44.132,-0.0014378528975955993,89
44.134,-0.001430898422595599,89
44.136,-0.0014239439475955988,89
44.138,-0.0014169894725955983,89
44.14,-0.0012540549059289318,89
44.142,-0.001091120339262265,89
44.144,-0.0009281857725955984,89
44.146,-0.0009107012725955987,89
44.148,-0.0011746748725956005,89
44.15,-0.0013070569392622667,89
44.152,-0.0014394390059289327,89
44.154,-0.0015718210725955987,89
44.156,-0.0012913975225955993,89
44.158,-0.0010109739725955996,89
44.16,-0.0010057830725955991,89
44.162,-0.0014896378725955991,89
44.164,-0.0019734926725955997,89
44.166,-0.0019037684392622651,89
44.168,-0.001834044205928932,89
44.17,-0.001764319972595598,89
44.172,-0.0011296628725955982,89
44.174,-0.0009015173725955993,89
44.176,-0.0009067082725955982,89
44.178,-0.0016928452725955988,89
44.18,-0.0017989683225955993,89
44.182,-0.0019050913725955996,89
44.184,-0.0012855350725955988,89
44.186,-0.0011042770725955987,89
44.188,-0.0009230190725955984,89
44.19,-0.0009036832725955976,89
44.192,-0.001014819352595598,89
44.194,-0.0011259554325955983,89
44.196,-0.0012370915125955984,89
44.198,-0.0013482275925955987,89
44.2,-0.0014593636725955988,89
44.202,-0.0009802520725956004,89
44.204,-0.0010859536392622668,89
44.206,-0.0011916552059289328,89
44.208,-0.0012973567725955988,89
44.21,-0.0014030583392622652,89
44.212,-0.0015087599059289314,89
44.214,-0.0016144614725955972,89
44.216,-0.0010379327725956004,89
44.218,-0.0009255721725956003,89
44.22,-0.0019840680725956,89
44.222,-0.0019294637975955996,89
44.224,-0.0018748595225955992,89
44.226,-0.0018202552475955988,89
44.228,-0.0017656509725955984,89
44.23,-0.001136015372595599,89
44.232,-0.0009145974725955993,89
44.234,-0.0016974795725955994,89
44.236,-0.001750680247595599,89
44.238,-0.0018038809225955988,89
44.24,-0.0018570815975955984,89
44.242,-0.001910282272595598,89
44.244,-0.0012635372725955975,89
44.246,-0.0008927811725955962,89
44.248,-0.0011253794725955971,89
44.25,-0.0013579777725955984,89
44.252,-0.0014010719225955991,89
44.254,-0.0014441660725955999,89
44.256,-0.000970100172595599,89
44.258,-0.0009463902225955984,89
44.26,-0.0009226802725955976,89
44.262,-0.0011173450725955984,89
44.264,-0.0012202095925955983,89
44.266,-0.0013230741125955987,89
44.268,-0.0014259386325955984,89
44.27,-0.0015288031525955987,89
44.272,-0.0016316676725955988,89
44.274,-0.0010429179725955967,89
44.276,-0.0009085232725955986,89
44.278,-0.0009736938725956013,89
44.28,-0.0012573985392622666,89
44.282,-0.001541103205928932,89
44.284,-0.0018248078725955977,89
44.286,-0.0015007577725955987,89
44.288,-0.0011767076725955998,89
44.29,-0.0009092371725955976,89
44.292,-0.0009224140725955997,89
44.294,-0.0016708958725956003,89
44.296,-0.0017725439392622666,89
44.298,-0.0018741920059289327,89
44.3,-0.001975840072595599,89
44.302,-0.0013164384725955975,89
44.304,-0.0009198488725955971,89
44.306,-0.0009319730725955987,89
44.308,-0.0009427027475955985,89
44.31,-0.0009534324225955981,89
44.312,-0.0009641620975955978,89
44.314,-0.0009748917725955972,89
44.316,-0.0009329410725955992,89
44.318,-0.000995865105928932,89
44.32,-0.0010587891392622648,89
44.322,-0.0011217131725955974,89
44.324,-0.0012497765475955975,89
44.326,-0.0013778399225955976,89
44.328,-0.0015059032975955975,89
44.33,-0.0016339666725955979,89
44.332,-0.0010488106725955963,89
44.334,-0.001903784572595598,89
44.336,-0.0017246349975955982,89
44.338,-0.0015454854225955984,89
44.34,-0.0013663358475955983,89
44.342,-0.0011871862725955987,89
44.344,-0.0010611103225955992,89
44.346,-0.0009350343725955997,89
44.348,-0.0009273024725955993,89
44.35,-0.0012764540225955988,89
44.352,-0.001625605572595598,89
44.354,-0.0017392407059289318,89
44.356,-0.0018528758392622649,89
44.358,-0.001966510972595599,89
44.36,-0.0013440022725955993,89
44.362,-0.0009606621725955984,89
44.364,-0.0009327111725955969,89
44.366,-0.0011186155725955976,89
44.368,-0.0013045199725955983,89
44.37,-0.001490424372595599,89
44.372,-0.0012355560225955976,89
44.374,-0.0009806876725955965,89
44.376,-0.0010935080725955997,89
44.378,-0.001188948839262266,89
44.38,-0.0012843896059289324,89
44.382,-0.0013798303725955988,89
44.384,-0.0014752711392622651,89
44.386,-0.0015707119059289315,89
44.388,-0.0016661526725955979,89
44.39,-0.0010641171725955972,89
44.392,-0.0009251970725955987,89
44.394,-0.0009616180725955971,89
44.396,-0.0019021631725955996,89
44.398,-0.0018761522059289328,89
44.4,-0.0018501412392622656,89
44.402,-0.0018241302725955993,89
44.404,-0.0011867869725956,89
44.406,-0.001610299072595597,89
44.408,-0.001569885072595597,89
44.41,-0.0015294710725955972,89
44.412,-0.0014890570725955973,89
44.414,-0.0014486430725955972,89
44.416,-0.0014082290725955975,89
44.418,-0.0013678150725955976,89
44.42,-0.0009534989725956,89
44.422,-0.0009397533725955982,89
44.424,-0.0013212663725955982,89
44.426,-0.001394338272595598,89
44.428,-0.0014674101725955975,89
44.43,-0.0015404820725955972,89
44.432,-0.0012379276225955973,89
44.434,-0.0009353731725955973,89
44.436,-0.001008342222595597,89
44.438,-0.0010813112725955969,89
44.44,-0.0012311727975955976,89
44.442,-0.0013810343225955984,89
44.444,-0.0015308958475955992,89
44.446,-0.0016807573725956,89
44.448,-0.0011057653725955966,89
44.45,-0.0009793445725955995,89
44.452,-0.0018855498725955985,89
44.454,-0.0018818835725955983,89
44.456,-0.0018782172725955984,89
44.458,-0.0018745509725955985,89
44.46,-0.0018708846725955987,89
44.462,-0.0012223367725955996,89
44.464,-0.0009215791725955997,89
44.466,-0.0009322755725955992,89
44.468,-0.0015816462725955997,89
44.47,-0.0017150528059289329,89
44.472,-0.001848459339262266,89
44.474,-0.0019818658725955993,89
44.476,-0.001364729572595598,89
44.478,-0.0009613276725955968,89
44.48,-0.0009502561725955976,89
44.482,-0.0012845428725955996,89
44.484,-0.0013670164725955991,89
44.486,-0.0014494900725955985,89
44.488,-0.001531963672595598,89
44.49,-0.0012732777725955984,89
44.492,-0.0010145918725955987,89
44.494,-0.0009590407725955965,89
44.496,-0.0010728170725955964,89
44.498,-0.0012925974392622639,89
44.5,-0.001512377805928931,90
44.502,-0.0017321581725955983,90
44.504,-0.0013500885725955996,90
44.506,-0.0009680189725956004,90
44.508,-0.0009603717725955967,90
44.51,-0.0014048834225955974,90
44.512,-0.001849395072595598,90
44.514,-0.0018755492225955976,90
44.516,-0.0019017033725955976,90
44.518,-0.0012614560725955973,90
44.52,-0.001105420522595598,90
44.522,-0.0009493849725955987,90
44.524,-0.0010394452725955988,90
44.526,-0.0011295055725955988,90
44.528,-0.0012195658725955988,90
44.53,-0.0013096261725955988,90
44.532,-0.0013996864725955988,90
44.534,-0.0009659256725956,90
44.536,-0.0009407939725955966,90
44.538,-0.001273882772595599,90
44.54,-0.0013496408725955991,90
44.542,-0.0014253989725955991,90
44.544,-0.0015011570725955992,90
44.546,-0.0015769151725955992,90
44.548,-0.001032681372595599,90
44.55,-0.0009662039725956002,90
44.552,-0.0010894061725955986,90
44.554,-0.0012472234475955986,90
44.556,-0.0014050407225955984,90
44.558,-0.0015628579975955983,90
44.56,-0.0017206752725955985,90
44.562,-0.0011160503725956004,90
44.564,-0.000944448172595598,90
44.566,-0.0009811958725955972,90
44.568,-0.0018151036725955992,90
44.57,-0.001844450205928932,90
44.572,-0.0018737967392622652,90
44.574,-0.0019031432725955984,90
44.576,-0.001257959172595597,90
44.578,-0.0009321182725955996,90
44.58,-0.0009519138725955985,90
44.582,-0.0015223320725955974,90
44.584,-0.001385668622595598,90
44.586,-0.0012490051725955985,90
44.588,-0.001112341722595599,90
44.59,-0.0009756782725955996,90
44.592,-0.0009641590725955987,90
44.594,-0.0011170909725955987,90
44.596,-0.001270022872595599,90
44.598,-0.0013456660225955987,90
44.6,-0.0014213091725955983,90
44.602,-0.001496952322595598,90
44.604,-0.0015725954725955976,90
44.606,-0.0010445877725956,90
44.608,-0.0009414352725955962,90
44.61,-0.001038598272595597,90
44.612,-0.0012130802725955972,90
44.614,-0.0013875622725955973,90
44.616,-0.0015620442725955974,90
44.618,-0.0017365262725955975,90
44.62,-0.0011339220725956004,90
44.622,-0.000956064172595597,90
44.624,-0.0009624892725955992,90
44.626,-0.0018157449725955967,90
44.628,-0.0018456077725955975,90
44.63,-0.0018754705725955985,90
44.632,-0.0019053333725955988,90
44.634,-0.001272406572595598,90
44.636,-0.0009614486725955992,90
44.638,-0.0009605653725956001,90
44.64,-0.001521702872595598,90
44.642,-0.001494012022595598,90
44.644,-0.001466321172595598,90
44.646,-0.001438630322595598,90
44.648,-0.001410939472595598,90
44.65,-0.0009754241725955984,90
44.652,-0.0009552897725956,90
44.654,-0.0011717829725955999,90
44.656,-0.0013882761725955994,90
44.658,-0.0016047693725955992,90
44.66,-0.0009676801725955997,90
44.662,-0.0010107864225955988,90
44.664,-0.001053892672595598,90
44.666,-0.0010744203225955982,90
44.668,-0.0010949479725955984,90
44.67,-0.0011154756225955987,90
44.672,-0.0011360032725955989,90
44.674,-0.001156530922595599,90
44.676,-0.0011770585725955991,90
44.678,-0.0009746981725956003,90
44.68,-0.0009748796725955987,90
44.682,-0.0013785477725955994,90
44.684,-0.0017822158725956,90
44.686,-0.0018352784059289327,90
44.688,-0.0018883409392622663,90
44.69,-0.0019414034725955996,90
44.692,-0.0013034672725955995,90
44.694,-0.0009395476725955962,90
44.696,-0.0011997218725955973,90
44.698,-0.0014598960725955984,90
44.7,-0.0014577210975955986,90
44.702,-0.0014555461225955989,90
44.704,-0.0014533711475955991,90
44.706,-0.0014511961725955991,90
44.708,-0.0009863625725955987,90
44.71,-0.0009549146725956019,90
44.712,-0.0012162988725955975,90
44.714,-0.001176323497595598,90
44.716,-0.0011363481225955983,90
44.718,-0.0010963727475955987,90
44.72,-0.001056397372595599,90
44.722,-0.0009522526725955962,90
44.724,-0.0009976337225955983,90
44.726,-0.0010430147725956004,90
44.728,-0.0012927547392622668,90
44.73,-0.001542494705928933,90
44.732,-0.0017922346725955992,90
44.734,-0.001475632122595598,90
44.736,-0.0011590295725955964,90
44.738,-0.0009358571725955977,90
44.74,-0.0009425968725955968,90
44.742,-0.0017289516725955984,90
44.744,-0.0018437746225955984,90
44.746,-0.001958597572595599,90
44.748,-0.0013175637725955992,90
44.75,-0.000954793672595598,90
44.752,-0.0009605290725955977,90
44.754,-0.001440826472595599,90
44.756,-0.001453318512595599,90
44.758,-0.0014658105525955996,90
44.76,-0.0014783025925955997,90
44.762,-0.0014907946325956,90
44.764,-0.0015032866725956003,90
44.766,-0.0010212589725955984,90
44.768,-0.0009574919725955992,90
44.77,-0.0011355253225955992,90
44.772,-0.0013135586725955993,90
44.774,-0.0014915920225955991,90
44.776,-0.0016696253725955994,90
44.778,-0.0010927820725956,90
44.78,-0.0009714190725955971,90
44.782,-0.0010232312725955983,90
44.784,-0.0011841854725955982,90
44.786,-0.001345139672595598,90
44.788,-0.0015060938725955976,90
44.79,-0.0016670480725955977,90
44.792,-0.0018280022725955971,90
44.794,-0.0012017304725955979,90
44.796,-0.0009680794725956,90
44.798,-0.0009702937725955992,90
44.8,-0.0017403014725955975,90
44.802,-0.0018254209392622649,90
44.804,-0.0019105404059289316,90
44.806,-0.0019956598725955985,90
44.808,-0.0013453332725955995,90
44.81,-0.0009643889725955978,90
44.812,-0.0014297791725955983,90
44.814,-0.001456060372595598,90
44.816,-0.001482341572595598,90
44.818,-0.001508622772595598,90
44.82,-0.0010112522725955978,90
44.822,-0.0009664943725955984,90
44.824,-0.0011847541725956007,90
44.826,-0.0012803611125956002,90
44.828,-0.0013759680525955995,90
44.83,-0.0014715749925955993,90
44.832,-0.0015671819325955988,90
44.834,-0.0016627888725955983,90
44.836,-0.0013812037225955987,90
44.838,-0.0010996185725955995,90
44.84,-0.0009821154725956002,90
44.842,-0.0010266797725955977,90
44.844,-0.0019709758725956,90
44.846,-0.0019338288725955991,90
44.848,-0.0018966818725955983,90
44.85,-0.0018595348725955977,90
44.852,-0.0012246841725955975,90
44.854,-0.0009683214725955992,90
44.856,-0.0009748191725955958,90
44.858,-0.0016885860725955983,90
44.86,-0.0015793714725955983,90
44.862,-0.0014701568725955976,90
44.864,-0.0013609422725955975,90
44.866,-0.0009785217725956,90
44.868,-0.0009635661725955965,90
44.87,-0.0013920876725955992,90
44.872,-0.0014243190475955992,90
44.874,-0.0014565504225955992,90
44.876,-0.0014887817975955992,90
44.878,-0.0015210131725955991,90
44.88,-0.0009934773725955963,90
44.882,-0.001088274822595596,90
44.884,-0.0011830722725955957,90
44.886,-0.001286060212595596,90
44.888,-0.0013890481525955962,90
44.89,-0.0014920360925955963,90
44.892,-0.0015950240325955968,90
44.894,-0.001698011972595597,90
44.896,-0.0011107263725955979,90
44.898,-0.0009904402725955976,90
44.9,-0.0010316286725956005,90
44.902,-0.0019751019725955977,90
44.904,-0.0016027486725955983,90
44.906,-0.0012303953725955987,90
44.908,-0.0011458728392622665,90
44.91,-0.001061350305928934,90
44.912,-0.0009768277725956016,90
44.914,-0.0010805640975956009,90
44.916,-0.0011843004225956,90
44.918,-0.0012880367475955991,90
44.92,-0.0013917730725955984,90
44.922,-0.0010005558725955984,90
44.924,-0.000988818872595598,90
44.926,-0.0009770818725955976,90
44.928,-0.0013667502725955988,90
44.93,-0.0014018910925955989,90
44.932,-0.0014370319125955988,90
44.934,-0.0014721727325955989,90
44.936,-0.0015073135525955988,90
44.938,-0.0015424543725955989,90
44.94,-0.0010408246725955965,90
44.942,-0.0011481637725955993,90
44.944,-0.0011443909925955992,90
44.946,-0.0011406182125955997,90
44.948,-0.0011368454325955996,90
44.95,-0.0011330726525956,90
44.952,-0.0011292998725956002,90
44.954,-0.0009777594725955982,90
44.956,-0.0009997814725955997,90
44.958,-0.001467319422595599,90
44.96,-0.0019348573725955984,90
44.962,-0.0019112139725955984,90
44.964,-0.0018875705725955984,90
44.966,-0.0018639271725955989,90
44.968,-0.0012335534725955999,90
44.97,-0.0009684424725955981,90
44.972,-0.0016545971725956,90
44.974,-0.0016072038925955996,90
44.976,-0.0015598106125955993,90
44.978,-0.001512417332595599,90
44.98,-0.0014650240525955983,90
44.982,-0.001417630772595598,90
44.984,-0.001000386472595597,90
44.986,-0.0010018868725956004,90
44.988,-0.001360591372595598,90
44.99,-0.001414400072595598,90
44.992,-0.001468208772595598,90
44.994,-0.001522017472595598,90
44.996,-0.001575826172595598,90
44.998,-0.001055078472595599,90
45.0,-0.0009847895725955992,91
45.002,-0.0011622239725955982,91
45.004,-0.0013053185725955983,91
45.006,-0.0014484131725955984,91
45.008,-0.0015915077725955984,91
45.01,-0.0017346023725955985,91
45.012,-0.0011408674725955966,91
45.014,-0.0009737785725955992,91
45.016,-0.0009911057725955977,91
45.018,-0.0012218920975955979,91
45.02,-0.001452678422595598,91
45.022,-0.0016834647475955982,91
45.024,-0.0019142510725955984,91
45.026,-0.0009867013725955998,91
45.028,-0.000983555372595599,91
45.03,-0.0009804093725955983,91
45.032,-0.0016003044725955984,91
45.034,-0.0015459633725955987,91
45.036,-0.0014916222725955993,91
45.038,-0.0014372811725955996,91
45.04,-0.0012263418725955997,91
45.042,-0.0010154025725955995,91
45.044,-0.0013292523725955995,91
45.046,-0.0014008087475955995,91
45.048,-0.0014723651225955993,91
45.05,-0.001543921497595599,91
45.052,-0.0016154778725955988,91
45.054,-0.0013505483725955985,91
45.056,-0.0010856188725955982,91
45.058,-0.0011320223725955966,91
45.06,-0.001338859772595597,91
45.062,-0.0015456971725955973,91
45.064,-0.0017525345725955975,91
45.066,-0.0011453323725955972,91
45.068,-0.0010630886725955975,91
45.07,-0.0009808449725955976,91
45.072,-0.000996435822595597,91
45.074,-0.0010120266725955965,91
45.076,-0.0019206519725955967,91
45.078,-0.001921168239262264,91
45.08,-0.0019216845059289304,91
45.082,-0.0019222007725955973,91
45.084,-0.000987548372595598,91
45.086,-0.0009912328225955992,91
45.088,-0.0009949172725956003,91
45.09,-0.0015943391725955975,91
45.092,-0.001447251572595598,91
45.094,-0.0013001639725955987,91
45.096,-0.0011530763725955992,91
45.098,-0.0010059887725955997,91
45.1,-0.000988298572595598,91
45.102,-0.0010909267392622648,91
45.104,-0.0011935549059289311,91
45.106,-0.001296183072595598,91
45.108,-0.0013988112392622648,91
45.11,-0.0015014394059289316,91
45.112,-0.0016040675725955984,91
45.114,-0.0010763865725955963,91
45.116,-0.0009880565725955968,91
45.118,-0.0011161592725955972,91
45.12,-0.0012888504725955979,91
45.122,-0.0014615416725955984,91
45.124,-0.0016342328725955989,91
45.126,-0.0018069240725955996,91
45.128,-0.0011693871725955984,91
45.13,-0.0010026733725955993,91
45.132,-0.0014373416725955988,91
45.134,-0.0018720099725955985,91
45.136,-0.001899952905928932,91
45.138,-0.0019278958392622647,91
45.14,-0.0019558387725955983,91
45.142,-0.0013053064725955972,91
45.144,-0.0009810869725956003,91
45.146,-0.0009737906725955993,91
45.148,-0.0015458423725955971,91
45.15,-0.0015150841725955974,91
45.152,-0.0014843259725955977,91
45.154,-0.001453567772595598,91
45.156,-0.0014228095725955982,91
45.158,-0.0010022377725956,91
45.16,-0.0009848016725956014,91
45.162,-0.0012832844725955972,91
45.164,-0.0013662844225955976,91
45.166,-0.001449284372595598,91
45.168,-0.0015322843225955983,91
45.17,-0.0016152842725955987,91
45.172,-0.0009851525725955987,91
45.174,-0.0010401773225955976,91
45.176,-0.001095202072595596,91
45.178,-0.001270751897595597,91
45.18,-0.0014463017225955976,91
45.182,-0.0016218515475955983,91
45.184,-0.001797401372595599,91
45.186,-0.0011743602725955964,91
45.188,-0.0009819702725955975,91
45.19,-0.0009907669725955984,91
45.192,-0.0017971835725955967,91
45.194,-0.001638076639262264,91
45.196,-0.001478969705928931,91
45.198,-0.0013198627725955984,91
45.2,-0.0009755572725956008,91
45.202,-0.0009621625725955985,91
45.204,-0.000971102455928932,91
45.206,-0.0009800423392622656,91
45.208,-0.0009889822225955993,91
45.21,-0.0009979221059289328,91
45.212,-0.0010068619892622665,91
45.214,-0.0010158018725956,91
45.216,-0.0009814983725955975,91
45.218,-0.0012718620725956015,91
45.22,-0.001223949097595601,91
45.222,-0.0011760361225956004,91
45.224,-0.0011281231475955996,91
45.226,-0.0010802101725955991,91
45.228,-0.001030981322595598,91
45.23,-0.000981752472595597,91
45.232,-0.001071582872595598,91
45.234,-0.001316140005928932,91
45.236,-0.001560697139262266,91
45.238,-0.0018052542725956,91
45.24,-0.0011778934725955991,91
45.242,-0.0009830350725955998,91
45.244,-0.0009889156725956007,91
45.246,-0.0009947962725956015,91
45.248,-0.0018102636725955967,91
45.25,-0.001870699139262264,91
45.252,-0.0019311346059289304,91
45.254,-0.0019915700725955977,91
45.256,-0.0013460713725956008,91
45.258,-0.0009741294725955987,91
45.26,-0.0014918521725955992,91
45.262,-0.0014959570975955992,91
45.264,-0.0015000620225955987,91
45.266,-0.0015041669475955987,91
45.268,-0.0015082718725955985,91
45.27,-0.0012355136725955979,91
45.272,-0.0009627554725955971,91
45.274,-0.0010910033725955984,91
45.276,-0.0012192512725956,91
45.278,-0.0013753614392622655,91
45.28,-0.0015314716059289316,91
45.282,-0.0016875817725955972,91
45.284,-0.0013998074725955984,91
45.286,-0.0011120331725955992,91
45.288,-0.0009980632725955976,91
45.29,-0.0010720910725955967,91
45.292,-0.0012637671725955972,91
45.294,-0.0014554432725955978,91
45.296,-0.0016471193725955983,91
45.298,-0.0018387954725955988,91
45.3,-0.0012052636725955988,91
45.302,-0.0009740205725955984,91
45.304,-0.0017774000725955998,91
45.306,-0.0018247715725956,91
45.308,-0.0018721430725955996,91
45.31,-0.0019195145725955992,91
45.312,-0.001966886072595599,91
45.314,-0.0013429858725955979,91
45.316,-0.0009704752725955973,91
45.318,-0.0014772353725955988,91
45.32,-0.0014906179725955987,91
45.322,-0.0015040005725955987,91
45.324,-0.0015173831725955984,91
45.326,-0.0015307657725955983,91
45.328,-0.0012550793725955994,91
45.33,-0.0009793929725956003,91
45.332,-0.0012123421725955992,91
45.334,-0.0013117315725955988,91
45.336,-0.0014111209725955988,91
45.338,-0.0015105103725955988,91
45.34,-0.0016098997725955987,91
45.342,-0.0017092891725955983,91
45.344,-0.0010019352725955995,91
45.346,-0.0010510007725955985,91
45.348,-0.0012167949725955985,91
45.35,-0.0013825891725955982,91
45.352,-0.0015483833725955982,91
45.354,-0.001714177572595598,91
45.356,-0.0018799717725955976,91
45.358,-0.0010023587725955987,91
45.36,-0.0009949898725955982,91
45.362,-0.0010600878725955983,91
45.364,-0.0011251858725955983,91
45.366,-0.0011902838725955983,91
45.368,-0.0012553818725955987,91
45.37,-0.0013204798725955987,91
45.372,-0.001385577872595599,91
45.374,-0.0009910815725955988,91
45.376,-0.000995413372595597,91
45.378,-0.0014416492725956003,91
45.38,-0.0014673889975955995,91
45.382,-0.0014931287225955986,91
45.384,-0.0015188684475955976,91
45.386,-0.0015446081725955967,91
45.388,-0.0010371583725956,91
45.39,-0.0009943606725955967,91
45.392,-0.0011994193725956004,91
45.394,-0.0013660847725955995,91
45.396,-0.001532750172595599,91
45.398,-0.0016994155725955987,91
45.4,-0.001342628922595599,91
45.402,-0.0009858422725955998,91
45.404,-0.0010425670725956009,91
45.406,-0.0012517397725956003,91
45.408,-0.0014609124725955996,91
45.41,-0.0016700851725955992,91
45.412,-0.0018792578725955987,91
45.414,-0.0009728831725955984,91
45.416,-0.0009714432725955996,91
45.418,-0.0009700033725956008,91
45.42,-0.0016960759725955978,91
45.422,-0.001556797712595598,91
45.424,-0.0014175194525955978,91
45.426,-0.001278241192595598,91
45.428,-0.0011389629325955978,91
45.43,-0.0009996846725955982,91
45.432,-0.0010071382725955964,91
45.434,-0.0012049974725955972,91
45.436,-0.0014028566725955982,91
45.438,-0.0013128356975955983,91
45.44,-0.0012228147225955988,91
45.442,-0.0011327937475955991,91
45.444,-0.0010427727725955994,91
45.446,-0.0010178165225955983,91
45.448,-0.000992860272595597,91
45.45,-0.0011662653725955964,91
45.452,-0.0011568515725955963,91
45.454,-0.0011474377725955963,91
45.456,-0.0011380239725955962,91
45.458,-0.001128610172595596,91
45.46,-0.0009779893725956005,91
45.462,-0.0010098970725955952,91
45.464,-0.001183921692595596,91
45.466,-0.0013579463125955968,91
45.468,-0.0015319709325955974,91
45.47,-0.0017059955525955983,91
45.472,-0.0018800201725955989,91
45.474,-0.0012508201725956007,91
45.476,-0.0009834222725955983,91
45.478,-0.0009713585725955981,91
45.48,-0.0016589773725955992,91
45.482,-0.001576640905928932,91
45.484,-0.0014943044392622647,91
45.486,-0.001411967972595598,91
45.488,-0.0010099091725955971,91
45.49,-0.0011995282725955987,91
45.492,-0.0013891473725956005,91
45.494,-0.0014409081475956,91
45.496,-0.0014926689225955997,91
45.498,-0.0015444296975955993,91
45.5,-0.0015961904725955989,92
45.502,-0.0010666944725955996,92
45.504,-0.0009937072725955988,92
45.506,-0.0011597676725955963,92
45.508,-0.0013177815725955969,92
45.51,-0.0014757954725955974,92
45.512,-0.001633809372595598,92
45.514,-0.0017918232725955983,92
45.516,-0.0011738883725955964,92
45.518,-0.0010488348725955984,92
45.52,-0.0015048112725955989,92
45.522,-0.0019607876725955997,92
45.524,-0.0019462797725955992,92
45.526,-0.0019317718725955987,92
45.528,-0.001613045772595598,92
45.53,-0.0012943196725955976,92
45.532,-0.0009995152725955983,92
45.534,-0.0009927634725955987,92
45.536,-0.0016348499725955983,92
45.538,-0.0015788965475955988,92
45.54,-0.0015229431225955992,92
45.542,-0.0014669896975955995,92
45.544,-0.0014110362725955998,92
45.546,-0.0009827809725955986,92
45.548,-0.0009801552725955988,92
45.55,-0.001334673172595599,92
45.552,-0.0014197523059289324,92
45.554,-0.001504831439262266,92
45.556,-0.0015899105725955991,92
45.558,-0.0010532634725955983,92
45.56,-0.001012867622595598,92
45.562,-0.0009724717725955976,92
45.564,-0.0011181073725956003,92
45.566,-0.0012755828225955996,92
45.568,-0.0014330582725955987,92
45.57,-0.0015905337225955983,92
45.572,-0.0017480091725955976,92
45.574,-0.0011408190725955992,92
45.576,-0.0009643526725955973,92
45.578,-0.0009876814725955987,92
45.58,-0.0012950900392622656,92
45.582,-0.0016024986059289328,92
45.584,-0.0019099071725956,92
45.586,-0.0009966959725955966,92
45.588,-0.0009797801725956003,92
45.59,-0.001182850439262267,92
45.592,-0.0013859207059289333,92
45.594,-0.0015889909725955995,92
45.596,-0.0015516140725955994,92
45.598,-0.0015142371725955991,92
45.6,-0.0014768602725955988,92
45.602,-0.0014394833725955983,92
45.604,-0.0010172417725955987,92
45.606,-0.0009782434725955982,92
45.608,-0.001318313972595599,92
45.61,-0.0014210550725955995,92
45.612,-0.0015237961725955995,92
45.614,-0.0016265372725955997,92
45.616,-0.001069235472595598,92
45.618,-0.0009843055725955972,92
45.62,-0.001107907072595598,92
45.622,-0.0012461471525955978,92
45.624,-0.0013843872325955977,92
45.626,-0.0015226273125955975,92
45.628,-0.0016608673925955976,92
45.63,-0.0017991074725955975,92
45.632,-0.0018316867225955987,92
45.634,-0.0018642659725956,92
45.636,-0.0017193109975955992,92
45.638,-0.0015743560225955988,92
45.64,-0.0014294010475955983,92
45.642,-0.0012844460725955976,92
45.644,-0.0011234979225955971,92
45.646,-0.0009625497725955968,92
45.648,-0.0009594763725956008,92
45.65,-0.0015420913725955972,92
45.652,-0.0015093165059289315,92
45.654,-0.0014765416392622651,92
45.656,-0.0014437667725955994,92
45.658,-0.0010016206725955987,92
45.66,-0.0009912328225955992,92
45.662,-0.0009808449725955991,92
45.664,-0.0013024145725955977,92
45.666,-0.0012459317725955976,92
45.668,-0.0011894489725955979,92
45.67,-0.001132966172595598,92
45.672,-0.001076483372595598,92
45.674,-0.0007303507725955981,92
45.676,-0.00038421817259559794,92
45.678,-0.0005832722475955978,92
45.68,-0.0007823263225955976,92
45.682,-0.0009813803975955975,92
45.684,-0.0011804344725955972,92
45.686,-0.0010825273225955976,92
45.688,-0.0009846201725955978,92
45.69,-0.0011796116725955978,92
45.692,-0.0013746031725955978,92
45.694,-0.0015695946725955978,92
45.696,-0.0017645861725955978,92
45.698,-0.001959577672595598,92
45.7,-0.001320165272595597,92
45.702,-0.0009851767725955994,92
45.704,-0.0015391631725955987,92
45.706,-0.0015239504475955986,92
45.708,-0.0015087377225955984,92
45.71,-0.001493524997595598,92
45.712,-0.0014783122725955979,92
45.714,-0.0012472627725955985,92
45.716,-0.001016213272595599,92
45.718,-0.0009757629725955959,92
45.72,-0.0012484364725956,92
45.722,-0.0013860941392622665,92
45.724,-0.0015237518059289324,92
45.726,-0.0016614094725955987,92
45.728,-0.001380683422595598,92
45.73,-0.001099957372595597,92
45.732,-0.0009857938725955986,92
45.734,-0.0010741722725955971,92
45.736,-0.0013329670725955975,92
45.738,-0.0015917618725955983,92
45.74,-0.0018505566725955987,92
45.742,-0.0014258587725955987,92
45.744,-0.0010011608725955991,92
45.746,-0.0009968895725956002,92
45.748,-0.0014092212725955993,92
45.75,-0.0018215529725955984,92
45.752,-0.001877289605928932,92
45.754,-0.0019330262392622647,92
45.756,-0.001988762872595598,92
45.758,-0.0013404690725955964,92
45.76,-0.0010116031725955971,92
45.762,-0.0010004227725955994,92
45.764,-0.0015201298725955985,92
45.766,-0.001512107572595598,92
45.768,-0.0015040852725955976,92
45.77,-0.0010485202725955996,92
45.772,-0.0010073923725955995,92
45.774,-0.0010904346725955983,92
45.776,-0.0011734769725955975,92
45.778,-0.0012565192725955965,92
45.78,-0.001365153072595597,92
45.782,-0.0014737868725955977,92
45.784,-0.0015824206725955983,92
45.786,-0.0016910544725955987,92
45.788,-0.0009829382725955965,92
45.79,-0.0010643591725955984,92
45.792,-0.0012214147525955983,92
45.794,-0.0013784703325955988,92
45.796,-0.0015355259125955987,92
45.798,-0.0016925814925955987,92
45.8,-0.0018496370725955991,92
45.802,-0.0012050579725956002,92
45.804,-0.0009749159725955992,92
45.806,-0.0009662886725956,92
45.808,-0.0012197624975955992,92
45.81,-0.0014732363225955988,92
45.812,-0.0017267101475955983,92
45.814,-0.0019801839725955978,92
45.816,-0.0013457083725955995,92
45.818,-0.0009864956725955994,92
45.82,-0.0009871369725956008,92
45.822,-0.0014890812725955969,92
45.824,-0.0014952613475955972,92
45.826,-0.0015014414225955975,92
45.828,-0.0015076214975955975,92
45.83,-0.001513801572595598,92
45.832,-0.0010425428725955987,92
45.834,-0.001209813272595596,92
45.836,-0.0013057348125955963,92
45.838,-0.0014016563525955969,92
45.84,-0.0014975778925955974,92
45.842,-0.0015934994325955975,92
45.844,-0.0016894209725955983,92
45.846,-0.0009961635725955988,92
45.848,-0.0010495003725955983,92
45.85,-0.001102837172595598,92
45.852,-0.0011561739725955975,92
45.854,-0.001209510772595597,92
45.856,-0.0009806029725956,92
45.858,-0.0009741778725955997,92
45.86,-0.001727620672595598,92
45.862,-0.001604882305928931,92
45.864,-0.001482143939262264,92
45.866,-0.0013594055725955968,92
45.868,-0.0009756419725955987,92
45.87,-0.0014452308725956004,92
45.872,-0.0013923871475956,92
45.874,-0.0013395434225956,92
45.876,-0.0012866996975955996,92
45.878,-0.0012338559725955992,92
45.88,-0.0011810122475955991,92
45.882,-0.0011281685225955989,92
45.884,-0.0010753247975955986,92
45.886,-0.0010224810725955984,92
45.888,-0.0010779515059289324,92
45.89,-0.0011334219392622666,92
45.892,-0.0011888923725956006,92
45.894,-0.0013603009725955996,92
45.896,-0.0015317095725955983,92
45.898,-0.0017031181725955975,92
45.9,-0.0013526295725955967,92
45.902,-0.0010021409725955964,92
45.904,-0.0011243527011670252,92
45.906,-0.0012465644297384544,92
45.908,-0.0013687761583098831,92
45.91,-0.001490987886881312,92
45.912,-0.0016131996154527411,92
45.914,-0.00173541134402417,92
45.916,-0.0018576230725955989,92
45.918,-0.0012314964725955984,92
45.92,-0.0009798527725956,92
45.922,-0.0009805182725955983,92
45.924,-0.0017217279725955988,92
45.926,-0.0016374544975955988,92
45.928,-0.0015531810225955988,92
45.93,-0.0014689075475955988,92
45.932,-0.0013846340725955988,92
45.934,-0.0010073802725955976,92
45.936,-0.0009802883725955997,92
45.938,-0.0013967098725955977,92
45.94,-0.0014334000975955983,92
45.942,-0.0014700903225955987,92
45.944,-0.0015067805475955996,92
45.946,-0.0015434707725956003,92
45.948,-0.001039965572595598,92
45.95,-0.0009897021725955998,92
45.952,-0.0011663137725955973,92
45.954,-0.0013070821475955978,92
45.956,-0.0014478505225955984,92
45.958,-0.0015886188975955987,92
45.96,-0.0017293872725955995,92
45.962,-0.0011355918725955982,92
45.964,-0.0010005316725955962,92
45.966,-0.0014509965225955974,92
45.968,-0.0019014613725955984,92
45.97,-0.0012685950725955988,92
45.972,-0.0011932362725955987,92
45.974,-0.0011178774725955987,92
45.976,-0.0010425186725955987,92
45.978,-0.0009671598725955985,92
45.98,-0.001316263022595598,92
45.982,-0.0016653661725955973,92
45.984,-0.001598053872595598,92
45.986,-0.0015307415725955987,92
45.988,-0.0014634292725955996,92
45.99,-0.0013961169725956006,92
45.992,-0.0009950624725955993,92
45.994,-0.0013756800725956003,92
45.996,-0.0013106304725956004,92
45.998,-0.0012455808725956,92
46.0,-0.0011805312725956002,93
46.002,-0.0011154816725956,93
46.004,-0.0010504320725956,93
46.006,-0.0010146886725955987,93
46.008,-0.0009789452725955973,93
46.01,-0.0011530642725955977,93
46.012,-0.0013025900225955979,93
46.014,-0.001452115772595598,93
46.016,-0.0016016415225955983,93
46.018,-0.0017511672725955983,93
46.02,-0.001162211872595598,93
46.022,-0.0010079852725955964,93
46.024,-0.0019411130725955992,93
46.026,-0.0019386234975955993,93
46.028,-0.0019361339225955996,93
46.03,-0.0019336443475955996,93
46.032,-0.0019311547725955995,93
46.034,-0.0012997283725955985,93
46.036,-0.0010085660725956003,93
46.038,-0.0010104415725956002,93
46.04,-0.0016688388725955988,93
46.042,-0.0015870186725955987,93
46.044,-0.0015051984725955984,93
46.046,-0.0014233782725955983,93
46.048,-0.0010036776725955968,93
46.05,-0.0009932716725956012,93
46.052,-0.001356719372595596,93
46.054,-0.0014030938325955966,93
46.056,-0.0014494682925955973,93
46.058,-0.001495842752595598,93
46.06,-0.0015422172125955987,93
46.062,-0.001588591672595599,93
46.064,-0.0009826720725956,93
46.066,-0.0011352288725955985,93
46.068,-0.0012931247975955986,93
46.07,-0.0014510207225955987,93
46.072,-0.0016089166475955988,93
46.074,-0.0017668125725955987,93
46.076,-0.0014642944225955988,93
46.078,-0.0011617762725955987,93
46.08,-0.0009771181725955983,93
46.082,-0.0010066300725955976,93
46.084,-0.0019232413725955996,93
46.086,-0.0007334725725955991,93
46.088,0.00045629622740440094,93
46.09,-0.001294537472595598,93
46.092,-0.0010062549725955976,93
46.094,-0.0009899804725955993,93
46.096,-0.0016090285725955979,93
46.098,-0.0015534411725955976,93
46.1,-0.001497853772595598,93
46.102,-0.0014422663725955978,93
46.104,-0.0010146281725955991,93
46.106,-0.0009644978725955981,93
46.108,-0.001141321222595599,93
46.11,-0.0013181445725955997,93
46.112,-0.0013885393475955993,93
46.114,-0.0014589341225955989,93
46.116,-0.0015293288975955985,93
46.118,-0.001599723672595598,93
46.12,-0.0010784677725956,93
46.122,-0.0009951229725955987,93
46.124,-0.0011058258725955975,93
46.126,-0.001277854597595598,93
46.128,-0.0014498833225955984,93
46.13,-0.0016219120475955988,93
46.132,-0.0017939407725955994,93
46.134,-0.001176138972595598,93
46.136,-0.0010044278725956004,93
46.138,-0.0018822465725955985,93
46.14,-0.0019035062725955983,93
46.142,-0.0019247659725955988,93
46.144,-0.001946025672595599,93
46.146,-0.0019672853725956,93
46.148,-0.001313340872595596,93
46.15,-0.000971056072595601,93
46.152,-0.001054392805928934,93
46.154,-0.0011377295392622667,93
46.156,-0.0012210662725955996,93
46.158,-0.0013044030059289325,93
46.16,-0.0013877397392622651,93
46.162,-0.001471076472595598,93
46.164,-0.0010195649725955984,93
46.166,-0.0009925335725955962,93
46.168,-0.0013134013725955955,93
46.17,-0.0012607724225955964,93
46.172,-0.0012081434725955973,93
46.174,-0.001155514522595598,93
46.176,-0.001102885572595599,93
46.178,-0.0010610619225955983,93
46.18,-0.0010192382725955976,93
46.182,-0.0011293724725956016,93
46.184,-0.0013576631725956006,93
46.186,-0.0015859538725956,93
46.188,-0.0018142445725955988,93
46.19,-0.0011877912725955994,93
46.192,-0.0010823518725955987,93
46.194,-0.0009769124725955982,93
46.196,-0.0009942517725956,93
46.198,-0.0012327941975955996,93
46.2,-0.0014713366225955992,93
46.202,-0.0017098790475955988,93
46.204,-0.0019484214725955984,93
46.206,-0.0013270743725956012,93
46.208,-0.0009715037725956006,93
46.21,-0.0015307052725955991,93
46.212,-0.0014305245325955992,93
46.214,-0.0013303437925955993,93
46.216,-0.0012301630525955996,93
46.218,-0.0011299823125955997,93
46.22,-0.0010298015725955995,93
46.222,-0.0011499666725955995,93
46.224,-0.0012701317725955991,93
46.226,-0.0013659335225955991,93
46.228,-0.0014617352725955991,93
46.23,-0.0015575370225955991,93
46.232,-0.0016533387725955991,93
46.234,-0.0010892125725955983,93
46.236,-0.0009917470725955971,93
46.238,-0.0010364021225955972,93
46.24,-0.0010810571725955972,93
46.242,-0.0013367987392622644,93
46.244,-0.0015925403059289314,93
46.246,-0.0018482818725955984,93
46.248,-0.0011853228725956007,93
46.25,-0.0010903378725955991,93
46.252,-0.0009953528725955981,93
46.254,-0.0018202703725955973,93
46.256,-0.0018604998475955968,93
46.258,-0.0019007293225955968,93
46.26,-0.0019409587975955968,93
46.262,-0.0019811882725955967,93
46.264,-0.0013271953725955965,93
46.266,-0.0009853340725956004,93
46.268,-0.0014911261725955964,93
46.27,-0.0014863732925955969,93
46.272,-0.0014816204125955971,93
46.274,-0.001476867532595598,93
46.276,-0.0014721146525955985,93
46.278,-0.0014673617725955988,93
46.28,-0.0009856365725955975,93
46.282,-0.0011072052725955989,93
46.284,-0.0012287739725956003,93
46.286,-0.0013708481392622665,93
46.288,-0.0015129223059289325,93
46.29,-0.0016549964725955987,93
46.292,-0.0013780335225955986,93
46.294,-0.0011010705725955983,93
46.296,-0.0009883711725955976,93
46.298,-0.0010512427725955995,93
46.3,-0.0013130101392622659,93
46.302,-0.0015747775059289323,93
46.304,-0.0018365448725955987,93
46.306,-0.0015243769725955996,93
46.308,-0.0012122090725956002,93
46.31,-0.0009835432725955988,93
46.312,-0.000976658372595602,93
46.314,-0.0010704938725956004,93
46.316,-0.0011643293725955989,93
46.318,-0.001258164872595597,93
46.32,-0.0013520003725955956,93
46.322,-0.0009954012725955988,93
46.324,-0.0009961756725955955,93
46.326,-0.0014760979725955987,93
46.328,-0.0014862044975955985,93
46.33,-0.0014963110225955983,93
46.332,-0.001506417547595598,93
46.334,-0.001516524072595598,93
46.336,-0.000997434072595598,93
46.338,-0.0011047247725955982,93
46.34,-0.0012120154725955984,93
46.342,-0.0013704730392622652,93
46.344,-0.0015289306059289322,93
46.346,-0.001687388172595599,93
46.348,-0.0013946105225955995,93
46.35,-0.0011018328725956004,93
46.352,-0.0009922552725955998,93
46.354,-0.0010437528725955984,93
46.356,-0.0013133328059289316,93
46.358,-0.0015829127392622648,93
46.36,-0.0018524926725955976,93
46.362,-0.0015362107725955983,93
46.364,-0.0012199288725955983,93
46.366,-0.0009865924725955993,93
46.368,-0.0009726048725955984,93
46.37,-0.0017240632725955983,93
46.372,-0.0016394509975955983,93
46.374,-0.001554838722595598,93
46.376,-0.001470226447595598,93
46.378,-0.0013856141725955978,93
46.38,-0.0010029153725956003,93
46.382,-0.0014420606725955992,93
46.384,-0.0014588530525955989,93
46.386,-0.0014756454325955987,93
46.388,-0.0014924378125955983,93
46.39,-0.001509230192595598,93
46.392,-0.0015260225725955978,93
46.394,-0.0010178346725955995,93
46.396,-0.0009683698725956,93
46.398,-0.0011829875725955991,93
46.4,-0.0013203860975955991,93
46.402,-0.0014577846225955992,93
46.404,-0.0015951831475955992,93
46.406,-0.0017325816725955994,93
46.408,-0.0011088750725955984,93
46.41,-0.0009814015725956007,93
46.412,-0.0010360814725955993,93
46.414,-0.0019915821725956,93
46.416,-0.0019548828725956,93
46.418,-0.0019181835725956,93
46.42,-0.0018814842725956,93
46.422,-0.0012302259725955975,93
46.424,-0.0009777715725955982,93
46.426,-0.0009913598725955972,93
46.428,-0.0016965478725955978,93
46.43,-0.0016152388975955979,93
46.432,-0.0015339299225955979,93
46.434,-0.0014526209475955979,93
46.436,-0.0013713119725955979,93
46.438,-0.0009814499725956,93
46.44,-0.0009865198725955981,93
46.442,-0.0010966395525955984,93
46.444,-0.0012067592325955983,93
46.446,-0.0013168789125955988,93
46.448,-0.0014269985925955992,93
46.45,-0.0015371182725955992,93
46.452,-0.0009917954725955982,93
46.454,-0.0010790546225955976,93
46.456,-0.0011663137725955973,93
46.458,-0.0013014132975955979,93
46.46,-0.0014365128225955984,93
46.462,-0.001571612347595599,93
46.464,-0.0017067118725955996,93
46.466,-0.0011506079725955975,93
46.468,-0.0010131156725955992,93
46.47,-0.0010328507725955967,93
46.472,-0.001973480572595601,93
46.474,-0.0019596381725956,93
46.476,-0.0019457957725955996,93
46.478,-0.0019319533725955984,93
46.48,-0.0012952271725956005,93
46.482,-0.0010081788725955984,93
46.484,-0.0009770092725955998,93
46.486,-0.0016644949725955983,93
46.488,-0.0016016173225955987,93
46.49,-0.0015387396725955987,93
46.492,-0.001475862022595599,93
46.494,-0.0014129843725955993,93
46.496,-0.0010008341725956,93
46.498,-0.0011970659225955986,93
46.5,-0.0013932976725955972,94
46.502,-0.0014394773225955976,94
46.504,-0.001485656972595598,94
46.506,-0.0015318366225955983,94
46.508,-0.0015780162725955987,94
46.51,-0.0010559375725955993,94
46.512,-0.0009991522725955983,94
46.514,-0.0011472441725955984,94
46.516,-0.0012953360725955986,94
46.518,-0.0014434279725955988,94
46.52,-0.0015915198725955989,94
46.522,-0.0017396117725955989,94
46.524,-0.0011273759725955975,94
46.526,-0.000978195072595599,94
46.528,-0.0010303339725955991,94
46.53,-0.0019334658725955968,94
46.532,-0.0019220011225955973,94
46.534,-0.0019105363725955976,94
46.536,-0.0009799253725955998,94
46.538,-0.0016475065725955976,94
46.54,-0.001615166729738455,94
46.542,-0.001582826886881312,94
46.544,-0.0015504870440241694,94
46.546,-0.0015181472011670267,94
46.548,-0.001485807358309884,94
46.55,-0.0014534675154527412,94
46.552,-0.0014211276725955985,94
46.554,-0.0009840635725955962,94
46.556,-0.0011595135725955968,94
46.558,-0.0013349635725955974,94
46.56,-0.0014128230392622648,94
46.562,-0.001490682505928932,94
46.564,-0.0015685419725955992,94
46.566,-0.0013138490725955983,94
46.568,-0.0010591561725955979,94
46.57,-0.0011169094725956008,94
46.572,-0.0012496658325956,94
46.574,-0.0013824221925955995,94
46.576,-0.001515178552595599,94
46.578,-0.0016479349125955987,94
46.58,-0.001780691272595598,94
46.582,-0.0010006768725955972,94
46.584,-0.000999212772595597,94
46.586,-0.0009977486725955967,94
46.588,-0.0018947337725955975,94
46.59,-0.0019153602392622648,94
46.592,-0.001935986705928932,94
46.594,-0.0019566131725955982,94
46.596,-0.0012935452725955988,94
46.598,-0.0009662644725955976,94
46.6,-0.0009739116725955981,94
46.602,-0.0016076975725955991,94
46.604,-0.0015526829059289322,94
46.606,-0.0014976682392622651,94
46.608,-0.001442653572595598,94
46.61,-0.0009972283725955997,94
46.612,-0.0013355806725955967,94
46.614,-0.0013835975059289303,94
46.616,-0.0014316143392622642,94
46.618,-0.0014796311725955979,94
46.62,-0.0015276480059289315,94
46.622,-0.0015756648392622654,94
46.624,-0.001623681672595599,94
46.626,-0.001068618372595597,94
46.628,-0.0009992974725955975,94
46.63,-0.001135918572595599,94
46.632,-0.0013038272475955988,94
46.634,-0.0014717359225955987,94
46.636,-0.0016396445975955989,94
46.638,-0.0018075532725955988,94
46.64,-0.0009781829725955986,94
46.642,-0.0009981358725955972,94
46.644,-0.0011853277125955975,94
46.646,-0.0013725195525955975,94
46.648,-0.0015597113925955978,94
46.65,-0.001746903232595598,94
46.652,-0.001934095072595598,94
46.654,-0.0013056452725956,94
46.656,-0.0009906217725955992,94
46.658,-0.0009848016725955977,94
46.66,-0.0015560063725955989,94
46.662,-0.0014235869975955983,94
46.664,-0.0012911676225955977,94
46.666,-0.001158748247595597,94
46.668,-0.0010263288725955964,94
46.67,-0.0011497791225955967,94
46.672,-0.0012732293725955975,94
46.674,-0.0013444693325955978,94
46.676,-0.001415709292595598,94
46.678,-0.0014869492525955983,94
46.68,-0.0015581892125955989,94
46.682,-0.0016294291725955992,94
46.684,-0.0010907492725955972,94
46.686,-0.0010007494725955968,94
46.688,-0.0011094437725956002,94
46.69,-0.0012854140725956,94
46.692,-0.0014613843725955998,94
46.694,-0.0016373546725955996,94
46.696,-0.0018133249725955996,94
46.698,-0.0009776384725955975,94
46.7,-0.0009861326725955982,94
46.702,-0.0009946268725955986,94
46.704,-0.0018393036725955997,94
46.706,-0.0018998702225955988,94
46.708,-0.001960436772595598,94
46.71,-0.0016431808225955984,94
46.712,-0.001325924872595599,94
46.714,-0.0009835432725955988,94
46.716,-0.0012628354725955984,94
46.718,-0.001542127672595598,94
46.72,-0.0015232607475955983,94
46.722,-0.0015043938225955988,94
46.724,-0.0014855268975955994,94
46.726,-0.0014666599725956,94
46.728,-0.0010130067725955972,94
46.73,-0.0009936709725955966,94
46.732,-0.0012486663725955992,94
46.734,-0.0012090721475955992,94
46.736,-0.0011694779225955992,94
46.738,-0.0011298836975955993,94
46.74,-0.0010902894725955993,94
46.742,-0.0009878508725956,94
46.744,-0.0010501900725955991,94
46.746,-0.0012037463325955987,94
46.748,-0.0013573025925955988,94
46.75,-0.0015108588525955986,94
46.752,-0.0016644151125955985,94
46.754,-0.0018179713725955983,94
46.756,-0.0011992741725955994,94
46.758,-0.0009784370725955983,94
46.76,-0.0017955016725955968,94
46.762,-0.0018433359975955973,94
46.764,-0.0018911703225955975,94
46.766,-0.0019390046475955985,94
46.768,-0.001986838972595599,94
46.77,-0.0013640640725955978,94
46.772,-0.0009927634725955987,94
46.774,-0.0014907873725955988,94
46.776,-0.0014975240475955983,94
46.778,-0.0015042607225955983,94
46.78,-0.001510997397595598,94
46.782,-0.0015177340725955977,94
46.784,-0.001267046272595598,94
46.786,-0.0010163584725955983,94
46.788,-0.0009791146725956004,94
46.79,-0.0012217438725956008,94
46.792,-0.0011879455475956,94
46.794,-0.0011541472225955994,94
46.796,-0.0011203488975955987,94
46.798,-0.001086550572595598,94
46.8,-0.0009887704725955997,94
46.802,-0.0010242295225955992,94
46.804,-0.001059688572595599,94
46.806,-0.0012531161475955988,94
46.808,-0.0014465437225955984,94
46.81,-0.0016399712975955984,94
46.812,-0.001833398872595598,94
46.814,-0.0011996492725955994,94
46.816,-0.0009840030725955986,94
46.818,-0.0009818734725955992,94
46.82,-0.0017549303725955968,94
46.822,-0.0018672546725955975,94
46.824,-0.0019795789725955987,94
46.826,-0.0016665277725955987,94
46.828,-0.0013534765725955987,94
46.83,-0.0009702695725955987,94
46.832,-0.0014381160725955992,94
46.834,-0.0013557465325955988,94
46.836,-0.0012733769925955985,94
46.838,-0.001191007452595598,94
46.84,-0.0011086379125955976,94
46.842,-0.001026268372595597,94
46.844,-0.0010045972725955983,94
46.846,-0.0009829261725955998,94
46.848,-0.0012028557725955978,94
46.85,-0.001335459672595598,94
46.852,-0.001468063572595598,94
46.854,-0.001600667472595598,94
46.856,-0.0017332713725955982,94
46.858,-0.0011404923725956,94
46.86,-0.0010468746725955968,94
46.862,-0.0012602732975955972,94
46.864,-0.001473671922595597,94
46.866,-0.0016870705475955975,94
46.868,-0.0019004691725955977,94
46.87,-0.0012517760725955956,94
46.872,-0.001123891172595596,94
46.874,-0.000996006272595596,94
46.876,-0.001362224872595597,94
46.878,-0.0017284434725955975,94
46.88,-0.001644185122595598,94
46.882,-0.0015599267725955983,94
46.884,-0.0014756684225955983,94
46.886,-0.0013914100725955988,94
46.888,-0.0009852130725955983,94
46.89,-0.0009794897725955987,94
46.892,-0.001424685072595598,94
46.894,-0.0014604526725955982,94
46.896,-0.0014962202725955984,94
46.898,-0.0015319878725955985,94
46.9,-0.0009897868725955994,94
46.902,-0.001174251372595598,94
46.904,-0.0012588565892622649,94
46.906,-0.0013434618059289319,94
46.908,-0.0014280670225955989,94
46.91,-0.0015126722392622659,94
46.912,-0.0015972774559289329,94
46.914,-0.0016818826725955999,94
46.916,-0.0011145741725955992,94
46.918,-0.0009926908725955991,94
46.92,-0.0010158260725956004,94
46.922,-0.0012250743975956,94
46.924,-0.0014343227225955997,94
46.926,-0.0016435710475955993,94
46.928,-0.0018528193725955988,94
46.93,-0.0009965144725956002,94
46.932,-0.0009879839725955982,94
46.934,-0.0009794534725955963,94
46.936,-0.0016646159725956008,94
46.938,-0.0015993273975956003,94
46.94,-0.0015340388225955999,94
46.942,-0.0014687502475955994,94
46.944,-0.0014034616725955987,94
46.946,-0.0010051054725955973,94
46.948,-0.0013682022725955995,94
46.95,-0.0014101650725955991,94
46.952,-0.0014521278725955992,94
46.954,-0.001494090672595599,94
46.956,-0.0015360534725955988,94
46.958,-0.0015780162725955987,94
46.96,-0.0009958731725955988,94
46.962,-0.001141937112595599,94
46.964,-0.001288001052595599,94
46.966,-0.0014340649925955991,94
46.968,-0.0015801289325955991,94
46.97,-0.0017261928725955996,94
46.972,-0.0010963515725956,94
46.974,-0.0010272908225956003,94
46.976,-0.0009582300725956003,94
46.978,-0.0010132487725956,94
46.98,-0.0019294002725955984,94
46.982,-0.0019140574725955983,94
46.984,-0.0018987146725955985,94
46.986,-0.0014318180225955986,94
46.988,-0.000964921372595599,94
46.99,-0.0009839546725955994,94
46.992,-0.0009862609325955987,94
46.994,-0.0009885671925955984,94
46.996,-0.0009908734525955981,94
46.998,-0.0009931797125955972,94
47.0,-0.0009954859725955969,95
47.002,-0.0009920576392622646,95
47.004,-0.000988629305928932,95
47.006,-0.0009852009725955999,95
47.008,-0.0013426228725956016,95
47.01,-0.0012570183975956007,95
47.012,-0.0011714139225956002,95
47.014,-0.0010858094475955996,95
47.016,-0.0010002049725955989,95
47.018,-0.0010712440725955986,95
47.02,-0.0011422831725955984,95
47.022,-0.0013023933975955984,95
47.024,-0.0014625036225955988,95
47.026,-0.0016226138475955987,95
47.028,-0.001782724072595599,95
47.03,-0.0011857584725955966,95
47.032,-0.0010084208725955992,95
47.034,-0.001016588372595599,95
47.036,-0.001314308872595599,95
47.038,-0.0016120293725955988,95
47.04,-0.0019097498725955987,95
47.042,-0.0009767067725955977,95
47.044,-0.0009677830225955981,95
47.046,-0.0009588592725955983,95
47.048,-0.0012777910725955983,95
47.05,-0.0015967228725955983,95
47.052,-0.0015561757725955983,95
47.054,-0.0015156286725955988,95
47.056,-0.001475081572595599,95
47.058,-0.0014345344725955993,95
47.06,-0.0009902708725955996,95
47.062,-0.000986677172595599,95
47.064,-0.0013384604725956012,95
47.066,-0.0014029383475956,95
47.068,-0.001467416222595599,95
47.07,-0.001531894097595598,95
47.072,-0.001596371972595597,95
47.074,-0.0010614067725955975,95
47.076,-0.0009919890725955983,95
47.078,-0.0011377819725955987,95
47.08,-0.0013506048392622648,95
47.082,-0.0015634277059289315,95
47.084,-0.0017762505725955975,95
47.086,-0.0014682813725955984,95
47.088,-0.0011603121725955994,95
47.09,-0.000998135872595599,95
47.092,-0.0009990070725955991,95
47.094,-0.0018484633725955964,95
47.096,-0.001870759639262264,95
47.098,-0.001893055905928932,95
47.1,-0.0019153521725956,95
47.102,-0.0012789405725955987,95
47.104,-0.0009765252725955996,95
47.106,-0.0009807965725955985,95
47.108,-0.0015515535725956,95
47.11,-0.0015235148475955995,95
47.112,-0.0014954761225955992,95
47.114,-0.001467437397595599,95
47.116,-0.0014393986725955987,95
47.118,-0.0009994305725955967,95
47.12,-0.0009728347725955974,95
47.122,-0.0012764116725955989,95
47.124,-0.0012179626225955983,95
47.126,-0.0011595135725955975,95
47.128,-0.0011010645225955971,95
47.13,-0.0010426154725955963,95
47.132,-0.000999696772595597,95
47.134,-0.0009567780725955981,95
47.136,-0.001078830772595598,95
47.138,-0.0012544410975955985,95
47.14,-0.001430051422595599,95
47.142,-0.0016056617475955996,95
47.144,-0.0017812720725956,95
47.146,-0.0009653569725956002,95
47.148,-0.0009745892725955994,95
47.15,-0.0009838215725955987,95
47.152,-0.0018327575725956,95
47.154,-0.0018842249225955992,95
47.156,-0.001935692272595598,95
47.158,-0.0012846638725955983,95
47.16,-0.0009603354725955994,95
47.162,-0.0009702816725956007,95
47.164,-0.0015286240725955987,95
47.166,-0.0015123979725955989,95
47.168,-0.0014961718725955988,95
47.17,-0.0014799457725955987,95
47.172,-0.0014637196725955988,95
47.174,-0.0014474935725955988,95
47.176,-0.0009974098725955977,95
47.178,-0.0009698823725955984,95
47.18,-0.0012554060725955968,95
47.182,-0.0013525630225955975,95
47.184,-0.001449719972595598,95
47.186,-0.0015468769225955989,95
47.188,-0.0016440338725955995,95
47.19,-0.001092104472595598,95
47.192,-0.0010001807725956,95
47.194,-0.0011656579525956,95
47.196,-0.0013311351325956,95
47.198,-0.0014966123125956,95
47.2,-0.0016620894925956,95
47.202,-0.0018275666725956,95
47.204,-0.0009817887725955994,95
47.206,-0.0009851223225955993,95
47.208,-0.0009884558725955991,95
47.21,-0.0018008740725955989,95
47.212,-0.001861632205928932,95
47.214,-0.0019223903392622651,95
47.216,-0.001983148472595598,95
47.218,-0.0009672929725955992,95
47.22,-0.0009690958725955997,95
47.222,-0.0009708987725956,95
47.224,-0.0014902912725955984,95
47.226,-0.0014885287059289317,95
47.228,-0.0014867661392622647,95
47.23,-0.001485003572595598,95
47.232,-0.001250681022595599,95
47.234,-0.0010163584725956,95
47.236,-0.001253082872595599,95
47.238,-0.001344979347595599,95
47.24,-0.001436875822595599,95
47.242,-0.001528772297595599,95
47.244,-0.001620668772595599,95
47.246,-0.001059688572595599,95
47.248,-0.0010123775725955995,95
47.25,-0.0009650665725956,95
47.252,-0.0010108190925955996,95
47.254,-0.001056571612595599,95
47.256,-0.0011023241325955988,95
47.258,-0.0011480766525955983,95
47.26,-0.001193829172595598,95
47.262,-0.0010837917725955975,95
47.264,-0.0009737543725955969,95
47.266,-0.0009796228725955994,95
47.268,-0.0017416566725956,95
47.27,-0.0018191813725956,95
47.272,-0.0018967060725955996,95
47.274,-0.001974230772595599,95
47.276,-0.0009891455725955997,95
47.278,-0.0009698823725955984,95
47.28,-0.001443875672595598,95
47.282,-0.001455860722595598,95
47.284,-0.0014678457725955983,95
47.286,-0.0014798308225955983,95
47.288,-0.0014918158725955987,95
47.29,-0.001253639472595599,95
47.292,-0.001015463072595599,95
47.294,-0.0009568990725955968,95
47.296,-0.0012083370725955965,95
47.298,-0.0011844123475955968,95
47.3,-0.0011604876225955974,95
47.302,-0.001136562897595598,95
47.304,-0.0011126381725955984,95
47.306,-0.0009893996725955975,95
47.308,-0.001015493322595598,95
47.31,-0.0010415869725955984,95
47.312,-0.0012444283475955983,95
47.314,-0.001447269722595598,95
47.316,-0.001650111097595598,95
47.318,-0.0018529524725955976,95
47.32,-0.0009501593725956008,95
47.322,-0.0013331727725955991,95
47.324,-0.0017161861725955973,95
47.326,-0.0018042540059289309,95
47.328,-0.0018923218392622645,95
47.33,-0.001980389672595598,95
47.332,-0.001663768972595598,95
47.334,-0.0013471482725955983,95
47.336,-0.0009600934725955984,95
47.338,-0.0014132263725955983,95
47.34,-0.0014325984725955987,95
47.342,-0.0014519705725955987,95
47.344,-0.0014713426725955988,95
47.346,-0.0014907147725955988,95
47.348,-0.0015100868725955988,95
47.35,-0.0010143619725955996,95
47.352,-0.0011592957725955995,95
47.354,-0.0012684232525955995,95
47.356,-0.0013775507325955992,95
47.358,-0.0014866782125955986,95
47.36,-0.0015958056925955983,95
47.362,-0.001704933172595598,95
47.364,-0.0011119968725955987,95
47.366,-0.001935801172595597,95
47.368,-0.0017945288325955972,95
47.37,-0.0016532564925955974,95
47.372,-0.001511984152595598,95
47.374,-0.001370711812595598,95
47.376,-0.0012294394725955986,95
47.378,-0.001098638472595598,95
47.38,-0.0009678374725955971,95
47.382,-0.0016656323725956004,95
47.384,-0.0016092003925956,95
47.386,-0.0015527684125955996,95
47.388,-0.0014963364325955991,95
47.39,-0.0014399044525955987,95
47.392,-0.0013834724725955982,95
47.394,-0.0009952318725955991,95
47.396,-0.0013868725725955985,95
47.398,-0.001423723122595598,95
47.4,-0.0014605736725955979,95
47.402,-0.0014974242225955976,95
47.404,-0.0015342747725955973,95
47.406,-0.001281971622595598,95
47.408,-0.001029668472595599,95
47.41,-0.0009598998725956,95
47.412,-0.0011360516725955996,95
47.414,-0.0013405376392622663,95
47.416,-0.0015450236059289326,95
47.418,-0.0017495095725955992,95
47.42,-0.0014425386225955991,95
47.422,-0.0011355676725955995,95
47.424,-0.001033734072595601,95
47.426,-0.0012496010975956004,95
47.428,-0.0014654681225955996,95
47.43,-0.0016813351475955989,95
47.432,-0.001897202172595598,95
47.434,-0.001244612872595599,95
47.436,-0.0009795502725955998,95
47.438,-0.0009880081725955998,95
47.44,-0.001655807172595598,95
47.442,-0.0015725148059289316,95
47.444,-0.0014892224392622656,95
47.446,-0.0014059300725955991,95
47.448,-0.0012708456725955993,95
47.45,-0.0011357612725955988,95
47.452,-0.001000676872595599,95
47.454,-0.0009951955725955967,95
47.456,-0.0013567677725955967,95
47.458,-0.0014132505725955972,95
47.46,-0.0014697333725955976,95
47.462,-0.001526216172595598,95
47.464,-0.0015826989725955982,95
47.466,-0.0010612010725955991,95
47.468,-0.0009878145725955995,95
47.47,-0.001142152492595599,95
47.472,-0.0012964904125955987,95
47.474,-0.0014508283325955983,95
47.476,-0.001605166252595598,95
47.478,-0.0017595041725955978,95
47.48,-0.0011578074725955966,95
47.482,-0.0009786548725955972,95
47.484,-0.0010027217725956,95
47.486,-0.0018984726725955968,95
47.488,-0.0018980612725955975,95
47.49,-0.0018976498725955984,95
47.492,-0.0018972384725955988,95
47.494,-0.0012634041725956002,95
47.496,-0.000968200472595597,95
47.498,-0.0009692168725956017,95
47.5,-0.0016229314725955974,96
47.502,-0.0014202847059289312,96
47.504,-0.0012176379392622651,96
47.506,-0.001014991172595599,96
47.508,-0.0009946389725955993,96
47.51,-0.0009742867725956,96
47.512,-0.0011466573225956,96
47.514,-0.0013190278725956003,96
47.516,-0.0013812702725956,96
47.518,-0.0014435126725956,96
47.52,-0.0015057550725955996,96
47.522,-0.0015679974725955996,96
47.524,-0.0010372793725955988,96
47.526,-0.000985092072595596,96
47.528,-0.0011161592725955972,96
47.53,-0.0011258422975955976,96
47.532,-0.0011355253225955979,96
47.534,-0.001145208347595598,96
47.536,-0.0011548913725955984,96
47.538,-0.001002237772595598,96
47.54,-0.0014348611725955984,96
47.542,-0.0018674845725955983,96
47.544,-0.0018986380392622651,96
47.546,-0.001929791505928932,96
47.548,-0.0019609449725955987,96
47.55,-0.0012864183725955994,96
47.552,-0.0009741052725955984,96
47.554,-0.0009732280225955986,96
47.556,-0.0009723507725955987,96
47.558,-0.0015584384725956003,96
47.56,-0.0015341144475956,96
47.562,-0.0015097904225955996,96
47.564,-0.0014854663975955992,96
47.566,-0.0014611423725955988,96
47.568,-0.0010007494725955985,96
47.57,-0.0009764042725955956,96
47.572,-0.0012687644725956,96
47.574,-0.0013567859225955999,96
47.576,-0.0014448073725955995,96
47.578,-0.0015328288225955992,96
47.58,-0.0016208502725955987,96
47.582,-0.001056348972595598,96
47.584,-0.0009487073725956001,96
47.586,-0.0010850622725956,96
47.588,-0.0013087953059289328,96
47.59,-0.0015325283392622659,96
47.592,-0.0017562613725955988,96
47.594,-0.0011353740725955977,96
47.596,-0.0009499657725955974,96
47.598,-0.0009859511725955998,96
47.6,-0.0014161182725955987,96
47.602,-0.001846285372595598,96
47.604,-0.001878693205928932,96
47.606,-0.001911101039262266,96
47.608,-0.0019435088725956,96
47.61,-0.0012942349725955996,96
47.612,-0.0009792356725955974,96
47.614,-0.0009840635725955962,96
47.616,-0.001539211572595598,96
47.618,-0.0015250606225955983,96
47.62,-0.0015109096725955983,96
47.622,-0.0014967587225955988,96
47.624,-0.0014826077725955988,96
47.626,-0.0010208233725955973,96
47.628,-0.0009942275725955962,96
47.63,-0.0011268338925955967,96
47.632,-0.0012594402125955973,96
47.634,-0.0013920465325955977,96
47.636,-0.0015246528525955983,96
47.638,-0.0016572591725955987,96
47.64,-0.001092298072595598,96
47.642,-0.0009889761725955983,96
47.644,-0.001070324472595599,96
47.646,-0.0012608994725955987,96
47.648,-0.0014514744725955984,96
47.65,-0.001642049472595598,96
47.652,-0.0018326244725955976,96
47.654,-0.0011961402725955972,96
47.656,-0.0010078884725956,96
47.658,-0.0010175200725956004,96
47.66,-0.0018195443725955976,96
47.662,-0.0019022115725955983,96
47.664,-0.0019848787725955993,96
47.666,-0.0013290950725955983,96
47.668,-0.0011581946725955977,96
47.67,-0.0009872942725955968,96
47.672,-0.0009890366725955994,96
47.674,-0.0015196458725955982,96
47.676,-0.0015109379059289312,96
47.678,-0.0015022299392622642,96
47.68,-0.0014935219725955972,96
47.682,-0.001251056122595598,96
47.684,-0.001008590272595599,96
47.686,-0.000971394872595597,96
47.688,-0.0012235467725955976,96
47.69,-0.001330005597595598,96
47.692,-0.0014364644225955984,96
47.694,-0.0015429232475955988,96
47.696,-0.0016493820725955993,96
47.698,-0.001080331172595596,96
47.7,-0.0009861084725955992,96
47.702,-0.0010857277725955967,96
47.704,-0.001274103597595597,96
47.706,-0.0014624794225955974,96
47.708,-0.0016508552475955976,96
47.71,-0.001839231072595598,96
47.712,-0.0012149073725955997,96
47.714,-0.0009840030725956003,96
47.716,-0.0009907427725955981,96
47.718,-0.0017671513725955983,96
47.72,-0.001871132722595598,96
47.722,-0.0019751140725955975,96
47.724,-0.001656617872595598,96
47.726,-0.0013381216725955984,96
47.728,-0.0009828414725955982,96
47.73,-0.0009664338725955992,96
47.732,-0.0014273954725955995,96
47.734,-0.001448307297595599,96
47.736,-0.0014692191225955983,96
47.738,-0.001490130947595598,96
47.74,-0.0015110427725955975,96
47.742,-0.0010236426725955987,96
47.744,-0.0009757750725955977,96
47.746,-0.0011787525725955976,96
47.748,-0.0013461722059289315,96
47.75,-0.0015135918392622655,96
47.752,-0.0016810114725955994,96
47.754,-0.001103115472595598,96
47.756,-0.0010397598725955983,96
47.758,-0.000976404272595599,96
47.76,-0.0010318222725956003,96
47.762,-0.0013026928725956,96
47.764,-0.0015735634725955994,96
47.766,-0.0018444340725955984,96
47.768,-0.0012002663725955987,96
47.77,-0.0009553986725956003,96
47.772,-0.000952918172595598,96
47.774,-0.001333820122595598,96
47.776,-0.001714722072595598,96
47.778,-0.0016235636975955982,96
47.78,-0.0015324053225955984,96
47.782,-0.0014412469475955983,96
47.784,-0.0013500885725955987,96
47.786,-0.0009585325725955994,96
47.788,-0.0009686239725955998,96
47.79,-0.0014097536725955987,96
47.792,-0.001448030005928932,96
47.794,-0.0014863063392622656,96
47.796,-0.001524582672595599,96
47.798,-0.0010195528725956,96
47.8,-0.0009958610725955986,96
47.802,-0.0009721692725955973,96
47.804,-0.0011914696725955978,96
47.806,-0.001318483372595598,96
47.808,-0.0014454970725955984,96
47.81,-0.0015725107725955987,96
47.812,-0.0016995244725955987,96
47.814,-0.0011238185725955996,96
47.816,-0.0009960304725956,96
47.818,-0.0010515936725956007,96
47.82,-0.0019969424725956,96
47.822,-0.0019616750059289327,96
47.824,-0.0019264075392622657,96
47.826,-0.0018911400725955992,96
47.828,-0.0012517760725955993,96
47.83,-0.0009847048725955994,96
47.832,-0.0009625013725955977,96
47.834,-0.0016672658725955976,96
47.836,-0.0018313539725955984,96
47.838,-0.0019954420725956,96
47.84,-0.0013676698725955984,96
47.842,-0.0009819097725956,96
47.844,-0.001360446172595597,96
47.846,-0.0013887218559289307,96
47.848,-0.001416997539262264,96
47.85,-0.0014452732225955975,96
47.852,-0.0014735489059289311,96
47.854,-0.0015018245892622648,96
47.856,-0.0015301002725955984,96
47.858,-0.0010169392725955968,96
47.86,-0.0009639170725955977,96
47.862,-0.0011306187725955983,96
47.864,-0.0011235604392622652,96
47.866,-0.0011165021059289315,96
47.868,-0.0011094437725955985,96
47.87,-0.0010469472725955983,96
47.872,-0.0009844507725955982,96
47.874,-0.0009974401225955982,96
47.876,-0.0010104294725955983,96
47.878,-0.0019403749725955997,96
47.88,-0.001931840439262266,96
47.882,-0.0019233059059289327,96
47.884,-0.0019147713725955996,96
47.886,-0.0012459196725955971,96
47.888,-0.0009626465725955987,96
47.89,-0.0009805182725955983,96
47.892,-0.0016410209725955976,96
47.894,-0.001473859472595598,96
47.896,-0.0013066979725955984,96
47.898,-0.0011395364725955987,96
47.9,-0.0009723749725955992,96
47.902,-0.0009582300725956003,96
47.904,-0.0010843507925956002,96
47.906,-0.0012104715125955995,96
47.908,-0.0013365922325955994,96
47.91,-0.0014627129525955989,96
47.912,-0.0015888336725955984,96
47.914,-0.0013265177725955988,96
47.916,-0.0010642018725955987,96
47.918,-0.0009946510725955986,96
47.92,-0.0011461309725955965,96
47.922,-0.0011476495225955972,96
47.924,-0.0011491680725955978,96
47.926,-0.0011506866225955985,96
47.928,-0.0011522051725955992,96
47.93,-0.0010727323725955983,96
47.932,-0.0009932595725955975,96
47.934,-0.0010068720725955986,96
47.936,-0.0019019695725955993,96
47.938,-0.0018998218225955987,96
47.94,-0.001897674072595598,96
47.942,-0.0009540313725955976,96
47.944,-0.0009679221725956003,96
47.946,-0.0011846815725956004,96
47.948,-0.0014014409725956003,96
47.95,-0.0016182003725956004,96
47.952,-0.0014097415725955991,96
47.954,-0.0012012827725955977,96
47.956,-0.0009928239725955966,96
47.958,-0.0009693741725955997,96
47.96,-0.001058661801167028,96
47.962,-0.0011479494297384563,96
47.964,-0.0012372370583098849,96
47.966,-0.0013265246868813133,96
47.968,-0.0014158123154527419,96
47.97,-0.0015050999440241702,96
47.972,-0.0015943875725955986,96
47.974,-0.000997639772595597,96
47.976,-0.001140286672595598,96
47.978,-0.0012989872475955982,96
47.98,-0.0014576878225955985,96
47.982,-0.0016163883975955987,96
47.984,-0.0017750889725955989,96
47.986,-0.0009811595725955982,96
47.988,-0.0009856728725955981,96
47.99,-0.000990186172595598,96
47.992,-0.0014252356225955987,96
47.994,-0.0018602850725955996,96
47.996,-0.0018864573725955987,96
47.998,-0.001912629672595598,96
48.0,-0.0009733429725955998,97
48.002,-0.0012666832725955982,97
48.004,-0.0015600235725955964,97
48.006,-0.0015414803225955967,97
48.008,-0.001522937072595597,97
48.01,-0.0015043938225955972,97
48.012,-0.0014858505725955972,97
48.014,-0.0014673073225955975,97
48.016,-0.0014487640725955979,97
48.018,-0.0010152331725955983,97
48.02,-0.0009958247725956014,97
48.022,-0.0013129052725955985,97
48.024,-0.0013848034725955985,97
48.026,-0.0014567016725955985,97
48.028,-0.0015285998725955985,97
48.03,-0.0016004980725955985,97
48.032,-0.0010503836725955992,97
48.034,-0.000984983172595599,97
48.036,-0.0010961458725955997,97
48.038,-0.0012722492725955991,97
48.04,-0.0014483526725955988,97
48.042,-0.0016244560725955986,97
48.044,-0.0018005594725955983,97
48.046,-0.0009743472725955977,97
48.048,-0.0009870825225955981,97
48.05,-0.0009998177725955985,97
48.052,-0.0018561589725955977,97
48.054,-0.001888143305928932,97
48.056,-0.0019201276392622649,97
48.058,-0.0019521119725955988,97
48.06,-0.0013017732725955995,97
48.062,-0.0010022619725955986,97
48.064,-0.0012774462225955989,97
48.066,-0.001552630472595599,97
48.068,-0.0015457001975955988,97
48.07,-0.0015387699225955986,97
48.072,-0.0015318396475955984,97
48.074,-0.001524909372595598,97
48.076,-0.0010386950725955989,97
48.078,-0.0010596643725955983,97
48.08,-0.0013345037725955992,97
48.082,-0.0014490907725955991,97
48.084,-0.001563677772595599,97
48.086,-0.0016782647725955987,97
48.088,-0.0017928517725955984,97
48.09,-0.0012429309725955993,97
48.092,-0.0011723153725955986,97
48.094,-0.0012584673725955994,97
48.096,-0.0013368535925955987,97
48.098,-0.0014152398125955984,97
48.1,-0.001493626032595598,97
48.102,-0.0015720122525955977,97
48.104,-0.0016503984725955972,97
48.106,-0.0016785136868813111,97
48.108,-0.0017066289011670253,97
48.11,-0.0017347441154527395,97
48.112,-0.0017628593297384536,97
48.114,-0.0017909745440241678,97
48.116,-0.0018190897583098815,97
48.118,-0.001847204972595596,97
48.12,-0.0015126278725955972,97
48.122,-0.0015015563725955978,97
48.124,-0.0015911036325955978,97
48.126,-0.0016806508925955976,97
48.128,-0.0017701981525955976,97
48.13,-0.0018597454125955971,97
48.132,-0.001949292672595597,97
48.134,-0.001361510972595601,97
48.136,-0.0014641734225956007,97
48.138,-0.0015668358725956007,97
48.14,-0.0016694983225956004,97
48.142,-0.0017721607725956004,97
48.144,-0.0018748232225956,97
48.146,-0.0019774856725956,97
48.148,-0.0013745668725955989,97
48.15,-0.0012269710725956,97
48.152,-0.0013092268725956,97
48.154,-0.0013185245125955998,97
48.156,-0.0013278221525955991,97
48.158,-0.001337119792595599,97
48.16,-0.0013464174325955984,97
48.162,-0.0013557150725955983,97
48.164,-0.0010942582725955996,97
48.166,-0.0010750434725955958,97
48.168,-0.0011381038325955959,97
48.17,-0.001201164192595596,97
48.172,-0.0012642245525955962,97
48.174,-0.0013272849125955965,97
48.176,-0.0013903452725955963,97
48.178,-0.0010204603725955993,97
48.18,-0.0009982205725956002,97
48.182,-0.0014747306725955995,97
48.184,-0.0014705440725955993,97
48.186,-0.0014663574725955989,97
48.188,-0.0014621708725955987,97
48.19,-0.0012245873725955983,97
48.192,-0.0009870038725955986,97
48.194,-0.0009172231725955992,97
48.196,-0.0011064671725955974,97
48.198,-0.0012493359059289316,97
48.2,-0.0013922046392622657,97
48.202,-0.0015350733725955999,97
48.204,-0.0009757750725955977,97
48.206,-0.0009222628225955986,97
48.208,-0.000868750572595599,97
48.21,-0.0009155049725955987,97
48.212,-0.0018939472725955989,97
48.214,-0.0018276957392622656,97
48.216,-0.001761444205928932,97
48.218,-0.0016951926725955989,97
48.22,-0.0010857398725955968,97
48.222,-0.0008699605725956006,97
48.224,-0.0008708922725956003,97
48.226,-0.0016124891725955975,97
48.228,-0.001740561622595598,97
48.23,-0.001868634072595599,97
48.232,-0.0015432469225955987,97
48.234,-0.0012178597725955983,97
48.236,-0.0008535045725955974,97
48.238,-0.0010885894225955983,97
48.24,-0.0013236742725955992,97
48.242,-0.0012147198225955988,97
48.244,-0.0011057653725955983,97
48.246,-0.000996810922595598,97
48.248,-0.0008878564725955974,97
48.25,-0.0008651447725955987,97
48.252,-0.0008424330725955996,97
48.254,-0.0010455194725955996,97
48.256,-0.0011736887225955997,97
48.258,-0.0013018579725955996,97
48.26,-0.0014300272225955995,97
48.262,-0.0015581964725955991,97
48.264,-0.0009881775725955992,97
48.266,-0.0009238055725955992,97
48.268,-0.0018602366725955985,97
48.27,-0.0018126433392622657,97
48.272,-0.0017650500059289327,97
48.274,-0.0017174566725956,97
48.276,-0.0012962980225955983,97
48.278,-0.0008751393725955971,97
48.28,-0.0008947534725955962,97
48.282,-0.0016094762725955992,97
48.284,-0.001696780797595599,97
48.286,-0.001784085322595599,97
48.288,-0.0018713898475955987,97
48.29,-0.001958694372595599,97
48.292,-0.0013557271725955983,97
48.294,-0.0009790299725956004,97
48.296,-0.0009800826725955974,97
48.298,-0.001410939472595598,97
48.3,-0.0014789959225955983,97
48.302,-0.0015470523725955986,97
48.304,-0.0016151088225955987,97
48.306,-0.0016831652725955992,97
48.308,-0.0012009076725955983,97
48.31,-0.0011563917725955983,97
48.312,-0.001395451472595597,97
48.314,-0.001432571247595597,97
48.316,-0.0014696910225955968,97
48.318,-0.0015068107975955967,97
48.32,-0.0015439305725955964,97
48.322,-0.0014314731725956,97
48.324,-0.0014919973725955984,97
48.326,-0.001564190812595599,97
48.328,-0.001636384252595599,97
48.33,-0.0017085776925955991,97
48.332,-0.0017807711325955994,97
48.334,-0.0018529645725956,97
48.336,-0.0016994518725955985,97
48.338,-0.0015459391725955972,97
48.34,-0.001528805572595597,97
48.342,-0.0015463233475955975,97
48.344,-0.0015638411225955984,97
48.346,-0.0015813588975955991,97
48.348,-0.0015988766725955998,97
48.35,-0.0015849919225955995,97
48.352,-0.0015711071725955997,97
48.354,-0.0015856271725955995,97
48.356,-0.0016001471725955996,97
48.358,-0.0016146671725955995,97
48.36,-0.001629187172595599,97
48.362,-0.0016437071725955992,97
48.364,-0.0016582271725955992,97
48.366,-0.0015774596725956003,97
48.368,-0.001724377872595599,97
48.37,-0.001740648339262265,97
48.372,-0.001756918805928931,97
48.374,-0.0017731892725955968,97
48.376,-0.0016919619725955974,97
48.378,-0.001610734672595598,97
48.38,-0.001631510372595596,97
48.382,-0.0016841211725955965,97
48.384,-0.0017367319725955968,97
48.386,-0.0017893427725955973,97
48.388,-0.0018419535725955971,97
48.39,-0.001894564372595598,97
48.392,-0.001736090672595598,97
48.394,-0.0015776169725955982,97
48.396,-0.001566351872595597,97
48.398,-0.0016507324325955972,97
48.4,-0.0017351129925955975,97
48.402,-0.0018194935525955983,97
48.404,-0.0019038741125955987,97
48.406,-0.001988254672595599,97
48.408,-0.0015216544725956003,97
48.41,-0.001824214972595599,97
48.412,-0.001762599352595599,97
48.414,-0.001700983732595599,97
48.416,-0.0016393681125955993,97
48.418,-0.0015777524925955993,97
48.42,-0.0015161368725955995,97
48.422,-0.0013939510725956004,97
48.424,-0.0014968978725956004,97
48.426,-0.0014986693125955996,97
48.428,-0.0015004407525955991,97
48.43,-0.0015022121925955985,97
48.432,-0.0015039836325955978,97
48.434,-0.0015057550725955972,97
48.436,-0.001312602772595598,97
48.438,-0.0013083859225955991,97
48.44,-0.0013041690725956003,97
48.442,-0.0012848332725956004,97
48.444,-0.0012654974725956002,97
48.446,-0.0012461616725956003,97
48.448,-0.0012268258725956,97
48.45,-0.0012074900725956,97
48.452,-0.0011583519725955995,97
48.454,-0.0011569826559289327,97
48.456,-0.0011556133392622656,97
48.458,-0.0011542440225955984,97
48.46,-0.0011528747059289315,97
48.462,-0.0011515053892622645,97
48.464,-0.0011501360725955975,97
48.466,-0.001139433622595598,97
48.468,-0.0011287311725955984,97
48.47,-0.0014430407725955982,97
48.472,-0.001516699522595598,97
48.474,-0.001590358272595598,97
48.476,-0.001664017022595598,97
48.478,-0.001737675772595598,97
48.48,-0.0011718434725955969,97
48.482,-0.001101518272595598,97
48.484,-0.0012251076725956003,97
48.486,-0.0014443637059289329,97
48.488,-0.0016636197392622652,97
48.49,-0.0018828757725955975,97
48.492,-0.0012402447725955983,97
48.494,-0.0011499424725955982,97
48.496,-0.001059640172595598,97
48.498,-0.0014850156725955983,97
48.5,-0.0019103911725955984,98
48.502,-0.0016932143225955984,98
48.504,-0.0014760374725955984,98
48.506,-0.0012588606225955984,98
48.508,-0.0010416837725955985,98
48.51,-0.0010460639725955977,98
48.512,-0.0016102022725955967,98
48.514,-0.0015827322475955976,98
48.516,-0.001555262222595598,98
48.518,-0.0015277921975955988,98
48.52,-0.0015003221725955992,98
48.522,-0.0010483750725955986,98
48.524,-0.001034084972595598,98
48.526,-0.0010197948725955974,98
48.528,-0.0016676893725956,98
48.53,-0.0011086935725955983,98
48.532,-0.0010890310725955967,98
48.534,-0.0011697219392622635,98
48.536,-0.0012504128059289304,98
48.538,-0.0013311036725955974,98
48.54,-0.0014117945392622643,98
48.542,-0.001492485405928931,98
48.544,-0.001573176272595598,98
48.546,-0.0016538671392622648,98
48.548,-0.0017345580059289316,98
48.55,-0.0018152488725955984,98
48.552,-0.001005710472595598,98
48.554,-0.0009795260725955978,98
48.556,-0.0010449580325955976,98
48.558,-0.001110389992595598,98
48.56,-0.001175821952595598,98
48.562,-0.001241253912595598,98
48.564,-0.0013066858725955983,98
48.566,-0.0011438743225955991,98
48.568,-0.0009810627725956,98
48.57,-0.0015065052725955971,98
48.572,-0.0013814426975955977,98
48.574,-0.0012563801225955983,98
48.576,-0.0011313175475955988,98
48.578,-0.0010062549725955992,98
48.58,-0.0009666274725955955,98
48.582,-0.0012426647725955996,98
48.584,-0.0013230571725955991,98
48.586,-0.0014034495725955992,98
48.588,-0.0014838419725955987,98
48.59,-0.0015642343725955983,98
48.592,-0.0016446267725955983,98
48.594,-0.0010716070725956,98
48.596,-0.0009521679725955981,98
48.598,-0.001045942972595599,98
48.6,-0.0012981069725955987,98
48.602,-0.0015502709725955983,98
48.604,-0.001802434972595598,98
48.606,-0.0013779669725955972,98
48.608,-0.0009534989725955966,98
48.61,-0.0009609041725955997,98
48.612,-0.0017603874725956002,98
48.614,-0.0018330278059289328,98
48.616,-0.0019056681392622648,98
48.618,-0.0019783084725955974,98
48.62,-0.0016572047225955975,98
48.622,-0.0013361009725955976,98
48.624,-0.000948090272595601,98
48.626,-0.0014498651725955972,98
48.628,-0.0013569008725955976,98
48.63,-0.001263936572595598,98
48.632,-0.001170972272595598,98
48.634,-0.0010780079725955984,98
48.636,-0.0009850436725955987,98
48.638,-0.0009519622725955997,98
48.64,-0.0010754790725955986,98
48.642,-0.0011989958725955976,98
48.644,-0.0013126814225955983,98
48.646,-0.0014263669725955988,98
48.648,-0.0015400525225955993,98
48.65,-0.0016537380725955995,98
48.652,-0.0010765559725955977,98
48.654,-0.0010384772725955983,98
48.656,-0.0011962298125955985,98
48.658,-0.0013539823525955987,98
48.66,-0.0015117348925955988,98
48.662,-0.0016694874325955988,98
48.664,-0.0018272399725955991,98
48.666,-0.0011947608725955976,98
48.668,-0.000965393272595599,98
48.67,-0.0017195499725955968,98
48.672,-0.0017765560975955973,98
48.674,-0.0018335622225955975,98
48.676,-0.001890568347595598,98
48.678,-0.0019475744725955984,98
48.68,-0.0013396704725955992,98
48.682,-0.0009752305725955965,98
48.684,-0.0011978100725955976,98
48.686,-0.0014203895725955987,98
48.688,-0.0012906896725955993,98
48.69,-0.0011609897725955996,98
48.692,-0.0011479807600955996,98
48.694,-0.0011349717475955992,98
48.696,-0.0011219627350955992,98
48.698,-0.001108953722595599,98
48.7,-0.0010959447100955988,98
48.702,-0.0010829356975955986,98
48.704,-0.0010699266850955984,98
48.706,-0.0010569176725955982,98
48.708,-0.0009267942725955969,98
48.71,-0.0009635177725955973,98
48.712,-0.0010002412725955972,98
48.714,-0.0010369647725955971,98
48.716,-0.0010736882725955975,98
48.718,-0.0011104117725955977,98
48.72,-0.0011471352725955979,98
48.722,-0.001183858772595598,98
48.724,-0.0009314164725955971,98
48.726,-0.0016963058725955984,98
48.728,-0.0016273915325955984,98
48.73,-0.0015584771925955983,98
48.732,-0.001489562852595598,98
48.734,-0.001420648512595598,98
48.736,-0.0013517341725955978,98
48.738,-0.0011525016225955983,98
48.74,-0.0009532690725955992,98
48.742,-0.0009462631725955968,98
48.744,-0.0010591319725955968,98
48.746,-0.0011720007725955972,98
48.748,-0.0012848695725955976,98
48.75,-0.001397738372595598,98
48.752,-0.001510607172595598,98
48.754,-0.001011833072595598,98
48.756,-0.0011111377725955968,98
48.758,-0.0012575901225955971,98
48.76,-0.0014040424725955975,98
48.762,-0.001550494822595598,98
48.764,-0.0016969471725955983,98
48.766,-0.0013321987225955983,98
48.768,-0.0009674502725955987,98
48.77,-0.0009807784225955981,98
48.772,-0.0009941065725955975,98
48.774,-0.0010498361475955972,98
48.776,-0.0011055657225955973,98
48.778,-0.0011612952975955972,98
48.78,-0.001217024872595597,98
48.782,-0.0009596457725955972,98
48.784,-0.0009533961225955971,98
48.786,-0.0009471464725955975,98
48.788,-0.0016448324725955967,98
48.79,-0.0019968940725955987,98
48.792,-0.0016780469725955983,98
48.794,-0.0013591998725955984,98
48.796,-0.0013544506225955984,98
48.798,-0.0013497013725955985,98
48.8,-0.0013805523392622652,98
48.802,-0.0014114033059289325,98
48.804,-0.001442254272595599,98
48.806,-0.001473105239262266,98
48.808,-0.0015039562059289333,98
48.81,-0.0015348071725956,98
48.812,-0.0010161164725956007,98
48.814,-0.0009615575725955976,98
48.816,-0.0011326878725955968,98
48.818,-0.0012729147725955973,98
48.82,-0.0014131416725955978,98
48.822,-0.0015533685725955984,98
48.824,-0.0016935954725955987,98
48.826,-0.0010830415725955993,98
48.828,-0.0009303153725955976,98
48.83,-0.0009922189725955972,98
48.832,-0.0019045226725955976,98
48.834,-0.0018937052725955977,98
48.836,-0.0018828878725955975,98
48.838,-0.001251945472595599,98
48.84,-0.0009554833725955986,98
48.842,-0.0012867813725955992,98
48.844,-0.0016180793725956,98
48.846,-0.0014881084325956,98
48.848,-0.0013581374925956003,98
48.85,-0.0012281665525956005,98
48.852,-0.0010981956125956007,98
48.854,-0.0009682246725956008,98
48.856,-0.0013250657725955989,98
48.858,-0.0012758853225955987,98
48.86,-0.0012267048725955992,98
48.862,-0.0011775244225955992,98
48.864,-0.0011283439725955993,98
48.866,-0.0010791635225955996,98
48.868,-0.0010299830725955996,98
48.87,-0.0009952318725955983,98
48.872,-0.0009604806725955968,98
48.874,-0.0011019780725955997,98
48.876,-0.0012639607725955992,98
48.878,-0.0014259434725955988,98
48.88,-0.0015879261725955983,98
48.882,-0.0017499088725955979,98
48.884,-0.0011301347725955983,98
48.886,-0.0009850194725955982,98
48.888,-0.0018836259725955996,98
48.89,-0.0018885567225955992,98
48.892,-0.0018934874725955993,98
48.894,-0.0016783575392622652,98
48.896,-0.0014632276059289313,98
48.898,-0.0012480976725955972,98
48.9,-0.0009591133725955976,98
48.902,-0.0009590528725955984,98
48.904,-0.001080086147595598,98
48.906,-0.001201119422595598,98
48.908,-0.0013221526975955977,98
48.91,-0.0014431859725955974,98
48.912,-0.0012240186725955985,98
48.914,-0.0010048513725955995,98
48.916,-0.0009810627725956,98
48.918,-0.0013082225725956007,98
48.92,-0.0013821596225956,98
48.922,-0.0014560966725955995,98
48.924,-0.001530033722595599,98
48.926,-0.0016039707725955983,98
48.928,-0.0009741052725955984,98
48.93,-0.0010389673225955996,98
48.932,-0.0011038293725956008,98
48.934,-0.0012654248725956006,98
48.936,-0.0014270203725956004,98
48.938,-0.0015886158725956,98
48.94,-0.0017502113725956,98
48.942,-0.000973318772595596,98
48.944,-0.0018419414725955995,98
48.946,-0.0018723336475955997,98
48.948,-0.0019027258225955996,98
48.95,-0.0019331179975955993,98
48.952,-0.001963510172595599,98
48.954,-0.0013190278725956003,98
48.956,-0.0011422166225955996,98
48.958,-0.0009654053725955992,98
48.96,-0.0015380620725955977,98
48.962,-0.001508989805928931,98
48.964,-0.0014799175392622647,98
48.966,-0.001450845272595598,98
48.968,-0.0009983052725956003,98
48.97,-0.0009896941059289327,98
48.972,-0.0009810829392622653,98
48.974,-0.0009724717725955976,98
48.976,-0.0009909000725955978,98
48.978,-0.0010093283725955977,98
48.98,-0.0010277566725955978,98
48.982,-0.0010461849725955975,98
48.984,-0.0010646132725955978,98
48.986,-0.000974661872595598,98
48.988,-0.001111823439262265,98
48.99,-0.001248985005928932,98
48.992,-0.0013861465725955987,98
48.994,-0.001523308139262266,98
48.996,-0.0016604697059289329,98
48.998,-0.0017976312725955996,98
49.0,-0.001168951572595599,99
49.002,-0.0009630579725955992,99
49.004,-0.0009782555725956002,99
49.006,-0.0012186523225955995,99
49.008,-0.0014590490725955993,99
49.01,-0.0016994458225955988,99
49.012,-0.0019398425725955983,99
49.014,-0.0013112475725955974,99
49.016,-0.0009906701725955983,99
49.018,-0.0009891334725955975,99
49.02,-0.001524110772595599,99
49.022,-0.0015088163725955988,99
49.024,-0.0014935219725955983,99
49.026,-0.001478227572595598,99
49.028,-0.0010181250725955996,99
49.03,-0.001001203222595598,99
49.032,-0.0009842813725955968,99
49.034,-0.0012571242725956007,99
49.036,-0.0013606246475956,99
49.038,-0.0014641250225955992,99
49.04,-0.0015676253975955984,99
49.042,-0.0016711257725955976,99
49.044,-0.0011119000725955987,99
49.046,-0.0010072471725955984,99
49.048,-0.0010904951725955979,99
49.05,-0.0012814180475955983,99
49.052,-0.0014723409225955988,99
49.054,-0.0016632637975955993,99
49.056,-0.0018541866725956,99
49.058,-0.0012077804725955984,99
49.06,-0.0009698944725955987,99
49.062,-0.0009882985725956014,99
49.064,-0.0017976675725955987,99
49.066,-0.001864399072595599,99
49.068,-0.0019311305725955993,99
49.07,-0.0019978620725955992,99
49.072,-0.0013519035725955992,99
49.074,-0.0010012576725955992,99
49.076,-0.0012446370725955986,99
49.078,-0.001488016472595598,99
49.08,-0.0014915698392622648,99
49.082,-0.0014951232059289316,99
49.084,-0.0014986765725955983,99
49.086,-0.0012636038225955987,99
49.088,-0.0010285310725955989,99
49.09,-0.001221392972595596,99
49.092,-0.0013056380125955965,99
49.094,-0.0013898830525955967,99
49.096,-0.001474128092595597,99
49.098,-0.001558373132595597,99
49.1,-0.0016426181725955975,99
49.102,-0.0009755451725956003,99
49.104,-0.0011498626125956,99
49.106,-0.0013241800525955996,99
49.108,-0.0014984974925955988,99
49.11,-0.0016728149325955983,99
49.112,-0.001847132372595598,99
49.114,-0.001412772622595598,99
49.116,-0.000978412872595598,99
49.118,-0.0017375063725955982,99
49.12,-0.0018653852225955976,99
49.122,-0.0019932640725955977,99
49.124,-0.0016845507225955979,99
49.126,-0.001375837372595598,99
49.128,-0.0009763558725956016,99
49.13,-0.0012044106225956005,99
49.132,-0.0014324653725955993,99
49.134,-0.0014500708725955992,99
49.136,-0.0014676763725955987,99
49.138,-0.0014852818725955988,99
49.14,-0.0015028873725955987,99
49.142,-0.0015204928725955984,99
49.144,-0.0015380983725955984,99
49.146,-0.0010426396725955987,99
49.148,-0.0009903676725955997,99
49.15,-0.0012086879725955975,99
49.152,-0.001330967547595598,99
49.154,-0.001453247122595598,99
49.156,-0.0015755266975955983,99
49.158,-0.0016978062725955985,99
49.16,-0.0011064429725955967,99
49.162,-0.0009945058725955996,99
49.164,-0.0010582486725955985,99
49.166,-0.0012575538225955986,99
49.168,-0.0014568589725955988,99
49.17,-0.0016561641225955987,99
49.172,-0.0018554692725955993,99
49.174,-0.0012254101725955987,99
49.176,-0.0009726169725956003,99
49.178,-0.0009895690725955986,99
49.18,-0.0017031665725956,99
49.182,-0.0015935405725955993,99
49.184,-0.001483914572595598,99
49.186,-0.0013742885725955972,99
49.188,-0.0011876763225955973,99
49.19,-0.0010010640725955971,99
49.192,-0.0013980650725955984,99
49.194,-0.0014235767125955984,99
49.196,-0.0014490883525955986,99
49.198,-0.0014745999925955989,99
49.2,-0.0015001116325955989,99
49.202,-0.0015256232725955991,99
49.204,-0.001037472972595599,99
49.206,-0.0009877177725955977,99
49.208,-0.0011638453725956004,99
49.21,-0.0011560983475956002,99
49.212,-0.0011483513225956,99
49.214,-0.0011406042975956,99
49.216,-0.0011328572725955999,99
49.218,-0.0010727444725955983,99
49.22,-0.0010126316725955972,99
49.222,-0.0019578352725955982,99
49.224,-0.0019353685975955985,99
49.226,-0.0019129019225955987,99
49.228,-0.0018904352475955987,99
49.23,-0.0018679685725955988,99
49.232,-0.0012464883725955987,99
49.234,-0.0009785338725955984,99
49.236,-0.0009608799725955992,99
49.238,-0.0016404038725956003,99
49.24,-0.0015787513475956,99
49.242,-0.0015170988225955999,99
49.244,-0.0014554462975955996,99
49.246,-0.0013937937725955994,99
49.248,-0.000964969772595598,99
49.25,-0.0013512259725955988,99
49.252,-0.0014408688225955987,99
49.254,-0.001530511672595599,99
49.256,-0.001356642739262266,99
49.258,-0.0011827738059289328,99
49.26,-0.0010089048725955996,99
49.262,-0.0011364993725955991,99
49.264,-0.0012539056725955993,99
49.266,-0.0013713119725955992,99
49.268,-0.0014887182725955993,99
49.27,-0.0016061245725955992,99
49.272,-0.001723530872595599,99
49.274,-0.0011153122725955991,99
49.276,-0.0009750490725956,99
49.278,-0.0010111191725955988,99
49.28,-0.0019248385725955995,99
49.282,-0.0019165016725955991,99
49.284,-0.0019081647725955988,99
49.286,-0.0014457511725955987,99
49.288,-0.0009833375725955985,99
49.29,-0.0009859390725955978,99
49.292,-0.0012997646725955974,99
49.294,-0.0016135902725955967,99
49.296,-0.0015507711059289306,99
49.298,-0.001487951939262264,99
49.3,-0.0014251327725955977,99
49.302,-0.0010022740725955971,99
49.304,-0.0009887946725955984,99
49.306,-0.0009753152725955997,99
49.308,-0.0013332211725955963,99
49.31,-0.001422478839262264,99
49.312,-0.0015117365059289314,99
49.314,-0.0016009941725955987,99
49.316,-0.0013399729725955987,99
49.318,-0.0010789517725955985,99
49.32,-0.0009927150725955979,99
49.322,-0.0011908404725955984,99
49.324,-0.001388965872595599,99
49.326,-0.0015870912725955994,99
49.328,-0.0017852166725956,99
49.33,-0.0011803013725956,99
49.332,-0.0010924251225955988,99
49.334,-0.0010045488725955974,99
49.336,-0.0009911662725956003,99
49.338,-0.001877902672595598,99
49.34,-0.0018951653392622649,99
49.342,-0.001912428005928932,99
49.344,-0.0019296906725955983,99
49.346,-0.0012830666725956,99
49.348,-0.0009792114725955987,99
49.35,-0.0009738995725955998,99
49.352,-0.0015761165725955983,99
49.354,-0.0015424906725955982,99
49.356,-0.001508864772595598,99
49.358,-0.001475238872595598,99
49.36,-0.001441612972595598,99
49.362,-0.0009785217725955982,99
49.364,-0.0012916697725956008,99
49.366,-0.0013561458325956003,99
49.368,-0.0014206218925955998,99
49.37,-0.0014850979525955995,99
49.372,-0.001549574012595599,99
49.374,-0.0016140500725955985,99
49.376,-0.0010704454725955978,99
49.378,-0.0009964176725955967,99
49.38,-0.0011059831725955989,99
49.382,-0.001335040205928932,99
49.384,-0.0015640972392622656,99
49.386,-0.0017931542725955988,99
49.388,-0.0014855722725955988,99
49.39,-0.0011779902725955992,99
49.392,-0.0009849710725955971,99
49.394,-0.0009966112725955968,99
49.396,-0.0013088114392622644,99
49.398,-0.001621011605928932,99
49.4,-0.0019332117725955993,99
49.402,-0.0016138262225955987,99
49.404,-0.001294440672595598,99
49.406,-0.0013248762059289317,99
49.408,-0.001355311739262265,99
49.41,-0.0013857472725955983,99
49.412,-0.001416182805928932,99
49.414,-0.0014466183392622654,99
49.416,-0.0014770538725955987,99
49.418,-0.0009766220725955996,99
49.42,-0.0012577534725955984,99
49.422,-0.0013521879225955988,99
49.424,-0.0014466223725955992,99
49.426,-0.0015410568225955996,99
49.428,-0.0016354912725956,99
49.43,-0.0014186270059289331,99
49.432,-0.0012017627392622663,99
49.434,-0.0009848984725955993,99
49.436,-0.001123076439262266,99
49.438,-0.0012612544059289327,99
49.44,-0.0013994323725955993,99
49.442,-0.0015376103392622659,99
49.444,-0.0016757883059289325,99
49.446,-0.0018139662725955993,99
49.448,-0.0011861214725955964,99
49.45,-0.0009715642725955964,99
49.452,-0.000966929972595596,99
49.454,-0.0017924524725955995,99
49.456,-0.0018513351059289325,99
49.458,-0.0019102177392622652,99
49.46,-0.001969100372595598,99
49.462,-0.0013095656725955992,99
49.464,-0.0009704873725955993,99
49.466,-0.0015168144725955998,99
49.468,-0.0015090301392622664,99
49.47,-0.0015012458059289328,99
49.472,-0.0014934614725955996,99
49.474,-0.0013328218725955996,99
49.476,-0.0011721822725955997,99
49.478,-0.0010115426725955997,99
49.48,-0.000993574172595598,99
49.482,-0.0012447701725955967,99
49.484,-0.0013488997475955972,99
49.486,-0.0014530293225955976,99
49.488,-0.001557158897595598,99
49.49,-0.0016612884725955984,99
49.492,-0.001011034472595599,99
49.494,-0.0011758292125955989,99
49.496,-0.0013406239525955987,99
49.498,-0.0015054186925955986,99
49.5,-0.0016702134325955985,100
49.502,-0.0018350081725955984,100
49.504,-0.0015258229225955985,100
49.506,-0.0012166376725955984,100
49.508,-0.0009919769725955981,100
49.51,-0.001759479972595599,100
49.512,-0.0018353429392622652,100
49.514,-0.001911205905928932,100
49.516,-0.001987068872595598,100
49.518,-0.0016775629725955983,100
49.52,-0.0013680570725955984,100
49.522,-0.001009848672595598,100
49.524,-0.0010972086559289315,100
49.526,-0.001184568639262265,100
49.528,-0.0012719286225955986,100
49.53,-0.001359288605928932,100
49.532,-0.0014466485892622655,100
49.534,-0.0015340085725955993,100
49.536,-0.0010484718725955987,100
49.538,-0.0010141078725955967,100
49.54,-0.0012309761725955992,100
49.542,-0.0013859328059289324,100
49.544,-0.0015408894392622656,100
49.546,-0.0016958460725955988,100
49.548,-0.0014002128225955987,100
49.55,-0.001104579572595599,100
49.552,-0.000981849272595597,100
49.554,-0.0010215493725955968,100
49.556,-0.0012325158975955972,100
49.558,-0.0014434824225955977,100
49.56,-0.001654448947595598,100
49.562,-0.0018654154725955983,100
49.564,-0.0012051184725955996,100
49.566,-0.000973004172595597,100
49.568,-0.0009960425725955985,100
49.57,-0.0017627348725955984,100
49.572,-0.0015712947225955984,100
49.574,-0.0013798545725955983,100
49.576,-0.0011884144225955983,100
49.578,-0.0009969742725955983,100
49.58,-0.000996841172595599,100
49.582,-0.001216050822595598,100
49.584,-0.001435260472595597,100
49.586,-0.0014572098725955974,100
49.588,-0.0014791592725955979,100
49.59,-0.0015011086725955983,100
49.592,-0.0015230580725955987,100
49.594,-0.0010413933725955983,100
49.596,-0.0009931264725955985,100
49.598,-0.001197398672595596,100
49.6,-0.0013723969392622636,100
49.602,-0.0015473952059289313,100
49.604,-0.0017223934725955987,100
49.606,-0.0014280186225955989,100
49.608,-0.0011336437725955988,100
49.61,-0.0009775537725955977,100
49.612,-0.0010173506725955975,100
49.614,-0.0019752229725956,100
49.616,-0.0016135237225956,100
49.618,-0.0012518244725956,100
49.62,-0.0011173692725955995,100
49.622,-0.0009829140725955991,100
49.624,-0.0013410256725956,100
49.626,-0.0016991372725956005,100
49.628,-0.0016344651925956,100
49.63,-0.0015697931125955998,100
49.632,-0.0015051210325955993,100
49.634,-0.0014404489525955987,100
49.636,-0.0013757768725955986,100
49.638,-0.0009921100725955986,100
49.64,-0.0009951592725955978,100
49.642,-0.0011103077125955978,100
49.644,-0.0012254561525955978,100
49.646,-0.0013406045925955976,100
49.648,-0.0014557530325955976,100
49.65,-0.0015709014725955976,100
49.652,-0.0010519566725955968,100
49.654,-0.0011919827125955976,100
49.656,-0.0013320087525955982,100
49.658,-0.0014720347925955986,100
49.66,-0.0016120608325955992,100
49.662,-0.0017520868725955999,100
49.664,-0.0011501360725955975,100
49.666,-0.0010060976725955982,100
49.668,-0.001024622772595598,100
49.67,-0.0019602552725956,100
49.672,-0.0019403346392622657,100
49.674,-0.001920414005928932,100
49.676,-0.001900493372595598,100
49.678,-0.0010086265725956015,100
49.68,-0.0010083095525956008,100
49.682,-0.0010079925325956,100
49.684,-0.0010076755125955996,100
49.686,-0.0010073584925955987,100
49.688,-0.0010070414725955983,100
49.69,-0.0010040689059289318,100
49.692,-0.0010010963392622651,100
49.694,-0.0009981237725955985,100
49.696,-0.0011939945392622651,100
49.698,-0.001389865305928932,100
49.7,-0.0015857360725955987,100
49.702,-0.0010653150725955986,100
49.704,-0.0009950019725956,100
49.706,-0.0010250704725956,100
49.708,-0.0010551389725955995,100
49.71,-0.0010852074725955995,100
49.712,-0.0011152759725955995,100
49.714,-0.0011453444725955991,100
49.716,-0.0010951214059289332,100
49.718,-0.0010448983392622672,100
49.72,-0.000994675272595601,100
49.722,-0.001011264372595598,100
49.724,-0.001063105612595598,100
49.726,-0.001114946852595598,100
49.728,-0.0011667880925955985,100
49.73,-0.0012186293325955984,100
49.732,-0.0012704705725955986,100
49.734,-0.0009933926725955965,100
49.736,-0.0012032308725955976,100
49.738,-0.001413069072595599,100
49.74,-0.0016229072725956004,100
49.742,-0.0015250001225955996,100
49.744,-0.0014270929725955991,100
49.746,-0.0012915810392622653,100
49.748,-0.0011560691059289314,100
49.75,-0.0010205571725955976,100
49.752,-0.0009897142725956015,100
49.754,-0.0013400092725955983,100
49.756,-0.0014350870392622651,100
49.758,-0.0015301648059289315,100
49.76,-0.0016252425725955984,100
49.762,-0.0010857640725955974,100
49.764,-0.0010544190225955973,100
49.766,-0.0010230739725955972,100
49.768,-0.0011796649125955972,100
49.77,-0.0013362558525955976,100
49.772,-0.001492846792595598,100
49.774,-0.0016494377325955982,100
49.776,-0.0018060286725955985,100
49.778,-0.001189787772595598,100
49.78,-0.001005057072595598,100
49.782,-0.0010057346725955985,100
49.784,-0.0019002392725955969,100
49.786,-0.001926213939262264,100
49.788,-0.0019521886059289317,100
49.79,-0.0019781632725955982,100
49.792,-0.0013157729725955976,100
49.794,-0.000988395372595598,100
49.796,-0.0009831439725956,100
49.798,-0.0015724018725955975,100
49.8,-0.0015465834975955976,100
49.802,-0.001520765122595598,100
49.804,-0.0014949467475955983,100
49.806,-0.0014691283725955984,100
49.808,-0.0010154993725955963,100
49.81,-0.0009992974725955975,100
49.812,-0.0013041448725956,100
49.814,-0.001410435305928933,100
49.816,-0.001516725739262266,100
49.818,-0.0016230161725955987,100
49.82,-0.0013449400225955992,100
49.822,-0.0010668638725955994,100
49.824,-0.0009885889725955999,100
49.826,-0.0011009737725955968,100
49.828,-0.0014407054725955977,100
49.83,-0.0017804371725955984,100
49.832,-0.0011720128725955963,100
49.834,-0.0010106230725956,100
49.836,-0.0010138900725955996,100
49.838,-0.0018343184725955995,100
49.84,-0.0018683497225955993,100
49.842,-0.0019023809725955993,100
49.844,-0.0019364122225955988,100
49.846,-0.0019704434725955986,100
49.848,-0.0016441548725955992,100
49.85,-0.0013178662725955995,100
49.852,-0.001012208172595598,100
49.854,-0.0010008825725955975,100
49.856,-0.0015452494725955983,100
49.858,-0.0015328378975955983,100
49.86,-0.0015204263225955987,100
49.862,-0.0015080147475955987,100
49.864,-0.0014956031725955991,100
49.866,-0.0010447692725955998,100
49.868,-0.0010054442725956,100
49.87,-0.001284276672595598,100
49.872,-0.0013773135725955983,100
49.874,-0.0014703504725955983,100
49.876,-0.0015633873725955988,100
49.878,-0.0016564242725955987,100
49.88,-0.0011067575725955993,100
49.882,-0.0009998661725955998,100
49.884,-0.0010713771725955991,100
49.886,-0.0012608661975955994,100
49.888,-0.0014503552225955995,100
49.89,-0.0016398442475955995,100
49.892,-0.0018293332725955996,100
49.894,-0.0009877056725955975,100
49.896,-0.0010066784725955985,100
49.898,-0.0014196393725955988,100
49.9,-0.0018326002725955993,100
49.902,-0.001663591505928932,100
49.904,-0.0014945827392622648,100
49.906,-0.0013255739725955978,100
49.908,-0.0011541653725955989,100
49.91,-0.0009827567725956,100
49.912,-0.0009914324725955985,100
49.914,-0.0015111153725956004,100
49.916,-0.0013871780975956002,100
49.918,-0.0012632408225955998,100
49.92,-0.0011393035475955994,100
49.922,-0.001015366272595599,100
49.924,-0.0010029274725955953,100
49.926,-0.001124599022595596,100
49.928,-0.0012462705725955966,100
49.93,-0.0013495561725955971,100
49.932,-0.0014528417725955976,100
49.934,-0.001556127372595598,100
49.936,-0.0016594129725955983,100
49.938,-0.0011079917725955995,100
49.94,-0.0009955948725955972,100
49.942,-0.0010851953725956008,100
49.944,-0.0013412112059289335,100
49.946,-0.0015972270392622667,100
49.948,-0.0018532428725956,100
49.95,-0.0014251448725955988,100
49.952,-0.0009970468725955981,100
49.954,-0.0017496426725956,100
49.956,-0.0016759899725955995,100
49.958,-0.0016023372725955988,100
49.96,-0.0015286845725955987,100
49.962,-0.0014550318725955983,100
49.964,-0.0013813791725955978,100
49.966,-0.0009995999725955981,100
49.968,-0.0009642679725955955,100
49.97,-0.0014640584725956003,100
49.972,-0.0014860562725955994,100
49.974,-0.0015080540725955984,100
49.976,-0.0015300518725955975,100
49.978,-0.0010459308725956004,100
49.98,-0.0010224992225955996,100
49.982,-0.0009990675725955987,100
49.984,-0.0012366752725955985,100
49.986,-0.0011924134725955983,100
49.988,-0.0011481516725955984,100
49.99,-0.0011038898725955985,100
49.992,-0.0010468141725955985,100
49.994,-0.0009897384725955985,100
49.996,-0.0010251430725955989,100
49.998,-0.0010605476725955992,100
50.0,-0.0011045825975955987,101
50.002,-0.001148617522595598,101
50.004,-0.0011926524475955975,101
50.006,-0.0012366873725955967,101
50.008,-0.0009960425725955967,101
50.01,-0.0010023466725955976,101
50.012,-0.0010086507725955984,101
50.014,-0.0017367682725955968,101
50.016,-0.0014883915725955972,101
50.018,-0.001240014872595598,101
50.02,-0.0009916381725955988,101
50.022,-0.0010021167725955994,101
50.024,-0.0011490228725955988,101
50.026,-0.0012959289725955985,101
50.028,-0.0014428350725955979,101
50.03,-0.001342622872595598,101
50.032,-0.0012424106725955984,101
50.034,-0.0011421984725955984,101
50.036,-0.0010419862725955988,101
50.038,-0.0009924246725955994,101
50.04,-0.0010953956725955995,101
50.042,-0.0011983666725956,101
50.044,-0.0013365819475956,101
50.046,-0.0014747972225955999,101
50.048,-0.0016130124975955995,101
50.05,-0.0017512277725955996,101
50.052,-0.0010153783725955975,101
50.054,-0.0019992051725955975,101
50.056,-0.0019718652225955975,101
50.058,-0.0019445252725955977,101
50.06,-0.0019171853225955977,101
50.062,-0.0018898453725955976,101
50.064,-0.0015779557725955993,101
50.066,-0.0012660661725956007,101
50.068,-0.0009870038725955986,101
50.07,-0.0009748433725955962,101
50.072,-0.0016840364725955997,101
50.074,-0.0016113457225955992,101
50.076,-0.001538654972595599,101
50.078,-0.0014659642225955988,101
50.08,-0.0013932734725955985,101
50.082,-0.0009952923725955968,101
50.084,-0.0009772391725955988,101
50.086,-0.001384295272595596,101
50.088,-0.0014273379975955967,101
50.09,-0.0014703807225955972,101
50.092,-0.001513423447595598,101
50.094,-0.0015564661725955987,101
50.096,-0.0010469109725955992,101
50.098,-0.0009968048725956004,101
50.1,-0.0011803739725955995,101
50.102,-0.0013685531725955997,101
50.104,-0.0015567323725955995,101
50.106,-0.0017449115725955994,101
50.108,-0.001442145372595599,101
50.11,-0.0011393791725955987,101
50.112,-0.0010079489725955992,101
50.114,-0.0019538543725956,101
50.116,-0.0019460649975955996,101
50.118,-0.0019382756225955987,101
50.12,-0.0019304862475955985,101
50.122,-0.0019226968725955976,101
50.124,-0.001272467072595599,101
50.126,-0.0009974219725955977,101
50.128,-0.0010131156725955955,101
50.13,-0.001650882472595601,101
50.132,-0.0015915198725956004,101
50.134,-0.0015321572725955999,101
50.136,-0.0014727946725955992,101
50.138,-0.0014134320725955989,101
50.14,-0.0010037139725955976,101
50.142,-0.0009847290725955966,101
50.144,-0.0013404327725955976,101
50.146,-0.0014226482392622648,101
50.148,-0.001504863705928932,101
50.15,-0.0015870791725955992,101
50.152,-0.0013302687725955983,101
50.154,-0.0010734583725955978,101
50.156,-0.0009980148725955984,101
50.158,-0.0011511645725955984,101
50.16,-0.0013043142725955984,101
50.162,-0.0014574639725955982,101
50.164,-0.0016106136725955982,101
50.166,-0.0017637633725955983,101
50.168,-0.0009919043725955983,101
50.17,-0.001462800072595598,101
50.172,-0.0019336957725955976,101
50.174,-0.001937331822595598,101
50.176,-0.0019409678725955985,101
50.178,-0.0019446039225955985,101
50.18,-0.0019482399725955987,101
50.182,-0.0013011077725955979,101
50.184,-0.0009990917725955974,101
50.186,-0.0009955827725955967,101
50.188,-0.0016264767725955968,101
50.19,-0.001580118647595597,101
50.192,-0.0015337605225955971,101
50.194,-0.0014874023975955976,101
50.196,-0.0014410442725955978,101
50.198,-0.0010255060725955986,101
50.2,-0.001020678172595598,101
50.202,-0.0013275946725955987,101
50.204,-0.0013943443225955987,101
50.206,-0.0014610939725955988,101
50.208,-0.0015278436225955989,101
50.21,-0.0015945932725955987,101
50.212,-0.001073833472595596,101
50.214,-0.0010168182725956015,101
50.216,-0.001130364672595599,101
50.218,-0.0011443976475955992,101
50.22,-0.0011584306225955994,101
50.222,-0.0011724635975955996,101
50.224,-0.0011864965725955998,101
50.226,-0.0010121597725955972,101
50.228,-0.0010153360225955976,101
50.23,-0.001018512272595598,101
50.232,-0.0018810244725956,101
50.234,-0.0019122828059289327,101
50.236,-0.001943541139262266,101
50.238,-0.001974799472595599,101
50.24,-0.0013127237725955969,101
50.242,-0.0009772270725956003,101
50.244,-0.0015680942725955997,101
50.246,-0.0015497748725955996,101
50.248,-0.0015314554725955995,101
50.25,-0.0015131360725955992,101
50.252,-0.0014948166725955992,101
50.254,-0.001476497272595599,101
50.256,-0.0010200489725955986,101
50.258,-0.0009845233725955976,101
50.26,-0.0012802836725956009,101
50.262,-0.0013960121059289337,101
50.264,-0.0015117405392622667,101
50.266,-0.0016274689725955995,101
50.268,-0.0010707842725955971,101
50.27,-0.0010309450225955972,101
50.272,-0.0009911057725955977,101
50.274,-0.0011111861725955977,101
50.276,-0.0012831241475955977,101
50.278,-0.0014550621225955975,101
50.28,-0.0016270000975955978,101
50.282,-0.0017989380725955979,101
50.284,-0.0009976518725955967,101
50.286,-0.0009902224725956003,101
50.288,-0.0014084831725955996,101
50.29,-0.0018267438725955985,101
50.292,-0.0018653509392622656,101
50.294,-0.0019039580059289328,101
50.296,-0.0019425650725956,101
50.298,-0.0012998614725955975,101
50.3,-0.0009944453725955983,101
50.302,-0.000998898172595599,101
50.304,-0.0015213519725955967,101
50.306,-0.001505086547595597,101
50.308,-0.0014888211225955973,101
50.31,-0.0014725556975955976,101
50.312,-0.0014562902725955978,101
50.314,-0.0010117120725955976,101
50.316,-0.0009977970725955979,101
50.318,-0.0012419387725955964,101
50.32,-0.001439217172595598,101
50.322,-0.0016364955725955992,101
50.324,-0.0010846387725955992,101
50.326,-0.0010337945725955996,101
50.328,-0.0009829503725956,101
50.33,-0.0011537225125955997,101
50.332,-0.0013244946525955991,101
50.334,-0.0014952667925955993,101
50.336,-0.0016660389325955987,101
50.338,-0.0018368110725955984,101
50.34,-0.0011816444725955989,101
50.342,-0.0009572499725955981,101
50.344,-0.0013716749725955985,101
50.346,-0.0017860999725955989,101
50.348,-0.0018332355225955993,101
50.35,-0.0018803710725955993,101
50.352,-0.0019275066225955997,101
50.354,-0.0019746421725956,101
50.356,-0.0013279092725955993,101
50.358,-0.0009667363725955995,101
50.36,-0.0009761259725955992,101
50.362,-0.001492493472595599,101
50.364,-0.0014889058225955988,101
50.366,-0.0014853181725955986,101
50.368,-0.0014817305225955984,101
50.37,-0.0014781428725955982,101
50.372,-0.0010143861725955966,101
50.374,-0.0009946147725956,101
50.376,-0.0013328581725955994,101
50.378,-0.001671101572595599,101
50.38,-0.0013831034225955992,101
50.382,-0.0010951052725955996,101
50.384,-0.0010433717225955992,101
50.386,-0.0009916381725955988,101
50.388,-0.001021658272595598,101
50.39,-0.001051678372595597,101
50.392,-0.0012515915475955976,101
50.394,-0.001451504722595598,101
50.396,-0.0016514178975955986,101
50.398,-0.0018513310725955991,101
50.4,-0.0012219616725955996,101
50.402,-0.0010054079725955976,101
50.404,-0.001000967272595597,101
50.406,-0.0017479607725955984,101
50.408,-0.0016514269725955988,101
50.41,-0.0015548931725955992,101
50.412,-0.0014583593725955996,101
50.414,-0.0013618255725956,101
50.416,-0.0009872821725955966,101
50.418,-0.0014460778725955987,101
50.42,-0.001463540592595599,101
50.422,-0.0014810033125955992,101
50.424,-0.0014984660325955996,101
50.426,-0.0015159287525955995,101
50.428,-0.0015333914725956,101
50.43,-0.001044297372595598,101
50.432,-0.0010075859725955996,101
50.434,-0.0012197473725956004,101
50.436,-0.0013422901225956002,101
50.438,-0.0014648328725956,101
50.44,-0.0015873756225955999,101
50.442,-0.0017099183725955995,101
50.444,-0.000980639272595597,101
50.446,-0.0010146160725955972,101
50.448,-0.0010485928725955974,101
50.45,-0.0012575084475955978,101
50.452,-0.001466424022595598,101
50.454,-0.0016753395975955983,101
50.456,-0.0018842551725955989,101
50.458,-0.0009718425725956,101
50.46,-0.0009977970725955979,101
50.462,-0.0013559389225955988,101
50.464,-0.0017140807725956,101
50.466,-0.0016266431475956,101
50.468,-0.0015392055225955997,101
50.47,-0.0014517678975955995,101
50.472,-0.0013643302725955993,101
50.474,-0.000983918372595597,101
50.476,-0.0009979737325955971,101
50.478,-0.0010120290925955976,101
50.48,-0.0010260844525955975,101
50.482,-0.001040139812595598,101
50.484,-0.0010541951725955984,101
50.486,-0.0010109618725956011,101
50.488,-0.0010983904225956003,101
50.49,-0.0011858189725955995,101
50.492,-0.0013104519975955992,101
50.494,-0.001435085022595599,101
50.496,-0.0015597180475955988,101
50.498,-0.0016843510725955983,101
50.5,-0.0011162439725955972,102
50.502,-0.0009597425725955971,102
50.504,-0.0009943485725955985,102
50.506,-0.0019556572725955984,102
50.508,-0.0019096591225955988,102
50.51,-0.0018636609725955992,102
50.512,-0.0012431366725955996,102
50.514,-0.0009795018725955972,102
50.516,-0.0009708745725955962,102
50.518,-0.0013207037225955963,102
50.52,-0.001670532872595597,102
50.522,-0.0016048480225955976,102
50.524,-0.001539163172595598,102
50.526,-0.0014734783225955983,102
50.528,-0.001407793472595599,102
50.53,-0.0009944090725955979,102
50.532,-0.0009756298725955985,102
50.534,-0.001371687072595596,102
50.536,-0.0014701084725955976,102
50.538,-0.001568529872595599,102
50.54,-0.0013104852725955988,102
50.542,-0.0010524406725955988,102
50.544,-0.0009937314725955992,102
50.546,-0.001078655322595599,102
50.548,-0.0011635791725955987,102
50.55,-0.001455273872595599,102
50.552,-0.0017469685725955992,102
50.554,-0.001567005272595599,102
50.556,-0.0013870419725955988,102
50.558,-0.0012070786725955989,102
50.56,-0.0010271153725955988,102
50.562,-0.0019284080725955992,102
50.564,-0.0019191596392622657,102
50.566,-0.0019099112059289328,102
50.568,-0.0019006627725955997,102
50.57,-0.001264408472595596,102
50.572,-0.0009943485725956002,102
50.574,-0.0010025281725956,102
50.576,-0.0016573801725955992,102
50.578,-0.0015982837725955993,102
50.58,-0.0015391873725955991,102
50.582,-0.0014800909725955994,102
50.584,-0.0014209945725955995,102
50.586,-0.0010068236725955994,102
50.588,-0.000983410172595598,102
50.59,-0.001102871052595598,102
50.592,-0.001222331932595598,102
50.594,-0.001341792812595598,102
50.596,-0.001461253692595598,102
50.598,-0.001580714572595598,102
50.6,-0.001062749872595598,102
50.602,-0.0009894117725955977,102
50.604,-0.0010944760725955967,102
50.606,-0.0013132077725955976,102
50.608,-0.0015319394725955987,102
50.61,-0.0017506711725955996,102
50.612,-0.0011388951725955984,102
50.614,-0.0009764889725955988,102
50.616,-0.0009975913725955975,102
50.618,-0.0010186937725955962,102
50.62,-0.0019131257725955985,102
50.622,-0.0019094594725955984,102
50.624,-0.0019057931725955984,102
50.626,-0.0019021268725955987,102
50.628,-0.0012620610725955995,102
50.63,-0.0009691805725955976,102
50.632,-0.0009612671725955958,102
50.634,-0.0015869097725955995,102
50.636,-0.0015470039725955995,102
50.638,-0.0015070981725955992,102
50.64,-0.001467192372595599,102
50.642,-0.0014272865725955992,102
50.644,-0.0010006163725955976,102
50.646,-0.000997470372595597,102
50.648,-0.0013316844725955975,102
50.65,-0.001405691097595598,102
50.652,-0.0014796977225955982,102
50.654,-0.0015537043475955985,102
50.656,-0.0016277109725955988,102
50.658,-0.0010716554725955976,102
50.66,-0.0009980027725956,102
50.662,-0.0011161108725956,102
50.664,-0.0011278569475955996,102
50.666,-0.001139603022595599,102
50.668,-0.0011513490975955988,102
50.67,-0.0011630951725955987,102
50.672,-0.0009811595725956,102
50.674,-0.0009941126225955991,102
50.676,-0.0010070656725955987,102
50.678,-0.0018644111725955972,102
50.68,-0.0019127627725955977,102
50.682,-0.0019611143725955984,102
50.684,-0.0013204919725955978,102
50.686,-0.0013447181892622647,102
50.688,-0.0013689444059289315,102
50.69,-0.0013931706225955983,102
50.692,-0.0014173968392622652,102
50.694,-0.001441623055928932,102
50.696,-0.0014658492725955988,102
50.698,-0.001234448872595598,102
50.7,-0.0010030484725955975,102
50.702,-0.0009798527725955984,102
50.704,-0.0013007810725956003,102
50.706,-0.0013804746975956002,102
50.708,-0.0014601683225956,102
50.71,-0.0015398619475955997,102
50.712,-0.0016195555725955991,102
50.714,-0.0010716433725955971,102
50.716,-0.0009796712725956,102
50.718,-0.0010756000725955991,102
50.72,-0.0013132077725955989,102
50.722,-0.0015508154725955984,102
50.724,-0.0017884231725955983,102
50.726,-0.0011697259725955975,102
50.728,-0.0010806578725955987,102
50.73,-0.0009915897725955997,102
50.732,-0.0018220732725955995,102
50.734,-0.0018647378725955989,102
50.736,-0.001907402472595598,102
50.738,-0.0019500670725955975,102
50.74,-0.0016318854725955977,102
50.742,-0.0013137038725955976,102
50.744,-0.000995885272595599,102
50.746,-0.0009720240725956016,102
50.748,-0.001506892472595599,102
50.75,-0.0014972850725955985,102
50.752,-0.0014876776725955979,102
50.754,-0.0014780702725955973,102
50.756,-0.0014684628725955967,102
50.758,-0.0010060734725955975,102
50.76,-0.0009934410725956008,102
50.762,-0.0012446249725955975,102
50.764,-0.0013898209392622645,102
50.766,-0.0015350169059289316,102
50.768,-0.0016802128725955984,102
50.77,-0.0011067938725955982,102
50.772,-0.0010016206725955987,102
50.774,-0.0010372975225955983,102
50.776,-0.0010729743725955976,102
50.778,-0.0012591933725955976,102
50.78,-0.0014454123725955977,102
50.782,-0.0016316313725955975,102
50.784,-0.0018178503725955976,102
50.786,-0.0011863634725955972,102
50.788,-0.0009725564725955976,102
50.79,-0.0017812357725955994,102
50.792,-0.0018283773725955993,102
50.794,-0.0018755189725955992,102
50.796,-0.0019226605725955993,102
50.798,-0.001969802172595599,102
50.8,-0.0013330396725955984,102
50.802,-0.0009703905725955992,102
50.804,-0.0009638686725955968,102
50.806,-0.0014691646725955975,102
50.808,-0.0014684779975955979,102
50.81,-0.0014677913225955982,102
50.812,-0.0014671046475955983,102
50.814,-0.0014664179725955987,102
50.816,-0.0010038107725955977,102
50.818,-0.0012043682725955997,102
50.82,-0.0011837764925955996,102
50.822,-0.0011631847125955995,102
50.824,-0.0011425929325955997,102
50.826,-0.0011220011525955996,102
50.828,-0.0011014093725955996,102
50.83,-0.0009937798725955986,102
50.832,-0.0010382110725956004,102
50.834,-0.0013012247392622668,102
50.836,-0.0015642384059289332,102
50.838,-0.0018272520725955996,102
50.84,-0.0016202573725955984,102
50.842,-0.0014132626725955975,102
50.844,-0.0012062679725955963,102
50.846,-0.0009754120725956016,102
50.848,-0.0017269551725955996,102
50.85,-0.0017908915725955996,102
50.852,-0.0018548279725955996,102
50.854,-0.0019187643725955992,102
50.856,-0.001982700772595599,102
50.858,-0.0009540434725955997,102
50.86,-0.0014283392725955996,102
50.862,-0.0014524938975955994,102
50.864,-0.0014766485225955993,102
50.866,-0.0015008031475955991,102
50.868,-0.001524957772595599,102
50.87,-0.0012720980225955992,102
50.872,-0.0010192382725955993,102
50.874,-0.0009668210725955992,102
50.876,-0.0011830359725955968,102
50.878,-0.001310285622595597,102
50.88,-0.0014375352725955971,102
50.882,-0.0015647849225955976,102
50.884,-0.001692034572595598,102
50.886,-0.0013983615225955986,102
50.888,-0.001104688472595599,102
50.89,-0.0009835674725955992,102
50.892,-0.0010401712725955983,102
50.894,-0.0010846629725955984,102
50.896,-0.0011291546725955984,102
50.898,-0.0011736463725955984,102
50.9,-0.0012181380725955985,102
50.902,-0.0010966843225955984,102
50.904,-0.0009752305725955982,102
50.906,-0.0009839304725955988,102
50.908,-0.0010852830975955983,102
50.91,-0.001186635722595598,102
50.912,-0.0012879883475955976,102
50.914,-0.0013893409725955971,102
50.916,-0.0010097639725955964,102
50.918,-0.0010097881725955975,102
50.92,-0.001009812372595599,102
50.922,-0.0010166633925955987,102
50.924,-0.001023514412595599,102
50.926,-0.0010303654325955988,102
50.928,-0.0010372164525955991,102
50.93,-0.001044067472595599,102
50.932,-0.0010162011725955997,102
50.934,-0.0009883348725956004,102
50.936,-0.0011477402725955967,102
50.938,-0.0012867238975955973,102
50.94,-0.0014257075225955979,102
50.942,-0.0015646911475955985,102
50.944,-0.0017036747725955991,102
50.946,-0.0011331355725955996,102
50.948,-0.0010263893725955958,102
50.95,-0.0015025969725955962,102
50.952,-0.0019788045725955966,102
50.954,-0.001947534139262264,102
50.956,-0.0019162637059289313,102
50.958,-0.0018849932725955984,102
50.96,-0.0012448669725955968,102
50.962,-0.0009752668725955987,102
50.964,-0.001316740972595598,102
50.966,-0.0016582150725955973,102
50.968,-0.0015922307475955974,102
50.97,-0.0015262464225955976,102
50.972,-0.0014602620975955976,102
50.974,-0.001394277772595598,102
50.976,-0.001002891172595598,102
50.978,-0.0009934047725955984,102
50.98,-0.0013800723725955995,102
50.982,-0.0014250238725955996,102
50.984,-0.0014699753725955994,102
50.986,-0.0015149268725955993,102
50.988,-0.0015598783725955991,102
50.99,-0.0010595554725955983,102
50.992,-0.0010011971725955998,102
50.994,-0.0011504264725955976,102
50.996,-0.001347366072595598,102
50.998,-0.0015443056725955987,102
51.0,-0.0017412452725955995,103
51.002,-0.001133607472595598,103
51.004,-0.0010654602725955978,103
51.006,-0.0009973130725955976,103
51.008,-0.0010272968725955967,103
51.01,-0.0012470963975955976,103
51.012,-0.001466895922595598,103
51.014,-0.0016866954475955988,103
51.016,-0.0019064949725955997,103
51.018,-0.0012594474725956,103
51.02,-0.0009913356725955967,103
51.022,-0.0016415533725956007,103
51.024,-0.0015974803325956004,103
51.026,-0.0015534072925956002,103
51.028,-0.0015093342525956,103
51.03,-0.0014652612125955996,103
51.032,-0.0014211881725955996,103
51.034,-0.0009827567725955964,103
51.036,-0.0009617511725955978,103
51.038,-0.0013366696725955994,103
51.04,-0.0014176146392622655,103
51.042,-0.001498559605928932,103
51.044,-0.0015795045725955983,103
51.046,-0.0010694290725955999,103
51.048,-0.0010048755725955982,103
51.05,-0.0010779111725955984,103
51.052,-0.0011509467725955983,103
51.054,-0.0013002153975955983,103
51.056,-0.001449484022595598,103
51.058,-0.001598752647595598,103
51.06,-0.0017480212725955976,103
51.062,-0.0011493858725955992,103
51.064,-0.0009718183725955975,103
51.066,-0.000983640072595597,103
51.068,-0.0014371359725955976,103
51.07,-0.0018906318725955985,103
51.072,-0.0016824352392622655,103
51.074,-0.001474238605928933,103
51.076,-0.0012660419725956003,103
51.078,-0.0009820065725955982,103
51.08,-0.0010692572525955984,103
51.082,-0.0011565079325955984,103
51.084,-0.001243758612595599,103
51.086,-0.0013310092925955992,103
51.088,-0.0014182599725955992,103
51.09,-0.0012138062725955984,103
51.092,-0.0010093525725955975,103
51.094,-0.0009891939725956006,103
51.096,-0.0013079442725956007,103
51.098,-0.0012489295475955997,103
51.1,-0.0011899148225955987,103
51.102,-0.0011309000975955976,103
51.104,-0.0010718853725955964,103
51.106,-0.0010051659725956,103
51.108,-0.0011601258325955998,103
51.11,-0.0013150856925955995,103
51.112,-0.0014700455525955992,103
51.114,-0.0016250054125955989,103
51.116,-0.0017799652725955983,103
51.118,-0.0014729943225955978,103
51.12,-0.0011660233725955971,103
51.122,-0.0009924367725955997,103
51.124,-0.0009878629725956004,103
51.126,-0.0018502662725955984,103
51.128,-0.0018731151059289317,103
51.13,-0.0018959639392622648,103
51.132,-0.0019188127725955973,103
51.134,-0.0012731204725955972,103
51.136,-0.0009580122725955983,103
51.138,-0.000970124372595596,103
51.14,-0.0015412201725955987,103
51.142,-0.0015126762725955983,103
51.144,-0.0014841323725955985,103
51.146,-0.0014555884725955984,103
51.148,-0.0014270445725955982,103
51.15,-0.0009945905725955995,103
51.152,-0.0011424828225955975,103
51.154,-0.001290375072595596,103
51.156,-0.0013687104725955967,103
51.158,-0.0014470458725955974,103
51.16,-0.001525381272595598,103
51.162,-0.0016037166725955988,103
51.164,-0.0010782862725955984,103
51.166,-0.0009874031725955988,103
51.168,-0.0010882324725955995,103
51.17,-0.0011143261225955992,103
51.172,-0.0011404197725955988,103
51.174,-0.0011665134225955984,103
51.176,-0.001192607072595598,103
51.178,-0.0011084878725955982,103
51.18,-0.0010243686725955985,103
51.182,-0.0014431133725955987,103
51.184,-0.001861858072595599,103
51.186,-0.0018934390725955988,103
51.188,-0.0019250200725955983,103
51.19,-0.0019566010725955985,103
51.192,-0.0013168498725955984,103
51.194,-0.0010050691725955983,103
51.196,-0.0009986077725955972,103
51.198,-0.0015439910725955994,103
51.2,-0.0015265579975955994,103
51.202,-0.0015091249225955995,103
51.204,-0.0014916918475955995,103
51.206,-0.0014742587725955995,103
51.208,-0.0010347867725955997,103
51.21,-0.0010143256725956007,103
51.212,-0.001254994672595596,103
51.214,-0.0013849083392622637,103
51.216,-0.001514822005928931,103
51.218,-0.0016447356725955986,103
51.22,-0.0010799802725956,103
51.222,-0.0010376847225956,103
51.224,-0.0009953891725956003,103
51.226,-0.0010707358725955997,103
51.228,-0.0012578472475955995,103
51.23,-0.0014449586225955995,103
51.232,-0.0016320699975955995,103
51.234,-0.0018191813725956,103
51.236,-0.001172424272595599,103
51.238,-0.000979417172595597,103
51.24,-0.0010016206725955987,103
51.242,-0.0018143776725956,103
51.244,-0.0019710605725955996,103
51.246,-0.001749828205928932,103
51.248,-0.0015285958392622645,103
51.25,-0.0013073634725955967,103
51.252,-0.0015154229725955985,103
51.254,-0.0015149075125955984,103
51.256,-0.0015143920525955983,103
51.258,-0.001513876592595598,103
51.26,-0.0015133611325955979,103
51.262,-0.0015128456725955976,103
51.264,-0.0010399776725956,103
51.266,-0.0010233462225956004,103
51.268,-0.0010067147725956007,103
51.27,-0.0012460527725955996,103
51.272,-0.0012113529975955992,103
51.274,-0.0011766532225955988,103
51.276,-0.0011419534475955984,103
51.278,-0.001107253672595598,103
51.28,-0.0010197464725955983,103
51.282,-0.0010481935725955979,103
51.284,-0.0010766406725955975,103
51.286,-0.0012571000725955976,103
51.288,-0.0014375594725955976,103
51.29,-0.001618018872595598,103
51.292,-0.001798478272595598,103
51.294,-0.0011780265725955998,103
51.296,-0.0009698097725956006,103
51.298,-0.001359520522595599,103
51.3,-0.0017492312725955975,103
51.302,-0.001828917839262264,103
51.304,-0.0019086044059289313,103
51.306,-0.001988290972595598,103
51.308,-0.0013619223725955983,103
51.31,-0.0014761947725955987,103
51.312,-0.001482890105928932,103
51.314,-0.001489585439262265,103
51.316,-0.0014962807725955986,103
51.318,-0.001502976105928932,103
51.32,-0.0015096714392622652,103
51.322,-0.0015163667725955985,103
51.324,-0.0010407278725956,103
51.326,-0.0009877419725955981,103
51.328,-0.0012156938725956003,103
51.33,-0.0013391804225955995,103
51.332,-0.0014626669725955992,103
51.334,-0.0015861535225955986,103
51.336,-0.001709640072595598,103
51.338,-0.0011217857725955988,103
51.34,-0.0009982689725955996,103
51.342,-0.0010594223725955976,103
51.344,-0.0013291233059289313,103
51.346,-0.0015988242392622647,103
51.348,-0.0018685251725955984,103
51.35,-0.0014266876225955986,103
51.352,-0.0009848500725955986,103
51.354,-0.0010392724154527412,103
51.356,-0.0010936947583098844,103
51.358,-0.0011481171011670272,103
51.36,-0.00120253944402417,103
51.362,-0.0012569617868813127,103
51.364,-0.0013113841297384555,103
51.366,-0.0013658064725955987,103
51.368,-0.000993719372595599,103
51.37,-0.0009934531725955958,103
51.372,-0.0014310375725955973,103
51.374,-0.0014547747475955977,103
51.376,-0.001478511922595598,103
51.378,-0.0015022490975955985,103
51.38,-0.0015259862725955989,103
51.382,-0.0010277566725955985,103
51.384,-0.0009890245725955975,103
51.386,-0.0011674541975955975,103
51.388,-0.0013458838225955975,103
51.39,-0.0015243134475955975,103
51.392,-0.0017027430725955976,103
51.394,-0.0014063959225955975,103
51.396,-0.0011100487725955975,103
51.398,-0.0009876330725955996,103
51.4,-0.0010483992725955971,103
51.402,-0.0019939779725955988,103
51.404,-0.0019252983725955985,103
51.406,-0.0018566187725955975,103
51.408,-0.0015428234225955968,103
51.41,-0.0012290280725955963,103
51.412,-0.0009826720725956,103
51.414,-0.000978570172595599,103
51.416,-0.0016785430725955973,103
51.418,-0.0016082420725955972,103
51.42,-0.0015379410725955972,103
51.422,-0.0014676400725955972,103
51.424,-0.0013973390725955971,103
51.426,-0.0010091468725955972,103
51.428,-0.0014166022725955983,103
51.43,-0.001448084052595598,103
51.432,-0.001479565832595598,103
51.434,-0.001511047612595598,103
51.436,-0.001542529392595598,103
51.438,-0.0015740111725955977,103
51.44,-0.001064008272595597,103
51.442,-0.0010266555725956007,103
51.444,-0.0011816202725956,103
51.446,-0.0013194967475955999,103
51.448,-0.0014573732225955996,103
51.45,-0.001595249697595599,103
51.452,-0.001733126172595599,103
51.454,-0.001131719872595598,103
51.456,-0.000977856272595598,103
51.458,-0.0010117967725955974,103
51.46,-0.0013030074725955975,103
51.462,-0.0015942181725955976,103
51.464,-0.0018854288725955975,103
51.466,-0.0015590011225955983,103
51.468,-0.0012325733725955992,103
51.47,-0.0009803972725955965,103
51.472,-0.0013257070725955977,103
51.474,-0.001671016872595599,103
51.476,-0.001605232197595599,103
51.478,-0.0015394475225955987,103
51.48,-0.0014736628475955989,103
51.482,-0.0014078781725955988,103
51.484,-0.000993162772595601,103
51.486,-0.0009754241725955965,103
51.488,-0.0013616924725955955,103
51.49,-0.0014323201725955966,103
51.492,-0.0015029478725955975,103
51.494,-0.0015735755725955983,103
51.496,-0.0013169769225955987,103
51.498,-0.0010603782725955996,103
51.5,-0.0010037865725955955,104
51.502,-0.0011448483725956006,104
51.504,-0.0013423082725956,104
51.506,-0.001539768172595599,104
51.508,-0.0017372280725955983,104
51.51,-0.0014439845725955991,104
51.512,-0.0011507410725956,104
51.514,-0.0010009551725955988,104
51.516,-0.0010105383725955983,104
51.518,-0.0018989808725956,104
51.52,-0.001696810039262266,104
51.522,-0.001494639205928932,104
51.524,-0.0012924683725955982,104
51.526,-0.001144279672595597,104
51.528,-0.000996090972595596,104
51.53,-0.001310527622595598,104
51.532,-0.0016249642725956,104
51.534,-0.0015668681392622663,104
51.536,-0.0015087720059289323,104
51.538,-0.0014506758725955984,104
51.54,-0.0010319795725956,104
51.542,-0.0011240948559289327,104
51.544,-0.001216210139262266,104
51.546,-0.001308325422595599,104
51.548,-0.001400440705928932,104
51.55,-0.0014925559892622648,104
51.552,-0.001584671272595598,104
51.554,-0.0010614914725955993,104
51.556,-0.001107544072595598,104
51.558,-0.0011164666125955984,104
51.56,-0.0011253891525955988,104
51.562,-0.0011343116925955992,104
51.564,-0.0011432342325955996,104
51.566,-0.0011521567725956,104
51.568,-0.000994094472595597,104
51.57,-0.0009992672225955972,104
51.572,-0.0010044399725955971,104
51.574,-0.0019020300725956004,104
51.576,-0.0019056439392622663,104
51.578,-0.0019092578059289329,104
51.58,-0.0019128716725955992,104
51.582,-0.0009930780725955976,104
51.584,-0.0009871006725955984,104
51.586,-0.0009811232725955993,104
51.588,-0.000989598112595599,104
51.59,-0.0009980729525955988,104
51.592,-0.0010065477925955983,104
51.594,-0.0010150226325955983,104
51.596,-0.001023497472595598,104
51.598,-0.0010128373725955984,104
51.6,-0.0010021772725955988,104
51.602,-0.001129195812595599,104
51.604,-0.0012562143525955993,104
51.606,-0.0013832328925955993,104
51.608,-0.0015102514325955995,104
51.61,-0.0016372699725955996,104
51.612,-0.0011007317725955992,104
51.614,-0.0010196980725955991,104
51.616,-0.0011234192725955992,104
51.618,-0.0013012529725955992,104
51.62,-0.0014790866725955991,104
51.622,-0.001656920372595599,104
51.624,-0.0018347540725955989,104
51.626,-0.0012057597725955993,104
51.628,-0.0010258327725955994,104
51.63,-0.0014549713725955987,104
51.632,-0.0018841099725955975,104
51.634,-0.001913214505928932,104
51.636,-0.0019423190392622656,104
51.638,-0.0019714235725955998,104
51.64,-0.0013024992725955975,104
51.642,-0.0009814499725956,104
51.644,-0.0012727151225955984,104
51.646,-0.0015639802725955967,104
51.648,-0.001546193272595597,104
51.65,-0.0015284062725955975,104
51.652,-0.001510619272595598,104
51.654,-0.0014928322725955984,104
51.656,-0.0012925651725956,104
51.658,-0.0013505080392622664,104
51.66,-0.001408450905928933,104
51.662,-0.0014663937725955991,104
51.664,-0.0015243366392622656,104
51.666,-0.0015822795059289322,104
51.668,-0.0016402223725955987,104
51.67,-0.0011009011725955989,104
51.672,-0.0010279139725955996,104
51.674,-0.001116074572595601,104
51.676,-0.0012888534975956003,104
51.678,-0.0014616324225956,104
51.68,-0.0016344113475955995,104
51.682,-0.0018071902725955993,104
51.684,-0.0012032671725955967,104
51.686,-0.0010038107725955977,104
51.688,-0.0018472049725955996,104
51.69,-0.0018912973725955992,104
51.692,-0.0019353897725955989,104
51.694,-0.0019794821725955983,104
51.696,-0.0016635209225955988,104
51.698,-0.0013475596725955987,104
51.7,-0.0010232917725955977,104
51.702,-0.001026788672595598,104
51.704,-0.0015424422725955986,104
51.706,-0.0015332059392622656,104
51.708,-0.0015239696059289327,104
51.71,-0.0015147332725955996,104
51.712,-0.0012788437725955995,104
51.714,-0.001042954272595599,104
51.716,-0.0010020078725955991,104
51.718,-0.0012570758725955998,104
51.72,-0.0013997832725955995,104
51.722,-0.0015424906725955989,104
51.724,-0.0016851980725955983,104
51.726,-0.0013982647225955994,104
51.728,-0.0011113313725956003,104
51.73,-0.001006182372595598,104
51.732,-0.001092818372595599,104
51.734,-0.0012779120725955988,104
51.736,-0.0014630057725955985,104
51.738,-0.001648099472595598,104
51.74,-0.0018331931725955976,104
51.742,-0.0012064010725955988,104
51.744,-0.0009944090725955996,104
51.746,-0.0010183791725955971,104
51.748,-0.0018057987725955977,104
51.75,-0.0018637255059289317,104
51.752,-0.0019216522392622648,104
51.754,-0.0019795789725955987,104
51.756,-0.0013525206725956,104
51.758,-0.001006557472595598,104
51.76,-0.0009994184725955965,104
51.762,-0.0014964380725955972,104
51.764,-0.0015009211225955978,104
51.766,-0.0015054041725955983,104
51.768,-0.0015098872225955992,104
51.77,-0.0015143702725955999,104
51.772,-0.0010513637725955982,104
51.774,-0.0010245259725955996,104
51.776,-0.0011611373925955993,104
51.778,-0.0012977488125955991,104
51.78,-0.0014343602325955988,104
51.782,-0.0015709716525955987,104
51.784,-0.0017075830725955983,104
51.786,-0.0011326031725955987,104
51.788,-0.0010002533725955995,104
51.79,-0.0010601725725955975,104
51.792,-0.001265231272595598,104
51.794,-0.0014702899725955983,104
51.796,-0.0016753486725955987,104
51.798,-0.0018804073725955993,104
51.8,-0.0012466093725955994,104
51.802,-0.0010080457725956012,104
51.804,-0.0017607625725955985,104
51.806,-0.0016806339525955983,104
51.808,-0.0016005053325955983,104
51.81,-0.001520376712595598,104
51.812,-0.001440248092595598,104
51.814,-0.001360119472595598,104
51.816,-0.000987681472595597,104
51.818,-0.0014520552725955978,104
51.82,-0.001470072172595598,104
51.822,-0.0014880890725955988,104
51.824,-0.001506105972595599,104
51.826,-0.0015241228725955997,104
51.828,-0.0015421397725956,104
51.83,-0.0010379327725956004,104
51.832,-0.000991916472595597,104
51.834,-0.0012251076725955969,104
51.836,-0.0013828553725955973,104
51.838,-0.0015406030725955977,104
51.84,-0.001698350772595598,104
51.842,-0.001132530572595599,104
51.844,-0.001071588922595598,104
51.846,-0.001010647272595597,104
51.848,-0.0010799439725955977,104
51.85,-0.001278042147595598,104
51.852,-0.0014761403225955984,104
51.854,-0.001674238497595599,104
51.856,-0.0018723366725955995,104
51.858,-0.0012520422725955987,104
51.86,-0.0010149548725956,104
51.862,-0.001008069972595598,104
51.864,-0.001082908472595598,104
51.866,-0.0011577469725955983,104
51.868,-0.0012325854725955983,104
51.87,-0.0013074239725955985,104
51.872,-0.0013822624725955985,104
51.874,-0.000992763472595597,104
51.876,-0.0009904765725956,104
51.878,-0.0014092696725955985,104
51.88,-0.0014474058475955984,104
51.882,-0.0014855420225955984,104
51.884,-0.0015236781975955984,104
51.886,-0.0015618143725955984,104
51.888,-0.0010461244725955988,104
51.89,-0.0009944332725955983,104
51.892,-0.0011647044725956004,104
51.894,-0.0013094507225956003,104
51.896,-0.0014541969725956,104
51.898,-0.0015989432225955995,104
51.9,-0.0017436894725955995,104
51.902,-0.0010001444725955975,104
51.904,-0.001037230972595598,104
51.906,-0.0019864033725956,104
51.908,-0.0019562501725956,104
51.91,-0.0019260969725955993,104
51.912,-0.0018959437725955992,104
51.914,-0.0015860627725955995,104
51.916,-0.0012761817725955998,104
51.918,-0.0010109013725955983,104
51.92,-0.0010098365725955995,104
51.922,-0.0017117575725955972,104
51.924,-0.001639677872595597,104
51.926,-0.0015675981725955974,104
51.928,-0.0014955184725955976,104
51.93,-0.0014234387725955977,104
51.932,-0.0010237878725955964,104
51.934,-0.001404732172595598,104
51.936,-0.0014527812725955976,104
51.938,-0.0015008303725955975,104
51.94,-0.0015488794725955972,104
51.942,-0.0015969285725955969,104
51.944,-0.0010850138725955975,104
51.946,-0.0010134060725955976,104
51.948,-0.0011681650725955985,104
51.95,-0.0012855955725955984,104
51.952,-0.0014030260725955983,104
51.954,-0.0015204565725955986,104
51.956,-0.0016378870725955983,104
51.958,-0.0017553175725955987,104
51.96,-0.001163107272595599,104
51.962,-0.0010021167725955994,104
51.964,-0.0010467657725955967,104
51.966,-0.0013423405392622642,104
51.968,-0.0016379153059289317,104
51.97,-0.0019334900725955992,104
51.972,-0.0012922626725955996,104
51.974,-0.0011441949725955987,104
51.976,-0.0009961272725955983,104
51.978,-0.0010031815725955982,104
51.98,-0.0016656807725955979,104
51.982,-0.0016055225975955979,104
51.984,-0.0015453644225955979,104
51.986,-0.0014852062475955979,104
51.988,-0.0014250480725955979,104
51.99,-0.0010100543725956,104
51.992,-0.0009995273725956003,104
51.994,-0.0013416911725956,104
51.996,-0.0014042935475955995,104
51.998,-0.001466895922595599,104
52.0,-0.0015294982975955983,105
52.002,-0.001592100672595598,105
52.004,-0.0010740149725955977,105
52.006,-0.001014845972595598,105
52.008,-0.0011521567725956,105
52.01,-0.0013606720392622662,105
52.012,-0.0015691873059289322,105
52.014,-0.0017777025725955985,105
52.016,-0.0014740591225955993,105
52.018,-0.0011704156725956,105
52.02,-0.0010021530725955984,105
52.022,-0.0010231102725955996,105
52.024,-0.0019344943725956004,105
52.026,-0.0019298036059289332,105
52.028,-0.0019251128392622663,105
52.03,-0.0019204220725955996,105
52.032,-0.0012857891725955963,105
52.034,-0.0009942759725955971,105
52.036,-0.0015853246725955963,105
52.038,-0.0014731988125955965,105
52.04,-0.0013610729525955969,105
52.042,-0.001248947092595597,105
52.044,-0.0011368212325955972,105
52.046,-0.0010246953725955976,105
52.048,-0.0010130188725955983,105
52.05,-0.001001342372595599,105
52.052,-0.0013229240725955993,105
52.054,-0.0012637822975955992,105
52.056,-0.0012046405225955995,105
52.058,-0.0011454987475955996,105
52.06,-0.0010863569725955997,105
52.062,-0.0011051664225955994,105
52.064,-0.0011239758725955992,105
52.066,-0.001258929592595599,105
52.068,-0.0013938833125955994,105
52.07,-0.0015288370325955993,105
52.072,-0.0016637907525955992,105
52.074,-0.0017987444725955995,105
52.076,-0.0011750257725956,105
52.078,-0.0010125590725955959,105
52.08,-0.0018842672725955972,105
52.082,-0.0018993952975955972,105
52.084,-0.0019145233225955972,105
52.086,-0.0019296513475955972,105
52.088,-0.0019447793725955972,105
52.09,-0.0013043868725955976,105
52.092,-0.001000906772595598,105
52.094,-0.0015875268725955988,105
52.096,-0.0015369972725955982,105
52.098,-0.001486467672595598,105
52.1,-0.0014359380725955972,105
52.102,-0.001226765372595597,105
52.104,-0.0010175926725955967,105
52.106,-0.001010744072595598,105
52.108,-0.0010038954725955992,105
52.11,-0.001289443372595598,105
52.112,-0.0013760854225955983,105
52.114,-0.0014627274725955983,105
52.116,-0.0015493695225955988,105
52.118,-0.0016360115725955991,105
52.12,-0.001097743072595598,105
52.122,-0.0009982689725955977,105
52.124,-0.0010963273725955978,105
52.126,-0.001120860122595598,105
52.128,-0.0011453928725955985,105
52.13,-0.0011699256225955988,105
52.132,-0.0011944583725955991,105
52.134,-0.0010954864225955997,105
52.136,-0.0009965144725956002,105
52.138,-0.0010111917725955967,105
52.14,-0.001252269147595597,105
52.142,-0.0014933465225955974,105
52.144,-0.0017344238975955978,105
52.146,-0.001975501272595598,105
52.148,-0.000998789272595597,105
52.15,-0.000990379772595599,105
52.152,-0.000981970272595601,105
52.154,-0.0015406030725955994,105
52.156,-0.0014137345725955992,105
52.158,-0.001286866072595599,105
52.16,-0.0011599975725955988,105
52.162,-0.0010331290725955986,105
52.164,-0.001022838022595598,105
52.166,-0.0010125469725955972,105
52.168,-0.0012244583059289316,105
52.17,-0.0014363696392622656,105
52.172,-0.0016482809725955996,105
52.174,-0.0009893028725955991,105
52.176,-0.0010733978725955967,105
52.178,-0.001197628572595597,105
52.18,-0.0013218592725955977,105
52.182,-0.001446089972595598,105
52.184,-0.0015703206725955986,105
52.186,-0.0016945513725955988,105
52.188,-0.0018187820725955996,105
52.19,-0.0011870168725956007,105
52.192,-0.0010880933225955996,105
52.194,-0.0009891697725955984,105
52.196,-0.0018173542725955993,105
52.198,-0.0016106741725955987,105
52.2,-0.0014039940725955984,105
52.202,-0.001197313972595598,105
52.204,-0.0009906338725955977,105
52.206,-0.0010959135525955975,105
52.208,-0.001201193232595598,105
52.21,-0.001306472912595598,105
52.212,-0.0014117525925955983,105
52.214,-0.0015170322725955986,105
52.216,-0.0010308784725955988,105
52.218,-0.001005244622595598,105
52.22,-0.0009796107725955974,105
52.222,-0.0011548217975955975,105
52.224,-0.0013300328225955976,105
52.226,-0.0015052438475955975,105
52.228,-0.0016804548725955978,105
52.23,-0.0010008583725955988,105
52.232,-0.001081190272595598,105
52.234,-0.001190997772595598,105
52.236,-0.001300805272595598,105
52.238,-0.001410612772595598,105
52.24,-0.0015204202725955975,105
52.242,-0.001630227772595598,105
52.244,-0.0017400352725955978,105
52.246,-0.0018498427725955975,105
52.248,-0.0009789815725955997,105
52.25,-0.001377349872595599,105
52.252,-0.0017757181725955983,105
52.254,-0.0018279780725955984,105
52.256,-0.0018802379725955983,105
52.258,-0.0019324978725955985,105
52.26,-0.001984757772595599,105
52.262,-0.0013532708725956,105
52.264,-0.0010059282725955968,105
52.266,-0.0010043673725955993,105
52.268,-0.0014711974725955983,105
52.27,-0.0013656642975955987,105
52.272,-0.0012601311225955989,105
52.274,-0.001154597947595599,105
52.276,-0.0010490647725955992,105
52.278,-0.000996998472595597,105
52.28,-0.001213866772595596,105
52.282,-0.0011952690725955963,105
52.284,-0.0011766713725955967,105
52.286,-0.0011580736725955968,105
52.288,-0.0011394759725955974,105
52.29,-0.0011208782725955976,105
52.292,-0.001004911872595599,105
52.294,-0.0011479379059289323,105
52.296,-0.0012909639392622654,105
52.298,-0.0014339899725955988,105
52.3,-0.001577016005928932,105
52.302,-0.0017200420392622653,105
52.304,-0.0018630680725955984,105
52.306,-0.0012226150725955975,105
52.308,-0.0009935378725955974,105
52.31,-0.000983180272595599,105
52.312,-0.0017400352725955963,105
52.314,-0.0015557401725955974,105
52.316,-0.0013714450725955984,105
52.318,-0.0011774276225955992,105
52.32,-0.0009834101725955998,105
52.322,-0.0012070363225956003,105
52.324,-0.0014306624725956008,105
52.326,-0.0014552799225956,105
52.328,-0.001479897372595599,105
52.33,-0.0015045148225955986,105
52.332,-0.0015291322725955979,105
52.334,-0.0009859269725955991,105
52.336,-0.0011883357725955973,105
52.338,-0.0013194090225955972,105
52.34,-0.0014504822725955975,105
52.342,-0.0015815555225955976,105
52.344,-0.0017126287725955976,105
52.346,-0.001415652422595598,105
52.348,-0.0011186760725955987,105
52.35,-0.001003980172595599,105
52.352,-0.0011773901125955992,105
52.354,-0.0013508000525955994,105
52.356,-0.0015242099925955991,105
52.358,-0.0016976199325955995,105
52.36,-0.0018710298725956,105
52.362,-0.001245726072595597,105
52.364,-0.0009998177725955985,105
52.366,-0.0009965144725955985,105
52.368,-0.0017066755725955987,105
52.37,-0.0016282494225955987,105
52.372,-0.0015498232725955983,105
52.374,-0.0014713971225955983,105
52.376,-0.001392970972595598,105
52.378,-0.0009824542725955997,105
52.38,-0.0013795278725956,105
52.382,-0.0014148985925956,105
52.384,-0.0014502693125955997,105
52.386,-0.0014856400325955993,105
52.388,-0.001521010752595599,105
52.39,-0.0015563814725955988,105
52.392,-0.0009974824725955988,105
52.394,-0.0011762115725955991,105
52.396,-0.0012931508125955992,105
52.398,-0.0014100900525955994,105
52.4,-0.0015270292925955993,105
52.402,-0.0016439685325955991,105
52.404,-0.0017609077725955992,105
52.406,-0.0011451387725956007,105
52.408,-0.0010032783725956,105
52.41,-0.0010312051725955979,105
52.412,-0.001979772572595599,105
52.414,-0.0016569163392622654,105
52.416,-0.001334060105928932,105
52.418,-0.0010112038725955987,105
52.42,-0.0010068357725955997,105
52.422,-0.0010024676725956007,105
52.424,-0.0009980995725956017,105
52.426,-0.0016849560725955993,105
52.428,-0.0015969084059289328,105
52.43,-0.001508860739262266,105
52.432,-0.0014208130725955996,105
52.434,-0.001008493472595599,105
52.436,-0.0010043310725955969,105
52.438,-0.001117952492595597,105
52.44,-0.001231573912595597,105
52.442,-0.0013451953325955975,105
52.444,-0.001458816752595598,105
52.446,-0.001572438172595598,105
52.448,-0.001282195472595597,105
52.45,-0.000991952772595596,105
52.452,-0.0010764410225955964,105
52.454,-0.0011609292725955967,105
52.456,-0.0013071547475955974,105
52.458,-0.001453380222595598,105
52.46,-0.0015996056975955983,105
52.462,-0.001745831172595599,105
52.464,-0.0010180524725956,105
52.466,-0.0010306727725955984,105
52.468,-0.001043293072595597,105
52.47,-0.001963800572595597,105
52.472,-0.0019535317059289317,105
52.474,-0.0019432628392622648,105
52.476,-0.0019329939725955987,105
52.478,-0.0012929886725955991,105
52.48,-0.0009881654725955988,105
52.482,-0.0009827567725955964,105
52.484,-0.0016418195725955986,105
52.486,-0.0015975244975955987,105
52.488,-0.0015532294225955989,105
52.49,-0.0015089343475955988,105
52.492,-0.001464639272595599,105
52.494,-0.0010186453725955988,105
52.496,-0.0011913789225955988,105
52.498,-0.0013641124725955987,105
52.5,-0.0014300846975955988,106
52.502,-0.0014960569225955988,106
52.504,-0.0015620291475955989,106
52.506,-0.0016280013725955987,106
52.508,-0.0010084692725956003,106
52.51,-0.001134926372595598,106
52.512,-0.0013012529725955984,106
52.514,-0.0014675795725955986,106
52.516,-0.0016339061725955987,106
52.518,-0.0018002327725955992,106
52.52,-0.0014943447725955985,106
52.522,-0.0011884567725955978,106
52.524,-0.0010371220725955992,106
52.526,-0.0010357668725956004,106
52.528,-0.001127501005928934,106
52.53,-0.0012192351392622675,106
52.532,-0.0013109692725956008,106
52.534,-0.0012089380392622667,106
52.536,-0.0011069068059289325,106
52.538,-0.0010048755725955982,106
52.54,-0.0010973631325955986,106
52.542,-0.0011898506925955988,106
52.544,-0.0012823382525955992,106
52.546,-0.0013748258125955994,106
52.548,-0.0014673133725955998,106
52.55,-0.0010452169725955977,106
52.552,-0.0010013665725955995,106
52.554,-0.0013255255725956004,106
52.556,-0.0014293798725955997,106
52.558,-0.0015332341725955987,106
52.56,-0.001637088472595598,106
52.562,-0.0013230450725955987,106
52.564,-0.0010090016725955997,106
52.566,-0.0010380799892622664,106
52.568,-0.0010671583059289327,106
52.57,-0.0010962366225955996,106
52.572,-0.0011253149392622664,106
52.574,-0.0011543932559289329,106
52.576,-0.0011834715725955996,106
52.578,-0.0010904951725955996,106
52.58,-0.0009975187725955997,106
52.582,-0.0019107299725955997,106
52.584,-0.0019329485975955992,106
52.586,-0.001955167222595599,106
52.588,-0.001977385847595598,106
52.59,-0.0019996044725955984,106
52.592,-0.0010038591725955968,106
52.594,-0.0013051854725955984,106
52.596,-0.0016065117725956,106
52.598,-0.0015648242475955997,106
52.6,-0.0015231367225955993,106
52.602,-0.0014814491975955989,106
52.604,-0.0014397616725955985,106
52.606,-0.0012262329725955983,106
52.608,-0.0010127042725955983,106
52.61,-0.000999551572595597,106
52.612,-0.0011252923525955979,106
52.614,-0.0012510331325955985,106
52.616,-0.0013767739125955989,106
52.618,-0.0015025146925955995,106
52.62,-0.0016282554725956,106
52.622,-0.0010151605725956005,106
52.624,-0.0010542798725956,106
52.626,-0.0010933991725955992,106
52.628,-0.0011253552725955993,106
52.63,-0.0011573113725955987,106
52.632,-0.0011892674725955989,106
52.634,-0.001122915105928932,106
52.636,-0.0010565627392622652,106
52.638,-0.0009902103725955983,106
52.64,-0.0010005195725955975,106
52.642,-0.0018383235725955968,106
52.644,-0.0019148984225955984,106
52.646,-0.0019914732725955994,106
52.648,-0.0016703937225955989,106
52.65,-0.0013493141725955983,106
52.652,-0.0010133092725955976,106
52.654,-0.0009894480725956,106
52.656,-0.0015342021725955977,106
52.658,-0.001521557672595598,106
52.66,-0.0015089131725955988,106
52.662,-0.0014962686725955993,106
52.664,-0.001013272972595597,106
52.666,-0.0012690669725956003,106
52.668,-0.001331299289262267,106
52.67,-0.001393531605928933,106
52.672,-0.0014557639225955994,106
52.674,-0.0015179962392622656,106
52.676,-0.001580228555928932,106
52.678,-0.0016424608725955983,106
52.68,-0.0010908460725955992,106
52.682,-0.0010030847725956,106
52.684,-0.0011728671325955998,106
52.686,-0.0013426494925955995,106
52.688,-0.0015124318525955994,106
52.69,-0.0016822142125955991,106
52.692,-0.0018519965725955993,106
52.694,-0.0011945430725955988,106
52.696,-0.0009994910725955979,106
52.698,-0.0014075575225955988,106
52.7,-0.0018156239725956,106
52.702,-0.0018674966725955996,106
52.704,-0.0019193693725955985,106
52.706,-0.0019712420725955977,106
52.708,-0.0013293370725955978,106
52.71,-0.000999128072595598,106
52.712,-0.0015044724725955978,106
52.714,-0.0015076765525955979,106
52.716,-0.001510880632595598,106
52.718,-0.001514084712595598,106
52.72,-0.001517288792595598,106
52.722,-0.0015204928725955982,106
52.724,-0.0009877177725955977,106
52.726,-0.0012544743725955987,106
52.728,-0.0013635498225955988,106
52.73,-0.0014726252725955988,106
52.732,-0.0015817007225955987,106
52.734,-0.001690776172595599,106
52.736,-0.0009799132725955978,106
52.738,-0.0010037341392622652,106
52.74,-0.0010275550059289328,106
52.742,-0.0010513758725956,106
52.744,-0.0012562349225956,106
52.746,-0.0014610939725955997,106
52.748,-0.0016659530225955994,106
52.75,-0.0018708120725955991,106
52.752,-0.0012275397725955983,106
52.754,-0.0010059282725956003,106
52.756,-0.0010025644725955988,106
52.758,-0.0017756939725955996,106
52.76,-0.0015833130475955996,106
52.762,-0.0013909321225955996,106
52.764,-0.0011985511975955996,106
52.766,-0.0010061702725955995,106
52.768,-0.0010010519725955971,106
52.77,-0.0010113571392622643,106
52.772,-0.0010216623059289315,106
52.774,-0.001031967472595599,106
52.776,-0.001042272639262266,106
52.778,-0.0010525778059289335,106
52.78,-0.0010628829725956006,106
52.782,-0.0010464572225955997,106
52.784,-0.0010300314725955988,106
52.786,-0.0011663960525955988,106
52.788,-0.0013027606325955988,106
52.79,-0.0014391252125955988,106
52.792,-0.0015754897925955988,106
52.794,-0.0017118543725955988,106
52.796,-0.0011346238725955975,106
52.798,-0.0010549816725955972,106
52.8,-0.0012591268225955975,106
52.802,-0.001463271972595598,106
52.804,-0.0016674171225955986,106
52.806,-0.001871562272595599,106
52.808,-0.0012295120725956,106
52.81,-0.001112765222595598,106
52.812,-0.0009960183725955963,106
52.814,-0.0009960425725955985,106
52.816,-0.0010966238225955983,106
52.818,-0.0011972050725955986,106
52.82,-0.0012977863225955987,106
52.822,-0.0013983675725955987,106
52.824,-0.0012077744225955991,106
52.826,-0.0010171812725955996,106
52.828,-0.000988492172595598,106
52.83,-0.0014516317725956004,106
52.832,-0.0014799729975955998,106
52.834,-0.0015083142225955993,106
52.836,-0.0015366554475955987,106
52.838,-0.001564996672595598,106
52.84,-0.001003036372595599,106
52.842,-0.0012074295725955952,106
52.844,-0.0013343162225955964,106
52.846,-0.0014612028725955971,106
52.848,-0.0015880895225955983,106
52.85,-0.0017149761725955993,106
52.852,-0.0009929086725955997,106
52.854,-0.0010222148725955995,106
52.856,-0.0010515210725955992,106
52.858,-0.001096548197595599,106
52.86,-0.0011415753225955992,106
52.862,-0.0011866024475955992,106
52.864,-0.0012316295725955991,106
52.866,-0.0009850920725955996,106
52.868,-0.0009826599725955981,106
52.87,-0.0009802278725955967,106
52.872,-0.0010478487225955972,106
52.874,-0.001115469572595598,106
52.876,-0.0011830904225955986,106
52.878,-0.0012507112725955991,106
52.88,-0.0013183321225956,106
52.882,-0.0013859529725956006,106
52.884,-0.0010081304725956008,106
52.886,-0.0009815346725956,106
52.888,-0.0013864248725955972,106
52.89,-0.0014715241725955976,106
52.892,-0.001556623472595598,106
52.894,-0.0010547517725955982,106
52.896,-0.0010287892059289323,106
52.898,-0.0010028266392622665,106
52.9,-0.0009768640725956004,106
52.902,-0.0011662048725956005,106
52.904,-0.0013550253725956,106
52.906,-0.0015438458725955996,106
52.908,-0.0017326663725955992,106
52.91,-0.0011517453725955991,106
52.912,-0.0010755093225955992,106
52.914,-0.000999273272595599,106
52.916,-0.0010321005725956005,106
52.918,-0.0012452360225955997,106
52.92,-0.0014583714725955987,106
52.922,-0.001671506922595598,106
52.924,-0.0018846423725955971,106
52.926,-0.0012482549725955983,106
52.928,-0.000984390272595597,106
52.93,-0.0013332635225955971,106
52.932,-0.0016821367725955976,106
52.934,-0.001592274105928931,106
52.936,-0.0015024114392622647,106
52.938,-0.001412548772595598,106
52.94,-0.0012073872225955987,106
52.942,-0.0010022256725955997,106
52.944,-0.0009928844725956008,106
52.946,-0.001373635172595599,106
52.948,-0.0014743434725955993,106
52.95,-0.0015750517725955995,106
52.952,-0.0013783783725955987,106
52.954,-0.0011817049725955976,106
52.956,-0.0009850315725955967,106
52.958,-0.0011246655725955963,106
52.96,-0.0012505225125955966,106
52.962,-0.001376379452595597,106
52.964,-0.0015022363925955972,106
52.966,-0.0016280933325955975,106
52.968,-0.0017539502725955976,106
52.97,-0.0011521567725955983,106
52.972,-0.000996478172595596,106
52.974,-0.0010379085725956,106
52.976,-0.0013392631059289332,106
52.978,-0.0016406176392622664,106
52.98,-0.0019419721725955996,106
52.982,-0.0016189082225955978,106
52.984,-0.0012958442725955963,106
52.986,-0.0010007373725955983,106
52.988,-0.0010053958725955991,106
52.99,-0.001096557272595599,106
52.992,-0.0011877186725955987,106
52.994,-0.0012788800725955986,106
52.996,-0.0013700414725955983,106
52.998,-0.001461202872595598,106
53.0,-0.0010307816725955987,107
53.002,-0.0009958610725956003,107
53.004,-0.0011167303925956,107
53.006,-0.0012375997125955995,107
53.008,-0.0013584690325955991,107
53.01,-0.0014793383525955987,107
53.012,-0.0016002076725955983,107
53.014,-0.0009926908725956009,107
53.016,-0.0011409642725956,107
53.018,-0.0011419588925955996,107
53.02,-0.0011429535125955992,107
53.022,-0.0011439481325955989,107
53.024,-0.0011449427525955986,107
53.026,-0.001145937372595598,107
53.028,-0.0009806997725955984,107
53.03,-0.0009999871725955994,107
53.032,-0.0010192745725956,107
53.034,-0.001912097272595597,107
53.036,-0.0017007990059289308,107
53.038,-0.0014895007392622648,107
53.04,-0.0012782024725955987,107
53.042,-0.0009827325725955995,107
53.044,-0.0009902870059289328,107
53.046,-0.0009978414392622658,107
53.048,-0.0010053958725955991,107
53.05,-0.0010129503059289325,107
53.052,-0.0010205047392622655,107
53.054,-0.0010280591725955988,107
53.056,-0.001020399872595598,107
53.058,-0.0010127405725955975,107
53.06,-0.001347087772595599,107
53.062,-0.0014195092975955988,107
53.064,-0.001491930822595599,107
53.066,-0.0015643523475955992,107
53.068,-0.0016367738725955993,107
53.07,-0.0010917051725955976,107
53.072,-0.0009998177725955985,107
53.074,-0.0011612535525955987,107
53.076,-0.0013226893325955988,107
53.078,-0.0014841251125955988,107
53.08,-0.001645560892595599,107
53.082,-0.0018069966725955987,107
53.084,-0.0011672333725955986,107
53.086,-0.0009812321725955978,107
53.088,-0.0010017779725956,107
53.09,-0.0018804799725955967,107
53.092,-0.0016872187725955983,107
53.094,-0.0014939575725955992,107
53.096,-0.0013006963725956007,107
53.098,-0.0011442433725956007,107
53.1,-0.0009877903725956007,107
53.102,-0.0009879476725955967,107
53.104,-0.0015859054725955984,107
53.106,-0.0015601106925955982,107
53.108,-0.001534315912595598,107
53.11,-0.0015085211325955976,107
53.112,-0.0014827263525955977,107
53.114,-0.0014569315725955975,107
53.116,-0.0010164552725955983,107
53.118,-0.0010171570725955972,107
53.12,-0.0013131956725956004,107
53.122,-0.0014213938725956,107
53.124,-0.0015295920725955994,107
53.126,-0.0016377902725955987,107
53.128,-0.001365818572595598,107
53.13,-0.0010938468725955972,107
53.132,-0.0010139384725956005,107
53.134,-0.0010811660725956011,107
53.136,-0.0012615921975956007,107
53.138,-0.0014420183225956,107
53.14,-0.0016224444475955997,107
53.142,-0.0018028705725955992,107
53.144,-0.0011896909725955995,107
53.146,-0.001000967272595599,107
53.148,-0.0018579860725956004,107
53.15,-0.0018899724225956,107
53.152,-0.0019219587725955991,107
53.154,-0.0019539451225955985,107
53.156,-0.0019859314725955974,107
53.158,-0.0013251867725955976,107
53.16,-0.000976779372595599,107
53.162,-0.0009598998725956,107
53.164,-0.0015357267725955995,107
53.166,-0.0015151930725955994,107
53.168,-0.001494659372595599,107
53.17,-0.0014741256725955987,107
53.172,-0.001366338872595599,107
53.174,-0.0012585520725955993,107
53.176,-0.001317829972595599,107
53.178,-0.0013771078725955989,107
53.18,-0.0014363857725955987,107
53.182,-0.0014956636725955983,107
53.184,-0.0015549415725955983,107
53.186,-0.001614219472595598,107
53.188,-0.0010723451725955999,107
53.19,-0.000997954372595599,107
53.192,-0.0011598305925955993,107
53.194,-0.0013217068125955995,107
53.196,-0.0014835830325955995,107
53.198,-0.0016454592525955995,107
53.2,-0.0018073354725956,107
53.202,-0.0011732712725955972,107
53.204,-0.0009963450725955986,107
53.206,-0.0017992889725955991,107
53.208,-0.001677886647595599,107
53.21,-0.001556484322595599,107
53.212,-0.0014350819975955987,107
53.214,-0.001313679672595599,107
53.216,-0.001155351172595599,107
53.218,-0.0009970226725955994,107
53.22,-0.000980699772595597,107
53.222,-0.0014849309725955984,107
53.224,-0.001483243022595598,107
53.226,-0.0014815550725955976,107
53.228,-0.0014798671225955975,107
53.23,-0.0014781791725955971,107
53.232,-0.0010235095725955982,107
53.234,-0.0009827325725955995,107
53.236,-0.0012132617725955988,107
53.238,-0.0011713070392622659,107
53.24,-0.0011293523059289327,107
53.242,-0.0010873975725955996,107
53.244,-0.0009880202725956015,107
53.246,-0.0010311628225956014,107
53.248,-0.0010743053725956013,107
53.25,-0.0012249213325956007,107
53.252,-0.0013755372925956,107
53.254,-0.0015261532525955995,107
53.256,-0.0016767692125955987,107
53.258,-0.0018273851725955984,107
53.26,-0.0011891464725955984,107
53.262,-0.0009757387725955987,107
53.264,-0.0009985472725955978,107
53.266,-0.0017953322725956008,107
53.268,-0.0018561226725956,107
53.27,-0.0019169130725955996,107
53.272,-0.001977703472595599,107
53.274,-0.0009902829725955981,107
53.276,-0.0009919164725955977,107
53.278,-0.0009935499725955976,107
53.28,-0.001464675572595598,107
53.282,-0.0014760586475955984,107
53.284,-0.0014874417225955987,107
53.286,-0.001498824797595599,107
53.288,-0.0015102078725955995,107
53.29,-0.001049621372595599,107
53.292,-0.001021706672595598,107
53.294,-0.0012444918725955968,107
53.296,-0.001213470497595597,107
53.298,-0.0011824491225955972,107
53.3,-0.0011514277475955974,107
53.302,-0.0011204063725955976,107
53.304,-0.0009944574725956003,107
53.306,-0.0010488711725955972,107
53.308,-0.0012454326475955977,107
53.31,-0.001441994122595598,107
53.312,-0.0016385555975955983,107
53.314,-0.0018351170725955984,107
53.316,-0.001205275772595599,107
53.318,-0.0009823937725955984,107
53.32,-0.0009719877725955955,107
53.322,-0.0017347354725956007,107
53.324,-0.0018231138725956,107
53.326,-0.0019114922725955988,107
53.328,-0.001999870672595598,107
53.33,-0.0013543598725955992,107
53.332,-0.0009765131725955992,107
53.334,-0.0009756177725955967,107
53.336,-0.0014489092725955988,107
53.338,-0.001472242105928932,107
53.34,-0.0014955749392622651,107
53.342,-0.0015189077725955985,107
53.344,-0.0012735742225955995,107
53.346,-0.0010282406725956005,107
53.348,-0.0009934289725955987,107
53.35,-0.0012182227725955964,107
53.352,-0.0013400183475955967,107
53.354,-0.001461813922595597,107
53.356,-0.0015836094975955977,107
53.358,-0.001705405072595598,107
53.36,-0.0011046521725956004,107
53.362,-0.0009888188725955972,107
53.364,-0.0012064192225955971,107
53.366,-0.0014240195725955971,107
53.368,-0.0016416199225955971,107
53.37,-0.0018592202725955969,107
53.372,-0.0012377642725955975,107
53.374,-0.0010065574725955995,107
53.376,-0.001006847872595598,107
53.378,-0.001364644872595598,107
53.38,-0.001722441872595598,107
53.382,-0.0016348560225955976,107
53.384,-0.0015472701725955974,107
53.386,-0.001459684322595597,107
53.388,-0.0013720984725955968,107
53.39,-0.0009946147725955982,107
53.392,-0.0009987045725955988,107
53.394,-0.0014338689725955991,107
53.396,-0.001461405547595599,107
53.398,-0.0014889421225955986,107
53.4,-0.0015164786975955984,107
53.402,-0.001544015272595598,107
53.404,-0.0009896295725955982,107
53.406,-0.001091390572595597,107
53.408,-0.0011931515725955959,107
53.41,-0.0013176454475955968,107
53.412,-0.001442139322595598,107
53.414,-0.0015666331975955992,107
53.416,-0.0016911270725956003,107
53.418,-0.0011300500725956,107
53.42,-0.0009953528725955981,107
53.422,-0.0019732748725956005,107
53.424,-0.0019476863975956,107
53.426,-0.0019220979225955993,107
53.428,-0.0018965094475955984,107
53.43,-0.0018709209725955977,107
53.432,-0.0009793929725955986,107
53.434,-0.0009829443225955982,107
53.436,-0.0009864956725955977,107
53.438,-0.0016941278725955983,107
53.44,-0.001614264847595598,107
53.442,-0.0015344018225955979,107
53.444,-0.0014545387975955977,107
53.446,-0.0013746757725955974,107
53.448,-0.0009931627725955992,107
53.45,-0.0009897263725956,107
53.452,-0.0010049844725955996,107
53.454,-0.0010202425725955992,107
53.456,-0.0010355006725955983,107
53.458,-0.001050758772595598,107
53.46,-0.0010660168725955977,107
53.462,-0.0010068236725955975,107
53.464,-0.001148814752595598,107
53.466,-0.0012908058325955985,107
53.468,-0.0014327969125955988,107
53.47,-0.0015747879925955993,107
53.472,-0.0017167790725955995,107
53.474,-0.0011318529725955968,107
53.476,-0.001072381472595597,107
53.478,-0.0010129099725955971,107
53.48,-0.0010231102725955996,107
53.482,-0.0019532372725956006,107
53.484,-0.0017241681392622672,107
53.486,-0.0014950990059289335,107
53.488,-0.0012660298725956,107
53.49,-0.0011295781725955984,107
53.492,-0.0009931264725955968,107
53.494,-0.0009933200725955986,107
53.496,-0.001657222872595598,107
53.498,-0.001539635072595598,107
53.5,-0.001422047272595598,108
53.502,-0.0012820462392622652,108
53.504,-0.0011420452059289325,108
53.506,-0.0010020441725955998,108
53.508,-0.0009837247725956004,108
53.51,-0.0013724614725956,108
53.512,-0.001471028072595599,108
53.514,-0.0015695946725955978,108
53.516,-0.0013982586725955972,108
53.518,-0.0012269226725955967,108
53.52,-0.0010555866725955963,108
53.522,-0.000999200672595596,108
53.524,-0.0011595740725955997,108
53.526,-0.0013508428059289326,108
53.528,-0.0015421115392622656,108
53.53,-0.0017333802725955983,108
53.532,-0.0011435415725955971,108
53.534,-0.0010739605225955984,108
53.536,-0.0010043794725955995,108
53.538,-0.0019524628725956,108
53.54,-0.001944396205928933,108
53.542,-0.0019363295392622651,108
53.544,-0.0019282628725955985,108
53.546,-0.0012881970725955975,108
53.548,-0.0010124138725956,108
53.55,-0.0010070898725955992,108
53.552,-0.0016256539725955973,108
53.554,-0.0015822845475955975,108
53.556,-0.0015389151225955978,108
53.558,-0.001495545697595598,108
53.56,-0.0014521762725955983,108
53.562,-0.0010342785725955973,108
53.564,-0.0010129341725955976,108
53.566,-0.0013382305725955987,108
53.568,-0.0014045597475955988,108
53.57,-0.0014708889225955987,108
53.572,-0.001537218097595599,108
53.574,-0.0016035472725955992,108
53.576,-0.0010846508725955994,108
53.578,-0.0011218462725956016,108
53.58,-0.001135485997595601,108
53.582,-0.0011491257225956003,108
53.584,-0.0011627654475956,108
53.586,-0.0011764051725955994,108
53.588,-0.0010938347725955987,108
53.59,-0.001011264372595598,108
53.592,-0.0010112038725955987,108
53.594,-0.0010111433725955993,108
53.596,-0.0019088544725955976,108
53.598,-0.0019178609059289312,108
53.6,-0.0019268673392622648,108
53.602,-0.001935873772595598,108
53.604,-0.0012968122725955968,108
53.606,-0.0009827204725955975,108
53.608,-0.000979792272595599,108
53.61,-0.0011005502725955987,108
53.612,-0.0012213082725955988,108
53.614,-0.0013420662725955987,108
53.616,-0.0014628242725955984,108
53.618,-0.0010106593725956008,108
53.62,-0.0009923641725956,108
53.622,-0.0013413160725955983,108
53.624,-0.001437293272595598,108
53.626,-0.0015332704725955978,108
53.628,-0.0016292476725955976,108
53.63,-0.0013663691225955978,108
53.632,-0.001103490572595598,108
53.634,-0.0010246590725955969,108
53.636,-0.001147776572595599,108
53.638,-0.0013600831725955984,108
53.64,-0.001572389772595598,108
53.642,-0.0017846963725955973,108
53.644,-0.0013936485725955976,108
53.646,-0.001002600772595598,108
53.648,-0.0010219849725956011,108
53.65,-0.0018627534725956,108
53.652,-0.0018949757725955996,108
53.654,-0.0019271980725955988,108
53.656,-0.0019594203725955984,108
53.658,-0.0013117678725955983,108
53.66,-0.0009881533725955988,108
53.662,-0.0009851646725955975,108
53.664,-0.0015543123725955971,108
53.666,-0.0015165684392622648,108
53.668,-0.0014788245059289323,108
53.67,-0.0014410805725956002,108
53.672,-0.0009965265725955968,108
53.674,-0.0009723810225955968,108
53.676,-0.0009482354725955968,108
53.678,-0.0012501788725955976,108
53.68,-0.0013636002392622647,108
53.682,-0.0014770216059289316,108
53.684,-0.0015904429725955987,108
53.686,-0.0013218774225955982,108
53.688,-0.0010533118725955977,108
53.69,-0.0009618479725955998,108
53.692,-0.0010784072725955988,108
53.694,-0.0013133287725955987,108
53.696,-0.0015482502725955988,108
53.698,-0.0017831717725955987,108
53.7,-0.0009713948725955985,108
53.702,-0.000999273272595597,108
53.704,-0.0018471807725955987,108
53.706,-0.0018667609925955985,108
53.708,-0.0018863412125955984,108
53.71,-0.0019059214325955983,108
53.712,-0.001925501652595598,108
53.714,-0.0019450818725955975,108
53.716,-0.0013120945725955992,108
53.718,-0.0009872216725955987,108
53.72,-0.0009775053725956002,108
53.722,-0.0015273172725955991,108
53.724,-0.001499261405928932,108
53.726,-0.0014712055392622654,108
53.728,-0.0014431496725955985,108
53.73,-0.0012227663225955988,108
53.732,-0.0010023829725955991,108
53.734,-0.0012258457725955983,108
53.736,-0.001362942805928932,108
53.738,-0.0015000398392622655,108
53.74,-0.001637136872595599,108
53.742,-0.0014558022392622651,108
53.744,-0.0012744676059289316,108
53.746,-0.001093132972595598,108
53.748,-0.0010800407725955995,108
53.75,-0.0012292628125955996,108
53.752,-0.0013784848525955995,108
53.754,-0.0015277068925955996,108
53.756,-0.0016769289325955995,108
53.758,-0.0018261509725956,108
53.76,-0.0009815346725955965,108
53.762,-0.000994469572595597,108
53.764,-0.001399498922595598,108
53.766,-0.0018045282725955983,108
53.768,-0.0018612167725955983,108
53.77,-0.0019179052725955988,108
53.772,-0.001974593772595599,108
53.774,-0.0013191972725956,108
53.776,-0.0009693499725955972,108
53.778,-0.0009620294725955976,108
53.78,-0.0014864918725955995,108
53.782,-0.0014822326725955994,108
53.784,-0.0014779734725955994,108
53.786,-0.0014737142725955994,108
53.788,-0.0014694550725955992,108
53.79,-0.0010133939725955991,108
53.792,-0.0010048271725955971,108
53.794,-0.0012563982725955975,108
53.796,-0.0013578295475955978,108
53.798,-0.001459260822595598,108
53.8,-0.001560692097595598,108
53.802,-0.001662123372595598,108
53.804,-0.0010960732725956,108
53.806,-0.0009816314725955982,108
53.808,-0.001045144372595598,108
53.81,-0.0012395127225955983,108
53.812,-0.0014338810725955985,108
53.814,-0.0016282494225955987,108
53.816,-0.0018226177725955987,108
53.818,-0.001203146172595598,108
53.82,-0.0009884558725955974,108
53.822,-0.0009806029725955984,108
53.824,-0.0017468354725955967,108
53.826,-0.0016072216392622643,108
53.828,-0.0014676078059289316,108
53.83,-0.001327993972595599,108
53.832,-0.0011606933225955976,108
53.834,-0.0009933926725955965,108
53.836,-0.0009721329725955984,108
53.838,-0.0014393744725955983,108
53.84,-0.0014602499975955984,108
53.842,-0.0014811255225955983,108
53.844,-0.0015020010475955987,108
53.846,-0.0015228765725955988,108
53.848,-0.0010433898725956004,108
53.85,-0.0009956674725955968,108
53.852,-0.0011299024525955972,108
53.854,-0.0012641374325955972,108
53.856,-0.0013983724125955978,108
53.858,-0.001532607392595598,108
53.86,-0.0016668423725955984,108
53.862,-0.0010967387725955985,108
53.864,-0.0010511580725955996,108
53.866,-0.0012502756725955991,108
53.868,-0.001449393272595599,108
53.87,-0.0016485108725955988,108
53.872,-0.0018476284725955983,108
53.874,-0.0014191674725955988,108
53.876,-0.0009907064725955988,108
53.878,-0.0009775416725955994,108
53.88,-0.0017440403725956007,108
53.882,-0.0016477243725956004,108
53.884,-0.0015514083725956,108
53.886,-0.0014550923725955996,108
53.888,-0.0013587763725955992,108
53.89,-0.0010012455725955972,108
53.892,-0.0014400520725955986,108
53.894,-0.0014619990525955987,108
53.896,-0.0014839460325955986,108
53.898,-0.0015058930125955987,108
53.9,-0.0015278399925955986,108
53.902,-0.0015497869725955987,108
53.904,-0.0009975308725955964,108
53.906,-0.0011057169725955975,108
53.908,-0.0012139030725955985,108
53.91,-0.0013408381225955986,108
53.912,-0.0014677731725955987,108
53.914,-0.0015947082225955989,108
53.916,-0.001721643272595599,108
53.918,-0.0011276542725955976,108
53.92,-0.0009928360725956,108
53.922,-0.0010231828725955974,108
53.924,-0.0013043465392622647,108
53.926,-0.001585510205928932,108
53.928,-0.0018666738725955992,108
53.93,-0.0012329121725956002,108
53.932,-0.0009820307725955967,108
53.934,-0.0013515405725955984,108
53.936,-0.0017210503725956002,108
53.938,-0.0016357665475955998,108
53.94,-0.0015504827225955994,108
53.942,-0.0014651988975955988,108
53.944,-0.0013799150725955984,108
53.946,-0.0011750681225955982,108
53.948,-0.0009702211725955978,108
53.95,-0.0014132263725956003,108
53.952,-0.001449667539262266,108
53.954,-0.001486108705928932,108
53.956,-0.001522549872595598,108
53.958,-0.0013626403059289309,108
53.96,-0.001202730739262264,108
53.962,-0.0010428211725955969,108
53.964,-0.0009909000725955993,108
53.966,-0.0011726783725956,108
53.968,-0.0013487938725955996,108
53.97,-0.0015249093725955992,108
53.972,-0.0017010248725955988,108
53.974,-0.0011207451725955987,108
53.976,-0.0009893149725955976,108
53.978,-0.0010190083725955983,108
53.98,-0.0019648411725955977,108
53.982,-0.0019515311725955976,108
53.984,-0.0019382211725955977,108
53.986,-0.001924911172595598,108
53.988,-0.001911601172595598,108
53.99,-0.0009806876725956,108
53.992,-0.0009763316725956003,108
53.994,-0.0009719756725956007,108
53.996,-0.0010734039225956003,108
53.998,-0.0011748321725956,108
54.0,-0.0012762604225955996,109
54.002,-0.0013776886725955992,109
54.004,-0.0011855406725955987,109
54.006,-0.0009933926725955982,109
54.008,-0.0009861084725955975,109
54.01,-0.0010992386325955976,109
54.012,-0.001212368792595598,109
54.014,-0.001325498952595598,109
54.016,-0.0014386291125955985,109
54.018,-0.0015517592725955986,109
54.02,-0.0010405463725956,109
54.022,-0.0011566700725955982,109
54.024,-0.0013510646392622654,109
54.026,-0.0015454592059289327,109
54.028,-0.0017398537725955999,109
54.03,-0.0011347085725955976,109
54.032,-0.0010568511225955979,109
54.034,-0.0009789936725955982,109
54.036,-0.0010015238725955972,109
54.038,-0.001024054072595596,109
54.04,-0.0019664383725956,109
54.042,-0.0019409860225955997,109
54.044,-0.0019155336725955995,109
54.046,-0.0009824179725956004,109
54.048,-0.0009961151725955966,109
54.05,-0.0009989677475955969,109
54.052,-0.0010018203225955974,109
54.054,-0.001004672897595598,109
54.056,-0.0010075254725955985,109
54.058,-0.000999648372595599,109
54.06,-0.001123040139262266,109
54.062,-0.0012464319059289329,109
54.064,-0.0013698236725956,109
54.066,-0.0014033769725955996,109
54.068,-0.0014369302725955994,109
54.07,-0.0014704835725955993,109
54.072,-0.0015040368725955991,109
54.074,-0.0015375901725955988,109
54.076,-0.0015711434725955986,109
54.078,-0.0010609590725955964,109
54.08,-0.0009965628725955994,109
54.082,-0.001130388872595596,109
54.084,-0.0012871534475955963,109
54.086,-0.001443918022595597,109
54.088,-0.0016006825975955975,109
54.09,-0.001757447172595598,109
54.092,-0.0011700526725955968,109
54.094,-0.0010249010725955979,109
54.096,-0.0019262784725956,109
54.098,-0.0019294204392622655,109
54.1,-0.001932562405928932,109
54.102,-0.0019357043725955984,109
54.104,-0.0012964734725955992,109
54.106,-0.000992315772595601,109
54.108,-0.0009830350725955987,109
54.11,-0.0009737543725955969,109
54.112,-0.0015998204725955999,109
54.114,-0.0015439063725955987,109
54.116,-0.0014879922725955983,109
54.118,-0.0014320781725955971,109
54.12,-0.0010147249725955992,109
54.122,-0.001002473722595598,109
54.124,-0.000990222472595597,109
54.126,-0.0013277761725955968,109
54.128,-0.0013962228475955967,109
54.13,-0.001464669522595597,109
54.132,-0.0015331161975955972,109
54.134,-0.0016015628725955973,109
54.136,-0.0011156752725955989,109
54.138,-0.001223199905928932,109
54.14,-0.0013307245392622652,109
54.142,-0.0014382491725955984,109
54.144,-0.0015457738059289315,109
54.146,-0.0016532984392622647,109
54.148,-0.0017608230725955978,109
54.15,-0.0011542258725955963,109
54.152,-0.0009879234725955997,109
54.154,-0.0010096187725955987,109
54.156,-0.0018869292725955977,109
54.158,-0.0019179778725955975,109
54.16,-0.0019490264725955976,109
54.162,-0.0016265251725955984,109
54.164,-0.0013040238725955996,109
54.166,-0.0010060129725955984,109
54.168,-0.0010830758559289319,109
54.17,-0.0011601387392622651,109
54.172,-0.0012372016225955986,109
54.174,-0.001314264505928932,109
54.176,-0.0013913273892622656,109
54.178,-0.0014683902725955988,109
54.18,-0.0010202304725955968,109
54.182,-0.0012906654725956014,109
54.184,-0.001351209032595601,109
54.186,-0.0014117525925956005,109
54.188,-0.0014722961525956,109
54.19,-0.0015328397125955995,109
54.192,-0.0015933832725955992,109
54.194,-0.0010629192725955996,109
54.196,-0.0010854857725955992,109
54.198,-0.0013171967392622656,109
54.2,-0.001548907705928932,109
54.202,-0.0017806186725955984,109
54.204,-0.0015763989059289316,109
54.206,-0.0013721791392622648,109
54.208,-0.001167959372595598,109
54.21,-0.0009732461725955998,109
54.212,-0.0009906096725956007,109
54.214,-0.0012339285725955999,109
54.216,-0.001477247472595599,109
54.218,-0.0017205663725955982,109
54.22,-0.001963885272595597,109
54.222,-0.0013362582725955988,109
54.224,-0.0010166246725955997,109
54.226,-0.0010128857725956,109
54.228,-0.0016014539725955988,109
54.23,-0.001588051205928932,109
54.232,-0.0015746484392622651,109
54.234,-0.0015612456725955983,109
54.236,-0.0013185741225955972,109
54.238,-0.001075902572595596,109
54.24,-0.0012139514725955976,109
54.242,-0.0013520003725955992,109
54.244,-0.0014519735975955987,109
54.246,-0.0015519468225955986,109
54.248,-0.0016519200475955983,109
54.25,-0.001751893272595598,109
54.252,-0.0012104666725955976,109
54.254,-0.0011157115725955978,109
54.256,-0.0011945914725955964,109
54.258,-0.0013741131225955964,109
54.26,-0.0015536347725955968,109
54.262,-0.0017331564225955968,109
54.264,-0.0019126780725955968,109
54.266,-0.0012841314725955972,109
54.268,-0.0010622416725955992,109
54.27,-0.0018949878725955968,109
54.272,-0.0017272842925955979,109
54.274,-0.0015595807125955985,109
54.276,-0.0013918771325955991,109
54.278,-0.0012241735525955995,109
54.28,-0.0010564699725956004,109
54.282,-0.0010482661725956,109
54.284,-0.001576564272595596,109
54.286,-0.0015724212325955967,109
54.288,-0.0015682781925955974,109
54.29,-0.001564135152595598,109
54.292,-0.0015599921125955987,109
54.294,-0.0015558490725955994,109
54.296,-0.001089757072595598,109
54.298,-0.0010645890725955974,109
54.3,-0.0013227183725955972,109
54.302,-0.0014124459225955976,109
54.304,-0.001502173472595598,109
54.306,-0.0015919010225955983,109
54.308,-0.0016816285725955987,109
54.31,-0.0011356765725955963,109
54.312,-0.0011432632725956009,109
54.314,-0.0011675697525956,109
54.316,-0.0011918762325955992,109
54.318,-0.001216182712595598,109
54.32,-0.0012404891925955972,109
54.322,-0.0012647956725955964,109
54.324,-0.0010640808725955967,109
54.326,-0.0010659987225955971,109
54.328,-0.001067916572595598,109
54.33,-0.0018467814725955968,109
54.332,-0.001708534939262264,109
54.334,-0.0015702884059289313,109
54.336,-0.0014320418725955984,109
54.338,-0.001250717322595598,109
54.34,-0.0010693927725955975,109
54.342,-0.0015538646725955976,109
54.344,-0.001559348392595598,109
54.346,-0.0015648321125955984,109
54.348,-0.0015703158325955989,109
54.35,-0.0015757995525955992,109
54.352,-0.0015812832725956,109
54.354,-0.0011040955725955988,109
54.356,-0.0010693927725956007,109
54.358,-0.0013122639725955988,109
54.36,-0.0014186229725955987,109
54.362,-0.0015249819725955984,109
54.364,-0.0016313409725955985,109
54.366,-0.0017376999725955983,109
54.368,-0.0011748079725955975,109
54.37,-0.0010735672725955998,109
54.372,-0.0012799751225955995,109
54.374,-0.0014863829725955992,109
54.376,-0.0016927908225955988,109
54.378,-0.0018991986725955983,109
54.38,-0.0010670574725955978,109
54.382,-0.001055211572595598,109
54.384,-0.0010433656725955982,109
54.386,-0.0018222547725955992,109
54.388,-0.0017432224125955992,109
54.39,-0.0016641900525955992,109
54.392,-0.0015851576925955992,109
54.394,-0.0015061253325955992,109
54.396,-0.0014270929725955991,109
54.398,-0.0010837917725955992,109
54.4,-0.0010715949725956,109
54.402,-0.0015247762725955991,109
54.404,-0.0015477934975955993,109
54.406,-0.0015708107225955994,109
54.408,-0.0015938279475955996,109
54.41,-0.0016168451725955997,109
54.412,-0.0011294087725956005,109
54.414,-0.0010873491725955989,109
54.416,-0.0012627689225955987,109
54.418,-0.0014381886725955988,109
54.42,-0.001613608422595599,109
54.422,-0.001789028172595599,109
54.424,-0.0012143386725955978,109
54.426,-0.0011517695725955972,109
54.428,-0.0010892004725955964,109
54.43,-0.0011428397725955983,109
54.432,-0.0013448159975955982,109
54.434,-0.001546792222595598,109
54.436,-0.001748768447595598,109
54.438,-0.001950744672595598,109
54.44,-0.0013178178725955988,109
54.442,-0.0010724782725956004,109
54.444,-0.0018208027725956,109
54.446,-0.0017299317725955996,109
54.448,-0.0016390607725955987,109
54.45,-0.0015481897725955983,109
54.452,-0.0014573187725955975,109
54.454,-0.0010827511725955972,109
54.456,-0.0010837615225955976,109
54.458,-0.0010847718725955982,109
54.46,-0.0015108975725956,109
54.462,-0.0015509969725955991,109
54.464,-0.001591096372595598,109
54.466,-0.001631195772595597,109
54.468,-0.0013801328725955974,109
54.47,-0.0011290699725955975,109
54.472,-0.0010847960725955987,109
54.474,-0.0012591540475955986,109
54.476,-0.0014335120225955986,109
54.478,-0.0016078699975955986,109
54.48,-0.0017822279725955986,109
54.482,-0.0014308742225955984,109
54.484,-0.0010795204725955983,109
54.486,-0.0011037628225955987,109
54.488,-0.001128005172595599,109
54.49,-0.0013401393475955987,109
54.492,-0.0015522735225955984,109
54.494,-0.0017644076975955984,109
54.496,-0.0019765418725955983,109
54.498,-0.0013573848725955979,109
54.5,-0.0010872523725955988,110
54.502,-0.0017962397725956,110
54.504,-0.0017203364725956,110
54.506,-0.0016444331725956,110
54.508,-0.0015685298725955999,110
54.51,-0.0014926265725955996,110
54.512,-0.001303382572595599,110
54.514,-0.0011141385725955983,110
54.516,-0.001096000672595597,110
54.518,-0.001488960272595598,110
54.52,-0.0015315431975955983,110
54.522,-0.0015741261225955987,110
54.524,-0.0016167090475955991,110
54.526,-0.0016592919725955996,110
54.528,-0.0011560529725955988,110
54.53,-0.0010914873725955988,110
54.532,-0.0012630653725955975,110
54.534,-0.0014016043225955977,110
54.536,-0.001540143272595598,110
54.538,-0.001678682222595598,110
54.54,-0.0018172211725955983,110
54.542,-0.0012101278725956,110
54.544,-0.0010733978725955984,110
54.546,-0.0012530998125955984,110
54.548,-0.0014328017525955983,110
54.55,-0.001612503692595598,110
54.552,-0.001792205632595598,110
54.554,-0.0019719075725955974,110
54.556,-0.0013271348725955971,110
54.558,-0.0010745957725955995,110
54.56,-0.001068932972595596,110
54.562,-0.0017579674725955972,110
54.564,-0.0016928906475955977,110
54.566,-0.001627813822595598,110
54.568,-0.0015627369975955985,110
54.57,-0.0014976601725955989,110
54.572,-0.0010957102725955986,110
54.574,-0.001486032072595598,110
54.576,-0.0014235186325955982,110
54.578,-0.0013610051925955983,110
54.58,-0.0012984917525955986,110
54.582,-0.0012359783125955987,110
54.584,-0.001173464872595599,110
54.586,-0.0011438017225955976,110
54.588,-0.0011141385725955963,110
54.59,-0.0012657636725956004,110
54.592,-0.0014150776725955997,110
54.594,-0.001564391672595599,110
54.596,-0.0017137056725955984,110
54.598,-0.0018630196725955975,110
54.6,-0.0012528892725956007,110
54.602,-0.0010845419725955974,110
54.604,-0.0011197408725955975,110
54.606,-0.0014103546392622648,110
54.608,-0.001700968405928932,110
54.61,-0.0019915821725956,110
54.612,-0.0015322843225955996,110
54.614,-0.0010729864725955995,110
54.616,-0.0017216674725955994,110
54.618,-0.001689320139262266,110
54.62,-0.0016569728059289324,110
54.622,-0.0016246254725955991,110
54.624,-0.0015922781392622657,110
54.626,-0.0015599308059289323,110
54.628,-0.0015275834725955988,110
54.63,-0.0011047610725955987,110
54.632,-0.0014289684725955973,110
54.634,-0.0014825133925955975,110
54.636,-0.001536058312595598,110
54.638,-0.001589603232595598,110
54.64,-0.0016431481525955984,110
54.642,-0.0016966930725955988,110
54.644,-0.0011752314725955986,110
54.646,-0.0011085846725955963,110
54.648,-0.0012369656725955969,110
54.65,-0.0013935789975955972,110
54.652,-0.0015501923225955975,110
54.654,-0.0017068056475955978,110
54.656,-0.001863418972595598,110
54.658,-0.0011116217725955987,110
54.66,-0.0011543157583098847,110
54.662,-0.0011970097440241704,110
54.664,-0.0012397037297384563,110
54.666,-0.001282397715452742,110
54.668,-0.001325091701167028,110
54.67,-0.001367785686881314,110
54.672,-0.0014104796725956,110
54.674,-0.0011143926725955976,110
54.676,-0.0010920076725955995,110
54.678,-0.0017237244725955992,110
54.68,-0.0016871522225955988,110
54.682,-0.0016505799725955988,110
54.684,-0.0016140077225955984,110
54.686,-0.0015774354725955984,110
54.688,-0.0011349868725955975,110
54.69,-0.0014401367725956,110
54.692,-0.0015139407225955995,110
54.694,-0.001587744672595599,110
54.696,-0.0016615486225955989,110
54.698,-0.0017353525725955984,110
54.7,-0.001166797772595601,110
54.702,-0.0011299169725955995,110
54.704,-0.0010930361725955979,110
54.706,-0.0012154276725955951,110
54.708,-0.001376100547595596,110
54.71,-0.0015367734225955965,110
54.712,-0.001697446297595597,110
54.714,-0.0018581191725955976,110
54.716,-0.0012241638725955983,110
54.718,-0.001037146272595598,110
54.72,-0.0010340244725955995,110
54.722,-0.001902284172595598,110
54.724,-0.0019077533725955984,110
54.726,-0.0019132225725955983,110
54.728,-0.0019186917725955988,110
54.73,-0.0012617706725955996,110
54.732,-0.0009430082725955976,110
54.734,-0.0009558584725955984,110
54.736,-0.001544196772595598,110
54.738,-0.001503114247595598,110
54.74,-0.0014620317225955979,110
54.742,-0.0014209491975955976,110
54.744,-0.0013798666725955977,110
54.746,-0.0009322634725955987,110
54.748,-0.0008959029725955982,110
54.75,-0.0012042956725955983,110
54.752,-0.0011258574225955992,110
54.754,-0.0010474191725956,110
54.756,-0.0009689809225956008,110
54.758,-0.0008905426725956017,110
54.76,-0.001025689589262268,110
54.762,-0.0011608365059289343,110
54.764,-0.0012959834225956003,110
54.766,-0.0014311303392622668,110
54.768,-0.001566277255928933,110
54.77,-0.0017014241725955993,110
54.772,-0.001301313472595599,110
54.774,-0.0009012027725955988,110
54.776,-0.0009218937725955985,110
54.778,-0.0017588628725955999,110
54.78,-0.0017871193975955994,110
54.782,-0.0018153759225955992,110
54.784,-0.0018436324475955984,110
54.786,-0.001871888972595598,110
54.788,-0.0012246115725955964,110
54.79,-0.0009097090725955978,110
54.792,-0.0009153113725955987,110
54.794,-0.001464010072595598,110
54.796,-0.0016410250059289316,110
54.798,-0.0018180399392622656,110
54.8,-0.0019950548725955995,110
54.802,-0.0013653829725955979,110
54.804,-0.0009284035725955973,110
54.806,-0.0008997628725955982,110
54.808,-0.0011824914725955989,110
54.81,-0.0012727604975955988,110
54.812,-0.0013630295225955987,110
54.814,-0.0014532985475955986,110
54.816,-0.0015435675725955984,110
54.818,-0.0009982205725955968,110
54.82,-0.001003738172595598,110
54.822,-0.001146973132595598,110
54.824,-0.0012902080925955982,110
54.826,-0.001433443052595598,110
54.828,-0.0015766780125955984,110
54.83,-0.0017199129725955983,110
54.832,-0.0011233587725955983,110
54.834,-0.0009263586725955976,110
54.836,-0.0009145732725955972,110
54.838,-0.0017325574725955987,110
54.84,-0.0018054478725955992,110
54.842,-0.001878338272595599,110
54.844,-0.001247141772595597,110
54.846,-0.001076804022595598,110
54.848,-0.0009064662725955987,110
54.85,-0.000896108672595597,110
54.852,-0.0014305898725955994,110
54.854,-0.001428117439262266,110
54.856,-0.001425645005928933,110
54.858,-0.0014231725725955995,110
54.86,-0.0009523131725955971,110
54.862,-0.0009286092725955992,110
54.864,-0.0010631999925955987,110
54.866,-0.0011977907125955984,110
54.868,-0.001332381432595598,110
54.87,-0.0014669721525955976,110
54.872,-0.0016015628725955973,110
54.874,-0.0010192140725956004,110
54.876,-0.0009184452725955992,110
54.878,-0.0009995757725955977,110
54.88,-0.001986851072595597,110
54.882,-0.0018691241225955984,110
54.884,-0.0017513971725955993,110
54.886,-0.0011264200725955974,110
54.888,-0.0010116273725955987,110
54.89,-0.0008968346725955999,110
54.892,-0.0009288633725955987,110
54.894,-0.001730161672595598,110
54.896,-0.0017860072059289315,110
54.898,-0.0018418527392622648,110
54.9,-0.0018976982725955984,110
54.902,-0.0009146821725955992,110
54.904,-0.001041835022595599,110
54.906,-0.0011689878725955989,110
54.908,-0.0012961407225955987,110
54.91,-0.0014232935725955985,110
54.912,-0.0009648245725955971,110
54.914,-0.0009490340725955984,110
54.916,-0.0009332435725955997,110
54.918,-0.0010268906583098853,110
54.92,-0.001120537744024171,110
54.922,-0.0012141848297384566,110
54.924,-0.0013078319154527422,110
54.926,-0.001401479001167028,110
54.928,-0.0014951260868813136,110
54.93,-0.0015887731725955992,110
54.932,-0.0010324998725955974,110
54.934,-0.0009087168725955968,110
54.936,-0.0009508127725956008,110
54.938,-0.0011525409475956004,110
54.94,-0.0013542691225956003,110
54.942,-0.0015559972975956,110
54.944,-0.0017577254725955995,110
54.946,-0.0009106528725955997,110
54.948,-0.0009035078225955997,110
54.95,-0.0008963627725955998,110
54.952,-0.0016668423725956,110
54.954,-0.0017805944725955995,110
54.956,-0.0018943465725955993,110
54.958,-0.0015899771225955988,110
54.96,-0.0012856076725955984,110
54.962,-0.0009245799725955977,110
54.964,-0.0009231037725956,110
54.966,-0.0013968429725955984,110
54.968,-0.0014114476725955987,110
54.97,-0.001426052372595599,110
54.972,-0.0014406570725955992,110
54.974,-0.0014552617725955997,110
54.976,-0.000935845072595601,110
54.978,-0.0010364807725955997,110
54.98,-0.0011371164725955984,110
54.982,-0.0012514614725955987,110
54.984,-0.0013658064725955987,110
54.986,-0.0014801514725955988,110
54.988,-0.0015944964725955989,110
54.99,-0.0010237152725955983,110
54.992,-0.0009882985725956014,110
54.994,-0.0011445410325956007,110
54.996,-0.0013007834925956,110
54.998,-0.0014570259525955997,110
55.0,-0.0016132684125955987,111
55.002,-0.0017695108725955984,111
55.004,-0.001136668772595599,111
55.006,-0.0009112820725955971,111
55.008,-0.0016619781725956007,111
55.01,-0.0015789207475956004,111
55.012,-0.0014958633225956005,111
55.014,-0.0014128058975956003,111
55.016,-0.0013297484725956,111
55.018,-0.0009417982725955976,111
55.02,-0.0009346048225955987,111
55.022,-0.0009274113725955997,111
55.024,-0.0013721952725955983,111
55.026,-0.001272536647595598,111
55.028,-0.0011728780225955975,111
55.03,-0.0010732193975955971,111
55.032,-0.0009735607725955968,111
55.034,-0.0009160494725955968,111
55.036,-0.0009420257525955968,111
55.038,-0.0009680020325955968,111
55.04,-0.0009939783125955967,111
55.042,-0.0010199545925955967,111
55.044,-0.0010459308725955967,111
55.046,-0.0009010817725955984,111
55.048,-0.0009755572725955973,111
55.05,-0.0019294244725956004,111
55.052,-0.0019006627725956,111
55.054,-0.0018719010725955993,111
55.056,-0.0018431393725955984,111
55.058,-0.0018143776725955975,111
55.06,-0.0011798415725955969,111
55.062,-0.000930896172595598,111
55.064,-0.0009285729725955968,111
55.066,-0.001632042772595597,111
55.068,-0.0017344652392622644,111
55.07,-0.0018368877059289316,111
55.072,-0.0019393101725955987,111
55.074,-0.0009395839725955984,111
55.076,-0.0009411993225955981,111
55.078,-0.0009428146725955974,111
55.08,-0.0013473055725955994,111
55.082,-0.0013868846725955996,111
55.084,-0.0014264637725955997,111
55.086,-0.0014660428725955998,111
55.088,-0.0015056219725956,111
55.09,-0.0010261352725955998,111
55.092,-0.0009775658725955996,111
55.094,-0.0011233708725955991,111
55.096,-0.0012691758725955986,111
55.098,-0.0014149808725955984,111
55.1,-0.0015607858725955979,111
55.102,-0.0017065908725955971,111
55.104,-0.0011277510725955977,111
55.106,-0.0009853098725956,111
55.108,-0.001015208972595598,111
55.11,-0.0019386325725956003,111
55.112,-0.0019205370225956,111
55.114,-0.0019024414725955995,111
55.116,-0.0015764553725955992,111
55.118,-0.0012504692725955995,111
55.12,-0.000973088872595597,111
55.122,-0.0009473642725955981,111
55.124,-0.001063987097595598,111
55.126,-0.001180609922595598,111
55.128,-0.001297232747595598,111
55.13,-0.001413855572595598,111
55.132,-0.0011999275725955991,111
55.134,-0.0009859995725956007,111
55.136,-0.001174269522595599,111
55.138,-0.0013625394725955975,111
55.14,-0.0014138585975955976,111
55.142,-0.0014651777225955975,111
55.144,-0.0015164968475955979,111
55.146,-0.001567815972595598,111
55.148,-0.0009776142725956003,111
55.15,-0.0010574198225955997,111
55.152,-0.0011372253725955989,111
55.154,-0.0013408804725955987,111
55.156,-0.001544535572595599,111
55.158,-0.0017481906725955992,111
55.16,-0.0011438924725956003,111
55.162,-0.0010747046725956,111
55.164,-0.0010055168725955996,111
55.166,-0.0010492583725955976,111
55.168,-0.0019835356725955967,111
55.17,-0.0017632632392622645,111
55.172,-0.0015429908059289316,111
55.174,-0.0013227183725955988,111
55.176,-0.0010407399725956,111
55.178,-0.0011001699868813143,111
55.18,-0.0011596000011670285,111
55.182,-0.0012190300154527427,111
55.184,-0.0012784600297384568,111
55.186,-0.001337890044024171,111
55.188,-0.0013973200583098852,111
55.19,-0.0014567500725955992,111
55.192,-0.0014367124725956013,111
55.194,-0.0014766884525956006,111
55.196,-0.0015166644325955996,111
55.198,-0.0015566404125955992,111
55.2,-0.0015966163925955983,111
55.202,-0.0016365923725955977,111
55.204,-0.0011561739725955975,111
55.206,-0.0011962975725955966,111
55.208,-0.0012364211725955955,111
55.21,-0.001394123497595596,111
55.212,-0.0015518258225955964,111
55.214,-0.0017095281475955969,111
55.216,-0.001867230472595597,111
55.218,-0.001579631622595598,111
55.22,-0.0012920327725955989,111
55.222,-0.0011519268725955975,111
55.224,-0.001212613212595598,111
55.226,-0.0012732995525955985,111
55.228,-0.0013339858925955988,111
55.23,-0.0013946722325955993,111
55.232,-0.0014553585725955995,111
55.234,-0.0013219923725955986,111
55.236,-0.0011886261725955975,111
55.238,-0.0011987175725955979,111
55.24,-0.001285702052595598,111
55.242,-0.001372686532595598,111
55.244,-0.0014596710125955985,111
55.246,-0.0015466554925955985,111
55.248,-0.0016336399725955988,111
55.25,-0.0012152824725955996,111
55.252,-0.0012124389725956008,111
55.254,-0.0013320668325956003,111
55.256,-0.0014516946925955995,111
55.258,-0.0015713225525955988,111
55.26,-0.001690950412595598,111
55.262,-0.001810578272595597,111
55.264,-0.0012502151725956,111
55.266,-0.0013102553725956,111
55.268,-0.0013702955725956,111
55.27,-0.0013828166525955996,111
55.272,-0.0013953377325955992,111
55.274,-0.0014078588125955992,111
55.276,-0.0014203798925955988,111
55.278,-0.0014329009725955986,111
55.28,-0.0012355257725955963,111
55.282,-0.0012933133559289297,111
55.284,-0.0013511009392622633,111
55.286,-0.0014088885225955966,111
55.288,-0.00146667610592893,111
55.29,-0.0015244636892622636,111
55.292,-0.0015822512725955967,111
55.294,-0.0012527803725955987,111
55.296,-0.0012331541725956012,111
55.298,-0.0018650645725955992,111
55.3,-0.0018343880475955993,111
55.302,-0.0018037115225955991,111
55.304,-0.0017730349975955992,111
55.306,-0.0017423584725955992,111
55.308,-0.0012978044725955977,111
55.31,-0.0016094278725956,111
55.312,-0.0015639439725956,111
55.314,-0.0015184600725955996,111
55.316,-0.0014729761725955995,111
55.318,-0.0014274922725955991,111
55.32,-0.001382008372595599,111
55.322,-0.0013541118225955983,111
55.324,-0.0013262152725955975,111
55.326,-0.0014592547725955987,111
55.328,-0.0014324435925955985,111
55.33,-0.0014056324125955983,111
55.332,-0.0013788212325955983,111
55.334,-0.001352010052595598,111
55.336,-0.0013251988725955979,111
55.338,-0.0013500885725955987,111
55.34,-0.0013961895725955987,111
55.342,-0.0014422905725955987,111
55.344,-0.001488391572595599,111
55.346,-0.001534492572595599,111
55.348,-0.0015805935725955991,111
55.35,-0.0016266945725955991,111
55.352,-0.001298953972595598,111
55.354,-0.0013131593725956014,111
55.356,-0.0014065520125956007,111
55.358,-0.0014999446525956,111
55.36,-0.0015933372925955995,111
55.362,-0.0016867299325955987,111
55.364,-0.001780122572595598,111
55.366,-0.0013364397725955986,111
55.368,-0.0016046362725955984,111
55.37,-0.0016740104125955984,111
55.372,-0.0017433845525955984,111
55.374,-0.0018127586925955983,111
55.376,-0.0018821328325955985,111
55.378,-0.0019515069725955984,111
55.38,-0.0014104554725955976,111
55.382,-0.0013199111725955975,111
55.384,-0.0014132505725955972,111
55.386,-0.001398161872595597,111
55.388,-0.0013830731725955972,111
55.39,-0.0013679844725955977,111
55.392,-0.0013528957725955975,111
55.394,-0.0013378070725955978,111
55.396,-0.0013382366225955988,111
55.398,-0.0013386661725955996,111
55.4,-0.001327231672595599,111
55.402,-0.001315797172595598,111
55.404,-0.0013043626725955972,111
55.406,-0.0012929281725955963,111
55.408,-0.001306383372595598,111
55.41,-0.0018707757725955985,111
55.412,-0.0018579679225955983,111
55.414,-0.0018451600725955988,111
55.416,-0.0018323522225955988,111
55.418,-0.0018195443725955989,111
55.42,-0.0018067365225955991,111
55.422,-0.0017939286725955992,111
55.424,-0.0013364155725956,111
55.426,-0.0013209517725955992,111
55.428,-0.0014793800975955991,111
55.43,-0.0016378084225955993,111
55.432,-0.0017962367475955992,111
55.434,-0.001954665072595599,111
55.436,-0.0013962984725956005,111
55.438,-0.0013997348725955996,111
55.44,-0.0014224949725955992,111
55.442,-0.0014452550725955991,111
55.444,-0.0014680151725955989,111
55.446,-0.0014907752725955986,111
55.448,-0.0014313441059289316,111
55.45,-0.0013719129392622646,111
55.452,-0.0013124817725955976,111
55.454,-0.001306531597595598,111
55.456,-0.0013005814225955984,111
55.458,-0.001294631247595599,111
55.46,-0.0012886810725955995,111
55.462,-0.001829720472595596,111
55.464,-0.0017243294725955967,111
55.466,-0.001618938472595597,111
55.468,-0.001513547472595598,111
55.47,-0.0014081564725955983,111
55.472,-0.0013027654725955987,111
55.474,-0.0012908752059289316,111
55.476,-0.0012789849392622645,111
55.478,-0.0012670946725955971,111
55.48,-0.0013389989225955972,111
55.482,-0.0014109031725955971,111
55.484,-0.0014828074225955975,111
55.486,-0.0015547116725955976,111
55.488,-0.0015055130725955975,111
55.49,-0.0014563144725955974,111
55.492,-0.0014071158725955971,111
55.494,-0.0013579172725955973,111
55.496,-0.0013581713725955976,111
55.498,-0.001358425472595598,111
55.5,-0.0013828287525955978,112
55.502,-0.0014072320325955977,112
55.504,-0.0014316353125955975,112
55.506,-0.0014560385925955972,112
55.508,-0.0014804418725955972,112
55.51,-0.001504758839262264,112
55.512,-0.0015290758059289308,112
55.514,-0.0015533927725955975,112
55.516,-0.0015777097392622643,112
55.518,-0.001602026705928931,112
55.52,-0.0016263436725955979,112
55.522,-0.0014686201725955987,112
55.524,-0.0013108966725955996,112
55.526,-0.0013179993725955987,112
55.528,-0.0013251020725955978,112
55.53,-0.0013209687125955983,112
55.532,-0.0013168353525955987,112
55.534,-0.0013127019925955991,112
55.536,-0.0013085686325955996,112
55.538,-0.0013044352725956002,112
55.54,-0.0012901330725955994,112
55.542,-0.0012758308725955984,112
55.544,-0.0015293137725955995,112
55.546,-0.0014826585925955995,112
55.548,-0.0014360034125955995,112
55.55,-0.0013893482325955996,112
55.552,-0.0013426930525955998,112
55.554,-0.0012960378725955998,112
55.556,-0.0013169285225956007,112
55.558,-0.0013378191725956015,112
55.56,-0.0013687782325956007,112
55.562,-0.0013997372925956,112
55.564,-0.0014306963525955992,112
55.566,-0.0014616554125955986,112
55.568,-0.0014926144725955978,112
55.57,-0.0012740521725955987,112
55.572,-0.001272091972595597,112
55.574,-0.0013396849925955976,112
55.576,-0.0014072780125955983,112
55.578,-0.0014748710325955983,112
55.58,-0.001542464052595599,112
55.582,-0.0016100570725955995,112
55.584,-0.001246258472595598,112
55.586,-0.0012575356725955979,112
55.588,-0.0017361874725955982,112
55.59,-0.001762196422595598,112
55.592,-0.0017882053725955976,112
55.594,-0.0015588014725956,112
55.596,-0.0015396659948178223,112
55.598,-0.0015205305170400444,112
55.6,-0.0015013950392622668,112
55.602,-0.0014822595614844888,112
55.604,-0.0014631240837067112,112
55.606,-0.0014439886059289331,112
55.608,-0.0014248531281511555,112
55.61,-0.0014057176503733779,112
55.612,-0.0013865821725956,112
55.614,-0.001414950622595599,112
55.616,-0.001443319072595598,112
55.618,-0.0014862668125955984,112
55.62,-0.0015292145525955987,112
55.622,-0.001572162292595599,112
55.624,-0.0016151100325955993,112
55.626,-0.0016580577725955996,112
55.628,-0.0014130569725955989,112
55.63,-0.0014061599725955984,112
55.632,-0.0014956878725955983,112
55.634,-0.0015852157725955982,112
55.636,-0.001674743672595598,112
55.638,-0.0017642715725955979,112
55.64,-0.0018537994725955976,112
55.642,-0.0014717177725955995,112
55.644,-0.0014560845725955956,112
55.646,-0.0019171913725955989,112
55.648,-0.0018057049975955992,112
55.65,-0.0016942186225955991,112
55.652,-0.0015827322475955993,112
55.654,-0.0014712458725955994,112
55.656,-0.0014433553725955988,112
55.658,-0.001415464872595598,112
55.66,-0.0016251215725955996,112
55.662,-0.0015530721225955994,112
55.664,-0.0014810226725955992,112
55.666,-0.001397302772595598,112
55.668,-0.0014111438281511535,112
55.67,-0.0014249848837067087,112
55.672,-0.001438825939262264,112
55.674,-0.0014526669948178193,112
55.676,-0.0014665080503733748,112
55.678,-0.00148034910592893,112
55.68,-0.0014941901614844851,112
55.682,-0.0015080312170400406,112
55.684,-0.001521872272595596,112
55.686,-0.0012695993725955982,112
55.688,-0.0012605122725956007,112
55.69,-0.0013353652925956003,112
55.692,-0.0014102183125956,112
55.694,-0.0014850713325955996,112
55.696,-0.0015599243525955993,112
55.698,-0.0016347773725955987,112
55.7,-0.0012510742725955985,112
55.702,-0.0012405351725955985,112
55.704,-0.0016619781725955988,112
55.706,-0.0016960477392622656,112
55.708,-0.0017301173059289323,112
55.71,-0.0017641868725955991,112
55.712,-0.0015203355725955988,112
55.714,-0.0012764842725955985,112
55.716,-0.0012298992725955984,112
55.718,-0.0012588969225955987,112
55.72,-0.001287894572595599,112
55.722,-0.0013168922225955991,112
55.724,-0.0013458898725955991,112
55.726,-0.001202686372595598,112
55.728,-0.0012352855011670267,112
55.73,-0.0012678846297384551,112
55.732,-0.0013004837583098837,112
55.734,-0.0013330828868813123,112
55.736,-0.0013656820154527409,112
55.738,-0.0013982811440241692,112
55.74,-0.0014308802725955978,112
55.742,-0.0013024085225955984,112
55.744,-0.001173936772595599,112
55.746,-0.0011657692725955992,112
55.748,-0.0019065312725955984,112
55.75,-0.0018208390725955985,112
55.752,-0.001735146872595598,112
55.754,-0.001649454672595598,112
55.756,-0.0015637624725955979,112
55.758,-0.001183761972595598,112
55.76,-0.001185831072595598,112
55.762,-0.001199549447595598,112
55.764,-0.001213267822595598,112
55.766,-0.001226986197595598,112
55.768,-0.001240704572595598,112
55.77,-0.0011997218725956008,112
55.772,-0.0012929523725956,112
55.774,-0.0013861828725955996,112
55.776,-0.0014883528525955995,112
55.778,-0.0015905228325955993,112
55.78,-0.0016926928125955989,112
55.782,-0.0017948627925955987,112
55.784,-0.0018970327725955985,112
55.786,-0.001296691272595598,112
55.788,-0.0011876460725955967,112
55.79,-0.0012049611725955985,112
55.792,-0.0012434415925955983,112
55.794,-0.001281922012595598,112
55.796,-0.0013204024325955978,112
55.798,-0.0013588828525955977,112
55.8,-0.0013973632725955976,112
55.802,-0.001160106472595599,112
55.804,-0.0011572508725955985,112
55.806,-0.0018812422725956004,112
55.808,-0.0017966632725956,112
55.81,-0.0017120842725955995,112
55.812,-0.001627505272595599,112
55.814,-0.0015429262725955989,112
55.816,-0.0011471231725955974,112
55.818,-0.001148950272595598,112
55.82,-0.0015771450725956,112
55.822,-0.0016062062475955996,112
55.824,-0.0016352674225955993,112
55.826,-0.0016643285975955987,112
55.828,-0.0016933897725955986,112
55.83,-0.0011774699725955965,112
55.832,-0.0011379029725955975,112
55.834,-0.0013265661725955988,112
55.836,-0.001459617772595599,112
55.838,-0.001592669372595599,112
55.84,-0.0017257209725955991,112
55.842,-0.0018587725725955993,112
55.844,-0.0012509169725955973,112
55.846,-0.001142319472595599,112
55.848,-0.0012009802725955997,112
55.85,-0.0012360267125955996,112
55.852,-0.0012710731525955995,112
55.854,-0.0013061195925955997,112
55.856,-0.0013411660325955998,112
55.858,-0.0013762124725955995,112
55.86,-0.0011235886725956008,112
55.862,-0.0011633613725955984,112
55.864,-0.0018392431725956,112
55.866,-0.0017598036475955999,112
55.868,-0.0016803641225955996,112
55.87,-0.0016009245975955994,112
55.872,-0.0015214850725955992,112
55.874,-0.0011416902725955996,112
55.876,-0.0011585334725955979,112
55.878,-0.0015497506725955996,112
55.88,-0.0015816644225955996,112
55.882,-0.0016135781725955991,112
55.884,-0.001645491922595599,112
55.886,-0.0016774056725955989,112
55.888,-0.0011157357725955983,112
55.89,-0.0012269569559289317,112
55.892,-0.001338178139262265,112
55.894,-0.0014493993225955983,112
55.896,-0.0015606205059289315,112
55.898,-0.0016718416892622652,112
55.9,-0.0017830628725955984,112
55.902,-0.0011878759725956008,112
55.904,-0.0010474312725955984,112
55.906,-0.0011095647725955955,112
55.908,-0.001306368247595596,112
55.91,-0.0015031717225955964,112
55.912,-0.0016999751975955968,112
55.914,-0.0018967786725955968,112
55.916,-0.0012593990725955975,112
55.918,-0.0010233522725956003,112
55.92,-0.0017116365725956,112
55.922,-0.0015744201525956,112
55.924,-0.0014372037325955998,112
55.926,-0.0012999873125955999,112
55.928,-0.0011627708925955997,112
55.93,-0.0010255544725955995,112
55.932,-0.0010380537725955992,112
55.934,-0.0010505530725955989,112
55.936,-0.0014190827725956007,112
55.938,-0.0014599353975956,112
55.94,-0.0015007880225955993,112
55.942,-0.0015416406475955986,112
55.944,-0.001582493272595598,112
55.946,-0.0010968355725955983,112
55.948,-0.001062156972595596,112
55.95,-0.0012821672392622635,112
55.952,-0.001502177505928931,112
55.954,-0.0017221877725955986,112
55.956,-0.0014273107725955988,112
55.958,-0.001132433772595599,112
55.96,-0.0010740391725955988,112
55.962,-0.0010156445725955988,112
55.964,-0.001060583972595598,112
55.966,-0.0019947039725956,112
55.968,-0.0017405071725955996,112
55.97,-0.0014863103725955996,112
55.972,-0.0012321135725955991,112
55.974,-0.0009835916725955997,112
55.976,-0.0010224689725955964,112
55.978,-0.0016920345725955997,112
55.98,-0.0015820556559289324,112
55.982,-0.0014720767392622652,112
55.984,-0.001362097822595598,112
55.986,-0.0012521189059289308,112
55.988,-0.0011421399892622636,112
55.99,-0.0010321610725955964,112
55.992,-0.0014260886725955995,112
55.994,-0.0014670108725955994,112
55.996,-0.0015079330725955992,112
55.998,-0.001548855272595599,112
56.0,-0.0015897774725955986,113
56.002,-0.001063112872595598,113
56.004,-0.0012290159725955976,113
56.006,-0.001331210152595598,113
56.008,-0.0014334043325955983,113
56.01,-0.0015355985125955983,113
56.012,-0.0016377926925955986,113
56.014,-0.0017399868725955989,113
56.016,-0.0011047610725956006,113
56.018,-0.0009736817725955974,113
56.02,-0.0010629676725955987,113
56.022,-0.0019513980725956,113
56.024,-0.0019307958059289329,113
56.026,-0.0019101935392622652,113
56.028,-0.0018895912725955984,113
56.03,-0.001234678772595598,113
56.032,-0.0009695072725955969,113
56.034,-0.001005153872595598,113
56.036,-0.001244440447595598,113
56.038,-0.001483727022595598,113
56.04,-0.0017230135975955978,113
56.042,-0.0019623001725955977,113
56.044,-0.0012839257725955969,113
56.046,-0.0008773173725955975,113
56.048,-0.001259749972595595,113
56.05,-0.0012919069325955962,113
56.052,-0.0013240638925955972,113
56.054,-0.0013562208525955978,113
56.056,-0.0013883778125955988,113
56.058,-0.0014205347725955997,113
56.06,-0.0008917042725955971,113
56.062,-0.0008665967725955993,113
56.064,-0.0010446966725955985,113
56.066,-0.0010154146725955986,113
56.068,-0.0009861326725955988,113
56.07,-0.0009568506725955988,113
56.072,-0.0009275686725955992,113
56.074,-0.0008772145225956,113
56.076,-0.0008268603725956006,113
56.078,-0.0009314164725955987,113
56.08,-0.001789294372595597,113
56.082,-0.0017617749392622648,113
56.084,-0.0017342555059289323,113
56.086,-0.0017067360725956,113
56.088,-0.0010447087725955968,113
56.09,-0.0008228915725955968,113
56.092,-0.0009133753725956014,113
56.094,-0.0009852584475956003,113
56.096,-0.0010571415225955995,113
56.098,-0.001129024597595599,113
56.1,-0.0012009076725955983,113
56.102,-0.0010237939225955974,113
56.104,-0.0008466801725955966,113
56.106,-0.0009260319725955984,113
56.108,-0.001292795072595599,113
56.11,-0.0015278819392622659,113
56.112,-0.0017629688059289325,113
56.114,-0.0019980556725955998,113
56.116,-0.0013737077725955987,113
56.118,-0.0008967499725955982,113
56.12,-0.0009295893725955982,113
56.122,-0.0011386652725955992,113
56.124,-0.0012793277725955988,113
56.126,-0.0014199902725955983,113
56.128,-0.0015606527725955976,113
56.13,-0.0009730525725955981,113
56.132,-0.001011167572595598,113
56.134,-0.001049282572595598,113
56.136,-0.0019485303725955989,113
56.138,-0.0019081345225955989,113
56.14,-0.0018677386725955989,113
56.142,-0.0018273428225955989,113
56.144,-0.0017869469725955989,113
56.146,-0.0011110530725955987,113
56.148,-0.0008966773725956003,113
56.15,-0.0016806242725955992,113
56.152,-0.0017530881475955992,113
56.154,-0.0018255520225955993,113
56.156,-0.0018980158975955993,113
56.158,-0.0019704797725955993,113
56.16,-0.0013001518725955991,113
56.162,-0.0009338727725955973,113
56.164,-0.0014340020725955964,113
56.166,-0.0013445540325955968,113
56.168,-0.0012551059925955976,113
56.17,-0.001165657952595598,113
56.172,-0.0010762099125955983,113
56.174,-0.0009867618725955991,113
56.176,-0.001043208372595597,113
56.178,-0.001248230772595598,113
56.18,-0.0013374948925955984,113
56.182,-0.0014267590125955985,113
56.184,-0.0015160231325955988,113
56.186,-0.001605287252595599,113
56.188,-0.0016945513725955992,113
56.19,-0.0010728291725955984,113
56.192,-0.0009881291725955966,113
56.194,-0.0011677996525955969,113
56.196,-0.0013474701325955972,113
56.198,-0.0015271406125955977,113
56.2,-0.001706811092595598,113
56.202,-0.0018864815725955985,113
56.204,-0.0012036664725955971,113
56.206,-0.0009496995725955993,113
56.208,-0.0016823666725956,113
56.21,-0.0016245165725955995,113
56.212,-0.0015666664725955987,113
56.214,-0.0015088163725955983,113
56.216,-0.001450966272595598,113
56.218,-0.0013931161725955971,113
56.22,-0.0009866529725955971,113
56.222,-0.0010760114725955963,113
56.224,-0.0014563265725955968,113
56.226,-0.001485045922595597,113
56.228,-0.0015137652725955972,113
56.23,-0.0015424846225955977,113
56.232,-0.001571203972595598,113
56.234,-0.001039166972595599,113
56.236,-0.0010309873725955973,113
56.238,-0.0011962854725955999,113
56.24,-0.0013308888975955995,113
56.242,-0.0014654923225955992,113
56.244,-0.0016000957475955989,113
56.246,-0.0017346991725955983,113
56.248,-0.001130546172595599,113
56.25,-0.0011075319725955997,113
56.252,-0.0019334900725956007,113
56.254,-0.0019286167975956004,113
56.256,-0.0019237435225956,113
56.258,-0.0019188702475955997,113
56.26,-0.0019139969725955987,113
56.262,-0.0012504934725956,113
56.264,-0.0009762832725956002,113
56.266,-0.0010579098725955992,113
56.268,-0.001147824972595599,113
56.27,-0.0012377400725955988,113
56.272,-0.001327655172595599,113
56.274,-0.0014175702725955988,113
56.276,-0.0012188398725955984,113
56.278,-0.001020109472595598,113
56.28,-0.0010615277725955982,113
56.282,-0.0013624305725955972,113
56.284,-0.0014237049725955974,113
56.286,-0.0014849793725955976,113
56.288,-0.0015462537725955976,113
56.29,-0.001607528172595598,113
56.292,-0.0010765559725955977,113
56.294,-0.0010527310725956009,113
56.296,-0.001183108572595598,113
56.298,-0.0013326282725955982,113
56.3,-0.0014821479725955983,113
56.302,-0.0016316676725955984,113
56.304,-0.0017811873725955983,113
56.306,-0.0011574807725955975,113
56.308,-0.0010294627725956004,113
56.31,-0.0011096131725955999,113
56.312,-0.0019377008725955968,113
56.314,-0.0019401813725955976,113
56.316,-0.0019426618725955985,113
56.318,-0.0012807555725955974,113
56.32,-0.001145041972595598,113
56.322,-0.0010093283725955988,113
56.324,-0.0010872039725955997,113
56.326,-0.0016514753725955962,113
56.328,-0.0015921067225955965,113
56.33,-0.0015327380725955967,113
56.332,-0.0014733694225955967,113
56.334,-0.0014140007725955972,113
56.336,-0.0009987771725955984,113
56.338,-0.0010574500725955976,113
56.34,-0.001388893272595601,113
56.342,-0.0014472576225956005,113
56.344,-0.0015056219725956,113
56.346,-0.0015639863225955992,113
56.348,-0.0016223506725955988,113
56.35,-0.0010745473725956003,113
56.352,-0.0011986449725955963,113
56.354,-0.001323734772595597,113
56.356,-0.0014488245725955973,113
56.358,-0.0015739143725955976,113
56.36,-0.001699004172595598,113
56.362,-0.0018240939725955984,113
56.364,-0.0010367348725955992,113
56.366,-0.0010752249725956,113
56.368,-0.001113715072595601,113
56.37,-0.0019325704725955976,113
56.372,-0.0019498855725955976,113
56.374,-0.0019672006725955974,113
56.376,-0.001984515772595598,113
56.378,-0.0012905202725955987,113
56.38,-0.0010015117725956004,113
56.382,-0.0010963394725955963,113
56.384,-0.0016392664725955984,113
56.386,-0.0015920462225955984,113
56.388,-0.0015448259725955983,113
56.39,-0.0014976057225955983,113
56.392,-0.0014503854725955983,113
56.394,-0.0010728896725955975,113
56.396,-0.0012252891725955985,113
56.398,-0.0013776886725955992,113
56.4,-0.0012806507059289322,113
56.402,-0.0011836127392622655,113
56.404,-0.0010865747725955985,113
56.406,-0.001131973972595598,113
56.408,-0.0011773731725955975,113
56.41,-0.0012227723725955972,113
56.412,-0.0013433319325955972,113
56.414,-0.0014638914925955975,113
56.416,-0.0015844510525955975,113
56.418,-0.0017050106125955978,113
56.42,-0.0018255701725955976,113
56.422,-0.0011943857725955978,113
56.424,-0.0010438496725955985,113
56.426,-0.0011219067725955975,113
56.428,-0.0018876552725956008,113
56.43,-0.0016084235725956004,113
56.432,-0.0013291918725956003,113
56.434,-0.0010193834725955983,113
56.436,-0.0010838401725956,113
56.438,-0.0015667269725955968,113
56.44,-0.0015579484225955978,113
56.442,-0.0015491698725955986,113
56.444,-0.0015403913225955994,113
56.446,-0.0015316127725956002,113
56.448,-0.0013776806059289336,113
56.45,-0.0012237484392622667,113
56.452,-0.0010698162725956,113
56.454,-0.0010699372725955988,113
56.456,-0.0011982698725955987,113
56.458,-0.001326602472595599,113
56.46,-0.001454935072595599,113
56.462,-0.0015832676725955994,113
56.464,-0.0017116002725955995,113
56.466,-0.0010659563725955983,113
56.468,-0.0011970820559289315,113
56.47,-0.0013282077392622648,113
56.472,-0.0014593334225955984,113
56.474,-0.0015904591059289317,113
56.476,-0.001721584789262265,113
56.478,-0.0018527104725955983,113
56.48,-0.001249271372595598,113
56.482,-0.0010589141725955986,113
56.484,-0.0011067454725956008,113
56.486,-0.0018822102725955976,113
56.488,-0.001758239722595598,113
56.49,-0.0016342691725955982,113
56.492,-0.0015102986225955983,113
56.494,-0.0013863280725955988,113
56.496,-0.0010519566725955968,113
56.498,-0.0015683241725955987,113
56.5,-0.0014520703975955983,114
56.502,-0.0013358166225955984,114
56.504,-0.0012195628475955983,114
56.506,-0.001103309072595598,114
56.508,-0.001107907072595598,114
56.51,-0.0013322410725955976,114
56.512,-0.001415210772595598,114
56.514,-0.0014981804725955985,114
56.516,-0.0015811501725955988,114
56.518,-0.0016641198725955992,114
56.52,-0.0017470895725955997,114
56.522,-0.0011569967725955973,114
56.524,-0.0011211928725955982,114
56.526,-0.0010853889725955992,114
56.528,-0.0011803134725956003,114
56.53,-0.0013605187725956,114
56.532,-0.0015407240725956,114
56.534,-0.0017209293725955995,114
56.536,-0.0019011346725955995,114
56.538,-0.0010795083725955964,114
56.54,-0.001475589772595598,114
56.542,-0.0018716711725955996,114
56.544,-0.0016691564975955995,114
56.546,-0.0014666418225955996,114
56.548,-0.0012641271475955997,114
56.55,-0.0010616124725955996,114
56.552,-0.0010801133725955982,114
56.554,-0.0010986142725955966,114
56.556,-0.001193047512595597,114
56.558,-0.0012874807525955975,114
56.56,-0.001381913992595598,114
56.562,-0.0014763472325955984,114
56.564,-0.0015707804725955989,114
56.566,-0.0010992555725955996,114
56.568,-0.0013370931725955983,114
56.57,-0.0012834447975955984,114
56.572,-0.0012297964225955983,114
56.574,-0.001176148047595598,114
56.576,-0.001122499672595598,114
56.578,-0.0010871434725955977,114
56.58,-0.0010517872725955971,114
56.582,-0.0011143321725955984,114
56.584,-0.0011768770725955995,114
56.586,-0.0013656068225955987,114
56.588,-0.0015543365725955985,114
56.59,-0.001743066322595598,114
56.592,-0.0019317960725955972,114
56.594,-0.0012789405725955987,114
56.596,-0.0010713408725955967,114
56.598,-0.0011357007725955983,114
56.6,-0.0018454625725955983,114
56.602,-0.0016598152975955984,114
56.604,-0.0014741680225955987,114
56.606,-0.0012885207475955987,114
56.608,-0.0011028734725955988,114
56.61,-0.0013211816725955984,114
56.612,-0.001539489872595598,114
56.614,-0.0015451526725955983,114
56.616,-0.0015508154725955984,114
56.618,-0.001556478272595599,114
56.62,-0.0010871313725955983,114
56.622,-0.0012081979225955983,114
56.624,-0.0013292644725955982,114
56.626,-0.001433908297595598,114
56.628,-0.001538552122595598,114
56.63,-0.001643195947595598,114
56.632,-0.001747839772595598,114
56.634,-0.0014553767225955984,114
56.636,-0.0011629136725955988,114
56.638,-0.0010688361725955991,114
56.64,-0.0011760784725955986,114
56.642,-0.0013663630725955984,114
56.644,-0.0015566476725955983,114
56.646,-0.0017469322725955983,114
56.648,-0.0019372168725955985,114
56.65,-0.001064492272595599,114
56.652,-0.0018605391725955967,114
56.654,-0.0017724245525955972,114
56.656,-0.0016843099325955975,114
56.658,-0.0015961953125955975,114
56.66,-0.0015080806925955978,114
56.662,-0.0014199660725955979,114
56.664,-0.0010524769725955996,114
56.666,-0.0010825999225955998,114
56.668,-0.0011127228725956,114
56.67,-0.0015316006725955983,114
56.672,-0.0015426721725955983,114
56.674,-0.0015537436725955988,114
56.676,-0.001564815172595599,114
56.678,-0.0015758866725955993,114
56.68,-0.001101046372595598,114
56.682,-0.0013102795725956004,114
56.684,-0.0014158460225956,114
56.686,-0.0015214124725955996,114
56.688,-0.0016269789225955992,114
56.69,-0.0017325453725955987,114
56.692,-0.0014054581725955985,114
56.694,-0.001078370972595598,114
56.696,-0.0011477523725955986,114
56.698,-0.0012996678725955987,114
56.7,-0.001451583372595599,114
56.702,-0.0016034988725955987,114
56.704,-0.0017554143725955992,114
56.706,-0.0019073298725955992,114
56.708,-0.0012748749725956,114
56.71,-0.0010554293725956003,114
56.712,-0.0011222334725955983,114
56.714,-0.0018308457725955975,114
56.716,-0.0016857183725955984,114
56.718,-0.0015405909725955983,114
56.72,-0.0013954635725955988,114
56.722,-0.0012167828725955987,114
56.724,-0.0010381021725955984,114
56.726,-0.0010910154725955988,114
56.728,-0.0012076443475955987,114
56.73,-0.001324273222595599,114
56.732,-0.0014409020975955991,114
56.734,-0.0015575309725955992,114
56.736,-0.0010796777725955995,114
56.738,-0.0010820614725955983,114
56.74,-0.0010844451725955972,114
56.742,-0.0012857165725955987,114
56.744,-0.0013950914975955986,114
56.746,-0.0015044664225955984,114
56.748,-0.0016138413475955983,114
56.75,-0.0017232162725955985,114
56.752,-0.0010404011725955971,114
56.754,-0.0010904891225955967,114
56.756,-0.0011405770725955965,114
56.758,-0.001394265672595597,114
56.76,-0.0016479542725955977,114
56.762,-0.0019016428725955985,114
56.764,-0.0012458107725955968,114
56.766,-0.001137455272595597,114
56.768,-0.0010290997725955972,114
56.77,-0.0010849775725955968,114
56.772,-0.001757725472595598,114
56.774,-0.0016718880725955982,114
56.776,-0.0015860506725955984,114
56.778,-0.0015002132725955987,114
56.78,-0.0014143758725955987,114
56.782,-0.0011150339725955992,114
56.784,-0.0015052831725956006,114
56.786,-0.0014189762925955998,114
56.788,-0.0013326694125955988,114
56.79,-0.001246362532595598,114
56.792,-0.001160055652595597,114
56.794,-0.0010737487725955962,114
56.796,-0.001185879472595598,114
56.798,-0.0012980101725955995,114
56.8,-0.0013937211725955992,114
56.802,-0.0014894321725955992,114
56.804,-0.0015851431725955988,114
56.806,-0.0016808541725955987,114
56.808,-0.0017765651725955983,114
56.81,-0.0011829754725955991,114
56.812,-0.0010891641725955992,114
56.814,-0.0011858915725955971,114
56.816,-0.0013868695475955975,114
56.818,-0.0015878475225955975,114
56.82,-0.001788825497595598,114
56.822,-0.001989803472595598,114
56.824,-0.0013399003725955982,114
56.826,-0.0011108110725955994,114
56.828,-0.0018454020725955991,114
56.83,-0.0017690607525955992,114
56.832,-0.0016927194325955992,114
56.834,-0.0016163781125955988,114
56.836,-0.001540036792595599,114
56.838,-0.001463695472595599,114
56.84,-0.0011525560725955987,114
56.842,-0.001538074172595598,114
56.844,-0.0015503677725955984,114
56.846,-0.0015626613725955988,114
56.848,-0.001574954972595599,114
56.85,-0.0015872485725955995,114
56.852,-0.0015995421725956,114
56.854,-0.0011098430725955972,114
56.856,-0.0011050393725955988,114
56.858,-0.0013080652725955995,114
56.86,-0.001424267622595599,114
56.862,-0.0015404699725955987,114
56.864,-0.0016566723225955983,114
56.866,-0.001772874672595598,114
56.868,-0.0011804223725956006,114
56.87,-0.0010855462725956003,114
56.872,-0.0012506265725956,114
56.874,-0.0014157068725955996,114
56.876,-0.001580787172595599,114
56.878,-0.0017458674725955986,114
56.88,-0.0019109477725955985,114
56.882,-0.0012704221725955975,114
56.884,-0.001046463272595598,114
56.886,-0.0011242662725955976,114
56.888,-0.0017863177725955994,114
56.89,-0.001670311039262266,114
56.892,-0.0015543043059289326,114
56.894,-0.0014382975725955992,114
56.896,-0.0012446854725955987,114
56.898,-0.001051073372595598,114
56.9,-0.0014928322725955984,114
56.902,-0.0014130569725955985,114
56.904,-0.0013332816725955988,114
56.906,-0.0012535063725955988,114
56.908,-0.0011737310725955991,114
56.91,-0.0010939557725955992,114
56.912,-0.0010956316225955995,114
56.914,-0.0010973074725956003,114
56.916,-0.0012841435725955974,114
56.918,-0.0014173464225955975,114
56.92,-0.001550549272595598,114
56.922,-0.0016837521225955983,114
56.924,-0.0018169549725955984,114
56.926,-0.0012105997725955983,114
56.928,-0.0011027282725955996,114
56.93,-0.001173973072595598,114
56.932,-0.0012054209725955978,114
56.934,-0.0012368688725955977,114
56.936,-0.0012683167725955975,114
56.938,-0.0012997646725955974,114
56.94,-0.0010643712725955984,114
56.942,-0.0010953775225955994,114
56.944,-0.0011263837725956002,114
56.946,-0.0017359091725955983,114
56.948,-0.0016589198975955983,114
56.95,-0.0015819306225955988,114
56.952,-0.001504941347595599,114
56.954,-0.0014279520725955991,114
56.956,-0.001033891372595597,114
56.958,-0.0010831746725956,114
56.96,-0.0014120405725955992,114
56.962,-0.001323828547595599,114
56.964,-0.0012356165225955989,114
56.966,-0.0011474044975955987,114
56.968,-0.0010591924725955983,114
56.97,-0.0010567361725955984,114
56.972,-0.001054279872595598,114
56.974,-0.0012023959725955963,114
56.976,-0.0013381095725955965,114
56.978,-0.0014738231725955966,114
56.98,-0.0016095367725955968,114
56.982,-0.001745250372595597,114
56.984,-0.0011205394725955964,114
56.986,-0.0010028669725955992,114
56.988,-0.001971919672595598,114
56.99,-0.001956038422595598,114
56.992,-0.001940157172595598,114
56.994,-0.001924275922595598,114
56.996,-0.001908394672595598,114
56.998,-0.0012442014725956,114
57.0,-0.0009973251725955978,115
57.002,-0.0010656054725955988,115
57.004,-0.0016789786725955984,115
57.006,-0.0016061447392622652,115
57.008,-0.0015333108059289318,115
57.01,-0.0014604768725955987,115
57.012,-0.001254764772595598,115
57.014,-0.0010490526725955972,115
57.016,-0.0011184461725955996,115
57.018,-0.0014458116725955988,115
57.02,-0.001495049597595599,115
57.022,-0.0015442875225955988,115
57.024,-0.0015935254475955988,115
57.026,-0.0016427633725955987,115
57.028,-0.0011049304725955968,115
57.03,-0.001091209072595599,115
57.032,-0.0012693876225955986,115
57.034,-0.0014475661725955984,115
57.036,-0.001625744722595598,115
57.038,-0.0018039232725955976,115
57.04,-0.0011932725725955998,115
57.042,-0.001060160472595599,115
57.044,-0.001504865722595599,115
57.046,-0.0019495709725955988,115
57.048,-0.001959656322595599,115
57.05,-0.0019697416725955983,115
57.052,-0.0019798270225955985,115
57.054,-0.0019899123725955984,115
57.056,-0.0013289135725955967,115
57.058,-0.001056397372595599,115
57.06,-0.0011168610725956,115
57.062,-0.0011895312525956,115
57.064,-0.0012622014325955999,115
57.066,-0.0013348716125956,115
57.068,-0.0014075417925955998,115
57.07,-0.0014802119725956,115
57.072,-0.0010601725725955993,115
57.074,-0.0013810040725955978,115
57.076,-0.001449668547595598,115
57.078,-0.0015183330225955983,115
57.08,-0.0015869974975955983,115
57.082,-0.0016556619725955988,115
57.084,-0.0011281624725955983,115
57.086,-0.0010749103725955984,115
57.088,-0.0011913123725955967,115
57.09,-0.0014089712059289308,115
57.092,-0.001626630039262265,115
57.094,-0.0018442888725955996,115
57.096,-0.0015378442725955989,115
57.098,-0.0012313996725955983,115
57.1,-0.0010655207725955972,115
57.102,-0.0010841305725955983,115
57.104,-0.0019089391725955977,115
57.106,-0.0019520877725955977,115
57.108,-0.0019952363725955977,115
57.11,-0.0013617529725955986,115
57.112,-0.001211664572595598,115
57.114,-0.0010615761725955972,115
57.116,-0.0015964566725955968,115
57.118,-0.0015792988725955972,115
57.12,-0.001562141072595598,115
57.122,-0.0015449832725955982,115
57.124,-0.0015278254725955987,115
57.126,-0.0015106676725955993,115
57.128,-0.0011002114725955983,115
57.13,-0.0012212901225955985,115
57.132,-0.0013423687725955986,115
57.134,-0.0014182629975955984,115
57.136,-0.0014941572225955985,115
57.138,-0.0015700514475955984,115
57.14,-0.0016459456725955984,115
57.142,-0.0010683279725955987,115
57.144,-0.0011726420725955975,115
57.146,-0.001343460797595598,115
57.148,-0.001514279522595598,115
57.15,-0.0016850982475955984,115
57.152,-0.0018559169725955984,115
57.154,-0.0012421928725955978,115
57.156,-0.0011636638725955988,115
57.158,-0.0010851348725955997,115
57.16,-0.0011205999725955975,115
57.162,-0.0019317960725955972,115
57.164,-0.0017991225975955976,115
57.166,-0.001666449122595598,115
57.168,-0.0015337756475955985,115
57.17,-0.0014011021725955988,115
57.172,-0.0010922254725955983,115
57.174,-0.0010957586725955984,115
57.176,-0.001099291872595598,115
57.178,-0.001102825072595598,115
57.18,-0.0011063582725955976,115
57.182,-0.0011098914725955974,115
57.184,-0.0011134246725955973,115
57.186,-0.0011274304225955987,115
57.188,-0.0011414361725956,115
57.19,-0.001368032872595598,115
57.192,-0.001318247422595598,115
57.194,-0.001268461972595598,115
57.196,-0.001218676522595598,115
57.198,-0.001168891072595598,115
57.2,-0.0010984448725956004,115
57.202,-0.0011536571725956,115
57.204,-0.0013000768525955996,115
57.206,-0.0014464965325955992,115
57.208,-0.001592916212595599,115
57.21,-0.001739335892595599,115
57.212,-0.0018857555725955988,115
57.214,-0.0012576929725955973,115
57.216,-0.0010735430725955992,115
57.218,-0.0011026556725956015,115
57.22,-0.0018661293725955996,115
57.222,-0.001597335939262266,115
57.224,-0.0013285425059289323,115
57.226,-0.0010597490725955984,115
57.228,-0.0010957828725956,115
57.23,-0.0013271167225955992,115
57.232,-0.0015584505725955988,115
57.234,-0.0015504161725955988,115
57.236,-0.0015423817725955986,115
57.238,-0.0015343473725955986,115
57.24,-0.0013830933392622647,115
57.242,-0.001231839305928931,115
57.244,-0.0010805852725955971,115
57.246,-0.0011111498725955987,115
57.248,-0.001341521772595597,115
57.25,-0.001430296447595597,115
57.252,-0.0015190711225955972,115
57.254,-0.001607845797595597,115
57.256,-0.0016966204725955975,115
57.258,-0.0011321433725955989,115
57.26,-0.0010675051725955991,115
57.262,-0.001134067272595598,115
57.264,-0.0013767085725955985,115
57.266,-0.001619349872595599,115
57.268,-0.0018619911725956,115
57.27,-0.0012563498725955983,115
57.272,-0.001091596272595599,115
57.274,-0.0011427046559289323,115
57.276,-0.0011938130392622655,115
57.278,-0.0012449214225955987,115
57.28,-0.0012960298059289319,115
57.282,-0.001347138189262265,115
57.284,-0.0013982465725955982,115
57.286,-0.0010697678725955975,115
57.288,-0.0011020627725955995,115
57.29,-0.0011884761325955992,115
57.292,-0.0012748894925955988,115
57.294,-0.0013613028525955987,115
57.296,-0.0014477162125955984,115
57.298,-0.001534129572595598,115
57.3,-0.0010756726725955987,115
57.302,-0.0010734946725955985,115
57.304,-0.0012270950975955984,115
57.306,-0.0013806955225955982,115
57.308,-0.001534295947595598,115
57.31,-0.001687896372595598,115
57.312,-0.0013677727225955983,115
57.314,-0.0010476490725955991,115
57.316,-0.001088904022595598,115
57.318,-0.0011301589725955968,115
57.32,-0.0013035459225955973,115
57.322,-0.0014769328725955976,115
57.324,-0.001650319822595598,115
57.326,-0.001823706772595598,115
57.328,-0.0010433051725956004,115
57.33,-0.0014249331225955992,115
57.332,-0.0018065610725955976,115
57.334,-0.0017061522475955984,115
57.336,-0.001605743422595599,115
57.338,-0.0015053345975955994,115
57.34,-0.0014049257725956,115
57.342,-0.0010812144725956003,115
57.344,-0.0015326170725955997,115
57.346,-0.001547687622595599,115
57.348,-0.0015627581725955984,115
57.35,-0.0013289559225955975,115
57.352,-0.001095153672595597,115
57.354,-0.001077415072595598,115
57.356,-0.0011285859725955983,115
57.358,-0.0011797568725955988,115
57.36,-0.0012309277725955992,115
57.362,-0.0012820986725955996,115
57.364,-0.001249673697595599,115
57.366,-0.0012172487225955984,115
57.368,-0.001184823747595598,115
57.37,-0.0011523987725955975,115
57.372,-0.0011079252225955972,115
57.374,-0.0010634516725955973,115
57.376,-0.0011213622725955996,115
57.378,-0.0013097078475955994,115
57.38,-0.0014980534225955992,115
57.382,-0.0016863989975955988,115
57.384,-0.0018747445725955988,115
57.386,-0.0012592175725955992,115
57.388,-0.0010662346725955982,115
57.39,-0.001084626672595599,115
57.392,-0.001791133572595598,115
57.394,-0.0016878237725955984,115
57.396,-0.0015845139725955987,115
57.398,-0.0014812041725955991,115
57.4,-0.0013778943725955995,115
57.402,-0.0011062372725955984,115
57.404,-0.0012147500725955985,115
57.406,-0.0013232628725955986,115
57.408,-0.0014317756725955987,115
57.41,-0.0015402884725955988,115
57.412,-0.0013908534725955988,115
57.414,-0.0012414184725955991,115
57.416,-0.0010919834725955993,115
57.418,-0.0010942824725955964,115
57.42,-0.0012856318725955988,115
57.422,-0.0014067044725955984,115
57.424,-0.001527777072595598,115
57.426,-0.0016488496725955977,115
57.428,-0.0017699222725955973,115
57.43,-0.0012057960725956,115
57.432,-0.0011060194725955978,115
57.434,-0.0011720612725955974,115
57.436,-0.0013621643725955975,115
57.438,-0.0015522674725955976,115
57.44,-0.0017423705725955977,115
57.442,-0.0019324736725955976,115
57.444,-0.0013143209725955984,115
57.446,-0.001112311472595599,115
57.448,-0.0018095134725955983,115
57.45,-0.0017191990725955986,115
57.452,-0.0016288846725955987,115
57.454,-0.0015385702725955988,115
57.456,-0.0014482558725955987,115
57.458,-0.0014773926725955983,115
57.46,-0.0015065294725955976,115
57.462,-0.001436668105928931,115
57.464,-0.0013668067392622648,115
57.466,-0.0012969453725955983,115
57.468,-0.0012270840059289319,115
57.47,-0.0011572226392622652,115
57.472,-0.001087361272595599,115
57.474,-0.0011852502725955983,115
57.476,-0.001283139272595598,115
57.478,-0.0013773716525955979,115
57.48,-0.0014716040325955975,115
57.482,-0.0015658364125955976,115
57.484,-0.0016600687925955974,115
57.486,-0.001754301172595597,115
57.488,-0.0011875008725955975,115
57.49,-0.0011540080725955977,115
57.492,-0.0011814895925955976,115
57.494,-0.0012089711125955979,115
57.496,-0.0012364526325955975,115
57.498,-0.0012639341525955978,115
57.5,-0.0012914156725955979,116
57.502,-0.001182400722595598,116
57.504,-0.0010733857725955982,116
57.506,-0.0017781623725955983,116
57.508,-0.0017158401125955984,116
57.51,-0.001653517852595599,116
57.512,-0.001591195592595599,116
57.514,-0.001528873332595599,116
57.516,-0.0014665510725955996,116
57.518,-0.0010929514725955996,116
57.52,-0.0011177564725955956,116
57.522,-0.0014959056725955995,116
57.524,-0.0015221535975955991,116
57.526,-0.0015484015225955992,116
57.528,-0.001574649447595599,116
57.53,-0.001600897372595599,116
57.532,-0.0011178774725955978,116
57.534,-0.0012568217725955969,116
57.536,-0.0013570775325955971,116
57.538,-0.001457333292595598,116
57.54,-0.0015575890525955983,116
57.542,-0.0016578448125955992,116
57.544,-0.0017581005725955997,116
57.546,-0.0010794478725955972,116
57.548,-0.001118736572595598,116
57.55,-0.001278357352595598,116
57.552,-0.0014379781325955978,116
57.554,-0.0015975989125955978,116
57.556,-0.0017572196925955976,116
57.558,-0.0019168404725955972,116
57.56,-0.001302208872595599,116
57.562,-0.0017493885725955967,116
57.564,-0.0015806873475955972,116
57.566,-0.0014119861225955971,116
57.568,-0.0012432848975955976,116
57.57,-0.0010745836725955975,116
57.572,-0.0011106295725956013,116
57.574,-0.0011981508892622676,116
57.576,-0.001285672205928934,116
57.578,-0.0013731935225956005,116
57.58,-0.0014607148392622668,116
57.582,-0.001548236155928933,116
57.584,-0.0016357574725955996,116
57.586,-0.0014730487725955986,116
57.588,-0.0013103400725955974,116
57.59,-0.0011476313725955964,116
57.592,-0.0011237701725955972,116
57.594,-0.0012884269725956,116
57.596,-0.0015541490225955991,116
57.598,-0.0018198710725955984,116
57.6,-0.001467506972595598,116
57.602,-0.0011151428725955975,116
57.604,-0.001141418022595598,116
57.606,-0.0011676931725955984,116
57.608,-0.0013656431225955983,116
57.61,-0.0015635930725955982,116
57.612,-0.001761543022595598,116
57.614,-0.0019594929725955976,116
57.616,-0.001528527272595598,116
57.618,-0.001097561572595598,116
57.62,-0.0011263716725955983,116
57.622,-0.0014395983225955987,116
57.624,-0.0017528249725955996,116
57.626,-0.0016880960225955995,116
57.628,-0.0016233670725955991,116
57.63,-0.0015586381225955992,116
57.632,-0.0014939091725955991,116
57.634,-0.001148526772595599,116
57.636,-0.0012352777225955987,116
57.638,-0.0013220286725955984,116
57.64,-0.001408779622595598,116
57.642,-0.0014955305725955976,116
57.644,-0.0015822815225955975,116
57.646,-0.0016690324725955972,116
57.648,-0.0011526286725955983,116
57.65,-0.0011269161725955996,116
57.652,-0.0012914882725955992,116
57.654,-0.0014217538475955987,116
57.656,-0.0015520194225955982,116
57.658,-0.0016822849975955975,116
57.66,-0.0018125505725955968,116
57.662,-0.001217581472595597,116
57.664,-0.0010984206725956,116
57.666,-0.0012716103925956,116
57.668,-0.0014448001125955995,116
57.67,-0.0016179898325955997,116
57.672,-0.0017911795525955994,116
57.674,-0.0019643692725955994,116
57.676,-0.0010884139725955977,116
57.678,-0.001111016772595598,116
57.68,-0.0011336195725955983,116
57.682,-0.0012542202725955983,116
57.684,-0.001374820972595599,116
57.686,-0.0014954216725955993,116
57.688,-0.0011131826725955995,116
57.69,-0.0011787129725955995,116
57.692,-0.0012442432725955992,116
57.694,-0.0013097735725955992,116
57.696,-0.0013753038725955989,116
57.698,-0.0014408341725955986,116
57.7,-0.0015063644725955983,116
57.702,-0.0015718947725955983,116
57.704,-0.001637425072595598,116
57.706,-0.0017029553725955975,116
57.708,-0.0017684856725955975,116
57.71,-0.0018340159725955972,116
57.712,-0.0015321512225955972,116
57.714,-0.0012302864725955967,116
57.716,-0.0011506503225955963,116
57.718,-0.001071014172595596,116
57.72,-0.0011065942225955971,116
57.722,-0.001142174272595598,116
57.724,-0.0011873193725955983,116
57.726,-0.001232464472595599,116
57.728,-0.0012776095725955993,116
57.73,-0.0013227546725955996,116
57.732,-0.001050964472595596,116
57.734,-0.0010745352725955984,116
57.736,-0.0010981060725956011,116
57.738,-0.0016924701725955973,116
57.74,-0.0016417893225955976,116
57.742,-0.001591108472595598,116
57.744,-0.0015404276225955984,116
57.746,-0.0014897467725955987,116
57.748,-0.0010990982725955969,116
57.75,-0.0011273154725955983,116
57.752,-0.001421369672595596,116
57.754,-0.0014931025059289303,116
57.756,-0.0015648353392622646,116
57.758,-0.0016365681725955988,116
57.76,-0.0013850031225955996,116
57.762,-0.0011334380725956,116
57.764,-0.001112626072595598,116
57.766,-0.001249353652595598,116
57.768,-0.0013860812325955977,116
57.77,-0.0015228088125955976,116
57.772,-0.0016595363925955972,116
57.774,-0.0017962639725955971,116
57.776,-0.001222010072595597,116
57.778,-0.0010788549725956,116
57.78,-0.001108294272595598,116
57.782,-0.0019854837725956,116
57.784,-0.0019757553725955994,116
57.786,-0.0019660269725955987,116
57.788,-0.001956298572595598,116
57.79,-0.0013547954725955968,116
57.792,-0.0013833901925955974,116
57.794,-0.0014119849125955979,116
57.796,-0.0014405796325955983,116
57.798,-0.0014691743525955987,116
57.8,-0.0014977690725955992,116
57.802,-0.0011087177725955988,116
57.804,-0.0011168852725955993,116
57.806,-0.0011250527725955991,116
57.808,-0.0011332202725955996,116
57.81,-0.0014076240725955991,116
57.812,-0.0013265500392622657,116
57.814,-0.001245476005928932,116
57.816,-0.0011644019725955985,116
57.818,-0.0011126623725955971,116
57.82,-0.0011683949725955975,116
57.822,-0.0012241275725955979,116
57.824,-0.0013502507125955979,116
57.826,-0.0014763738525955979,116
57.828,-0.0016024969925955979,116
57.83,-0.0017286201325955979,116
57.832,-0.0018547432725955976,116
57.834,-0.0012386717725956003,116
57.836,-0.0011070237725955988,116
57.838,-0.001156996772595599,116
57.84,-0.001993288272595598,116
57.842,-0.001994962105928932,116
57.844,-0.001996635939262265,116
57.846,-0.001998309772595599,116
57.848,-0.0013522181725955996,116
57.85,-0.0010743900725955977,116
57.852,-0.0011214832725955984,116
57.854,-0.0016512333725956004,116
57.856,-0.0015132479975956,116
57.858,-0.0013752626225955996,116
57.86,-0.0012372772475955991,116
57.862,-0.0010992918725955987,116
57.864,-0.0011172301225955987,116
57.866,-0.001135168372595599,116
57.868,-0.0014309286725955953,116
57.87,-0.0013643605225955964,116
57.872,-0.0012977923725955975,116
57.874,-0.0012312242225955984,116
57.876,-0.0011646560725955997,116
57.878,-0.0011103149725956007,116
57.88,-0.0011666162725956003,116
57.882,-0.0012229175725955999,116
57.884,-0.0014295613725955995,116
57.886,-0.0016362051725955992,116
57.888,-0.001842848972595599,116
57.89,-0.0014771627725955984,116
57.892,-0.0011114765725955978,116
57.894,-0.0011277813225955982,116
57.896,-0.0011440860725955987,116
57.898,-0.0019732627725955985,116
57.9,-0.0017483570475955988,116
57.902,-0.0015234513225955988,116
57.904,-0.0012985455975955992,116
57.906,-0.0010736398725955994,116
57.908,-0.0010919774225955992,116
57.91,-0.0011103149725955987,116
57.912,-0.0016503742725955985,116
57.914,-0.0016250035975955987,116
57.916,-0.001599632922595599,116
57.918,-0.0015742622475955993,116
57.92,-0.0015488915725955996,116
57.922,-0.0011074714725955984,116
57.924,-0.0011375520725955997,116
57.926,-0.001412899672595596,116
57.928,-0.0013498526225955967,116
57.93,-0.001286805572595598,116
57.932,-0.0012237585225955989,116
57.934,-0.0011607114725955998,116
57.936,-0.0011093227725955995,116
57.938,-0.001202492772595598,116
57.94,-0.0013526749475955982,116
57.942,-0.0015028571225955984,116
57.944,-0.0016530392975955984,116
57.946,-0.0018032214725955988,116
57.948,-0.0012063163725955974,116
57.95,-0.0010551752725955971,116
57.952,-0.0010715284225955978,116
57.954,-0.0010878815725955983,116
57.956,-0.0012938356725955983,116
57.958,-0.0014997897725955982,116
57.96,-0.0017057438725955982,116
57.962,-0.0019116979725955984,116
57.964,-0.0013165473725955995,116
57.966,-0.0010613462725956,116
57.968,-0.0013108119725955998,116
57.97,-0.0015602776725955995,116
57.972,-0.001527783122595599,116
57.974,-0.0014952885725955983,116
57.976,-0.0010619996725955982,116
57.978,-0.0010558528725955994,116
57.98,-0.0011730716225955978,116
57.982,-0.0012902903725955962,116
57.984,-0.0014584380225955967,116
57.986,-0.0016265856725955971,116
57.988,-0.0014308117059289311,116
57.99,-0.0012350377392622647,116
57.992,-0.0010392637725955987,116
57.994,-0.0010847053225955987,116
57.996,-0.0011301468725955985,116
57.998,-0.0013552512392622656,116
58.0,-0.0015803556059289328,117
58.002,-0.0018054599725956,117
58.004,-0.0014291076225955998,117
58.006,-0.0010527552725955996,117
58.008,-0.001069053972595598,117
58.01,-0.0014650446225955988,117
58.012,-0.0018610352725955996,117
58.014,-0.001897956405928932,117
58.016,-0.0019348775392622648,117
58.018,-0.001971798672595597,117
58.02,-0.0013441353725955982,117
58.022,-0.0010271032725955984,117
58.024,-0.0010728412725956003,117
58.026,-0.0011580446325956,117
58.028,-0.0012432479925955995,117
58.03,-0.0013284513525955992,117
58.032,-0.0014136547125955987,117
58.034,-0.0014988580725955984,117
58.036,-0.0010505651725955972,117
58.038,-0.0013182655725955984,117
58.04,-0.0013820325725955984,117
58.042,-0.0014457995725955983,117
58.044,-0.0015095665725955985,117
58.046,-0.0015733335725955984,117
58.048,-0.0016371005725955984,117
58.05,-0.0010964120725955977,117
58.052,-0.0010383562725955978,117
58.054,-0.0011215074725955988,117
58.056,-0.0012943136225955988,117
58.058,-0.0014671197725955988,117
58.06,-0.0016399259225955989,117
58.062,-0.0018127320725955989,117
58.064,-0.0012018030725955992,117
58.066,-0.0010335404725955993,117
58.068,-0.0010728896725955975,117
58.07,-0.0018158417725955968,117
58.072,-0.0015744044225955989,117
58.074,-0.0013329670725956003,117
58.076,-0.0010129099725955989,117
58.078,-0.0010345508225955988,117
58.08,-0.0010561916725955987,117
58.082,-0.0012930189225955988,117
58.084,-0.001529846172595599,117
58.086,-0.0014037429975955987,117
58.088,-0.0012776398225955987,117
58.09,-0.0011515366475955988,117
58.092,-0.001025433472595599,117
58.094,-0.0010425186725956,117
58.096,-0.0012731083725955987,117
58.098,-0.001211914639262265,117
58.1,-0.001150720905928931,117
58.102,-0.0010895271725955972,117
58.104,-0.001102542739262265,117
58.106,-0.001115558305928933,117
58.108,-0.0011285738725956007,117
58.11,-0.0013046772725956004,117
58.112,-0.0014807806725956,117
58.114,-0.0016568840725955996,117
58.116,-0.0018329874725955993,117
58.118,-0.0012012464725955992,117
58.12,-0.0010140352725955988,117
58.122,-0.0010730227725955985,117
58.124,-0.0018279296725955975,117
58.126,-0.0018739661392622648,117
58.128,-0.001920002605928932,117
58.13,-0.001966039072595599,117
58.132,-0.0013335841725955996,117
58.134,-0.001051024972595599,117
58.136,-0.0012697929725955983,117
58.138,-0.0014885609725955977,117
58.14,-0.0014865432975955982,117
58.142,-0.0014845256225955988,117
58.144,-0.0014825079475955993,117
58.146,-0.0014804902725955998,117
58.148,-0.001045616272595598,117
58.15,-0.001048810672595598,117
58.152,-0.001170572972595598,117
58.154,-0.001292335272595598,117
58.156,-0.0014140975725955983,117
58.158,-0.0015358598725955983,117
58.16,-0.0016576221725955985,117
58.162,-0.0011069995725956003,117
58.164,-0.0010247074725955976,117
58.166,-0.0010963152725955959,117
58.168,-0.0012832693475955965,117
58.17,-0.001470223422595597,117
58.172,-0.0016571774975955977,117
58.174,-0.0018441315725955985,117
58.176,-0.001023461172595599,117
58.178,-0.001407702722595599,117
58.18,-0.001791944272595599,117
58.182,-0.0018594098392622656,117
58.184,-0.001926875405928932,117
58.186,-0.0019943409725955985,117
58.188,-0.0016836553225955987,117
58.19,-0.0013729696725955987,117
58.192,-0.001033104872595598,117
58.194,-0.0010685699725955997,117
58.196,-0.0014824988725955987,117
58.198,-0.0013893470225955983,117
58.2,-0.0012961951725955984,117
58.202,-0.0012030433225955982,117
58.204,-0.001109891472595598,117
58.206,-0.0011267709725955968,117
58.208,-0.0013224642725955975,117
58.21,-0.0014722138725955982,117
58.212,-0.0016219634725955986,117
58.214,-0.001771713072595599,117
58.216,-0.0012093534725955979,117
58.218,-0.0011652308225955973,117
58.22,-0.0011211081725955967,117
58.222,-0.0011473288725955975,117
58.224,-0.0011735495725955988,117
58.226,-0.0014260644725955986,117
58.228,-0.0016785793725955984,117
58.23,-0.0019310942725955984,117
58.232,-0.001619882272595599,117
58.234,-0.0013086702725956002,117
58.236,-0.001108814572595599,117
58.238,-0.0011153001725955972,117
58.24,-0.0011813540725955974,117
58.242,-0.0012474079725955974,117
58.244,-0.0013134618725955977,117
58.246,-0.0013795157725955975,117
58.248,-0.001445569672595598,117
58.25,-0.0011105206725955975,117
58.252,-0.001518726272595597,117
58.254,-0.0015348374225955972,117
58.256,-0.0015509485725955976,117
58.258,-0.001567059722595598,117
58.26,-0.0015831708725955983,117
58.262,-0.0013471966725955992,117
58.264,-0.0011112224725956,117
58.266,-0.0011201764725955984,117
58.268,-0.0013088638725955969,117
58.27,-0.0014678215725955977,117
58.272,-0.0016267792725955983,117
58.274,-0.0017857369725955991,117
58.276,-0.0011867385725955971,117
58.278,-0.0011360335225955968,117
58.28,-0.0010853284725955963,117
58.282,-0.0011638695725955971,117
58.284,-0.0013627875225955975,117
58.286,-0.001561705472595598,117
58.288,-0.0017606234225955985,117
58.29,-0.001959541372595599,117
58.292,-0.0013160996725955984,117
58.294,-0.0011005865725956,117
58.296,-0.0011301589725956004,117
58.298,-0.0018214682725956003,117
58.3,-0.0017254729225955996,117
58.302,-0.0016294775725955992,117
58.304,-0.0015334822225955987,117
58.306,-0.001437486872595598,117
58.308,-0.0011469537725955976,117
58.31,-0.001548661672595597,117
58.312,-0.0014647893125955972,117
58.314,-0.0013809169525955975,117
58.316,-0.0012970445925955978,117
58.318,-0.001213172232595598,117
58.32,-0.0011292998725955985,117
58.322,-0.001125270572595598,117
58.324,-0.0011212412725955972,117
58.326,-0.0012982158725955983,117
58.328,-0.0014223285975955985,117
58.33,-0.0015464413225955986,117
58.332,-0.0016705540475955988,117
58.334,-0.0017946667725955987,117
58.336,-0.0012154881725956,117
58.338,-0.0011577590725955975,117
58.34,-0.0013552098975955977,117
58.342,-0.001552660722595598,117
58.344,-0.001750111547595598,117
58.346,-0.0019475623725955984,117
58.348,-0.0013150953725955988,117
58.35,-0.0011941316725955983,117
58.352,-0.0010731679725955977,117
58.354,-0.0018017452725955995,117
58.356,-0.001730551292595599,117
58.358,-0.001659357312595599,117
58.36,-0.0015881633325955987,117
58.362,-0.0015169693525955985,117
58.364,-0.0014457753725955983,117
58.366,-0.0010706390725955996,117
58.368,-0.0015327501725956004,117
58.37,-0.0015513188325956002,117
58.372,-0.0015698874925956,117
58.374,-0.0015884561525956,117
58.376,-0.0016070248125955998,117
58.378,-0.0016255934725955996,117
58.38,-0.0011412425725956,117
58.382,-0.001151116172595598,117
58.384,-0.0013252230725955964,117
58.386,-0.0014510781975955967,117
58.388,-0.0015769333225955967,117
58.39,-0.001702788447595597,117
58.392,-0.0018286435725955968,117
58.394,-0.0012711118725956,117
58.396,-0.0012325733725955974,117
58.398,-0.0012638942225955976,117
58.4,-0.0012952150725955979,117
58.402,-0.0013265359225955982,117
58.404,-0.0013578567725955983,117
58.406,-0.0013891776225955987,117
58.408,-0.001420498472595599,117
58.41,-0.001185274472595598,117
58.412,-0.0012222036725955988,117
58.414,-0.001897262672595597,117
58.416,-0.0018236825725955975,117
58.418,-0.001750102472595598,117
58.42,-0.0016765223725955982,117
58.422,-0.0016029422725955984,117
58.424,-0.0012208242725955994,117
58.426,-0.0016221812725955992,117
58.428,-0.0016486004125955995,117
58.43,-0.0016750195525955995,117
58.432,-0.0017014386925955996,117
58.434,-0.0017278578325956,117
58.436,-0.0017542769725956003,117
58.438,-0.0012683046725955969,117
58.44,-0.0012434512725955985,117
58.442,-0.0013965646725955967,117
58.444,-0.0015262040725955973,117
58.446,-0.0016558434725955976,117
58.448,-0.0017854828725955983,117
58.45,-0.0019151222725955989,117
58.452,-0.0013270259725955984,117
58.454,-0.0012626539725956003,117
58.456,-0.0012887819059289327,117
58.458,-0.0013149098392622655,117
58.46,-0.0013410377725955984,117
58.462,-0.001367165705928931,117
58.464,-0.0013932936392622639,117
58.466,-0.0014194215725955963,117
58.468,-0.0011691693725955996,117
58.47,-0.0018525773725955996,117
58.472,-0.0017969560925955995,117
58.474,-0.0017413348125955995,117
58.476,-0.0016857135325955993,117
58.478,-0.0016300922525955993,117
58.48,-0.0015744709725955992,117
58.482,-0.0012042956725955983,117
58.484,-0.0015799280725956007,117
58.486,-0.0016194103725956,117
58.488,-0.0016588926725955991,117
58.49,-0.0016983749725955984,117
58.492,-0.0017378572725955976,117
58.494,-0.0014932013225955982,117
58.496,-0.0012485453725955987,117
58.498,-0.0012134190725956,117
58.5,-0.0012452692975955999,118
58.502,-0.0012771195225955996,118
58.504,-0.0013089697475955997,118
58.506,-0.0013408199725955996,118
58.508,-0.001303326105928932,118
58.51,-0.0012658322392622649,118
58.512,-0.0012283383725955974,118
58.514,-0.0012778152725956005,118
58.516,-0.0012560401125956003,118
58.518,-0.0012342649525956004,118
58.52,-0.0012124897925956005,118
58.522,-0.0011907146325956003,118
58.524,-0.0011689394725956004,118
58.526,-0.0011789582725956003,118
58.528,-0.0011889770725956005,118
58.53,-0.0018463821725956,118
58.532,-0.0017571245059289327,118
58.534,-0.001667866839262266,118
58.536,-0.0015786091725955992,118
58.538,-0.0013776160725955987,118
58.54,-0.0011766229725955982,118
58.542,-0.0015900557725955983,118
58.544,-0.0016337085392622655,118
58.546,-0.0016773613059289326,118
58.548,-0.0017210140725955995,118
58.55,-0.0014688440225955994,118
58.552,-0.0012166739725955993,118
58.554,-0.0013416064725955967,118
58.556,-0.0014321951392622637,118
58.558,-0.0015227838059289304,118
58.56,-0.0016133724725955973,118
58.562,-0.001703961139262264,118
58.564,-0.0017945498059289311,118
58.566,-0.0018851384725955976,118
58.568,-0.0012011496725955976,118
58.57,-0.0012419992725955994,118
58.572,-0.0012799497125955987,118
58.574,-0.0013179001525955984,118
58.576,-0.0013558505925955976,118
58.578,-0.001393801032595597,118
58.58,-0.0014317514725955963,118
58.582,-0.0013013376725955986,118
58.584,-0.0011709238725956007,118
58.586,-0.001201742572595598,118
58.588,-0.001282093832595598,118
58.59,-0.001362445092595598,118
58.592,-0.0014427963525955982,118
58.594,-0.0015231476125955982,118
58.596,-0.0016034988725955983,118
58.598,-0.0011910945725955979,118
58.6,-0.0015609431725955962,118
58.602,-0.0015965099125955968,118
58.604,-0.0016320766525955975,118
58.606,-0.0016676433925955979,118
58.608,-0.0017032101325955985,118
58.61,-0.0017387768725955991,118
58.612,-0.0013246906725956006,118
58.614,-0.0014421308525956003,118
58.616,-0.0015595710325955997,118
58.618,-0.0016770112125955993,118
58.62,-0.0017944513925955987,118
58.622,-0.0019118915725955983,118
58.624,-0.0015441302225955977,118
58.626,-0.001176368872595597,118
58.628,-0.0012092445725955976,118
58.63,-0.0012421202725955982,118
58.632,-0.0012783646125955983,118
58.634,-0.0013146089525955986,118
58.636,-0.0013508532925955987,118
58.638,-0.001387097632595599,118
58.64,-0.0014233419725955992,118
58.642,-0.0011655393725955986,118
58.644,-0.0012181138725955996,118
58.646,-0.0017918837725955997,118
58.648,-0.0016402223725955991,118
58.65,-0.0014885609725955983,118
58.652,-0.001336899572595598,118
58.654,-0.0011852381725955975,118
58.656,-0.0011938896725955971,118
58.658,-0.0013429677225955967,118
58.66,-0.001492045772595596,118
58.662,-0.0015584596475955968,118
58.664,-0.0016248735225955976,118
58.666,-0.0016912873975955985,118
58.668,-0.0017577012725955993,118
58.67,-0.0012442014725956,118
58.672,-0.0011978463725955991,118
58.674,-0.0013804625975955991,118
58.676,-0.0015630788225955991,118
58.678,-0.0017456950475955991,118
58.68,-0.0019283112725955991,118
58.682,-0.0013312972725955993,118
58.684,-0.0012664836225955995,118
58.686,-0.0012016699725956002,118
58.688,-0.0012435335525955995,118
58.69,-0.0012853971325955988,118
58.692,-0.0013272607125955984,118
58.694,-0.0013691242925955977,118
58.696,-0.0014109878725955972,118
58.698,-0.0012736407725955988,118
58.7,-0.0011362936725956008,118
58.702,-0.001170173672595597,118
58.704,-0.001761778972595598,118
58.706,-0.0016106348475955984,118
58.708,-0.0014594907225955987,118
58.71,-0.001308346597595599,118
58.712,-0.0011572024725955991,118
58.714,-0.0011718555725955997,118
58.716,-0.0011865086725956,118
58.718,-0.001490593772595597,118
58.72,-0.0015748299392622643,118
58.722,-0.001659066105928932,118
58.724,-0.0017433022725955993,118
58.726,-0.0014833700725956,118
58.728,-0.0012234378725956008,118
58.73,-0.0013126632725955975,118
58.732,-0.0014331671725955977,118
58.734,-0.001553671072595598,118
58.736,-0.0016741749725955979,118
58.738,-0.001794678872595598,118
58.74,-0.0019151827725955985,118
58.742,-0.0013233354725956,118
58.744,-0.0011889528725956,118
58.746,-0.0011966121725955972,118
58.748,-0.0012619703225955976,118
58.75,-0.001327328472595598,118
58.752,-0.0013926866225955983,118
58.754,-0.0014580447725955987,118
58.756,-0.0013154341725955991,118
58.758,-0.0011728235725955991,118
58.76,-0.0017657961725955976,118
58.762,-0.0017324364725955978,118
58.764,-0.001699076772595598,118
58.766,-0.001665717072595598,118
58.768,-0.0016323573725955983,118
58.77,-0.0015989976725955984,118
58.772,-0.0011813177725955996,118
58.774,-0.0015114057725955988,118
58.776,-0.0015568146525955992,118
58.778,-0.0016022235325955994,118
58.78,-0.0016476324125955996,118
58.782,-0.0016930412925955998,118
58.784,-0.0017384501725956,118
58.786,-0.0012191060725955973,118
58.788,-0.0011947245725955988,118
58.79,-0.0013829733475955984,118
58.792,-0.0015712221225955983,118
58.794,-0.001759470897595598,118
58.796,-0.0019477196725955976,118
58.798,-0.0013331122725955995,118
58.8,-0.0012454114725955964,118
58.802,-0.0012814674559289304,118
58.804,-0.001317523439262264,118
58.806,-0.001353579422595598,118
58.808,-0.001389635405928932,118
58.81,-0.0014256913892622656,118
58.812,-0.0014617473725955996,118
58.814,-0.0011630951725956004,118
58.816,-0.0012060622725955997,118
58.818,-0.0017608230725955978,118
58.82,-0.0017264227725955982,118
58.822,-0.0016920224725955983,118
58.824,-0.0016576221725955987,118
58.826,-0.0016232218725955993,118
58.828,-0.0011881058725955983,118
58.83,-0.0012034728725956003,118
58.832,-0.0014922393725955996,118
58.834,-0.0015670778725955996,118
58.836,-0.0016419163725955995,118
58.838,-0.0017167548725955995,118
58.84,-0.0017915933725955995,118
58.842,-0.0012506507725955976,118
58.844,-0.0011886382725955994,118
58.846,-0.0013101948725956004,118
58.848,-0.0013184753059289338,118
58.85,-0.0013267557392622673,118
58.852,-0.0013350361725956003,118
58.854,-0.0011813661725955972,118
58.856,-0.0012078288725955975,118
58.858,-0.0012342915725955979,118
58.86,-0.001270381839262264,118
58.862,-0.0013064721059289307,118
58.864,-0.001342562372595597,118
58.866,-0.001378652639262263,118
58.868,-0.0014147429059289298,118
58.87,-0.001450833172595596,118
58.872,-0.0011480669725955975,118
58.874,-0.001196176572595596,118
58.876,-0.0017586692725955996,118
58.878,-0.0017217703225955996,118
58.88,-0.0016848713725955995,118
58.882,-0.0016479724225955993,118
58.884,-0.0016110734725955991,118
58.886,-0.0011949302725955992,118
58.888,-0.0012173152725955987,118
58.89,-0.0015078483725955991,118
58.892,-0.0015802396475955989,118
58.894,-0.0016526309225955984,118
58.896,-0.001725022197595598,118
58.898,-0.0017974134725955975,118
58.9,-0.0012664412725955972,118
58.902,-0.0012132254725955999,118
58.904,-0.0013037939725955988,118
58.906,-0.0014593092225955989,118
58.908,-0.0016148244725955989,118
58.91,-0.0017703397225955987,118
58.912,-0.0019258549725955987,118
58.914,-0.0013383636725955994,118
58.916,-0.0012104424725956006,118
58.918,-0.0012515602892622668,118
58.92,-0.0012926781059289332,118
58.922,-0.0013337959225955991,118
58.924,-0.0013749137392622655,118
58.926,-0.001416031555928932,118
58.928,-0.001457149372595598,118
58.93,-0.0012146774725955989,118
58.932,-0.001732037172595598,118
58.934,-0.001711152572595598,118
58.936,-0.0016902679725955983,118
58.938,-0.0016693833725955984,118
58.94,-0.0016484987725955984,118
58.942,-0.0016276141725955987,118
58.944,-0.0011798294725955984,118
58.946,-0.0011852381725955992,118
58.948,-0.001464155272595597,118
58.95,-0.0015446868225955975,118
58.952,-0.001625218372595598,118
58.954,-0.0017057499225955983,118
58.956,-0.0017862814725955987,118
58.958,-0.0015331918225955988,118
58.96,-0.0012801021725955992,118
58.962,-0.0014903033725955992,118
58.964,-0.001700504572595599,118
58.966,-0.0019107057725955988,118
58.968,-0.0015497385725955987,118
58.97,-0.0011887713725955984,118
58.972,-0.0012090630725955975,118
58.974,-0.001229354772595597,118
58.976,-0.0012785436925955977,118
58.978,-0.001327732612595598,118
58.98,-0.0013769215325955986,118
58.982,-0.0014261104525955988,118
58.984,-0.0014752993725955996,118
58.986,-0.001173936772595599,118
58.988,-0.0012077078725955988,118
58.99,-0.001706760272595597,118
58.992,-0.0016872248225955973,118
58.994,-0.0016676893725955976,118
58.996,-0.0016481539225955979,118
58.998,-0.001628618472595598,118
59.0,-0.0012107449725956008,119
59.002,-0.0012011254725955989,119
59.004,-0.001447650872595598,119
59.006,-0.0016136689225955984,119
59.008,-0.0017796869725955986,119
59.01,-0.0011911308725955968,119
59.012,-0.0012796786725955966,119
59.014,-0.0013950985559289303,119
59.016,-0.0015105184392622637,119
59.018,-0.001625938322595597,119
59.02,-0.0017413582059289307,119
59.022,-0.0018567780892622644,119
59.024,-0.0019721979725955976,119
59.026,-0.0013445104725955982,119
59.028,-0.0011593925725955998,119
59.03,-0.0011850687725955995,119
59.032,-0.001998418672595601,119
59.034,-0.0018667797475956,119
59.036,-0.0017351408225955995,119
59.038,-0.0016035018975955992,119
59.04,-0.0014718629725955987,119
59.042,-0.0011528827725955976,119
59.044,-0.0012170490725955975,119
59.046,-0.001302027372595598,119
59.048,-0.001387005672595598,119
59.05,-0.0014719839725955983,119
59.052,-0.0015569622725955987,119
59.054,-0.0016419405725955991,119
59.056,-0.0011959829725955975,119
59.058,-0.0011991894725955979,119
59.06,-0.0014515712725955976,119
59.062,-0.0015436673975955978,119
59.064,-0.001635763522595598,119
59.066,-0.0017278596475955982,119
59.068,-0.0018199557725955984,119
59.07,-0.0012665017725955983,119
59.072,-0.0012175209725955975,119
59.074,-0.0012778878725955983,119
59.076,-0.001511087139262265,119
59.078,-0.0017442864059289316,119
59.08,-0.0019774856725955983,119
59.082,-0.0013522544725955987,119
59.084,-0.0011571419725955965,119
59.086,-0.0012021021154527396,119
59.088,-0.0012470622583098828,119
59.09,-0.001292022401167026,119
59.092,-0.0013369825440241693,119
59.094,-0.0013819426868813124,119
59.096,-0.0014269028297384555,119
59.098,-0.0014718629725955987,119
59.1,-0.001146881172595598,119
59.102,-0.0011818138725956003,119
59.104,-0.0016827296725955964,119
59.106,-0.0015580542975955972,119
59.108,-0.001433378922595598,119
59.11,-0.0013087035475955987,119
59.112,-0.0011840281725955994,119
59.114,-0.0011927643725956,119
59.116,-0.0012015005725956004,119
59.118,-0.0014447468725955967,119
59.12,-0.001565488739262264,119
59.122,-0.001686230605928931,119
59.124,-0.0018069724725955983,119
59.126,-0.0015300942225955991,119
59.128,-0.0012532159725955996,119
59.13,-0.0011960555725955971,119
59.132,-0.0012838652725955975,119
59.134,-0.001456371947595598,119
59.136,-0.0016288786225955986,119
59.138,-0.0018013852975955992,119
59.14,-0.0019738919725956,119
59.142,-0.0013464948725956,119
59.144,-0.001169459772595598,119
59.146,-0.0012307341725955982,119
59.148,-0.001966232672595601,119
59.15,-0.0017643471975956,119
59.152,-0.001562461722595599,119
59.154,-0.001360576247595598,119
59.156,-0.0011586907725955973,119
59.158,-0.001179061122595598,119
59.16,-0.0011994314725955989,119
59.162,-0.0016481236725955986,119
59.164,-0.0016438614475955983,119
59.166,-0.0016395992225955985,119
59.168,-0.0016353369975955984,119
59.17,-0.0016310747725955983,119
59.172,-0.0011799746725955976,119
59.174,-0.0011810152725955994,119
59.176,-0.001391833572595598,119
59.178,-0.001498579772595598,119
59.18,-0.001605325972595598,119
59.182,-0.0017120721725955982,119
59.184,-0.0018188183725955983,119
59.186,-0.0012605727725955983,119
59.188,-0.0011759453725955996,119
59.19,-0.001241696772595599,119
59.192,-0.0014210853225955983,119
59.194,-0.001600473872595598,119
59.196,-0.0017798624225955975,119
59.198,-0.001959250972595597,119
59.2,-0.0013618860725955959,119
59.202,-0.001170972272595598,119
59.204,-0.0012212961725956012,119
59.206,-0.0019644660725955995,119
59.208,-0.0018474046225955992,119
59.21,-0.0017303431725955987,119
59.212,-0.0016132817225955986,119
59.214,-0.0014962202725955984,119
59.216,-0.0011539233725955979,119
59.218,-0.001193066872595596,119
59.22,-0.0016411903725955974,119
59.222,-0.001641907297595598,119
59.224,-0.0016426242225955987,119
59.226,-0.0016433411475955991,119
59.228,-0.0016440580725956,119
59.23,-0.0011901870725955985,119
59.232,-0.0012025653725955992,119
59.234,-0.001391325372595599,119
59.236,-0.0014904576475955988,119
59.238,-0.0015895899225955986,119
59.24,-0.0016887221975955984,119
59.242,-0.0017878544725955983,119
59.244,-0.0012543291725955975,119
59.246,-0.0011719644725955972,119
59.248,-0.0012362154725955967,119
59.25,-0.0014227914225955975,119
59.252,-0.001609367372595598,119
59.254,-0.0017959433225955986,119
59.256,-0.001982519272595599,119
59.258,-0.001152894872595598,119
59.26,-0.0011696352225955967,119
59.262,-0.0011863755725955959,119
59.264,-0.0012650013725955967,119
59.266,-0.0013436271725955976,119
59.268,-0.0014222529725955984,119
59.27,-0.0015008787725955992,119
59.272,-0.0011493495725955984,119
59.274,-0.001159525672595598,119
59.276,-0.0011697017725955973,119
59.278,-0.0016141952725955977,119
59.28,-0.001618911247595598,119
59.282,-0.001623627222595598,119
59.284,-0.0016283431975955983,119
59.286,-0.0016330591725955985,119
59.288,-0.001168189272595599,119
59.29,-0.001162538572595597,119
59.292,-0.0012959652725955972,119
59.294,-0.001429391972595597,119
59.296,-0.0015628186725955972,119
59.298,-0.001696245372595597,119
59.3,-0.0018296720725955967,119
59.302,-0.0012719709725956003,119
59.304,-0.001190876772595599,119
59.306,-0.0012607542725955982,119
59.308,-0.0015027018392622649,119
59.31,-0.0017446494059289311,119
59.312,-0.001986596972595598,119
59.314,-0.001679813572595599,119
59.316,-0.0013730301725956,119
59.318,-0.001159949172595598,119
59.32,-0.0012036180725955963,119
59.322,-0.0019041717725956,119
59.324,-0.0018055234975955996,119
59.326,-0.0017068752225955991,119
59.328,-0.0016082269475955987,119
59.33,-0.0015095786725955983,119
59.332,-0.001167233372595597,119
59.334,-0.0011922440725955982,119
59.336,-0.0012879187725955983,119
59.338,-0.0013835934725955983,119
59.34,-0.0014792681725955983,119
59.342,-0.0015749428725955986,119
59.344,-0.0016706175725955986,119
59.346,-0.0012107691725955962,119
59.348,-0.0012026500725955992,119
59.35,-0.0013821777725956004,119
59.352,-0.0015013143725956,119
59.354,-0.0016204509725955992,119
59.356,-0.0017395875725955989,119
59.358,-0.0018587241725955984,119
59.36,-0.001295190872595598,119
59.362,-0.0011861456725955968,119
59.364,-0.0012522116725955969,119
59.366,-0.0012856227975955971,119
59.368,-0.0013190339225955978,119
59.37,-0.0013524450475955983,119
59.372,-0.0013858561725955988,119
59.374,-0.0012699805225955992,119
59.376,-0.0011541048725955995,119
59.378,-0.001191832672595601,119
59.38,-0.0019064465725956,119
59.382,-0.0018073263975956,119
59.384,-0.0017082062225955992,119
59.386,-0.0016090860475955987,119
59.388,-0.0015099658725955985,119
59.39,-0.001147413572595599,119
59.392,-0.0012115072725955994,119
59.394,-0.0016128642725955974,119
59.396,-0.0016279408725955978,119
59.398,-0.001643017472595598,119
59.4,-0.0016580940725955983,119
59.402,-0.0016731706725955989,119
59.404,-0.0011894973725955996,119
59.406,-0.0011850324725955971,119
59.408,-0.0013940236725955985,119
59.41,-0.0015141554975955985,119
59.412,-0.0016342873225955983,119
59.414,-0.0017544191475955986,119
59.416,-0.0018745509725955985,119
59.418,-0.0013032010725955963,119
59.42,-0.0011976164725956,119
59.422,-0.0012625087725955976,119
59.424,-0.0012901064525955976,119
59.426,-0.0013177041325955975,119
59.428,-0.001345301812595598,119
59.43,-0.001372899492595598,119
59.432,-0.001400497172595598,119
59.434,-0.0011835199725955987,119
59.436,-0.0012214413725956004,119
59.438,-0.0018858281725955969,119
59.44,-0.0016448123059289305,119
59.442,-0.0014037964392622643,119
59.444,-0.001162780572595598,119
59.446,-0.0011770747059289312,119
59.448,-0.0011913688392622644,119
59.45,-0.0012056629725955975,119
59.452,-0.0015984047725955963,119
59.454,-0.0016132242475955967,119
59.456,-0.001628043722595597,119
59.458,-0.0016428631975955975,119
59.46,-0.0016576826725955979,119
59.462,-0.0011990684725955972,119
59.464,-0.001182878672595599,119
59.466,-0.0013470151725955976,119
59.468,-0.0014670229725955975,119
59.47,-0.0015870307725955974,119
59.472,-0.0017070385725955972,119
59.474,-0.001827046372595597,119
59.476,-0.001273072072595598,119
59.478,-0.0011780507725955983,119
59.48,-0.0012344972725956,119
59.482,-0.0012657394725956,119
59.484,-0.0012969816725955999,119
59.486,-0.0013282238725955998,119
59.488,-0.0013594660725955998,119
59.49,-0.0013907082725955996,119
59.492,-0.0011637364725955984,119
59.494,-0.0012016941725955972,119
59.496,-0.0018665286725956,119
59.498,-0.0017870467975955994,119
59.5,-0.0017075649225955988,120
59.502,-0.0016280830475955983,120
59.504,-0.0015486011725955977,120
59.506,-0.0011723395725955971,120
59.508,-0.0011890012725955974,120
59.51,-0.0015623104725955989,120
59.512,-0.0016068707392622658,120
59.514,-0.0016514310059289328,120
59.516,-0.0016959912725955995,120
59.518,-0.0014543845225955991,120
59.52,-0.0012127777725955983,120
59.522,-0.0011892795725956008,120
59.524,-0.0013223795725956003,120
59.526,-0.0014554795725955998,120
59.528,-0.0015885795725955995,120
59.53,-0.001721679572595599,120
59.532,-0.0018547795725955983,120
59.534,-0.0012911736725955986,120
59.536,-0.0011888197725955976,120
59.538,-0.0012255553725956,120
59.54,-0.0012695176975955993,120
59.542,-0.0013134800225955987,120
59.544,-0.001357442347595598,120
59.546,-0.0014014046725955975,120
59.548,-0.0012844037225955979,120
59.55,-0.0011674027725955983,120
59.552,-0.0011936476725955963,120
59.554,-0.0018455835725955992,120
59.556,-0.0017670666725955989,120
59.558,-0.0016885497725955987,120
59.56,-0.0016100328725955984,120
59.562,-0.0015315159725955985,120
59.564,-0.0011726299725955975,120
59.566,-0.0012021297725955983,120
59.568,-0.0013239162725955985,120
59.57,-0.0014457027725955987,120
59.572,-0.001567489272595599,120
59.574,-0.001689275772595599,120
59.576,-0.001448782222595599,120
59.578,-0.001208288672595599,120
59.58,-0.0012804712225956,120
59.582,-0.0013526537725956009,120
59.584,-0.0014757289225956003,120
59.586,-0.0015988040725956002,120
59.588,-0.0017218792225955999,120
59.59,-0.0018449543725955996,120
59.592,-0.0012829819725955983,120
59.594,-0.001162865272595598,120
59.596,-0.0012001897392622648,120
59.598,-0.0012375142059289316,120
59.6,-0.0012748386725955985,120
59.602,-0.0013121631392622654,120
59.604,-0.001349487605928932,120
59.606,-0.001386812072595599,120
59.608,-0.0011509346725956,120
59.61,-0.0011811483725956,120
59.612,-0.0018202098725955977,120
59.614,-0.0017483237725955984,120
59.616,-0.0016764376725955992,120
59.618,-0.0016045515725956,120
59.62,-0.0015326654725956004,120
59.622,-0.0011709601725955997,120
59.624,-0.0012017546725956,120
59.626,-0.0015456971725955997,120
59.628,-0.0015782249975955995,120
59.63,-0.0016107528225955993,120
59.632,-0.0016432806475955991,120
59.634,-0.0016758084725955987,120
59.636,-0.0011844516725955968,120
59.638,-0.0012991334559289303,120
59.64,-0.001413815239262264,120
59.642,-0.0015284970225955975,120
59.644,-0.0016431788059289307,120
59.646,-0.0017578605892622644,120
59.648,-0.001872542372595598,120
59.65,-0.0011629378725955992,120
59.652,-0.0011967513225955987,120
59.654,-0.0012305647725955984,120
59.656,-0.0012659959925955984,120
59.658,-0.0013014272125955982,120
59.66,-0.001336858432595598,120
59.662,-0.0013722896525955978,120
59.664,-0.0014077208725955977,120
59.666,-0.0011443401725956,120
59.668,-0.0011912760725956012,120
59.67,-0.0012819958225956008,120
59.672,-0.0013727155725956003,120
59.674,-0.0014634353225955999,120
59.676,-0.0015541550725955994,120
59.678,-0.0011671728725955993,120
59.68,-0.0011996976725955968,120
59.682,-0.0015359203725955964,120
59.684,-0.0014777121125955964,120
59.686,-0.0014195038525955967,120
59.688,-0.0013612955925955967,120
59.69,-0.0013030873325955968,120
59.692,-0.001244879072595597,120
59.694,-0.0012188822225955975,120
59.696,-0.001192885372595598,120
59.698,-0.0013478016725955964,120
59.7,-0.0015356098059289304,120
59.702,-0.001723417939262264,120
59.704,-0.001911226072595598,120
59.706,-0.001614255772595598,120
59.708,-0.0013172854725955975,120
59.71,-0.0012312786725955996,120
59.712,-0.0012645149525955996,120
59.714,-0.0012977512325955994,120
59.716,-0.0013309875125955995,120
59.718,-0.0013642237925955993,120
59.72,-0.0013974600725955991,120
59.722,-0.0012046707725955964,120
59.724,-0.001809114172595598,120
59.726,-0.001755211092595598,120
59.728,-0.001701308012595598,120
59.73,-0.0016474049325955983,120
59.732,-0.0015935018525955983,120
59.734,-0.0015395987725955983,120
59.736,-0.0011413030725955994,120
59.738,-0.0015057429725955987,120
59.74,-0.0015563088725955984,120
59.742,-0.001606874772595598,120
59.744,-0.0016574406725955975,120
59.746,-0.0017080065725955974,120
59.748,-0.0014676340225955988,120
59.75,-0.0012272614725956,120
59.752,-0.0011998065725955971,120
59.754,-0.0013301598725955972,120
59.756,-0.0015160763725955977,120
59.758,-0.0017019928725955983,120
59.76,-0.0018879093725955984,120
59.762,-0.0013084645725956,120
59.764,-0.001246355272595599,120
59.766,-0.0011842459725955982,120
59.768,-0.0012357314725955984,120
59.77,-0.0012753565525955982,120
59.772,-0.0013149816325955979,120
59.774,-0.0013546067125955975,120
59.776,-0.0013942317925955971,120
59.778,-0.0014338568725955972,120
59.78,-0.0011652489725955967,120
59.782,-0.0012067519725955968,120
59.784,-0.001778718972595598,120
59.786,-0.001708857605928932,120
59.788,-0.0016389962392622658,120
59.79,-0.0015691348725955995,120
59.792,-0.0013753352225956,120
59.794,-0.0011815355725956003,120
59.796,-0.0012062800725955967,120
59.798,-0.0015023428725956002,120
59.8,-0.0015497990725955998,120
59.802,-0.0015972552725955994,120
59.804,-0.001644711472595599,120
59.806,-0.0016921676725955986,120
59.808,-0.0011849477725955973,120
59.81,-0.0013072666725955986,120
59.812,-0.0014206097925955987,120
59.814,-0.0015339529125955984,120
59.816,-0.0016472960325955987,120
59.818,-0.0017606391525955983,120
59.82,-0.0018739822725955984,120
59.822,-0.001302813872595598,120
59.824,-0.0013231862392622648,120
59.826,-0.0013435586059289313,120
59.828,-0.001363930972595598,120
59.83,-0.0013843033392622647,120
59.832,-0.0014046757059289312,120
59.834,-0.0014250480725955979,120
59.836,-0.0012036301725955982,120
59.838,-0.001766062372595599,120
59.84,-0.001713802472595599,120
59.842,-0.0016615425725955996,120
59.844,-0.0016092826725956,120
59.846,-0.0015570227725956003,120
59.848,-0.0013696784725955998,120
59.85,-0.0011823341725955994,120
59.852,-0.0012000001725955972,120
59.854,-0.0014935219725955987,120
59.856,-0.0015545755475955987,120
59.858,-0.0016156291225955988,120
59.86,-0.0016766826975955988,120
59.862,-0.001737736272595599,120
59.864,-0.0011976043725955964,120
59.866,-0.0012991959725955971,120
59.868,-0.0014534316475955976,120
59.87,-0.001607667322595598,120
59.872,-0.0017619029975955982,120
59.874,-0.0019161386725955983,120
59.876,-0.0016160042225955987,120
59.878,-0.0013158697725955992,120
59.88,-0.0011687216725956,120
59.882,-0.0012225061725955992,120
59.884,-0.0012646722525955993,120
59.886,-0.0013068383325955991,120
59.888,-0.0013490044125955996,120
59.89,-0.0013911704925955997,120
59.892,-0.0014333365725955995,120
59.894,-0.0011458768725955987,120
59.896,-0.001165890272595598,120
59.898,-0.0017342998725955999,120
59.9,-0.0016826086725955992,120
59.902,-0.001630917472595599,120
59.904,-0.0015792262725955984,120
59.906,-0.0011636154725955979,120
59.908,-0.0011867022725955967,120
59.91,-0.0012794850725955968,120
59.912,-0.001372267872595597,120
59.914,-0.0014650506725955971,120
59.916,-0.0015578334725955972,120
59.918,-0.0016506162725955973,120
59.92,-0.0017433990725955976,120
59.922,-0.0011710327725955975,120
59.924,-0.0013076538725955988,120
59.926,-0.0013114629525955988,120
59.928,-0.001315272032595599,120
59.93,-0.0013190811125955992,120
59.932,-0.0013228901925955992,120
59.934,-0.0013266992725955995,120
59.936,-0.0012152219725956002,120
59.938,-0.0012577575059289335,120
59.94,-0.0013002930392622667,120
59.942,-0.0013428285725956,120
59.944,-0.0013853641059289334,120
59.946,-0.0014278996392622669,120
59.948,-0.0014704351725956,120
59.95,-0.0011731744725955989,120
59.952,-0.0011939380725955971,120
59.954,-0.0012147016725955959,120
59.956,-0.0017607867725956006,120
59.958,-0.0017171844225956,120
59.96,-0.0016735820725955995,120
59.962,-0.0016299797225955987,120
59.964,-0.0015863773725955984,120
59.966,-0.0011461672725955989,120
59.968,-0.0011690967725956,120
59.97,-0.0012797633725956,120
59.972,-0.0013904299725955999,120
59.974,-0.0015010965725955996,120
59.976,-0.0016117631725955997,120
59.978,-0.0017224297725955996,120
59.98,-0.0011969509725956,120
59.982,-0.0011458526725955983,120
59.984,-0.0012943559725955983,120
59.986,-0.001300079272595598,120
59.988,-0.0013058025725955977,120
59.99,-0.0013115258725955971,120
59.992,-0.0011713231725955977,120
59.994,-0.0011902798392622639,120
59.996,-0.0012092365059289303,120
59.998,-0.0012281931725955965,120
60.0,-0.0012731543525955965,121
60.002,-0.0013181155325955964,121
60.004,-0.0013630767125955962,121
60.006,-0.001408037892595596,121
60.008,-0.001452999072595596,121
60.01,-0.0011646923725955986,121
60.012,-0.001228652972595598,121
60.014,-0.0017520747725955996,121
60.016,-0.0016115544475955995,121
60.018,-0.0014710341225955999,121
60.02,-0.0013305137975956,121
60.022,-0.0011899934725956,121
60.024,-0.0011933572725956012,121
60.026,-0.0013263846725956006,121
60.028,-0.0014594120725955999,121
60.03,-0.0015307748475956,121
60.032,-0.0016021376225956,121
60.034,-0.0016735003975956,121
60.036,-0.0017448631725956003,121
60.038,-0.001220316072595597,121
60.04,-0.0011761147725955975,121
60.042,-0.001276363272595598,121
60.044,-0.001438542597595598,121
60.046,-0.0016007219225955983,121
60.048,-0.0017629012475955984,121
60.05,-0.0019250805725955983,121
60.052,-0.0013283327725956,121
60.054,-0.001165648272595599,121
60.056,-0.0011907678725955988,121
60.058,-0.0019744485725955974,121
60.06,-0.0018415028475955984,121
60.062,-0.001708557122595599,121
60.064,-0.0015756113975955994,121
60.066,-0.0014426656725956,121
60.068,-0.0011419322725955989,121
60.07,-0.0011881542725955957,121
60.072,-0.001708296972595599,121
60.074,-0.0016771515725955992,121
60.076,-0.0016460061725955995,121
60.078,-0.0016148607725955996,121
60.08,-0.0015837153725955996,121
60.082,-0.001168709572595598,121
60.084,-0.0014263064725955968,121
60.086,-0.0014916222725955969,121
60.088,-0.0015569380725955968,121
60.09,-0.001622253872595597,121
60.092,-0.0016875696725955971,121
60.094,-0.0017528854725955972,121
60.096,-0.001190453272595598,121
60.098,-0.0012335292725955984,121
60.1,-0.0012766052725955988,121
60.102,-0.0014420909225955987,121
60.104,-0.0016075765725955989,121
60.106,-0.0017730622225955988,121
60.108,-0.0019385478725955987,121
60.11,-0.001191953672595598,121
60.112,-0.0012060501725955984,121
60.114,-0.001220146672595599,121
60.116,-0.001276114012595599,121
60.118,-0.0013320813525955987,121
60.12,-0.0013880486925955987,121
60.122,-0.0014440160325955983,121
60.124,-0.0014999833725955983,121
60.126,-0.001183677272595598,121
60.128,-0.0012082765725956004,121
60.13,-0.001701883972595599,121
60.132,-0.0016750260059289323,121
60.134,-0.0016481680392622655,121
60.136,-0.0016213100725955987,121
60.138,-0.0014083742725955984,121
60.14,-0.001195438472595598,121
60.142,-0.0012948601392622648,121
60.144,-0.0013942818059289313,121
60.146,-0.001493703472595598,121
60.148,-0.0015931251392622646,121
60.15,-0.0016925468059289313,121
60.152,-0.0017919684725955975,121
60.154,-0.0012520543725955992,121
60.156,-0.0012026016725956,121
60.158,-0.0012763027725955986,121
60.16,-0.0014474028225955984,121
60.162,-0.001618502872595598,121
60.164,-0.001789602922595598,121
60.166,-0.0019607029725955977,121
60.168,-0.0013323015725956004,121
60.17,-0.0011577953725955964,121
60.172,-0.0012019240725955995,121
60.174,-0.0019920419725955978,121
60.176,-0.0018613105475955977,121
60.178,-0.001730579122595598,121
60.18,-0.0015998476975955982,121
60.182,-0.0014691162725955983,121
60.184,-0.0012047675725955984,121
60.186,-0.0016797893725955994,121
60.188,-0.0016684323125955992,121
60.19,-0.0016570752525955992,121
60.192,-0.0016457181925955988,121
60.194,-0.0016343611325955988,121
60.196,-0.0016230040725955987,121
60.198,-0.0011859883725955991,121
60.2,-0.001195910372595598,121
60.202,-0.001455177072595598,121
60.204,-0.0015688162392622643,121
60.206,-0.0016824554059289311,121
60.208,-0.0017960945725955975,121
60.21,-0.0015179276725955976,121
60.212,-0.001239760772595598,121
60.214,-0.0011750499725955987,121
60.216,-0.0013084887725955986,121
60.218,-0.0015304068059289317,121
60.22,-0.0017523248392622645,121
60.222,-0.001974242872595597,121
60.224,-0.0016526853725955983,121
60.226,-0.0013311278725955996,121
60.228,-0.0011472804725955984,121
60.23,-0.0012123421725955992,121
60.232,-0.0012707367725955992,121
60.234,-0.0013291313725955992,121
60.236,-0.0013875259725955992,121
60.238,-0.0014459205725955993,121
60.24,-0.0012047675725955984,121
60.242,-0.0013696260392622652,121
60.244,-0.0015344845059289322,121
60.246,-0.001699342972595599,121
60.248,-0.0016646361392622655,121
60.25,-0.001629929305928932,121
60.252,-0.0015952224725955984,121
60.254,-0.0013813791725955996,121
60.256,-0.0011675358725956007,121
60.258,-0.0014639979725955994,121
60.26,-0.0015628428725955991,121
60.262,-0.0016616877725955995,121
60.264,-0.0017605326725955994,121
60.266,-0.0012460164725956006,121
60.268,-0.0011695323725955976,121
60.27,-0.001284325072595599,121
60.272,-0.0013968490225955987,121
60.274,-0.0015093729725955986,121
60.276,-0.0016218969225955983,121
60.278,-0.001734420872595598,121
60.28,-0.0018469448225955976,121
60.282,-0.001959468772595597,121
60.284,-0.0013476685725955992,121
60.286,-0.0011488655725955983,121
60.288,-0.0019790828725956,121
60.29,-0.0018564100475955995,121
60.292,-0.001733737222595599,121
60.294,-0.0016110643975955983,121
60.296,-0.001488391572595598,121
60.298,-0.0011468448725955992,121
60.3,-0.0011929216725956003,121
60.302,-0.0013362542392622663,121
60.304,-0.0014795868059289327,121
60.306,-0.0016229193725955987,121
60.308,-0.0014745774059289323,121
60.31,-0.0013262354392622655,121
60.312,-0.0011778934725955991,121
60.314,-0.0011832779725956012,121
60.316,-0.0013057130325956007,121
60.318,-0.0014281480925956006,121
60.32,-0.0015505831525956,121
60.322,-0.0016730182125955998,121
60.324,-0.0017954532725955995,121
60.326,-0.0012419387725955983,121
60.328,-0.0012865635725956004,121
60.33,-0.0014566381475956,121
60.332,-0.0016267127225955995,121
60.334,-0.0017967872975955988,121
60.336,-0.0019668618725955985,121
60.338,-0.0015642827725955988,121
60.34,-0.001161703672595599,121
60.342,-0.0019585007725955966,121
60.344,-0.0018610231725955972,121
60.346,-0.0017635455725955975,121
60.348,-0.001666067972595598,121
60.35,-0.0015685903725955984,121
60.352,-0.0014711127725955987,121
60.354,-0.0012079861725955987,121
60.356,-0.0014394954725955988,121
60.358,-0.0016710047725955988,121
60.36,-0.0016656710925955988,121
60.362,-0.0016603374125955983,121
60.364,-0.0016550037325955985,121
60.366,-0.0016496700525955982,121
60.368,-0.001644336372595598,121
60.37,-0.0012053967725955995,121
60.372,-0.001196515372595599,121
60.374,-0.0014007593392622655,121
60.376,-0.001605003305928932,121
60.378,-0.0018092472725955988,121
60.38,-0.0015967148059289327,121
60.382,-0.0013841823392622664,121
60.384,-0.0011716498725956002,121
60.386,-0.0012580801725955992,121
60.388,-0.0012820593475955991,121
60.39,-0.0013060385225955994,121
60.392,-0.0013300176975955995,121
60.394,-0.0013539968725955996,121
60.396,-0.0011565127725955988,121
60.398,-0.0011695928725955996,121
60.4,-0.0011826729725956005,121
60.402,-0.001545570122595599,121
60.404,-0.0019084672725955976,121
60.406,-0.0017608150059289307,121
60.408,-0.0016131627392622645,121
60.41,-0.0014655104725955978,121
60.412,-0.0011268072725955992,121
60.414,-0.0011808579725955982,121
60.416,-0.0012630915892622649,121
60.418,-0.0013453252059289315,121
60.42,-0.001427558822595598,121
60.422,-0.0015097924392622648,121
60.424,-0.0015920260559289315,121
60.426,-0.001674259672595598,121
60.428,-0.0012133948725955995,121
60.43,-0.0014149929725956016,121
60.432,-0.0014979554125956007,121
60.434,-0.0015809178525956,121
60.436,-0.0016638802925955994,121
60.438,-0.0017468427325955983,121
60.44,-0.0018298051725955976,121
60.442,-0.0012645536725955989,121
60.444,-0.0011968783725955986,121
60.446,-0.001260814772595601,121
60.448,-0.0012873440225956005,121
60.45,-0.0013138732725955999,121
60.452,-0.0013404025225955993,121
60.454,-0.0013669317725955987,121
60.456,-0.0012574751725955985,121
60.458,-0.0011480185725955983,121
60.46,-0.0011877670725955987,121
60.462,-0.0018935358725955984,121
60.464,-0.0017929909225955984,121
60.466,-0.0016924459725955983,121
60.468,-0.0015919010225955987,121
60.47,-0.001491356072595599,121
60.472,-0.0011329540725956,121
60.474,-0.0011591021725955997,121
60.476,-0.0015993606725955964,121
60.478,-0.0016086383475955967,121
60.48,-0.001617916022595597,121
60.482,-0.001627193697595597,121
60.484,-0.0016364713725955972,121
60.486,-0.001179055072595598,121
60.488,-0.0013919787725955972,121
60.49,-0.0014762988325955975,121
60.492,-0.0015606188925955979,121
60.494,-0.001644938952595598,121
60.496,-0.0017292590125955983,121
60.498,-0.0018135790725955989,121
60.5,-0.0012407287725955984,122
60.502,-0.0011650432725956,122
60.504,-0.0012518365725955986,122
60.506,-0.0012732148525955987,122
60.508,-0.0012945931325955985,122
60.51,-0.0013159714125955983,122
60.512,-0.0013373496925955983,122
60.514,-0.0013587279725955984,122
60.516,-0.0011242057725955983,122
60.518,-0.0012112531725956,122
60.52,-0.0019002029725956,122
60.522,-0.001645808539262266,122
60.524,-0.0013914141059289324,122
60.526,-0.0011370196725955983,122
60.528,-0.0011956441725956,122
60.53,-0.0012697244059289331,122
60.532,-0.0013438046392622663,122
60.534,-0.0014178848725955994,122
60.536,-0.0014919651059289323,122
60.538,-0.0015660453392622657,122
60.54,-0.0016401255725955986,122
60.542,-0.0011906105725955976,122
60.544,-0.0012058565725955976,122
60.546,-0.0013872960725955991,122
60.548,-0.0013569190225955993,122
60.55,-0.0013265419725955992,122
60.552,-0.0012961649225955991,122
60.554,-0.001265787872595599,122
60.556,-0.0012494347225955975,122
60.558,-0.0012330815725955964,122
60.56,-0.0012655337725955968,122
60.562,-0.0012979859725955976,122
60.564,-0.001330438172595598,122
60.566,-0.0013628903725955988,122
60.568,-0.0012480916225955999,122
60.57,-0.0011332928725956007,122
60.572,-0.0011812451725955984,122
60.574,-0.0015198999725955994,122
60.576,-0.0018585547725956005,122
60.578,-0.0017714892225956,122
60.58,-0.0016844236725955999,122
60.582,-0.0015973581225955996,122
60.584,-0.0015102925725955993,122
60.586,-0.0011398026725955995,122
60.588,-0.0011981730725955965,122
60.59,-0.001586159572595596,122
60.592,-0.0016016657225955964,122
60.594,-0.001617171872595597,122
60.596,-0.0016326780225955975,122
60.598,-0.001648184172595598,122
60.6,-0.001166071772595598,122
60.602,-0.0011624296725955968,122
60.604,-0.001353803272595596,122
60.606,-0.0014723802475955965,122
60.608,-0.0015909572225955967,122
60.61,-0.0017095341975955974,122
60.612,-0.0018281111725955976,122
60.614,-0.0012508806725956,122
60.616,-0.0011811846725955971,122
