t_s,sinal_filtrado,janela,classificacao
2.0,-0.0007570863280482,5,0
2.002,-0.0005597171780482,5,0
2.004,-0.0006710129780482,5,0
2.006,-0.0008951606380482,5,0
2.008,-0.0011193082980482,5,0
2.01,-0.0013434559580482,5,0
2.012,-0.0015676036180482,5,0
2.014,-0.0017917512780482,5,0
2.016,-0.0011327973780482,5,0
2.018,-0.0008138292780482,5,0
2.02,-0.0008030723780482,5,0
2.022,-0.0005214811780482,5,0
2.024,-0.0007897785113815,5,0
2.026,-0.0010580758447148,5,0
2.028,-0.0013263731780482,5,0
2.03,-0.0008884015780482,5,0
2.032,-0.0009052205780482,5,0
2.034,-0.0009220395780482,5,0
2.036,-0.0019843227780482,5,0
2.038,-0.0017236524780482,5,0
2.04,-0.0014629821780482,5,0
2.042,-0.0008752609780482,5,0
2.044,-0.0008075009780482,5,0
2.046,-0.0005273133780482,5,0
2.048,-0.0013312978780482,5,0
2.05,-0.0012463582980482,5,0
2.052,-0.0011614187180482,5,0
2.054,-0.0010764791380482,5,0
2.056,-0.0009915395580482,5,0
2.058,-0.0009065999780482,5,0
2.06,-0.0007339692780482,5,0
2.062,-0.0006497895780482,5,0
2.064,-0.0008449504780482,5,0
2.066,-0.0011506166447148,5,0
2.068,-0.0014562828113815,5,0
2.07,-0.0017619489780482,5,0
2.072,-0.0014291868780482,5,0
2.074,-0.0010964247780482,5,0
2.076,-0.0008026488780482,5,0
2.078,-0.0008442486780482,5,0
2.08,-0.0006168291780482,5,0
2.082,-0.0007889728530482,5,0
2.084,-0.0009611165280482,5,0
2.086,-0.0011332602030482,5,0
2.088,-0.0013054038780482,5,0
2.09,-0.0008440671780482,5,0
2.092,-0.0008981904780482,5,0
2.094,-0.0005510172780482,5,0
2.096,-0.0019927806780482,5,0
2.098,-0.0018368399113815,5,0
2.1,-0.0016808991447148,5,0
2.102,-0.0015249583780482,5,0
2.104,-0.0008663069780482,5,0
2.106,-0.0007402189280482,5,0
2.108,-0.0006141308780482,5,0
2.11,-0.0014049384780482,5,0
2.112,-0.0014959224113815,5,0
2.114,-0.0015869063447148,5,0
2.116,-0.0016778902780482,5,0
2.118,-0.0010048035780482,5,0
2.12,-0.0008119295780482,5,0
2.122,-0.0008938344780482,5,0
2.124,-0.0011350237780482,5,0
2.126,-0.0013762130780482,5,0
2.128,-0.0016174023780482,5,0
2.13,-0.0018585916780482,5,0
2.132,-0.0011444496780482,5,0
2.134,-0.0008370733780482,5,0
2.136,-0.0005950491780482,5,0
2.138,-0.0007693617780482,5,0
2.14,-0.0009436743780482,5,0
2.142,-0.0011179869780482,5,0
2.144,-0.0012922995780482,5,0
2.146,-0.0010453325280482,5,0
2.148,-0.0007983654780482,5,0
2.15,-0.0008406912780482,5,0
2.152,-0.0005115712780482,5,0
2.154,-0.0019138644780482,5,0
2.156,-0.0017597145113815,5,0
2.158,-0.0016055645447148,5,0
2.16,-0.0014514145780482,5,0
2.162,-0.0008087835780482,5,0
2.164,-0.0007162851280482,5,0
2.166,-0.0006237866780482,5,0
2.168,-0.0014130333780482,5,0
2.17,-0.0015239177780482,5,0
2.172,-0.0016348021780482,5,0
2.174,-0.0017456865780482,5,0
2.176,-0.0010289430780482,5,0
2.178,-0.0008353672780482,5,0
2.18,-0.0009557138780482,5,0
2.182,-0.0010121160113815,5,0
2.184,-0.0010685181447148,5,0
2.186,-0.0011249202780482,5,0
2.188,-0.0009434444780482,5,0
2.19,-0.0007619686780482,5,0
2.192,-0.0007894538280482,5,0
2.194,-0.0008169389780482,5,0
2.196,-0.0006098353780482,5,0
2.198,-0.0009389432780482,5,0
2.2,-0.0012680511780482,5,0
2.202,-0.0009967510280482,5,0
2.204,-0.0007254508780482,5,0
2.206,-0.0018972390780482,5,0
2.208,-0.0017997033980482,5,0
2.21,-0.0017021677180482,5,0
2.212,-0.0016046320380482,5,0
2.214,-0.0015070963580482,5,0
2.216,-0.0014095606780482,5,0
2.218,-0.0007417132780482,5,0
2.22,-0.0006662092780482,5,0
2.222,-0.0012562778780482,5,0
2.224,-0.0014036679780482,5,0
2.226,-0.0015510580780482,5,0
2.228,-0.0005418938780482,5,0
2.23,-0.0005157336780482,5,0
2.232,-0.0006523910780482,5,0
2.234,-0.0008170582494767,5,0
2.236,-0.0009817254209053,5,0
2.238,-0.0011463925923339,5,0
2.24,-0.0013110597637625,5,0
2.242,-0.001475726935191,5,0
2.244,-0.0016403941066196,5,0
2.246,-0.0018050612780482,5,0
2.248,-0.0009663013780482,5,0
2.25,-0.0005917216780482,5,0
2.252,-0.0006434733780482,5,0
2.254,-0.0003641085780482,5,0
2.256,-0.0009076567113815,5,0
2.258,-0.0014512048447148,5,0
2.26,-0.0019947529780482,5,0
2.262,-0.0012314607780482,5,0
2.264,-0.0006465225780482,5,0
2.266,-0.0006611756780482,5,0
2.268,-0.0002964453780482,5,0
2.27,-0.0008444604280482,5,0
2.272,-0.0013924754780482,5,0
2.274,-0.0011642735113815,5,0
2.276,-0.0009360715447148,5,0
2.278,-0.0007078695780482,5,0
2.28,-0.0006480955780482,5,0
2.282,-0.0004232412780482,5,0
2.284,-0.0010775003780482,5,0
2.286,-0.0009727506780482,5,0
2.288,-0.0008680009780482,5,0
2.29,-0.0007914442780482,5,0
2.292,-0.0007148875780482,5,0
2.294,-0.0006383308780482,5,0
2.296,-0.0005926896780482,5,0
2.298,-0.0006561783780482,5,0
2.3,-0.0006669897280482,5,0
2.302,-0.0006778010780482,5,0
2.304,-0.0006886124280482,5,0
2.306,-0.0006994237780482,5,0
2.308,-0.0005923327280482,5,0
2.31,-0.0004852416780482,5,0
2.312,-0.0012413827780482,5,0
2.314,-0.0006732514780482,5,0
2.316,-0.0007169566780482,5,0
2.318,-0.0016884293780482,5,0
2.32,-0.0016517611923339,5,0
2.322,-0.0016150930066196,5,0
2.324,-0.0015784248209053,5,0
2.326,-0.001541756635191,5,0
2.328,-0.0015050884494767,5,0
2.33,-0.0014684202637625,5,0
2.332,-0.0014317520780482,5,0
2.334,-0.0007377565780482,5,0
2.336,-0.0006701780780482,5,0
2.338,-0.0005392923780482,5,0
2.34,-0.0011761032780482,5,0
2.342,-0.0013100180113815,5,0
2.344,-0.0014439327447148,5,0
2.346,-0.0015778474780482,5,0
2.348,-0.0008407275780482,5,0
2.35,-0.0006535284780482,5,0
2.352,-0.0007093094780482,5,0
2.354,-0.0007650904780482,5,0
2.356,-0.0010875272447148,5,0
2.358,-0.0014099640113815,5,0
2.36,-0.0017324007780482,5,0
2.362,-0.0010033031780482,5,0
2.364,-0.0006081292780482,5,0
2.366,-0.0006990002780482,5,0
2.368,-0.0005197629780482,5,0
2.37,-0.0009857420447148,5,0
2.372,-0.0014517211113815,5,0
2.374,-0.0019177001780482,5,0
2.376,-0.0011742035780482,5,0
2.378,-0.0006898768780482,5,0
2.38,-0.0004740612780482,5,0
2.382,-0.0006550264580482,5,0
2.384,-0.0008359916380482,5,0
2.386,-0.0010169568180482,5,0
2.388,-0.0011979219980482,5,0
2.39,-0.0013788871780482,5,0
2.392,-0.0006499468780482,5,0
2.394,-0.0005958598780482,5,0
2.396,-0.0005417728780482,5,0
2.398,-0.0011685286780482,5,0
2.4,-0.0012982084113815,5,0
2.402,-0.0014278881447148,5,0
2.404,-0.0015575678780482,5,0
2.406,-0.0006089520780482,5,0
2.408,-0.0006478051780482,5,0
2.41,-0.0007019768780482,5,0
2.412,-0.0007561485780482,5,0
2.414,-0.0008510125780482,5,0
2.416,-0.0009458765780482,5,0
2.418,-0.0010407405780482,5,0
2.42,-0.0007276772780482,5,0
2.422,-0.0009345751780482,5,0
2.424,-0.0011414730780482,5,0
2.426,-0.0013483709780482,5,0
2.428,-0.0015552688780482,5,0
2.43,-0.0017621667780482,5,0
2.432,-0.0019690646780482,5,0
2.434,-0.0012886211780482,5,0
2.436,-0.0007396320780482,5,0
2.438,-0.0006102588780482,5,0
2.44,-0.0004808856780482,5,0
2.442,-0.0017199861780482,5,0
2.444,-0.0016907646780482,5,0
2.446,-0.0016615431780482,5,0
2.448,-0.0016323216780482,5,0
2.45,-0.0009833623780482,5,0
2.452,-0.0009101573780482,5,0
2.454,-0.0007638320780482,5,0
2.456,-0.0008282984580482,5,0
2.458,-0.0008927648380482,5,0
2.46,-0.0009572312180482,5,0
2.462,-0.0010216975980482,5,0
2.464,-0.0010861639780482,5,0
2.466,-0.0010516789780482,5,0
2.468,-0.0010503358780482,5,0
2.47,-0.0010489927780482,5,0
2.472,-0.0012056111447148,5,0
2.474,-0.0013622295113815,5,0
2.476,-0.0015188478780482,5,0
2.478,-0.0010886686780482,5,0
2.48,-0.0011018818780482,5,0
2.482,-0.0011150950780482,5,0
2.484,-0.0007894719780482,5,0
2.486,-0.0010803358113815,5,0
2.488,-0.0013711996447148,5,0
2.49,-0.0016620634780482,5,0
2.492,-0.0010567367780482,5,0
2.494,-0.0010411277780482,5,0
2.496,-0.0006875657780482,5,0
2.498,-0.0018736561780482,5,0
2.5,-0.0018452000030482,6,0
2.502,-0.0018167438280482,6,0
2.504,-0.0017882876530482,6,0
2.506,-0.0017598314780482,6,0
2.508,-0.0009215313780482,6,0
2.51,-0.0008290389780482,6,0
2.512,-0.0007365465780482,6,0
2.514,-0.0012577903780482,6,0
2.516,-0.0014615382447148,6,0
2.518,-0.0016652861113815,6,0
2.52,-0.0018690339780482,6,0
2.522,-0.0010900964780482,6,0
2.524,-0.0008172898780482,6,0
2.526,-0.0007811955780482,6,0
2.528,-0.0007806147780482,6,0
2.53,-0.0009229027113815,6,0
2.532,-0.0010651906447148,6,0
2.534,-0.0012074785780482,6,0
2.536,-0.0009857097780482,6,0
2.538,-0.0007639409780482,6,0
2.54,-0.0008194436780482,6,0
2.542,-0.0005540906780482,6,0
2.544,-0.0007563573030482,6,0
2.546,-0.0009586239280482,6,0
2.548,-0.0011608905530482,6,0
2.55,-0.0013631571780482,6,0
2.552,-0.0007529662780482,6,0
2.554,-0.0013731880780482,6,0
2.556,-0.0017501151780482,6,0
2.558,-0.0016764181113815,6,0
2.56,-0.0016027210447148,6,0
2.562,-0.0015290239780482,6,0
2.564,-0.0007952194780482,6,0
2.566,-0.0006984678780482,6,0
2.568,-0.0005985702780482,6,0
2.57,-0.0011989359780482,6,0
2.572,-0.0013720668113815,6,0
2.574,-0.0015451976447148,6,0
2.576,-0.0017183284780482,6,0
2.578,-0.0008940159780482,6,0
2.58,-0.0006286750780482,6,0
2.582,-0.0006675765780482,6,0
2.584,-0.0007438670780482,6,0
2.586,-0.0009037806780482,6,0
2.588,-0.0010636942780482,6,0
2.59,-0.0008312593280482,6,0
2.592,-0.0005988243780482,6,0
2.594,-0.0006562449280482,6,0
2.596,-0.0007136654780482,6,0
2.598,-0.0005157094780482,6,0
2.6,-0.0007067563780482,6,0
2.602,-0.0008978032780482,6,0
2.604,-0.0010888501780482,6,0
2.606,-0.0012798970780482,6,0
2.608,-0.0006270415780482,6,0
2.61,-0.0004614530780482,6,0
2.612,-0.0010970539780482,6,0
2.614,-0.0017326548780482,6,0
2.616,-0.0015999541780482,6,0
2.618,-0.0014672534780482,6,0
2.62,-0.0007212158780482,6,0
2.622,-0.0011487330780482,6,0
2.624,-0.0010977053613815,6,0
2.626,-0.0010466776447148,6,0
2.628,-0.0009956499280482,6,0
2.63,-0.0009446222113815,6,0
2.632,-0.0008935944947148,6,0
2.634,-0.0008425667780482,6,0
2.636,-0.0007053043780482,6,0
2.638,-0.0005680419780482,6,0
2.64,-0.0006458207780482,6,0
2.642,-0.0009597915780482,6,0
2.644,-0.0012737623780482,6,0
2.646,-0.0015877331780482,6,0
2.648,-0.0019017039780482,6,0
2.65,-0.0010376550780482,6,0
2.652,-0.0005432369780482,6,0
2.654,-0.0006463168780482,6,0
2.656,-0.0008025490530482,6,0
2.658,-0.0009587812280482,6,0
2.66,-0.0011150134030482,6,0
2.662,-0.0012712455780482,6,0
2.664,-0.0006166960780482,6,0
2.666,-0.0006337873280482,6,0
2.668,-0.0006508785780482,6,0
2.67,-0.0004460618780482,6,0
2.672,-0.0016487897780482,6,0
2.674,-0.0015625228280482,6,0
2.676,-0.0014762558780482,6,0
2.678,-0.0011015551780482,6,0
2.68,-0.0007268544780482,6,0
2.682,-0.0006160910780482,6,0
2.684,-0.0005668803780482,6,0
2.686,-0.0011153854780482,6,0
2.688,-0.0013205369447148,6,0
2.69,-0.0015256884113815,6,0
2.692,-0.0017308398780482,6,0
2.694,-0.0009189177780482,6,0
2.696,-0.0006215118780482,6,0
2.698,-0.0007181182780482,6,0
2.7,-0.0010246536280482,6,0
2.702,-0.0013311889780482,6,0
2.704,-0.0016377243280482,6,0
2.706,-0.0019442596780482,6,0
2.708,-0.0011421143780482,6,0
2.71,-0.0006622646780482,6,0
2.712,-0.0007899559780482,6,0
2.714,-0.0006051647780482,6,0
2.716,-0.0007982807780482,6,0
2.718,-0.0009913967780482,6,0
2.72,-0.0011845127780482,6,0
2.722,-0.0013776287780482,6,0
2.724,-0.0007735241780482,6,0
2.726,-0.0007960422780482,6,0
2.728,-0.0006224314780482,6,0
2.73,-0.0017224182780482,6,0
2.732,-0.0017263991780482,6,0
2.734,-0.0017303800780482,6,0
2.736,-0.0017343609780482,6,0
2.738,-0.0010087602780482,6,0
2.74,-0.0008400136780482,6,0
2.742,-0.0008604384780482,6,0
2.744,-0.0014163003780482,6,0
2.746,-0.0013888636280482,6,0
2.748,-0.0013614268780482,6,0
2.75,-0.0013339901280482,6,0
2.752,-0.0013065533780482,6,0
2.754,-0.0010117973780482,6,0
2.756,-0.0011627448780482,6,0
2.758,-0.0013389934780482,6,0
2.76,-0.0014417345780482,6,0
2.762,-0.0015444756780482,6,0
2.764,-0.0016472167780482,6,0
2.766,-0.0017499578780482,6,0
2.768,-0.0012816999780482,6,0
2.77,-0.0013698968780482,6,0
2.772,-0.0013797977030482,6,0
2.774,-0.0013896985280482,6,0
2.776,-0.0013995993530482,6,0
2.778,-0.0014095001780482,6,0
2.78,-0.0013731154780482,6,0
2.782,-0.0013747167113815,6,0
2.784,-0.0013763179447148,6,0
2.786,-0.0013779191780482,6,0
2.788,-0.0013936588580482,6,0
2.79,-0.0014093985380482,6,0
2.792,-0.0014251382180482,6,0
2.794,-0.0014408778980482,6,0
2.796,-0.0014566175780482,6,0
2.798,-0.0012732178780482,6,0
2.8,-0.0013558487780482,6,0
2.802,-0.0018457777780482,6,0
2.804,-0.0017575748280482,6,0
2.806,-0.0016693718780482,6,0
2.808,-0.0015811689280482,6,0
2.81,-0.0014929659780482,6,0
2.812,-0.0011480675780482,6,0
2.814,-0.0012688618780482,6,0
2.816,-0.0014550082780482,6,0
2.818,-0.0014821637030482,6,0
2.82,-0.0015093191280482,6,0
2.822,-0.0015364745530482,6,0
2.824,-0.0015636299780482,6,0
2.826,-0.0010689093780482,6,0
2.828,-0.0012044414780482,6,0
2.83,-0.0013130541030482,6,0
2.832,-0.0014216667280482,6,0
2.834,-0.0015302793530482,6,0
2.836,-0.0016388919780482,6,0
2.838,-0.0013404031280482,6,0
2.84,-0.0010419142780482,6,0
2.842,-0.0010125233780482,6,0
2.844,-0.0010895035780482,6,0
2.846,-0.0013141562113815,6,0
2.848,-0.0015388088447148,6,0
2.85,-0.0017634614780482,6,0
2.852,-0.0014271964280482,6,0
2.854,-0.0010909313780482,6,0
2.856,-0.0009082576780482,6,0
2.858,-0.0010552121780482,6,0
2.86,-0.0013411835780482,6,0
2.862,-0.0016271549780482,6,0
2.864,-0.0019131263780482,6,0
2.866,-0.0015633940280482,6,0
2.868,-0.0012136616780482,6,0
2.87,-0.0008642741780482,6,0
2.872,-0.0010213563780482,6,0
2.874,-0.0012822202780482,6,0
2.876,-0.0012984494030482,6,0
2.878,-0.0013146785280482,6,0
2.88,-0.0013309076530482,6,0
2.882,-0.0013471367780482,6,0
2.884,-0.0008398926780482,6,0
2.886,-0.0009375154780482,6,0
2.888,-0.0010621454780482,6,0
2.89,-0.0010171183530482,6,0
2.892,-0.0009720912280482,6,0
2.894,-0.0009270641030482,6,0
2.896,-0.0008820369780482,6,0
2.898,-0.0008818675780482,6,0
2.9,-0.0010091716780482,6,0
2.902,-0.0018869177780482,6,0
2.904,-0.0018386720530482,6,0
2.906,-0.0017904263280482,6,0
2.908,-0.0017421806030482,6,0
2.91,-0.0016939348780482,6,0
2.912,-0.0009864478780482,6,0
2.914,-0.0008137445780482,6,0
2.916,-0.0009931149780482,6,0
2.918,-0.0012761259113815,6,0
2.92,-0.0015591368447148,6,0
2.922,-0.0018421477780482,6,0
2.924,-0.0010950937780482,6,0
2.926,-0.0007454884780482,6,0
2.928,-0.0009362207780482,6,0
2.93,-0.0012549831780482,6,0
2.932,-0.0014324024530482,6,0
2.934,-0.0016098217280482,6,0
2.936,-0.0017872410030482,6,0
2.938,-0.0019646602780482,6,0
2.94,-0.0007123949780482,6,0
2.942,-0.0008216458780482,6,0
2.944,-0.0009218137113815,6,0
2.946,-0.0010219815447148,6,0
2.948,-0.0011221493780482,6,0
2.95,-0.0012223172113815,6,0
2.952,-0.0013224850447148,6,0
2.954,-0.0014226528780482,6,0
2.956,-0.0007667360780482,6,0
2.958,-0.0009346719780482,6,0
2.96,-0.0013978176280482,6,0
2.962,-0.0018609632780482,6,0
2.964,-0.0017774410113815,6,0
2.966,-0.0016939187447148,6,0
2.968,-0.0016103964780482,6,0
2.97,-0.0008485320780482,6,0
2.972,-0.0006669957780482,6,0
2.974,-0.0009030546780482,6,0
2.976,-0.0014712101780482,6,0
2.978,-0.0015751048113815,6,0
2.98,-0.0016789994447148,6,0
2.982,-0.0017828940780482,6,0
2.984,-0.0009899447780482,6,0
2.986,-0.0006270536780482,6,0
2.988,-0.0008495000780482,6,0
2.99,-0.0011757039780482,6,0
2.992,-0.0014289408447148,6,0
2.994,-0.0016821777113815,6,0
2.996,-0.0019354145780482,6,0
2.998,-0.0011698596780482,6,0
3.0,-0.0006367457780482,7,1
3.002,-0.0007841600780482,7,1
3.004,-0.0009789337780482,7,1
3.006,-0.0010730869030482,7,1
3.008,-0.0011672400280482,7,1
3.01,-0.0012613931530482,7,1
3.012,-0.0013555462780482,7,1
3.014,-0.0006935310780482,7,1
3.016,-0.0008772695780482,7,1
3.018,-0.0013188651280482,7,1
3.02,-0.0017604606780482,7,1
3.022,-0.0016881430113815,7,1
3.024,-0.0016158253447148,7,1
3.026,-0.0015435076780482,7,1
3.028,-0.0007815585780482,7,1
3.03,-0.0006117955780482,7,1
3.032,-0.0008417076780482,7,1
3.034,-0.0013971097780482,7,1
3.036,-0.0015278018780482,7,1
3.038,-0.0016584939780482,7,1
3.04,-0.0017891860780482,7,1
3.042,-0.0009770461780482,7,1
3.044,-0.0006119649780482,7,1
3.046,-0.0008325963780482,7,1
3.048,-0.0010906409780482,7,1
3.05,-0.0015288848280482,7,1
3.052,-0.0019671286780482,7,1
3.054,-0.0011976412780482,7,1
3.056,-0.0009154874280482,7,1
3.058,-0.0006333335780482,7,1
3.06,-0.0008790724780482,7,1
3.062,-0.0009813803980482,7,1
3.064,-0.0010836883180482,7,1
3.066,-0.0011859962380482,7,1
3.068,-0.0012883041580482,7,1
3.07,-0.0013906120780482,7,1
3.072,-0.0006838994780482,7,1
3.074,-0.0006665480780482,7,1
3.076,-0.0008069927780482,7,1
3.078,-0.0016951448780482,7,1
3.08,-0.0016744659780482,7,1
3.082,-0.0016537870780482,7,1
3.084,-0.0016331081780482,7,1
3.086,-0.0008231099780482,7,1
3.088,-0.0007825144780482,7,1
3.09,-0.0009903150380482,7,1
3.092,-0.0011981155980482,7,1
3.094,-0.0014059161580482,7,1
3.096,-0.0016137167180482,7,1
3.098,-0.0018215172780482,7,1
3.1,-0.0010140963780482,7,1
3.102,-0.0006465709780482,7,1
3.104,-0.0008291841780482,7,1
3.106,-0.0009194138780482,7,1
3.108,-0.0009970686530482,7,1
3.11,-0.0010747234280482,7,1
3.112,-0.0011523782030482,7,1
3.114,-0.0012300329780482,7,1
3.116,-0.0006556459780482,7,1
3.118,-0.0007309563780482,7,1
3.12,-0.0009717786447148,7,1
3.122,-0.0012126009113815,7,1
3.124,-0.0014534231780482,7,1
3.126,-0.0011960400447148,7,1
3.128,-0.0009386569113815,7,1
3.13,-0.0006812737780482,7,1
3.132,-0.0011117554780482,7,1
3.134,-0.0015422371780482,7,1
3.136,-0.0015966992780482,7,1
3.138,-0.0016511613780482,7,1
3.14,-0.0012563746780482,7,1
3.142,-0.0008615879780482,7,1
3.144,-0.0006506365780482,7,1
3.146,-0.0010388529780482,7,1
3.148,-0.0010400932280482,7,1
3.15,-0.0010413334780482,7,1
3.152,-0.0010425737280482,7,1
3.154,-0.0010438139780482,7,1
3.156,-0.0008376723280482,7,1
3.158,-0.0006315306780482,7,1
3.16,-0.0007156619780482,7,1
3.162,-0.0007065385780482,7,1
3.164,-0.0009816320780482,7,1
3.166,-0.0012567255780482,7,1
3.168,-0.0006869486780482,7,1
3.17,-0.0007043444447148,7,1
3.172,-0.0007217402113815,7,1
3.174,-0.0007391359780482,7,1
3.176,-0.0006197331780482,7,1
3.178,-0.0019722590780482,7,1
3.18,-0.0017108083280482,7,1
3.182,-0.0014493575780482,7,1
3.184,-0.0011032491780482,7,1
3.186,-0.0007571407780482,7,1
3.188,-0.0006925751780482,7,1
3.19,-0.0006475510780482,7,1
3.192,-0.0015201546780482,7,1
3.194,-0.0013101107780482,7,1
3.196,-0.0011000668780482,7,1
3.198,-0.0008900229780482,7,1
3.2,-0.0006577755780482,7,1
3.202,-0.0007185175780482,7,1
3.204,-0.0010475044780482,7,1
3.206,-0.0012572882280482,7,1
3.208,-0.0014670719780482,7,1
3.21,-0.0016768557280482,7,1
3.212,-0.0018866394780482,7,1
3.214,-0.0010468147780482,7,1
3.216,-0.0006331036780482,7,1
3.218,-0.0007170050780482,7,1
3.22,-0.0008294866780482,7,1
3.222,-0.0009419682780482,7,1
3.224,-0.0010544498780482,7,1
3.226,-0.0011669314780482,7,1
3.228,-0.0012794130780482,7,1
3.23,-0.0006832339780482,7,1
3.232,-0.0006876020780482,7,1
3.234,-0.0019447557780482,7,1
3.236,-0.0018304531280482,7,1
3.238,-0.0017161504780482,7,1
3.24,-0.0016018478280482,7,1
3.242,-0.0014875451780482,7,1
3.244,-0.0006861621780482,7,1
3.246,-0.0006008934780482,7,1
3.248,-0.0010149554780482,7,1
3.25,-0.0014290174780482,7,1
3.252,-0.0015216792780482,7,1
3.254,-0.0016143410780482,7,1
3.256,-0.0017070028780482,7,1
3.258,-0.0009008766780482,7,1
3.26,-0.0006454093780482,7,1
3.262,-0.0006755867780482,7,1
3.264,-0.0009535842780482,7,1
3.266,-0.0012597183113815,7,1
3.268,-0.0015658523447148,7,1
3.27,-0.0018719863780482,7,1
3.272,-0.0010746447780482,7,1
3.274,-0.0006289170780482,7,1
3.276,-0.0006917765780482,7,1
3.278,-0.0008104170780482,7,1
3.28,-0.0009290575780482,7,1
3.282,-0.0010476980780482,7,1
3.284,-0.0011663385780482,7,1
3.286,-0.0012849790780482,7,1
3.288,-0.0006895501780482,7,1
3.29,-0.0007216272780482,7,1
3.292,-0.0005873414780482,7,1
3.294,-0.0019715088780482,7,1
3.296,-0.0018107240780482,7,1
3.298,-0.0016499392780482,7,1
3.3,-0.0014891544780482,7,1
3.302,-0.0007519619780482,7,1
3.304,-0.0006429530780482,7,1
3.306,-0.0005928590780482,7,1
3.308,-0.0008530786530482,7,1
3.31,-0.0011132982280482,7,1
3.312,-0.0013735178030482,7,1
3.314,-0.0016337373780482,7,1
3.316,-0.0006009176780482,7,1
3.318,-0.0007948927780482,7,1
3.32,-0.0009888678780482,7,1
3.322,-0.0009919473280482,7,1
3.324,-0.0009950267780482,7,1
3.326,-0.0009981062280482,7,1
3.328,-0.0010011856780482,7,1
3.33,-0.0007946386780482,7,1
3.332,-0.0005880916780482,7,1
3.334,-0.0007113543780482,7,1
3.336,-0.0006873116780482,7,1
3.338,-0.0008787740113815,7,1
3.34,-0.0010702363447148,7,1
3.342,-0.0012616986780482,7,1
3.344,-0.0009918747280482,7,1
3.346,-0.0007220507780482,7,1
3.348,-0.0006060238780482,7,1
3.35,-0.0009067008113815,7,1
3.352,-0.0012073777447148,7,1
3.354,-0.0015080546780482,7,1
3.356,-0.0012834383447148,7,1
3.358,-0.0010588220113815,7,1
3.36,-0.0008342056780482,7,1
3.362,-0.0007561485780482,7,1
3.364,-0.0016153211780482,7,1
3.366,-0.0016621088530482,7,1
3.368,-0.0017088965280482,7,1
3.37,-0.0017556842030482,7,1
3.372,-0.0018024718780482,7,1
3.374,-0.0011317325780482,7,1
3.376,-0.0009861211780482,7,1
3.378,-0.0010580072780482,7,1
3.38,-0.0012980228780482,7,1
3.382,-0.0014363137780482,7,1
3.384,-0.0015746046780482,7,1
3.386,-0.0017128955780482,7,1
3.388,-0.0018511864780482,7,1
3.39,-0.0010854500780482,7,1
3.392,-0.0012752990780482,7,1
3.394,-0.0012407535780482,7,1
3.396,-0.0014229735280482,7,1
3.398,-0.0016051934780482,7,1
3.4,-0.0017874134280482,7,1
3.402,-0.0019696333780482,7,1
3.404,-0.0015009519780482,7,1
3.406,-0.0014541431280482,7,1
3.408,-0.0014073342780482,7,1
3.41,-0.0014520510380482,7,1
3.412,-0.0014967677980482,7,1
3.414,-0.0015414845580482,7,1
3.416,-0.0015862013180482,7,1
3.418,-0.0016309180780482,7,1
3.42,-0.0015325571780482,7,1
3.422,-0.0014534231780482,7,1
3.424,-0.0015063001780482,7,1
3.426,-0.0015591771780482,7,1
3.428,-0.0016120541780482,7,1
3.43,-0.0016649311780482,7,1
3.432,-0.0017178081780482,7,1
3.434,-0.0014301548780482,7,1
3.436,-0.0015227259280482,7,1
3.438,-0.0016152969780482,7,1
3.44,-0.0015099695030482,7,1
3.442,-0.0014046420280482,7,1
3.444,-0.0012993145530482,7,1
3.446,-0.0011939870780482,7,1
3.448,-0.0012469003780482,7,1
3.45,-0.0011020996780482,7,1
3.452,-0.0012502248530482,7,1
3.454,-0.0013983500280482,7,1
3.456,-0.0015464752030482,7,1
3.458,-0.0016946003780482,7,1
3.46,-0.0013690619780482,7,1
3.462,-0.0010435235780482,7,1
3.464,-0.0010415512780482,7,1
3.466,-0.0008509641780482,7,1
3.468,-0.0008782254780482,7,1
3.47,-0.0009054867780482,7,1
3.472,-0.0009327480780482,7,1
3.474,-0.0009600093780482,7,1
3.476,-0.0009004773780482,7,1
3.478,-0.0008409453780482,7,1
3.48,-0.0007749519780482,7,1
3.482,-0.0014939218780482,7,1
3.484,-0.0013334718447148,7,1
3.486,-0.0011730218113815,7,1
3.488,-0.0010125717780482,7,1
3.49,-0.0007583023780482,7,1
3.492,-0.0008580426780482,7,1
3.494,-0.0009577829780482,7,1
3.496,-0.0009930333030482,7,1
3.498,-0.0010282836280482,7,1
3.5,-0.0010635339530482,8,1
3.502,-0.0010987842780482,8,1
3.504,-0.0008679707280482,8,1
3.506,-0.0006371571780482,8,1
3.508,-0.0007279192780482,8,1
3.51,-0.0006190313780482,8,1
3.512,-0.0008636611113815,8,1
3.514,-0.0011082908447148,8,1
3.516,-0.0013529205780482,8,1
3.518,-0.0010087542280482,8,1
3.52,-0.0006645878780482,8,1
3.522,-0.0006410654780482,8,1
3.524,-0.0018437570780482,8,1
3.526,-0.0015755757030482,8,1
3.528,-0.0013073943280482,8,1
3.53,-0.0010392129530482,8,1
3.532,-0.0007710315780482,8,1
3.534,-0.0007075973280482,8,1
3.536,-0.0006441630780482,8,1
3.538,-0.0012896496780482,8,1
3.54,-0.0012397492780482,8,1
3.542,-0.0011898488780482,8,1
3.544,-0.0011399484780482,8,1
3.546,-0.0010900480780482,8,1
3.548,-0.0010401476780482,8,1
3.55,-0.0006841898780482,8,1
3.552,-0.0006642127780482,8,1
3.554,-0.0008635360780482,8,1
3.556,-0.0010678889447148,8,1
3.558,-0.0012722418113815,8,1
3.56,-0.0014765946780482,8,1
3.562,-0.0012055486280482,8,1
3.564,-0.0009345025780482,8,1
3.566,-0.0010700588780482,8,1
3.568,-0.0012242830580482,8,1
3.57,-0.0013785072380482,8,1
3.572,-0.0015327314180482,8,1
3.574,-0.0016869555980482,8,1
3.576,-0.0018411797780482,8,1
3.578,-0.0013231424780482,8,1
3.58,-0.0012521396780482,8,1
3.582,-0.0010633554780482,8,1
3.584,-0.0011381891380482,8,1
3.586,-0.0012130227980482,8,1
3.588,-0.0012878564580482,8,1
3.59,-0.0013626901180482,8,1
3.592,-0.0014375237780482,8,1
3.594,-0.0012698298780482,8,1
3.596,-0.0011965764780482,8,1
3.598,-0.0018547438780482,8,1
3.6,-0.0017628988280482,8,1
3.602,-0.0016710537780482,8,1
3.604,-0.0015792087280482,8,1
3.606,-0.0014873636780482,8,1
3.608,-0.0011217742780482,8,1
3.61,-0.0011242789780482,8,1
3.612,-0.0012209700780482,8,1
3.614,-0.0012672767780482,8,1
3.616,-0.0013135834780482,8,1
3.618,-0.0013598901780482,8,1
3.62,-0.0014061968780482,8,1
3.622,-0.0008900955780482,8,1
3.624,-0.0009551451780482,8,1
3.626,-0.0007440243780482,8,1
3.628,-0.0009533180780482,8,1
3.63,-0.0011626117780482,8,1
3.632,-0.0013719054780482,8,1
3.634,-0.0007158313780482,8,1
3.636,-0.0006983589780482,8,1
3.638,-0.0006808865780482,8,1
3.64,-0.0005144147780482,8,1
3.642,-0.0017773764780482,8,1
3.644,-0.0016790155780482,8,1
3.646,-0.0015806546780482,8,1
3.648,-0.0014822937780482,8,1
3.65,-0.0006943780780482,8,1
3.652,-0.0005473751780482,8,1
3.654,-0.0004760335780482,8,1
3.656,-0.0011178054780482,8,1
3.658,-0.0012721329113815,8,1
3.66,-0.0014264603447148,8,1
3.662,-0.0015807877780482,8,1
3.664,-0.0007433467780482,8,1
3.666,-0.0004252861780482,8,1
3.668,-0.0004740491780482,8,1
3.67,-0.0008772292447148,8,1
3.672,-0.0012804093113815,8,1
3.674,-0.0016835893780482,8,1
3.676,-0.0008510246780482,8,1
3.678,-0.0003556143780482,8,1
3.68,-0.0004117825780482,8,1
3.682,-0.0004679507780482,8,1
3.684,-0.0003456802780482,8,1
3.686,-0.0008369927113815,8,1
3.688,-0.0013283051447148,8,1
3.69,-0.0018196175780482,8,1
3.692,-0.0009882265780482,8,1
3.694,-0.0003509316780482,8,1
3.696,-0.0002708417780482,8,1
3.698,-0.0008735790780482,8,1
3.7,-0.0014763163780482,8,1
3.702,-0.0019710369780482,8,1
3.704,-0.0012287382780482,8,1
3.706,-0.0008385737780482,8,1
3.708,-0.0004484092780482,8,1
3.71,-0.0003336770780482,8,1
3.712,-0.0003214923780482,8,1
3.714,-0.0009319736780482,8,1
3.716,-0.0011034669780482,8,1
3.718,-0.0012749602780482,8,1
3.72,-0.0014464535780482,8,1
3.722,-0.0006013169780482,8,1
3.724,-0.0003011643780482,8,1
3.726,-0.0004009530780482,8,1
3.728,-0.0005376588780482,8,1
3.73,-0.0009038290780482,8,1
3.732,-0.0012699992780482,8,1
3.734,-0.0016361694780482,8,1
3.736,-0.0008153659780482,8,1
3.738,-0.0003247472780482,8,1
3.74,-0.0011250110280482,8,1
3.742,-0.0019252747780482,8,1
3.744,-0.0018316812780482,8,1
3.746,-0.0014304089780482,8,1
3.748,-0.0010291366780482,8,1
3.75,-0.0003684887780482,8,1
3.752,-0.0003871469780482,8,1
3.754,-0.0002356307780482,8,1
3.756,-0.0014138561780482,8,1
3.758,-0.0016951448780482,8,1
3.76,-0.0019764335780482,8,1
3.762,-0.0012170738780482,8,1
3.764,-0.0004604608780482,8,1
3.766,-0.0003414694780482,8,1
3.768,-0.0003013942780482,8,1
3.77,-0.0008771727780482,8,1
3.772,-0.0010714463447148,8,1
3.774,-0.0012657199113815,8,1
3.776,-0.0014599934780482,8,1
3.778,-0.0006832823780482,8,1
3.78,-0.0003832991780482,8,1
3.782,-0.0004375555780482,8,1
3.784,-0.0004838017780482,8,1
3.786,-0.0010918933280482,8,1
3.788,-0.0016999848780482,8,1
3.79,-0.0008649033780482,8,1
3.792,-0.0006248454280482,8,1
3.794,-0.0003847874780482,8,1
3.796,-0.0004720284780482,8,1
3.798,-0.0002932630780482,8,1
3.8,-0.0019089760780482,8,1
3.802,-0.0018848849780482,8,1
3.804,-0.0018607938780482,8,1
3.806,-0.0010887049780482,8,1
3.808,-0.0004379911780482,8,1
3.81,-0.0003519299280482,8,1
3.812,-0.0002658686780482,8,1
3.814,-0.0013875023780482,8,1
3.816,-0.0013500569113815,8,1
3.818,-0.0013126114447148,8,1
3.82,-0.0012751659780482,8,1
3.822,-0.0005431764780482,8,1
3.824,-0.0003560499780482,8,1
3.826,-0.0006289412780482,8,1
3.828,-0.0009018325780482,8,1
3.83,-0.0011040114780482,8,1
3.832,-0.0013061903780482,8,1
3.834,-0.0015083692780482,8,1
3.836,-0.0003887925780482,8,1
3.838,-0.0004169432280482,8,1
3.84,-0.0004450938780482,8,1
3.842,-0.0004954661780482,8,1
3.844,-0.0010994618780482,8,1
3.846,-0.0017034575780482,8,1
3.848,-0.0008763378780482,8,1
3.85,-0.0004032883780482,8,1
3.852,-0.0004763723780482,8,1
3.854,-0.0003106870780482,8,1
3.856,-0.0019194546780482,8,1
3.858,-0.0019161755780482,8,1
3.86,-0.0019128964780482,8,1
3.862,-0.0011370444780482,8,1
3.864,-0.0005054970780482,8,1
3.866,-0.0004827974780482,8,1
3.868,-0.0003178623780482,8,1
3.87,-0.0014308687780482,8,1
3.872,-0.0013725528280482,8,1
3.874,-0.0013142368780482,8,1
3.876,-0.0009519265780482,8,1
3.878,-0.0005896162780482,8,1
3.88,-0.0003937293780482,8,1
3.882,-0.0006201590980482,8,1
3.884,-0.0008465888180482,8,1
3.886,-0.0010730185380482,8,1
3.888,-0.0012994482580482,8,1
3.89,-0.0015258779780482,8,1
3.892,-0.0007466500780482,8,1
3.894,-0.0004280570780482,8,1
3.896,-0.0007539373030482,8,1
3.898,-0.0010798175280482,8,1
3.9,-0.0014056977530482,8,1
3.902,-0.0017315779780482,8,1
3.904,-0.0009295657780482,8,1
3.906,-0.0004469451780482,8,1
3.908,-0.0005253047780482,8,1
3.91,-0.0003473984780482,8,1
3.912,-0.0019282513780482,8,1
3.914,-0.0019078628780482,8,1
3.916,-0.0018874743780482,8,1
3.918,-0.0011052214780482,8,1
3.92,-0.0004928041780482,8,1
3.922,-0.0004925258780482,8,1
3.924,-0.0003388921780482,8,1
3.926,-0.0014155622780482,8,1
3.928,-0.0013867279780482,8,1
3.93,-0.0013578936780482,8,1
3.932,-0.0013290593780482,8,1
3.934,-0.0004241366780482,8,1
3.936,-0.0006499408280482,8,1
3.938,-0.0008757449780482,8,1
3.94,-0.0010420594780482,8,1
3.942,-0.0012083739780482,8,1
3.944,-0.0013746884780482,8,1
3.946,-0.0015410029780482,8,1
3.948,-0.0004466426780482,8,1
3.95,-0.0004700803780482,8,1
3.952,-0.0004935180780482,8,1
3.954,-0.0005201622780482,8,1
3.956,-0.0009240481780482,8,1
3.958,-0.0013279340780482,8,1
3.96,-0.0017318199780482,8,1
3.962,-0.0009254517780482,8,1
3.964,-0.0004354622780482,8,1
3.966,-0.0005329277780482,8,1
3.968,-0.0003556869780482,8,1
3.97,-0.0019267509780482,8,1
3.972,-0.0019097020780482,8,1
3.974,-0.0015305969780482,8,1
3.976,-0.0011514918780482,8,1
3.978,-0.0005113897780482,8,1
3.98,-0.0004843220780482,8,1
3.982,-0.0003382387780482,8,1
3.984,-0.0013893657780482,8,1
3.986,-0.0013767152280482,8,1
3.988,-0.0013640646780482,8,1
3.99,-0.0009979489280482,8,1
3.992,-0.0006318331780482,8,1
3.994,-0.0004495829780482,8,1
3.996,-0.0004267502780482,8,1
3.998,-0.0009019414780482,8,1
4.0,-0.0011199915447148,9,0
4.002,-0.0013380416113815,9,0
4.004,-0.0015560916780482,9,0
4.006,-0.0007693254780482,9,0
4.008,-0.0004278755780482,9,0
4.01,-0.0005220619780482,9,0
4.012,-0.0008277412530482,9,0
4.014,-0.0011334205280482,9,0
4.016,-0.0014390998030482,9,0
4.018,-0.0017447790780482,9,0
4.02,-0.0009636756780482,9,0
4.022,-0.0003499636780482,9,0
4.024,-0.0011292823280482,9,0
4.026,-0.0019086009780482,9,0
4.028,-0.0019221691113815,9,0
4.03,-0.0019357372447148,9,0
4.032,-0.0019493053780482,9,0
4.034,-0.0011944105780482,9,0
4.036,-0.0005305198780482,9,0
4.038,-0.0005146325780482,9,0
4.04,-0.0003688638780482,9,0
4.042,-0.0013941815780482,9,0
4.044,-0.0014069107780482,9,0
4.046,-0.0014196399780482,9,0
4.048,-0.0014323691780482,9,0
4.05,-0.0006560452780482,9,0
4.052,-0.0004799176780482,9,0
4.054,-0.0004561895780482,9,0
4.056,-0.0009178408780482,9,0
4.058,-0.0011531052113815,9,0
4.06,-0.0013883695447148,9,0
4.062,-0.0016236338780482,9,0
4.064,-0.0008213554780482,9,0
4.066,-0.0004734562780482,9,0
4.068,-0.0005423294780482,9,0
4.07,-0.0005560266780482,9,0
4.072,-0.0009732750113815,9,0
4.074,-0.0013905233447148,9,0
4.076,-0.0018077716780482,9,0
4.078,-0.0010271885780482,9,0
4.08,-0.0004972690780482,9,0
4.082,-0.0005686590780482,9,0
4.084,-0.0007402219530482,9,0
4.086,-0.0009117848280482,9,0
4.088,-0.0010833477030482,9,0
4.09,-0.0012549105780482,9,0
4.092,-0.0009222936780482,9,0
4.094,-0.0005896767780482,9,0
4.096,-0.0005346459780482,9,0
4.098,-0.0003987992780482,9,0
4.1,-0.0014083869780482,9,0
4.102,-0.0014119927780482,9,0
4.104,-0.0014155985780482,9,0
4.106,-0.0010410007280482,9,0
4.108,-0.0006664028780482,9,0
4.11,-0.0005026414780482,9,0
4.112,-0.0004817326780482,9,0
4.114,-0.0008883289780482,9,0
4.116,-0.0008763096447148,9,0
4.118,-0.0008642903113815,9,0
4.12,-0.0008522709780482,9,0
4.122,-0.0005104822780482,9,0
4.124,-0.0005807590780482,9,0
4.126,-0.0005638372280482,9,0
4.128,-0.0005469153780482,9,0
4.13,-0.0009906344780482,9,0
4.132,-0.0014343535780482,9,0
4.134,-0.0018780726780482,9,0
4.136,-0.0010749109780482,9,0
4.138,-0.0005356018780482,9,0
4.14,-0.0005972392780482,9,0
4.142,-0.0004002875780482,9,0
4.144,-0.0019205678780482,9,0
4.146,-0.0016979682113815,9,0
4.148,-0.0014753685447148,9,0
4.15,-0.0012527688780482,9,0
4.152,-0.0005888781780482,9,0
4.154,-0.0005487545780482,9,0
4.156,-0.0004100643780482,9,0
4.158,-0.0014032202780482,9,0
4.16,-0.0014310785113815,9,0
4.162,-0.0014589367447148,9,0
4.164,-0.0014867949780482,9,0
4.166,-0.0007262373780482,9,0
4.168,-0.0005202348780482,9,0
4.17,-0.0009224630780482,9,0
4.172,-0.0011162355030482,9,0
4.174,-0.0013100079280482,9,0
4.176,-0.0015037803530482,9,0
4.178,-0.0016975527780482,9,0
4.18,-0.0008881837780482,9,0
4.182,-0.0005227637780482,9,0
4.184,-0.0005867001780482,9,0
4.186,-0.0005441565780482,9,0
4.188,-0.0009902432447148,9,0
4.19,-0.0014363299113815,9,0
4.192,-0.0018824165780482,9,0
4.194,-0.0010921776780482,9,0
4.196,-0.0005539091780482,9,0
4.198,-0.0006098353780482,9,0
4.2,-0.0004123875780482,9,0
4.202,-0.0019158488780482,9,0
4.204,-0.0017062163780482,9,0
4.206,-0.0014965838780482,9,0
4.208,-0.0012869513780482,9,0
4.21,-0.0006362496780482,9,0
4.212,-0.0004508292780482,9,0
4.214,-0.0009325181780482,9,0
4.216,-0.0014142070780482,9,0
4.218,-0.0014509588113815,9,0
4.22,-0.0014877105447148,9,0
4.222,-0.0015244622780482,9,0
4.224,-0.0007482472780482,9,0
4.226,-0.0005393165780482,9,0
4.228,-0.0005238285780482,9,0
4.23,-0.0008811899780482,9,0
4.232,-0.0011531173113815,9,0
4.234,-0.0014250446447148,9,0
4.236,-0.0016969719780482,9,0
4.238,-0.0009092619780482,9,0
4.24,-0.0005329156780482,9,0
4.242,-0.0005947466780482,9,0
4.244,-0.0005537881780482,9,0
4.246,-0.0010004153113815,9,0
4.248,-0.0014470424447148,9,0
4.25,-0.0018936695780482,9,0
4.252,-0.0011050762780482,9,0
4.254,-0.0005671586780482,9,0
4.256,-0.0006131628780482,9,0
4.258,-0.0019267509780482,9,0
4.26,-0.0017202685113815,9,0
4.262,-0.0015137860447148,9,0
4.264,-0.0013073035780482,9,0
4.266,-0.0006646483780482,9,0
4.268,-0.0005975175780482,9,0
4.27,-0.0005324074780482,9,0
4.272,-0.0004672973780482,9,0
4.274,-0.0013976421780482,9,0
4.276,-0.0014343858447148,9,0
4.278,-0.0014711295113815,9,0
4.28,-0.0015078731780482,9,0
4.282,-0.0005429102780482,9,0
4.284,-0.0005389777780482,9,0
4.286,-0.0005350452780482,9,0
4.288,-0.0008926365780482,9,0
4.29,-0.0011689642780482,9,0
4.292,-0.0014452919780482,9,0
4.294,-0.0017216196780482,9,0
4.296,-0.0005429828780482,9,0
4.298,-0.0005829733780482,9,0
4.3,-0.0006229638780482,9,0
4.302,-0.0005594630780482,9,0
4.304,-0.0010032507447148,9,0
4.306,-0.0014470384113815,9,0
4.308,-0.0018908260780482,9,0
4.31,-0.0011091418780482,9,0
4.312,-0.0005637948780482,9,0
4.314,-0.0006117229780482,9,0
4.316,-0.0018716112780482,9,0
4.318,-0.0017284259280482,9,0
4.32,-0.0015852405780482,9,0
4.322,-0.0014420552280482,9,0
4.324,-0.0012988698780482,9,0
4.326,-0.0006354268780482,9,0
4.328,-0.0005467096780482,9,0
4.33,-0.0004478284780482,9,0
4.332,-0.0007135989280482,9,0
4.334,-0.0009793693780482,9,0
4.336,-0.0012451398280482,9,0
4.338,-0.0015109102780482,9,0
4.34,-0.0007467710780482,9,0
4.342,-0.0005197266780482,9,0
4.344,-0.0005313910780482,9,0
4.346,-0.0008681340780482,9,0
4.348,-0.0013003581780482,9,0
4.35,-0.0017325822780482,9,0
4.352,-0.0009265407780482,9,0
4.354,-0.0007214397280482,9,0
4.356,-0.0005163386780482,9,0
4.358,-0.0005212149780482,9,0
4.36,-0.0008625832030482,9,0
4.362,-0.0012039514280482,9,0
4.364,-0.0015453196530482,9,0
4.366,-0.0018866878780482,9,0
4.368,-0.0011298086780482,9,0
4.37,-0.0005638069780482,9,0
4.372,-0.0006103193780482,9,0
4.374,-0.0018541872780482,9,0
4.376,-0.0017252496780482,9,0
4.378,-0.0015963120780482,9,0
4.38,-0.0014673744780482,9,0
4.382,-0.0013384368780482,9,0
4.384,-0.0006279974780482,9,0
4.386,-0.0005532315780482,9,0
4.388,-0.0004446340780482,9,0
4.39,-0.0007214881280482,9,0
4.392,-0.0009983421780482,9,0
4.394,-0.0012751962280482,9,0
4.396,-0.0015520502780482,9,0
4.398,-0.0007636747780482,9,0
4.4,-0.0005155037780482,9,0
4.402,-0.0005358922780482,9,0
4.404,-0.0008458942780482,9,0
4.406,-0.0011398476447148,9,0
4.408,-0.0014338010113815,9,0
4.41,-0.0017277543780482,9,0
4.412,-0.0009324939780482,9,0
4.414,-0.0005332786780482,9,0
4.416,-0.0005494926780482,9,0
4.418,-0.0008889339780482,9,0
4.42,-0.0012283752780482,9,0
4.422,-0.0015678165780482,9,0
4.424,-0.0019072578780482,9,0
4.426,-0.0011297360780482,9,0
4.428,-0.0005663963780482,9,0
4.43,-0.0004483003780482,9,0
4.432,-0.0018588578780482,9,0
4.434,-0.0016973228780482,9,0
4.436,-0.0015357878780482,9,0
4.438,-0.0013742528780482,9,0
4.44,-0.0010162683280482,9,0
4.442,-0.0006582837780482,9,0
4.444,-0.0005784963780482,9,0
4.446,-0.0004818294780482,9,0
4.448,-0.0012976356780482,9,0
4.45,-0.0013857398113815,9,0
4.452,-0.0014738439447148,9,0
4.454,-0.0015619480780482,9,0
4.456,-0.0007639651780482,9,0
4.458,-0.0005284386780482,9,0
4.46,-0.0005452697780482,9,0
4.462,-0.0008042823780482,9,0
4.464,-0.0011169907447148,9,0
4.466,-0.0014296991113815,9,0
4.468,-0.0017424074780482,9,0
4.47,-0.0009210957780482,9,0
4.472,-0.0005012862780482,9,0
4.474,-0.0006050679780482,9,0
4.476,-0.0005018670780482,9,0
4.478,-0.0009837778113815,9,0
4.48,-0.0014656885447148,9,0
4.482,-0.0019475992780482,9,0
4.484,-0.0011428645780482,9,0
4.486,-0.0005569704780482,9,0
4.488,-0.0006020429780482,9,0
4.49,-0.0004181955780482,9,0
4.492,-0.0017978980780482,9,0
4.494,-0.0016392106113815,9,0
4.496,-0.0014805231447148,9,0
4.498,-0.0013218356780482,9,0
4.5,-0.0006488094780482,10,0
4.502,-0.0005695423780482,10,0
4.504,-0.0004789980780482,10,0
4.506,-0.0007468890530482,10,0
4.508,-0.0010147800280482,10,0
4.51,-0.0012826710030482,10,0
4.512,-0.0015505619780482,10,0
4.514,-0.0007470493780482,10,0
4.516,-0.0005246634780482,10,0
4.518,-0.0007784004780482,10,0
4.52,-0.0010206303780482,10,0
4.522,-0.0012628602780482,10,0
4.524,-0.0015050901780482,10,0
4.526,-0.0017473200780482,10,0
4.528,-0.0009365837780482,10,0
4.53,-0.0005371990780482,10,0
4.532,-0.0006278643780482,10,0
4.534,-0.0005029076780482,10,0
4.536,-0.0007151699113815,10,0
4.538,-0.0009274321447148,10,0
4.54,-0.0011396943780482,10,0
4.542,-0.0008505285780482,10,0
4.544,-0.0005613627780482,10,0
4.546,-0.0006122190780482,10,0
4.548,-0.0006179091030482,10,0
4.55,-0.0006235991280482,10,0
4.552,-0.0006292891530482,10,0
4.554,-0.0006349791780482,10,0
4.556,-0.0006011657280482,10,0
4.558,-0.0005673522780482,10,0
4.56,-0.0004781994780482,10,0
4.562,-0.0007485255780482,10,0
4.564,-0.0010188516780482,10,0
4.566,-0.0012891777780482,10,0
4.568,-0.0015595038780482,10,0
4.57,-0.0007895808780482,10,0
4.572,-0.0005688889780482,10,0
4.574,-0.0006761494280482,10,0
4.576,-0.0007834098780482,10,0
4.578,-0.0010980623113815,10,0
4.58,-0.0014127147447148,10,0
4.582,-0.0017273671780482,10,0
4.584,-0.0009320583780482,10,0
4.586,-0.0005367392780482,10,0
4.588,-0.0006220079780482,10,0
4.59,-0.0005215900780482,10,0
4.592,-0.0009980356447148,10,0
4.594,-0.0014744812113815,10,0
4.596,-0.0019509267780482,10,0
4.598,-0.0011599860780482,10,0
4.6,-0.0005755197780482,10,0
4.602,-0.0005913828780482,10,0
4.604,-0.0004072934780482,10,0
4.606,-0.0017734197780482,10,0
4.608,-0.0016326120780482,10,0
4.61,-0.0014918043780482,10,0
4.612,-0.0013509966780482,10,0
4.614,-0.0006591428780482,10,0
4.616,-0.0005477139780482,10,0
4.618,-0.0004727907780482,10,0
4.62,-0.0012600772780482,10,0
4.622,-0.0011102873447148,10,0
4.624,-0.0009604974113815,10,0
4.626,-0.0008107074780482,10,0
4.628,-0.0005309433780482,10,0
4.63,-0.0006426808280482,10,0
4.632,-0.0007544182780482,10,0
4.634,-0.0010088631280482,10,0
4.636,-0.0012633079780482,10,0
4.638,-0.0015177528280482,10,0
4.64,-0.0017721976780482,10,0
4.642,-0.0009646920780482,10,0
4.644,-0.0006060238780482,10,0
4.646,-0.0004720889780482,10,0
4.648,-0.0008454405280482,10,0
4.65,-0.0012187920780482,10,0
4.652,-0.0015921436280482,10,0
4.654,-0.0019654951780482,10,0
4.656,-0.0011811005780482,10,0
4.658,-0.0005892411780482,10,0
4.66,-0.0004222490780482,10,0
4.662,-0.0017673818780482,10,0
4.664,-0.0016760843530482,10,0
4.666,-0.0015847868280482,10,0
4.668,-0.0014934893030482,10,0
4.67,-0.0014021917780482,10,0
4.672,-0.0006812979780482,10,0
4.674,-0.0005672675780482,10,0
4.676,-0.0004710120780482,10,0
4.678,-0.0007530207280482,10,0
4.68,-0.0010350293780482,10,0
4.682,-0.0013170380280482,10,0
4.684,-0.0015990466780482,10,0
4.686,-0.0007986679780482,10,0
4.688,-0.0005467096780482,10,0
4.69,-0.0005822473780482,10,0
4.692,-0.0007628277780482,10,0
4.694,-0.0012852089780482,10,0
4.696,-0.0018075901780482,10,0
4.698,-0.0009933932780482,10,0
4.7,-0.0007694888280482,10,0
4.702,-0.0005455843780482,10,0
4.704,-0.0006215844780482,10,0
4.706,-0.0005032101780482,10,0
4.708,-0.0012316483280482,10,0
4.71,-0.0019600864780482,10,0
4.712,-0.0015760506280482,10,0
4.714,-0.0011920147780482,10,0
4.716,-0.0005919636780482,10,0
4.718,-0.0011699927780482,10,0
4.72,-0.0017480218780482,10,0
4.722,-0.0016353507113815,10,0
4.724,-0.0015226795447148,10,0
4.726,-0.0014100083780482,10,0
4.728,-0.0006749817780482,10,0
4.73,-0.0005131442780482,10,0
4.732,-0.0008631972780482,10,0
4.734,-0.0012132502780482,10,0
4.736,-0.0013499359113815,10,0
4.738,-0.0014866215447148,10,0
4.74,-0.0016233071780482,10,0
4.742,-0.0008334070780482,10,0
4.744,-0.0005809526780482,10,0
4.746,-0.0006717873780482,10,0
4.748,-0.0007626220780482,10,0
4.75,-0.0011164946447148,10,0
4.752,-0.0014703672113815,10,0
4.754,-0.0018242397780482,10,0
4.756,-0.0010035451780482,10,0
4.758,-0.0006339385780482,10,0
4.76,-0.0005177785780482,10,0
4.762,-0.0006562630780482,10,0
4.764,-0.0007947475780482,10,0
4.766,-0.0009332320780482,10,0
4.768,-0.0010717165780482,10,0
4.77,-0.0012102010780482,10,0
4.772,-0.0006242464780482,10,0
4.774,-0.0006507938780482,10,0
4.776,-0.0004626993780482,10,0
4.778,-0.0006991848030482,10,0
4.78,-0.0009356702280482,10,0
4.782,-0.0011721556530482,10,0
4.784,-0.0014086410780482,10,0
4.786,-0.0007084987780482,10,0
4.788,-0.0005124787780482,10,0
4.79,-0.0011894737780482,10,0
4.792,-0.0013031532780482,10,0
4.794,-0.0014168327780482,10,0
4.796,-0.0015305122780482,10,0
4.798,-0.0016441917780482,10,0
4.8,-0.0008595188780482,10,0
4.802,-0.0006208705780482,10,0
4.804,-0.0007009060280482,10,0
4.806,-0.0007809414780482,10,0
4.808,-0.0011372259780482,10,0
4.81,-0.0014935104780482,10,0
4.812,-0.0018497949780482,10,0
4.814,-0.0010296690780482,10,0
4.816,-0.0005900397780482,10,0
4.818,-0.0005135314780482,10,0
4.82,-0.0006549998380482,10,0
4.822,-0.0007964681980482,10,0
4.824,-0.0009379365580482,10,0
4.826,-0.0010794049180482,10,0
4.828,-0.0012208732780482,10,0
4.83,-0.0006105976780482,10,0
4.832,-0.0006261945780482,10,0
4.834,-0.0004475985780482,10,0
4.836,-0.0017195868780482,10,0
4.838,-0.0015907944780482,10,0
4.84,-0.0014620020780482,10,0
4.842,-0.0007388455780482,10,0
4.844,-0.0006067498780482,10,0
4.846,-0.0005757617780482,10,0
4.848,-0.0005447736780482,10,0
4.85,-0.0008190353030482,10,0
4.852,-0.0010932969280482,10,0
4.854,-0.0013675585530482,10,0
4.856,-0.0016418201780482,10,0
4.858,-0.0008508673780482,10,0
4.86,-0.0005679330780482,10,0
4.862,-0.0006203744780482,10,0
4.864,-0.0007609885780482,10,0
4.866,-0.0011254123447148,10,0
4.868,-0.0014898361113815,10,0
4.87,-0.0018542598780482,10,0
4.872,-0.0005904027780482,10,0
4.874,-0.0005532376280482,10,0
4.876,-0.0005160724780482,10,0
4.878,-0.0006617903580482,10,0
4.88,-0.0008075082380482,10,0
4.882,-0.0009532261180482,10,0
4.884,-0.0010989439980482,10,0
4.886,-0.0012446618780482,10,0
4.888,-0.0006640433780482,10,0
4.89,-0.0006594816780482,10,0
4.892,-0.0004890894780482,10,0
4.894,-0.0017139966780482,10,0
4.896,-0.0016223270780482,10,0
4.898,-0.0015306574780482,10,0
4.9,-0.0014389878780482,10,0
4.902,-0.0007421246780482,10,0
4.904,-0.0006021760780482,10,0
4.906,-0.0005500855780482,10,0
4.908,-0.0011818628780482,10,0
4.91,-0.0013316205447148,10,0
4.912,-0.0014813782113815,10,0
4.914,-0.0016311358780482,10,0
4.916,-0.0008638748780482,10,0
4.918,-0.0005649685780482,10,0
4.92,-0.0006082139780482,10,0
4.922,-0.0007554588780482,10,0
4.924,-0.0011181644447148,10,0
4.926,-0.0014808700113815,10,0
4.928,-0.0018435755780482,10,0
4.93,-0.0010241393780482,10,0
4.932,-0.0005640005780482,10,0
4.934,-0.0006373991780482,10,0
4.936,-0.0005048920780482,10,0
4.938,-0.0006884823530482,10,0
4.94,-0.0008720726280482,10,0
4.942,-0.0010556629030482,10,0
4.944,-0.0012392531780482,10,0
4.946,-0.0006341805780482,10,0
4.948,-0.0005137855780482,10,0
4.95,-0.0011139032280482,10,0
4.952,-0.0017140208780482,10,0
4.954,-0.0016418040447148,10,0
4.956,-0.0015695872113815,10,0
4.958,-0.0014973703780482,10,0
4.96,-0.0007534260780482,10,0
4.962,-0.0006261219780482,10,0
4.964,-0.0005737531780482,10,0
4.966,-0.0008517083280482,10,0
4.968,-0.0011296634780482,10,0
4.97,-0.0014076186280482,10,0
4.972,-0.0016855737780482,10,0
4.974,-0.0008901076780482,10,0
4.976,-0.0005844132780482,10,0
4.978,-0.0006382219780482,10,0
4.98,-0.0010479441113815,10,0
4.982,-0.0014576662447148,10,0
4.984,-0.0018673883780482,10,0
4.986,-0.0014679613280482,10,0
4.988,-0.0010685342780482,10,0
4.99,-0.0005897009780482,10,0
4.992,-0.0006880739780482,10,0
4.994,-0.0008245468530482,10,0
4.996,-0.0009610197280482,10,0
4.998,-0.0010974926030482,10,0
5.0,-0.0012339654780482,11,0
5.002,-0.0006319420780482,11,0
5.004,-0.0006545085780482,11,0
5.006,-0.0004969060780482,11,0
5.008,-0.0016893368780482,11,0
5.01,-0.0016284698447148,11,0
5.012,-0.0015676028113815,11,0
5.014,-0.0015067357780482,11,0
5.016,-0.0007544908780482,11,0
5.018,-0.0006106944780482,11,0
5.02,-0.0005663842780482,11,0
5.022,-0.0011632288780482,11,0
5.024,-0.0013418894113815,11,0
5.026,-0.0015205499447148,11,0
5.028,-0.0016992104780482,11,0
5.03,-0.0008946330780482,11,0
5.032,-0.0006053583780482,11,0
5.034,-0.0006756230780482,11,0
5.036,-0.0007507761780482,11,0
5.038,-0.0011347777447148,11,0
5.04,-0.0015187793113815,11,0
5.042,-0.0019027808780482,11,0
5.044,-0.0010879426780482,11,0
5.046,-0.0006096417780482,11,0
5.048,-0.0006990607780482,11,0
5.05,-0.0008156345980482,11,0
5.052,-0.0009322084180482,11,0
5.054,-0.0010487822380482,11,0
5.056,-0.0011653560580482,11,0
5.058,-0.0012819298780482,11,0
5.06,-0.0006524757780482,11,0
5.062,-0.0006504671780482,11,0
5.064,-0.0004720526780482,11,0
5.066,-0.0016622691780482,11,0
5.068,-0.0016142684780482,11,0
5.07,-0.0015662677780482,11,0
5.072,-0.0015182670780482,11,0
5.074,-0.0007564994780482,11,0
5.076,-0.0006218022780482,11,0
5.078,-0.0011346123780482,11,0
5.08,-0.0012797821280482,11,0
5.082,-0.0014249518780482,11,0
5.084,-0.0015701216280482,11,0
5.086,-0.0017152913780482,11,0
5.088,-0.0008921525780482,11,0
5.09,-0.0005860709780482,11,0
5.092,-0.0006372055780482,11,0
5.094,-0.0007271448780482,11,0
5.096,-0.0011101340780482,11,0
5.098,-0.0014931232780482,11,0
5.1,-0.0018761124780482,11,0
5.102,-0.0010745116780482,11,0
5.104,-0.0006158732780482,11,0
5.106,-0.0006914982780482,11,0
5.108,-0.0005252079780482,11,0
5.11,-0.0007175616780482,11,0
5.112,-0.0009099153780482,11,0
5.114,-0.0011022690780482,11,0
5.116,-0.0012946227780482,11,0
5.118,-0.0006740137780482,11,0
5.12,-0.0004939415780482,11,0
5.122,-0.0016471441780482,11,0
5.124,-0.0016183129030482,11,0
5.126,-0.0015894816280482,11,0
5.128,-0.0015606503530482,11,0
5.13,-0.0015318190780482,11,0
5.132,-0.0007716365780482,11,0
5.134,-0.0005945288780482,11,0
5.136,-0.0011213265780482,11,0
5.138,-0.0012600137530482,11,0
5.14,-0.0013987009280482,11,0
5.142,-0.0015373881030482,11,0
5.144,-0.0016760752780482,11,0
5.146,-0.0009008282780482,11,0
5.148,-0.0005901365780482,11,0
5.15,-0.0006303327780482,11,0
5.152,-0.0007062118780482,11,0
5.154,-0.0011013777113815,11,0
5.156,-0.0014965435447148,11,0
5.158,-0.0018917093780482,11,0
5.16,-0.0010912338780482,11,0
5.162,-0.0005908383780482,11,0
5.164,-0.0006499105780482,11,0
5.166,-0.0004944618780482,11,0
5.168,-0.0006916011280482,11,0
5.17,-0.0008887403780482,11,0
5.172,-0.0010858796280482,11,0
5.174,-0.0012830188780482,11,0
5.176,-0.0006585620780482,11,0
5.178,-0.0006419003780482,11,0
5.18,-0.0004858466780482,11,0
5.182,-0.0016303130780482,11,0
5.184,-0.0015904193780482,11,0
5.186,-0.0015505256780482,11,0
5.188,-0.0015106319780482,11,0
5.19,-0.0007698457780482,11,0
5.192,-0.0006141429780482,11,0
5.194,-0.0005741645780482,11,0
5.196,-0.0011099162780482,11,0
5.198,-0.0013143296447148,11,0
5.2,-0.0015187430113815,11,0
5.202,-0.0017231563780482,11,0
5.204,-0.0009216402780482,11,0
5.206,-0.0006033618780482,11,0
5.208,-0.0006659551780482,11,0
5.21,-0.0009698134030482,11,0
5.212,-0.0012736716280482,11,0
5.214,-0.0015775298530482,11,0
5.216,-0.0018813880780482,11,0
5.218,-0.0010869988780482,11,0
5.22,-0.0005957388780482,11,0
5.222,-0.0005073604780482,11,0
5.224,-0.0005385784780482,11,0
5.226,-0.0005697964780482,11,0
5.228,-0.0006010144780482,11,0
5.23,-0.0006322324780482,11,0
5.232,-0.0006634504780482,11,0
5.234,-0.0005863734780482,11,0
5.236,-0.0005092964780482,11,0
5.238,-0.0016117153780482,11,0
5.24,-0.0015840245280482,11,0
5.242,-0.0015563336780482,11,0
5.244,-0.0015286428280482,11,0
5.246,-0.0015009519780482,11,0
5.248,-0.0007667481780482,11,0
5.25,-0.0005881642780482,11,0
5.252,-0.0009659262780482,11,0
5.254,-0.0013436882780482,11,0
5.256,-0.0017214502780482,11,0
5.258,-0.0013177942780482,11,0
5.26,-0.0009141382780482,11,0
5.262,-0.0007755146280482,11,0
5.264,-0.0006368909780482,11,0
5.266,-0.0008916056580482,11,0
5.268,-0.0011463203380482,11,0
5.27,-0.0014010350180482,11,0
5.272,-0.0016557496980482,11,0
5.274,-0.0019104643780482,11,0
5.276,-0.0005840865780482,11,0
5.278,-0.0005476474280482,11,0
5.28,-0.0005112082780482,11,0
5.282,-0.0007016592530482,11,0
5.284,-0.0008921102280482,11,0
5.286,-0.0010825612030482,11,0
5.288,-0.0012730121780482,11,0
5.29,-0.0009367229280482,11,0
5.292,-0.0006004336780482,11,0
5.294,-0.0005456388280482,11,0
5.296,-0.0004908439780482,11,0
5.298,-0.0015776901780482,11,0
5.3,-0.0015516509780482,11,0
5.302,-0.0015256117780482,11,0
5.304,-0.0014995725780482,11,0
5.306,-0.0007644612780482,11,0
5.308,-0.0005577811780482,11,0
5.31,-0.0008446358780482,11,0
5.312,-0.0011314905780482,11,0
5.314,-0.0014183452780482,11,0
5.316,-0.0017051999780482,11,0
5.318,-0.0009055230780482,11,0
5.32,-0.0007350159280482,11,0
5.322,-0.0005645087780482,11,0
5.324,-0.0006676007780482,11,0
5.326,-0.0010691675113815,11,0
5.328,-0.0014707342447148,11,0
5.33,-0.0018723009780482,11,0
5.332,-0.0014808478280482,11,0
5.334,-0.0010893946780482,11,0
5.336,-0.0006361286780482,11,0
5.338,-0.0005554216780482,11,0
5.34,-0.0004747146780482,11,0
5.342,-0.0006728673030482,11,0
5.344,-0.0008710199280482,11,0
5.346,-0.0010691725530482,11,0
5.348,-0.0012673251780482,11,0
5.35,-0.0006406298780482,11,0
5.352,-0.0006385002780482,11,0
5.354,-0.0005072999780482,11,0
5.356,-0.0015492430780482,11,0
5.358,-0.0015240024780482,11,0
5.36,-0.0014987618780482,11,0
5.362,-0.0007557613780482,11,0
5.364,-0.0005847762780482,11,0
5.366,-0.0011359554780482,11,0
5.368,-0.0016871346780482,11,0
5.37,-0.0008797742780482,11,0
5.372,-0.0007233515280482,11,0
5.374,-0.0005669287780482,11,0
5.376,-0.0006045658280482,11,0
5.378,-0.0006422028780482,11,0
5.38,-0.0006484827780482,11,0
5.382,-0.0006547626780482,11,0
5.384,-0.0009610681280482,11,0
5.386,-0.0012673735780482,11,0
5.388,-0.0015736790280482,11,0
5.39,-0.0018799844780482,11,0
5.392,-0.0010718859780482,11,0
5.394,-0.0005791013780482,11,0
5.396,-0.0006656768780482,11,0
5.398,-0.0004768200780482,11,0
5.4,-0.0007522967447148,11,0
5.402,-0.0010277734113815,11,0
5.404,-0.0013032500780482,11,0
5.406,-0.0006507696780482,11,0
5.408,-0.0006320630780482,11,0
5.41,-0.0004897912780482,11,0
5.412,-0.0015324482780482,11,0
5.414,-0.0015227592030482,11,0
5.416,-0.0015130701280482,11,0
5.418,-0.0015033810530482,11,0
5.42,-0.0014936919780482,11,0
5.422,-0.0006143123780482,11,0
5.424,-0.0010129952780482,11,0
5.426,-0.0011515572180482,11,0
5.428,-0.0012901191580482,11,0
5.43,-0.0014286810980482,11,0
5.432,-0.0015672430380482,11,0
5.434,-0.0017058049780482,11,0
5.436,-0.0009178892780482,11,0
5.438,-0.0005871841780482,11,0
5.44,-0.0006506365780482,11,0
5.442,-0.0006495838780482,11,0
5.444,-0.0010700064447148,11,0
5.446,-0.0014904290113815,11,0
5.448,-0.0019108515780482,11,0
5.45,-0.0011166438780482,11,0
5.452,-0.0006656647780482,11,0
5.454,-0.0005708189280482,11,0
5.456,-0.0004759730780482,11,0
5.458,-0.0006888725780482,11,0
5.46,-0.0009017720780482,11,0
5.462,-0.0011146715780482,11,0
5.464,-0.0013275710780482,11,0
5.466,-0.0006805114780482,11,0
5.468,-0.0006511447780482,11,0
5.47,-0.0005033311780482,11,0
5.472,-0.0015360056780482,11,0
5.474,-0.0015284230113815,11,0
5.476,-0.0015208403447148,11,0
5.478,-0.0015132576780482,11,0
5.48,-0.0006150383780482,11,0
5.482,-0.0006119407780482,11,0
5.484,-0.0006088431780482,11,0
5.486,-0.0009910942780482,11,0
5.488,-0.0013733453780482,11,0
5.49,-0.0017555964780482,11,0
5.492,-0.0009524831780482,11,0
5.494,-0.0005818722780482,11,0
5.496,-0.0006551982780482,11,0
5.498,-0.0006498621780482,11,0
5.5,-0.0010590720780482,12,0
5.502,-0.0014682819780482,12,0
5.504,-0.0018774918780482,12,0
5.506,-0.0011164139780482,12,0
5.508,-0.0006109606780482,12,0
5.51,-0.0004771951780482,12,0
5.512,-0.0006492402380482,12,0
5.514,-0.0008212852980482,12,0
5.516,-0.0009933303580482,12,0
5.518,-0.0011653754180482,12,0
5.52,-0.0013374204780482,12,0
5.522,-0.0006847464780482,12,0
5.524,-0.0006381977780482,12,0
5.526,-0.0005071547780482,12,0
5.528,-0.0015294353780482,12,0
5.53,-0.0015369857780482,12,0
5.532,-0.0015445361780482,12,0
5.534,-0.0015520865780482,12,0
5.536,-0.0005884667780482,12,0
5.538,-0.0005879646280482,12,0
5.54,-0.0005874624780482,12,0
5.542,-0.0010307217780482,12,0
5.544,-0.0012626545780482,12,0
5.546,-0.0014945873780482,12,0
5.548,-0.0017265201780482,12,0
5.55,-0.0009454288780482,12,0
5.552,-0.0005806864780482,12,0
5.554,-0.0006502856780482,12,0
5.556,-0.0010775689447148,12,0
5.558,-0.0015048522113815,12,0
5.56,-0.0019321354780482,12,0
5.562,-0.0015228408780482,12,0
5.564,-0.0011135462780482,12,0
5.566,-0.0005766571780482,12,0
5.568,-0.0006514956780482,12,0
5.57,-0.0004751381780482,12,0
5.572,-0.0019963017780482,12,0
5.574,-0.0015496827113815,12,0
5.576,-0.0011030636447148,12,0
5.578,-0.0006564445780482,12,0
5.58,-0.0006054067780482,12,0
5.582,-0.0010484966780482,12,0
5.584,-0.0014915865780482,12,0
5.586,-0.0013163301780482,12,0
5.588,-0.0011410737780482,12,0
5.59,-0.0009658173780482,12,0
5.592,-0.0007905609780482,12,0
5.594,-0.0006028294780482,12,0
5.596,-0.0010080584780482,12,0
5.598,-0.0011963496030482,12,0
5.6,-0.0013846407280482,12,0
5.602,-0.0015729318530482,12,0
5.604,-0.0017612229780482,12,0
5.606,-0.0013516803280482,12,0
5.608,-0.0009421376780482,12,0
5.61,-0.0005932220780482,12,0
5.612,-0.0006624703780482,12,0
5.614,-0.0006546174780482,12,0
5.616,-0.0012901518280482,12,0
5.618,-0.0019256861780482,12,0
5.62,-0.0015337490280482,12,0
5.622,-0.0011418118780482,12,0
5.624,-0.0006106581780482,12,0
5.626,-0.0006609820780482,12,0
5.628,-0.0005012378780482,12,0
5.63,-0.0019887150780482,12,0
5.632,-0.0017854996113815,12,0
5.634,-0.0015822841447148,12,0
5.636,-0.0013790686780482,12,0
5.638,-0.0006472485780482,12,0
5.64,-0.0005927925280482,12,0
5.642,-0.0005383364780482,12,0
5.644,-0.0014869280780482,12,0
5.646,-0.0015202998780482,12,0
5.648,-0.0015536716780482,12,0
5.65,-0.0010878761280482,12,0
5.652,-0.0006220805780482,12,0
5.654,-0.0008036955280482,12,0
5.656,-0.0009853104780482,12,0
5.658,-0.0011828490280482,12,0
5.66,-0.0013803875780482,12,0
5.662,-0.0015779261280482,12,0
5.664,-0.0017754646780482,12,0
5.666,-0.0009825153780482,12,0
5.668,-0.0005939964780482,12,0
5.67,-0.0006560331780482,12,0
5.672,-0.0006328495780482,12,0
5.674,-0.0010707566447148,12,0
5.676,-0.0015086637113815,12,0
5.678,-0.0019465707780482,12,0
5.68,-0.0011269893780482,12,0
5.682,-0.0006907117780482,12,0
5.684,-0.0019855206780482,12,0
5.686,-0.0018251926530482,12,0
5.688,-0.0016648646280482,12,0
5.69,-0.0015045366030482,12,0
5.692,-0.0013442085780482,12,0
5.694,-0.0009914451780482,12,0
5.696,-0.0006386817780482,12,0
5.698,-0.0010367475780482,12,0
5.7,-0.0014348133780482,12,0
5.702,-0.0012761763280482,12,0
5.704,-0.0011175392780482,12,0
5.706,-0.0009589022280482,12,0
5.708,-0.0008002651780482,12,0
5.71,-0.0005903180780482,12,0
5.712,-0.0005616894780482,12,0
5.714,-0.0009456466780482,12,0
5.716,-0.0011430460780482,12,0
5.718,-0.0013404454780482,12,0
5.72,-0.0015378448780482,12,0
5.722,-0.0017352442780482,12,0
5.724,-0.0009531123780482,12,0
5.726,-0.0006048743780482,12,0
5.728,-0.0006658583780482,12,0
5.73,-0.0006164298780482,12,0
5.732,-0.0008030401113815,12,0
5.734,-0.0009896503447148,12,0
5.736,-0.0011762605780482,12,0
5.738,-0.0009184277280482,12,0
5.74,-0.0006605948780482,12,0
5.742,-0.0005006086780482,12,0
5.744,-0.0019609939780482,12,0
5.746,-0.0018121065030482,12,0
5.748,-0.0016632190280482,12,0
5.75,-0.0015143315530482,12,0
5.752,-0.0013654440780482,12,0
5.754,-0.0007165089780482,12,0
5.756,-0.0006332367780482,12,0
5.758,-0.0004959622780482,12,0
5.76,-0.0006676854780482,12,0
5.762,-0.0008394086780482,12,0
5.764,-0.0006213545780482,12,0
5.766,-0.0009291664780482,12,0
5.768,-0.0009480001280482,12,0
5.77,-0.0009668337780482,12,0
5.772,-0.0005916611780482,12,0
5.774,-0.0005949955923339,12,0
5.776,-0.0005983300066196,12,0
5.778,-0.0006016644209053,12,0
5.78,-0.000604998835191,12,0
5.782,-0.0006083332494767,12,0
5.784,-0.0006116676637625,12,0
5.786,-0.0006150020780482,12,0
5.788,-0.0011840166780482,12,0
5.79,-0.0009397781780482,12,0
5.792,-0.0006955396780482,12,0
5.794,-0.0004822287780482,12,0
5.796,-0.0019322927780482,12,0
5.798,-0.0018423756613815,12,0
5.8,-0.0017524585447148,12,0
5.802,-0.0016625414280482,12,0
5.804,-0.0015726243113815,12,0
5.806,-0.0014827071947148,12,0
5.808,-0.0013927900780482,12,0
5.81,-0.0007119714780482,12,0
5.812,-0.0006389479780482,12,0
5.814,-0.0014177039780482,12,0
5.816,-0.0012200383780482,12,0
5.818,-0.0010223727780482,12,0
5.82,-0.0008247071780482,12,0
5.822,-0.0007155651780482,12,0
5.824,-0.0006064231780482,12,0
5.826,-0.0009205754780482,12,0
5.828,-0.0008407366530482,12,0
5.83,-0.0007608978280482,12,0
5.832,-0.0006810590030482,12,0
5.834,-0.0006012201780482,12,0
5.836,-0.0006415555280482,12,0
5.838,-0.0006818908780482,12,0
5.84,-0.0006569729447148,12,0
5.842,-0.0006320550113815,12,0
5.844,-0.0006071370780482,12,0
5.846,-0.0010532681113815,12,0
5.848,-0.0014993991447148,12,0
5.85,-0.0019455301780482,12,0
5.852,-0.0011998313780482,12,0
5.854,-0.0006160305780482,12,0
5.856,-0.0004869961780482,12,0
5.858,-0.0012040119280482,12,0
5.86,-0.0019210276780482,12,0
5.862,-0.0017406449113815,12,0
5.864,-0.0015602621447148,12,0
5.866,-0.0013798793780482,12,0
5.868,-0.0007150327780482,12,0
5.87,-0.0006276223780482,12,0
5.872,-0.0005184077780482,12,0
5.874,-0.0006163169447148,12,0
5.876,-0.0007142261113815,12,0
5.878,-0.0008121352780482,12,0
5.88,-0.0005915764780482,12,0
5.882,-0.0005976627780482,12,0
5.884,-0.0006037490780482,12,0
5.886,-0.0006098353780482,12,0
5.888,-0.0009241933780482,12,0
5.89,-0.0012041026780482,12,0
5.892,-0.0014840119780482,12,0
5.894,-0.0017639212780482,12,0
5.896,-0.0005811825780482,12,0
5.898,-0.0006497774780482,12,0
5.9,-0.0006217841280482,12,0
5.902,-0.0005937907780482,12,0
5.904,-0.0010438704447148,12,0
5.906,-0.0014939501113815,12,0
5.908,-0.0019440297780482,12,0
5.91,-0.0011873562780482,12,0
5.912,-0.0006213182780482,12,0
5.914,-0.0007782431780482,12,0
5.916,-0.0009351680780482,12,0
5.918,-0.0010920929780482,12,0
5.92,-0.0012490178780482,12,0
5.922,-0.0014059427780482,12,0
5.924,-0.0010588058780482,12,0
5.926,-0.0007116689780482,12,0
5.928,-0.0004963373780482,12,0
5.93,-0.0009215071780482,12,0
5.932,-0.0013466769780482,12,0
5.934,-0.0011766477780482,12,0
5.936,-0.0010066185780482,12,0
5.938,-0.0008365893780482,12,0
5.94,-0.0006006030780482,12,0
5.942,-0.0006937085447148,12,0
5.944,-0.0007868140113815,12,0
5.946,-0.0008799194780482,12,0
5.948,-0.0011798946113815,12,0
5.95,-0.0014798697447148,12,0
5.952,-0.0017798448780482,12,0
5.954,-0.0009906949780482,12,0
5.956,-0.0005807106780482,12,0
5.958,-0.0005718534780482,12,0
5.96,-0.0009232223530482,12,0
5.962,-0.0012745912280482,12,0
5.964,-0.0016259601030482,12,0
5.966,-0.0019773289780482,12,0
5.968,-0.0011964191780482,12,0
5.97,-0.0006180149780482,12,0
5.972,-0.0006827378780482,12,0
5.974,-0.0004691728780482,12,0
5.976,-0.0006969705030482,12,0
5.978,-0.0009247681280482,12,0
5.98,-0.0011525657530482,12,0
5.982,-0.0013803633780482,12,0
5.984,-0.0006872269780482,12,0
5.986,-0.0004984548780482,12,0
5.988,-0.0013368033780482,12,0
5.99,-0.0013996175030482,12,0
5.992,-0.0014624316280482,12,0
5.994,-0.0015252457530482,12,0
5.996,-0.0015880598780482,12,0
5.998,-0.0005990421780482,12,0
6.0,-0.0006045295280482,13,0
6.002,-0.0006100168780482,13,0
6.004,-0.0008745228780482,13,0
6.006,-0.0007817884780482,13,0
6.008,-0.0006890540780482,13,0
6.01,-0.0005963196780482,13,0
6.012,-0.0006174019113815,13,0
6.014,-0.0006384841447148,13,0
6.016,-0.0006595663780482,13,0
6.018,-0.0005672191780482,13,0
6.02,-0.0010334886447148,13,0
6.022,-0.0014997581113815,13,0
6.024,-0.0019660275780482,13,0
6.026,-0.0012003516780482,13,0
6.028,-0.0011220908947148,13,0
6.03,-0.0010438301113815,13,0
6.032,-0.0009655693280482,13,0
6.034,-0.0008873085447148,13,0
6.036,-0.0008090477613815,13,0
6.038,-0.0007307869780482,13,0
6.04,-0.0007027835447148,13,0
6.042,-0.0006747801113815,13,0
6.044,-0.0006467766780482,13,0
6.046,-0.0013455153780482,13,0
6.048,-0.0014922883780482,13,0
6.05,-0.0016390613780482,13,0
6.052,-0.0006347976780482,13,0
6.054,-0.0006299334780482,13,0
6.056,-0.0006868912030482,13,0
6.058,-0.0007438489280482,13,0
6.06,-0.0008008066530482,13,0
6.062,-0.0008577643780482,13,0
6.064,-0.0009118473447148,13,0
6.066,-0.0009659303113815,13,0
6.068,-0.0010200132780482,13,0
6.07,-0.0008445269780482,13,0
6.072,-0.0006690406780482,13,0
6.074,-0.0009933358030482,13,0
6.076,-0.0013176309280482,13,0
6.078,-0.0016419260530482,13,0
6.08,-0.0019662211780482,13,0
6.082,-0.0011895947780482,13,0
6.084,-0.0009150881280482,13,0
6.086,-0.0006405814780482,13,0
6.088,-0.0006811769780482,13,0
6.09,-0.0004857135780482,13,0
6.092,-0.0007205715530482,13,0
6.094,-0.0009554295280482,13,0
6.096,-0.0011902875030482,13,0
6.098,-0.0014251454780482,13,0
6.1,-0.0007426449780482,13,0
6.102,-0.0008925659947148,13,0
6.104,-0.0010424870113815,13,0
6.106,-0.0011924080280482,13,0
6.108,-0.0013423290447148,13,0
6.11,-0.0014922500613815,13,0
6.112,-0.0016421710780482,13,0
6.114,-0.0008550660780482,13,0
6.116,-0.0010374614780482,13,0
6.118,-0.0006719930780482,13,0
6.12,-0.0006503824780482,13,0
6.122,-0.0006287718780482,13,0
6.124,-0.0006071612780482,13,0
6.126,-0.0005855506780482,13,0
6.128,-0.0005639400780482,13,0
6.13,-0.0007972280780482,13,0
6.132,-0.0010305160780482,13,0
6.134,-0.0012638040780482,13,0
6.136,-0.0014970920780482,13,0
6.138,-0.0017303800780482,13,0
6.14,-0.0019636680780482,13,0
6.142,-0.0006613087780482,13,0
6.144,-0.0005962107780482,13,0
6.146,-0.0005311127780482,13,0
6.148,-0.0004660147780482,13,0
6.15,-0.0018151042780482,13,0
6.152,-0.0014559117447148,13,0
6.154,-0.0010967192113815,13,0
6.156,-0.0007375266780482,13,0
6.158,-0.0013157009780482,13,0
6.16,-0.0013881890530482,13,0
6.162,-0.0014606771280482,13,0
6.164,-0.0015331652030482,13,0
6.166,-0.0016056532780482,13,0
6.168,-0.0012301721280482,13,0
6.17,-0.0008546909780482,13,0
6.172,-0.0006051284780482,13,0
6.174,-0.0007190983780482,13,0
6.176,-0.0008330682780482,13,0
6.178,-0.0010791066530482,13,0
6.18,-0.0013251450280482,13,0
6.182,-0.0015711834030482,13,0
6.184,-0.0018172217780482,13,0
6.186,-0.0010309516780482,13,0
6.188,-0.0006764337780482,13,0
6.19,-0.0013256169280482,13,0
6.192,-0.0019748000780482,13,0
6.194,-0.0012165898780482,13,0
6.196,-0.0010731322780482,13,0
6.198,-0.0009296746780482,13,0
6.2,-0.0007862170780482,13,0
6.202,-0.0006427594780482,13,0
6.204,-0.0006456876780482,13,0
6.206,-0.0004741580780482,13,0
6.208,-0.0018325040780482,13,0
6.21,-0.0016458857780482,13,0
6.212,-0.0014592674780482,13,0
6.214,-0.0010430758780482,13,0
6.216,-0.0006268842780482,13,0
6.218,-0.0005382638780482,13,0
6.22,-0.0009193654780482,13,0
6.222,-0.0013004670780482,13,0
6.224,-0.0011599659113815,13,0
6.226,-0.0010194647447148,13,0
6.228,-0.0008789635780482,13,0
6.23,-0.0007540552780482,13,0
6.232,-0.0006291469780482,13,0
6.234,-0.0006491966780482,13,0
6.236,-0.0008699490780482,13,0
6.238,-0.0009355593113815,13,0
6.24,-0.0010011695447148,13,0
6.242,-0.0010667797780482,13,0
6.244,-0.0008442244780482,13,0
6.246,-0.0006216691780482,13,0
6.248,-0.0006732514780482,13,0
6.25,-0.0005573818780482,13,0
6.252,-0.0012703985780482,13,0
6.254,-0.0019834152780482,13,0
6.256,-0.0015959853780482,13,0
6.258,-0.0012085554780482,13,0
6.26,-0.0006566139780482,13,0
6.262,-0.0008144487980482,13,0
6.264,-0.0009722836180482,13,0
6.266,-0.0011301184380482,13,0
6.268,-0.0012879532580482,13,0
6.27,-0.0014457880780482,13,0
6.272,-0.0007594155780482,13,0
6.274,-0.0006360802780482,13,0
6.276,-0.0005452939780482,13,0
6.278,-0.0012778400780482,13,0
6.28,-0.0011462727447148,13,0
6.282,-0.0010147054113815,13,0
6.284,-0.0008831380780482,13,0
6.286,-0.0006103556780482,13,0
6.288,-0.0006272714780482,13,0
6.29,-0.0006441872780482,13,0
6.292,-0.0008466202780482,13,0
6.294,-0.0011730218113815,13,0
6.296,-0.0014994233447148,13,0
6.298,-0.0018258248780482,13,0
6.3,-0.0010654245780482,13,0
6.302,-0.0005657308780482,13,0
6.304,-0.0007376416280482,13,0
6.306,-0.0009095523780482,13,0
6.308,-0.0010814631280482,13,0
6.31,-0.0012533738780482,13,0
6.312,-0.0006673224780482,13,0
6.314,-0.0006931075780482,13,0
6.316,-0.0006276183447148,13,0
6.318,-0.0005621291113815,13,0
6.32,-0.0004966398780482,13,0
6.322,-0.0017963734780482,13,0
6.324,-0.0012750207780482,13,0
6.326,-0.0007536680780482,13,0
6.328,-0.0007178682113815,13,0
6.33,-0.0006820683447148,13,0
6.332,-0.0006462684780482,13,0
6.334,-0.0005624275780482,13,0
6.336,-0.0009298360113815,13,0
6.338,-0.0012972444447148,13,0
6.34,-0.0016646528780482,13,0
6.342,-0.0012792860280482,13,0
6.344,-0.0008939191780482,13,0
6.346,-0.0006067740780482,13,0
6.348,-0.0006192733780482,13,0
6.35,-0.0008163218780482,13,0
6.352,-0.0008868285780482,13,0
6.354,-0.0009573352780482,13,0
6.356,-0.0010278419780482,13,0
6.358,-0.0008207141780482,13,0
6.36,-0.0006135863780482,13,0
6.362,-0.0006871059780482,13,0
6.364,-0.0005447615780482,13,0
6.366,-0.0007289024030482,13,0
6.368,-0.0009130432280482,13,0
6.37,-0.0010971840530482,13,0
6.372,-0.0012813248780482,13,0
6.374,-0.0006750906780482,13,0
6.376,-0.0006887273780482,13,0
6.378,-0.0004937479780482,13,0
6.38,-0.0017726211780482,13,0
6.382,-0.0014364993113815,13,0
6.384,-0.0011003774447148,13,0
6.386,-0.0007642555780482,13,0
6.388,-0.0005591363780482,13,0
6.39,-0.0009081669280482,13,0
6.392,-0.0012571974780482,13,0
6.394,-0.0013609368280482,13,0
6.396,-0.0014646761780482,13,0
6.398,-0.0015684155280482,13,0
6.4,-0.0016721548780482,13,0
6.402,-0.0008666578780482,13,0
6.404,-0.0006065320780482,13,0
6.406,-0.0006508180780482,13,0
6.408,-0.0008010516780482,13,0
6.41,-0.0011391418113815,13,0
6.412,-0.0014772319447148,13,0
6.414,-0.0018153220780482,13,0
6.416,-0.0010349567780482,13,0
6.418,-0.0006099563780482,13,0
6.42,-0.0005495410780482,13,0
6.422,-0.0007241440780482,13,0
6.424,-0.0008987470780482,13,0
6.426,-0.0010733500780482,13,0
6.428,-0.0012479530780482,13,0
6.43,-0.0009531849780482,13,0
6.432,-0.0006584168780482,13,0
6.434,-0.0006447075780482,13,0
6.436,-0.0004500185780482,13,0
6.438,-0.0017472232780482,13,0
6.44,-0.0016487494447148,13,0
6.442,-0.0015502756113815,13,0
6.444,-0.0014518017780482,13,0
6.446,-0.0007516352780482,13,0
6.448,-0.0006397828780482,13,0
6.45,-0.0005488150780482,13,0
6.452,-0.0012579234780482,13,0
6.454,-0.0014614031280482,13,0
6.456,-0.0016648827780482,13,0
6.458,-0.0008977790780482,13,0
6.46,-0.0007627672780482,13,0
6.462,-0.0006277554780482,13,0
6.464,-0.0006391536780482,13,0
6.466,-0.0008055649780482,13,0
6.468,-0.0011527301113815,13,0
6.47,-0.0014998952447148,13,0
6.472,-0.0018470603780482,13,0
6.474,-0.0010794484780482,13,0
6.476,-0.0006282394780482,13,0
6.478,-0.0006683872780482,13,0
6.48,-0.0005414098780482,13,0
6.482,-0.0007199453780482,13,0
6.484,-0.0008984808780482,13,0
6.486,-0.0010770163780482,13,0
6.488,-0.0012555518780482,13,0
6.49,-0.0006717752780482,13,0
6.492,-0.0006554402780482,13,0
6.494,-0.0017545074780482,13,0
6.496,-0.0016856554530482,13,0
6.498,-0.0016168034280482,13,0
6.5,-0.0015479514030482,14,0
6.502,-0.0014790993780482,14,0
6.504,-0.0007569592780482,14,0
6.506,-0.0006323292780482,14,0
6.508,-0.0005609150780482,14,0
6.51,-0.0012373897780482,14,0
6.512,-0.0013849452447148,14,0
6.514,-0.0015325007113815,14,0
6.516,-0.0016800561780482,14,0
6.518,-0.0009047728780482,14,0
6.52,-0.0006492934780482,14,0
6.522,-0.0008091223780482,14,0
6.524,-0.0008936086113815,14,0
6.526,-0.0009780948447148,14,0
6.528,-0.0010625810780482,14,0
6.53,-0.0008382652280482,14,0
6.532,-0.0006139493780482,14,0
6.534,-0.0006702022780482,14,0
6.536,-0.0006029323280482,14,0
6.538,-0.0005356623780482,14,0
6.54,-0.0007111638030482,14,0
6.542,-0.0008866652280482,14,0
6.544,-0.0010621666530482,14,0
6.546,-0.0012376680780482,14,0
6.548,-0.0006548473780482,14,0
6.55,-0.0006537462780482,14,0
6.552,-0.0004819141780482,14,0
6.554,-0.0017134521780482,14,0
6.556,-0.0016297605113815,14,0
6.558,-0.0015460688447148,14,0
6.56,-0.0014623771780482,14,0
6.562,-0.0007601536780482,14,0
6.564,-0.0006100410780482,14,0
6.566,-0.0005432611780482,14,0
6.568,-0.0009202850780482,14,0
6.57,-0.0012973089780482,14,0
6.572,-0.0016743328780482,14,0
6.574,-0.0009150336780482,14,0
6.576,-0.0007647032780482,14,0
6.578,-0.0006143728780482,14,0
6.58,-0.0006525846780482,14,0
6.582,-0.0007836760780482,14,0
6.584,-0.0011437156113815,14,0
6.586,-0.0015037551447148,14,0
6.588,-0.0018637946780482,14,0
6.59,-0.0010811787780482,14,0
6.592,-0.0006170227780482,14,0
6.594,-0.0006977297780482,14,0
6.596,-0.0005721559780482,14,0
6.598,-0.0007440516030482,14,0
6.6,-0.0009159472280482,14,0
6.602,-0.0010878428530482,14,0
6.604,-0.0012597384780482,14,0
6.606,-0.0006545327780482,14,0
6.608,-0.0006805961780482,14,0
6.61,-0.0005107847780482,14,0
6.612,-0.0017161625780482,14,0
6.614,-0.0016223795113815,14,0
6.616,-0.0015285964447148,14,0
6.618,-0.0014348133780482,14,0
6.62,-0.0007386882780482,14,0
6.622,-0.0006156796780482,14,0
6.624,-0.0005496862780482,14,0
6.626,-0.0011801688780482,14,0
6.628,-0.0013394895780482,14,0
6.63,-0.0014988102780482,14,0
6.632,-0.0016581309780482,14,0
6.634,-0.0008835857780482,14,0
6.636,-0.0005730513780482,14,0
6.638,-0.0006170227780482,14,0
6.64,-0.0007603109780482,14,0
6.642,-0.0011193421780482,14,0
6.644,-0.0014783733780482,14,0
6.646,-0.0018374045780482,14,0
6.648,-0.0005876681780482,14,0
6.65,-0.0006214453280482,14,0
6.652,-0.0006552224780482,14,0
6.654,-0.0005057148780482,14,0
6.656,-0.0006866159280482,14,0
6.658,-0.0008675169780482,14,0
6.66,-0.0010484180280482,14,0
6.662,-0.0012293190780482,14,0
6.664,-0.0006351122780482,14,0
6.666,-0.0005454936280482,14,0
6.668,-0.0004558749780482,14,0
6.67,-0.0016780112780482,14,0
6.672,-0.0013710221780482,14,0
6.674,-0.0010640330780482,14,0
6.676,-0.0007570439780482,14,0
6.678,-0.0006235446780482,14,0
6.68,-0.0008943366280482,14,0
6.682,-0.0011651285780482,14,0
6.684,-0.0012848127030482,14,0
6.686,-0.0014044968280482,14,0
6.688,-0.0015241809530482,14,0
6.69,-0.0016438650780482,14,0
6.692,-0.0008704693780482,14,0
6.694,-0.0005750357780482,14,0
6.696,-0.0006184626780482,14,0
6.698,-0.0007269875780482,14,0
6.7,-0.0012712153280482,14,0
6.702,-0.0018154430780482,14,0
6.704,-0.0005943715780482,14,0
6.706,-0.0006388209280482,14,0
6.708,-0.0006832702780482,14,0
6.71,-0.0007780193280482,14,0
6.712,-0.0008727683780482,14,0
6.714,-0.0009675174280482,14,0
6.716,-0.0010622664780482,14,0
6.718,-0.0011570155280482,14,0
6.72,-0.0012517645780482,14,0
6.722,-0.0006584773780482,14,0
6.724,-0.0006363585780482,14,0
6.726,-0.0004674788780482,14,0
6.728,-0.0007176131030482,14,0
6.73,-0.0009677473280482,14,0
6.732,-0.0012178815530482,14,0
6.734,-0.0014680157780482,14,0
6.736,-0.0007637473780482,14,0
6.738,-0.0006133443780482,14,0
6.74,-0.0005560387780482,14,0
6.742,-0.0011509110780482,14,0
6.744,-0.0014027423280482,14,0
6.746,-0.0016545735780482,14,0
6.748,-0.0011217863780482,14,0
6.75,-0.0005889991780482,14,0
6.752,-0.0006527661780482,14,0
6.754,-0.0007549869780482,14,0
6.756,-0.0010233528780482,14,0
6.758,-0.0012917187780482,14,0
6.76,-0.0015600846780482,14,0
6.762,-0.0018284505780482,14,0
6.764,-0.0010387682780482,14,0
6.766,-0.0006031561780482,14,0
6.768,-0.0006697303780482,14,0
6.77,-0.0005002819780482,14,0
6.772,-0.0006910929280482,14,0
6.774,-0.0008819038780482,14,0
6.776,-0.0010727148280482,14,0
6.778,-0.0012635257780482,14,0
6.78,-0.0006605706780482,14,0
6.782,-0.0016834199780482,14,0
6.784,-0.0016418056580482,14,0
6.786,-0.0016001913380482,14,0
6.788,-0.0015585770180482,14,0
6.79,-0.0015169626980482,14,0
6.792,-0.0014753483780482,14,0
6.794,-0.0007638078780482,14,0
6.796,-0.0006256016780482,14,0
6.798,-0.0005547682780482,14,0
6.8,-0.0011370444780482,14,0
6.802,-0.0013140836113815,14,0
6.804,-0.0014911227447148,14,0
6.806,-0.0016681618780482,14,0
6.808,-0.0009028126780482,14,0
6.81,-0.0005946619780482,14,0
6.812,-0.0006433886780482,14,0
6.814,-0.0007274352780482,14,0
6.816,-0.0011006799447148,14,0
6.818,-0.0014739246113815,14,0
6.82,-0.0018471692780482,14,0
6.822,-0.0010761693780482,14,0
6.824,-0.0006119891780482,14,0
6.826,-0.0005219772780482,14,0
6.828,-0.0006731014380482,14,0
6.83,-0.0008242255980482,14,0
6.832,-0.0009753497580482,14,0
6.834,-0.0011264739180482,14,0
6.836,-0.0012775980780482,14,0
6.838,-0.0006722955780482,14,0
6.84,-0.0004848786780482,14,0
6.842,-0.0010749775280482,14,0
6.844,-0.0016650763780482,14,0
6.846,-0.0015987683780482,14,0
6.848,-0.0015324603780482,14,0
6.85,-0.0014661523780482,14,0
6.852,-0.0007557008780482,14,0
6.854,-0.0006175430780482,14,0
6.856,-0.0005457295780482,14,0
6.858,-0.0011311154780482,14,0
6.86,-0.0013149991780482,14,0
6.862,-0.0014988828780482,14,0
6.864,-0.0016827665780482,14,0
6.866,-0.0009041920780482,14,0
6.868,-0.0006005909780482,14,0
6.87,-0.0007408057780482,14,0
6.872,-0.0010175176530482,14,0
6.874,-0.0012942295280482,14,0
6.876,-0.0015709414030482,14,0
6.878,-0.0018476532780482,14,0
6.88,-0.0010794847780482,14,0
6.882,-0.0006854845780482,14,0
6.884,-0.0005311974780482,14,0
6.886,-0.0007176252030482,14,0
6.888,-0.0009040529280482,14,0
6.89,-0.0010904806530482,14,0
6.892,-0.0012769083780482,14,0
6.894,-0.0006719567780482,14,0
6.896,-0.0005744065780482,14,0
6.898,-0.0004768563780482,14,0
6.9,-0.0016596192780482,14,0
6.902,-0.0015710654280482,14,0
6.904,-0.0014825115780482,14,0
6.906,-0.0012421410447148,14,0
6.908,-0.0010017705113815,14,0
6.91,-0.0007613999780482,14,0
6.912,-0.0006146995780482,14,0
6.914,-0.0011424410780482,14,0
6.916,-0.0013309106780482,14,0
6.918,-0.0015193802780482,14,0
6.92,-0.0017078498780482,14,0
6.922,-0.0013146845780482,14,0
6.924,-0.0009215192780482,14,0
6.926,-0.0006496564780482,14,0
6.928,-0.0008947831180482,14,0
6.93,-0.0011399097580482,14,0
6.932,-0.0013850363980482,14,0
6.934,-0.0016301630380482,14,0
6.936,-0.0018752896780482,14,0
6.938,-0.0006072701780482,14,0
6.94,-0.0006713759780482,14,0
6.942,-0.0005944683780482,14,0
6.944,-0.0005175607780482,14,0
6.946,-0.0007134688530482,14,0
6.948,-0.0009093769280482,14,0
6.95,-0.0011052850030482,14,0
6.952,-0.0013011930780482,14,0
6.954,-0.0006620347780482,14,0
6.956,-0.0006501525780482,14,0
6.958,-0.0004930098780482,14,0
6.96,-0.0016488018780482,14,0
6.962,-0.0016086016447148,14,0
6.964,-0.0015684014113815,14,0
6.966,-0.0015282011780482,14,0
6.968,-0.0007723020780482,14,0
6.97,-0.0006113115780482,14,0
6.972,-0.0005741282780482,14,0
6.974,-0.0011435300780482,14,0
6.976,-0.0013245178447148,14,0
6.978,-0.0015055056113815,14,0
6.98,-0.0016864933780482,14,0
6.982,-0.0008877602780482,14,0
6.984,-0.0005709822780482,14,0
6.986,-0.0006176156780482,14,0
6.988,-0.0007131814780482,14,0
6.99,-0.0011028740780482,14,0
6.992,-0.0014925666780482,14,0
6.994,-0.0018822592780482,14,0
6.996,-0.0005821384780482,14,0
6.998,-0.0006652896780482,14,0
7.0,-0.0005939420280482,15,0
7.002,-0.0005225943780482,15,0
7.004,-0.0007116326780482,15,0
7.006,-0.0009006709780482,15,0
7.008,-0.0010897092780482,15,0
7.01,-0.0012787475780482,15,0
7.012,-0.0006348339780482,15,0
7.014,-0.0006201929780482,15,0
7.016,-0.0004909044780482,15,0
7.018,-0.0016434657780482,15,0
7.02,-0.0015910284113815,15,0
7.022,-0.0015385910447148,15,0
7.024,-0.0014861536780482,15,0
7.026,-0.0007647637780482,15,0
7.028,-0.0005845221780482,15,0
7.03,-0.0011370686780482,15,0
7.032,-0.0013288254447148,15,0
7.034,-0.0015205822113815,15,0
7.036,-0.0017123389780482,15,0
7.038,-0.0012978837280482,15,0
7.04,-0.0008834284780482,15,0
7.042,-0.0005650774780482,15,0
7.044,-0.0007160612780482,15,0
7.046,-0.0010150704280482,15,0
7.048,-0.0013140795780482,15,0
7.05,-0.0016130887280482,15,0
7.052,-0.0019120978780482,15,0
7.054,-0.0011143448780482,15,0
7.056,-0.0005962470780482,15,0
7.058,-0.0006804630780482,15,0
7.06,-0.0005195572780482,15,0
7.062,-0.0007153201530482,15,0
7.064,-0.0009110830280482,15,0
7.066,-0.0011068459030482,15,0
7.068,-0.0013026087780482,15,0
7.07,-0.0006510237780482,15,0
7.072,-0.0005001488780482,15,0
7.074,-0.0016416749780482,15,0
7.076,-0.0016041327113815,15,0
7.078,-0.0015665904447148,15,0
7.08,-0.0015290481780482,15,0
7.082,-0.0011517701780482,15,0
7.084,-0.0007744921780482,15,0
7.086,-0.0006132717780482,15,0
7.088,-0.0005761126780482,15,0
7.09,-0.0011152160780482,15,0
7.092,-0.0013214686447148,15,0
7.094,-0.0015277212113815,15,0
7.096,-0.0017339737780482,15,0
7.098,-0.0009218580780482,15,0
7.1,-0.0006003247780482,15,0
7.102,-0.0006649387780482,15,0
7.104,-0.0007419673780482,15,0
7.106,-0.0011276548780482,15,0
7.108,-0.0015133423780482,15,0
7.11,-0.0018990298780482,15,0
7.112,-0.0010952268780482,15,0
7.114,-0.0006103919780482,15,0
7.116,-0.0006829677780482,15,0
7.118,-0.0005215053780482,15,0
7.12,-0.0007140345280482,15,0
7.122,-0.0009065636780482,15,0
7.124,-0.0010990928280482,15,0
7.126,-0.0012916219780482,15,0
7.128,-0.0006648540780482,15,0
7.13,-0.0005086430780482,15,0
7.132,-0.0010639846780482,15,0
7.134,-0.0016193262780482,15,0
7.136,-0.0015792349447148,15,0
7.138,-0.0015391436113815,15,0
7.14,-0.0014990522780482,15,0
7.142,-0.0007595002780482,15,0
7.144,-0.0005908625780482,15,0
7.146,-0.0010817111780482,15,0
7.148,-0.0013932317280482,15,0
7.15,-0.0017047522780482,15,0
7.152,-0.0008920315780482,15,0
7.154,-0.0007405577280482,15,0
7.156,-0.0005890838780482,15,0
7.158,-0.0006413437780482,15,0
7.16,-0.0006936036780482,15,0
7.162,-0.0009914482030482,15,0
7.164,-0.0012892927280482,15,0
7.166,-0.0015871372530482,15,0
7.168,-0.0018849817780482,15,0
7.17,-0.0010884750780482,15,0
7.172,-0.0005952427780482,15,0
7.174,-0.0004807283780482,15,0
7.176,-0.0007518369447148,15,0
7.178,-0.0010229455113815,15,0
7.18,-0.0012940540780482,15,0
7.182,-0.0009820737280482,15,0
7.184,-0.0006700933780482,15,0
7.186,-0.0006585318280482,15,0
7.188,-0.0006469702780482,15,0
7.19,-0.0004883271780482,15,0
7.192,-0.0009990742280482,15,0
7.194,-0.0015098212780482,15,0
7.196,-0.0007758594780482,15,0
7.198,-0.0005876197780482,15,0
7.2,-0.0008082318180482,15,0
7.202,-0.0010288438580482,15,0
7.204,-0.0012494558980482,15,0
7.206,-0.0014700679380482,15,0
7.208,-0.0016906799780482,15,0
7.21,-0.0009083907780482,15,0
7.211999999999998,-0.0006582837780482,15,0
7.214,-0.0006748668280482,15,0
7.216,-0.0006914498780482,15,0
7.218,-0.0007759538580482,15,0
7.219999999999998,-0.0008604578380482,15,0
7.222,-0.0009449618180482,15,0
7.224,-0.0010294657980482,15,0
7.226,-0.0011139697780482,15,0
7.227999999999998,-0.0008940220280482,15,0
7.23,-0.0006740742780482,15,0
7.232,-0.0005162660780482,15,0
7.234,-0.0007108461780482,15,0
7.235999999999998,-0.0009054262780482,15,0
7.238,-0.0011000063780482,15,0
7.24,-0.0012945864780482,15,0
7.242,-0.0006755867780482,15,0
7.243999999999998,-0.0006562146780482,15,0
7.246,-0.0006368425780482,15,0
7.248,-0.0005054365780482,15,0
7.25,-0.0016023136780482,15,0
7.251999999999998,-0.0015673688780482,15,0
7.253999999999999,-0.0015324240780482,15,0
7.256,-0.0014974792780482,15,0
7.258,-0.0007842084780482,15,0
7.259999999999998,-0.0006106702780482,15,0
7.261999999999999,-0.0005736805780482,15,0
7.264,-0.0010761209780482,15,0
7.266,-0.0013913320280482,15,0
7.267999999999998,-0.0017065430780482,15,0
7.269999999999999,-0.0013252720780482,15,0
7.272,-0.0009440010780482,15,0
7.274,-0.0005957267780482,15,0
7.276,-0.0006512294780482,15,0
7.277999999999999,-0.0012828857780482,15,0
7.28,-0.0019145420780482,15,0
7.282,-0.0016524722113815,15,0
7.284,-0.0013904023447148,15,0
7.285999999999999,-0.0011283324780482,15,0
7.288,-0.0006156191780482,15,0
7.29,-0.0005177906780482,15,0
7.292,-0.0007820546780482,15,0
7.293999999999999,-0.0010463186780482,15,0
7.296,-0.0013105826780482,15,0
7.298,-0.0011007969113815,15,0
7.3,-0.0008910111447148,15,0
7.301999999999999,-0.0006812253780482,15,0
7.304,-0.0006643337780482,15,0
7.306,-0.0005106758780482,15,0
7.308,-0.0015879509780482,15,0
7.309999999999999,-0.0015724549113815,15,0
7.312,-0.0015569588447148,15,0
7.314,-0.0015414627780482,15,0
7.316,-0.0007983170780482,15,0
7.317999999999999,-0.0006131870780482,15,0
7.32,-0.0010796662780482,15,0
7.322,-0.0012351906030482,15,0
7.324,-0.0013907149280482,15,0
7.325999999999999,-0.0015462392530482,15,0
7.328,-0.0017017635780482,15,0
7.33,-0.0005844616780482,15,0
7.332,-0.0006414889780482,15,0
7.333999999999999,-0.0006686413780482,15,0
7.336,-0.0006957937780482,15,0
7.338,-0.0010967756780482,15,0
7.34,-0.0014977575780482,15,0
7.341999999999999,-0.0018987394780482,15,0
7.344,-0.0011018213780482,15,0
7.346,-0.0006106702780482,15,0
7.348,-0.0006748486780482,15,0
7.349999999999999,-0.0008020099980482,15,0
7.352,-0.0009291713180482,15,0
7.354,-0.0010563326380482,15,0
7.356,-0.0011834939580482,15,0
7.357999999999999,-0.0013106552780482,15,0
7.36,-0.0006866703780482,15,0
7.362,-0.0005147051780482,15,0
7.364,-0.0015712650780482,15,0
7.365999999999999,-0.0015615215530482,15,0
7.368,-0.0015517780280482,15,0
7.37,-0.0015420345030482,15,0
7.372,-0.0015322909780482,15,0
7.373999999999999,-0.0008013783780482,15,0
7.376,-0.0006265333780482,15,0
7.378,-0.0006068829780482,15,0
7.38,-0.0010727087780482,15,0
7.381999999999999,-0.0012982245447148,15,0
7.384,-0.0015237403113815,15,0
7.386,-0.0017492560780482,15,0
7.388,-0.0009352648780482,15,0
7.389999999999999,-0.0006067619780482,15,0
7.392,-0.0006896348780482,15,0
7.394,-0.0009947938530482,15,0
7.396,-0.0012999528280482,15,0
7.397999999999999,-0.0016051118030482,15,0
7.4,-0.0019102707780482,15,0
7.402,-0.0011205884780482,15,0
7.404,-0.0006270778780482,15,0
7.405999999999999,-0.0006344528280482,15,0
7.408,-0.0006418277780482,15,0
7.41,-0.0006492027280482,15,0
7.412,-0.0006565776780482,15,0
7.413999999999999,-0.0006639526280482,15,0
7.416,-0.0006713275780482,15,0
7.418,-0.0006508059780482,15,0
7.42,-0.0005797608280482,15,0
7.421999999999999,-0.0005087156780482,15,0
7.424,-0.0010114283280482,15,0
7.426,-0.0015141409780482,15,0
7.428,-0.0011518004280482,15,0
7.429999999999999,-0.0007894598780482,15,0
7.432,-0.0006221410780482,15,0
7.434,-0.0006049288280482,15,0
7.436,-0.0005877165780482,15,0
7.437999999999999,-0.0010488475780482,15,0
7.44,-0.0012725725447148,15,0
7.442,-0.0014962975113815,15,0
7.444,-0.0017200224780482,15,0
7.445999999999999,-0.0009375638780482,15,0
7.448,-0.0005971908780482,15,0
7.45,-0.0006721140780482,15,0
7.452,-0.0010873659113815,15,0
7.453999999999998,-0.0015026177447148,15,0
7.456,-0.0019178695780482,15,0
7.458,-0.0012654557280482,15,0
7.46,-0.0006130418780482,15,0
7.461999999999998,-0.0006953218780482,15,0
7.464,-0.0005111598780482,15,0
7.466,-0.0007127519280482,15,0
7.468,-0.0009143439780482,15,0
7.469999999999998,-0.0011159360280482,15,0
7.472,-0.0013175280780482,15,0
7.474,-0.0010016878280482,15,0
7.476,-0.0006858475780482,15,0
7.477999999999998,-0.0006475631780482,15,0
7.48,-0.0005008022780482,15,0
7.482,-0.0016524197780482,15,0
7.484,-0.0015294595780482,15,0
7.485999999999998,-0.0006191402780482,15,0
7.488,-0.0005944199780482,15,0
7.49,-0.0008202725280482,15,0
7.492,-0.0010461250780482,15,0
7.493999999999998,-0.0012141910530482,15,0
7.496,-0.0013822570280482,15,0
7.498,-0.0015503230030482,15,0
7.5,-0.0017183889780482,16,0
7.501999999999998,-0.0009383987780482,16,0
7.503999999999999,-0.0005933188780482,16,0
7.506,-0.0006375080780482,16,0
7.508,-0.0006554402780482,16,0
7.509999999999998,-0.0010695264780482,16,0
7.511999999999999,-0.0014836126780482,16,0
7.514,-0.0018976988780482,16,0
7.516,-0.0006269447780482,16,0
7.517999999999998,-0.0006835122780482,16,0
7.519999999999999,-0.0005091754780482,16,0
7.522,-0.0007033411530482,16,0
7.524,-0.0008975068280482,16,0
7.526,-0.0010916725030482,16,0
7.527999999999999,-0.0012858381780482,16,0
7.53,-0.0009827331780482,16,0
7.532,-0.0006796281780482,16,0
7.534,-0.0006553676780482,16,0
7.535999999999999,-0.0015596490780482,16,0
7.538,-0.0015566724780482,16,0
7.54,-0.0015536958780482,16,0
7.542,-0.0015507192780482,16,0
7.543999999999999,-0.0015477426780482,16,0
7.546,-0.0008306966780482,16,0
7.548,-0.0006347008780482,16,0
7.55,-0.0005950128780482,16,0
7.551999999999999,-0.0008750401530482,16,0
7.554,-0.0011550674280482,16,0
7.556,-0.0014350947030482,16,0
7.558,-0.0017151219780482,16,0
7.559999999999999,-0.0005989090780482,16,0
7.562,-0.0006313249780482,16,0
7.564,-0.0006637408780482,16,0
7.566,-0.0010772341780482,16,0
7.567999999999999,-0.0014907274780482,16,0
7.57,-0.0019042207780482,16,0
7.572,-0.0011056570780482,16,0
7.574,-0.0006110332780482,16,0
7.575999999999999,-0.0006517376780482,16,0
7.578,-0.0004701892780482,16,0
7.58,-0.0007536922780482,16,0
7.582,-0.0010371952780482,16,0
7.583999999999999,-0.0013206982780482,16,0
7.586,-0.0006704926780482,16,0
7.588,-0.0006608913280482,16,0
7.59,-0.0006512899780482,16,0
7.591999999999999,-0.0015652271780482,16,0
7.594,-0.0015623806530482,16,0
7.596,-0.0015595341280482,16,0
7.598,-0.0015566876030482,16,0
7.599999999999999,-0.0015538410780482,16,0
7.602,-0.0008108163780482,16,0
7.604,-0.0006055398780482,16,0
7.606,-0.0010484966780482,16,0
7.607999999999999,-0.0012746900447148,16,0
7.61,-0.0015008834113815,16,0
7.612,-0.0017270767780482,16,0
7.614,-0.0013397134280482,16,0
7.615999999999999,-0.0009523500780482,16,0
7.618,-0.0006072943780482,16,0
7.62,-0.0006796402780482,16,0
7.622,-0.0008331852447148,16,0
7.623999999999999,-0.0009867302113815,16,0
7.626,-0.0011402751780482,16,0
7.628,-0.0008905069780482,16,0
7.63,-0.0006407387780482,16,0
7.631999999999999,-0.0006964350780482,16,0
7.634,-0.0005243730780482,16,0
7.636,-0.0007331132030482,16,0
7.638,-0.0009418533280482,16,0
7.639999999999999,-0.0011505934530482,16,0
7.642,-0.0013593335780482,16,0
7.644,-0.0007011419780482,16,0
7.646,-0.0006481802780482,16,0
7.647999999999999,-0.0005104943780482,16,0
7.65,-0.0015607259780482,16,0
7.652,-0.0015537261280482,16,0
7.654,-0.0015467262780482,16,0
7.655999999999999,-0.0011690550280482,16,0
7.658,-0.0007913837780482,16,0
7.66,-0.0005988727780482,16,0
7.662,-0.0006009055780482,16,0
7.663999999999999,-0.0010301530780482,16,0
7.666,-0.0013869578780482,16,0
7.668,-0.0017437626780482,16,0
7.67,-0.0013504884780482,16,0
7.671999999999999,-0.0009572142780482,16,0
7.674,-0.0005857684780482,16,0
7.676,-0.0006618169780482,16,0
7.678,-0.0009717554530482,16,0
7.679999999999999,-0.0012816939280482,16,0
7.682,-0.0015916324030482,16,0
7.684,-0.0019015708780482,16,0
7.686,-0.0011184830780482,16,0
7.687999999999999,-0.0006025995780482,16,0
7.69,-0.0006636561780482,16,0
7.692,-0.0004765296780482,16,0
7.694,-0.0005244608030482,16,0
7.695999999999999,-0.0005723919280482,16,0
7.698,-0.0006203230530482,16,0
7.7,-0.0006682541780482,16,0
7.702,-0.0005897070280482,16,0
7.703999999999998,-0.0005111598780482,16,0
7.706,-0.0015419830780482,16,0
7.708,-0.0015508917030482,16,0
7.71,-0.0015598003280482,16,0
7.711999999999998,-0.0015687089530482,16,0
7.714,-0.0015776175780482,16,0
7.716,-0.0006270173780482,16,0
7.718,-0.0006152803780482,16,0
7.719999999999998,-0.0006035433780482,16,0
7.722,-0.0010606329780482,16,0
7.724,-0.0010218040780482,16,0
7.726,-0.0009829751780482,16,0
7.727999999999998,-0.0009441462780482,16,0
7.73,-0.0005989090780482,16,0
7.732,-0.0006690164780482,16,0
7.734,-0.0006551498780482,16,0
7.735999999999998,-0.0009704002530482,16,0
7.738,-0.0012856506280482,16,0
7.74,-0.0016009010030482,16,0
7.742,-0.0019161513780482,16,0
7.743999999999998,-0.0011363910780482,16,0
7.746,-0.0006432555780482,16,0
7.748,-0.0005287895780482,16,0
7.75,-0.0007354636280482,16,0
7.751999999999998,-0.0009421376780482,16,0
7.753999999999999,-0.0011488117280482,16,0
7.756,-0.0013554857780482,16,0
7.758,-0.0006974514780482,16,0
7.759999999999998,-0.0006680061280482,16,0
7.761999999999999,-0.0006385607780482,16,0
7.764,-0.0005135435780482,16,0
7.766,-0.0007756991530482,16,0
7.767999999999998,-0.0010378547280482,16,0
7.769999999999999,-0.0013000103030482,16,0
7.772,-0.0015621658780482,16,0
7.774,-0.0006280821780482,16,0
7.776,-0.0006159579780482,16,0
7.777999999999999,-0.0010243208780482,16,0
7.78,-0.0012712697780482,16,0
7.782,-0.0015182186780482,16,0
7.784,-0.0017651675780482,16,0
7.785999999999999,-0.0009570085780482,16,0
7.788,-0.0007785940780482,16,0
7.79,-0.0006001795780482,16,0
7.792,-0.0006736749780482,16,0
7.793999999999999,-0.0006787448780482,16,0
7.796,-0.0010927988113815,16,0
7.798,-0.0015068527447148,16,0
7.8,-0.0019209066780482,16,0
7.801999999999999,-0.0011358344780482,16,0
7.804,-0.0006265333780482,16,0
7.806,-0.0007078816780482,16,0
7.808,-0.0005230057780482,16,0
7.809999999999999,-0.0007280402780482,16,0
7.812,-0.0009330747780482,16,0
7.814,-0.0011381092780482,16,0
7.816,-0.0013431437780482,16,0
7.817999999999999,-0.0006813826780482,16,0
7.82,-0.0006476115780482,16,0
7.822,-0.0005290557780482,16,0
7.824,-0.0015357636780482,16,0
7.825999999999999,-0.0013010559447148,16,0
7.828,-0.0010663482113815,16,0
7.83,-0.0008316404780482,16,0
7.832,-0.0007370547780482,16,0
7.833999999999999,-0.0006424690780482,16,0
7.836,-0.0006121827780482,16,0
7.838,-0.0010461008780482,16,0
7.84,-0.0012877096447148,16,0
7.841999999999999,-0.0015293184113815,16,0
7.844,-0.0017709271780482,16,0
7.846,-0.0005906326780482,16,0
7.848,-0.0006559242780482,16,0
7.849999999999999,-0.0009126838580482,16,0
7.852,-0.0011694434380482,16,0
7.854,-0.0014262030180482,16,0
7.856,-0.0016829625980482,16,0
7.857999999999999,-0.0019397221780482,16,0
7.86,-0.0011381818780482,16,0
7.862,-0.0007008515780482,16,0
7.864,-0.0005080743780482,16,0
7.865999999999999,-0.0007205564280482,16,0
7.868,-0.0009330384780482,16,0
7.87,-0.0011455205280482,16,0
7.872,-0.0013580025780482,16,0
7.873999999999999,-0.0007029327780482,16,0
7.876,-0.0006298124780482,16,0
7.878,-0.0015192713780482,16,0
7.88,-0.0013396710780482,16,0
7.881999999999999,-0.0011600707780482,16,0
7.884,-0.0009804704780482,16,0
7.886,-0.0008008701780482,16,0
7.888,-0.0007042940280482,16,0
7.889999999999999,-0.0006077178780482,16,0
7.892,-0.0005855143780482,16,0
7.894,-0.0009924010780482,16,0
7.896,-0.0012471706113815,16,0
7.897999999999999,-0.0015019401447148,16,0
7.9,-0.0017567096780482,16,0
7.902,-0.0009699192780482,16,0
7.904,-0.0006058665780482,16,0
7.905999999999999,-0.0006722350780482,16,0
7.908,-0.0006560210780482,16,0
7.91,-0.0010751045780482,16,0
7.912,-0.0014941880780482,16,0
7.913999999999999,-0.0019132715780482,16,0
7.916,-0.0006356930780482,16,0
7.918,-0.0006595300780482,16,0
7.92,-0.0006833670780482,16,0
7.921999999999999,-0.0004953088780482,16,0
7.924,-0.0007062300280482,16,0
7.926,-0.0009171511780482,16,0
7.928,-0.0011280723280482,16,0
7.929999999999999,-0.0013389934780482,16,0
7.932,-0.0006941723780482,16,0
7.934,-0.0006547747780482,16,0
7.936,-0.0005096352780482,16,0
7.937999999999999,-0.0015169602780482,16,0
7.94,-0.0015348279447148,16,0
7.942,-0.0015526956113815,16,0
7.944,-0.0015705632780482,16,0
7.945999999999999,-0.0008117359780482,16,0
7.948,-0.0006236656780482,16,0
7.95,-0.0010228083780482,16,0
7.952,-0.0012635620780482,16,0
7.953999999999998,-0.0015043157780482,16,0
7.956,-0.0017450694780482,16,0
7.958,-0.0013561633780482,16,0
7.96,-0.0009672572780482,16,0
7.961999999999998,-0.0005859741780482,16,0
7.964,-0.0006407871780482,16,0
7.966,-0.0006490998780482,16,0
7.968,-0.0010739349113815,16,0
7.969999999999998,-0.0014987699447148,16,0
7.972,-0.0019236049780482,16,0
7.974,-0.0011405776780482,16,0
7.976,-0.0006413679780482,16,0
7.977999999999998,-0.0004882303780482,16,0
7.98,-0.0006568196780482,16,0
7.982,-0.0008254089780482,16,0
7.984,-0.0009939982780482,16,0
7.985999999999998,-0.0011625875780482,16,0
7.988,-0.0013311768780482,16,0
7.99,-0.0006709403780482,16,0
7.992,-0.0006152440780482,16,0
7.993999999999998,-0.0005001851780482,16,0
7.996,-0.0014929417780482,16,0
7.998,-0.0015341059780482,16,0
8.0,-0.0015752701780482,17,1
8.002,-0.0011936119780482,17,1
8.003999999999998,-0.0008119537780482,17,1
8.006,-0.0006040152780482,17,1
8.008,-0.0006233389780482,17,1
8.009999999999998,-0.0009100303280482,17,1
8.012,-0.0011967216780482,17,1
8.013999999999998,-0.0014834130280482,17,1
8.016,-0.0017701043780482,17,1
8.018,-0.0009772034780482,17,1
8.019999999999998,-0.0005903180780482,17,1
8.022,-0.0006512778780482,17,1
8.024,-0.0009714287530482,17,1
8.026,-0.0012915796280482,17,1
8.028,-0.0016117305030482,17,1
8.029999999999998,-0.0019318813780482,17,1
8.032,-0.0011353504780482,17,1
8.034,-0.0005984008780482,17,1
8.035999999999998,-0.0004935180780482,17,1
8.038,-0.0006637239380482,17,1
8.04,-0.0008339297980482,17,1
8.042,-0.0010041356580482,17,1
8.044,-0.0011743415180482,17,1
8.045999999999998,-0.0013445473780482,17,1
8.048,-0.0006945837780482,17,1
8.05,-0.0006389842780482,17,1
8.051999999999998,-0.0005220740780482,17,1
8.054,-0.0015166698780482,17,1
8.056,-0.0015380667113815,17,1
8.058,-0.0015594635447148,17,1
8.06,-0.0015808603780482,17,1
8.061999999999998,-0.0005816544780482,17,1
8.064,-0.0005776796280482,17,1
8.066,-0.0005737047780482,17,1
8.067999999999998,-0.0008720393530482,17,1
8.07,-0.0011703739280482,17,1
8.072,-0.0014687085030482,17,1
8.074,-0.0017670430780482,17,1
8.076,-0.0009638450780482,17,1
8.077999999999998,-0.0006679758780482,17,1
8.08,-0.0006556943780482,17,1
8.082,-0.0009909914280482,17,1
8.083999999999998,-0.0013262884780482,17,1
8.086,-0.0016615855280482,17,1
8.088,-0.0019968825780482,17,1
8.09,-0.0011616679780482,17,1
8.092,-0.0006061690780482,17,1
8.093999999999998,-0.0006908690780482,17,1
8.096,-0.0005601285780482,17,1
8.098,-0.0007601718280482,17,1
8.099999999999998,-0.0009602150780482,17,1
8.102,-0.0011602583280482,17,1
8.104,-0.0013603015780482,17,1
8.106,-0.0007515868780482,17,1
8.108,-0.0006495959780482,17,1
8.109999999999998,-0.0006081171780482,17,1
8.112,-0.0016086903780482,17,1
8.114,-0.0016504232780482,17,1
8.115999999999998,-0.0016921561780482,17,1
8.118,-0.0017338890780482,17,1
8.12,-0.0009902109780482,17,1
8.122,-0.0008377146780482,17,1
8.124,-0.0008484352780482,17,1
8.125999999999998,-0.0012777553780482,17,1
8.128,-0.0013486795280482,17,1
8.13,-0.0014196036780482,17,1
8.131999999999998,-0.0014905278280482,17,1
8.134,-0.0015614519780482,17,1
8.136,-0.0013350367780482,17,1
8.138,-0.0014375036113815,17,1
8.14,-0.0015399704447148,17,1
8.141999999999998,-0.0016424372780482,17,1
8.144,-0.0017449041113815,17,1
8.146,-0.0018473709447148,17,1
8.147999999999998,-0.0019498377780482,17,1
8.15,-0.0014019981780482,17,1
8.152,-0.0014569200780482,17,1
8.154,-0.0012667080780482,17,1
8.156,-0.0012412714580482,17,1
8.157999999999998,-0.0012158348380482,17,1
8.16,-0.0011903982180482,17,1
8.162,-0.0011649615980482,17,1
8.163999999999998,-0.0011395249780482,17,1
8.166,-0.0011634760637625,17,1
8.168,-0.0011874271494767,17,1
8.17,-0.001211378235191,17,1
8.172,-0.0012353293209053,17,1
8.173999999999998,-0.0012592804066196,17,1
8.176,-0.0012832314923339,17,1
8.178,-0.0013071825780482,17,1
8.179999999999998,-0.0010544014780482,17,1
8.182,-0.0010141447780482,17,1
8.184,-0.0013742165780482,17,1
8.186,-0.0013417190030482,17,1
8.188,-0.0013092214280482,17,1
8.189999999999998,-0.0012767238530482,17,1
8.192,-0.0012442262780482,17,1
8.194,-0.0008245377780482,17,1
8.195999999999998,-0.0008574860780482,17,1
8.198,-0.0008581636780482,17,1
8.199999999999998,-0.0009691751280482,17,1
8.202,-0.0010801865780482,17,1
8.204,-0.0011911980280482,17,1
8.205999999999998,-0.0013022094780482,17,1
8.208,-0.0007897139780482,17,1
8.21,-0.0005926170780482,17,1
8.211999999999998,-0.0006281063780482,17,1
8.214,-0.0006635956780482,17,1
8.215999999999998,-0.0006990849780482,17,1
8.218,-0.0007345742780482,17,1
8.22,-0.0006833549780482,17,1
8.221999999999998,-0.0005446163780482,17,1
8.224,-0.0010237824280482,17,1
8.226,-0.0015029484780482,17,1
8.227999999999998,-0.0015114638530482,17,1
8.23,-0.0015199792280482,17,1
8.231999999999998,-0.0015284946030482,17,1
8.234,-0.0015370099780482,17,1
8.236,-0.0007931987780482,17,1
8.237999999999998,-0.0005850424780482,17,1
8.24,-0.0008206512580482,17,1
8.242,-0.0010562600380482,17,1
8.243999999999998,-0.0012918688180482,17,1
8.246,-0.0015274775980482,17,1
8.247999999999998,-0.0017630863780482,17,1
8.25,-0.0009473285780482,17,1
8.252,-0.0005584103780482,17,1
8.253999999999998,-0.0006080929780482,17,1
8.256,-0.0005841349780482,17,1
8.258,-0.0010330167447148,17,1
8.259999999999998,-0.0014818985113815,17,1
8.262,-0.0019307802780482,17,1
8.263999999999998,-0.0011433122780482,17,1
8.266,-0.0005837840780482,17,1
8.268,-0.0006363585780482,17,1
8.269999999999998,-0.0008562317113815,17,1
8.272,-0.0010761048447148,17,1
8.274,-0.0012959779780482,17,1
8.276,-0.0010827316113815,17,1
8.278,-0.0008694852447148,17,1
8.279999999999998,-0.0006562388780482,17,1
8.282,-0.0005839292780482,17,1
8.284,-0.0004753559780482,17,1
8.285999999999998,-0.0014502408780482,17,1
8.288,-0.0012323077780482,17,1
8.29,-0.0010143746780482,17,1
8.292,-0.0007964415780482,17,1
8.294,-0.0006093997780482,17,1
8.295999999999998,-0.0008371387180482,17,1
8.298,-0.0010648776580482,17,1
8.3,-0.0012926165980482,17,1
8.301999999999998,-0.0015203555380482,17,1
8.304,-0.0017480944780482,17,1
8.306,-0.0010141205780482,17,1
8.308,-0.0006444897780482,17,1
8.31,-0.0006868639780482,17,1
8.311999999999998,-0.0007138106780482,17,1
8.314,-0.0008605171280482,17,1
8.316,-0.0010072235780482,17,1
8.317999999999998,-0.0011539300280482,17,1
8.32,-0.0013006364780482,17,1
8.322,-0.0007990672780482,17,1
8.324,-0.0008537350780482,17,1
8.326,-0.0006657857780482,17,1
8.327999999999998,-0.0009304672280482,17,1
8.33,-0.0011951486780482,17,1
8.332,-0.0014598301280482,17,1
8.333999999999998,-0.0017245115780482,17,1
8.336,-0.0011124451780482,17,1
8.338,-0.0010913064780482,17,1
8.34,-0.0011872618980482,17,1
8.342,-0.0012832173180482,17,1
8.343999999999998,-0.0013791727380482,17,1
8.346,-0.0014751281580482,17,1
8.348,-0.0015710835780482,17,1
8.349999999999998,-0.0013944961780482,17,1
8.352,-0.0017789252780482,17,1
8.354,-0.0017882955180482,17,1
8.356,-0.0017976657580482,17,1
8.358,-0.0018070359980482,17,1
8.359999999999998,-0.0018164062380482,17,1
8.362,-0.0018257764780482,17,1
8.364,-0.0014433801780482,17,1
8.365999999999998,-0.0015264446613815,17,1
8.368,-0.0016095091447148,17,1
8.37,-0.0016925736280482,17,1
8.372,-0.0017756381113815,17,1
8.374,-0.0018587025947148,17,1
8.375999999999998,-0.0019417670780482,17,1
8.378,-0.0013664483780482,17,1
8.38,-0.0013874297780482,17,1
8.381999999999998,-0.0013750292947148,17,1
8.384,-0.0013626288113815,17,1
8.386,-0.0013502283280482,17,1
8.388,-0.0013378278447148,17,1
8.39,-0.0013254273613815,17,1
8.391999999999998,-0.0013130268780482,17,1
8.394,-0.0011669072780482,17,1
8.396,-0.0012051432780482,17,1
8.397999999999998,-0.0012433792780482,17,1
8.4,-0.0012816152780482,17,1
8.402,-0.0013198512780482,17,1
8.404,-0.0013580872780482,17,1
8.406,-0.0011003451780482,17,1
8.407999999999998,-0.0012554611280482,17,1
8.41,-0.0014105770780482,17,1
8.412,-0.0012654214447148,17,1
8.413999999999998,-0.0011202658113815,17,1
8.416,-0.0009751101780482,17,1
8.418,-0.0010189726780482,17,1
8.42,-0.0009961440113815,17,1
8.422,-0.0009733153447148,17,1
8.423999999999998,-0.0009504866780482,17,1
8.426,-0.0011197172780482,17,1
8.428,-0.0012889478780482,17,1
8.429999999999998,-0.0014581784780482,17,1
8.432,-0.0012740648780482,17,1
8.434,-0.0010899512780482,17,1
8.436,-0.0009058376780482,17,1
8.438,-0.0009544675780482,17,1
8.439999999999998,-0.0009474786180482,17,1
8.442,-0.0009404896580482,17,1
8.444,-0.0009335006980482,17,1
8.445999999999998,-0.0009265117380482,17,1
8.448,-0.0009195227780482,17,1
8.449999999999998,-0.0007310652780482,17,1
8.452,-0.0011963889280482,17,1
8.454,-0.0016617125780482,17,1
8.455999999999998,-0.0016841903447148,17,1
8.458,-0.0017066681113815,17,1
8.46,-0.0017291458780482,17,1
8.461999999999998,-0.0012387812780482,17,1
8.464,-0.0007484166780482,17,1
8.465999999999998,-0.0009179255780482,17,1
8.468,-0.0010874344780482,17,1
8.47,-0.0014953980780482,17,1
8.471999999999998,-0.0019033616780482,17,1
8.474,-0.0016255295447148,17,1
8.476,-0.0013476974113815,17,1
8.477999999999998,-0.0010698652780482,17,1
8.48,-0.0006955880780482,17,1
8.481999999999998,-0.0007548780780482,17,1
8.484,-0.0006891024780482,17,1
8.486,-0.0006982331380482,17,1
8.487999999999998,-0.0007073637980482,17,1
8.49,-0.0007164944580482,17,1
8.492,-0.0007256251180482,17,1
8.493999999999998,-0.0007347557780482,17,1
8.496,-0.0005360253780482,17,1
8.497999999999998,-0.0007506945030482,17,1
8.5,-0.0009653636280482,18,0
8.502,-0.0011800327530482,18,0
8.503999999999998,-0.0013947018780482,18,0
8.506,-0.0007523249780482,18,0
8.508,-0.0006841051780482,18,0
8.509999999999998,-0.0005307255780482,18,0
8.512,-0.0014564965780482,18,0
8.513999999999998,-0.0014977575780482,18,0
8.516,-0.0015390185780482,18,0
8.518,-0.0015802795780482,18,0
8.519999999999998,-0.0006414647780482,18,0
8.522,-0.0006328374780482,18,0
8.524,-0.0006242101780482,18,0
8.526,-0.0009050995780482,18,0
8.528,-0.0011859889780482,18,0
8.529999999999998,-0.0014668783780482,18,0
8.532,-0.0017477677780482,18,0
8.534,-0.0009728353780482,18,0
8.535999999999998,-0.0005859136780482,18,0
8.538,-0.0005924355780482,18,0
8.54,-0.0009199462780482,18,0
8.542,-0.0012474569780482,18,0
8.544,-0.0015749676780482,18,0
8.545999999999998,-0.0019024783780482,18,0
8.548,-0.0011338984780482,18,0
8.55,-0.0006089278780482,18,0
8.551999999999998,-0.0006401458780482,18,0
8.554,-0.0004276577780482,18,0
8.556,-0.0019239316780482,18,0
8.558,-0.0015038075780482,18,0
8.56,-0.0010836834780482,18,0
8.561999999999998,-0.0006635593780482,18,0
8.564,-0.0006375988280482,18,0
8.566,-0.0006116382780482,18,0
8.567999999999998,-0.0013862439780482,18,0
8.57,-0.0014387539447148,18,0
8.572,-0.0014912639113815,18,0
8.574,-0.0015437738780482,18,0
8.576,-0.0011771438780482,18,0
8.577999999999998,-0.0008105138780482,18,0
8.58,-0.0006031077780482,18,0
8.582,-0.0005689857780482,18,0
8.583999999999998,-0.0009044098780482,18,0
8.586,-0.0009138680447148,18,0
8.588,-0.0009233262113815,18,0
8.59,-0.0009327843780482,18,0
8.592,-0.0005688163780482,18,0
8.593999999999998,-0.0006063142780482,18,0
8.596,-0.0005717022280482,18,0
8.598,-0.0005370901780482,18,0
8.599999999999998,-0.0009957890780482,18,0
8.602,-0.0014544879780482,18,0
8.604,-0.0019131868780482,18,0
8.606,-0.0011173214780482,18,0
8.608,-0.0005959687780482,18,0
8.609999999999998,-0.0004325945780482,18,0
8.612,-0.0006596178030482,18,0
8.614,-0.0008866410280482,18,0
8.615999999999998,-0.0011136642530482,18,0
8.618,-0.0013406874780482,18,0
8.62,-0.0006803783780482,18,0
8.622,-0.0004623242780482,18,0
8.624,-0.0013737567780482,18,0
8.625999999999998,-0.0014093307780482,18,0
8.628,-0.0014449047780482,18,0
8.63,-0.0014804787780482,18,0
8.631999999999998,-0.0015160527780482,18,0
8.634,-0.0005633592780482,18,0
8.636,-0.0005591121780482,18,0
8.638,-0.0005548650780482,18,0
8.64,-0.0008813835780482,18,0
8.641999999999998,-0.0013054583280482,18,0
8.644,-0.0017295330780482,18,0
8.646,-0.0013375172780482,18,0
8.647999999999998,-0.0009455014780482,18,0
8.65,-0.0005571882780482,18,0
8.652,-0.0006081413780482,18,0
8.654,-0.0005402361780482,18,0
8.656,-0.0012079746780482,18,0
8.657999999999998,-0.0018757131780482,18,0
8.66,-0.0011218831780482,18,0
8.662,-0.0005840623780482,18,0
8.663999999999998,-0.0006079598780482,18,0
8.666,-0.0003998882780482,18,0
8.668,-0.0011363729280482,18,0
8.67,-0.0018728575780482,18,0
8.672,-0.0016905267113815,18,0
8.673999999999998,-0.0015081958447148,18,0
8.676,-0.0013258649780482,18,0
8.678,-0.0006669836780482,18,0
8.679999999999998,-0.0006097264780482,18,0
8.682,-0.0004644417780482,18,0
8.684,-0.0013702719780482,18,0
8.686,-0.0011825687113815,18,0
8.688,-0.0009948654447148,18,0
8.689999999999998,-0.0008071621780482,18,0
8.692,-0.0007031687280482,18,0
8.694,-0.0005991752780482,18,0
8.695999999999998,-0.0009057650780482,18,0
8.698,-0.0011824275447148,18,0
8.699999999999998,-0.0014590900113815,18,0
8.702,-0.0017357524780482,18,0
8.704,-0.0013525817780482,18,0
8.705999999999998,-0.0009694110780482,18,0
8.708,-0.0006271746780482,18,0
8.71,-0.0006040394780482,18,0
8.711999999999998,-0.0005809042780482,18,0
8.714,-0.0012356715780482,18,0
8.715999999999998,-0.0018904388780482,18,0
8.718,-0.0015148911780482,18,0
8.72,-0.0011393434780482,18,0
8.721999999999998,-0.0006319299780482,18,0
8.724,-0.0004293517780482,18,0
8.726,-0.0006525665280482,18,0
8.727999999999998,-0.0008757812780482,18,0
8.73,-0.0010989960280482,18,0
8.731999999999998,-0.0013222107780482,18,0
8.734,-0.0006823990780482,18,0
8.736,-0.0006450221780482,18,0
8.737999999999998,-0.0006076452780482,18,0
8.74,-0.0004588515780482,18,0
8.742,-0.0013615962780482,18,0
8.743999999999998,-0.0014191156447148,18,0
8.746,-0.0014766350113815,18,0
8.747999999999998,-0.0015341543780482,18,0
8.75,-0.0007856604780482,18,0
8.752,-0.0005648233780482,18,0
8.753999999999998,-0.0008609829780482,18,0
8.756,-0.0008922332447148,18,0
8.758,-0.0009234835113815,18,0
8.759999999999998,-0.0009547337780482,18,0
8.762,-0.0007586472280482,18,0
8.763999999999998,-0.0005625606780482,18,0
8.766,-0.0006019038280482,18,0
8.768,-0.0006412469780482,18,0
8.769999999999998,-0.0005726036780482,18,0
8.772,-0.0010189202447148,18,0
8.774,-0.0014652368113815,18,0
8.776,-0.0019115533780482,18,0
8.778,-0.0011177207780482,18,0
8.779999999999998,-0.0005929195780482,18,0
8.782,-0.0006400127780482,18,0
8.784,-0.0004256007780482,18,0
8.785999999999998,-0.0007288469447148,18,0
8.788,-0.0010320931113815,18,0
8.79,-0.0013353392780482,18,0
8.792,-0.0006761433780482,18,0
8.794,-0.0006067498780482,18,0
8.795999999999998,-0.0004718711780482,18,0
8.798,-0.0009203697780482,18,0
8.8,-0.0013688683780482,18,0
8.801999999999998,-0.0014253632780482,18,0
8.804,-0.0014818581780482,18,0
8.806,-0.0015383530780482,18,0
8.808,-0.0007917346780482,18,0
8.81,-0.0005836509780482,18,0
8.811999999999998,-0.0007385612280482,18,0
8.814,-0.0008934714780482,18,0
8.816,-0.0011750546113815,18,0
8.817999999999998,-0.0014566377447148,18,0
8.82,-0.0017382208780482,18,0
8.822,-0.0009437832780482,18,0
8.824,-0.0005794159780482,18,0
8.826,-0.0006625429780482,18,0
8.827999999999998,-0.0005666141780482,18,0
8.83,-0.0012424415280482,18,0
8.832,-0.0019182688780482,18,0
8.833999999999998,-0.0011353988780482,18,0
8.836,-0.0008923945780482,18,0
8.838,-0.0006493902780482,18,0
8.84,-0.0005422145280482,18,0
8.842,-0.0004350387780482,18,0
8.843999999999998,-0.0018734746780482,18,0
8.846,-0.0016913212780482,18,0
8.848,-0.0015091678780482,18,0
8.849999999999998,-0.0013270144780482,18,0
8.852,-0.0006820481780482,18,0
8.854,-0.0006209068780482,18,0
8.856,-0.0013513959780482,18,0
8.858,-0.0014096090780482,18,0
8.859999999999998,-0.0014678221780482,18,0
8.862,-0.0015260352780482,18,0
8.864,-0.0008018260780482,18,0
8.865999999999998,-0.0007082809780482,18,0
8.868,-0.0006147358780482,18,0
8.87,-0.0008583451780482,18,0
8.872,-0.0010775850780482,18,0
8.874,-0.0012968249780482,18,0
8.875999999999998,-0.0015160648780482,18,0
8.878,-0.0017353047780482,18,0
8.88,-0.0005677636780482,18,0
8.881999999999998,-0.0006020974280482,18,0
8.884,-0.0006364311780482,18,0
8.886,-0.0005516948780482,18,0
8.888,-0.0007404468113815,18,0
8.89,-0.0009291987447148,18,0
8.891999999999998,-0.0011179506780482,18,0
8.894,-0.0006742678780482,18,0
8.896,-0.0005621250780482,18,0
8.897999999999998,-0.0004499822780482,18,0
8.9,-0.0011649228780482,18,0
8.902,-0.0018798634780482,18,0
8.904,-0.0017004890447148,18,0
8.906,-0.0015211146113815,18,0
8.907999999999998,-0.0013417401780482,18,0
8.91,-0.0007023035780482,18,0
8.912,-0.0006367578780482,18,0
8.913999999999998,-0.0013696185780482,18,0
8.916,-0.0014096393280482,18,0
8.918,-0.0014496600780482,18,0
8.92,-0.0014896808280482,18,0
8.922,-0.0015297015780482,18,0
8.923999999999998,-0.0005930163780482,18,0
8.926,-0.0005826043280482,18,0
8.928,-0.0005721922780482,18,0
8.929999999999998,-0.0008951170780482,18,0
8.932,-0.0011715335113815,18,0
8.934,-0.0014479499447148,18,0
8.936,-0.0017243663780482,18,0
8.938,-0.0009679469780482,18,0
8.939999999999998,-0.0006191281780482,18,0
8.942,-0.0005415792780482,18,0
8.944,-0.0008811446030482,18,0
8.945999999999998,-0.0012207099280482,18,0
8.948,-0.0015602752530482,18,0
8.949999999999998,-0.0018998405780482,18,0
8.952,-0.0011408317780482,18,0
8.954,-0.0006483012780482,18,0
8.955999999999998,-0.0005348456280482,18,0
8.958,-0.0004213899780482,18,0
8.96,-0.0018802627780482,18,0
8.961999999999998,-0.0016173902780482,18,0
8.964,-0.0013545177780482,18,0
8.965999999999998,-0.0010225482280482,18,0
8.968,-0.0006905786780482,18,0
8.97,-0.0006187046780482,18,0
8.971999999999998,-0.0013611485780482,18,0
8.974,-0.0014203619447148,18,0
8.976,-0.0014795753113815,18,0
8.977999999999998,-0.0015387886780482,18,0
8.98,-0.0011838835780482,18,0
8.981999999999998,-0.0008289784780482,18,0
8.984,-0.0005480527780482,18,0
8.986,-0.0007874996780482,18,0
8.987999999999998,-0.0010269465780482,18,0
8.99,-0.0012663934780482,18,0
8.992,-0.0015058403780482,18,0
8.993999999999998,-0.0017452872780482,18,0
8.996,-0.0005949160780482,18,0
8.997999999999998,-0.0006243614280482,18,0
9.0,-0.0006538067780482,19,0
9.002,-0.0005672070780482,19,0
9.003999999999998,-0.0007733507447148,19,0
9.006,-0.0009794944113815,19,0
9.008,-0.0011856380780482,19,0
9.01,-0.0009164493780482,19,0
9.012,-0.0006472606780482,19,0
9.014,-0.0006778010780482,19,0
9.016,-0.0019165385780482,19,0
9.018,-0.0016132278780482,19,0
9.02,-0.0013099171780482,19,0
9.022,-0.0010066064780482,19,0
9.024,-0.0007032957780482,19,0
9.026,-0.0006654893280482,19,0
9.028,-0.0006276828780482,19,0
9.03,-0.0004960348780482,19,0
9.032,-0.0007692196030482,19,0
9.034,-0.0010424043280482,19,0
9.036,-0.0013155890530482,19,0
9.038,-0.0015887737780482,19,0
9.04,-0.0008304062780482,19,0
9.042,-0.0005985460780482,19,0
9.044,-0.0005986307780482,19,0
9.046,-0.0009868915447148,19,0
9.048,-0.0013751523113815,19,0
9.05,-0.0017634130780482,19,0
9.052,-0.0009878030780482,19,0
9.054,-0.0005915038780482,19,0
9.056,-0.0006457118780482,19,0
9.058,-0.0005813882780482,19,0
9.06,-0.0009117727280482,19,0
9.062,-0.0012421571780482,19,0
9.064,-0.0015725416280482,19,0
9.066,-0.0019029260780482,19,0
9.068,-0.0011483458780482,19,0
9.07,-0.0006015468780482,19,0
9.072,-0.0006403515780482,19,0
9.074,-0.0004446582780482,19,0
9.076,-0.0018760882780482,19,0
9.078,-0.0016260296780482,19,0
9.08,-0.0013759710780482,19,0
9.082,-0.0006865735780482,19,0
9.084,-0.0005803053280482,19,0
9.086,-0.0004740370780482,19,0
9.088,-0.0013724862780482,19,0
9.09,-0.0011845692447148,19,0
9.092,-0.0009966522113815,19,0
9.094,-0.0008087351780482,19,0
9.096,-0.0006962233280482,19,0
9.098,-0.0005837114780482,19,0
9.1,-0.0005778974280482,19,0
9.102,-0.0005720833780482,19,0
9.104,-0.0008945846780482,19,0
9.106,-0.0013255987780482,19,0
9.108,-0.0017566128780482,19,0
9.11,-0.0009749649780482,19,0
9.112,-0.0005703530780482,19,0
9.114,-0.0006412348780482,19,0
9.116,-0.0005660938780482,19,0
9.118,-0.0009117303780482,19,0
9.12,-0.0012573668780482,19,0
9.122,-0.0016030033780482,19,0
9.124,-0.0019486398780482,19,0
9.126,-0.0012854388780482,19,0
9.128,-0.0006222378780482,19,0
9.13,-0.0004555482780482,19,0
9.132,-0.0019118316780482,19,0
9.134,-0.0017818504530482,19,0
9.136,-0.0016518692280482,19,0
9.138000000000002,-0.0015218880030482,19,0
9.14,-0.0013919067780482,19,0
9.142,-0.0007186869780482,19,0
9.144,-0.0006332609780482,19,0
9.146,-0.0013870304780482,19,0
9.148,-0.0014466794447148,19,0
9.15,-0.0015063284113815,19,0
9.152,-0.0015659773780482,19,0
9.154000000000002,-0.0008353793780482,19,0
9.156,-0.0006055761780482,19,0
9.158,-0.0005949160780482,19,0
9.16,-0.0008912813780482,19,0
9.162,-0.0011093475780482,19,0
9.164,-0.0013274137780482,19,0
9.166,-0.0015454799780482,19,0
9.168,-0.0017635461780482,19,0
9.170000000000002,-0.0009832897780482,19,0
9.172,-0.0006510963780482,19,0
9.174,-0.0005657671780482,19,0
9.176,-0.0010265271113815,19,0
9.178,-0.0014872870447148,19,0
9.18,-0.0019480469780482,19,0
9.182,-0.0011669556780482,19,0
9.184,-0.0006702990780482,19,0
9.186000000000002,-0.0004593597780482,19,0
9.188,-0.0009405687113815,19,0
9.19,-0.0014217776447148,19,0
9.192,-0.0019029865780482,19,0
9.194,-0.0017209622447148,19,0
9.196,-0.0015389379113815,19,0
9.198,-0.0013569135780482,19,0
9.2,-0.0006792409780482,19,0
9.202000000000002,-0.0006108759780482,19,0
9.204,-0.0004730811780482,19,0
9.206,-0.0013691345780482,19,0
9.208,-0.0014656683780482,19,0
9.21,-0.0015622021780482,19,0
9.212,-0.0011953785780482,19,0
9.214,-0.0008285549780482,19,0
9.216,-0.0006045234780482,19,0
9.218000000000002,-0.0005802508780482,19,0
9.22,-0.0008742294530482,19,0
9.222,-0.0011682080280482,19,0
9.224,-0.0014621866030482,19,0
9.226,-0.0017561651780482,19,0
9.228,-0.0009776027780482,19,0
9.23,-0.0005892653780482,19,0
9.232,-0.0006363585780482,19,0
9.234000000000002,-0.0005637706780482,19,0
9.236,-0.0012452789780482,19,0
9.238,-0.0019267872780482,19,0
9.24,-0.0011623576780482,19,0
9.242,-0.0008956313280482,19,0
9.244,-0.0006289049780482,19,0
9.246,-0.0006432071780482,19,0
9.248,-0.0004491594780482,19,0
9.25,-0.0005136403780482,19,0
9.252,-0.0005781212780482,19,0
9.254,-0.0006426021780482,19,0
9.256,-0.0007070830780482,19,0
9.258,-0.0006166355780482,19,0
9.26,-0.0004781147780482,19,0
9.262,-0.0007540068780482,19,0
9.264,-0.0010298989780482,19,0
9.266,-0.0013057910780482,19,0
9.268,-0.0015816831780482,19,0
9.27,-0.0008486409780482,19,0
9.272,-0.0005970456780482,19,0
9.274,-0.0009045671780482,19,0
9.276,-0.0011244302280482,19,0
9.278,-0.0013442932780482,19,0
9.28,-0.0015641563280482,19,0
9.282,-0.0017840193780482,19,0
9.284,-0.0005988243780482,19,0
9.286,-0.0006244945280482,19,0
9.288,-0.0006501646780482,19,0
9.29,-0.0005696270780482,19,0
9.292,-0.0010192550113815,19,0
9.294,-0.0014688829447148,19,0
9.296,-0.0019185108780482,19,0
9.298,-0.0011692183780482,19,0
9.3,-0.0006326075780482,19,0
9.302,-0.0006516892780482,19,0
9.304,-0.0004541809780482,19,0
9.306,-0.0019119284780482,19,0
9.308,-0.0017378619113815,19,0
9.31,-0.0015637953447148,19,0
9.312,-0.0013897287780482,19,0
9.314,-0.0007238536780482,19,0
9.316,-0.0006334666780482,19,0
9.318,-0.0004850843780482,19,0
9.32,-0.0013772536780482,19,0
9.322,-0.0014426743447148,19,0
9.324,-0.0015080950113815,19,0
9.326,-0.0015735156780482,19,0
9.328,-0.0008309507780482,19,0
9.33,-0.0005990542780482,19,0
9.332,-0.0006061569780482,19,0
9.334,-0.0009084028780482,19,0
9.336,-0.0011921357780482,19,0
9.338,-0.0014758686780482,19,0
9.34,-0.0017596015780482,19,0
9.342,-0.0009889283780482,19,0
9.344,-0.0005944078780482,19,0
9.346,-0.0006553676780482,19,0
9.348,-0.0005939238780482,19,0
9.35,-0.0010459879447148,19,0
9.352,-0.0014980520113815,19,0
9.354,-0.0019501160780482,19,0
9.356,-0.0012035460780482,19,0
9.358,-0.0006431345780482,19,0
9.36,-0.0006789021780482,19,0
9.362,-0.0004719558780482,19,0
9.364,-0.0019140459780482,19,0
9.366,-0.0017379829113815,19,0
9.368,-0.0015619198447148,19,0
9.37,-0.0013858567780482,19,0
9.372,-0.0007114148780482,19,0
9.374,-0.0006132112780482,19,0
9.376,-0.0004948127780482,19,0
9.378,-0.0013857720780482,19,0
9.38,-0.0014411699113815,19,0
9.382,-0.0014965677447148,19,0
9.384,-0.0015519655780482,19,0
9.386,-0.0007994181780482,19,0
9.388000000000002,-0.0005849093780482,19,0
9.39,-0.0005895678780482,19,0
9.392,-0.0009042525780482,19,0
9.394,-0.0011996055113815,19,0
9.396,-0.0014949584447148,19,0
9.398,-0.0017903113780482,19,0
9.4,-0.0010119425780482,19,0
9.402,-0.0006027447780482,19,0
9.404000000000002,-0.0006853877780482,19,0
9.406,-0.0005976990780482,19,0
9.408,-0.0010463348113815,19,0
9.41,-0.0014949705447148,19,0
9.412,-0.0019436062780482,19,0
9.414,-0.0011772648780482,19,0
9.416,-0.0006294978780482,19,0
9.418,-0.0004969302780482,19,0
9.420000000000002,-0.0012086462280482,19,0
9.422,-0.0019203621780482,19,0
9.424,-0.0017322071780482,19,0
9.426,-0.0015440521780482,19,0
9.428,-0.0013558971780482,19,0
9.43,-0.0007043484780482,19,0
9.432,-0.0006097990780482,19,0
9.434,-0.0004895613780482,19,0
9.436000000000002,-0.0013726919780482,19,0
9.438,-0.0014436625113815,19,0
9.44,-0.0015146330447148,19,0
9.442,-0.0015856035780482,19,0
9.444,-0.0008085657780482,19,0
9.446,-0.0005869300780482,19,0
9.448,-0.0005993325780482,19,0
9.45,-0.0009898681447148,19,0
9.452000000000002,-0.0013804037113815,19,0
9.454,-0.0017709392780482,19,0
9.456,-0.0013717663280482,19,0
9.458,-0.0009725933780482,19,0
9.46,-0.0005828402780482,19,0
9.462,-0.0006860048780482,19,0
9.464,-0.0006030593780482,19,0
9.466,-0.0012690191780482,19,0
9.468000000000002,-0.0019349789780482,19,0
9.47,-0.0011662175780482,19,0
9.472,-0.0008979424280482,19,0
9.474,-0.0006296672780482,19,0
9.476,-0.0006770750780482,19,0
9.478,-0.0019037004780482,19,0
9.48,-0.0017683831530482,19,0
9.482,-0.0016330658280482,19,0
9.484000000000002,-0.0014977485030482,19,0
9.486,-0.0013624311780482,19,0
9.488,-0.0007033562780482,19,0
9.49,-0.0006422512780482,19,0
9.492,-0.0005067554780482,19,0
9.494,-0.0013855663780482,19,0
9.496,-0.0014539717113815,19,0
9.498,-0.0015223770447148,19,0
9.5,-0.0015907823780482,20,0
9.502,-0.0008345081780482,20,0
9.504,-0.0005965979780482,20,0
9.506,-0.0008286130580482,20,0
9.508,-0.0010606281380482,20,0
9.51,-0.0012926432180482,20,0
9.512,-0.0015246582980482,20,0
9.514,-0.0017566733780482,20,0
9.516,-0.0009695925780482,20,0
9.518,-0.0005837114780482,20,0
9.52,-0.0006375685780482,20,0
9.522,-0.0005733659780482,20,0
9.524,-0.0012424657280482,20,0
9.526,-0.0019115654780482,20,0
9.528,-0.0011448126780482,20,0
9.53,-0.0006174583780482,20,0
9.532,-0.0006345193780482,20,0
9.534,-0.0006515803780482,20,0
9.536,-0.0004283958780482,20,0
9.538,-0.0007375710447148,20,0
9.54,-0.0010467462113815,20,0
9.542,-0.0013559213780482,20,0
9.544,-0.0006927808780482,20,0
9.546,-0.0006153771780482,20,0
9.548,-0.0004769531780482,20,0
9.55,-0.0013661579780482,20,0
9.552,-0.0014316068780482,20,0
9.554,-0.0014970557780482,20,0
9.556,-0.0015625046780482,20,0
9.558,-0.0011915912780482,20,0
9.56,-0.0008206778780482,20,0
9.562,-0.0005921451780482,20,0
9.564,-0.0005776977780482,20,0
9.566,-0.0008745228780482,20,0
9.568,-0.0011613493447148,20,0
9.57,-0.0014481758113815,20,0
9.572,-0.0017350022780482,20,0
9.574,-0.0009815473780482,20,0
9.576,-0.0005791497780482,20,0
9.578,-0.0006436064780482,20,0
9.58,-0.0005598502780482,20,0
9.582,-0.0010156572780482,20,0
9.584,-0.0014714642780482,20,0
9.586,-0.0019272712780482,20,0
9.588,-0.0011727031780482,20,0
9.59,-0.0006588040780482,20,0
9.592,-0.0005490147280482,20,0
9.594,-0.0004392253780482,20,0
9.596,-0.0007553459447148,20,0
9.598,-0.0010714665113815,20,0
9.6,-0.0013875870780482,20,0
9.602,-0.0007270359780482,20,0
9.604,-0.0006296188780482,20,0
9.606,-0.0004949337780482,20,0
9.608,-0.0005803144030482,20,0
9.61,-0.0006656950280482,20,0
9.612,-0.0007510756530482,20,0
9.614,-0.0008364562780482,20,0
9.616,-0.0005661664780482,20,0
9.618,-0.0008713526780482,20,0
9.62,-0.0008957244980482,20,0
9.622,-0.0009200963180482,20,0
9.624,-0.0009444681380482,20,0
9.626,-0.0009688399580482,20,0
9.628,-0.0009932117780482,20,0
9.63,-0.0007779225280482,20,0
9.632,-0.0005626332780482,20,0
9.634,-0.0010187427780482,20,0
9.636,-0.0014748522780482,20,0
9.638000000000002,-0.0019309617780482,20,0
9.64,-0.0015583180780482,20,0
9.642,-0.0011856743780482,20,0
9.644,-0.0006447075780482,20,0
9.646,-0.0006713880780482,20,0
9.648,-0.0004703828780482,20,0
9.65,-0.0019136708780482,20,0
9.652,-0.0017784715280482,20,0
9.654000000000002,-0.0016432721780482,20,0
9.656,-0.0015080728280482,20,0
9.658,-0.0013728734780482,20,0
9.66,-0.0006941844780482,20,0
9.662,-0.0006076815780482,20,0
9.664,-0.0004937721780482,20,0
9.666,-0.0008501655780482,20,0
9.668,-0.0012065589780482,20,0
9.670000000000002,-0.0015629523780482,20,0
9.672,-0.0008085052780482,20,0
9.674,-0.0006957514280482,20,0
9.676,-0.0005829975780482,20,0
9.678,-0.0005757980780482,20,0
9.68,-0.0008950202780482,20,0
9.682,-0.0011781522113815,20,0
9.684,-0.0014612841447148,20,0
9.686000000000002,-0.0017444160780482,20,0
9.688,-0.0006490272780482,20,0
9.69,-0.0005703409780482,20,0
9.692,-0.0009098881530482,20,0
9.694,-0.0012494353280482,20,0
9.696,-0.0015889825030482,20,0
9.698,-0.0019285296780482,20,0
9.7,-0.0006196242780482,20,0
9.702000000000002,-0.0006344225780482,20,0
9.704,-0.0006492208780482,20,0
9.706,-0.0006640191780482,20,0
9.708,-0.0004590693780482,20,0
9.71,-0.0019000583780482,20,0
9.712,-0.0006971973780482,20,0
9.714,-0.0006272351780482,20,0
9.716,-0.0004802201780482,20,0
9.718000000000002,-0.0006924033580482,20,0
9.72,-0.0009045865380482,20,0
9.722,-0.0011167697180482,20,0
9.724,-0.0013289528980482,20,0
9.726,-0.0015411360780482,20,0
9.728,-0.0008136114780482,20,0
9.73,-0.0007029630280482,20,0
9.732,-0.0005923145780482,20,0
9.734000000000002,-0.0005925444780482,20,0
9.736,-0.0005927743780482,20,0
9.738,-0.0009109559780482,20,0
9.74,-0.0009315017780482,20,0
9.742,-0.0009520475780482,20,0
9.744,-0.0009725933780482,20,0
9.746,-0.0005964285780482,20,0
9.748,-0.0006470912780482,20,0
9.75,-0.0005727972780482,20,0
9.752,-0.0007194039030482,20,0
9.754,-0.0008660105280482,20,0
9.756,-0.0010126171530482,20,0
9.758,-0.0011592237780482,20,0
9.76,-0.0008900290280482,20,0
9.762,-0.0006208342780482,20,0
9.764,-0.0006774017780482,20,0
9.766,-0.0004569155780482,20,0
9.768,-0.0005444268113815,20,0
9.77,-0.0006319380447148,20,0
9.772,-0.0007194492780482,20,0
9.774,-0.0006450584780482,20,0
9.776,-0.0004967971780482,20,0
9.778,-0.0007967521447148,20,0
9.78,-0.0010967071113815,20,0
9.782,-0.0013966620780482,20,0
9.784,-0.0014408674113815,20,0
9.786,-0.0014850727447148,20,0
9.788,-0.0015292780780482,20,0
9.79,-0.0006001432780482,20,0
9.792,-0.0009012517780482,20,0
9.794,-0.0011185012280482,20,0
9.796,-0.0013357506780482,20,0
9.798,-0.0015530001280482,20,0
9.8,-0.0017702495780482,20,0
9.802,-0.0009871012780482,20,0
9.804,-0.0007968590280482,20,0
9.806,-0.0006066167780482,20,0
9.808,-0.0005728698780482,20,0
9.81,-0.0010225663780482,20,0
9.812,-0.0014722628780482,20,0
9.814,-0.0019219593780482,20,0
9.816,-0.0006293042780482,20,0
9.818,-0.0006660882780482,20,0
9.82,-0.0019177848780482,20,0
9.822,-0.0018191739113815,20,0
9.824,-0.0017205629447148,20,0
9.826,-0.0016219519780482,20,0
9.828,-0.0015233410113815,20,0
9.83,-0.0014247300447148,20,0
9.832,-0.0013261190780482,20,0
9.834,-0.0007009120780482,20,0
9.836,-0.0004819867780482,20,0
9.838,-0.0013947018780482,20,0
9.84,-0.0011313252113815,20,0
9.842,-0.0008679485447148,20,0
9.844,-0.0006045718780482,20,0
9.846,-0.0006019703780482,20,0
9.848,-0.0005993688780482,20,0
9.85,-0.0005967673780482,20,0
9.852,-0.0005941658780482,20,0
9.854,-0.0009132670780482,20,0
9.856,-0.0011903328780482,20,0
9.858,-0.0014673986780482,20,0
9.86,-0.0017444644780482,20,0
9.862,-0.0009725812780482,20,0
9.864,-0.0005902575780482,20,0
9.866,-0.0006416704780482,20,0
9.868,-0.0010673081447148,20,0
9.87,-0.0014929458113815,20,0
9.872,-0.0019185834780482,20,0
9.874,-0.0015342632780482,20,0
9.876,-0.0011499430780482,20,0
9.878,-0.0006090972780482,20,0
9.88,-0.0006405088780482,20,0
9.882,-0.0004477921780482,20,0
9.884,-0.0019319176780482,20,0
9.886,-0.0017403746780482,20,0
9.888000000000002,-0.0015488316780482,20,0
9.89,-0.0013572886780482,20,0
9.892,-0.0007020857780482,20,0
9.894,-0.0006269326780482,20,0
9.896,-0.0004754527780482,20,0
9.898,-0.0013976784780482,20,0
9.9,-0.0014565651447148,20,0
9.902,-0.0015154518113815,20,0
9.904000000000002,-0.0015743384780482,20,0
9.906,-0.0008176649780482,20,0
9.908,-0.0005789561780482,20,0
9.91,-0.0005648838780482,20,0
9.912,-0.0009295173780482,20,0
9.914,-0.0012143796113815,20,0
9.916,-0.0014992418447148,20,0
9.918,-0.0017841040780482,20,0
9.920000000000002,-0.0009953655780482,20,0
9.922,-0.0006065199780482,20,0
9.924,-0.0006571463780482,20,0
9.926,-0.0006007361780482,20,0
9.928,-0.0007807236780482,20,0
9.93,-0.0009607111780482,20,0
9.932,-0.0011406986780482,20,0
9.934,-0.0006129087780482,20,0
9.936000000000002,-0.0006631842780482,20,0
9.938,-0.0012890446780482,20,0
9.94,-0.0019149050780482,20,0
9.942,-0.0017225554113815,20,0
9.944,-0.0015302057447148,20,0
9.946,-0.0013378560780482,20,0
9.948,-0.0006805477780482,20,0
9.95,-0.0005943594780482,20,0
9.952000000000002,-0.0004680354780482,20,0
9.954,-0.0013865464780482,20,0
9.956,-0.0011911072780482,20,0
9.958,-0.0009956680780482,20,0
9.96,-0.0008002288780482,20,0
9.962,-0.0006935976280482,20,0
9.964,-0.0005869663780482,20,0
9.966,-0.0005946256780482,20,0
9.968000000000002,-0.0009300376780482,20,0
9.97,-0.0011971653447148,20,0
9.972,-0.0014642930113815,20,0
9.974,-0.0017314206780482,20,0
9.976,-0.0009492887780482,20,0
9.978,-0.0005605762780482,20,0
9.98,-0.0006607642780482,20,0
9.982,-0.0005863250780482,20,0
9.984000000000002,-0.0010301530780482,20,0
9.986,-0.0014739810780482,20,0
9.988,-0.0019178090780482,20,0
9.99,-0.0011532826780482,20,0
9.992,-0.0006282031780482,20,0
9.994,-0.0004715565780482,20,0
9.996,-0.0006861228530482,20,0
9.998,-0.0009006891280482,20,0
10.0,-0.0011152554030482,21,0
10.002,-0.0013298216780482,21,0
10.004,-0.0010042893280482,21,0
10.006,-0.0006787569780482,21,0
10.008,-0.0006249845780482,21,0
10.01,-0.0014016351780482,21,0
10.012,-0.0014358176780482,21,0
10.014,-0.0014700001780482,21,0
10.016,-0.0015041826780482,21,0
10.018,-0.0015383651780482,21,0
10.02,-0.0008015961780482,21,0
10.022,-0.0006102588780482,21,0
10.024,-0.0006162967780482,21,0
10.026,-0.0009324213780482,21,0
10.028,-0.0009338975780482,21,0
10.03,-0.0009353737780482,21,0
10.032,-0.0005930647780482,21,0
10.034,-0.0008107599113815,21,0
10.036,-0.0010284550447148,21,0
10.038,-0.0012461501780482,21,0
10.04,-0.0014638453113815,21,0
10.042,-0.0016815404447148,21,0
10.044,-0.0018992355780482,21,0
10.046,-0.0015119508780482,21,0
10.048,-0.0011246661780482,21,0
10.05,-0.0006064110780482,21,0
10.052,-0.0006295704780482,21,0
10.054,-0.0019199144780482,21,0
10.056,-0.0015939767780482,21,0
10.058,-0.0012680390780482,21,0
10.06,-0.0009421013780482,21,0
10.062,-0.0006161636780482,21,0
10.064,-0.0013796615780482,21,0
10.066,-0.0014005401280482,21,0
10.068,-0.0014214186780482,21,0
10.07,-0.0014422972280482,21,0
10.072,-0.0014631757780482,21,0
10.074,-0.0014840543280482,21,0
10.076,-0.0015049328780482,21,0
10.078,-0.0007790538780482,21,0
10.08,-0.0005668803780482,21,0
10.082,-0.0005541148780482,21,0
10.084,-0.0011385448780482,21,0
10.086,-0.0017229748780482,21,0
10.088,-0.0009438558780482,21,0
10.09,-0.0008223073447148,21,0
10.092,-0.0007007588113815,21,0
10.094,-0.0005792102780482,21,0
10.096,-0.0005959566780482,21,0
10.098,-0.0012567437280482,21,0
10.1,-0.0019175307780482,21,0
10.102,-0.0011313816780482,21,0
10.104,-0.0006259041780482,21,0
10.106,-0.0004527773780482,21,0
10.108,-0.0011981192280482,21,0
10.11,-0.0019434610780482,21,0
10.112,-0.0015315528780482,21,0
10.114,-0.0011196446780482,21,0
10.116,-0.0007077364780482,21,0
10.118,-0.0004909407780482,21,0
10.12,-0.0006782318380482,21,0
10.122,-0.0008655228980482,21,0
10.124,-0.0010528139580482,21,0
10.126,-0.0012401050180482,21,0
10.128,-0.0014273960780482,21,0
10.13,-0.0011092810280482,21,0
10.132,-0.0007911659780482,21,0
10.134,-0.0005887571780482,21,0
10.136,-0.0005703893780482,21,0
10.138,-0.0009402621780482,21,0
10.14,-0.0012045221447148,21,0
10.142,-0.0014687821113815,21,0
10.144,-0.0017330420780482,21,0
10.146,-0.0009833018780482,21,0
10.148,-0.0008555097447148,21,0
10.15,-0.0007277176113815,21,0
10.152,-0.0005999254780482,21,0
10.154,-0.0009283134280482,21,0
10.156,-0.0012567013780482,21,0
10.158,-0.0015850893280482,21,0
10.16,-0.0019134772780482,21,0
10.162,-0.0011477650780482,21,0
10.164,-0.0006160668780482,21,0
10.166,-0.0006494386780482,21,0
10.168,-0.0004564073780482,21,0
10.17,-0.0007517119113815,21,0
10.172,-0.0010470164447148,21,0
10.174,-0.0013423209780482,21,0
10.176,-0.0009835075780482,21,0
10.178,-0.0006246941780482,21,0
10.18,-0.0005782826113815,21,0
10.182,-0.0005318710447148,21,0
10.184,-0.0004854594780482,21,0
10.186,-0.0014313285780482,21,0
10.188,-0.0014816403780482,21,0
10.19,-0.0015319521780482,21,0
10.192,-0.0010564524280482,21,0
10.194,-0.0005809526780482,21,0
10.196,-0.0005610602780482,21,0
10.198,-0.0007466742780482,21,0
10.2,-0.0009322882780482,21,0
10.202,-0.0012015294113815,21,0
10.204,-0.0014707705447148,21,0
10.206,-0.0017400116780482,21,0
10.208,-0.0009435896780482,21,0
10.21,-0.0005749147780482,21,0
10.212,-0.0006301512780482,21,0
10.214,-0.0005930405780482,21,0
10.216,-0.0010306209447148,21,0
10.218,-0.0014682013113815,21,0
10.22,-0.0019057816780482,21,0
10.222,-0.0004526563780482,21,0
10.224,-0.0019731423780482,21,0
10.226,-0.0016343786780482,21,0
10.228,-0.0012956149780482,21,0
10.23,-0.0009568512780482,21,0
10.232,-0.0006180875780482,21,0
10.234,-0.0004769531780482,21,0
10.236,-0.0007161974030482,21,0
10.238,-0.0009554416280482,21,0
10.24,-0.0011946858530482,21,0
10.242,-0.0014339300780482,21,0
10.244,-0.0012687076030482,21,0
10.246,-0.0011034851280482,21,0
10.248,-0.0009382626530482,21,0
10.25,-0.0007730401780482,21,0
10.252,-0.0005644845780482,21,0
10.254,-0.0005582651780482,21,0
10.256,-0.0009314654780482,21,0
10.258,-0.0011970241780482,21,0
10.26,-0.0014625828780482,21,0
10.262,-0.0017281415780482,21,0
10.264,-0.0005479680780482,21,0
10.266,-0.0005844677280482,21,0
10.268,-0.0006209673780482,21,0
10.27,-0.0010507835780482,21,0
10.272,-0.0014805997780482,21,0
10.274,-0.0019104159780482,21,0
10.276,-0.0011237465780482,21,0
10.278,-0.0008638567280482,21,0
10.28,-0.0006039668780482,21,0
10.282,-0.0004471992780482,21,0
10.284,-0.0019471515780482,21,0
10.286,-0.0017406247447148,21,0
10.288,-0.0015340979113815,21,0
10.29,-0.0013275710780482,21,0
10.292,-0.0008984082780482,21,0
10.294,-0.0004692454780482,21,0
10.296,-0.0007909441447148,21,0
10.298,-0.0011126428113815,21,0
10.3,-0.0014343414780482,21,0
10.302,-0.0014722386780482,21,0
10.304,-0.0015101358780482,21,0
10.306,-0.0015480330780482,21,0
10.308,-0.0007879473780482,21,0
10.31,-0.0005876318780482,21,0
10.312,-0.0008796835280482,21,0
10.314,-0.0011717351780482,21,0
10.316,-0.0014637868280482,21,0
10.318,-0.0017558384780482,21,0
10.32,-0.0013569861780482,21,0
10.322,-0.0009581338780482,21,0
10.324,-0.0005848851780482,21,0
10.326,-0.0006294857780482,21,0
10.328,-0.0009522563030482,21,0
10.33,-0.0012750268280482,21,0
10.332,-0.0015977973530482,21,0
10.334,-0.0019205678780482,21,0
10.336,-0.0011454055780482,21,0
10.338,-0.0006463652780482,21,0
10.34,-0.0013014774280482,21,0
10.342,-0.0019565895780482,21,0
10.344,-0.0017467150780482,21,0
10.346,-0.0015368405780482,21,0
10.348,-0.0013269660780482,21,0
10.35,-0.0009802163780482,21,0
10.352,-0.0006334666780482,21,0
10.354,-0.0005622521280482,21,0
10.356,-0.0004910375780482,21,0
10.358,-0.0014562182780482,21,0
10.36,-0.0014976063280482,21,0
10.362,-0.0015389943780482,21,0
10.364,-0.0007793079780482,21,0
10.366,-0.0005892048780482,21,0
10.368,-0.0005815637280482,21,0
10.37,-0.0005739225780482,21,0
10.372,-0.0009567665780482,21,0
10.374,-0.0012185258780482,21,0
10.376,-0.0014802851780482,21,0
10.378,-0.0017420444780482,21,0
10.38,-0.0009455135780482,21,0
10.382,-0.0005890475780482,21,0
10.384,-0.0006615628780482,21,0
10.386,-0.0009765349530482,21,0
10.388,-0.0012915070280482,21,0
10.39,-0.0016064791030482,21,0
10.392,-0.0019214511780482,21,0
10.394,-0.0011507053780482,21,0
10.396,-0.0006081655780482,21,0
10.398,-0.0006456755780482,21,0
10.4,-0.0019829433780482,21,0
10.402,-0.0017721371780482,21,0
10.404,-0.0015613309780482,21,0
10.406,-0.0013505247780482,21,0
10.408,-0.0010232681780482,21,0
10.41,-0.0006960115780482,21,0
10.412,-0.0006219958780482,21,0
10.414,-0.0004518940780482,21,0
10.416,-0.0014485710780482,21,0
10.418,-0.0014754613113815,21,0
10.42,-0.0015023515447148,21,0
10.422,-0.0015292417780482,21,0
10.424,-0.0007893388780482,21,0
10.426,-0.0005609271780482,21,0
10.428,-0.0007667844780482,21,0
10.43,-0.0009726417780482,21,0
10.432,-0.0012322150113815,21,0
10.434,-0.0014917882447148,21,0
10.436,-0.0017513614780482,21,0
10.438,-0.0009578313780482,21,0
10.44,-0.0005864218780482,21,0
10.442,-0.0006093392780482,21,0
10.444,-0.0012551041780482,21,0
10.446,-0.0019008690780482,21,0
10.448,-0.0012624186280482,21,0
10.45,-0.0006239681780482,21,0
10.452,-0.0006307804780482,21,0
10.454,-0.0006375927780482,21,0
10.456,-0.0006444050780482,21,0
10.458,-0.0004699230780482,21,0
10.46,-0.0006879106280482,21,0
10.462,-0.0009058981780482,21,0
10.464,-0.0011238857280482,21,0
10.466,-0.0013418732780482,21,0
10.468,-0.0007083898780482,21,0
10.47,-0.0006350033780482,21,0
10.472,-0.0004789254780482,21,0
10.474,-0.0014779740780482,21,0
10.476,-0.0014935548447148,21,0
10.478,-0.0015091356113815,21,0
10.48,-0.0015247163780482,21,0
10.482,-0.0007897139780482,21,0
10.484,-0.0006018372780482,21,0
10.486,-0.0005940690780482,21,0
10.488,-0.0006825715030482,21,0
10.49,-0.0007710739280482,21,0
10.492,-0.0008595763530482,21,0
10.494,-0.0009480787780482,21,0
10.496,-0.0005818359780482,21,0
10.498,-0.0006205317780482,21,0
10.5,-0.0006114809780482,22,0
10.502,-0.0010493436780482,22,0
10.504,-0.0014872063780482,22,0
10.506,-0.0019250690780482,22,0
10.508,-0.0012709249280482,22,0
10.51,-0.0006167807780482,22,0
10.512,-0.0006395287780482,22,0
10.514,-0.0006622767780482,22,0
10.516,-0.0008307874280482,22,0
10.518,-0.0009992980780482,22,0
10.52,-0.0011678087280482,22,0
10.522,-0.0013363193780482,22,0
10.524,-0.0006800274780482,22,0
10.526,-0.0006265212780482,22,0
10.528,-0.0014857059780482,22,0
10.53,-0.0014959328980482,22,0
10.532,-0.0015061598180482,22,0
10.534,-0.0015163867380482,22,0
10.536,-0.0015266136580482,22,0
10.538,-0.0015368405780482,22,0
10.54,-0.0007918919780482,22,0
10.542,-0.0009849111780482,22,0
10.544,-0.0011367226180482,22,0
10.546,-0.0012885340580482,22,0
10.548,-0.0014403454980482,22,0
10.55,-0.0015921569380482,22,0
10.552,-0.0017439683780482,22,0
10.554,-0.0009584847780482,22,0
10.556,-0.0005780486780482,22,0
10.558,-0.0006310345780482,22,0
10.56,-0.0006156675780482,22,0
10.562,-0.0010470245113815,22,0
10.564,-0.0014783814447148,22,0
10.566,-0.0019097383780482,22,0
10.568,-0.0011394039780482,22,0
10.57,-0.0006041362780482,22,0
10.572,-0.0006558758780482,22,0
10.574,-0.0004702739780482,22,0
10.576,-0.0006851881280482,22,0
10.578,-0.0009001022780482,22,0
10.58,-0.0011150164280482,22,0
10.582,-0.0013299305780482,22,0
10.584,-0.0006770992780482,22,0
10.586,-0.0006372539780482,22,0
10.588,-0.0004840679780482,22,0
10.59,-0.0014633451780482,22,0
10.592,-0.0014925828113815,22,0
10.594,-0.0015218204447148,22,0
10.596,-0.0015510580780482,22,0
10.598,-0.0005940932780482,22,0
10.6,-0.0007839301780482,22,0
10.602,-0.0009737670780482,22,0
10.604,-0.0012307347780482,22,0
10.606,-0.0014877024780482,22,0
10.608,-0.0017446701780482,22,0
10.61,-0.0013462897780482,22,0
10.612,-0.0009479093780482,22,0
10.614,-0.0005791134780482,22,0
10.616,-0.0006488215780482,22,0
10.618,-0.0006164903780482,22,0
10.62,-0.0010451167447148,22,0
10.622,-0.0014737431113815,22,0
10.624,-0.0019023694780482,22,0
10.626,-0.0011326400780482,22,0
10.628,-0.0006289896780482,22,0
10.63,-0.0006788174780482,22,0
10.632,-0.0004630018780482,22,0
10.634,-0.0019895983780482,22,0
10.636,-0.0015588787113815,22,0
10.638,-0.0011281590447148,22,0
10.64,-0.0006974393780482,22,0
10.642,-0.0006607037780482,22,0
10.644,-0.0005709459780482,22,0
10.646,-0.0004811881780482,22,0
10.648,-0.0014807328780482,22,0
10.65,-0.0014976446447148,22,0
10.652,-0.0015145564113815,22,0
10.654,-0.0015314681780482,22,0
10.656,-0.0008145310780482,22,0
10.658,-0.0006334787780482,22,0
10.66,-0.0005787746780482,22,0
10.662,-0.0009638894447148,22,0
10.664,-0.0013490042113815,22,0
10.666,-0.0017341189780482,22,0
10.668,-0.0009586178780482,22,0
10.67,-0.0006074032780482,22,0
10.672,-0.0008666385180482,22,0
10.674,-0.0011258737580482,22,0
10.676,-0.0013851089980482,22,0
10.678,-0.0016443442380482,22,0
10.68,-0.0019035794780482,22,0
10.682,-0.0011259124780482,22,0
10.684,-0.0006232421780482,22,0
10.686,-0.0006709040780482,22,0
10.688,-0.0008324360530482,22,0
10.69,-0.0009939680280482,22,0
10.692,-0.0011555000030482,22,0
10.694,-0.0013170319780482,22,0
10.696,-0.0008815590280482,22,0
10.698,-0.0004460860780482,22,0
10.7,-0.0009679348780482,22,0
10.702,-0.0014897836780482,22,0
10.704,-0.0011457262280482,22,0
10.706,-0.0008016687780482,22,0
10.708,-0.0005378403780482,22,0
10.71,-0.0006480169280482,22,0
10.712,-0.0007581934780482,22,0
10.714,-0.0008683700280482,22,0
10.716,-0.0009785465780482,22,0
10.718,-0.0012113989780482,22,0
10.72,-0.0014442513780482,22,0
10.722,-0.0016771037780482,22,0
10.724,-0.0009099032780482,22,0
10.726,-0.0006184384780482,22,0
10.728,-0.0007481625780482,22,0
10.73,-0.0008778866780482,22,0
10.732,-0.0010076107780482,22,0
10.734,-0.0011373348780482,22,0
10.736,-0.0006079235780482,22,0
10.738,-0.0007209174113815,22,0
10.74,-0.0008339112447148,22,0
10.742,-0.0009469050780482,22,0
10.744,-0.0010598989113815,22,0
10.746,-0.0011728927447148,22,0
10.748,-0.0012858865780482,22,0
10.75,-0.0006601592780482,22,0
10.752,-0.0006193338780482,22,0
10.754,-0.0005663076447148,22,0
10.756,-0.0005132814113815,22,0
10.758,-0.0004602551780482,22,0
10.76,-0.0014926755780482,22,0
10.762,-0.0012553623113815,22,0
10.764,-0.0010180490447148,22,0
10.766,-0.0007807357780482,22,0
10.768,-0.0006822780780482,22,0
10.77,-0.0005838203780482,22,0
10.772,-0.0005336537780482,22,0
10.774,-0.0009707178780482,22,0
10.776,-0.0012097896780482,22,0
10.778,-0.0014488614780482,22,0
10.78,-0.0016879332780482,22,0
10.782,-0.0009182280780482,22,0
10.784,-0.0005745517780482,22,0
10.786,-0.0006391415780482,22,0
10.788,-0.0006145543780482,22,0
10.79,-0.0007800904447148,22,0
10.792,-0.0009456265113815,22,0
10.794,-0.0011111625780482,22,0
10.796,-0.0006003126780482,22,0
10.798,-0.0006271565280482,22,0
10.8,-0.0006540003780482,22,0
10.802,-0.0004374466780482,22,0
10.804,-0.0006537432530482,22,0
10.806,-0.0008700398280482,22,0
10.808,-0.0010863364030482,22,0
10.81,-0.0013026329780482,22,0
10.812,-0.0008899745780482,22,0
10.814,-0.0004773161780482,22,0
10.816,-0.0015003953780482,22,0
10.818,-0.0014990966447148,22,0
10.82,-0.0014977979113815,22,0
10.822,-0.0014964991780482,22,0
10.824,-0.0007697731780482,22,0
10.826,-0.0005964043780482,22,0
10.828,-0.0009966118780482,22,0
10.83,-0.0013505247780482,22,0
10.832,-0.0017044376780482,22,0
10.834,-0.0009305942780482,22,0
10.836,-0.0008275587447148,22,0
10.838,-0.0007245232113815,22,0
10.84,-0.0006214876780482,22,0
10.842,-0.0006285903780482,22,0
10.844,-0.0009411364030482,22,0
10.846,-0.0012536824280482,22,0
10.848,-0.0015662284530482,22,0
10.85,-0.0018787744780482,22,0
10.852,-0.0011075083780482,22,0
10.854,-0.0006671288780482,22,0
10.856,-0.0005643575280482,22,0
10.858,-0.0004615861780482,22,0
10.86,-0.0006679365530482,22,0
10.862,-0.0008742869280482,22,0
10.864,-0.0010806373030482,22,0
10.866,-0.0012869876780482,22,0
10.868,-0.0006497774780482,22,0
10.87,-0.0006362133780482,22,0
10.872,-0.0004625420780482,22,0
10.874,-0.0015060218780482,22,0
10.876,-0.0015098696780482,22,0
10.878,-0.0015137174780482,22,0
10.88,-0.0015175652780482,22,0
10.882,-0.0007902100780482,22,0
10.884,-0.0006105008780482,22,0
10.886,-0.0009910337780482,22,0
10.888,-0.0013375051780482,22,0
10.89,-0.0016839765780482,22,0
10.892,-0.0009246289780482,22,0
10.894,-0.0005971061780482,22,0
10.896,-0.0006308167780482,22,0
10.898,-0.0006257226780482,22,0
10.9,-0.0008744599580482,22,0
10.902,-0.0011231972380482,22,0
10.904,-0.0013719345180482,22,0
10.906,-0.0016206717980482,22,0
10.908,-0.0018694090780482,22,0
10.91,-0.0010987116780482,22,0
10.912,-0.0006784544780482,22,0
10.914,-0.0008323604280482,22,0
10.916,-0.0009862663780482,22,0
10.918,-0.0011401723280482,22,0
10.92,-0.0012940782780482,22,0
10.922,-0.0009875308280482,22,0
10.924,-0.0006809833780482,22,0
10.926,-0.0005699295780482,22,0
10.928,-0.0004588757780482,22,0
10.93,-0.0014884042780482,22,0
10.932,-0.0014875492113815,22,0
10.934,-0.0014866941447148,22,0
10.936,-0.0014858390780482,22,0
10.938,-0.0007740928780482,22,0
10.94,-0.0006217780780482,22,0
10.942,-0.0005605641780482,22,0
10.944,-0.0009920259780482,22,0
10.946,-0.0013291682780482,22,0
10.948,-0.0016663105780482,22,0
10.95,-0.0013058999780482,22,0
10.952,-0.0009454893780482,22,0
10.954,-0.0006097869780482,22,0
10.956,-0.0006197210780482,22,0
10.958,-0.0009322338280482,22,0
10.96,-0.0012447465780482,22,0
10.962,-0.0015572593280482,22,0
10.964,-0.0018697720780482,22,0
10.966,-0.0011108963780482,22,0
10.968,-0.0006206769780482,22,0
10.97,-0.0006795555780482,22,0
10.972,-0.0004301624780482,22,0
10.974,-0.0007136856447148,22,0
10.976,-0.0009972088113815,22,0
10.978,-0.0012807319780482,22,0
10.98,-0.0006899857780482,22,0
10.982,-0.0006553192780482,22,0
10.984,-0.0010893341780482,22,0
10.986,-0.0015233490780482,22,0
10.988,-0.0015194801030482,22,0
10.99,-0.0015156111280482,22,0
10.992,-0.0015117421530482,22,0
10.994,-0.0015078731780482,22,0
10.996,-0.0008079970780482,22,0
10.998,-0.0006161394780482,22,0
11.0,-0.0005402845780482,23,0
11.002,-0.0010092079780482,23,0
11.004,-0.0012304242113815,23,0
11.006,-0.0014516404447148,23,0
11.008,-0.0016728566780482,23,0
11.01,-0.0009006709780482,23,0
11.012,-0.0005863976780482,23,0
11.014,-0.0006137073780482,23,0
11.016,-0.0010217274447148,23,0
11.018,-0.0014297475113815,23,0
11.02,-0.0018377675780482,23,0
11.022,-0.0010775850780482,23,0
11.024,-0.0006338780780482,23,0
11.026,-0.0005339623280482,23,0
11.028,-0.0004340465780482,23,0
11.03,-0.0006031464980482,23,0
11.032,-0.0007722464180482,23,0
11.034,-0.0009413463380482,23,0
11.036,-0.0011104462580482,23,0
11.038,-0.0012795461780482,23,0
11.04,-0.0006881828780482,23,0
11.042,-0.0006352695780482,23,0
11.044,-0.0015286730780482,23,0
11.046,-0.0015154810530482,23,0
11.048,-0.0015022890280482,23,0
11.05,-0.0014890970030482,23,0
11.052,-0.0014759049780482,23,0
11.054,-0.0005842438780482,23,0
11.056,-0.0007946749780482,23,0
11.058,-0.0010051060780482,23,0
11.06,-0.0009834077530482,23,0
11.062,-0.0009617094280482,23,0
11.064,-0.0009400111030482,23,0
11.066,-0.0009183127780482,23,0
11.068,-0.0007826657280482,23,0
11.07,-0.0006470186780482,23,0
11.072,-0.0009473860530482,23,0
11.074,-0.0012477534280482,23,0
11.076,-0.0015481208030482,23,0
11.078,-0.0018484881780482,23,0
11.08,-0.0014655352780482,23,0
11.082,-0.0010825823780482,23,0
11.084,-0.0005931131780482,23,0
11.086,-0.0006773896780482,23,0
11.088,-0.0004583191780482,23,0
11.09,-0.0005095112530482,23,0
11.092,-0.0005607033280482,23,0
11.094,-0.0006118954030482,23,0
11.096,-0.0006630874780482,23,0
11.098,-0.0006325470780482,23,0
11.1,-0.0004637762780482,23,0
11.102,-0.0015464963780482,23,0
11.104,-0.0015340454780482,23,0
11.106,-0.0015215945780482,23,0
11.108,-0.0015091436780482,23,0
11.11,-0.0014966927780482,23,0
11.112,-0.0007603109780482,23,0
11.114,-0.0005787262780482,23,0
11.116,-0.0005068522780482,23,0
11.118,-0.0008015205530482,23,0
11.12,-0.0010961888280482,23,0
11.122,-0.0013908571030482,23,0
11.124,-0.0016855253780482,23,0
11.126,-0.0005744791780482,23,0
11.128,-0.0005993386280482,23,0
11.13,-0.0006241980780482,23,0
11.132,-0.0010414423780482,23,0
11.134,-0.0014586866780482,23,0
11.136,-0.0018759309780482,23,0
11.138,-0.0010943677780482,23,0
11.14,-0.0005997802780482,23,0
11.142,-0.0006203200280482,23,0
11.144,-0.0006408597780482,23,0
11.146,-0.0004633648780482,23,0
11.148,-0.0008779471780482,23,0
11.15,-0.0012925294780482,23,0
11.152,-0.0009837011780482,23,0
11.154,-0.0006748728780482,23,0
11.156,-0.0006520825280482,23,0
11.158,-0.0006292921780482,23,0
11.16,-0.0004525232780482,23,0
11.162,-0.0008050043447148,23,0
11.164,-0.0011574854113815,23,0
11.166,-0.0015099664780482,23,0
11.168,-0.0007772388780482,23,0
11.17,-0.0006110695780482,23,0
11.172,-0.0008174169280482,23,0
11.174,-0.0010237642780482,23,0
11.176,-0.0011839834030482,23,0
11.178,-0.0013442025280482,23,0
11.18,-0.0015044216530482,23,0
11.182,-0.0016646407780482,23,0
11.184,-0.0008814682780482,23,0
11.186,-0.0005598018780482,23,0
11.188,-0.0006046686780482,23,0
11.19,-0.0009283618280482,23,0
11.192,-0.0012520549780482,23,0
11.194,-0.0015757481280482,23,0
11.196,-0.0018994412780482,23,0
11.198,-0.0006135016780482,23,0
11.2,-0.0006747276780482,23,0
11.202,-0.0004556934780482,23,0
11.204,-0.0006282249580482,23,0
11.206,-0.0008007564380482,23,0
11.208,-0.0009732879180482,23,0
11.21,-0.0011458193980482,23,0
11.212,-0.0013183508780482,23,0
11.214,-0.0006944748780482,23,0
11.216,-0.0006547142780482,23,0
11.218,-0.0004685315780482,23,0
11.22,-0.0015660983780482,23,0
11.222,-0.0013107561113815,23,0
11.224,-0.0010554138447148,23,0
11.226,-0.0008000715780482,23,0
11.228,-0.0007080692280482,23,0
11.23,-0.0006160668780482,23,0
11.232,-0.0005334238780482,23,0
11.234,-0.0010449513780482,23,0
11.236,-0.0012549065447148,23,0
11.238,-0.0014648617113815,23,0
11.24,-0.0016748168780482,23,0
11.242,-0.0008949476780482,23,0
11.244,-0.0006026842780482,23,0
11.246,-0.0006398433780482,23,0
11.248,-0.0007510484280482,23,0
11.25,-0.0008622534780482,23,0
11.252,-0.0009734585280482,23,0
11.254,-0.0010846635780482,23,0
11.256,-0.0008506737780482,23,0
11.258,-0.0006166839780482,23,0
11.26,-0.0006723076780482,23,0
11.262,-0.0007987720380482,23,0
11.264,-0.0009252363980482,23,0
11.266,-0.0010517007580482,23,0
11.268,-0.0011781651180482,23,0
11.27,-0.0013046294780482,23,0
11.272,-0.0006923331780482,23,0
11.274,-0.0006288928780482,23,0
11.276,-0.0004468362780482,23,0
11.278,-0.0015565151780482,23,0
11.28,-0.0012982729447148,23,0
11.282,-0.0010400307113815,23,0
11.284,-0.0007817884780482,23,0
11.286,-0.0006186925780482,23,0
11.288,-0.0005489965780482,23,0
11.29,-0.0008005858280482,23,0
11.292,-0.0010521750780482,23,0
11.294,-0.0012645542780482,23,0
11.296,-0.0014769334780482,23,0
11.298,-0.0016893126780482,23,0
11.3,-0.0009392457780482,23,0
11.302,-0.0006101983780482,23,0
11.304,-0.0006365642780482,23,0
11.306,-0.0006825563780482,23,0
11.308,-0.0010829816780482,23,0
11.31,-0.0014834069780482,23,0
11.312,-0.0018838322780482,23,0
11.314,-0.0011185072780482,23,0
11.316,-0.0006695125780482,23,0
11.318,-0.0004777517780482,23,0
11.32,-0.0008574770030482,23,0
11.322,-0.0012372022280482,23,0
11.324,-0.0016169274530482,23,0
11.326,-0.0019966526780482,23,0
11.328,-0.0012788685780482,23,0
11.33,-0.0006754899780482,23,0
11.332,-0.0006451310780482,23,0
11.334,-0.0004542535780482,23,0
11.336,-0.0007211432780482,23,0
11.338,-0.0009880329780482,23,0
11.34,-0.0012549226780482,23,0
11.342,-0.0015218123780482,23,0
11.344,-0.0008000352780482,23,0
11.346,-0.0006086374780482,23,0
11.348,-0.0005301326780482,23,0
11.35,-0.0010845062780482,23,0
11.352,-0.0010440438780482,23,0
11.354,-0.0010035814780482,23,0
11.356,-0.0009631190780482,23,0
11.358,-0.0006057213780482,23,0
11.36,-0.0006144938780482,23,0
11.362,-0.0006232663780482,23,0
11.364,-0.0006825926780482,23,0
11.366,-0.0010768832780482,23,0
11.368,-0.0014711738780482,23,0
11.37,-0.0018654644780482,23,0
11.372,-0.0011302321780482,23,0
11.374,-0.0006168775780482,23,0
11.376,-0.0004836323780482,23,0
11.378,-0.0006883795030482,23,0
11.38,-0.0008931266280482,23,0
11.382,-0.0010978737530482,23,0
11.384,-0.0013026208780482,23,0
11.386,-0.0006280579780482,23,0
11.388,-0.0004496555780482,23,0
11.39,-0.0010348962780482,23,0
11.392,-0.0016201369780482,23,0
11.394,-0.0015932538030482,23,0
11.396,-0.0015663706280482,23,0
11.398,-0.0015394874530482,23,0
11.4,-0.0015126042780482,23,0
11.402,-0.0007928720780482,23,0
11.404,-0.0006107065780482,23,0
11.406,-0.0010930730780482,23,0
11.408,-0.0012444017280482,23,0
11.41,-0.0013957303780482,23,0
11.412,-0.0015470590280482,23,0
11.414,-0.0016983876780482,23,0
11.416,-0.0009145980780482,23,0
11.418,-0.0005818722780482,23,0
11.42,-0.0006722955780482,23,0
11.422,-0.0010763468447148,23,0
11.424,-0.0014803981113815,23,0
11.426,-0.0018844493780482,23,0
11.428,-0.0011105938780482,23,0
11.43,-0.0006048017780482,23,0
11.432,-0.0006368244280482,23,0
11.434,-0.0006688470780482,23,0
11.436,-0.0004868267780482,23,0
11.438,-0.0006897165530482,23,0
11.44,-0.0008926063280482,23,0
11.442,-0.0010954961030482,23,0
11.444,-0.0012983858780482,23,0
11.446,-0.0006896953780482,23,0
11.448,-0.0006509511780482,23,0
11.45,-0.0004463885780482,23,0
11.452,-0.0004867209030482,23,0
11.454,-0.0005270532280482,23,0
11.456,-0.0005673855530482,23,0
11.458,-0.0006077178780482,23,0
11.46,-0.0005713936780482,23,0
11.462,-0.0005350694780482,23,0
11.464,-0.0010896245780482,23,0
11.466,-0.0012401364780482,23,0
11.468,-0.0013906483780482,23,0
11.47,-0.0015411602780482,23,0
11.472,-0.0016916721780482,23,0
11.474,-0.0009341637780482,23,0
11.476,-0.0006029141780482,23,0
11.478,-0.0006472001780482,23,0
11.48,-0.0006861379780482,23,0
11.482,-0.0010723699780482,23,0
11.484,-0.0014586019780482,23,0
11.486,-0.0018448339780482,23,0
11.488,-0.0010661626780482,23,0
11.49,-0.0006124126780482,23,0
11.492,-0.0006710008780482,23,0
11.494,-0.0004656880780482,23,0
11.496,-0.0006658583780482,23,0
11.498,-0.0008660286780482,23,0
11.5,-0.0010661989780482,24,0
11.502,-0.0012663692780482,24,0
11.504,-0.0006618774780482,24,0
11.506,-0.0006831492780482,24,0
11.508,-0.0004688582780482,24,0
11.51,-0.0007279223030482,24,0
11.512,-0.0009869863280482,24,0
11.514,-0.0012460503530482,24,0
11.516,-0.0015051143780482,24,0
11.518,-0.0006398917780482,24,0
11.52,-0.0005958719780482,24,0
11.522,-0.0005518521780482,24,0
11.524,-0.0008279862780482,24,0
11.526,-0.0011041203780482,24,0
11.528,-0.0013802544780482,24,0
11.53,-0.0016563885780482,24,0
11.532,-0.0008862598780482,24,0
11.534,-0.0005881642780482,24,0
11.536,-0.0006037248780482,24,0
11.538,-0.0010190251113815,24,0
11.54,-0.0014343253447148,24,0
11.542,-0.0018496255780482,24,0
11.544,-0.0014692560280482,24,0
11.546,-0.0010888864780482,24,0
11.548,-0.0006308288780482,24,0
11.55,-0.0006934826780482,24,0
11.552,-0.0004851932780482,24,0
11.554,-0.0006858415280482,24,0
11.556,-0.0008864897780482,24,0
11.558,-0.0010871380280482,24,0
11.56,-0.0012877862780482,24,0
11.562,-0.0006990970780482,24,0
11.564,-0.0006762643780482,24,0
11.566,-0.0004704070780482,24,0
11.568,-0.0016387467780482,24,0
11.57,-0.0015890440113815,24,0
11.572,-0.0015393412447148,24,0
11.574,-0.0014896384780482,24,0
11.576,-0.0007949169780482,24,0
11.578,-0.0006489304780482,24,0
11.58,-0.0005590395780482,24,0
11.582,-0.0011010106780482,24,0
11.584,-0.0012860922780482,24,0
11.586,-0.0014711738780482,24,0
11.588,-0.0016562554780482,24,0
11.59,-0.0009111374780482,24,0
11.592,-0.0006171437780482,24,0
11.594,-0.0006933132780482,24,0
11.596,-0.0009775362280482,24,0
11.598,-0.0012617591780482,24,0
11.6,-0.0015459821280482,24,0
11.602,-0.0018302050780482,24,0
11.604,-0.0010797267780482,24,0
11.606,-0.0006122311780482,24,0
11.608,-0.0006322687780482,24,0
11.61,-0.0004617071780482,24,0
11.612,-0.0012252534780482,24,0
11.614,-0.0019887997780482,24,0
11.616,-0.0016269553280482,24,0
11.618,-0.0012651108780482,24,0
11.62,-0.0006963987780482,24,0
11.622,-0.0006759134780482,24,0
11.624,-0.0004569760780482,24,0
11.626,-0.0016364719780482,24,0
11.628,-0.0015782306447148,24,0
11.63,-0.0015199893113815,24,0
11.632,-0.0014617479780482,24,0
11.634,-0.0007640619780482,24,0
11.636,-0.0005055454780482,24,0
11.638,-0.0010855710780482,24,0
11.64,-0.0012236230030482,24,0
11.642,-0.0013616749280482,24,0
11.644,-0.0014997268530482,24,0
11.646,-0.0016377787780482,24,0
11.648,-0.0009074469780482,24,0
11.65,-0.0006120496780482,24,0
11.652,-0.0006154134780482,24,0
11.654,-0.0009232828530482,24,0
11.656,-0.0012311522280482,24,0
11.658,-0.0015390216030482,24,0
11.66,-0.0018468909780482,24,0
11.662,-0.0006208100780482,24,0
11.664,-0.0006618290780482,24,0
11.666,-0.0004897912780482,24,0
11.668,-0.0005304569580482,24,0
11.67,-0.0005711226380482,24,0
11.672,-0.0006117883180482,24,0
11.674,-0.0006524539980482,24,0
11.676,-0.0006931196780482,24,0
11.678,-0.0006787448780482,24,0
11.68,-0.0005741585280482,24,0
11.682,-0.0004695721780482,24,0
11.684,-0.0016579736780482,24,0
11.686,-0.0015956143113815,24,0
11.688,-0.0015332549447148,24,0
11.69,-0.0014708955780482,24,0
11.692,-0.0007788118780482,24,0
11.694,-0.0006260614780482,24,0
11.696,-0.0005286564780482,24,0
11.698,-0.0011268562780482,24,0
11.7,-0.0013059887113815,24,0
11.702,-0.0014851211447148,24,0
11.704,-0.0016642535780482,24,0
11.706,-0.0006195758780482,24,0
11.708,-0.0006379436780482,24,0
11.71,-0.0007146092780482,24,0
11.712,-0.0009911789780482,24,0
11.714,-0.0012677486780482,24,0
11.716,-0.0015443183780482,24,0
11.718,-0.0018208880780482,24,0
11.72,-0.0010697321780482,24,0
11.722,-0.0006227218780482,24,0
11.724,-0.0006806808780482,24,0
11.726,-0.0005020364780482,24,0
11.728,-0.0007491063780482,24,0
11.73,-0.0009961762780482,24,0
11.732,-0.0012432461780482,24,0
11.734,-0.0006739532780482,24,0
11.736,-0.0006665117780482,24,0
11.738,-0.0006590702780482,24,0
11.74,-0.0004725971780482,24,0
11.742,-0.0016571266780482,24,0
11.744,-0.0015566422280482,24,0
11.746,-0.0014561577780482,24,0
11.748,-0.0011085731780482,24,0
11.75,-0.0007609885780482,24,0
11.752,-0.0006145543780482,24,0
11.754,-0.0005324437780482,24,0
11.756,-0.0008109192280482,24,0
11.758,-0.0010893946780482,24,0
11.76,-0.0013678701280482,24,0
11.762,-0.0016463455780482,24,0
11.764,-0.0006072822780482,24,0
11.766,-0.0006292316780482,24,0
11.768,-0.0007116810780482,24,0
11.77,-0.0006906077180482,24,0
11.772,-0.0006695343580482,24,0
11.774,-0.0006484609980482,24,0
11.776,-0.0006273876380482,24,0
11.778,-0.0006063142780482,24,0
11.78,-0.0006556822780482,24,0
11.782,-0.0009915934030482,24,0
11.784,-0.0013275045280482,24,0
11.786,-0.0016634156530482,24,0
11.788,-0.0019993267780482,24,0
11.79,-0.0012438511780482,24,0
11.792,-0.0006378347780482,24,0
11.794,-0.0005447010780482,24,0
11.796,-0.0004515673780482,24,0
11.798,-0.0016557351780482,24,0
11.8,-0.0015921133780482,24,0
11.802,-0.0015284915780482,24,0
11.804,-0.0014648697780482,24,0
11.806,-0.0006313491780482,24,0
11.808,-0.0005831911780482,24,0
11.81,-0.0005350331780482,24,0
11.812,-0.0009042485447148,24,0
11.814,-0.0012734639113815,24,0
11.816,-0.0016426792780482,24,0
11.818,-0.0008579216780482,24,0
11.82,-0.0005932220780482,24,0
11.822,-0.0006272109780482,24,0
11.824,-0.0007193766780482,24,0
11.826,-0.0010798276113815,24,0
11.828,-0.0014402785447148,24,0
11.83,-0.0018007294780482,24,0
11.832,-0.0010484845780482,24,0
11.834,-0.0006227823780482,24,0
11.836,-0.0004712903780482,24,0
11.838,-0.0006246675580482,24,0
11.84,-0.0007780447380482,24,0
11.842,-0.0009314219180482,24,0
11.844,-0.0010847990980482,24,0
11.846,-0.0012381762780482,24,0
11.848,-0.0006687986780482,24,0
11.85,-0.0006515803780482,24,0
11.852,-0.0016540290780482,24,0
11.854,-0.0016026797030482,24,0
11.856,-0.0015513303280482,24,0
11.858,-0.0014999809530482,24,0
11.86,-0.0014486315780482,24,0
11.862,-0.0007455247780482,24,0
11.864,-0.0006237261780482,24,0
11.866,-0.0005255104780482,24,0
11.868,-0.0008998885113815,24,0
11.87,-0.0012742665447148,24,0
11.872,-0.0016486445780482,24,0
11.874,-0.0006141429780482,24,0
11.876,-0.0006168937113815,24,0
11.878,-0.0006196444447148,24,0
11.88,-0.0006223951780482,24,0
11.882,-0.0009194834530482,24,0
11.884,-0.0012165717280482,24,0
11.886,-0.0015136600030482,24,0
11.888,-0.0018107482780482,24,0
11.89,-0.0010295722780482,24,0
11.892,-0.0006636440780482,24,0
11.894,-0.0004835355780482,24,0
11.896,-0.0006759286030482,24,0
11.898,-0.0008683216280482,24,0
11.9,-0.0010607146530482,24,0
11.902,-0.0012531076780482,24,0
11.904,-0.0009675658280482,24,0
11.906,-0.0006820239780482,24,0
11.908,-0.0004624694780482,24,0
11.91,-0.0006611514780482,24,0
11.912,-0.0008598334780482,24,0
11.914,-0.0010585154780482,24,0
11.916,-0.0012571974780482,24,0
11.918,-0.0014558794780482,24,0
11.92,-0.0007815827780482,24,0
11.922,-0.0006362375780482,24,0
11.924,-0.0011908047780482,24,0
11.926,-0.0013065594280482,24,0
11.928,-0.0014223140780482,24,0
11.93,-0.0015380687280482,24,0
11.932,-0.0016538233780482,24,0
11.934,-0.0008969199780482,24,0
11.936,-0.0005929921780482,24,0
11.938,-0.0005978321780482,24,0
11.94,-0.0007196186780482,24,0
11.942,-0.0012715238780482,24,0
11.944,-0.0018234290780482,24,0
11.946,-0.0010462097780482,24,0
11.948,-0.0008284763280482,24,0
11.95,-0.0006107428780482,24,0
11.952,-0.0006648903780482,24,0
11.954,-0.0005124908780482,24,0
11.956,-0.0010068121780482,24,0
11.958,-0.0015011334780482,24,0
11.96,-0.0019954547780482,24,0
11.962,-0.0006458449780482,24,0
11.964,-0.0006461232780482,24,0
11.966,-0.0004533460780482,24,0
11.968,-0.0006540463580482,24,0
11.97,-0.0008547466380482,24,0
11.972,-0.0010554469180482,24,0
11.974,-0.0012561471980482,24,0
11.976,-0.0014568474780482,24,0
11.978,-0.0007632875780482,24,0
11.98,-0.0006135379780482,24,0
11.982,-0.0005173429780482,24,0
11.984,-0.0011916033780482,24,0
11.986,-0.0013485000447148,24,0
11.988,-0.0015053967113815,24,0
11.99,-0.0016622933780482,24,0
11.992,-0.0009088626780482,24,0
11.994,-0.0006301633780482,24,0
11.996,-0.0006997081280482,24,0
11.998,-0.0007692528780482,24,0
12.0,-0.0011346244780482,25,0
12.002,-0.0014999960780482,25,0
12.004,-0.0018653676780482,25,0
12.006,-0.0010910886780482,25,0
12.008,-0.0006096175780482,25,0
12.01,-0.0006592396780482,25,0
12.012,-0.0005123093780482,25,0
12.014,-0.0007635537780482,25,0
12.016,-0.0010147981780482,25,0
12.018,-0.0012660425780482,25,0
12.02,-0.0006744977780482,25,0
12.022,-0.0006831855780482,25,0
12.024,-0.0005791921280482,25,0
12.026,-0.0004751986780482,25,0
12.028,-0.0017541081780482,25,0
12.03,-0.0016586633780482,25,0
12.032,-0.0015632185780482,25,0
12.034,-0.0014677737780482,25,0
12.036,-0.0007544908780482,25,0
12.038,-0.0005454633780482,25,0
12.04,-0.0012207885780482,25,0
12.042,-0.0013301756030482,25,0
12.044,-0.0014395626280482,25,0
12.046,-0.0015489496530482,25,0
12.048,-0.0016583366780482,25,0
12.05,-0.0008959640780482,25,0
12.052,-0.0006304779780482,25,0
12.054,-0.0006556459780482,25,0
12.056,-0.0007667965780482,25,0
12.058,-0.0011131792447148,25,0
12.06,-0.0014595619113815,25,0
12.062,-0.0018059445780482,25,0
12.064,-0.0006215723780482,25,0
12.066,-0.0006835122780482,25,0
12.068,-0.0005222797780482,25,0
12.07,-0.0005523966780482,25,0
12.072,-0.0005825135780482,25,0
12.074,-0.0006126304780482,25,0
12.076,-0.0006427473780482,25,0
12.078,-0.0006728642780482,25,0
12.08,-0.0006844923780482,25,0
12.082,-0.0005718897780482,25,0
12.084,-0.0004592871780482,25,0
12.086,-0.0007111577530482,25,0
12.088,-0.0009630283280482,25,0
12.09,-0.0012148989030482,25,0
12.092,-0.0014667694780482,25,0
12.094,-0.0007703418780482,25,0
12.096,-0.0006624945780482,25,0
12.098,-0.0005400909780482,25,0
12.1,-0.0012229786780482,25,0
12.102,-0.0013673357113815,25,0
12.104,-0.0015116927447148,25,0
12.106,-0.0016560497780482,25,0
12.108,-0.0008846142780482,25,0
12.11,-0.0006187288780482,25,0
12.112,-0.0006326317780482,25,0
12.114,-0.0007750608780482,25,0
12.116,-0.0011193825113815,25,0
12.118,-0.0014637041447148,25,0
12.12,-0.0018080257780482,25,0
12.122,-0.0010649526780482,25,0
12.124,-0.0006187046780482,25,0
12.126,-0.0006571705780482,25,0
12.128,-0.0004909165780482,25,0
12.13,-0.0007415842113815,25,0
12.132,-0.0009922518447148,25,0
12.134,-0.0012429194780482,25,0
12.136,-0.0009541771780482,25,0
12.138,-0.0006654348780482,25,0
12.14,-0.0006692463780482,25,0
12.142,-0.0017564555780482,25,0
12.144,-0.0016811693780482,25,0
12.146,-0.0016058831780482,25,0
12.148,-0.0015305969780482,25,0
12.15,-0.0014553107780482,25,0
12.152,-0.0007856846780482,25,0
12.154,-0.0006633415780482,25,0
12.156,-0.0005120068780482,25,0
12.158,-0.0012257858780482,25,0
12.16,-0.0013620802780482,25,0
12.162,-0.0014983746780482,25,0
12.164,-0.0016346690780482,25,0
12.166,-0.0008794596780482,25,0
12.168,-0.0006026116780482,25,0
12.17,-0.0005834331780482,25,0
12.172,-0.0007519014780482,25,0
12.174,-0.0008572924780482,25,0
12.176,-0.0009626834780482,25,0
12.178,-0.0010680744780482,25,0
12.18,-0.0008493125280482,25,0
12.182,-0.0006305505780482,25,0
12.184,-0.0005165564780482,25,0
12.186,-0.0008817738030482,25,0
12.188,-0.0012469911280482,25,0
12.19,-0.0016122084530482,25,0
12.192,-0.0019774257780482,25,0
12.194,-0.0012285567780482,25,0
12.196,-0.0006594453780482,25,0
12.198,-0.0006568559780482,25,0
12.2,-0.0004463038780482,25,0
12.202,-0.0006957090780482,25,0
12.204,-0.0009451142780482,25,0
12.206,-0.0011945194780482,25,0
12.208,-0.0014439246780482,25,0
12.21,-0.0007687567780482,25,0
12.212,-0.0005034521780482,25,0
12.214,-0.0005796071580482,25,0
12.216,-0.0006557621380482,25,0
12.218,-0.0007319171180482,25,0
12.22,-0.0008080720980482,25,0
12.222,-0.0008842270780482,25,0
12.224,-0.0006172042780482,25,0
12.226,-0.0006796281780482,25,0
12.228,-0.0007420520780482,25,0
12.23,-0.0008044759780482,25,0
12.232,-0.0011396661447148,25,0
12.234,-0.0014748563113815,25,0
12.236,-0.0018100464780482,25,0
12.238,-0.0010523928780482,25,0
12.24,-0.0006441267780482,25,0
12.242,-0.0006782245780482,25,0
12.244,-0.0010044103280482,25,0
12.246,-0.0013305960780482,25,0
12.248,-0.0016567818280482,25,0
12.25,-0.0019829675780482,25,0
12.252,-0.0006805356780482,25,0
12.254,-0.0006718599780482,25,0
12.256,-0.0006631842780482,25,0
12.258,-0.0004326429780482,25,0
12.26,-0.0017748112780482,25,0
12.262,-0.0016591836780482,25,0
12.264,-0.0015435560780482,25,0
12.266,-0.0014279284780482,25,0
12.268,-0.0007524338780482,25,0
12.27,-0.0006364795780482,25,0
12.272,-0.0005154916780482,25,0
12.274,-0.0012366637780482,25,0
12.276,-0.0010593140780482,25,0
12.278,-0.0008819643780482,25,0
12.28,-0.0007523310280482,25,0
12.282,-0.0006226976780482,25,0
12.284,-0.0006369030780482,25,0
12.286,-0.0007254024780482,25,0
12.288,-0.0008139018780482,25,0
12.29,-0.0011443770780482,25,0
12.292,-0.0014748522780482,25,0
12.294,-0.0018053274780482,25,0
12.296,-0.0010514732780482,25,0
12.298,-0.0006217054780482,25,0
12.3,-0.0006827620780482,25,0
12.302,-0.0005305440780482,25,0
12.304,-0.0010079495780482,25,0
12.306,-0.0014853550780482,25,0
12.308,-0.0019627605780482,25,0
12.31,-0.0012145933780482,25,0
12.312,-0.0006531049780482,25,0
12.314,-0.0006817093780482,25,0
12.316,-0.0017897910780482,25,0
12.318,-0.0015297378780482,25,0
12.32,-0.0012696846780482,25,0
12.322,-0.0010096314780482,25,0
12.324,-0.0007495782780482,25,0
12.326,-0.0007026786780482,25,0
12.328,-0.0006557790780482,25,0
12.33,-0.0005426803780482,25,0
12.332,-0.0012870723780482,25,0
12.334,-0.0013957263447148,25,0
12.336,-0.0015043803113815,25,0
12.338,-0.0016130342780482,25,0
12.34,-0.0006114204780482,25,0
12.342,-0.0006098535280482,25,0
12.344,-0.0006082865780482,25,0
12.346,-0.0009151153530482,25,0
12.348,-0.0012219441280482,25,0
12.35,-0.0015287729030482,25,0
12.352,-0.0018356016780482,25,0
12.354,-0.0010249258780482,25,0
12.356,-0.0006037490780482,25,0
12.358,-0.0006459538780482,25,0
12.36,-0.0008495686447148,25,0
12.362,-0.0010531834113815,25,0
12.364,-0.0012567981780482,25,0
12.366,-0.0006816730780482,25,0
12.368,-0.0007008273780482,25,0
12.37,-0.0006277312780482,25,0
12.372,-0.0005546351780482,25,0
12.374,-0.0004815390780482,25,0
12.376,-0.0014353820780482,25,0
12.378,-0.0012162067113815,25,0
12.38,-0.0009970313447148,25,0
12.382,-0.0007778559780482,25,0
12.384,-0.0006688712780482,25,0
12.386,-0.0006134351280482,25,0
12.388,-0.0005579989780482,25,0
12.39,-0.0008277896530482,25,0
12.392,-0.0010975803280482,25,0
12.394,-0.0013673710030482,25,0
12.396,-0.0016371616780482,25,0
12.398,-0.0008850861780482,25,0
12.4,-0.0006214150780482,25,0
12.402,-0.0006285298780482,25,0
12.404,-0.0008560219780482,25,0
12.406,-0.0013435007280482,25,0
12.408,-0.0018309794780482,25,0
12.41,-0.0010419021780482,25,0
12.412,-0.0008654236780482,25,0
12.414,-0.0006889451780482,25,0
12.416,-0.0005495652780482,25,0
12.418,-0.0007147272530482,25,0
12.42,-0.0008798892280482,25,0
12.422,-0.0010450512030482,25,0
12.424,-0.0012102131780482,25,0
12.426,-0.0009360029780482,25,0
12.428,-0.0006617927780482,25,0
12.43,-0.0006934947780482,25,0
12.432,-0.0004544108780482,25,0
12.434,-0.0018257280780482,25,0
12.436,-0.0017001623447148,25,0
12.438,-0.0015745966113815,25,0
12.44,-0.0014490308780482,25,0
12.442,-0.0007886007780482,25,0
12.444,-0.0006558395780482,25,0
12.446,-0.0005161087780482,25,0
12.448,-0.0013277162780482,25,0
12.45,-0.0014276421113815,25,0
12.452,-0.0015275679447148,25,0
12.454,-0.0016274937780482,25,0
12.456,-0.0009039621780482,25,0
12.458,-0.0006501283780482,25,0
12.46,-0.0006310345780482,25,0
12.462,-0.0008449746780482,25,0
12.464,-0.0009091934113815,25,0
12.466,-0.0009734121447148,25,0
12.468,-0.0010376308780482,25,0
12.47,-0.0008417197780482,25,0
12.472,-0.0006458086780482,25,0
12.474,-0.0006880134780482,25,0
12.476,-0.0005695423780482,25,0
12.478,-0.0012805141780482,25,0
12.48,-0.0019914859780482,25,0
12.482,-0.0012303233780482,25,0
12.484,-0.0009530639780482,25,0
12.486,-0.0006758045780482,25,0
12.488,-0.0006779583780482,25,0
12.49,-0.0004804984780482,25,0
12.492,-0.0018569823780482,25,0
12.494,-0.0017176347447148,25,0
12.496,-0.0015782871113815,25,0
12.498,-0.0014389394780482,25,0
12.5,-0.0006543270780482,26,1
12.502,-0.0005904874780482,26,1
12.504,-0.0005266478780482,26,1
12.506,-0.0013331733780482,26,1
12.508,-0.0014200191113815,26,1
12.51,-0.0015068648447148,26,1
12.512,-0.0015937105780482,26,1
12.514,-0.0008554169780482,26,1
12.516,-0.0006173494780482,26,1
12.518,-0.0006042209780482,26,1
12.52,-0.0008513997780482,26,1
12.522,-0.0013356478280482,26,1
12.524,-0.0018198958780482,26,1
12.526,-0.0014252362280482,26,1
12.528,-0.0010305765780482,26,1
12.53,-0.0006300181780482,26,1
12.532,-0.0005541269780482,26,1
12.534,-0.0009047849780482,26,1
12.536,-0.0012554429780482,26,1
12.538,-0.0016061009780482,26,1
12.54,-0.0019567589780482,26,1
12.542,-0.0006620468780482,26,1
12.544,-0.0006617806780482,26,1
12.546,-0.0006615144780482,26,1
12.548,-0.0018726155780482,26,1
12.55,-0.0015960186530482,26,1
12.552,-0.0013194217280482,26,1
12.554,-0.0010428248030482,26,1
12.556,-0.0007662278780482,26,1
12.558,-0.0006588040780482,26,1
12.56,-0.0005990724280482,26,1
12.562,-0.0005393407780482,26,1
12.564,-0.0013351214780482,26,1
12.566,-0.0014292352780482,26,1
12.568,-0.0015233490780482,26,1
12.57,-0.0016174628780482,26,1
12.572,-0.0008698280780482,26,1
12.574,-0.0006269689780482,26,1
12.576,-0.0006342894780482,26,1
12.578,-0.0009064789780482,26,1
12.58,-0.0009600214780482,26,1
12.582,-0.0010135639780482,26,1
12.584,-0.0010671064780482,26,1
12.586,-0.0008594644280482,26,1
12.588,-0.0006518223780482,26,1
12.59,-0.0006989155780482,26,1
12.592,-0.0005926654780482,26,1
12.594,-0.0012942476780482,26,1
12.596,-0.0019958298780482,26,1
12.598,-0.0012536642780482,26,1
12.6,-0.0009660472780482,26,1
12.602,-0.0006784302780482,26,1
12.604,-0.0006957453780482,26,1
12.606,-0.0004761303780482,26,1
12.608,-0.0018842194780482,26,1
12.61,-0.0017340342780482,26,1
12.612,-0.0015838490780482,26,1
12.614,-0.0014336638780482,26,1
12.616,-0.0007691802780482,26,1
12.618,-0.0006782608780482,26,1
12.62,-0.0013689409780482,26,1
12.622,-0.0012468308030482,26,1
12.624,-0.0011247206280482,26,1
12.626,-0.0010026104530482,26,1
12.628,-0.0008805002780482,26,1
12.63,-0.0006163209780482,26,1
12.632,-0.0006107791780482,26,1
12.634,-0.0009013606780482,26,1
12.636,-0.0011247448280482,26,1
12.638,-0.0013481289780482,26,1
12.64,-0.0015715131280482,26,1
12.642,-0.0017948972780482,26,1
12.644,-0.0010356948780482,26,1
12.646,-0.0006985767780482,26,1
12.648,-0.0005708491780482,26,1
12.65,-0.0009199160280482,26,1
12.652,-0.0012689828780482,26,1
12.654,-0.0016180497280482,26,1
12.656,-0.0019671165780482,26,1
12.658,-0.0012002790780482,26,1
12.66,-0.0006438605780482,26,1
12.662,-0.0006858354780482,26,1
12.664,-0.0004661841780482,26,1
12.666,-0.0018864942780482,26,1
12.668,-0.0017327758780482,26,1
12.67,-0.0015790574780482,26,1
12.672,-0.0014253390780482,26,1
12.674,-0.0007359657780482,26,1
12.676,-0.0006428078780482,26,1
12.678,-0.0005130837780482,26,1
12.68,-0.0013356054780482,26,1
12.682,-0.0014683485280482,26,1
12.684,-0.0016010915780482,26,1
12.686,-0.0012282240280482,26,1
12.688,-0.0008553564780482,26,1
12.69,-0.0006181117780482,26,1
12.692,-0.0006185110780482,26,1
12.694,-0.0008848078780482,26,1
12.696,-0.0013441238780482,26,1
12.698,-0.0018034398780482,26,1
12.7,-0.0010498639780482,26,1
12.702,-0.0006376290780482,26,1
12.704,-0.0006680545280482,26,1
12.706,-0.0006984799780482,26,1
12.708,-0.0005742250780482,26,1
12.71,-0.0007858460113815,26,1
12.712,-0.0009974669447148,26,1
12.714,-0.0012090878780482,26,1
12.716,-0.0006486642780482,26,1
12.718,-0.0006578058280482,26,1
12.72,-0.0006669473780482,26,1
12.722,-0.0004370594780482,26,1
12.724,-0.0019040029780482,26,1
12.726,-0.0016581491280482,26,1
12.728,-0.0014122952780482,26,1
12.73,-0.0007336667780482,26,1
12.732,-0.0007005248780482,26,1
12.734,-0.0006673829780482,26,1
12.736,-0.0005191821780482,26,1
12.738,-0.0013890874780482,26,1
12.74,-0.0012103624113815,26,1
12.742,-0.0010316373447148,26,1
12.744,-0.0008529122780482,26,1
12.746,-0.0006525483780482,26,1
12.748,-0.0006375625280482,26,1
12.75,-0.0006225766780482,26,1
12.752,-0.0008980815780482,26,1
12.754,-0.0013409899780482,26,1
12.756,-0.0017838983780482,26,1
12.758,-0.0013995055780482,26,1
12.76,-0.0010151127780482,26,1
12.762,-0.0006421302780482,26,1
12.764,-0.0006892476780482,26,1
12.766,-0.0008183153530482,26,1
12.768,-0.0009473830280482,26,1
12.77,-0.0010764507030482,26,1
12.772,-0.0012055183780482,26,1
12.774,-0.0009392760280482,26,1
12.776,-0.0006730336780482,26,1
12.778,-0.0007037797780482,26,1
12.78,-0.0004558265780482,26,1
12.782,-0.0018967066780482,26,1
12.784,-0.0017314408447148,26,1
12.786,-0.0015661750113815,26,1
12.788,-0.0014009091780482,26,1
12.79,-0.0007698699780482,26,1
12.792,-0.0006664754780482,26,1
12.794,-0.0005214448780482,26,1
12.796,-0.0013930683780482,26,1
12.798,-0.0014889729780482,26,1
12.8,-0.0015848775780482,26,1
12.802,-0.0008553322780482,26,1
12.804,-0.0007450105280482,26,1
12.806,-0.0006346887780482,26,1
12.808,-0.0006093513780482,26,1
12.81,-0.0008823152780482,26,1
12.812,-0.0011659513780482,26,1
12.814,-0.0014495874780482,26,1
12.816,-0.0017332235780482,26,1
12.818,-0.0009736823780482,26,1
12.82,-0.0005775646780482,26,1
12.822,-0.0006346887780482,26,1
12.824,-0.0005397037780482,26,1
12.826,-0.0009864398113815,26,1
12.828,-0.0014331758447148,26,1
12.83,-0.0018799118780482,26,1
12.832,-0.0011462162780482,26,1
12.834,-0.0006025148780482,26,1
12.836,-0.0004955750780482,26,1
12.838,-0.0003886352780482,26,1
12.84,-0.0018552036780482,26,1
12.842,-0.0016619384447148,26,1
12.844,-0.0014686732113815,26,1
12.846,-0.0012754079780482,26,1
12.848,-0.0006253838780482,26,1
12.85,-0.0005640005780482,26,1
12.852,-0.0004117946780482,26,1
12.854,-0.0007692609447148,26,1
12.856,-0.0011267272113815,26,1
12.858,-0.0014841934780482,26,1
12.86,-0.0011236921280482,26,1
12.862,-0.0007631907780482,26,1
12.864,-0.0005170646780482,26,1
12.866,-0.0004882182780482,26,1
12.868,-0.0008182457780482,26,1
12.87,-0.0010831430113815,26,1
12.872,-0.0013480402447148,26,1
12.874,-0.0016129374780482,26,1
12.876,-0.0008631730780482,26,1
12.878,-0.0004935664780482,26,1
12.88,-0.0005399578780482,26,1
12.882,-0.0004791311780482,26,1
12.884,-0.0006752963780482,26,1
12.886,-0.0008714615780482,26,1
12.888,-0.0010676267780482,26,1
12.89,-0.0005366424780482,26,1
12.892,-0.0005517069780482,26,1
12.894,-0.0005667714780482,26,1
12.896,-0.0018386992780482,26,1
12.898,-0.0017166012030482,26,1
12.9,-0.0015945031280482,26,1
12.902,-0.0014724050530482,26,1
12.904,-0.0013503069780482,26,1
12.906,-0.0005693124780482,26,1
12.908,-0.0005107363780482,26,1
12.91,-0.0004521602780482,26,1
12.912,-0.0013850339780482,26,1
12.914,-0.0014661886780482,26,1
12.916,-0.0015473433780482,26,1
12.918,-0.0016284980780482,26,1
12.92,-0.0007585806780482,26,1
12.922,-0.0008855762280482,26,1
12.924,-0.0010125717780482,26,1
12.926,-0.0013387676113815,26,1
12.928,-0.0016649634447148,26,1
12.93,-0.0019911592780482,26,1
12.932,-0.0016236580780482,26,1
12.934,-0.0012561568780482,26,1
12.936,-0.0010306733780482,26,1
12.938,-0.0009796113780482,26,1
12.94,-0.0011590785780482,26,1
12.942,-0.0013385457780482,26,1
12.944,-0.0015180129780482,26,1
12.946,-0.0016974801780482,26,1
12.948,-0.0014292050280482,26,1
12.95,-0.0011609298780482,26,1
12.952,-0.0011941927780482,26,1
12.954,-0.0013267143980482,26,1
12.956,-0.0014592360180482,26,1
12.958,-0.0015917576380482,26,1
12.96,-0.0017242792580482,26,1
12.962,-0.0018568008780482,26,1
12.964,-0.0010731080780482,26,1
12.966,-0.0009092377780482,26,1
12.968,-0.0013478930280482,26,1
12.97,-0.0017865482780482,26,1
12.972,-0.0018071303780482,26,1
12.974,-0.0018277124780482,26,1
12.976,-0.0018482945780482,26,1
12.978,-0.0010931093780482,26,1
12.98,-0.0007770573780482,26,1
12.982,-0.0009398628780482,26,1
12.984,-0.0011026683780482,26,1
12.986,-0.0013504279780482,26,1
12.988,-0.0015981875780482,26,1
12.99,-0.0018459471780482,26,1
12.992,-0.0010532398780482,26,1
12.994,-0.0006691132780482,26,1
12.996,-0.0006855813780482,26,1
12.998,-0.0006271988780482,26,1
13.0,-0.0012881069280482,27,1
13.002,-0.0019490149780482,27,1
13.004,-0.0011498825780482,27,1
13.006,-0.0006173252780482,27,1
13.008,-0.0006264607780482,27,1
13.01,-0.0005239919280482,27,1
13.012,-0.0004215230780482,27,1
13.014,-0.0012089850280482,27,1
13.016,-0.0019964469780482,27,1
13.018,-0.0012724676780482,27,1
13.02,-0.0009398447280482,27,1
13.022,-0.0006072217780482,27,1
13.024,-0.0005381670780482,27,1
13.026,-0.0003837347780482,27,1
13.028,-0.0013140553780482,27,1
13.03,-0.0009938228280482,27,1
13.032,-0.0006735902780482,27,1
13.034,-0.0005602435280482,27,1
13.036,-0.0004468967780482,27,1
13.038,-0.0006306836780482,27,1
13.04,-0.0008144705780482,27,1
13.042,-0.0010709744447148,27,1
13.044,-0.0013274783113815,27,1
13.046,-0.0015839821780482,27,1
13.048,-0.0012018339280482,27,1
13.05,-0.0008196856780482,27,1
13.052,-0.0004553667780482,27,1
13.054,-0.0005091028780482,27,1
13.056,-0.0004454810780482,27,1
13.058,-0.0008807947113815,27,1
13.06,-0.0013161083447148,27,1
13.062,-0.0017514219780482,27,1
13.064,-0.0004672973780482,27,1
13.066,-0.0003783744780482,27,1
13.068,-0.0002894515780482,27,1
13.07,-0.0010252283780482,27,1
13.072,-0.0017610051780482,27,1
13.074,-0.0018268049780482,27,1
13.076,-0.0018926047780482,27,1
13.078,-0.0011701863780482,27,1
13.08,-0.0005409258780482,27,1
13.082,-0.0004689429780482,27,1
13.084,-0.0003036569780482,27,1
13.086,-0.0012545596780482,27,1
13.088,-0.0012904240780482,27,1
13.09,-0.0013262884780482,27,1
13.092,-0.0013621528780482,27,1
13.094,-0.0006597478780482,27,1
13.096,-0.0004684831780482,27,1
13.098,-0.0008152449780482,27,1
13.1,-0.0010764033113815,27,1
13.102,-0.0013375616447148,27,1
13.104,-0.0015987199780482,27,1
13.106,-0.0008511214780482,27,1
13.108,-0.0006829919780482,27,1
13.11,-0.0005148624780482,27,1
13.112,-0.0005962228780482,27,1
13.114,-0.0005741403780482,27,1
13.116,-0.0010335935113815,27,1
13.118,-0.0014930466447148,27,1
13.12,-0.0019524997780482,27,1
13.122,-0.0012592544780482,27,1
13.124,-0.0007521071780482,27,1
13.126,-0.0007455126780482,27,1
13.128,-0.0009739818530482,27,1
13.13,-0.0012024510280482,27,1
13.132,-0.0014309202030482,27,1
13.134,-0.0016593893780482,27,1
13.136,-0.0013735994780482,27,1
13.138,-0.0010878095780482,27,1
13.14,-0.0010595076780482,27,1
13.142,-0.0009813537780482,27,1
13.144,-0.0010765372180482,27,1
13.146,-0.0011717206580482,27,1
13.148,-0.0012669040980482,27,1
13.15,-0.0013620875380482,27,1
13.152,-0.0014572709780482,27,1
13.154,-0.0013124339780482,27,1
13.156,-0.0012342074780482,27,1
13.158,-0.0016694565780482,27,1
13.16,-0.0016911821280482,27,1
13.162,-0.0017129076780482,27,1
13.164,-0.0017346332280482,27,1
13.166,-0.0017563587780482,27,1
13.168,-0.0013792017780482,27,1
13.17,-0.0014085079780482,27,1
13.172,-0.0015370009030482,27,1
13.174,-0.0016654938280482,27,1
13.176,-0.0017939867530482,27,1
13.178,-0.0019224796780482,27,1
13.18,-0.0016352075280482,27,1
13.182,-0.0013479353780482,27,1
13.184,-0.0013396952780482,27,1
13.186,-0.0011172851780482,27,1
13.188,-0.0014040995447148,27,1
13.19,-0.0016909139113815,27,1
13.192,-0.0019777282780482,27,1
13.194,-0.0016479790780482,27,1
13.196,-0.0013182298780482,27,1
13.198,-0.0012091725780482,27,1
13.2,-0.0010068363780482,27,1
13.202,-0.0010584646580482,27,1
13.204,-0.0011100929380482,27,1
13.206,-0.0011617212180482,27,1
13.208,-0.0012133494980482,27,1
13.21,-0.0012649777780482,27,1
13.212,-0.0010367112780482,27,1
13.214,-0.0009853467780482,27,1
13.216,-0.0013783184780482,27,1
13.218,-0.0013552014280482,27,1
13.22,-0.0013320843780482,27,1
13.222,-0.0013089673280482,27,1
13.224,-0.0012858502780482,27,1
13.226,-0.0008909667780482,27,1
13.228,-0.0009245805780482,27,1
13.23,-0.0008695013780482,27,1
13.232,-0.0009925311530482,27,1
13.234,-0.0011155609280482,27,1
13.236,-0.0012385907030482,27,1
13.238,-0.0013616204780482,27,1
13.24,-0.0007946628780482,27,1
13.242,-0.0008119537780482,27,1
13.244,-0.0005844495780482,27,1
13.246,-0.0008713768780482,27,1
13.248,-0.0011583041780482,27,1
13.25,-0.0014452314780482,27,1
13.252,-0.0011056389280482,27,1
13.254,-0.0007660463780482,27,1
13.256,-0.0007031989780482,27,1
13.258,-0.0005304351780482,27,1
13.26,-0.0015374213780482,27,1
13.262,-0.0015564264447148,27,1
13.264,-0.0015754315113815,27,1
13.266,-0.0015944365780482,27,1
13.268,-0.0008339273780482,27,1
13.27,-0.0006473695780482,27,1
13.272,-0.0005999980780482,27,1
13.274,-0.0007671777280482,27,1
13.276,-0.0009343573780482,27,1
13.278,-0.0007531961780482,27,1
13.28,-0.0005720349780482,27,1
13.282,-0.0005932644280482,27,1
13.284,-0.0006144938780482,27,1
13.286,-0.0006035373280482,27,1
13.288,-0.0005925807780482,27,1
13.29,-0.0010104663780482,27,1
13.292,-0.0014283519780482,27,1
13.294,-0.0018462375780482,27,1
13.296,-0.0010768227780482,27,1
13.298,-0.0006209189780482,27,1
13.3,-0.0012939935780482,27,1
13.302,-0.0019670681780482,27,1
13.304,-0.0019718234780482,27,1
13.306,-0.0019765787780482,27,1
13.308,-0.0019813340780482,27,1
13.31,-0.0012893834780482,27,1
13.312,-0.0006490877780482,27,1
13.314,-0.0004209785780482,27,1
13.316,-0.0009220698280482,27,1
13.318,-0.0014231610780482,27,1
13.32,-0.0014387942780482,27,1
13.322,-0.0014544274780482,27,1
13.324,-0.0014700606780482,27,1
13.326,-0.0005562565780482,27,1
13.328,-0.0005174034780482,27,1
13.33,-0.0009388585780482,27,1
13.332,-0.0012846281780482,27,1
13.334,-0.0016303977780482,27,1
13.336,-0.0008684365780482,27,1
13.338,-0.0007673854447148,27,1
13.34,-0.0006663343113815,27,1
13.342,-0.0005652831780482,27,1
13.344,-0.0005481253780482,27,1
13.346,-0.0007162024447148,27,1
13.348,-0.0008842795113815,27,1
13.35,-0.0010523565780482,27,1
13.352,-0.0005719139780482,27,1
13.354,-0.0006200477780482,27,1
13.356,-0.0005072152780482,27,1
13.358,-0.0003943827780482,27,1
13.36,-0.0019610786780482,27,1
13.362,-0.0016178561280482,27,1
13.364,-0.0012746335780482,27,1
13.366,-0.0006593364780482,27,1
13.368,-0.0006338538780482,27,1
13.37,-0.0005225762280482,27,1
13.372,-0.0004112985780482,27,1
13.374,-0.0006743404780482,27,1
13.376,-0.0009373823780482,27,1
13.378,-0.0012004242780482,27,1
13.38,-0.0014634661780482,27,1
13.382,-0.0005963680780482,27,1
13.384,-0.0005610723780482,27,1
13.386,-0.0005257766780482,27,1
13.388,-0.0009449448780482,27,1
13.39,-0.0008177496780482,27,1
13.392,-0.0006905544780482,27,1
13.394,-0.0005633592780482,27,1
13.396,-0.0005569462780482,27,1
13.398,-0.0008079656180482,27,1
13.4,-0.0010589849580482,27,1
13.402,-0.0013100042980482,27,1
13.404,-0.0015610236380482,27,1
13.406,-0.0018120429780482,27,1
13.408,-0.0010543530780482,27,1
13.41,-0.0005807953780482,27,1
13.412,-0.0006395408780482,27,1
13.414,-0.0004029737780482,27,1
13.416,-0.0019574244780482,27,1
13.418,-0.0019695668280482,27,1
13.42,-0.0019817091780482,27,1
13.422,-0.0012547532780482,27,1
13.424,-0.0006133564780482,27,1
13.426,-0.0010326456780482,27,1
13.428,-0.0014519348780482,27,1
13.43,-0.0014508983113815,27,1
13.432,-0.0014498617447148,27,1
13.434,-0.0014488251780482,27,1
13.436,-0.0011126992780482,27,1
13.438,-0.0007765733780482,27,1
13.44,-0.0006029383780482,27,1
13.442,-0.0005335932780482,27,1
13.444,-0.0009727990780482,27,1
13.446,-0.0011888002113815,27,1
13.448,-0.0014048013447148,27,1
13.45,-0.0016208024780482,27,1
13.452,-0.0008858605780482,27,1
13.454,-0.0005642304780482,27,1
13.456,-0.0005962228780482,27,1
13.458,-0.0006014742780482,27,1
13.46,-0.0007527363780482,27,1
13.462,-0.0009039984780482,27,1
13.464,-0.0010552605780482,27,1
13.466,-0.0005776009780482,27,1
13.468,-0.0006129692780482,27,1
13.47,-0.0013054462280482,27,1
13.472,-0.0019979231780482,27,1
13.474,-0.0019915868113815,27,1
13.476,-0.0019852504447148,27,1
13.478,-0.0019789140780482,27,1
13.48,-0.0012424354780482,27,1
13.482,-0.0006466435780482,27,1
13.484,-0.0006069555780482,27,1
13.486,-0.0004174090780482,27,1
13.488,-0.0007623921780482,27,1
13.49,-0.0011073752780482,27,1
13.492,-0.0014523583780482,27,1
13.494,-0.0007497718780482,27,1
13.496,-0.0006234115780482,27,1
13.498,-0.0004970512780482,27,1
13.5,-0.0007402612780482,28,0
13.502,-0.0009834712780482,28,0
13.504,-0.0012007751780482,28,0
13.506,-0.0014180790780482,28,0
13.508,-0.0016353829780482,28,0
13.51,-0.0008897325780482,28,0
13.512,-0.0005468669780482,28,0
13.514,-0.0005815818780482,28,0
13.516,-0.0005893984780482,28,0
13.518,-0.0011970423280482,28,0
13.52,-0.0018046861780482,28,0
13.522,-0.0010505173780482,28,0
13.524,-0.0005651258780482,28,0
13.526,-0.0006211004780482,28,0
13.528,-0.0004259032780482,28,0
13.53,-0.0012088458780482,28,0
13.532,-0.0019917884780482,28,0
13.534,-0.0012659336780482,28,0
13.536,-0.0010626254447148,28,0
13.538,-0.0008593172113815,28,0
13.54,-0.0006560089780482,28,0
13.542,-0.0004210148780482,28,0
13.544,-0.0009648433280482,28,0
13.546,-0.0015086717780482,28,0
13.548,-0.0014771270780482,28,0
13.55,-0.0014455823780482,28,0
13.552,-0.0007186385780482,28,0
13.554,-0.0005623670780482,28,0
13.556,-0.0005334541280482,28,0
13.558,-0.0005045411780482,28,0
13.56,-0.0009843545780482,28,0
13.562,-0.0012064016780482,28,0
13.564,-0.0014284487780482,28,0
13.566,-0.0016504958780482,28,0
13.568,-0.0008642983780482,28,0
13.57,-0.0005477986780482,28,0
13.572,-0.0005796458780482,28,0
13.574,-0.0006132959780482,28,0
13.576,-0.0010199124447148,28,0
13.578,-0.0014265289113815,28,0
13.58,-0.0018331453780482,28,0
13.582,-0.0005899066780482,28,0
13.584,-0.0006150141780482,28,0
13.586,-0.0006401216780482,28,0
13.588,-0.0007635707180482,28,0
13.59,-0.0008870197580482,28,0
13.592,-0.0010104687980482,28,0
13.594,-0.0011339178380482,28,0
13.596,-0.0012573668780482,28,0
13.598,-0.0006271020780482,28,0
13.6,-0.0005948555780482,28,0
13.602,-0.0004138274780482,28,0
13.604,-0.0015206870780482,28,0
13.606,-0.0014824813280482,28,0
13.608,-0.0014442755780482,28,0
13.61,-0.0007368853780482,28,0
13.612,-0.0005784358780482,28,0
13.614,-0.0005216505780482,28,0
13.616,-0.0007733789780482,28,0
13.618,-0.0010251073780482,28,0
13.62,-0.0012348528113815,28,0
13.622,-0.0014445982447148,28,0
13.624,-0.0016543436780482,28,0
13.626,-0.0008799920780482,28,0
13.628,-0.0005464192780482,28,0
13.63,-0.0005807590780482,28,0
13.632,-0.0010010525780482,28,0
13.634,-0.0014213460780482,28,0
13.636,-0.0018416395780482,28,0
13.638,-0.0014559399780482,28,0
13.64,-0.0010702403780482,28,0
13.642,-0.0006249845780482,28,0
13.644,-0.0004418026780482,28,0
13.646,-0.0007119029113815,28,0
13.648,-0.0009820031447148,28,0
13.65,-0.0012521033780482,28,0
13.652,-0.0009422284280482,28,0
13.654,-0.0006323534780482,28,0
13.656,-0.0006288686780482,28,0
13.658,-0.0004189941780482,28,0
13.66,-0.0009766650280482,28,0
13.662,-0.0015343358780482,28,0
13.664,-0.0014929720280482,28,0
13.666,-0.0014516081780482,28,0
13.668,-0.0007320574780482,28,0
13.67,-0.0006681936780482,28,0
13.672,-0.0006043298780482,28,0
13.674,-0.0005086067780482,28,0
13.676,-0.0008012997280482,28,0
13.678,-0.0010939926780482,28,0
13.68,-0.0013866856280482,28,0
13.682,-0.0016793785780482,28,0
13.684,-0.0005890112780482,28,0
13.686,-0.0006259646780482,28,0
13.688,-0.0006299032280482,28,0
13.69,-0.0006338417780482,28,0
13.692,-0.0010350334113815,28,0
13.694,-0.0014362250447148,28,0
13.696,-0.0018374166780482,28,0
13.698,-0.0010586969780482,28,0
13.7,-0.0005883941780482,28,0
13.702,-0.0004379790780482,28,0
13.704,-0.0006493297780482,28,0
13.706,-0.0008606804780482,28,0
13.708,-0.0010720311780482,28,0
13.71,-0.0012833818780482,28,0
13.712,-0.0006689559780482,28,0
13.714,-0.0006539519780482,28,0
13.716,-0.0005383727780482,28,0
13.718,-0.0004227935780482,28,0
13.72,-0.0007665868447148,28,0
13.722,-0.0011103801113815,28,0
13.724,-0.0014541733780482,28,0
13.726,-0.0010993348280482,28,0
13.728,-0.0007444962780482,28,0
13.73,-0.0010429185780482,28,0
13.732,-0.0011599909180482,28,0
13.734,-0.0012770632580482,28,0
13.736,-0.0013941355980482,28,0
13.738,-0.0015112079380482,28,0
13.74,-0.0016282802780482,28,0
13.742,-0.0005892653780482,28,0
13.744,-0.0005946438280482,28,0
13.746,-0.0006000222780482,28,0
13.748,-0.0006504550780482,28,0
13.75,-0.0012354477280482,28,0
13.752,-0.0018204403780482,28,0
13.754,-0.0011996438280482,28,0
13.756,-0.0005788472780482,28,0
13.758,-0.0006443687780482,28,0
13.76,-0.0009116432580482,28,0
13.762,-0.0011789177380482,28,0
13.764,-0.0014461922180482,28,0
13.766,-0.0017134666980482,28,0
13.768,-0.0019807411780482,28,0
13.77,-0.0012419514780482,28,0
13.772,-0.0006325833780482,28,0
13.774,-0.0006275134780482,28,0
13.776,-0.0004322073780482,28,0
13.778,-0.0016007648780482,28,0
13.78,-0.0015501707447148,28,0
13.782,-0.0014995766113815,28,0
13.784,-0.0014489824780482,28,0
13.786,-0.0007515384780482,28,0
13.788,-0.0006003005780482,28,0
13.79,-0.0010834414780482,28,0
13.792,-0.0010349356030482,28,0
13.794,-0.0009864297280482,28,0
13.796,-0.0009379238530482,28,0
13.798,-0.0008894179780482,28,0
13.8,-0.0005830701780482,28,0
13.802,-0.0005902212780482,28,0
13.804,-0.0005973723780482,28,0
13.806,-0.0006561057780482,28,0
13.808,-0.0007952194780482,28,0
13.81,-0.0009343331780482,28,0
13.812,-0.0010734468780482,28,0
13.814,-0.0008400923280482,28,0
13.816,-0.0006067377780482,28,0
13.818,-0.0006753084780482,28,0
13.82,-0.0007970925580482,28,0
13.822,-0.0009188766380482,28,0
13.824,-0.0010406607180482,28,0
13.826,-0.0011624447980482,28,0
13.828,-0.0012842288780482,28,0
13.83,-0.0006726948780482,28,0
13.832,-0.0006536978780482,28,0
13.834,-0.0004346878780482,28,0
13.836,-0.0016175233780482,28,0
13.838,-0.0013316326447148,28,0
13.84,-0.0010457419113815,28,0
13.842,-0.0007598511780482,28,0
13.844,-0.0006105129780482,28,0
13.846,-0.0005202953780482,28,0
13.848,-0.0008040706280482,28,0
13.85,-0.0010878458780482,28,0
13.852,-0.0013695278280482,28,0
13.854,-0.0016512097780482,28,0
13.856,-0.0012781062780482,28,0
13.858,-0.0009050027780482,28,0
13.86,-0.0005981225780482,28,0
13.862,-0.0006384881780482,28,0
13.864,-0.0006788537780482,28,0
13.866,-0.0008092474113815,28,0
13.868,-0.0009396410447148,28,0
13.87,-0.0010700346780482,28,0
13.872,-0.0006006998780482,28,0
13.874,-0.0006373084280482,28,0
13.876,-0.0006739169780482,28,0
13.878,-0.0007945176780482,28,0
13.88,-0.0009151183780482,28,0
13.882,-0.0010357190780482,28,0
13.884,-0.0011563197780482,28,0
13.886,-0.0012769204780482,28,0
13.888,-0.0006779946780482,28,0
13.89,-0.0004259032780482,28,0
13.892,-0.0006828498030482,28,0
13.894,-0.0009397963280482,28,0
13.896,-0.0011967428530482,28,0
13.898,-0.0014536893780482,28,0
13.9,-0.0007604803780482,28,0
13.902,-0.0005195330780482,28,0
13.904,-0.0007183441447148,28,0
13.906,-0.0009171552113815,28,0
13.908,-0.0011159662780482,28,0
13.91,-0.0010386392113815,28,0
13.912,-0.0009613121447148,28,0
13.914,-0.0008839850780482,28,0
13.916,-0.0006231695780482,28,0
13.918,-0.0006603770780482,28,0
13.92,-0.0006975845780482,28,0
13.922,-0.0008167937780482,28,0
13.924,-0.0009360029780482,28,0
13.926,-0.0010552121780482,28,0
13.928,-0.0006801968780482,28,0
13.93,-0.0007983098180482,28,0
13.932,-0.0009164227580482,28,0
13.934,-0.0010345356980482,28,0
13.936,-0.0011526486380482,28,0
13.938,-0.0012707615780482,28,0
13.94,-0.0009715467280482,28,0
13.942,-0.0006723318780482,28,0
13.944,-0.0004564678780482,28,0
13.946,-0.0016545614780482,28,0
13.948,-0.0014329893030482,28,0
13.95,-0.0012114171280482,28,0
13.952,-0.0009898449530482,28,0
13.954,-0.0007682727780482,28,0
13.956,-0.0006862347780482,28,0
13.958,-0.0006041967780482,28,0
13.96,-0.0011368629780482,28,0
13.962,-0.0013122323113815,28,0
13.964,-0.0014876016447148,28,0
13.966,-0.0016629709780482,28,0
13.968,-0.0007146455780482,28,0
13.97,-0.0008373960447148,28,0
13.972,-0.0009601465113815,28,0
13.974,-0.0010828969780482,28,0
13.976,-0.0012056474447148,28,0
13.978,-0.0013283979113815,28,0
13.98,-0.0014511483780482,28,0
13.982,-0.0015738988447148,28,0
13.984,-0.0016966493113815,28,0
13.986,-0.0018193997780482,28,0
13.988,-0.0005824772780482,28,0
13.99,-0.0006520401780482,28,0
13.992,-0.0004710967780482,28,0
13.994,-0.0007269230447148,28,0
13.996,-0.0009827493113815,28,0
13.998,-0.0012385755780482,28,0
14.0,-0.0004298115780482,29,0
14.002,-0.0016789308780482,29,0
14.004,-0.0013648915113815,29,0
14.006,-0.0010508521447148,29,0
14.008,-0.0007368127780482,29,0
14.01,-0.0006910747780482,29,0
14.012,-0.0006453367780482,29,0
14.014,-0.0005995987780482,29,0
14.016,-0.0007505117066196,29,0
14.018,-0.000901424635191,29,0
14.02,-0.0010523375637625,29,0
14.022,-0.0012032504923339,29,0
14.024,-0.0013541634209053,29,0
14.026,-0.0015050763494767,29,0
14.028,-0.0016559892780482,29,0
14.03,-0.0006291711780482,29,0
14.032,-0.0006840507280482,29,0
14.034,-0.0007389302780482,29,0
14.036,-0.0009576038980482,29,0
14.038,-0.0011762775180482,29,0
14.04,-0.0013949511380482,29,0
14.042,-0.0016136247580482,29,0
14.044,-0.0018322983780482,29,0
14.046,-0.0010495493780482,29,0
14.048,-0.0004919208780482,29,0
14.05,-0.0007506834113815,29,0
14.052,-0.0010094459447148,29,0
14.054,-0.0012682084780482,29,0
14.056,-0.0009696833280482,29,0
14.058,-0.0006711581780482,29,0
14.06,-0.0016837103780482,29,0
14.062,-0.0016510766780482,29,0
14.064,-0.0016184429780482,29,0
14.066,-0.0015858092780482,29,0
14.068,-0.0015531755780482,29,0
14.07,-0.0015205418780482,29,0
14.072,-0.0014879081780482,29,0
14.074,-0.0014552744780482,29,0
14.076,-0.0005217715780482,29,0
14.078,-0.0011803140780482,29,0
14.08,-0.0013041454780482,29,0
14.082,-0.0014279768780482,29,0
14.084,-0.0015518082780482,29,0
14.086,-0.0016756396780482,29,0
14.088,-0.0009093466780482,29,0
14.09,-0.0010414268209053,29,0
14.092,-0.0011735069637625,29,0
14.094,-0.0013055871066196,29,0
14.096,-0.0014376672494767,29,0
14.098,-0.0015697473923339,29,0
14.1,-0.001701827535191,29,0
14.102,-0.0018339076780482,29,0
14.104,-0.0010651341780482,29,0
14.106,-0.0006145059780482,29,0
14.108,-0.0006784423780482,29,0
14.11,-0.0005017581780482,29,0
14.112,-0.0005553934447148,29,0
14.114,-0.0006090287113815,29,0
14.116,-0.0006626639780482,29,0
14.118,-0.0017100399780482,29,0
14.12,-0.0016563135580482,29,0
14.122,-0.0016025871380482,29,0
14.124,-0.0015488607180482,29,0
14.126,-0.0014951342980482,29,0
14.128,-0.0014414078780482,29,0
14.13,-0.0010371468780482,29,0
14.132,-0.0006328858780482,29,0
14.134,-0.0009216584280482,29,0
14.136,-0.0012104309780482,29,0
14.138,-0.0010600552030482,29,0
14.14,-0.0009096794280482,29,0
14.142,-0.0007593036530482,29,0
14.144,-0.0006089278780482,29,0
14.146,-0.0006593485780482,29,0
14.148,-0.0007097692780482,29,0
14.15,-0.0007601899780482,29,0
14.152,-0.0009748512380482,29,0
14.154,-0.0011895124980482,29,0
14.156,-0.0014041737580482,29,0
14.158,-0.0016188350180482,29,0
14.16,-0.0018334962780482,29,0
14.162,-0.0006283362780482,29,0
14.164,-0.0006486763780482,29,0
14.166,-0.0006690164780482,29,0
14.168,-0.0005126118780482,29,0
14.17,-0.0007588751113815,29,0
14.172,-0.0010051383447148,29,0
14.174,-0.0012514015780482,29,0
14.176,-0.0009645650280482,29,0
14.178,-0.0006777284780482,29,0
14.18,-0.0006615507780482,29,0
14.182,-0.0004391890780482,29,0
14.184,-0.0014600055780482,29,0
14.186,-0.0012867789530482,29,0
14.188,-0.0011135523280482,29,0
14.19,-0.0009403257030482,29,0
14.192,-0.0007670990780482,29,0
14.194,-0.0006306594780482,29,0
14.196,-0.0005098046780482,29,0
14.198,-0.0008966739447148,29,0
14.2,-0.0012835432113815,29,0
14.202,-0.0016704124780482,29,0
14.204,-0.0009162920780482,29,0
14.206,-0.0006287718780482,29,0
14.208,-0.0007025879280482,29,0
14.21,-0.0007764039780482,29,0
14.212,-0.0008481600030482,29,0
14.214,-0.0009199160280482,29,0
14.216,-0.0009916720530482,29,0
14.218,-0.0010634280780482,29,0
14.22,-0.0006091456780482,29,0
14.222,-0.0006266906780482,29,0
14.224,-0.0006442356780482,29,0
14.226,-0.0005287169780482,29,0
14.228,-0.0010163106780482,29,0
14.23,-0.0015039043780482,29,0
14.232,-0.0019914980780482,29,0
14.234,-0.0012748150780482,29,0
14.236,-0.0006889330780482,29,0
14.238,-0.0004660631780482,29,0
14.24,-0.0011247811280482,29,0
14.242,-0.0017834990780482,29,0
14.244,-0.0016197134780482,29,0
14.246,-0.0014559278780482,29,0
14.248,-0.0010506686280482,29,0
14.25,-0.0006454093780482,29,0
14.252,-0.0005300963780482,29,0
14.254,-0.0012542934780482,29,0
14.256,-0.0014511665280482,29,0
14.258,-0.0016480395780482,29,0
14.26,-0.0012296699780482,29,0
14.262,-0.0008113003780482,29,0
14.264,-0.0008490005209053,29,0
14.266,-0.0008867006637625,29,0
14.268,-0.0009244008066196,29,0
14.27,-0.0009621009494767,29,0
14.272,-0.0009998010923339,29,0
14.274,-0.001037501235191,29,0
14.276,-0.0010752013780482,29,0
14.278,-0.0005296607780482,29,0
14.28,-0.0009997417447148,29,0
14.282,-0.0014698227113815,29,0
14.284,-0.0019399036780482,29,0
14.286,-0.0012290891780482,29,0
14.288,-0.0010466897447148,29,0
14.29,-0.0008642903113815,29,0
14.292,-0.0006818908780482,29,0
14.294,-0.0006667900780482,29,0
14.296,-0.0005597897780482,29,0
14.298,-0.0004527894780482,29,0
14.3,-0.0017533458780482,29,0
14.302,-0.0014260287780482,29,0
14.304,-0.0010987116780482,29,0
14.306,-0.0007713945780482,29,0
14.308,-0.0005206825780482,29,0
14.31,-0.0012478078780482,29,0
14.312,-0.0014459151280482,29,0
14.314,-0.0016440223780482,29,0
14.316,-0.0012785721280482,29,0
14.318,-0.0009131218780482,29,0
14.32,-0.0008184797113815,29,0
14.322,-0.0007238375447148,29,0
14.324,-0.0006291953780482,29,0
14.326,-0.0006347371780482,29,0
14.328,-0.0007865074780482,29,0
14.33,-0.0011331603780482,29,0
14.332,-0.0014798132780482,29,0
14.334,-0.0018264661780482,29,0
14.336,-0.0010623632780482,29,0
14.338,-0.0006196847780482,29,0
14.34,-0.0006806445780482,29,0
14.342,-0.0005246150780482,29,0
14.344,-0.0010107850113815,29,0
14.346,-0.0014969549447148,29,0
14.348,-0.0019831248780482,29,0
14.35,-0.0012471060780482,29,0
14.352,-0.0006728158780482,29,0
14.354,-0.0006725617780482,29,0
14.356,-0.0004687493780482,29,0
14.358,-0.0018051580780482,29,0
14.36,-0.0016823995447148,29,0
14.362,-0.0015596410113815,29,0
14.364,-0.0014368824780482,29,0
14.366,-0.0006372660780482,29,0
14.368,-0.0005217231780482,29,0
14.37,-0.0008929330280482,29,0
14.372,-0.0012641428780482,29,0
14.374,-0.0014599390280482,29,0
14.376,-0.0016557351780482,29,0
14.378,-0.0012745670280482,29,0
14.38,-0.0008933988780482,29,0
14.382,-0.0006307441780482,29,0
14.384,-0.0008111914780482,29,0
14.386,-0.0010619095280482,29,0
14.388,-0.0013126275780482,29,0
14.39,-0.0015633456280482,29,0
14.392,-0.0018140636780482,29,0
14.394,-0.0010493678780482,29,0
14.396,-0.0006188498780482,29,0
14.398,-0.0006730215780482,29,0
14.4,-0.0005532920780482,29,0
14.402,-0.0005944280447148,29,0
14.404,-0.0006355640113815,29,0
14.406,-0.0006766999780482,29,0
14.408,-0.0006788779780482,29,0
14.41,-0.0004736256780482,29,0
14.412,-0.0009170624447148,29,0
14.414,-0.0013604992113815,29,0
14.416,-0.0018039359780482,29,0
14.418,-0.0016794713447148,29,0
14.42,-0.0015550067113815,29,0
14.422,-0.0014305420780482,29,0
14.424,-0.0006477204780482,29,0
14.426,-0.0005931434280482,29,0
14.428,-0.0005385663780482,29,0
14.43,-0.0012783603780482,29,0
14.432,-0.0014639683280482,29,0
14.434,-0.0016495762780482,29,0
14.436,-0.0006404725780482,29,0
14.438,-0.0007387245780482,29,0
14.44,-0.0008369765780482,29,0
14.442,-0.0013330160780482,29,0
14.444,-0.0018290555780482,29,0
14.446,-0.0014324175780482,29,0
14.448,-0.0010357795780482,29,0
14.45,-0.0008755836447148,29,0
14.452,-0.0007153877113815,29,0
14.454,-0.0005551917780482,29,0
14.456,-0.0009136210030482,29,0
14.458,-0.0012720502280482,29,0
14.46,-0.0016304794530482,29,0
14.462,-0.0019889086780482,29,0
14.464,-0.0006726948780482,29,0
14.466,-0.0006824595780482,29,0
14.468,-0.0006922242780482,29,0
14.47,-0.0004734441780482,29,0
14.472,-0.0018222432780482,29,0
14.474,-0.0016096039280482,29,0
14.476,-0.0013969645780482,29,0
14.478,-0.0010710329280482,29,0
14.48,-0.0007451012780482,29,0
14.482,-0.0006571342780482,29,0
14.484,-0.0005444711780482,29,0
14.486,-0.0012965708780482,29,0
14.488,-0.0014114402113815,29,0
14.49,-0.0015263095447148,29,0
14.492,-0.0016411788780482,29,0
14.494,-0.0006290380780482,29,0
14.496,-0.0006212214780482,29,0
14.498,-0.0007228735780482,29,0
14.5,-0.0008245256780482,30,0
14.502,-0.0011623254113815,30,0
14.504,-0.0015001251447148,30,0
14.506,-0.0018379248780482,30,0
14.508,-0.0010278903780482,30,0
14.51,-0.0006930954780482,30,0
14.512,-0.0007834078613815,30,0
14.514,-0.0008737202447148,30,0
14.516,-0.0009640326280482,30,0
14.518,-0.0010543450113815,30,0
14.52,-0.0011446573947148,30,0
14.522,-0.0012349697780482,30,0
14.524,-0.0006651807780482,30,0
14.526,-0.0006872148780482,30,0
14.528,-0.0004707579780482,30,0
14.53,-0.0007092913280482,30,0
14.532,-0.0009478246780482,30,0
14.534,-0.0011863580280482,30,0
14.536,-0.0014248913780482,30,0
14.538,-0.0007549869780482,30,0
14.54,-0.0006560331780482,30,0
14.542,-0.0005198476780482,30,0
14.544,-0.0012821476780482,30,0
14.546,-0.0014073302447148,30,0
14.548,-0.0015325128113815,30,0
14.55,-0.0016576953780482,30,0
14.552,-0.0008845900780482,30,0
14.554,-0.0006227460780482,30,0
14.556,-0.0006150867780482,30,0
14.558,-0.0008215611780482,30,0
14.56,-0.0011561423113815,30,0
14.562,-0.0014907234447148,30,0
14.564,-0.0018253045780482,30,0
14.566,-0.0010518362780482,30,0
14.568,-0.0006207011780482,30,0
14.57,-0.0006900341780482,30,0
14.572,-0.0005683807780482,30,0
14.574,-0.0010393248780482,30,0
14.576,-0.0015102689780482,30,0
14.578,-0.0019812130780482,30,0
14.58,-0.0006451068780482,30,0
14.582,-0.0006588827280482,30,0
14.584,-0.0006726585780482,30,0
14.586,-0.0018606970780482,30,0
14.588,-0.0017582373030482,30,0
14.59,-0.0016557775280482,30,0
14.592,-0.0015533177530482,30,0
14.594,-0.0014508579780482,30,0
14.596,-0.0007522765780482,30,0
14.598,-0.0013005517780482,30,0
14.6,-0.0013614341380482,30,0
14.602,-0.0014223164980482,30,0
14.604,-0.0014831988580482,30,0
14.606,-0.0015440812180482,30,0
14.608,-0.0016049635780482,30,0
14.61,-0.0008730829780482,30,0
14.612,-0.0006417793780482,30,0
14.614,-0.0006214513780482,30,0
14.616,-0.0008433048780482,30,0
14.618,-0.0011632611447148,30,0
14.62,-0.0014832174113815,30,0
14.622,-0.0018031736780482,30,0
14.624,-0.0010176658780482,30,0
14.626,-0.0006250208780482,30,0
14.628,-0.0006773291780482,30,0
14.63,-0.0005603584780482,30,0
14.632,-0.0009014332780482,30,0
14.634,-0.0012425080780482,30,0
14.636,-0.0006677096780482,30,0
14.638,-0.0006670159447148,30,0
14.64,-0.0006663222113815,30,0
14.642,-0.0006656284780482,30,0
14.644,-0.0004492320780482,30,0
14.646,-0.0018449791780482,30,0
14.648,-0.0016402048280482,30,0
14.65,-0.0014354304780482,30,0
14.652,-0.0011029950780482,30,0
14.654,-0.0007705596780482,30,0
14.656,-0.0005072878780482,30,0
14.658,-0.0013186049780482,30,0
14.66,-0.0013987402530482,30,0
14.662,-0.0014788755280482,30,0
14.664,-0.0015590108030482,30,0
14.666,-0.0016391460780482,30,0
14.668,-0.0006366489780482,30,0
14.67,-0.0007511210280482,30,0
14.672,-0.0008655930780482,30,0
14.674,-0.0010992289530482,30,0
14.676,-0.0013328648280482,30,0
14.678,-0.0015665007030482,30,0
14.68,-0.0018001365780482,30,0
14.682,-0.0010321495780482,30,0
14.684,-0.0006192249780482,30,0
14.686,-0.0005504969780482,30,0
14.688,-0.0007739396113815,30,0
14.69,-0.0009973822447148,30,0
14.692,-0.0012208248780482,30,0
14.694,-0.0010326456780482,30,0
14.696,-0.0008444664780482,30,0
14.698,-0.0006562872780482,30,0
14.7,-0.0004467273780482,30,0
14.702,-0.0011560112280482,30,0
14.704,-0.0018652950780482,30,0
14.706,-0.0017196231780482,30,0
14.708,-0.0015739512780482,30,0
14.71,-0.0014282793780482,30,0
14.712,-0.0007561485780482,30,0
14.714,-0.0006451673780482,30,0
14.716,-0.0005082921780482,30,0
14.718,-0.0013594303780482,30,0
14.72,-0.0011964917780482,30,0
14.722,-0.0010335531780482,30,0
14.724,-0.0008706145780482,30,0
14.726,-0.0007410175280482,30,0
14.728,-0.0006114204780482,30,0
14.73,-0.0010033596447148,30,0
14.732,-0.0013952988113815,30,0
14.734,-0.0017872379780482,30,0
14.736,-0.0010249984780482,30,0
14.738,-0.0006178818780482,30,0
14.74,-0.0006397102780482,30,0
14.742,-0.0006615386780482,30,0
14.744,-0.0005468427780482,30,0
14.746,-0.0010199890780482,30,0
14.748,-0.0014931353780482,30,0
14.75,-0.0019662816780482,30,0
14.752,-0.0006613692780482,30,0
14.754,-0.0006777889780482,30,0
14.756,-0.0005670497780482,30,0
14.758,-0.0004563105780482,30,0
14.76,-0.0018862522780482,30,0
14.762,-0.0017227933780482,30,0
14.764,-0.0015593344780482,30,0
14.766,-0.0013958755780482,30,0
14.768,-0.0007553862780482,30,0
14.77,-0.0006401458780482,30,0
14.772,-0.0004979829780482,30,0
14.774,-0.0013731033780482,30,0
14.776,-0.0014582631780482,30,0
14.778,-0.0015434229780482,30,0
14.78,-0.0016285827780482,30,0
14.782,-0.0008740630780482,30,0
14.784,-0.0006124247780482,30,0
14.786,-0.0008744018780482,30,0
14.788,-0.0011775996447148,30,0
14.79,-0.0014807974113815,30,0
14.792,-0.0017839951780482,30,0
14.794,-0.0014010241280482,30,0
14.796,-0.0010180530780482,30,0
14.798,-0.0006151351780482,30,0
14.8,-0.0006838752780482,30,0
14.802,-0.0005867606780482,30,0
14.804,-0.0010523444780482,30,0
14.806,-0.0015179282780482,30,0
14.808,-0.0019835120780482,30,0
14.81,-0.0012411770780482,30,0
14.812,-0.0007046267780482,30,0
14.814,-0.0004978982780482,30,0
14.816,-0.0019141790780482,30,0
14.818,-0.0017921868780482,30,0
14.82,-0.0016701946780482,30,0
14.822,-0.0015482024780482,30,0
14.824,-0.0014262102780482,30,0
14.826,-0.0006800395780482,30,0
14.828,-0.0006075424280482,30,0
14.83,-0.0005350452780482,30,0
14.832,-0.0013958997780482,30,0
14.834,-0.0014645955113815,30,0
14.836,-0.0015332912447148,30,0
14.838,-0.0016019869780482,30,0
14.84,-0.0006437032780482,30,0
14.842,-0.0006316032780482,30,0
14.844,-0.0008959640780482,30,0
14.846,-0.0013392173280482,30,0
14.848,-0.0017824705780482,30,0
14.85,-0.0009996489780482,30,0
14.852,-0.0008090134780482,30,0
14.854,-0.0006183779780482,30,0
14.856,-0.0006731183780482,30,0
14.858,-0.0011031160780482,30,0
14.86,-0.0015331137780482,30,0
14.862,-0.0019631114780482,30,0
14.864,-0.0012303354780482,30,0
14.866,-0.0009516301280482,30,0
14.868,-0.0006729247780482,30,0
14.87,-0.0006912320780482,30,0
14.872,-0.0004761787780482,30,0
14.874,-0.0006628357980482,30,0
14.876,-0.0008494928180482,30,0
14.878,-0.0010361498380482,30,0
14.88,-0.0012228068580482,30,0
14.882,-0.0014094638780482,30,0
14.884,-0.0007429958780482,30,0
14.886,-0.0006544964780482,30,0
14.888,-0.0005065618780482,30,0
14.89,-0.0013812103780482,30,0
14.892,-0.0014592069780482,30,0
14.894,-0.0015372035780482,30,0
14.896,-0.0016152001780482,30,0
14.898,-0.0008553080780482,30,0
14.9,-0.0006177124780482,30,0
14.902,-0.0005954121780482,30,0
14.904,-0.0008910151780482,30,0
14.906,-0.0011866181780482,30,0
14.908,-0.0014822211780482,30,0
14.91,-0.0017778241780482,30,0
14.912,-0.0006139493780482,30,0
14.914,-0.0006441570280482,30,0
14.916,-0.0006743646780482,30,0
14.918,-0.0006024301780482,30,0
14.92,-0.0010524372447148,30,0
14.922,-0.0015024443113815,30,0
14.924,-0.0019524513780482,30,0
14.926,-0.0011811005780482,30,0
14.928,-0.0006542907780482,30,0
14.93,-0.0007039975780482,30,0
14.932,-0.0004817810780482,30,0
14.934,-0.0019395164780482,30,0
14.936,-0.0016688455280482,30,0
14.938,-0.0013981745780482,30,0
14.94,-0.0007481141780482,30,0
14.942,-0.0007154078780482,30,0
14.944,-0.0006827015780482,30,0
14.946,-0.0005237196780482,30,0
14.948,-0.0014335186780482,30,0
14.95,-0.0014801843447148,30,0
14.952,-0.0015268500113815,30,0
14.954,-0.0015735156780482,30,0
14.956,-0.0008434863780482,30,0
14.958,-0.0006572915780482,30,0
14.96,-0.0006520643780482,30,0
14.962,-0.0012100982280482,30,0
14.964,-0.0017681320780482,30,0
14.966,-0.0009894486780482,30,0
14.968,-0.0006226008780482,30,0
14.97,-0.0006645878780482,30,0
14.972,-0.0006161031780482,30,0
14.974,-0.0007292986780482,30,0
14.976,-0.0008424941780482,30,0
14.978,-0.0009556896780482,30,0
14.98,-0.0010688851780482,30,0
14.982,-0.0011820806780482,30,0
14.984,-0.0009204968280482,30,0
14.986,-0.0006589129780482,30,0
14.988,-0.0006958905780482,30,0
14.99,-0.0004747509780482,30,0
14.992,-0.0019588885780482,30,0
14.994,-0.0016663287280482,30,0
14.996,-0.0013737688780482,30,0
14.998,-0.0010525078280482,30,0
15.0,-0.0007312467780482,31,0
15.002,-0.0006702869780482,31,0
15.004,-0.0005169436780482,31,0
15.006,-0.0010435840780482,31,0
15.008,-0.0015702244780482,31,0
15.01,-0.0008429055780482,31,0
15.012,-0.0007738266780482,31,0
15.014,-0.0007047477780482,31,0
15.016,-0.0006356688780482,31,0
15.018,-0.0006045355780482,31,0
15.02,-0.0009533664780482,31,0
15.022,-0.0013530899780482,31,0
15.024,-0.0017528134780482,31,0
15.026,-0.0013722019280482,31,0
15.028,-0.0009915903780482,31,0
15.03,-0.0006522942780482,31,0
15.032,-0.0006190979280482,31,0
15.034,-0.0005859015780482,31,0
15.036,-0.0008774934280482,31,0
15.038,-0.0011690852780482,31,0
15.04,-0.0006915950780482,31,0
15.042,-0.0004902631780482,31,0
15.044,-0.0005248812780482,31,0
15.046,-0.0005594993780482,31,0
15.048,-0.0005941174780482,31,0
15.05,-0.0006287355780482,31,0
15.052,-0.0006633536780482,31,0
15.054,-0.0006979717780482,31,0
15.056,-0.0007325898780482,31,0
15.058,-0.0006667295780482,31,0
15.06,-0.0005088003780482,31,0
15.062,-0.0008684486780482,31,0
15.064,-0.0012280969780482,31,0
15.066,-0.0015877452780482,31,0
15.068,-0.0011085550280482,31,0
15.07,-0.0006293647780482,31,0
15.072,-0.0006084196780482,31,0
15.074,-0.0005874745780482,31,0
15.076,-0.0009650187780482,31,0
15.078,-0.0013594969280482,31,0
15.08,-0.0017539750780482,31,0
15.082,-0.0013740895280482,31,0
15.084,-0.0009942039780482,31,0
15.086,-0.0006116382780482,31,0
15.088,-0.0006302117780482,31,0
15.09,-0.0006256984780482,31,0
15.092,-0.0009057045780482,31,0
15.094,-0.0011857106780482,31,0
15.096,-0.0010076027113815,31,0
15.098,-0.0008294947447148,31,0
15.1,-0.0006513867780482,31,0
15.102,-0.0006927445780482,31,0
15.104,-0.0004855925780482,31,0
15.106,-0.0007105104030482,31,0
15.108,-0.0009354282280482,31,0
15.11,-0.0011603460530482,31,0
15.112,-0.0013852638780482,31,0
15.114,-0.0007399224780482,31,0
15.116,-0.0006647209780482,31,0
15.118,-0.0005001004780482,31,0
15.12,-0.0014851251780482,31,0
15.122,-0.0015223044447148,31,0
15.124,-0.0015594837113815,31,0
15.126,-0.0015966629780482,31,0
15.128,-0.0006411985780482,31,0
15.13,-0.0006163935780482,31,0
15.132,-0.0005915885780482,31,0
15.134,-0.0009960310780482,31,0
15.136,-0.0012564150113815,31,0
15.138,-0.0015167989447148,31,0
15.14,-0.0017771828780482,31,0
15.142,-0.0009870286780482,31,0
15.144,-0.0006196726780482,31,0
15.146,-0.0006665117780482,31,0
15.148,-0.0006452520780482,31,0
15.15,-0.0010789765780482,31,0
15.152,-0.0015127010780482,31,0
15.154,-0.0019464255780482,31,0
15.156,-0.0011752683780482,31,0
15.158,-0.0006355599780482,31,0
15.16,-0.0006844076780482,31,0
15.162,-0.0004851085780482,31,0
15.164,-0.0005603141113815,31,0
15.166,-0.0006355196447148,31,0
15.168,-0.0007107251780482,31,0
15.17,-0.0006862529280482,31,0
15.172,-0.0006617806780482,31,0
15.174,-0.0005793433780482,31,0
15.176,-0.0004969060780482,31,0
15.178,-0.0015090347780482,31,0
15.18,-0.0012814257113815,31,0
15.182,-0.0010538166447148,31,0
15.184,-0.0008262075780482,31,0
15.186,-0.0007273203280482,31,0
15.188,-0.0006284330780482,31,0
15.19,-0.0005803960780482,31,0
15.192,-0.0009752311780482,31,0
15.194,-0.0009723191113815,31,0
15.196,-0.0009694070447148,31,0
15.198,-0.0009664949780482,31,0
15.2,-0.0007886370780482,31,0
15.202,-0.0006107791780482,31,0
15.204,-0.0006435943780482,31,0
15.206,-0.0010791500113815,31,0
15.208,-0.0015147056447148,31,0
15.21,-0.0019502612780482,31,0
15.212,-0.0011607604780482,31,0
15.214,-0.0006377500780482,31,0
15.216,-0.0004915820780482,31,0
15.218,-0.0007004795030482,31,0
15.22,-0.0009093769280482,31,0
15.222,-0.0011182743530482,31,0
15.224,-0.0013271717780482,31,0
15.226,-0.0009951598780482,31,0
15.228,-0.0006631479780482,31,0
15.23,-0.0004847092780482,31,0
15.232,-0.0010032608280482,31,0
15.234,-0.0015218123780482,31,0
15.236,-0.0012799091780482,31,0
15.238,-0.0010380059780482,31,0
15.24,-0.0007961027780482,31,0
15.242,-0.0006372297780482,31,0
15.244,-0.0010127653780482,31,0
15.246,-0.0011576362580482,31,0
15.248,-0.0013025071380482,31,0
15.25,-0.0014473780180482,31,0
15.252,-0.0015922488980482,31,0
15.254,-0.0017371197780482,31,0
15.256,-0.0009564156780482,31,0
15.258,-0.0006220926780482,31,0
15.26,-0.0006847948780482,31,0
15.262,-0.0006593122780482,31,0
15.264,-0.0019275495780482,31,0
15.266,-0.0016634509447148,31,0
15.268,-0.0013993523113815,31,0
15.27,-0.0011352536780482,31,0
15.272,-0.0006915708780482,31,0
15.274,-0.0005834452780482,31,0
15.276,-0.0004753196780482,31,0
15.278,-0.0006858687530482,31,0
15.28,-0.0008964178280482,31,0
15.282,-0.0011069669030482,31,0
15.284,-0.0013175159780482,31,0
15.286,-0.0007038765780482,31,0
15.288,-0.0006812132780482,31,0
15.29,-0.0004828579780482,31,0
15.292,-0.0015172990780482,31,0
15.294,-0.0015134472447148,31,0
15.296,-0.0015095954113815,31,0
15.298,-0.0015057435780482,31,0
15.3,-0.0007988252780482,31,0
15.302,-0.0005938633780482,31,0
15.304,-0.0008092191780482,31,0
15.306,-0.0010245749780482,31,0
15.308,-0.0013690377780482,31,0
15.31,-0.0017135005780482,31,0
15.312,-0.0009530276780482,31,0
15.314,-0.0007852732780482,31,0
15.316,-0.0006175188780482,31,0
15.318,-0.0006742799780482,31,0
15.32,-0.0006620468780482,31,0
15.322,-0.0010762218113815,31,0
15.324,-0.0014903967447148,31,0
15.326,-0.0019045716780482,31,0
15.328,-0.0011308855780482,31,0
15.33,-0.0006798459780482,31,0
15.332,-0.0004790101780482,31,0
15.334,-0.0006844288530482,31,0
15.336,-0.0008898475280482,31,0
15.338,-0.0010952662030482,31,0
15.34,-0.0013006848780482,31,0
15.342,-0.0006866219780482,31,0
15.344,-0.0006724528780482,31,0
15.346,-0.0006582837780482,31,0
15.348,-0.0004758520780482,31,0
15.35,-0.0015668364780482,31,0
15.352,-0.0015546598447148,31,0
15.354,-0.0015424832113815,31,0
15.356,-0.0015303065780482,31,0
15.358,-0.0008213433780482,31,0
15.36,-0.0010509771780482,31,0
15.362,-0.0011812094780482,31,0
15.364,-0.0013114417780482,31,0
15.366,-0.0014416740780482,31,0
15.368,-0.0015719063780482,31,0
15.37,-0.0017021386780482,31,0
15.372,-0.0006248393780482,31,0
15.374,-0.0006634988780482,31,0
15.376,-0.0006740258780482,31,0
15.378,-0.0009807729780482,31,0
15.38,-0.0012875200780482,31,0
15.382,-0.0015942671780482,31,0
15.384,-0.0019010142780482,31,0
15.386,-0.0011384359780482,31,0
15.388,-0.0006432192780482,31,0
15.39,-0.0006773049780482,31,0
15.392,-0.0004810792780482,31,0
15.394,-0.0007690028113815,31,0
15.396,-0.0010569263447148,31,0
15.398,-0.0013448498780482,31,0
15.4,-0.0010302801280482,31,0
15.402,-0.0007157103780482,31,0
15.404,-0.0006566744780482,31,0
15.406,-0.0004751623780482,31,0
15.408,-0.0015865957780482,31,0
15.41,-0.0015373185280482,31,0
15.412,-0.0014880412780482,31,0
15.414,-0.0011436994780482,31,0
15.416,-0.0007993576780482,31,0
15.418,-0.0006260493780482,31,0
15.42,-0.0005575633780482,31,0
15.422,-0.0010691150780482,31,0
15.424,-0.0012920374113815,31,0
15.426,-0.0015149597447148,31,0
15.428,-0.0017378820780482,31,0
15.43,-0.0009744204780482,31,0
15.432,-0.0006153650780482,31,0
15.434,-0.0006431466780482,31,0
15.436,-0.0006767967780482,31,0
15.438,-0.0012874898280482,31,0
15.44,-0.0018981828780482,31,0
15.442,-0.0011414851780482,31,0
15.444,-0.0006546174780482,31,0
15.446,-0.0006816004780482,31,0
15.448,-0.0005870147780482,31,0
15.45,-0.0004924290780482,31,0
15.452,-0.0007703580113815,31,0
15.454,-0.0010482869447148,31,0
15.456,-0.0013262158780482,31,0
15.458,-0.0010163106780482,31,0
15.46,-0.0007064054780482,31,0
15.462,-0.0006761554780482,31,0
15.464,-0.0004777880780482,31,0
15.466,-0.0016161802780482,31,0
15.468,-0.0013450838113815,31,0
15.47,-0.0010739873447148,31,0
15.472,-0.0008028908780482,31,0
15.474,-0.0009716011780482,31,0
15.476,-0.0011403114780482,31,0
15.478,-0.0012560503980482,31,0
15.48,-0.0013717893180482,31,0
15.482,-0.0014875282380482,31,0
15.484,-0.0016032671580482,31,0
15.486,-0.0017190060780482,31,0
15.488,-3.062047804821763e-05,31,0
15.49,-0.0006465709780482,31,0
15.492,-0.0007127579780482,31,0
15.494,-0.0010974371447148,31,0
15.496,-0.0014821163113815,31,0
15.498,-0.0018667954780482,31,0
15.5,-0.0006328737780482,32,0
15.502,-0.0006576485280482,32,0
15.504,-0.0006824232780482,32,0
15.506,-0.0005070337780482,32,0
15.508,-0.0007115661280482,32,0
15.51,-0.0009160984780482,32,0
15.512,-0.0011206308280482,32,0
15.514,-0.0013251631780482,32,0
15.516,-0.0004848544780482,32,0
15.518,-0.0010623269780482,32,0
15.52,-0.0016397994780482,32,0
15.522,-0.0016050724780482,32,0
15.524,-0.0015703454780482,32,0
15.526,-0.0015356184780482,32,0
15.528,-0.0015008914780482,32,0
15.53,-0.0006318331780482,32,0
15.532,-0.0005953335280482,32,0
15.534,-0.0005588338780482,32,0
15.536,-0.0011101340780482,32,0
15.538,-0.0013118007447148,32,0
15.54,-0.0015134674113815,32,0
15.542,-0.0017151340780482,32,0
15.544,-0.0009381446780482,32,0
15.546,-0.0006125578780482,32,0
15.548,-0.0006531412780482,32,0
15.55,-0.0007148028780482,32,0
15.552,-0.0009119421280482,32,0
15.554,-0.0011090813780482,32,0
15.556,-0.0006367336780482,32,0
15.558,-0.0006599293780482,32,0
15.56,-0.0006831250780482,32,0
15.562,-0.0007063207780482,32,0
15.564,-0.0008247870380482,32,0
15.566,-0.0009432532980482,32,0
15.568,-0.0010617195580482,32,0
15.57,-0.0011801858180482,32,0
15.572,-0.0012986520780482,32,0
15.574,-0.0006926598780482,32,0
15.576,-0.0006774138780482,32,0
15.578,-0.0016669276780482,32,0
15.58,-0.0016132964447148,32,0
15.582,-0.0015596652113815,32,0
15.584,-0.0015060339780482,32,0
15.586,-0.0006543996780482,32,0
15.588,-0.0006243271447148,32,0
15.59,-0.0005942546113815,32,0
15.592,-0.0005641820780482,32,0
15.594,-0.0011412915780482,32,0
15.596,-0.0014035711780482,32,0
15.598,-0.0016658507780482,32,0
15.6,-0.0012918095280482,32,0
15.602,-0.0009177682780482,32,0
15.604,-0.0006245368780482,32,0
15.606,-0.0006465588780482,32,0
15.608,-0.0007230308780482,32,0
15.61,-0.0010966466113815,32,0
15.612,-0.0014702623447148,32,0
15.614,-0.0018438780780482,32,0
15.616,-0.0010759152780482,32,0
15.618,-0.0006930591780482,32,0
15.62,-0.0008120481580482,32,0
15.622,-0.0009310371380482,32,0
15.624,-0.0010500261180482,32,0
15.626,-0.0011690150980482,32,0
15.628,-0.0012880040780482,32,0
15.63,-0.0006914135780482,32,0
15.632,-0.0006890782780482,32,0
15.634,-0.0006867429780482,32,0
15.636,-0.0004671521780482,32,0
15.638,-0.0016665525780482,32,0
15.64,-0.0015960660447148,32,0
15.642,-0.0015255795113815,32,0
15.644,-0.0014550929780482,32,0
15.646,-0.0006184868780482,32,0
15.648,-0.0005375257780482,32,0
15.65,-0.0011490839780482,32,0
15.652,-0.0010162501780482,32,0
15.654,-0.0008834163780482,32,0
15.656,-0.0007505825780482,32,0
15.658,-0.0006177487780482,32,0
15.66,-0.0006226311280482,32,0
15.662,-0.0006275134780482,32,0
15.664,-0.0006767725780482,32,0
15.666,-0.0007260316780482,32,0
15.668,-0.0010971185113815,32,0
15.67,-0.0014682053447148,32,0
15.672,-0.0018392921780482,32,0
15.674,-0.0010350051780482,32,0
15.676,-0.0006204833780482,32,0
15.678,-0.0006741952780482,32,0
15.68,-0.0004813938780482,32,0
15.682,-0.0006740198280482,32,0
15.684,-0.0008666457780482,32,0
15.686,-0.0010592717280482,32,0
15.688,-0.0012518976780482,32,0
15.69,-0.0006788537780482,32,0
15.692,-0.0006860774780482,32,0
15.694,-0.0004540115780482,32,0
15.696,-0.0007026484280482,32,0
15.698,-0.0009512852780482,32,0
15.7,-0.0011999221280482,32,0
15.702,-0.0014485589780482,32,0
15.704,-0.0007571044780482,32,0
15.706,-0.0006093997780482,32,0
15.708,-0.0005109178780482,32,0
15.71,-0.0011609540780482,32,0
15.712,-0.0014022522780482,32,0
15.714,-0.0016435504780482,32,0
15.716,-0.0012657400780482,32,0
15.718,-0.0008879296780482,32,0
15.72,-0.0006124489780482,32,0
15.722,-0.0006322687780482,32,0
15.724,-0.0007361956780482,32,0
15.726,-0.0011116667447148,32,0
15.728,-0.0014871378113815,32,0
15.73,-0.0018626088780482,32,0
15.732,-0.0010855589780482,32,0
15.734,-0.0006551377780482,32,0
15.736,-0.0005068038780482,32,0
15.738,-0.0007543900447148,32,0
15.74,-0.0010019762113815,32,0
15.742,-0.0012495623780482,32,0
15.744,-0.0009686608780482,32,0
15.746,-0.0006877593780482,32,0
15.748,-0.0006902398780482,32,0
15.75,-0.0006927203780482,32,0
15.752,-0.0004723430780482,32,0
15.754,-0.0017274034780482,32,0
15.756,-0.0016044614280482,32,0
15.758,-0.0014815193780482,32,0
15.76,-0.0011418360780482,32,0
15.762,-0.0008021527780482,32,0
15.764,-0.0006721261780482,32,0
15.766,-0.0005532073780482,32,0
15.768,-0.0012166140780482,32,0
15.77,-0.0016783379780482,32,0
15.772,-0.0009070476780482,32,0
15.774,-0.0007705959780482,32,0
15.776,-0.0006341442780482,32,0
15.778,-0.0006363706780482,32,0
15.78,-0.0006385970780482,32,0
15.782,-0.0007877174780482,32,0
15.784,-0.0008862477780482,32,0
15.786,-0.0009847780780482,32,0
15.788,-0.0010833083780482,32,0
15.79,-0.0008696223780482,32,0
15.792,-0.0006559363780482,32,0
15.794,-0.0007040943780482,32,0
15.796,-0.0005473267780482,32,0
15.798,-0.0007927228447148,32,0
15.8,-0.0010381189113815,32,0
15.802,-0.0012835149780482,32,0
15.804,-0.0006911110780482,32,0
15.806,-0.0006790957780482,32,0
15.808,-0.0004695963780482,32,0
15.81,-0.0017544590780482,32,0
15.812,-0.0016868624280482,32,0
15.814,-0.0016192657780482,32,0
15.816,-0.0015516691280482,32,0
15.818,-0.0014840724780482,32,0
15.82,-0.0007825507780482,32,0
15.822,-0.0006354994780482,32,0
15.824,-0.0005138823780482,32,0
15.826,-0.0012143392780482,32,0
15.828,-0.0013662628447148,32,0
15.83,-0.0015181864113815,32,0
15.832,-0.0016701099780482,32,0
15.834,-0.0006018856780482,32,0
15.836,-0.0006259525780482,32,0
15.838,-0.0007021704780482,32,0
15.84,-0.0007783883780482,32,0
15.842,-0.0011310146447148,32,0
15.844,-0.0014836409113815,32,0
15.846,-0.0018362671780482,32,0
15.848,-0.0010784562780482,32,0
15.85,-0.0006262429780482,32,0
15.852,-0.0006914135780482,32,0
15.854,-0.0005463708780482,32,0
15.856,-0.0007263977030482,32,0
15.858,-0.0009064245280482,32,0
15.86,-0.0010864513530482,32,0
15.862,-0.0012664781780482,32,0
15.864,-0.0006701538780482,32,0
15.866,-0.0006904455780482,32,0
15.868,-0.0004622637780482,32,0
15.87,-0.0017682651780482,32,0
15.872,-0.0016629346780482,32,0
15.874,-0.0015576041780482,32,0
15.876,-0.0014522736780482,32,0
15.878,-0.0006566381780482,32,0
15.88,-0.0006015166280482,32,0
15.882,-0.0005463950780482,32,0
15.884,-0.0012555760780482,32,0
15.886,-0.0014582329280482,32,0
15.888,-0.0016608897780482,32,0
15.89,-0.0008780076780482,32,0
15.892,-0.0007514779780482,32,0
15.894,-0.0006249482780482,32,0
15.896,-0.0006436185780482,32,0
15.898,-0.0007870035780482,32,0
15.9,-0.0008698482447148,32,0
15.902,-0.0009526929113815,32,0
15.904,-0.0010355375780482,32,0
15.906,-0.0006074153780482,32,0
15.908,-0.0006389721780482,32,0
15.91,-0.0006705289780482,32,0
15.912,-0.0005156731780482,32,0
15.914,-0.0010057796447148,32,0
15.916,-0.0014958861113815,32,0
15.918,-0.0019859925780482,32,0
15.92,-0.0012176546780482,32,0
15.922,-0.0006446712780482,32,0
15.924,-0.0006591670780482,32,0
15.926,-0.0004335625780482,32,0
15.928,-0.0017678295780482,32,0
15.93,-0.0016619908780482,32,0
15.932,-0.0015561521780482,32,0
15.934,-0.0014503134780482,32,0
15.936,-0.0007604319780482,32,0
15.938,-0.0006595784780482,32,0
15.94,-0.0005397642780482,32,0
15.942,-0.0012617107780482,32,0
15.944,-0.0014360536280482,32,0
15.946,-0.0016103964780482,32,0
15.948,-0.0008719334780482,32,0
15.95,-0.0007464927780482,32,0
15.952,-0.0006210520780482,32,0
15.954,-0.0006161757780482,32,0
15.956,-0.0007840874780482,32,0
15.958,-0.0013047807280482,32,0
15.96,-0.0018254739780482,32,0
15.962,-0.0014392601280482,32,0
15.964,-0.0010530462780482,32,0
15.966,-0.0006358624780482,32,0
15.968,-0.0006989518780482,32,0
15.97,-0.0005395464780482,32,0
15.972,-0.0007109823030482,32,0
15.974,-0.0008824181280482,32,0
15.976,-0.0010538539530482,32,0
15.978,-0.0012252897780482,32,0
15.98,-0.0006723681780482,32,0
15.982,-0.0006948620780482,32,0
15.984,-0.0004624452780482,32,0
15.986,-0.0018292491780482,32,0
15.988,-0.0016945640780482,32,0
15.99,-0.0015598789780482,32,0
15.992,-0.0014251938780482,32,0
15.994,-0.0006497290780482,32,0
15.996,-0.0005080743780482,32,0
15.998,-0.0008956676280482,32,0
16.0,-0.0012832608780482,33,0
16.002,-0.0013916970447148,33,0
16.004,-0.0015001332113815,33,0
16.006,-0.0016085693780482,33,0
16.008,-0.0008891517780482,33,0
16.01,-0.0006410412780482,33,0
16.012,-0.0006163209780482,33,0
16.014,-0.0008264616780482,33,0
16.016,-0.0008941571447148,33,0
16.018,-0.0009618526113815,33,0
16.02,-0.0010295480780482,33,0
16.022,-0.0006393593780482,33,0
16.024,-0.0006844197780482,33,0
16.026,-0.0009418593780482,33,0
16.028,-0.0011992989780482,33,0
16.03,-0.0014567385780482,33,0
16.032,-0.0017141781780482,33,0
16.034,-0.0019716177780482,33,0
16.036,-0.0012203166780482,33,0
16.038,-0.0006817577780482,33,0
16.04,-0.0006945353780482,33,0
16.042,-0.0004579924780482,33,0
16.044,-0.0018358678780482,33,0
16.046,-0.0016162165780482,33,0
16.048,-0.0013965652780482,33,0
16.05,-0.0010176053780482,33,0
16.052,-0.0006386454780482,33,0
16.054,-0.0005040208780482,33,0
16.056,-0.0009052568780482,33,0
16.058,-0.0013064928780482,33,0
16.06,-0.0014601326280482,33,0
16.062,-0.0016137723780482,33,0
16.064,-0.0008804639780482,33,0
16.066,-0.0006338175780482,33,0
16.068,-0.0006082744780482,33,0
16.07,-0.0007227465280482,33,0
16.072,-0.0008372185780482,33,0
16.074,-0.0011708680113815,33,0
16.076,-0.0015045174447148,33,0
16.078,-0.0018381668780482,33,0
16.08,-0.0010680018780482,33,0
16.082,-0.0006587556780482,33,0
16.084,-0.0007034409780482,33,0
16.086,-0.0005665052780482,33,0
16.088,-0.0010329683447148,33,0
16.09,-0.0014994314113815,33,0
16.092,-0.0019658944780482,33,0
16.094,-0.0006704926780482,33,0
16.096,-0.0004780421780482,33,0
16.098,-0.0007108764280482,33,0
16.1,-0.0009437106780482,33,0
16.102,-0.0011765449280482,33,0
16.104,-0.0014093791780482,33,0
16.106,-0.0010801381780482,33,0
16.108,-0.0007508971780482,33,0
16.11,-0.0007117476280482,33,0
16.112,-0.0006725980780482,33,0
16.114,-0.0005196056780482,33,0
16.116,-0.0013448014780482,33,0
16.118,-0.0014260812113815,33,0
16.12,-0.0015073609447148,33,0
16.122,-0.0015886406780482,33,0
16.124,-0.0008728288780482,33,0
16.126,-0.0006404241780482,33,0
16.128,-0.0006018493780482,33,0
16.13,-0.0008712800780482,33,0
16.132,-0.0011724490780482,33,0
16.134,-0.0014736180780482,33,0
16.136,-0.0017747870780482,33,0
16.138,-0.0010166010780482,33,0
16.14,-0.0006583200780482,33,0
16.142,-0.0006083531280482,33,0
16.144,-0.0005583861780482,33,0
16.146,-0.0007769807447148,33,0
16.148,-0.0009955753113815,33,0
16.15,-0.0012141698780482,33,0
16.152,-0.0009399959780482,33,0
16.154,-0.0006658220780482,33,0
16.156,-0.0006653380780482,33,0
16.158,-0.0004546770780482,33,0
16.16,-0.0019026477780482,33,0
16.162,-0.0017342157780482,33,0
16.164,-0.0015657837780482,33,0
16.166,-0.0013973517780482,33,0
16.168,-0.0007461418780482,33,0
16.17,-0.0006562509780482,33,0
16.172,-0.0004998705780482,33,0
16.174,-0.0013394411780482,33,0
16.176,-0.0014594368780482,33,0
16.178,-0.0015794325780482,33,0
16.18,-0.0008591437780482,33,0
16.182,-0.0006168049780482,33,0
16.184,-0.0006050074780482,33,0
16.186,-0.0005932099780482,33,0
16.188,-0.0008732765780482,33,0
16.19,-0.0011679196447148,33,0
16.192,-0.0014625627113815,33,0
16.194,-0.0017572057780482,33,0
16.196,-0.0010072719780482,33,0
16.198,-0.0006228307780482,33,0
16.2,-0.0006659430780482,33,0
16.202,-0.0005614232780482,33,0
16.204,-0.0010202673780482,33,0
16.206,-0.0014791114780482,33,0
16.208,-0.0019379555780482,33,0
16.21,-0.0011810400780482,33,0
16.212,-0.0006492087780482,33,0
16.214,-0.0006935431780482,33,0
16.216,-0.0004606181780482,33,0
16.218,-0.0018969002780482,33,0
16.22,-0.0017376037780482,33,0
16.222,-0.0015783072780482,33,0
16.224,-0.0014190107780482,33,0
16.226,-0.0007470009780482,33,0
16.228,-0.0006416341780482,33,0
16.23,-0.0004848665780482,33,0
16.232,-0.0013743859780482,33,0
16.234,-0.0014655171280482,33,0
16.236,-0.0015566482780482,33,0
16.238,-0.0008347985780482,33,0
16.24,-0.0007269815280482,33,0
16.242,-0.0006191644780482,33,0
16.244,-0.0005829370780482,33,0
16.246,-0.0008994972780482,33,0
16.248,-0.0011847023447148,33,0
16.25,-0.0014699074113815,33,0
16.252,-0.0017551124780482,33,0
16.254,-0.0009846691780482,33,0
16.256,-0.0006089157780482,33,0
16.258,-0.0005662995780482,33,0
16.26,-0.0009104356780482,33,0
16.262,-0.0012545717780482,33,0
16.264,-0.0015987078780482,33,0
16.266,-0.0019428439780482,33,0
16.268,-0.0011688069780482,33,0
16.27,-0.0006379799780482,33,0
16.272,-0.0004340707780482,33,0
16.274,-0.0006200356780482,33,0
16.276,-0.0008060005780482,33,0
16.278,-0.0009919654780482,33,0
16.28,-0.0011779303780482,33,0
16.282,-0.0013638952780482,33,0
16.284,-0.0007090795780482,33,0
16.286,-0.0006272714780482,33,0
16.288,-0.0013836424780482,33,0
16.29,-0.0014306449280482,33,0
16.292,-0.0014776473780482,33,0
16.294,-0.0015246498280482,33,0
16.296,-0.0015716522780482,33,0
16.298,-0.0008208230780482,33,0
16.3,-0.0006265333780482,33,0
16.302,-0.0005941174780482,33,0
16.304,-0.0009015784780482,33,0
16.306,-0.0013325744280482,33,0
16.308,-0.0017635703780482,33,0
16.31,-0.0009696530780482,33,0
16.312,-0.0007900951280482,33,0
16.314,-0.0006105371780482,33,0
16.316,-0.0006619016780482,33,0
16.318,-0.0009815383030482,33,0
16.32,-0.0013011749280482,33,0
16.322,-0.0016208115530482,33,0
16.324,-0.0019404481780482,33,0
16.326,-0.0011517822780482,33,0
16.328,-0.0006402184780482,33,0
16.33,-0.0006802452780482,33,0
16.332,-0.0004715081780482,33,0
16.334,-0.0009156568280482,33,0
16.336,-0.0013598054780482,33,0
16.338,-0.0010143686280482,33,0
16.34,-0.0006689317780482,33,0
16.342,-0.0009290454780482,33,0
16.344,-0.0011891591780482,33,0
16.346,-0.0014492728780482,33,0
16.348,-0.0014759745530482,33,0
16.35,-0.0015026762280482,33,0
16.352,-0.0015293779030482,33,0
16.354,-0.0015560795780482,33,0
16.356,-0.0006204591780482,33,0
16.358,-0.0005684775780482,33,0
16.36,-0.0007500078280482,33,0
16.362,-0.0009315380780482,33,0
16.364,-0.0012018238447148,33,0
16.366,-0.0014721096113815,33,0
16.368,-0.0017423953780482,33,0
16.37,-0.0009808455780482,33,0
16.372,-0.0006120375780482,33,0
16.374,-0.0005957630780482,33,0
16.376,-0.0010304717113815,33,0
16.378,-0.0014651803447148,33,0
16.38,-0.0018998889780482,33,0
16.382,-0.0015281588280482,33,0
16.384,-0.0011564286780482,33,0
16.386,-0.0006638376780482,33,0
16.388,-0.0005605762780482,33,0
16.39,-0.0004573148780482,33,0
16.392,-0.0019816244780482,33,0
16.394,-0.0017698502780482,33,0
16.396,-0.0015580760780482,33,0
16.398,-0.0013463018780482,33,0
16.4,-0.0007146818780482,33,0
16.402,-0.0006649992780482,33,0
16.404,-0.0004819383780482,33,0
16.406,-0.0008347461447148,33,0
16.408,-0.0011875539113815,33,0
16.41,-0.0015403616780482,33,0
16.412,-0.0011784688280482,33,0
16.414,-0.0008165759780482,33,0
16.416,-0.0006354147780482,33,0
16.418,-0.0005934882780482,33,0
16.42,-0.0008770578280482,33,0
16.422,-0.0011606273780482,33,0
16.424,-0.0014441969280482,33,0
16.426,-0.0017277664780482,33,0
16.428,-0.0009706936780482,33,0
16.43,-0.0006238834780482,33,0
16.432,-0.0006055519780482,33,0
16.434,-0.0007408995530482,33,0
16.436,-0.0008762471280482,33,0
16.438,-0.0010115947030482,33,0
16.44,-0.0011469422780482,33,0
16.442,-0.0008944334280482,33,0
16.444,-0.0006419245780482,33,0
16.446,-0.0006871543780482,33,0
16.448,-0.0004676724780482,33,0
16.45,-0.0006860169780482,33,0
16.452,-0.0009043614780482,33,0
16.454,-0.0011227059780482,33,0
16.456,-0.0013410504780482,33,0
16.458,-0.0007135928780482,33,0
16.46,-0.0006602681780482,33,0
16.462,-0.0004707216780482,33,0
16.464,-0.0014952286780482,33,0
16.466,-0.0015182791780482,33,0
16.468,-0.0015413296780482,33,0
16.47,-0.0011918816780482,33,0
16.472,-0.0008424336780482,33,0
16.474,-0.0005518642780482,33,0
16.476,-0.0009822975780482,33,0
16.478,-0.0011662871530482,33,0
16.48,-0.0013502767280482,33,0
16.482,-0.0015342663030482,33,0
16.484,-0.0017182558780482,33,0
16.486,-0.0009792241780482,33,0
16.488,-0.0006211972780482,33,0
16.49,-0.0006168170780482,33,0
16.492,-0.0009322338280482,33,0
16.494,-0.0012476505780482,33,0
16.496,-0.0015630673280482,33,0
16.498,-0.0018784840780482,33,0
16.5,-0.0011361006780482,34,0
16.502,-0.0006316153780482,34,0
16.504,-0.0006878561780482,34,0
16.506,-0.0004560201780482,34,0
16.508,-0.0009002535280482,34,0
16.51,-0.0013444868780482,34,0
16.512,-0.0011382343113815,34,0
16.514,-0.0009319817447148,34,0
16.516,-0.0007257291780482,34,0
16.518,-0.0011102308780482,34,0
16.52,-0.0014947325780482,34,0
16.522,-0.0015125619280482,34,0
16.524,-0.0015303912780482,34,0
16.526,-0.0008082027780482,34,0
16.528,-0.0007082930780482,34,0
16.53,-0.0006083833780482,34,0
16.532,-0.0005365698780482,34,0
16.534,-0.0009863752780482,34,0
16.536,-0.0009664707780482,34,0
16.538,-0.0009465662780482,34,0
16.54,-0.0009266617780482,34,0
16.542,-0.0005914433780482,34,0
16.544,-0.0006062961280482,34,0
16.546,-0.0006211488780482,34,0
16.548,-0.0006207858780482,34,0
16.55,-0.0007915007447148,34,0
16.552,-0.0009622156113815,34,0
16.554,-0.0011329304780482,34,0
16.556,-0.0006274287780482,34,0
16.558,-0.0006536373780482,34,0
16.56,-0.0005518763780482,34,0
16.562,-0.0004501153780482,34,0
16.564,-0.0006680666280482,34,0
16.566,-0.0008860178780482,34,0
16.568,-0.0011039691280482,34,0
16.57,-0.0013219203780482,34,0
16.572,-0.0006966165780482,34,0
16.574,-0.0004666560780482,34,0
16.576,-0.0015096155780482,34,0
16.578,-0.0015036381780482,34,0
16.58,-0.0014976607780482,34,0
16.582,-0.0014916833780482,34,0
16.584,-0.0011438567780482,34,0
16.586,-0.0007960301780482,34,0
16.588,-0.0005433579780482,34,0
16.59,-0.0007776623780482,34,0
16.592,-0.0010119667780482,34,0
16.594,-0.0012403462113815,34,0
16.596,-0.0014687256447148,34,0
16.598,-0.0016971050780482,34,0
16.6,-0.0009571416780482,34,0
16.602,-0.0006125215780482,34,0
16.604,-0.0006555249780482,34,0
16.606,-0.0006657857780482,34,0
16.608,-0.0008869979780482,34,0
16.61,-0.0011082101780482,34,0
16.612,-0.0008633001280482,34,0
16.614,-0.0006183900780482,34,0
16.616,-0.0004471629780482,34,0
16.618,-0.0005883820780482,34,0
16.62,-0.0007296011780482,34,0
16.622,-0.0008708202780482,34,0
16.624,-0.0010120393780482,34,0
16.626,-0.0011532584780482,34,0
16.628,-0.0012944775780482,34,0
16.63,-0.0006802331780482,34,0
16.632,-0.0006442719780482,34,0
16.634,-0.0004614167780482,34,0
16.636,-0.0015384861780482,34,0
16.638,-0.0015201546780482,34,0
16.64,-0.0015018231780482,34,0
16.642,-0.0014834916780482,34,0
16.644,-0.0005996229780482,34,0
16.646,-0.0005760642780482,34,0
16.648,-0.0005525055780482,34,0
16.65,-0.0010543651780482,34,0
16.652,-0.0013752934780482,34,0
16.654,-0.0016962217780482,34,0
16.656,-0.0013074003780482,34,0
16.658,-0.0009185789780482,34,0
16.66,-0.0006040878780482,34,0
16.662,-0.0006400974780482,34,0
16.664,-0.0006689559780482,34,0
16.666,-0.0012690796780482,34,0
16.668,-0.0018692033780482,34,0
16.67,-0.0010929762780482,34,0
16.672,-0.0008565725280482,34,0
16.674,-0.0006201687780482,34,0
16.676,-0.0006779825780482,34,0
16.678,-0.0004736135780482,34,0
16.68,-0.0005249932030482,34,0
16.682,-0.0005763728280482,34,0
16.684,-0.0006277524530482,34,0
16.686,-0.0006791320780482,34,0
16.688,-0.0005681145780482,34,0
16.69,-0.0004570970780482,34,0
16.692,-0.0010167281280482,34,0
16.694,-0.0015763591780482,34,0
16.696,-0.0015503724113815,34,0
16.698,-0.0015243856447148,34,0
16.7,-0.0014983988780482,34,0
16.702,-0.0006051042780482,34,0
16.704,-0.0005448825780482,34,0
16.706,-0.0008051414780482,34,0
16.708,-0.0010654003780482,34,0
16.71,-0.0013896017280482,34,0
16.712,-0.0017138030780482,34,0
16.714,-0.0013234631280482,34,0
16.716,-0.0009331231780482,34,0
16.718,-0.0006116261780482,34,0
16.72,-0.0006833912780482,34,0
16.722,-0.0010770002447148,34,0
16.724,-0.0014706092113815,34,0
16.726,-0.0018642181780482,34,0
16.728,-0.0010764355780482,34,0
16.73,-0.0006037490780482,34,0
16.732,-0.0006521248780482,34,0
16.734,-0.0005587915280482,34,0
16.736,-0.0004654581780482,34,0
16.738,-0.0005165080780482,34,0
16.74,-0.0005675579780482,34,0
16.742,-0.0006186078780482,34,0
16.744,-0.0006696577780482,34,0
16.746,-0.0006688833780482,34,0
16.748,-0.0006681089780482,34,0
16.75,-0.0004601462780482,34,0
16.752,-0.0016194351780482,34,0
16.754,-0.0015832561780482,34,0
16.756,-0.0015470771780482,34,0
16.758,-0.0015108981780482,34,0
16.76,-0.0007951952780482,34,0
16.762,-0.0005470121780482,34,0
16.764,-0.0011072905780482,34,0
16.766,-0.0012471091030482,34,0
16.768,-0.0013869276280482,34,0
16.77,-0.0015267461530482,34,0
16.772,-0.0016665646780482,34,0
16.774,-0.0009158685780482,34,0
16.776,-0.0006051405780482,34,0
16.778,-0.0006920064780482,34,0
16.78,-0.0009821947280482,34,0
16.782,-0.0012723829780482,34,0
16.784,-0.0015625712280482,34,0
16.786,-0.0018527594780482,34,0
16.788,-0.0006422512780482,34,0
16.79,-0.0006799790780482,34,0
16.792,-0.0005716114780482,34,0
16.794,-0.0004632438780482,34,0
16.796,-0.0007362037447148,34,0
16.798,-0.0010091636113815,34,0
16.8,-0.0012821234780482,34,0
16.802,-0.0006603770780482,34,0
16.804,-0.0004443557780482,34,0
16.806,-0.0016647133780482,34,0
16.808,-0.0016262329580482,34,0
16.81,-0.0015877525380482,34,0
16.812,-0.0015492721180482,34,0
16.814,-0.0015107916980482,34,0
16.816,-0.0014723112780482,34,0
16.818,-0.0007962116780482,34,0
16.82,-0.0005368965780482,34,0
16.822,-0.0011318777780482,34,0
16.824,-0.0012679574030482,34,0
16.826,-0.0014040370280482,34,0
16.828,-0.0015401166530482,34,0
16.83,-0.0016761962780482,34,0
16.832,-0.0009282347780482,34,0
16.834,-0.0006331520780482,34,0
16.836,-0.0006372781780482,34,0
16.838,-0.0007013476780482,34,0
16.84,-0.0010792145447148,34,0
16.842,-0.0014570814113815,34,0
16.844,-0.0018349482780482,34,0
16.846,-0.0010775124780482,34,0
16.848,-0.0006347976780482,34,0
16.85,-0.0006867187780482,34,0
16.852,-0.0004759246780482,34,0
16.854,-0.0007443954447148,34,0
16.856,-0.0010128662113815,34,0
16.858,-0.0012813369780482,34,0
16.86,-0.0006898768780482,34,0
16.862,-0.0006817275280482,34,0
16.864,-0.0006735781780482,34,0
16.866,-0.0004611747780482,34,0
16.868,-0.0016881147780482,34,0
16.87,-0.0016169345113815,34,0
16.872,-0.0015457542447148,34,0
16.874,-0.0014745739780482,34,0
16.876,-0.0007878384780482,34,0
16.878,-0.0006339506780482,34,0
16.88,-0.0005300358780482,34,0
16.882,-0.0011623455780482,34,0
16.884,-0.0013340647447148,34,0
16.886,-0.0015057839113815,34,0
16.888,-0.0016775030780482,34,0
16.89,-0.0009477883780482,34,0
16.892,-0.0006416825780482,34,0
16.894,-0.0006506365780482,34,0
16.896,-0.0007729070780482,34,0
16.898,-0.0013146119780482,34,0
16.9,-0.0018563168780482,34,0
16.902,-0.0010766291780482,34,0
16.904,-0.0006323413780482,34,0
16.906,-0.0006481802780482,34,0
16.908,-0.0006640191780482,34,0
16.91,-0.0005050130780482,34,0
16.912,-0.0005577932780482,34,0
16.914,-0.0006105734780482,34,0
16.916,-0.0006633536780482,34,0
16.918,-0.0007161338780482,34,0
16.92,-0.0005944139280482,34,0
16.922,-0.0004726939780482,34,0
16.924,-0.0006735854380482,34,0
16.926,-0.0008744768980482,34,0
16.928,-0.0010753683580482,34,0
16.93,-0.0012762598180482,34,0
16.932,-0.0014771512780482,34,0
16.934,-0.0007908029780482,34,0
16.936,-0.0005473025780482,34,0
16.938,-0.0008667788780482,34,0
16.94,-0.0011862551780482,34,0
16.942,-0.0013474513780482,34,0
16.944,-0.0015086475780482,34,0
16.946,-0.0016698437780482,34,0
16.948,-0.0008978637780482,34,0
16.95,-0.0006044750780482,34,0
16.952,-0.0006208463780482,34,0
16.954,-0.0012297667780482,34,0
16.956,-0.0018386871780482,34,0
16.958,-0.0010620244780482,34,0
16.96,-0.0006447196780482,34,0
16.962,-0.0004905172780482,34,0
16.964,-0.0006183920947148,34,0
16.966,-0.0007462669113815,34,0
16.968,-0.0008741417280482,34,0
16.97,-0.0010020165447148,34,0
16.972,-0.0011298913613815,34,0
16.974,-0.0012577661780482,34,0
16.976,-0.0009676989280482,34,0
16.978,-0.0006776316780482,34,0
16.98,-0.0006803057780482,34,0
16.982,-0.0004619249780482,34,0
16.984,-0.0017267137780482,34,0
16.986,-0.0016027492780482,34,0
16.988,-0.0014787847780482,34,0
16.99,-0.0007634085780482,34,0
16.992,-0.0006977176780482,34,0
16.994,-0.0006320267780482,34,0
16.996,-0.0005367755780482,34,0
16.998,-0.0012198084780482,34,0
17.0,-0.0014288541280482,35,0
17.002,-0.0016378997780482,35,0
17.004,-0.0008810447780482,35,0
17.006,-0.0007412050780482,35,0
17.008,-0.0006013653780482,35,0
17.01,-0.0006028294780482,35,0
17.012,-0.0007669659780482,35,0
17.014,-0.0013132023280482,35,0
17.016,-0.0018594386780482,35,0
17.018,-0.0014741323280482,35,0
17.02,-0.0010888259780482,35,0
17.022,-0.0006285298780482,35,0
17.024,-0.0007017711780482,35,0
17.026,-0.0005352751780482,35,0
17.028,-0.0007214609030482,35,0
17.03,-0.0009076466280482,35,0
17.032,-0.0010938323530482,35,0
17.034,-0.0012800180780482,35,0
17.036,-0.0006821570780482,35,0
17.038,-0.0006740137780482,35,0
17.04,-0.0004562016780482,35,0
17.042,-0.0009602937280482,35,0
17.044,-0.0014643857780482,35,0
17.046,-0.0011162385280482,35,0
17.048,-0.0007680912780482,35,0
17.05,-0.0007155409780482,35,0
17.052,-0.0006629906780482,35,0
17.054,-0.0005484762780482,35,0
17.056,-0.0012204255780482,35,0
17.058,-0.0013675212447148,35,0
17.06,-0.0015146169113815,35,0
17.062,-0.0016617125780482,35,0
17.064,-0.0009003805780482,35,0
17.066,-0.0006253112780482,35,0
17.068,-0.0006314943780482,35,0
17.07,-0.0008013057780482,35,0
17.072,-0.0013193793780482,35,0
17.074,-0.0018374529780482,35,0
17.076,-0.0014562303780482,35,0
17.078,-0.0010750077780482,35,0
17.08,-0.0006374112780482,35,0
17.082,-0.0007035135780482,35,0
17.084,-0.0005347064780482,35,0
17.086,-0.0012607911780482,35,0
17.088,-0.0019868758780482,35,0
17.09,-0.0012152830780482,35,0
17.092,-0.0006615991780482,35,0
17.094,-0.0006981411780482,35,0
17.096,-0.0005852784280482,35,0
17.098,-0.0004724156780482,35,0
17.1,-0.0017934452780482,35,0
17.102,-0.0016600669780482,35,0
17.104,-0.0015266886780482,35,0
17.106,-0.0013933103780482,35,0
17.108,-0.0006619742780482,35,0
17.11,-0.0005954061280482,35,0
17.112,-0.0005288379780482,35,0
17.114,-0.0012550436780482,35,0
17.116,-0.0014457941280482,35,0
17.118,-0.0016365445780482,35,0
17.12,-0.0008886193780482,35,0
17.122,-0.0007644612780482,35,0
17.124,-0.0006403031780482,35,0
17.126,-0.0006343136780482,35,0
17.128,-0.0008009548780482,35,0
17.13,-0.0011361652113815,35,0
17.132,-0.0014713755447148,35,0
17.134,-0.0018065858780482,35,0
17.136,-0.0010306491780482,35,0
17.138,-0.0006270294780482,35,0
17.14,-0.0006810680780482,35,0
17.142,-0.0004993986780482,35,0
17.144,-0.0012417820780482,35,0
17.146,-0.0019841654780482,35,0
17.148,-0.0016057077280482,35,0
17.15,-0.0012272499780482,35,0
17.152,-0.0006742436780482,35,0
17.154,-0.0006976208780482,35,0
17.156,-0.0018258611780482,35,0
17.158,-0.0014687780780482,35,0
17.16,-0.0011116949780482,35,0
17.162,-0.0007546118780482,35,0
17.164,-0.0006616717780482,35,0
17.166,-0.0005942203280482,35,0
17.168,-0.0005267688780482,35,0
17.17,-0.0009026372280482,35,0
17.172,-0.0012785055780482,35,0
17.174,-0.0013904588113815,35,0
17.176,-0.0015024120447148,35,0
17.178,-0.0016143652780482,35,0
17.18,-0.0008740872780482,35,0
17.182,-0.0006278764780482,35,0
17.184,-0.0006276344780482,35,0
17.186,-0.0008283008780482,35,0
17.188,-0.0009239029780482,35,0
17.19,-0.0010195050780482,35,0
17.192,-0.0006190676780482,35,0
17.194,-0.0006777042780482,35,0
17.196,-0.0006324664113815,35,0
17.198,-0.0005872285447148,35,0
17.2,-0.0005419906780482,35,0
17.202,-0.0010275072113815,35,0
17.204,-0.0015130237447148,35,0
17.206,-0.0019985402780482,35,0
17.208,-0.0012134680780482,35,0
17.21,-0.0006809954780482,35,0
17.212,-0.0006740137780482,35,0
17.214,-0.0004497886780482,35,0
17.216,-0.0018604550780482,35,0
17.218,-0.0017115766780482,35,0
17.22,-0.0015626982780482,35,0
17.222,-0.0014138198780482,35,0
17.224,-0.0007630576780482,35,0
17.226,-0.0006716421780482,35,0
17.228,-0.0005363278780482,35,0
17.23,-0.0013224648780482,35,0
17.232,-0.0014239032113815,35,0
17.234,-0.0015253415447148,35,0
17.236,-0.0016267798780482,35,0
17.238,-0.0008777898780482,35,0
17.24,-0.0006399159780482,35,0
17.242,-0.0006186925780482,35,0
17.244,-0.0008500445780482,35,0
17.246,-0.0011717513113815,35,0
17.248,-0.0014934580447148,35,0
17.25,-0.0018151647780482,35,0
17.252,-0.0010532156780482,35,0
17.254,-0.0006316758780482,35,0
17.256,-0.0006650960780482,35,0
17.258,-0.0005643514780482,35,0
17.26,-0.0019868395780482,35,0
17.262,-0.0016086540780482,35,0
17.264,-0.0012304685780482,35,0
17.266,-0.0009506379280482,35,0
17.268,-0.0006708072780482,35,0
17.27,-0.0006773170780482,35,0
17.272,-0.0018658032780482,35,0
17.274,-0.0017495979030482,35,0
17.276,-0.0016333925280482,35,0
17.278,-0.0015171871530482,35,0
17.28,-0.0014009817780482,35,0
17.282,-0.0007284637780482,35,0
17.284,-0.0006376895780482,35,0
17.286,-0.0004860281780482,35,0
17.288,-0.0013230577780482,35,0
17.29,-0.0014741746780482,35,0
17.292,-0.0016252915780482,35,0
17.294,-0.0012476808280482,35,0
17.296,-0.0008700700780482,35,0
17.298,-0.0006147358780482,35,0
17.3,-0.0005966705780482,35,0
17.302,-0.0008541101780482,35,0
17.304,-0.0011666854447148,35,0
17.306,-0.0014792607113815,35,0
17.308,-0.0017918359780482,35,0
17.31,-0.0010502874780482,35,0
17.312,-0.0006340111780482,35,0
17.314,-0.0006615144780482,35,0
17.316,-0.0005546109780482,35,0
17.318,-0.0012698540780482,35,0
17.32,-0.0019850971780482,35,0
17.322,-0.0012291012780482,35,0
17.324,-0.0006822780780482,35,0
17.326,-0.0007102895780482,35,0
17.328,-0.0005837961780482,35,0
17.33,-0.0004573027780482,35,0
17.332,-0.0019028292780482,35,0
17.334,-0.0015221350447148,35,0
17.336,-0.0011414408113815,35,0
17.338,-0.0007607465780482,35,0
17.34,-0.0007096664280482,35,0
17.342,-0.0006585862780482,35,0
17.344,-0.0005119463780482,35,0
17.346,-0.0013797341780482,35,0
17.348,-0.0015023495280482,35,0
17.35,-0.0016249648780482,35,0
17.352,-0.0008867680780482,35,0
17.354,-0.0007597180780482,35,0
17.356,-0.0006326680780482,35,0
17.358,-0.0009042888780482,35,0
17.36,-0.0011341344280482,35,0
17.362,-0.0013639799780482,35,0
17.364,-0.0015938255280482,35,0
17.366,-0.0018236710780482,35,0
17.368,-0.0010559744780482,35,0
17.37,-0.0006391415780482,35,0
17.372,-0.0006884853780482,35,0
17.374,-0.0010047340030482,35,0
17.376,-0.0013209826280482,35,0
17.378,-0.0016372312530482,35,0
17.38,-0.0019534798780482,35,0
17.382,-0.0012109875780482,35,0
17.384,-0.0006684719780482,35,0
17.386,-0.0005652650280482,35,0
17.388,-0.0004620580780482,35,0
17.39,-0.0019062535780482,35,0
17.392,-0.0014020707780482,35,0
17.394,-0.0010769498280482,35,0
17.396,-0.0007518288780482,35,0
17.398,-0.0006678911780482,35,0
17.4,-0.0013832794780482,35,0
17.402,-0.0014246711580482,35,0
17.404,-0.0014660628380482,35,0
17.406,-0.0015074545180482,35,0
17.408,-0.0015488461980482,35,0
17.41,-0.0015902378780482,35,0
17.412,-0.0008565180780482,35,0
17.414,-0.0006307683780482,35,0
17.416,-0.0006136952780482,35,0
17.418,-0.0009321430780482,35,0
17.42,-0.0012207926113815,35,0
17.422,-0.0015094421447148,35,0
17.424,-0.0017980916780482,35,0
17.426,-0.0010147255780482,35,0
17.428,-0.0006105855780482,35,0
17.43,-0.0006741105780482,35,0
17.432,-0.0005832879780482,35,0
17.434,-0.0007817521780482,35,0
17.436,-0.0009802163780482,35,0
17.438,-0.0011786805780482,35,0
17.44,-0.0006863315780482,35,0
17.442,-0.0006159337780482,35,0
17.444,-0.0005455359780482,35,0
17.446,-0.0004751381780482,35,0
17.448,-0.0019367939780482,35,0
17.45,-0.0016572174280482,35,0
17.452,-0.0013776408780482,35,0
17.454,-0.0007202236780482,35,0
17.456,-0.0006791744280482,35,0
17.458,-0.0006381251780482,35,0
17.46,-0.0005005360780482,35,0
17.462,-0.0014186840780482,35,0
17.464,-0.0012284559447148,35,0
17.466,-0.0010382278113815,35,0
17.468,-0.0008479996780482,35,0
17.47,-0.0006400974780482,35,0
17.472,-0.0006249845780482,35,0
17.474,-0.0009301586780482,35,0
17.476,-0.0011377402280482,35,0
17.478,-0.0013453217780482,35,0
17.48,-0.0015529033280482,35,0
17.482,-0.0017604848780482,35,0
17.484,-0.0010133824780482,35,0
17.486,-0.0006301028780482,35,0
17.488,-0.0006693310780482,35,0
17.49,-0.0005910440780482,35,0
17.492,-0.0010483030780482,35,0
17.494,-0.0015055620780482,35,0
17.496,-0.0019628210780482,35,0
17.498,-0.0011934183780482,35,0
17.5,-0.0006769056780482,36,1
17.502,-0.0007215425780482,36,1
17.504,-0.0005176091780482,36,1
17.506,-0.0019874082780482,36,1
17.508,-0.0015873742113815,36,1
17.51,-0.0011873401447148,36,1
17.512,-0.0007873060780482,36,1
17.514,-0.0007637776280482,36,1
17.516,-0.0007402491780482,36,1
17.518,-0.0005890475780482,36,1
17.52,-0.0015431204780482,36,1
17.522,-0.0016309362280482,36,1
17.524,-0.0017187519780482,36,1
17.526,-0.0013475300280482,36,1
17.528,-0.0009763080780482,36,1
17.53,-0.0007271932780482,36,1
17.532,-0.0011306435780482,36,1
17.534,-0.0013346253780482,36,1
17.536,-0.0015386071780482,36,1
17.538,-0.0017425889780482,36,1
17.54,-0.0019465707780482,36,1
17.542,-0.0011552791780482,36,1
17.544,-0.0009288518780482,36,1
17.546,-0.0008910635780482,36,1
17.548,-0.0009312597780482,36,1
17.55,-0.0009714559780482,36,1
17.552,-0.0010116521780482,36,1
17.554,-0.0010518483780482,36,1
17.556,-0.0010920445780482,36,1
17.558,-0.0011191364780482,36,1
17.56,-0.0011462283780482,36,1
17.562,-0.0009184821780482,36,1
17.564,-0.0011661691780482,36,1
17.566,-0.0014138561780482,36,1
17.568,-0.0016615431780482,36,1
17.57,-0.0019092301780482,36,1
17.572,-0.0012782151780482,36,1
17.574,-0.0012178845780482,36,1
17.576,-0.0010429427780482,36,1
17.578,-0.0010725442180482,36,1
17.58,-0.0011021456580482,36,1
17.582,-0.0011317470980482,36,1
17.584,-0.0011613485380482,36,1
17.586,-0.0011909499780482,36,1
17.588,-0.0013372389780482,36,1
17.59,-0.0014835279780482,36,1
17.592,-0.0014869079113815,36,1
17.594,-0.0014902878447148,36,1
17.596,-0.0014936677780482,36,1
17.598,-0.0010841795780482,36,1
17.6,-0.0010862486780482,36,1
17.602,-0.0011548718113815,36,1
17.604,-0.0012234949447148,36,1
17.606,-0.0012921180780482,36,1
17.608,-0.0013607412113815,36,1
17.61,-0.0014293643447148,36,1
17.612,-0.0014979874780482,36,1
17.614,-0.0009542860780482,36,1
17.616,-0.0008198127280482,36,1
17.618,-0.0006853393780482,36,1
17.62,-0.0009653051447148,36,1
17.622,-0.0012452709113815,36,1
17.624,-0.0015252366780482,36,1
17.626,-0.0008562155780482,36,1
17.628,-0.0005644482780482,36,1
17.63,-0.0015746772780482,36,1
17.632,-0.0014171130947148,36,1
17.634,-0.0012595489113815,36,1
17.636,-0.0011019847280482,36,1
17.638,-0.0009444205447148,36,1
17.64,-0.0007868563613815,36,1
17.642,-0.0006292921780482,36,1
17.644,-0.0006017687113815,36,1
17.646,-0.0005742452447148,36,1
17.648,-0.0005467217780482,36,1
17.65,-0.0009492403780482,36,1
17.652,-0.0013183811280482,36,1
17.654,-0.0016875218780482,36,1
17.656,-0.0009270610780482,36,1
17.658,-0.0005545383780482,36,1
17.66,-0.0005434910780482,36,1
17.662,-0.0005324437780482,36,1
17.664,-0.0009430693780482,36,1
17.666,-0.0013536949780482,36,1
17.668,-0.0017643205780482,36,1
17.67,-0.0013911626280482,36,1
17.672,-0.0010180046780482,36,1
17.674,-0.0005103370780482,36,1
17.676,-0.0005415671780482,36,1
17.678,-0.0003270099780482,36,1
17.68,-0.0018815090780482,36,1
17.682,-0.0019125697780482,36,1
17.684,-0.0012308013280482,36,1
17.686,-0.0005490328780482,36,1
17.688,-0.0005245424780482,36,1
17.69,-0.0005000520780482,36,1
17.692,-0.0003063915780482,36,1
17.694,-0.0006629947113815,36,1
17.696,-0.0010195978447148,36,1
17.698,-0.0013762009780482,36,1
17.7,-0.0006707225780482,36,1
17.702,-0.0004851932780482,36,1
17.704,-0.0004537332780482,36,1
17.706,-0.0004222732780482,36,1
17.708,-0.0008415261780482,36,1
17.71,-0.0008278410780482,36,1
17.712,-0.0008141559780482,36,1
17.714,-0.0008004708780482,36,1
17.716,-0.0004974021780482,36,1
17.718,-0.0004938407447148,36,1
17.72,-0.0004902793113815,36,1
17.722,-0.0004867178780482,36,1
17.724,-0.0008961092780482,36,1
17.726,-0.0013055006780482,36,1
17.728,-0.0017148920780482,36,1
17.73,-0.0004767353780482,36,1
17.732,-0.0005015040780482,36,1
17.734,-0.0011912585280482,36,1
17.736,-0.0018810129780482,36,1
17.738,-0.0018909894280482,36,1
17.74,-0.0019009658780482,36,1
17.742,-0.0011855412780482,36,1
17.744,-0.0008492036280482,36,1
17.746,-0.0005128659780482,36,1
17.748,-0.0003560862780482,36,1
17.75,-0.0014335549780482,36,1
17.752,-0.0014109763780482,36,1
17.754,-0.0013883977780482,36,1
17.756,-0.0010444310780482,36,1
17.758,-0.0007004643780482,36,1
17.76,-0.0005093085780482,36,1
17.762,-0.0007603170280482,36,1
17.764,-0.0010113254780482,36,1
17.766,-0.0010241595447148,36,1
17.768,-0.0010369936113815,36,1
17.77,-0.0010498276780482,36,1
17.772,-0.0006951645780482,36,1
17.774,-0.0007479810780482,36,1
17.776,-0.0008007975780482,36,1
17.778,-0.0009428346380482,36,1
17.78,-0.0010848716980482,36,1
17.782,-0.0012269087580482,36,1
17.784,-0.0013689458180482,36,1
17.786,-0.0015109828780482,36,1
17.788,-0.0010266077780482,36,1
17.79,-0.0011501366780482,36,1
17.792,-0.0009340064780482,36,1
17.794,-0.0010310291180482,36,1
17.796,-0.0011280517580482,36,1
17.798,-0.0012250743980482,36,1
17.8,-0.0013220970380482,36,1
17.802,-0.0014191196780482,36,1
17.804,-0.0013263368780482,36,1
17.806,-0.0011755103780482,36,1
17.808,-0.0012643630980482,36,1
17.81,-0.0013532158180482,36,1
17.812,-0.0014420685380482,36,1
17.814,-0.0015309212580482,36,1
17.816,-0.0016197739780482,36,1
17.818,-0.0013619471780482,36,1
17.82,-0.0018649078780482,36,1
17.822,-0.0018597363380482,36,1
17.824,-0.0018545647980482,36,1
17.826,-0.0018493932580482,36,1
17.828,-0.0018442217180482,36,1
17.83,-0.0018390501780482,36,1
17.832,-0.0014765462780482,36,1
17.834,-0.0015191019780482,36,1
17.836,-0.0015477789780482,36,1
17.838,-0.0016976818447148,36,1
17.84,-0.0018475847113815,36,1
17.842,-0.0019974875780482,36,1
17.844,-0.0015558859780482,36,1
17.846,-0.0014711738780482,36,1
17.848,-0.0013864617780482,36,1
17.85,-0.0013017496780482,36,1
17.852,-0.0013759408280482,36,1
17.854,-0.0014501319780482,36,1
17.856,-0.0015243231280482,36,1
17.858,-0.0015985142780482,36,1
17.86,-0.0015473917780482,36,1
17.862,-0.0013377592780482,36,1
17.864,-0.0013935136580482,36,1
17.866,-0.0014492680380482,36,1
17.868,-0.0015050224180482,36,1
17.87,-0.0015607767980482,36,1
17.872,-0.0016165311780482,36,1
17.874,-0.0014232699780482,36,1
17.876,-0.0018522633780482,36,1
17.878,-0.0017878399530482,36,1
17.88,-0.0017234165280482,36,1
17.882,-0.0016589931030482,36,1
17.884,-0.0015945696780482,36,1
17.886,-0.0014247522280482,36,1
17.888,-0.0012549347780482,36,1
17.89,-0.0012447586780482,36,1
17.892,-0.0012713181780482,36,1
17.894,-0.0013629091280482,36,1
17.896,-0.0014545000780482,36,1
17.898,-0.0015460910280482,36,1
17.9,-0.0016376819780482,36,1
17.902,-0.0011019665780482,36,1
17.904,-0.0011163171780482,36,1
17.906,-0.0009113552780482,36,1
17.908,-0.0011834076447148,36,1
17.91,-0.0014554600113815,36,1
17.912,-0.0017275123780482,36,1
17.914,-0.0013965652780482,36,1
17.916,-0.0010656181780482,36,1
17.918,-0.0007823934780482,36,1
17.92,-0.0019708191780482,36,1
17.922,-0.0019301843530482,36,1
17.924,-0.0018895495280482,36,1
17.926,-0.0018489147030482,36,1
17.928,-0.0018082798780482,36,1
17.93,-0.0008985776780482,36,1
17.932,-0.0008426272780482,36,1
17.934,-0.0007866768780482,36,1
17.936,-0.0013270507780482,36,1
17.938,-0.0015240871780482,36,1
17.94,-0.0017211235780482,36,1
17.942,-0.0019181599780482,36,1
17.944,-0.0011036605780482,36,1
17.946,-0.0007960059780482,36,1
17.948,-0.0008706750780482,36,1
17.95,-0.0009413898980482,36,1
17.952,-0.0010121047180482,36,1
17.954,-0.0010828195380482,36,1
17.956,-0.0011535343580482,36,1
17.958,-0.0012242491780482,36,1
17.96,-0.0007511028780482,36,1
17.962,-0.0007880441780482,36,1
17.964,-0.0009044752180482,36,1
17.966,-0.0010209062580482,36,1
17.968,-0.0011373372980482,36,1
17.97,-0.0012537683380482,36,1
17.972,-0.0013701993780482,36,1
17.974,-0.0007675467780482,36,1
17.976,-0.0007438065780482,36,1
17.978,-0.0005312458780482,36,1
17.98,-0.0017496069780482,36,1
17.982,-0.0016781201780482,36,1
17.984,-0.0016066333780482,36,1
17.986,-0.0015351465780482,36,1
17.988,-0.0008195525780482,36,1
17.99,-0.0006855087780482,36,1
17.992,-0.0011755224780482,36,1
17.994,-0.0013545419780482,36,1
17.996,-0.0015335614780482,36,1
17.998,-0.0017125809780482,36,1
18.0,-0.0009466146780482,37,0
18.002,-0.0007927147780482,37,0
18.004,-0.0006388148780482,37,0
18.006,-0.0006640554780482,37,0
18.008,-0.0007454400780482,37,0
18.01,-0.0011241700780482,37,0
18.012,-0.0015029000780482,37,0
18.014,-0.0018816300780482,37,0
18.016,-0.0010935933780482,37,0
18.018,-0.0006259888780482,37,0
18.02,-0.0006606432780482,37,0
18.022,-0.0004975110780482,37,0
18.024,-0.0007554790447148,37,0
18.026,-0.0010134470113815,37,0
18.028,-0.0012714149780482,37,0
18.03,-0.0009702036280482,37,0
18.032,-0.0006689922780482,37,0
18.034,-0.0005704075280482,37,0
18.036,-0.0004718227780482,37,0
18.038,-0.0016908372780482,37,0
18.04,-0.0016102028780482,37,0
18.042,-0.0015295684780482,37,0
18.044,-0.0014489340780482,37,0
18.046,-0.0007431289780482,37,0
18.048,-0.0005935003780482,37,0
18.05,-0.0005098288780482,37,0
18.052,-0.0011526655780482,37,0
18.054,-0.0014057068280482,37,0
18.056,-0.0016587480780482,37,0
18.058,-0.0008950928780482,37,0
18.06,-0.0007476301780482,37,0
18.062,-0.0006001674780482,37,0
18.064,-0.0007218450780482,37,0
18.066,-0.0010855710780482,37,0
18.068,-0.0014492970780482,37,0
18.07,-0.0018130230780482,37,0
18.072,-0.0010187548780482,37,0
18.074,-0.0005769596780482,37,0
18.076,-0.0006103738280482,37,0
18.078,-0.0006437879780482,37,0
18.08,-0.0004927557780482,37,0
18.082,-0.0006774985780482,37,0
18.084,-0.0008622413780482,37,0
18.086,-0.0010469841780482,37,0
18.088,-0.0012317269780482,37,0
18.09,-0.0006393351780482,37,0
18.092,-0.0006419729780482,37,0
18.094,-0.0016890706780482,37,0
18.096,-0.0016083677113815,37,0
18.098,-0.0015276647447148,37,0
18.1,-0.0014469617780482,37,0
18.102,-0.0010941197280482,37,0
18.104,-0.0007412776780482,37,0
18.106,-0.0005871599780482,37,0
18.108,-0.0005099861780482,37,0
18.11,-0.0011824436780482,37,0
18.112,-0.0013437003780482,37,0
18.114,-0.0015049570780482,37,0
18.116,-0.0016662137780482,37,0
18.118,-0.0008715946780482,37,0
18.12,-0.0005624638780482,37,0
18.122,-0.0005970577780482,37,0
18.124,-0.0007355301780482,37,0
18.126,-0.0012856808780482,37,0
18.128,-0.0018358315780482,37,0
18.13,-0.0010284953780482,37,0
18.132,-0.0005699537780482,37,0
18.134,-0.0006363706780482,37,0
18.136,-0.0005721559780482,37,0
18.138,-0.0005079412780482,37,0
18.14,-0.0006905817030482,37,0
18.142,-0.0008732221280482,37,0
18.144,-0.0010558625530482,37,0
18.146,-0.0012385029780482,37,0
18.148,-0.0006092666780482,37,0
18.15,-0.0006353058780482,37,0
18.152,-0.0004421535780482,37,0
18.154,-0.0017157148780482,37,0
18.156,-0.0016231418113815,37,0
18.158,-0.0015305687447148,37,0
18.16,-0.0014379956780482,37,0
18.162,-0.0007173438780482,37,0
18.164,-0.0006119891780482,37,0
18.166,-0.0005280756780482,37,0
18.168,-0.0008063182030482,37,0
18.17,-0.0010845607280482,37,0
18.172,-0.0013628032530482,37,0
18.174,-0.0016410457780482,37,0
18.176,-0.0005832153780482,37,0
18.178,-0.0005923508780482,37,0
18.18,-0.0006014863780482,37,0
18.182,-0.0007492636780482,37,0
18.184,-0.0011082585780482,37,0
18.186,-0.0014672534780482,37,0
18.188,-0.0018262483780482,37,0
18.19,-0.0010212716780482,37,0
18.192,-0.0005796821780482,37,0
18.194,-0.0005140638780482,37,0
18.196,-0.0008793870780482,37,0
18.198,-0.0012447102780482,37,0
18.2,-0.0016100334780482,37,0
18.202,-0.0019753566780482,37,0
18.204,-0.0012129840780482,37,0
18.206,-0.0006036885780482,37,0
18.208,-0.0011603672280482,37,0
18.21,-0.0017170458780482,37,0
18.212,-0.0015605323780482,37,0
18.214,-0.0014040188780482,37,0
18.216,-0.0010548068280482,37,0
18.218,-0.0007055947780482,37,0
18.22,-0.0005861193780482,37,0
18.222,-0.0005240887280482,37,0
18.224,-0.0004620580780482,37,0
18.226,-0.0010218222280482,37,0
18.228,-0.0015815863780482,37,0
18.23,-0.0008161282780482,37,0
18.232,-0.0006859020280482,37,0
18.234,-0.0005556757780482,37,0
18.236,-0.0005586221280482,37,0
18.238,-0.0005615684780482,37,0
18.24,-0.0007235027780482,37,0
18.242,-0.0006705572113815,37,0
18.244,-0.0006176116447148,37,0
18.246,-0.0005646660780482,37,0
18.248,-0.0006434491780482,37,0
18.25,-0.0004863669780482,37,0
18.252,-0.0009749246447148,37,0
18.254,-0.0014634823113815,37,0
18.256,-0.0019520399780482,37,0
18.258,-0.0011988754780482,37,0
18.26,-0.0009101815780482,37,0
18.262,-0.0006214876780482,37,0
18.264,-0.0006270052780482,37,0
18.266,-0.0004107298780482,37,0
18.268,-0.0010835382780482,37,0
18.27,-0.0017563466780482,37,0
18.272,-0.0016334227780482,37,0
18.274,-0.0015104988780482,37,0
18.276,-0.0013875749780482,37,0
18.278,-0.0007163758780482,37,0
18.28,-0.0005964043780482,37,0
18.282,-0.0012323682780482,37,0
18.284,-0.0009081124780482,37,0
18.286,-0.0005838566780482,37,0
18.288,-0.0007692770780482,37,0
18.29,-0.0011135140113815,37,0
18.292,-0.0014577509447148,37,0
18.294,-0.0018019878780482,37,0
18.296,-0.0012065226780482,37,0
18.298,-0.0006110574780482,37,0
18.3,-0.0006525362780482,37,0
18.302,-0.0004974142780482,37,0
18.304,-0.0005821944405482,37,0
18.306,-0.0006669746030482,37,0
18.308,-0.0007517547655482,37,0
18.31,-0.0008365349280482,37,0
18.312,-0.0009213150905482,37,0
18.314,-0.0010060952530482,37,0
18.316,-0.0010908754155482,37,0
18.318,-0.0011756555780482,37,0
18.32,-0.0006419850780482,37,0
18.322,-0.0006412893280482,37,0
18.324,-0.0006405935780482,37,0
18.326,-0.0004267744780482,37,0
18.328,-0.0017932274780482,37,0
18.33,-0.0015913873780482,37,0
18.332,-0.0013895472780482,37,0
18.334,-0.0010587090780482,37,0
18.336,-0.0007278708780482,37,0
18.338,-0.0006153529780482,37,0
18.34,-0.0012488847780482,37,0
18.342,-0.0010846151780482,37,0
18.344,-0.0009203455780482,37,0
18.346,-0.0007560759780482,37,0
18.348,-0.0005918063780482,37,0
18.35,-0.0005907718280482,37,0
18.352,-0.0005897372780482,37,0
18.354,-0.0006951948280482,37,0
18.356,-0.0008006523780482,37,0
18.358,-0.0007283710113815,37,0
18.36,-0.0006560896447148,37,0
18.362,-0.0005838082780482,37,0
18.364,-0.0005984129780482,37,0
18.366,-0.0006130176780482,37,0
18.368,-0.0006276223780482,37,0
18.37,-0.0005198476780482,37,0
18.372,-0.0009913685447148,37,0
18.374,-0.0014628894113815,37,0
18.376,-0.0019344102780482,37,0
18.378,-0.0011562350780482,37,0
18.38,-0.0004084671780482,37,0
18.382,-0.0011070001780482,37,0
18.384,-0.0018055331780482,37,0
18.386,-0.0015355095780482,37,0
18.388,-0.0012654859780482,37,0
18.39,-0.0009954623780482,37,0
18.392,-0.0007254387780482,37,0
18.394,-0.0006021518780482,37,0
18.396,-0.0004788649780482,37,0
18.398,-0.0012707252780482,37,0
18.4,-0.0013870103113815,37,0
18.402,-0.0015032953447148,37,0
18.404,-0.0016195803780482,37,0
18.406,-0.0006098353780482,37,0
18.408,-0.0008217547780482,37,0
18.41,-0.0007822825613815,37,0
18.412,-0.0007428103447148,37,0
18.414,-0.0007033381280482,37,0
18.416,-0.0006638659113815,37,0
18.418,-0.0006243936947148,37,0
18.42,-0.0005849214780482,37,0
18.422,-0.0005579263780482,37,0
18.424,-0.0005309312780482,37,0
18.426,-0.0008155111780482,37,0
18.428,-0.0011000910780482,37,0
18.43,-0.0013846709780482,37,0
18.432,-0.0016692508780482,37,0
18.434,-0.0019538307780482,37,0
18.436,-0.0006447801780482,37,0
18.438,-0.0004200347780482,37,0
18.44,-0.0004918422280482,37,0
18.442,-0.0005636496780482,37,0
18.444,-0.0006354571280482,37,0
18.446,-0.0007072645780482,37,0
18.448,-0.0006112873780482,37,0
18.45,-0.0005793524530482,37,0
18.452,-0.0005474175280482,37,0
18.454,-0.0005154826030482,37,0
18.456,-0.0004835476780482,37,0
18.458,-0.0013240983780482,37,0
18.46,-0.0014015666113815,37,0
18.462,-0.0014790348447148,37,0
18.464,-0.0015565030780482,37,0
18.466,-0.0008215127780482,37,0
18.468,-0.0005556999780482,37,0
18.47,-0.0008305635780482,37,0
18.472,-0.0008704361030482,37,0
18.474,-0.0009103086280482,37,0
18.476,-0.0009501811530482,37,0
18.478,-0.0009900536780482,37,0
18.48,-0.0007800823780482,37,0
18.482,-0.0005701110780482,37,0
18.484,-0.0006392383780482,37,0
18.486,-0.0005428618780482,37,0
18.488,-0.0010137616113815,37,0
18.49,-0.0014846613447148,37,0
18.492,-0.0019555610780482,37,0
18.494,-0.0006275134780482,37,0
18.496,-0.0005372656280482,37,0
18.498,-0.0004470177780482,37,0
18.5,-0.0011488782780482,38,0
18.502,-0.0018507387780482,38,0
18.504,-0.0016078978280482,38,0
18.506,-0.0013650568780482,38,0
18.508,-0.0010239155280482,38,0
18.51,-0.0006827741780482,38,0
18.512,-0.0006374233780482,38,0
18.514,-0.0004877221780482,38,0
18.516,-0.0013301241780482,38,0
18.518,-0.0011646445780482,38,0
18.52,-0.0009991649780482,38,0
18.522,-0.0008336853780482,38,0
18.524,-0.0005667351780482,38,0
18.526,-0.0007107130780482,38,0
18.528,-0.0008546909780482,38,0
18.53,-0.0008844055530482,38,0
18.532,-0.0009141201280482,38,0
18.534,-0.0009438347030482,38,0
18.536,-0.0009735492780482,38,0
18.538,-0.0005954121780482,38,0
18.54,-0.0006569648780482,38,0
18.542,-0.0006099200780482,38,0
18.544,-0.0005628752780482,38,0
18.546,-0.0007677807113815,38,0
18.548,-0.0009726861447148,38,0
18.55,-0.0011775915780482,38,0
18.552,-0.0009043493780482,38,0
18.554,-0.0006311071780482,38,0
18.556,-0.0006541939780482,38,0
18.558,-0.0004492441780482,38,0
18.56,-0.0018660936780482,38,0
18.562,-0.0016162165780482,38,0
18.564,-0.0013663394780482,38,0
18.566,-0.0006988308780482,38,0
18.568,-0.0006369635780482,38,0
18.57,-0.0004722462780482,38,0
18.572,-0.0013263368780482,38,0
18.574,-0.0014294228280482,38,0
18.576,-0.0015325087780482,38,0
18.578,-0.0011722615280482,38,0
18.58,-0.0008120142780482,38,0
18.582,-0.0005801782780482,38,0
18.584,-0.0005631233280482,38,0
18.586,-0.0005460683780482,38,0
18.588,-0.0008439219780482,38,0
18.59,-0.0007785305530482,38,0
18.592,-0.0007131391280482,38,0
18.594,-0.0006477477030482,38,0
18.596,-0.0005823562780482,38,0
18.598,-0.0006264486780482,38,0
18.6,-0.0012820932280482,38,0
18.602,-0.0019377377780482,38,0
18.604,-0.0016720782447148,38,0
18.606,-0.0014064187113815,38,0
18.608,-0.0011407591780482,38,0
18.61,-0.0006285540780482,38,0
18.612,-0.0004401449780482,38,0
18.614,-0.0018950852780482,38,0
18.616,-0.0017564828030482,38,0
18.618,-0.0016178803280482,38,0
18.62,-0.0014792778530482,38,0
18.622,-0.0013406753780482,38,0
18.624,-0.0006754294780482,38,0
18.626,-0.0005883639280482,38,0
18.628,-0.0005012983780482,38,0
18.63,-0.0013917010780482,38,0
18.632,-0.0011953947113815,38,0
18.634,-0.0009990883447148,38,0
18.636,-0.0008027819780482,38,0
18.638,-0.0006098474780482,38,0
18.64,-0.0005745154780482,38,0
18.642,-0.0008674988280482,38,0
18.644,-0.0011604821780482,38,0
18.646,-0.0014534655280482,38,0
18.648,-0.0017464488780482,38,0
18.65,-0.0013557096280482,38,0
18.652,-0.0009649703780482,38,0
18.654,-0.0006140703780482,38,0
18.656,-0.0005372474780482,38,0
18.658,-0.0008861207280482,38,0
18.66,-0.0012349939780482,38,0
18.662,-0.0015838672280482,38,0
18.664,-0.0019327404780482,38,0
18.666,-0.0011468575780482,38,0
18.668,-0.0006385728780482,38,0
18.67,-0.0006469339780482,38,0
18.672,-0.0019157399780482,38,0
18.674,-0.0017727361280482,38,0
18.676,-0.0016297322780482,38,0
18.678,-0.0014867284280482,38,0
18.68,-0.0013437245780482,38,0
18.682,-0.0007109550780482,38,0
18.684,-0.0004709031780482,38,0
18.686,-0.0009440797280482,38,0
18.688,-0.0014172562780482,38,0
18.69,-0.0014683223113815,38,0
18.692,-0.0015193883447148,38,0
18.694,-0.0015704543780482,38,0
18.696,-0.0006226250780482,38,0
18.698,-0.0005941719280482,38,0
18.7,-0.0005657187780482,38,0
18.702,-0.0009209505780482,38,0
18.704,-0.0012006219113815,38,0
18.706,-0.0014802932447148,38,0
18.708,-0.0017599645780482,38,0
18.71,-0.0006136831780482,38,0
18.712,-0.0005959748280482,38,0
18.714,-0.0005782664780482,38,0
18.716,-0.0007197185030482,38,0
18.718,-0.0008611705280482,38,0
18.72,-0.0010026225530482,38,0
18.722,-0.0011440745780482,38,0
18.724,-0.0008972950780482,38,0
18.726,-0.0006505155780482,38,0
18.728,-0.0006706378780482,38,0
18.73,-0.0004660873780482,38,0
18.732,-0.0006925509780482,38,0
18.734,-0.0009190145780482,38,0
18.736,-0.0011454781780482,38,0
18.738,-0.0013719417780482,38,0
18.74,-0.0007262615780482,38,0
18.742,-0.0006408839780482,38,0
18.744,-0.0004758157780482,38,0
18.746,-0.0014419523780482,38,0
18.748,-0.0014828826447148,38,0
18.75,-0.0015238129113815,38,0
18.752,-0.0015647431780482,38,0
18.754,-0.0008414777780482,38,0
18.756,-0.0006128603780482,38,0
18.758,-0.0005678120780482,38,0
18.76,-0.0009618122780482,38,0
18.762,-0.0012202279447148,38,0
18.764,-0.0014786436113815,38,0
18.766,-0.0017370592780482,38,0
18.768,-0.0009832776780482,38,0
18.77,-0.0005999617780482,38,0
18.772,-0.0006368304780482,38,0
18.774,-0.0005843648780482,38,0
18.776,-0.0010267973447148,38,0
18.778,-0.0014692298113815,38,0
18.78,-0.0019116622780482,38,0
18.782,-0.0006357414780482,38,0
18.784,-0.0006770387780482,38,0
18.786,-0.0013277767780482,38,0
18.788,-0.0019785147780482,38,0
18.79,-0.0017694308113815,38,0
18.792,-0.0015603468447148,38,0
18.794,-0.0013512628780482,38,0
18.796,-0.0007114995780482,38,0
18.798,-0.0004547617780482,38,0
18.8,-0.0009616670780482,38,0
18.802,-0.0014685723780482,38,0
18.804,-0.0014909170447148,38,0
18.806,-0.0015132617113815,38,0
18.808,-0.0015356063780482,38,0
18.81,-0.0007922549780482,38,0
18.812,-0.0006013169780482,38,0
18.814,-0.0005479317780482,38,0
18.816,-0.0009490830780482,38,0
18.818,-0.0009527332447148,38,0
18.82,-0.0009563834113815,38,0
18.822,-0.0009600335780482,38,0
18.824,-0.0007859569280482,38,0
18.826,-0.0006118802780482,38,0
18.828,-0.0006541576780482,38,0
18.83,-0.0005988122780482,38,0
18.832,-0.0010307016113815,38,0
18.834,-0.0014625909447148,38,0
18.836,-0.0018944802780482,38,0
18.838,-0.0011177570780482,38,0
18.84,-0.0006048985780482,38,0
18.842,-0.0006626155780482,38,0
18.844,-0.0004415848780482,38,0
18.846,-0.0019898887780482,38,0
18.848,-0.0016496367780482,38,0
18.85,-0.0013093847780482,38,0
18.852,-0.0009671967780482,38,0
18.854,-0.0006250087780482,38,0
18.856,-0.0004558870780482,38,0
18.858,-0.0006731159580482,38,0
18.86,-0.0008903448380482,38,0
18.862,-0.0011075737180482,38,0
18.864,-0.0013248025980482,38,0
18.866,-0.0015420314780482,38,0
18.868,-0.0007958123780482,38,0
18.87,-0.0006162967780482,38,0
18.872,-0.0005606609780482,38,0
18.874,-0.0009881781780482,38,0
18.876,-0.0012292868113815,38,0
18.878,-0.0014703954447148,38,0
18.88,-0.0017115040780482,38,0
18.882,-0.0009417383780482,38,0
18.884,-0.0005965495780482,38,0
18.886,-0.0006680242780482,38,0
18.888,-0.0006359592780482,38,0
18.89,-0.0012635378780482,38,0
18.892,-0.0018911164780482,38,0
18.894,-0.0011096500780482,38,0
18.896,-0.0008689084780482,38,0
18.898,-0.0006281668780482,38,0
18.9,-0.0006811164780482,38,0
18.902,-0.0004577141780482,38,0
18.904,-0.0006740107530482,38,0
18.906,-0.0008903073280482,38,0
18.908,-0.0011066039030482,38,0
18.91,-0.0013229004780482,38,0
18.912,-0.0006807050780482,38,0
18.914,-0.0006614781780482,38,0
18.916,-0.0015119508780482,38,0
18.918,-0.0015211710780482,38,0
18.92,-0.0015303912780482,38,0
18.922,-0.0015396114780482,38,0
18.924,-0.0011724672280482,38,0
18.926,-0.0008053229780482,38,0
18.928,-0.0006246820780482,38,0
18.93,-0.0005636133780482,38,0
18.932,-0.0010044163780482,38,0
18.934,-0.0012356635113815,38,0
18.936,-0.0014669106447148,38,0
18.938,-0.0016981577780482,38,0
18.94,-0.0009255848780482,38,0
18.942,-0.0006026479780482,38,0
18.944,-0.0006508664780482,38,0
18.946,-0.0006487368780482,38,0
18.948,-0.0012667322780482,38,0
18.95,-0.0018847276780482,38,0
18.952,-0.0011020391780482,38,0
18.954,-0.0008605715780482,38,0
18.956,-0.0006191039780482,38,0
18.958,-0.0006698755780482,38,0
18.96,-0.0004584038780482,38,0
18.962,-0.0006659642530482,38,0
18.964,-0.0008735246280482,38,0
18.966,-0.0010810850030482,38,0
18.968,-0.0012886453780482,38,0
18.97,-0.0006792893780482,38,0
18.972,-0.0004843099780482,38,0
18.974,-0.0010224937780482,38,0
18.976,-0.0015606775780482,38,0
18.978,-0.0015459922113815,38,0
18.98,-0.0015313068447148,38,0
18.982,-0.0015166214780482,38,0
18.984,-0.0007920129780482,38,0
18.986,-0.0005326252780482,38,0
18.988,-0.0007785456780482,38,0
18.99,-0.0010244660780482,38,0
18.992,-0.0009878877780482,38,0
18.994,-0.0009513094780482,38,0
18.996,-0.0009147311780482,38,0
18.998,-0.0006019945780482,38,0
19.0,-0.0006327769780482,39,0
19.002,-0.0006491240780482,39,0
19.004,-0.0006654711780482,39,0
19.006,-0.0010825380113815,39,0
19.008,-0.0014996048447148,39,0
19.01,-0.0019166716780482,39,0
19.012,-0.0011325432780482,39,0
19.014,-0.0006432313780482,39,0
19.016,-0.0006974030780482,39,0
19.018,-0.0004824344780482,39,0
19.02,-0.0005371567280482,39,0
19.022,-0.0005918789780482,39,0
19.024,-0.0006466012280482,39,0
19.026,-0.0007013234780482,39,0
19.028,-0.0005914554780482,39,0
19.03,-0.0004815874780482,39,0
19.032,-0.0010471112280482,39,0
19.034,-0.0016126349780482,39,0
19.036,-0.0015836070780482,39,0
19.038,-0.0015545791780482,39,0
19.04,-0.0015255512780482,39,0
19.042,-0.0008094853780482,39,0
19.044,-0.0005489723780482,39,0
19.046,-0.0008142043780482,39,0
19.048,-0.0010794363780482,39,0
19.05,-0.0013979507280482,39,0
19.052,-0.0017164650780482,39,0
19.054,-0.0013275831780482,39,0
19.056,-0.0009387012780482,39,0
19.058,-0.0006305021780482,39,0
19.06,-0.0008829178580482,39,0
19.062,-0.0011353335380482,39,0
19.064,-0.0013877492180482,39,0
19.066,-0.0016401648980482,39,0
19.068,-0.0018925805780482,39,0
19.07,-0.0006418761780482,39,0
19.072,-0.0006874689780482,39,0
19.074,-0.0004857740780482,39,0
19.076,-0.0006533106780482,39,0
19.078,-0.0008208472780482,39,0
19.08,-0.0009883838780482,39,0
19.082,-0.0011559204780482,39,0
19.084,-0.0013234570780482,39,0
19.086,-0.0006932890780482,39,0
19.088,-0.0016180073780482,39,0
19.09,-0.0015934141280482,39,0
19.092,-0.0015688208780482,39,0
19.094,-0.0015442276280482,39,0
19.096,-0.0015196343780482,39,0
19.098,-0.0011095411780482,39,0
19.1,-0.0012631385780482,39,0
19.102,-0.0014167359780482,39,0
19.104,-0.0015703333780482,39,0
19.106,-0.0017239307780482,39,0
19.108,-0.0009611104780482,39,0
19.11,-0.0007202599780482,39,0
19.112,-0.0008657806280482,39,0
19.114,-0.0010113012780482,39,0
19.116,-0.0011568219280482,39,0
19.118,-0.0013023425780482,39,0
19.12,-0.0014478632280482,39,0
19.122,-0.0015933838780482,39,0
19.124,-0.0017389045280482,39,0
19.126,-0.0018844251780482,39,0
19.128,-0.0006852183780482,39,0
19.13,-0.0007890787280482,39,0
19.132,-0.0008929390780482,39,0
19.134,-0.0009967994280482,39,0
19.136,-0.0011006597780482,39,0
19.138,-0.0012045201280482,39,0
19.14,-0.0013083804780482,39,0
19.142,-0.0007044452780482,39,0
19.144,-0.0005895315780482,39,0
19.146,-0.0004746178780482,39,0
19.148,-0.0006796088180482,39,0
19.15,-0.0008845997580482,39,0
19.152,-0.0010895906980482,39,0
19.154,-0.0012945816380482,39,0
19.156,-0.0014995725780482,39,0
19.158,-0.0006424811780482,39,0
19.16,-0.0005502065780482,39,0
19.162,-0.0007805421780482,39,0
19.164,-0.0010108777780482,39,0
19.166,-0.0012412133780482,39,0
19.168,-0.0014715489780482,39,0
19.17,-0.0017018845780482,39,0
19.172,-0.0009617517780482,39,0
19.174,-0.0006576303780482,39,0
19.176,-0.0007291534780482,39,0
19.178,-0.0010203067030482,39,0
19.18,-0.0013114599280482,39,0
19.182,-0.0016026131530482,39,0
19.184,-0.0018937663780482,39,0
19.186,-0.0011332813780482,39,0
19.188,-0.0006950435780482,39,0
19.19,-0.0006919362980482,39,0
19.192,-0.0006888290180482,39,0
19.194,-0.0006857217380482,39,0
19.196,-0.0006826144580482,39,0
19.198,-0.0006795071780482,39,0
19.2,-0.0006673103780482,39,0
19.202,-0.0007844885066196,39,0
19.204,-0.000901666635191,39,0
19.206,-0.0010188447637625,39,0
19.208,-0.0011360228923339,39,0
19.21,-0.0012532010209053,39,0
19.212,-0.0013703791494767,39,0
19.214,-0.0014875572780482,39,0
19.216,-0.0007935738780482,39,0
19.218,-0.0006355115780482,39,0
19.22,-0.0005223160780482,39,0
19.222,-0.0006232815030482,39,0
19.224,-0.0007242469280482,39,0
19.226,-0.0008252123530482,39,0
19.228,-0.0009261777780482,39,0
19.23,-0.0007334247780482,39,0
19.232,-0.0007122396947148,39,0
19.234,-0.0006910546113815,39,0
19.236,-0.0006698695280482,39,0
19.238,-0.0006486844447148,39,0
19.24,-0.0006274993613815,39,0
19.242,-0.0006063142780482,39,0
19.244,-0.0006368244280482,39,0
19.246,-0.0006673345780482,39,0
19.248,-0.0005820114280482,39,0
19.25,-0.0004966882780482,39,0
19.252,-0.0007592582780482,39,0
19.254,-0.0010218282780482,39,0
19.256,-0.0012843982780482,39,0
19.258,-0.0006719688780482,39,0
19.26,-0.0006626034780482,39,0
19.262,-0.0006532380780482,39,0
19.264,-0.0016947818780482,39,0
19.266,-0.0016418534530482,39,0
19.268,-0.0015889250280482,39,0
19.27,-0.0015359966030482,39,0
19.272,-0.0014830681780482,39,0
19.274,-0.0007747462780482,39,0
19.276,-0.0006501525780482,39,0
19.278,-0.0011766114780482,39,0
19.28,-0.0012969459780482,39,0
19.282,-0.0014172804780482,39,0
19.284,-0.0015376149780482,39,0
19.286,-0.0016579494780482,39,0
19.288,-0.0006465951780482,39,0
19.29,-0.0006997383780482,39,0
19.292,-0.0007528815780482,39,0
19.294,-0.0010296418530482,39,0
19.296,-0.0013064021280482,39,0
19.298,-0.0015831624030482,39,0
19.3,-0.0018599226780482,39,0
19.302,-0.0006249724780482,39,0
19.304,-0.0006635956780482,39,0
19.306,-0.0005845100780482,39,0
19.308,-0.0005054244780482,39,0
19.31,-0.0006939666780482,39,0
19.312,-0.0008825088780482,39,0
19.314,-0.0010710510780482,39,0
19.316,-0.0012595932780482,39,0
19.318,-0.0006707588780482,39,0
19.32,-0.0006707225780482,39,0
19.322,-0.0004632680780482,39,0
19.324,-0.0016953747780482,39,0
19.326,-0.0013859011447148,39,0
19.328,-0.0010764275113815,39,0
19.33,-0.0007669538780482,39,0
19.332,-0.0006389963780482,39,0
19.334,-0.0005925081780482,39,0
19.336,-0.0005460199780482,39,0
19.338,-0.0011885420780482,39,0
19.34,-0.0009602271780482,39,0
19.342,-0.0007319122780482,39,0
19.344,-0.0007057036780482,39,0
19.346,-0.0006794950780482,39,0
19.348,-0.0006532864780482,39,0
19.35,-0.0006270778780482,39,0
19.352,-0.0006996173780482,39,0
19.354,-0.0007576271980482,39,0
19.356,-0.0008156370180482,39,0
19.358,-0.0008736468380482,39,0
19.36,-0.0009316566580482,39,0
19.362,-0.0009896664780482,39,0
19.364,-0.0010476762980482,39,0
19.366,-0.0011056861180482,39,0
19.368,-0.0011636959380482,39,0
19.37,-0.0012217057580482,39,0
19.372,-0.0012797155780482,39,0
19.374,-0.0009905255780482,39,0
19.376,-0.0007013355780482,39,0
19.378,-0.0007012266780482,39,0
19.38,-0.0004876132780482,39,0
19.382,-0.0017704915780482,39,0
19.384,-0.0016826818780482,39,0
19.386,-0.0015948721780482,39,0
19.388,-0.0015070624780482,39,0
19.39,-0.0008004950780482,39,0
19.392,-0.0005471331780482,39,0
19.394,-0.0008942095780482,39,0
19.396,-0.0012412859780482,39,0
19.398,-0.0013925400113815,39,0
19.4,-0.0015437940447148,39,0
19.402,-0.0016950480780482,39,0
19.404,-0.0008995819780482,39,0
19.406,-0.0006235688780482,39,0
19.408,-0.0007647274780482,39,0
19.41,-0.0011303773780482,39,0
19.412,-0.0014960272780482,39,0
19.414,-0.0018616771780482,39,0
19.416,-0.0012504880280482,39,0
19.418,-0.0006392988780482,39,0
19.42,-0.0006611635780482,39,0
19.422,-0.0005978563780482,39,0
19.424,-0.0005345491780482,39,0
19.426,-0.0005746667280482,39,0
19.428,-0.0006147842780482,39,0
19.43,-0.0006549018280482,39,0
19.432,-0.0006950193780482,39,0
19.434,-0.0006862468780482,39,0
19.436,-0.0006774743780482,39,0
19.438,-0.0017630742780482,39,0
19.44,-0.0016892340280482,39,0
19.442,-0.0016153937780482,39,0
19.444,-0.0015415535280482,39,0
19.446,-0.0014677132780482,39,0
19.448,-0.0007796346780482,39,0
19.45,-0.0006631479780482,39,0
19.452,-0.0005375015780482,39,0
19.454,-0.0012275887780482,39,0
19.456,-0.0013760678780482,39,0
19.458,-0.0015245469780482,39,0
19.46,-0.0016730260780482,39,0
19.462,-0.0009165461780482,39,0
19.464,-0.0006430498780482,39,0
19.466,-0.0006380888780482,39,0
19.468,-0.0007888306780482,39,0
19.47,-0.0011433929447148,39,0
19.472,-0.0014979552113815,39,0
19.474,-0.0018525174780482,39,0
19.476,-0.0010854137780482,39,0
19.478,-0.0006541697780482,39,0
19.48,-0.0007015412780482,39,0
19.482,-0.0005348274780482,39,0
19.484,-0.0007220477530482,39,0
19.486,-0.0009092680280482,39,0
19.488,-0.0010964883030482,39,0
19.49,-0.0012837085780482,39,0
19.492,-0.0006933616780482,39,0
19.494,-0.0004776307780482,39,0
19.496,-0.0006676031980482,39,0
19.498,-0.0008575756180482,39,0
19.5,-0.0010475480380482,40,0
19.502,-0.0012375204580482,40,0
19.504,-0.0014274928780482,40,0
19.506,-0.0007591130780482,40,0
19.508,-0.0006631842780482,40,0
19.51,-0.0005498677780482,40,0
19.512,-0.0012669258780482,40,0
19.514,-0.0013903176447148,40,0
19.516,-0.0015137094113815,40,0
19.518,-0.0016371011780482,40,0
19.52,-0.0008944515780482,40,0
19.522,-0.0006272835780482,40,0
19.524,-0.0008603924980482,40,0
19.526,-0.0010935014180482,40,0
19.528,-0.0013266103380482,40,0
19.53,-0.0015597192580482,40,0
19.532,-0.0017928281780482,40,0
19.534,-0.0010487023780482,40,0
19.536,-0.0006849158780482,40,0
19.538,-0.0007811108780482,40,0
19.54,-0.0008773058780482,40,0
19.542,-0.0009735008780482,40,0
19.544,-0.0010696958780482,40,0
19.546,-0.0011658908780482,40,0
19.548,-0.0012620858780482,40,0
19.55,-0.0006857749780482,40,0
19.552,-0.0006823022780482,40,0
19.554,-0.0004648894780482,40,0
19.556,-0.0018062712780482,40,0
19.558,-0.0016250374780482,40,0
19.56,-0.0014438036780482,40,0
19.562,-0.0006454698780482,40,0
19.564,-0.0006058907780482,40,0
19.566,-0.0005663116780482,40,0
19.568,-0.0005267325780482,40,0
19.57,-0.0012831035780482,40,0
19.572,-0.0014012842780482,40,0
19.574,-0.0015194649780482,40,0
19.576,-0.0016376456780482,40,0
19.578,-0.0006344467780482,40,0
19.58,-0.0006385365780482,40,0
19.582,-0.0008384648780482,40,0
19.584,-0.0010815054780482,40,0
19.586,-0.0013245460780482,40,0
19.588,-0.0015675866780482,40,0
19.59,-0.0018106272780482,40,0
19.592,-0.0010431484780482,40,0
19.594,-0.0006957574780482,40,0
19.596,-0.0005603947780482,40,0
19.598,-0.0007369247030482,40,0
19.6,-0.0009134546280482,40,0
19.602,-0.0010899845530482,40,0
19.604,-0.0012665144780482,40,0
19.606,-0.0009776632780482,40,0
19.608,-0.0006888120780482,40,0
19.61,-0.0006961567780482,40,0
19.612,-0.0005016492780482,40,0
19.614,-0.0018560748780482,40,0
19.616,-0.0016567273780482,40,0
19.618,-0.0014573798780482,40,0
19.62,-0.0011152039780482,40,0
19.622,-0.0007730280780482,40,0
19.624,-0.0006673345780482,40,0
19.626,-0.0005363399780482,40,0
19.628,-0.0013126638780482,40,0
19.63,-0.0014208096447148,40,0
19.632,-0.0015289554113815,40,0
19.634,-0.0016371011780482,40,0
19.636,-0.0008695376780482,40,0
19.638,-0.0006180633780482,40,0
19.64,-0.0008298254780482,40,0
19.642,-0.0010747809030482,40,0
19.644,-0.0013197363280482,40,0
19.646,-0.0015646917530482,40,0
19.648,-0.0018096471780482,40,0
19.65,-0.0010180288780482,40,0
19.652,-0.0006075605780482,40,0
19.654,-0.0006709040780482,40,0
19.656,-0.0005597171780482,40,0
19.658,-0.0007814738780482,40,0
19.66,-0.0010032305780482,40,0
19.662,-0.0012249872780482,40,0
19.664,-0.0006686655780482,40,0
19.666,-0.0007027391780482,40,0
19.668,-0.0004803411780482,40,0
19.67,-0.0018485607780482,40,0
19.672,-0.0016493100780482,40,0
19.674,-0.0014500593780482,40,0
19.676,-0.0007787755780482,40,0
19.678,-0.0006906270780482,40,0
19.68,-0.0006024785780482,40,0
19.682,-0.0005143300780482,40,0
19.684,-0.0007391141980482,40,0
19.686,-0.0009638983180482,40,0
19.688,-0.0011886824380482,40,0
19.69,-0.0014134665580482,40,0
19.692,-0.0016382506780482,40,0
19.694,-0.0008908699780482,40,0
19.696,-0.0006409686780482,40,0
19.698,-0.0006435459780482,40,0
19.7,-0.0008748374780482,40,0
19.702,-0.0018300961780482,40,0
19.704,-0.0015662355113815,40,0
19.706,-0.0013023748447148,40,0
19.708,-0.0010385141780482,40,0
19.71,-0.0006861742780482,40,0
19.712,-0.0006280216780482,40,0
19.714,-0.0005698690780482,40,0
19.716,-0.0007906981113815,40,0
19.718,-0.0010115271447148,40,0
19.72,-0.0012323561780482,40,0
19.722,-0.0007006942780482,40,0
19.724,-0.0007068289780482,40,0
19.726,-0.0007129636780482,40,0
19.728,-0.0018870266780482,40,0
19.73,-0.0017705188030482,40,0
19.732,-0.0016540109280482,40,0
19.734,-0.0015375030530482,40,0
19.736,-0.0014209951780482,40,0
19.738,-0.0007518046780482,40,0
19.74,-0.0006836574780482,40,0
19.742,-0.0005309070780482,40,0
19.744,-0.0013392717780482,40,0
19.746,-0.0014451709780482,40,0
19.748,-0.0015510701780482,40,0
19.75,-0.0016569693780482,40,0
19.752,-0.0006736749780482,40,0
19.754,-0.0006599112280482,40,0
19.756,-0.0006461474780482,40,0
19.758,-0.0008918379780482,40,0
19.76,-0.0011959392113815,40,0
19.762,-0.0015000404447148,40,0
19.764,-0.0018041416780482,40,0
19.766,-0.0010460887780482,40,0
19.768,-0.0007201389780482,40,0
19.77,-0.0005982193780482,40,0
19.772,-0.0009427547780482,40,0
19.774,-0.0012872901780482,40,0
19.776,-0.0016318255780482,40,0
19.778,-0.0019763609780482,40,0
19.78,-0.0012237167780482,40,0
19.782,-0.0006841898780482,40,0
19.784,-0.0007121166780482,40,0
19.786,-0.0004833903780482,40,0
19.788,-0.0018851511780482,40,0
19.79,-0.0016571690280482,40,0
19.792,-0.0014291868780482,40,0
19.794,-0.0007747825780482,40,0
19.796,-0.0005416397780482,40,0
19.798,-0.0009616065780482,40,0
19.8,-0.0013815733780482,40,0
19.802,-0.0014407030530482,40,0
19.804,-0.0014998327280482,40,0
19.806,-0.0015589624030482,40,0
19.808,-0.0016180920780482,40,0
19.81,-0.0008924066780482,40,0
19.812,-0.0006707588780482,40,0
19.814,-0.0006340353780482,40,0
19.816,-0.0009129524780482,40,0
19.818,-0.0012060548113815,40,0
19.82,-0.0014991571447148,40,0
19.822,-0.0017922594780482,40,0
19.824,-0.0010620849780482,40,0
19.826,-0.0006643337780482,40,0
19.828,-0.0007006458780482,40,0
19.83,-0.0005983766780482,40,0
19.832,-0.0008073759447148,40,0
19.834,-0.0010163752113815,40,0
19.836,-0.0012253744780482,40,0
19.838,-0.0009558711780482,40,0
19.84,-0.0006863678780482,40,0
19.842,-0.0007020494780482,40,0
19.844,-0.0004716412780482,40,0
19.846,-0.0019386089780482,40,0
19.848,-0.0016828694280482,40,0
19.85,-0.0014271298780482,40,0
19.852,-0.0007878263780482,40,0
19.854,-0.0007483864280482,40,0
19.856,-0.0007089464780482,40,0
19.858,-0.0005563533780482,40,0
19.86,-0.0014328652780482,40,0
19.862,-0.0015287638280482,40,0
19.864,-0.0016246623780482,40,0
19.866,-0.0008978274780482,40,0
19.868,-0.0006575456780482,40,0
19.87,-0.0006313975780482,40,0
19.872,-0.0008624277180482,40,0
19.874,-0.0010934578580482,40,0
19.876,-0.0013244879980482,40,0
19.878,-0.0015555181380482,40,0
19.88,-0.0017865482780482,40,0
19.882,-0.0006278401780482,40,0
19.884,-0.0006643095780482,40,0
19.886,-0.0006248333280482,40,0
19.888,-0.0005853570780482,40,0
19.89,-0.0010509731447148,40,0
19.892,-0.0015165892113815,40,0
19.894,-0.0019822052780482,40,0
19.896,-0.0011966369780482,40,0
19.898,-0.0006670441780482,40,0
19.9,-0.0006972941780482,40,0
19.902,-0.0004604487780482,40,0
19.904,-0.0006976602030482,40,0
19.906,-0.0009348716280482,40,0
19.908,-0.0011720830530482,40,0
19.91,-0.0014092944780482,40,0
19.912,-0.0007638683780482,40,0
19.914,-0.0006726585780482,40,0
19.916,-0.0004999068780482,40,0
19.918,-0.0014078182780482,40,0
19.92,-0.0010222517780482,40,0
19.922,-0.0006366852780482,40,0
19.924,-0.0006144333780482,40,0
19.926,-0.0007137461447148,40,0
19.928,-0.0008130589113815,40,0
19.93,-0.0009123716780482,40,0
19.932,-0.0011359615280482,40,0
19.934,-0.0013595513780482,40,0
19.936,-0.0015831412280482,40,0
19.938,-0.0018067310780482,40,0
19.94,-0.0006279853780482,40,0
19.942,-0.0006821207780482,40,0
19.944,-0.0005965253780482,40,0
19.946,-0.0007394747780482,40,0
19.948,-0.0008824241780482,40,0
19.95,-0.0010253735780482,40,0
19.952,-0.0011683229780482,40,0
19.954,-0.0006626639780482,40,0
19.956,-0.0006998835780482,40,0
19.958,-0.0013231182780482,40,0
19.96,-0.0019463529780482,40,0
19.962,-0.0018079320030482,40,0
19.964,-0.0016695110280482,40,0
19.966,-0.0015310900530482,40,0
19.968,-0.0013926690780482,40,0
19.97,-0.0007616056780482,40,0
19.972,-0.0006645031780482,40,0
19.974,-0.0005156731780482,40,0
19.976,-0.0014348012780482,40,0
19.978,-0.0015081575280482,40,0
19.98,-0.0015815137780482,40,0
19.982,-0.0008665973780482,40,0
19.984,-0.0007539766280482,40,0
19.986,-0.0006413558780482,40,0
19.988,-0.0005871478780482,40,0
19.99,-0.0009100847780482,40,0
19.992,-0.0011948260113815,40,0
19.994,-0.0014795672447148,40,0
19.996,-0.0017643084780482,40,0
19.998,-0.0010243813780482,40,0
20.0,-0.0006478777780482,41,0
20.002,-0.0006895743780482,41,0
20.004,-0.0011132679780482,41,0
20.006,-0.0015369615780482,41,0
20.008,-0.0019606551780482,41,0
20.01,-0.0015821308780482,41,0
20.012,-0.0012036065780482,41,0
20.014,-0.0006665964780482,41,0
20.016,-0.0004932518780482,41,0
20.018,-0.0012253744780482,41,0
20.02,-0.0019574970780482,41,0
20.022,-0.0017609809780482,41,0
20.024,-0.0015644648780482,41,0
20.026,-0.0013679487780482,41,0
20.028,-0.0007274473780482,41,0
20.03,-0.0006657494780482,41,0
20.032,-0.0014397380780482,41,0
20.034,-0.0014786093280482,41,0
20.036,-0.0015174805780482,41,0
20.038,-0.0015563518280482,41,0
20.04,-0.0015952230780482,41,0
20.042,-0.0006338175780482,41,0
20.044,-0.0006188317280482,41,0
20.046,-0.0006038458780482,41,0
20.048,-0.0009972975447148,41,0
20.05,-0.0013907492113815,41,0
20.052,-0.0017842008780482,41,0
20.054,-0.0013884945780482,41,0
20.056,-0.0009927882780482,41,0
20.058,-0.0006284693780482,41,0
20.06,-0.0006692705780482,41,0
20.062,-0.0006090851780482,41,0
20.064,-0.0007931261780482,41,0
20.066,-0.0009771671780482,41,0
20.068,-0.0011612081780482,41,0
20.07,-0.0006401095780482,41,0
20.072,-0.0006653683280482,41,0
20.074,-0.0006906270780482,41,0
20.076,-0.0004876737780482,41,0
20.078,-0.0007137985780482,41,0
20.08,-0.0009399233780482,41,0
20.082,-0.0011660481780482,41,0
20.084,-0.0013921729780482,41,0
20.086,-0.0007470130780482,41,0
20.088,-0.0006940150780482,41,0
20.09,-0.0005232719780482,41,0
20.092,-0.0014656804780482,41,0
20.094,-0.0012445328113815,41,0
20.096,-0.0010233851447148,41,0
20.098,-0.0008022374780482,41,0
20.1,-0.0006090004780482,41,0
20.102,-0.0005939541280482,41,0
20.104,-0.0005789077780482,41,0
20.106,-0.0009683825780482,41,0
20.108,-0.0013589947780482,41,0
20.11,-0.0017496069780482,41,0
20.112,-0.0013489941280482,41,0
20.114,-0.0009483812780482,41,0
20.116,-0.0006677580780482,41,0
20.118,-0.0006462866280482,41,0
20.12,-0.0006248151780482,41,0
20.122,-0.0010616655113815,41,0
20.124,-0.0014985158447148,41,0
20.126,-0.0019353661780482,41,0
20.128,-0.0011987786780482,41,0
20.13,-0.0006691737780482,41,0
20.132,-0.0004571333780482,41,0
20.134,-0.0019939180780482,41,0
20.136,-0.0016695473280482,41,0
20.138,-0.0013451765780482,41,0
20.14,-0.0010208058280482,41,0
20.142,-0.0006964350780482,41,0
20.144,-0.0006770327280482,41,0
20.146,-0.0006576303780482,41,0
20.148,-0.0004703465780482,41,0
20.15,-0.0014487283780482,41,0
20.152,-0.0015092344280482,41,0
20.154,-0.0015697404780482,41,0
20.156,-0.0006353421780482,41,0
20.158,-0.0006162725780482,41,0
20.16,-0.0005972029780482,41,0
20.162,-0.0005781333780482,41,0
20.164,-0.0009779294780482,41,0
20.166,-0.0009758886113815,41,0
20.168,-0.0009738477447148,41,0
20.17,-0.0009718068780482,41,0
20.172,-0.0008018442280482,41,0
20.174,-0.0006318815780482,41,0
20.176,-0.0006729247780482,41,0
20.178,-0.0006416583780482,41,0
20.18,-0.0008193751113815,41,0
20.182,-0.0009970918447148,41,0
20.184,-0.0011748085780482,41,0
20.186,-0.0006648298780482,41,0
20.188,-0.0007067321780482,41,0
20.19,-0.0005896041780482,41,0
20.192,-0.0004724761780482,41,0
20.194,-0.0006943085030482,41,0
20.196,-0.0009161408280482,41,0
20.198,-0.0011379731530482,41,0
20.2,-0.0013598054780482,41,0
20.202,-0.0007353486780482,41,0
20.204,-0.0004944134780482,41,0
20.206,-0.0015017989780482,41,0
20.208,-0.0015192411280482,41,0
20.21,-0.0015366832780482,41,0
20.212,-0.0015541254280482,41,0
20.214,-0.0015715675780482,41,0
20.216,-0.0006515682780482,41,0
20.218,-0.0006190434780482,41,0
20.22,-0.0005865186780482,41,0
20.222,-0.0008718699530482,41,0
20.224,-0.0011572212280482,41,0
20.226,-0.0014425725030482,41,0
20.228,-0.0017279237780482,41,0
20.23,-0.0009841730780482,41,0
20.232,-0.0006367457780482,41,0
20.234,-0.0006577755780482,41,0
20.236,-0.0006243553780482,41,0
20.238,-0.0008080495113815,41,0
20.24,-0.0009917436447148,41,0
20.242,-0.0011754377780482,41,0
20.244,-0.0009304188280482,41,0
20.246,-0.0006853998780482,41,0
20.248,-0.0004970391780482,41,0
20.25,-0.0007164938530482,41,0
20.252,-0.0009359485280482,41,0
20.254,-0.0011554032030482,41,0
20.256,-0.0013748578780482,41,0
20.258,-0.0007546602780482,41,0
20.26,-0.0007201329280482,41,0
20.262,-0.0006856055780482,41,0
20.264,-0.0015307542780482,41,0
20.266,-0.0015442155280482,41,0
20.268,-0.0015576767780482,41,0
20.27,-0.0015711380280482,41,0
20.272,-0.0015845992780482,41,0
20.274,-0.0008647097780482,41,0
20.276,-0.0006829677780482,41,0
20.278,-0.0006046444780482,41,0
20.28,-0.0010327908780482,41,0
20.282,-0.0013855119280482,41,0
20.284,-0.0017382329780482,41,0
20.286,-0.0010107567780482,41,0
20.288,-0.0008495061280482,41,0
20.29,-0.0006882554780482,41,0
20.292,-0.0012906600280482,41,0
20.294,-0.0018930645780482,41,0
20.296,-0.0016443329447148,41,0
20.298,-0.0013956013113815,41,0
20.3,-0.0011468696780482,41,0
20.302,-0.0009088989780482,41,0
20.304,-0.0006709282780482,41,0
20.306,-0.0007042032780482,41,0
20.308,-0.0008275434180482,41,0
20.31,-0.0009508835580482,41,0
20.312,-0.0010742236980482,41,0
20.314,-0.0011975638380482,41,0
20.316,-0.0013209039780482,41,0
20.318,-0.0006658099780482,41,0
20.32,-0.0004934333780482,41,0
20.322,-0.0015514331780482,41,0
20.324,-0.0015336522280482,41,0
20.326,-0.0015158712780482,41,0
20.328,-0.0007990067780482,41,0
20.33,-0.0005649685780482,41,0
20.332,-0.0007921823780482,41,0
20.334,-0.0010193961780482,41,0
20.336,-0.0011922477030482,41,0
20.338,-0.0013650992280482,41,0
20.34,-0.0015379507530482,41,0
20.342,-0.0017108022780482,41,0
20.344,-0.0013373720780482,41,0
20.346,-0.0009639418780482,41,0
20.348,-0.0006362738780482,41,0
20.35,-0.0006712791780482,41,0
20.352,-0.0006649508780482,41,0
20.354,-0.0012773681780482,41,0
20.356,-0.0018897854780482,41,0
20.358,-0.0011471237780482,41,0
20.36,-0.0004918845780482,41,0
20.362,-0.0006321981947148,41,0
20.364,-0.0007725118113815,41,0
20.366,-0.0009128254280482,41,0
20.368,-0.0010531390447148,41,0
20.37,-0.0011934526613815,41,0
20.372,-0.0013337662780482,41,0
20.374,-0.0004929251780482,41,0
20.376,-0.0008553000113815,41,0
20.378,-0.0012176748447148,41,0
20.38,-0.0015800496780482,41,0
20.382,-0.0015557165780482,41,0
20.384,-0.0015313834780482,41,0
20.386,-0.0015070503780482,41,0
20.388,-0.0006514230780482,41,0
20.39,-0.0010456410780482,41,0
20.392,-0.0012143876780482,41,0
20.394,-0.0013831342780482,41,0
20.396,-0.0015518808780482,41,0
20.398,-0.0017206274780482,41,0
20.4,-0.0013401308780482,41,0
20.402,-0.0009596342780482,41,0
20.404,-0.0006285782780482,41,0
20.406,-0.0006836695780482,41,0
20.408,-0.0006734813780482,41,0
20.41,-0.0008265141113815,41,0
20.412,-0.0009795468447148,41,0
20.414,-0.0011325795780482,41,0
20.416,-0.0006652654780482,41,0
20.418,-0.0006865372780482,41,0
20.42,-0.0007078090780482,41,0
20.422,-0.0005089213780482,41,0
20.424,-0.0007206471780482,41,0
20.426,-0.0009323729780482,41,0
20.428,-0.0011440987780482,41,0
20.43,-0.0013558245780482,41,0
20.432,-0.0007292986780482,41,0
20.434,-0.0005150923780482,41,0
20.436,-0.0007199889380482,41,0
20.438,-0.0009248854980482,41,0
20.44,-0.0011297820580482,41,0
20.442,-0.0013346786180482,41,0
20.444,-0.0015395751780482,41,0
20.446,-0.0008313016780482,41,0
20.448,-0.0006041725780482,41,0
20.45,-0.0010824250780482,41,0
20.452,-0.0012448706030482,41,0
20.454,-0.0014073161280482,41,0
20.456,-0.0015697616530482,41,0
20.458,-0.0017322071780482,41,0
20.46,-0.0006300060780482,41,0
20.462,-0.0006776558780482,41,0
20.464,-0.0006845831280482,41,0
20.466,-0.0006915103780482,41,0
20.468,-0.0010911612780482,41,0
20.47,-0.0014908121780482,41,0
20.472,-0.0018904630780482,41,0
20.474,-0.0011207336780482,41,0
20.476,-0.0006393351780482,41,0
20.478,-0.0006981411780482,41,0
20.48,-0.0004795183780482,41,0
20.482,-0.0005437603030482,41,0
20.484,-0.0006080022280482,41,0
20.486,-0.0006722441530482,41,0
20.488,-0.0007364860780482,41,0
20.49,-0.0007180093780482,41,0
20.492,-0.0006152682780482,41,0
20.494,-0.0005125271780482,41,0
20.496,-0.0007731097530482,41,0
20.498,-0.0010336923280482,41,0
20.5,-0.0012942749030482,42,0
20.502,-0.0015548574780482,42,0
20.504,-0.0006920911780482,42,0
20.506,-0.0006053462780482,42,0
20.508,-0.0008635179280482,42,0
20.51,-0.0011216895780482,42,0
20.512,-0.0013273895780482,42,0
20.514,-0.0015330895780482,42,0
20.516,-0.0017387895780482,42,0
20.518,-0.0009746987780482,42,0
20.52,-0.0006578118780482,42,0
20.522,-0.0006583563780482,42,0
20.524,-0.0009689482530482,42,0
20.526,-0.0012795401280482,42,0
20.528,-0.0015901320030482,42,0
20.53,-0.0019007238780482,42,0
20.532,-0.0011335717780482,42,0
20.534,-0.0006641280780482,42,0
20.536,-0.0007181908780482,42,0
20.538,-0.0008400402980482,42,0
20.54,-0.0009618897180482,42,0
20.542,-0.0010837391380482,42,0
20.544,-0.0012055885580482,42,0
20.546,-0.0013274379780482,42,0
20.548,-0.0007417979780482,42,0
20.55,-0.0007276772780482,42,0
20.552,-0.0005133983780482,42,0
20.554,-0.0016459462780482,42,0
20.556,-0.0016175032113815,42,0
20.558,-0.0015890601447148,42,0
20.56,-0.0015606170780482,42,0
20.562,-0.0008337216780482,42,0
20.564,-0.0006728279780482,42,0
20.566,-0.0005795611780482,42,0
20.568,-0.0011305830780482,42,0
20.57,-0.0013220292780482,42,0
20.572,-0.0015134754780482,42,0
20.574,-0.0017049216780482,42,0
20.576,-0.0006712549780482,42,0
20.578,-0.0006707951780482,42,0
20.58,-0.0007107372780482,42,0
20.582,-0.0008124317280482,42,0
20.584,-0.0009141261780482,42,0
20.586,-0.0010158206280482,42,0
20.588,-0.0011175150780482,42,0
20.59,-0.0006605343780482,42,0
20.592,-0.0006866764280482,42,0
20.594,-0.0007128184780482,42,0
20.596,-0.0004820593780482,42,0
20.598,-0.0006935310780482,42,0
20.6,-0.0009050027780482,42,0
20.602,-0.0011164744780482,42,0
20.604,-0.0013279461780482,42,0
20.606,-0.0007151779780482,42,0
20.608,-0.0006926598780482,42,0
20.61,-0.0004806436780482,42,0
20.612,-0.0016627652780482,42,0
20.614,-0.0016100213780482,42,0
20.616,-0.0015572774780482,42,0
20.618,-0.0015045335780482,42,0
20.62,-0.0006775832780482,42,0
20.622,-0.0005695423780482,42,0
20.624,-0.0008417742280482,42,0
20.626,-0.0011140060780482,42,0
20.628,-0.0013116515113815,42,0
20.63,-0.0015092969447148,42,0
20.632,-0.0017069423780482,42,0
20.634,-0.0009636635780482,42,0
20.636,-0.0006584773780482,42,0
20.638,-0.0006615144780482,42,0
20.64,-0.0007147302780482,42,0
20.642,-0.0011057619447148,42,0
20.644,-0.0014967936113815,42,0
20.646,-0.0018878252780482,42,0
20.648,-0.0006891871780482,42,0
20.65,-0.0007070891280482,42,0
20.652,-0.0007249910780482,42,0
20.654,-0.0004942803780482,42,0
20.656,-0.0007069681280482,42,0
20.658,-0.0009196558780482,42,0
20.66,-0.0011323436280482,42,0
20.662,-0.0013450313780482,42,0
20.664,-0.0007377686780482,42,0
20.666,-0.0007032352780482,42,0
20.668,-0.0004843825780482,42,0
20.67,-0.0016692871780482,42,0
20.672,-0.0013844007447148,42,0
20.674,-0.0010995143113815,42,0
20.676,-0.0008146278780482,42,0
20.678,-0.0006673829780482,42,0
20.68,-0.0009107926280482,42,0
20.682,-0.0011542022780482,42,0
20.684,-0.0011098618280482,42,0
20.686,-0.0010655213780482,42,0
20.688,-0.0010211809280482,42,0
20.69,-0.0009768404780482,42,0
20.692,-0.0008180219280482,42,0
20.694,-0.0006592033780482,42,0
20.696,-0.0006613934780482,42,0
20.698,-0.0007170897780482,42,0
20.7,-0.0010995909447148,42,0
20.702,-0.0014820921113815,42,0
20.704,-0.0018645932780482,42,0
20.706,-0.0011152765780482,42,0
20.708,-0.0006755625780482,42,0
20.71,-0.0007072766780482,42,0
20.712,-0.0005024962780482,42,0
20.714,-0.0007636425113815,42,0
20.716,-0.0010247887447148,42,0
20.718,-0.0012859349780482,42,0
20.72,-0.0007107130780482,42,0
20.722,-0.0007134416280482,42,0
20.724,-0.0007161701780482,42,0
20.726,-0.0004878794780482,42,0
20.728,-0.0016955441780482,42,0
20.73,-0.0016366655780482,42,0
20.732,-0.0015777869780482,42,0
20.734,-0.0015189083780482,42,0
20.736,-0.0008177738780482,42,0
20.738,-0.0006820602780482,42,0
20.74,-0.0005862645780482,42,0
20.742,-0.0011579169780482,42,0
20.744,-0.0010896770113815,42,0
20.746,-0.0010214370447148,42,0
20.748,-0.0009531970780482,42,0
20.75,-0.0006544601780482,42,0
20.752,-0.0006614781780482,42,0
20.754,-0.0006684961780482,42,0
20.756,-0.0007623195780482,42,0
20.758,-0.0011351125113815,42,0
20.76,-0.0015079054447148,42,0
20.762,-0.0018806983780482,42,0
20.764,-0.0011344308780482,42,0
20.766,-0.0006820481780482,42,0
20.768,-0.0007017711780482,42,0
20.77,-0.0005245545780482,42,0
20.772,-0.0007213520030482,42,0
20.774,-0.0009181494280482,42,0
20.776,-0.0011149468530482,42,0
20.778,-0.0013117442780482,42,0
20.78,-0.0007104347780482,42,0
20.782,-0.0006899736780482,42,0
20.784,-0.0004859192780482,42,0
20.786,-0.0008290551113815,42,0
20.788,-0.0011721909447148,42,0
20.79,-0.0015153267780482,42,0
20.792,-0.0008259050780482,42,0
20.794,-0.0007572254780482,42,0
20.796,-0.0006885458780482,42,0
20.798,-0.0005975054780482,42,0
20.8,-0.0011919300780482,42,0
20.802,-0.0013629635780482,42,0
20.804,-0.0015339970780482,42,0
20.806,-0.0017050305780482,42,0
20.808,-0.0009539472780482,42,0
20.81,-0.0006468613780482,42,0
20.812,-0.0006749454780482,42,0
20.814,-0.0007675346780482,42,0
20.816,-0.0011407430447148,42,0
20.818,-0.0015139514113815,42,0
20.82,-0.0018871597780482,42,0
20.822,-0.0011259124780482,42,0
20.824,-0.0007529783780482,42,0
20.826,-0.0006546235280482,42,0
20.828,-0.0005562686780482,42,0
20.83,-0.0007429807530482,42,0
20.832,-0.0009296928280482,42,0
20.834,-0.0011164049030482,42,0
20.836,-0.0013031169780482,42,0
20.838,-0.0007158555780482,42,0
20.84,-0.0006936157780482,42,0
20.842,-0.0004761182780482,42,0
20.844,-0.0017248624780482,42,0
20.846,-0.0014174660113815,42,0
20.848,-0.0011100695447148,42,0
20.85,-0.0008026730780482,42,0
20.852,-0.0006834033780482,42,0
20.854,-0.0006287779280482,42,0
20.856,-0.0005741524780482,42,0
20.858,-0.0012006783780482,42,0
20.86,-0.0011143771447148,42,0
20.862,-0.0010280759113815,42,0
20.864,-0.0009417746780482,42,0
20.866,-0.0008034716780482,42,0
20.868,-0.0006651686780482,42,0
20.87,-0.0006809712780482,42,0
20.872,-0.0007797072780482,42,0
20.874,-0.0008835091447148,42,0
20.876,-0.0009873110113815,42,0
20.878,-0.0010911128780482,42,0
20.88,-0.0007248942780482,42,0
20.882,-0.0006390024280482,42,0
20.884,-0.0005531105780482,42,0
20.886,-0.0006999343980482,42,0
20.888,-0.0008467582180482,42,0
20.89,-0.0009935820380482,42,0
20.892,-0.0011404058580482,42,0
20.894,-0.0012872296780482,42,0
20.896,-0.0007085834780482,42,0
20.898,-0.0004980313780482,42,0
20.9,-0.0011154217780482,42,0
20.902,-0.0017328121780482,42,0
20.904,-0.0016568322447148,42,0
20.906,-0.0015808523113815,42,0
20.908,-0.0015048723780482,42,0
20.91,-0.0008023221780482,42,0
20.912,-0.0006596752780482,42,0
20.914,-0.0012084828780482,42,0
20.916,-0.0013727202113815,42,0
20.918,-0.0015369575447148,42,0
20.92,-0.0017011948780482,42,0
20.922,-0.0013271596780482,42,0
20.924,-0.0009531244780482,42,0
20.926,-0.0006572068780482,42,0
20.928,-0.0007224379780482,42,0
20.93,-0.0007876690780482,42,0
20.932,-0.0011458411780482,42,0
20.934,-0.0015040132780482,42,0
20.936,-0.0018621853780482,42,0
20.938,-0.0010885839780482,42,0
20.94,-0.0006596389780482,42,0
20.942,-0.0007152384780482,42,0
20.944,-0.0005260670780482,42,0
20.946,-0.0007798040780482,42,0
20.948,-0.0010335410780482,42,0
20.95,-0.0012872780780482,42,0
20.952,-0.0007174527780482,42,0
20.954,-0.0007132056780482,42,0
20.956,-0.0004786108780482,42,0
20.958,-0.0017752347780482,42,0
20.96,-0.0017079769280482,42,0
20.962,-0.0016407190780482,42,0
20.964,-0.0015734612280482,42,0
20.966,-0.0015062033780482,42,0
20.968,-0.0008314347780482,42,0
20.97,-0.0006947168780482,42,0
20.972,-0.0005542479780482,42,0
20.974,-0.0012356231780482,42,0
20.976,-0.0013892205780482,42,0
20.978,-0.0015428179780482,42,0
20.98,-0.0016964153780482,42,0
20.982,-0.0009514062780482,42,0
20.984,-0.0006680363780482,42,0
20.986,-0.0006516045780482,42,0
20.988,-0.0007932229780482,42,0
20.99,-0.0011520283113815,42,0
20.992,-0.0015108336447148,42,0
20.994,-0.0018696389780482,42,0
20.996,-0.0011077503780482,42,0
20.998,-0.0008247192780482,42,0
21.0,-0.0005416881780482,43,0
21.002,-0.0007278678530482,43,0
21.004,-0.0009140475280482,43,0
21.006,-0.0011002272030482,43,0
21.008,-0.0012864068780482,43,0
21.01,-0.0007032594780482,43,0
21.012,-0.0007154562780482,43,0
21.014,-0.0004852900780482,43,0
21.016,-0.0017658209780482,43,0
21.018,-0.0016331444780482,43,0
21.02,-0.0015004679780482,43,0
21.022,-0.0008088077780482,43,0
21.024,-0.0006836574780482,43,0
21.026,-0.0006170409280482,43,0
21.028,-0.0005504243780482,43,0
21.03,-0.0012454725780482,43,0
21.032,-0.0013904951113815,43,0
21.034,-0.0015355176447148,43,0
21.036,-0.0016805401780482,43,0
21.038,-0.0009252460780482,43,0
21.04,-0.0006633415780482,43,0
21.042,-0.0006486521780482,43,0
21.044,-0.0007834824780482,43,0
21.046,-0.0011418118780482,43,0
21.048,-0.0015001412780482,43,0
21.05,-0.0018584706780482,43,0
21.052,-0.0010922018780482,43,0
21.054,-0.0006791683780482,43,0
21.056,-0.0007181545780482,43,0
21.058,-0.0005345007780482,43,0
21.06,-0.0005925162447148,43,0
21.062,-0.0006505317113815,43,0
21.064,-0.0007085471780482,43,0
21.066,-0.0006237907113815,43,0
21.068,-0.0005390342447148,43,0
21.07,-0.0004542777780482,43,0
21.072,-0.0017860521780482,43,0
21.074,-0.0017104271780482,43,0
21.076,-0.0016348021780482,43,0
21.078,-0.0015591771780482,43,0
21.08,-0.0014835521780482,43,0
21.082,-0.0008011363780482,43,0
21.084,-0.0007012145780482,43,0
21.086,-0.0005642788780482,43,0
21.088,-0.0012650140780482,43,0
21.09,-0.0014622440780482,43,0
21.092,-0.0016594740780482,43,0
21.094,-0.0009322640780482,43,0
21.096,-0.0007987163780482,43,0
21.098,-0.0006651686780482,43,0
21.1,-0.0008387673780482,43,0
21.102,-0.0009025101780482,43,0
21.104,-0.0009662529780482,43,0
21.106,-0.0010299957780482,43,0
21.108,-0.0010937385780482,43,0
21.11,-0.0008829142280482,43,0
21.112,-0.0006720898780482,43,0
21.114,-0.0007195944780482,43,0
21.116,-0.0005500008780482,43,0
21.118,-0.0007342415280482,43,0
21.12,-0.0009184821780482,43,0
21.122,-0.0011027228280482,43,0
21.124,-0.0012869634780482,43,0
21.126,-0.0007039612780482,43,0
21.128,-0.0004728996780482,43,0
21.13,-0.0011397609280482,43,0
21.132,-0.0018066221780482,43,0
21.134,-0.0016945076113815,43,0
21.136,-0.0015823930447148,43,0
21.138,-0.0014702784780482,43,0
21.14,-0.0007952799780482,43,0
21.142,-0.0006652412780482,43,0
21.144,-0.0005305198780482,43,0
21.146,-0.0012678333780482,43,0
21.148,-0.0013964442780482,43,0
21.15,-0.0015250551780482,43,0
21.152,-0.0016536660780482,43,0
21.154,-0.0009342968780482,43,0
21.156,-0.0006788900780482,43,0
21.158,-0.0008281193780482,43,0
21.16,-0.0010869837530482,43,0
21.162,-0.0013458481280482,43,0
21.164,-0.0016047125030482,43,0
21.166,-0.0018635768780482,43,0
21.168,-0.0011041687780482,43,0
21.17,-0.0007414470780482,43,0
21.172,-0.0008351051113815,43,0
21.174,-0.0009287631447148,43,0
21.176,-0.0010224211780482,43,0
21.178,-0.0011160792113815,43,0
21.18,-0.0012097372447148,43,0
21.182,-0.0013033952780482,43,0
21.184,-0.0007234180780482,43,0
21.186,-0.0007164000780482,43,0
21.188,-0.0004969665780482,43,0
21.19,-0.0018478710780482,43,0
21.192,-0.0016490620280482,43,0
21.194,-0.0014502529780482,43,0
21.196,-0.0011235650780482,43,0
21.198,-0.0007968771780482,43,0
21.2,-0.0005661059780482,43,0
21.202,-0.0008385314280482,43,0
21.204,-0.0011109568780482,43,0
21.206,-0.0013833823280482,43,0
21.208,-0.0016558077780482,43,0
21.21,-0.0012943928780482,43,0
21.212,-0.0009329779780482,43,0
21.214,-0.0006676491780482,43,0
21.216,-0.0006631963780482,43,0
21.218,-0.0008292688780482,43,0
21.22,-0.0011690409113815,43,0
21.222,-0.0015088129447148,43,0
21.224,-0.0018485849780482,43,0
21.226,-0.0010740034780482,43,0
21.228,-0.0006763248780482,43,0
21.23,-0.0006056245780482,43,0
21.232,-0.0005349242780482,43,0
21.234,-0.0007179398030482,43,0
21.236,-0.0009009553280482,43,0
21.238,-0.0010839708530482,43,0
21.24,-0.0012669863780482,43,0
21.242,-0.0007166420780482,43,0
21.244,-0.0007095877780482,43,0
21.246,-0.0004876495780482,43,0
21.248,-0.0018210937780482,43,0
21.25,-0.0017036511780482,43,0
21.252,-0.0015862085780482,43,0
21.254,-0.0014687659780482,43,0
21.256,-0.0007901495780482,43,0
21.258,-0.0006938940780482,43,0
21.26,-0.0005637948780482,43,0
21.262,-0.0012858139780482,43,0
21.264,-0.0011648018780482,43,0
21.266,-0.0010437897780482,43,0
21.268,-0.0009227776780482,43,0
21.27,-0.0006650960780482,43,0
21.272,-0.0006681452780482,43,0
21.274,-0.0009076236380482,43,0
21.276,-0.0011471019980482,43,0
21.278,-0.0013865803580482,43,0
21.28,-0.0016260587180482,43,0
21.282,-0.0018655370780482,43,0
21.284,-0.0010956261780482,43,0
21.286,-0.0006581143780482,43,0
21.288,-0.0007196791780482,43,0
21.29,-0.0005774557780482,43,0
21.292,-0.0007400737280482,43,0
21.294,-0.0009026916780482,43,0
21.296,-0.0010653096280482,43,0
21.298,-0.0012279275780482,43,0
21.3,-0.0006790715780482,43,0
21.302,-0.0007027391780482,43,0
21.304,-0.0004876011780482,43,0
21.306,-0.0018497465780482,43,0
21.308,-0.0017051959447148,43,0
21.31,-0.0015606453113815,43,0
21.312,-0.0014160946780482,43,0
21.314,-0.0007696279780482,43,0
21.316,-0.0006853151780482,43,0
21.318,-0.0005556031780482,43,0
21.32,-0.0013066017780482,43,0
21.322,-0.0014175386113815,43,0
21.324,-0.0015284754447148,43,0
21.326,-0.0016394122780482,43,0
21.328,-0.0008877965780482,43,0
21.33,-0.0006463531780482,43,0
21.332,-0.0006565292780482,43,0
21.334,-0.0008601359780482,43,0
21.336,-0.0013512447280482,43,0
21.338,-0.0018423534780482,43,0
21.34,-0.0010486297780482,43,0
21.342,-0.0006500678780482,43,0
21.344,-0.0006709403780482,43,0
21.346,-0.0006918128780482,43,0
21.348,-0.0005648717780482,43,0
21.35,-0.0007395564530482,43,0
21.352,-0.0009142411280482,43,0
21.354,-0.0010889258030482,43,0
21.356,-0.0012636104780482,43,0
21.358,-0.0007277135780482,43,0
21.36,-0.0006177185280482,43,0
21.362,-0.0005077234780482,43,0
21.364,-0.0018712845780482,43,0
21.366,-0.0017367245113815,43,0
21.368,-0.0016021644447148,43,0
21.37,-0.0014676043780482,43,0
21.372,-0.0007789812780482,43,0
21.374,-0.0005472783780482,43,0
21.376,-0.0013268087780482,43,0
21.378,-0.0014028421530482,43,0
21.38,-0.0014788755280482,43,0
21.382,-0.0015549089030482,43,0
21.384,-0.0016309422780482,43,0
21.386,-0.0009136300780482,43,0
21.388,-0.0006541334780482,43,0
21.39,-0.0007519075280482,43,0
21.392,-0.0008496815780482,43,0
21.394,-0.0011866181780482,43,0
21.396,-0.0015235547780482,43,0
21.398,-0.0018604913780482,43,0
21.4,-0.0010864785780482,43,0
21.402,-0.0006533227780482,43,0
21.404,-0.0007016985780482,43,0
21.406,-0.0005697843780482,43,0
21.408,-0.0009106111280482,43,0
21.41,-0.0012514378780482,43,0
21.412,-0.0009759874280482,43,0
21.414,-0.0007005369780482,43,0
21.416,-0.0007130967780482,43,0
21.418,-0.0007256565780482,43,0
21.42,-0.0004835234780482,43,0
21.422,-0.0018573090780482,43,0
21.424,-0.0017168119447148,43,0
21.426,-0.0015763148113815,43,0
21.428,-0.0014358176780482,43,0
21.43,-0.0007593671780482,43,0
21.432,-0.0006827741780482,43,0
21.434,-0.0005606488780482,43,0
21.436,-0.0013521945780482,43,0
21.438,-0.0014625385113815,43,0
21.44,-0.0015728824447148,43,0
21.442,-0.0016832263780482,43,0
21.444,-0.0009191355780482,43,0
21.446,-0.0006700691780482,43,0
21.448,-0.0008723811780482,43,0
21.45,-0.0011100887030482,43,0
21.452,-0.0013477962280482,43,0
21.454,-0.0015855037530482,43,0
21.456,-0.0018232112780482,43,0
21.458,-0.0010642992780482,43,0
21.46,-0.0006630874780482,43,0
21.462,-0.0007033925780482,43,0
21.464,-0.0005668561780482,43,0
21.466,-0.0007363348280482,43,0
21.468,-0.0009058134780482,43,0
21.47,-0.0010752921280482,43,0
21.472,-0.0012447707780482,43,0
21.474,-0.0006964955780482,43,0
21.476,-0.0007104710780482,43,0
21.478,-0.0018874380780482,43,0
21.48,-0.0017802895530482,43,0
21.482,-0.0016731410280482,43,0
21.484,-0.0015659925030482,43,0
21.486,-0.0014588439780482,43,0
21.488,-0.0005566316780482,43,0
21.49,-0.0009572566280482,43,0
21.492,-0.0013578815780482,43,0
21.494,-0.0014333674280482,43,0
21.496,-0.0015088532780482,43,0
21.498,-0.0015843391280482,43,0
21.5,-0.0016598249780482,44,0
21.502,-0.0009247257780482,44,0
21.504,-0.0006782124780482,44,0
21.506,-0.0008862719780482,44,0
21.508,-0.0011316902280482,44,0
21.51,-0.0013771084780482,44,0
21.512,-0.0016225267280482,44,0
21.514,-0.0018679449780482,44,0
21.516,-0.0006670804780482,44,0
21.518,-0.0006267814280482,44,0
21.52,-0.0005864823780482,44,0
21.522,-0.0012888813280482,44,0
21.524,-0.0019912802780482,44,0
21.526,-0.0012180781780482,44,0
21.528,-0.0007013960780482,44,0
21.53,-0.0007020010780482,44,0
21.532,-0.0010984495113815,44,0
21.534,-0.0014948979447148,44,0
21.536,-0.0018913463780482,44,0
21.538,-0.0017781266780482,44,0
21.54,-0.0016649069780482,44,0
21.542,-0.0015516872780482,44,0
21.544,-0.0014384675780482,44,0
21.546,-0.0007693012780482,44,0
21.548,-0.0005207309780482,44,0
21.55,-0.0009328993280482,44,0
21.552,-0.0013450676780482,44,0
21.554,-0.0015017687280482,44,0
21.556,-0.0016584697780482,44,0
21.558,-0.0009077615780482,44,0
21.56,-0.0006763732780482,44,0
21.562,-0.0009674841530482,44,0
21.564,-0.0012585950280482,44,0
21.566,-0.0015497059030482,44,0
21.568,-0.0018408167780482,44,0
21.57,-0.0014506764780482,44,0
21.572,-0.0010605361780482,44,0
21.574,-0.0006715211780482,44,0
21.576,-0.0006902761780482,44,0
21.578,-0.0005900155780482,44,0
21.58,-0.0010579306447148,44,0
21.582,-0.0015258457113815,44,0
21.584,-0.0019937607780482,44,0
21.586,-0.0012226035780482,44,0
21.588,-0.0006951282780482,44,0
21.59,-0.0018950368780482,44,0
21.592,-0.0018058235780482,44,0
21.594,-0.0017166102780482,44,0
21.596,-0.0016273969780482,44,0
21.598,-0.0015381836780482,44,0
21.6,-0.0014489703780482,44,0
21.602,-0.0007948927780482,44,0
21.604,-0.0006869365780482,44,0
21.606,-0.0005310764780482,44,0
21.608,-0.0013756685780482,44,0
21.61,-0.0014686369113815,44,0
21.612,-0.0015616052447148,44,0
21.614,-0.0016545735780482,44,0
21.616,-0.0009203697780482,44,0
21.618,-0.0006876020780482,44,0
21.62,-0.0006641764780482,44,0
21.622,-0.0009514728280482,44,0
21.624,-0.0012387691780482,44,0
21.626,-0.0015260655280482,44,0
21.628,-0.0018133618780482,44,0
21.63,-0.0010667313780482,44,0
21.632,-0.0006715453780482,44,0
21.634,-0.0007249184780482,44,0
21.636,-0.0005922419780482,44,0
21.638,-0.0007534563280482,44,0
21.64,-0.0009146706780482,44,0
21.642,-0.0010758850280482,44,0
21.644,-0.0012370993780482,44,0
21.646,-0.0006908206780482,44,0
21.648,-0.0006906028780482,44,0
21.65,-0.0018887448780482,44,0
21.652,-0.0017785290030482,44,0
21.654,-0.0016683131280482,44,0
21.656,-0.0015580972530482,44,0
21.658,-0.0014478813780482,44,0
21.66,-0.0007837970780482,44,0
21.662,-0.0006965076780482,44,0
21.664,-0.0005318992780482,44,0
21.666,-0.0013762977780482,44,0
21.668,-0.0014651359780482,44,0
21.67,-0.0015539741780482,44,0
21.672,-0.0016428123780482,44,0
21.674,-0.0009087658780482,44,0
21.676,-0.0006671288780482,44,0
21.678,-0.0006312402780482,44,0
21.68,-0.0008932536780482,44,0
21.682,-0.0011974718780482,44,0
21.684,-0.0015016900780482,44,0
21.686,-0.0018059082780482,44,0
21.688,-0.0006666690780482,44,0
21.69,-0.0006246397280482,44,0
21.692,-0.0005826103780482,44,0
21.694,-0.0009292360530482,44,0
21.696,-0.0012758617280482,44,0
21.698,-0.0016224874030482,44,0
21.7,-0.0019691130780482,44,0
21.702,-0.0012468277780482,44,0
21.704,-0.0007142704780482,44,0
21.706,-0.0006022789280482,44,0
21.708,-0.0004902873780482,44,0
21.71,-0.0019164780780482,44,0
21.712,-0.0016719733780482,44,0
21.714,-0.0014274686780482,44,0
21.716,-0.0010984938780482,44,0
21.718,-0.0007695190780482,44,0
21.72,-0.0006826773780482,44,0
21.722,-0.0013785362780482,44,0
21.724,-0.0014479781780482,44,0
21.726,-0.0015174200780482,44,0
21.728,-0.0015868619780482,44,0
21.73,-0.0016563038780482,44,0
21.732,-0.0006511689780482,44,0
21.734,-0.0006476599780482,44,0
21.736,-0.0009337402780482,44,0
21.738,-0.0012198205780482,44,0
21.74,-0.0015059008780482,44,0
21.742,-0.0017919811780482,44,0
21.744,-0.0010457136780482,44,0
21.746,-0.0006676491780482,44,0
21.748,-0.0005887087780482,44,0
21.75,-0.0007279047580482,44,0
21.752,-0.0008671007380482,44,0
21.754,-0.0010062967180482,44,0
21.756,-0.0011454926980482,44,0
21.758,-0.0012846886780482,44,0
21.76,-0.0006975119780482,44,0
21.762,-0.0006967738780482,44,0
21.764,-0.0006960357780482,44,0
21.766,-0.0004647321780482,44,0
21.768,-0.0019108757780482,44,0
21.77,-0.0015253375113815,44,0
21.772,-0.0011397992447148,44,0
21.774,-0.0007542609780482,44,0
21.776,-0.0006663060780482,44,0
21.778,-0.0005896223280482,44,0
21.78,-0.0005129385780482,44,0
21.782,-0.0013685900780482,44,0
21.784,-0.0014539959113815,44,0
21.786,-0.0015394017447148,44,0
21.788,-0.0016248075780482,44,0
21.79,-0.0008837430780482,44,0
21.792,-0.0006408234780482,44,0
21.794,-0.0010319035447148,44,0
21.796,-0.0014229836113815,44,0
21.798,-0.0018140636780482,44,0
21.8,-0.0010568819780482,44,0
21.802,-0.0006924299780482,44,0
21.804,-0.0006413558780482,44,0
21.806,-0.0005902817780482,44,0
21.808,-0.0008699563380482,44,0
21.81,-0.0011496308980482,44,0
21.812,-0.0014293054580482,44,0
21.814,-0.0017089800180482,44,0
21.816,-0.0019886545780482,44,0
21.818,-0.0006896832780482,44,0
21.82,-0.0006718236780482,44,0
21.822,-0.0004590209780482,44,0
21.824,-0.0011867815280482,44,0
21.826,-0.0019145420780482,44,0
21.828,-0.0017582625113815,44,0
21.83,-0.0016019829447148,44,0
21.832,-0.0014457033780482,44,0
21.834,-0.0007721931780482,44,0
21.836,-0.0005255346780482,44,0
21.838,-0.0013755233780482,44,0
21.84,-0.0015108618780482,44,0
21.842,-0.0016462003780482,44,0
21.844,-0.0009043614780482,44,0
21.846,-0.0006585015780482,44,0
21.848,-0.0006362496780482,44,0
21.85,-0.0007264874447148,44,0
21.852,-0.0008167252113815,44,0
21.854,-0.0009069629780482,44,0
21.856,-0.0012093903780482,44,0
21.858,-0.0015118177780482,44,0
21.86,-0.0018142451780482,44,0
21.862,-0.0010837076780482,44,0
21.864,-0.0006691737780482,44,0
21.866,-0.0005867848780482,44,0
21.868,-0.0009367168780482,44,0
21.87,-0.0012866488780482,44,0
21.872,-0.0016365808780482,44,0
21.874,-0.0019865128780482,44,0
21.876,-0.0007264309780482,44,0
21.878,-0.0019097988780482,44,0
21.88,-0.0018159440180482,44,0
21.882,-0.0017220891580482,44,0
21.884,-0.0016282342980482,44,0
21.886,-0.0015343794380482,44,0
21.888,-0.0014405245780482,44,0
21.89,-0.0007470251780482,44,0
21.892,-0.0006796523780482,44,0
21.894,-0.0005250627780482,44,0
21.896,-0.0007998961280482,44,0
21.898,-0.0010747294780482,44,0
21.9,-0.0013495628280482,44,0
21.902,-0.0016243961780482,44,0
21.904,-0.0008690536780482,44,0
21.906,-0.0006316153780482,44,0
21.908,-0.0005998407780482,44,0
21.91,-0.0008886072780482,44,0
21.912,-0.0011947332447148,44,0
21.914,-0.0015008592113815,44,0
21.916,-0.0018069851780482,44,0
21.918,-0.0010415270780482,44,0
21.92,-0.0006328737780482,44,0
21.922,-0.0006777768780482,44,0
21.924,-0.0019851576780482,44,0
21.926,-0.0017954962280482,44,0
21.928,-0.0016058347780482,44,0
21.93,-0.0014161733280482,44,0
21.932,-0.0012265118780482,44,0
21.934,-0.0006548231780482,44,0
21.936,-0.0006906754780482,44,0
21.938,-0.0004617192780482,44,0
21.94,-0.0019216447780482,44,0
21.942,-0.0017560240113815,44,0
21.944,-0.0015904032447148,44,0
21.946,-0.0014247824780482,44,0
21.948,-0.0006713880780482,44,0
21.95,-0.0005921028280482,44,0
21.952,-0.0005128175780482,44,0
21.954,-0.0013790807780482,44,0
21.956,-0.0014500109780482,44,0
21.958,-0.0015209411780482,44,0
21.96,-0.0015918713780482,44,0
21.962,-0.0008665610780482,44,0
21.964,-0.0006409928780482,44,0
21.966,-0.0006164782780482,44,0
21.968,-0.0008931447780482,44,0
21.97,-0.0011966732780482,44,0
21.972,-0.0015002017780482,44,0
21.974,-0.0018037302780482,44,0
21.976,-0.0010163832780482,44,0
21.978,-0.0006274408780482,44,0
21.98,-0.0006774501780482,44,0
21.982,-0.0005644361780482,44,0
21.984,-0.0012588914780482,44,0
21.986,-0.0019533467780482,44,0
21.988,-0.0015738302780482,44,0
21.99,-0.0011943137780482,44,0
21.992,-0.0004594807780482,44,0
21.994,-0.0006184344447148,44,0
21.996,-0.0007773881113815,44,0
21.998,-0.0009363417780482,44,0
22.0,-0.0010952954447148,45,0
22.002,-0.0012542491113815,45,0
22.004,-0.0014132027780482,45,0
22.006,-0.0007487191780482,45,0
22.008,-0.0006853998780482,45,0
22.01,-0.0013848524780482,45,0
22.012,-0.0012568768280482,45,0
22.014,-0.0011289011780482,45,0
22.016,-0.0010009255280482,45,0
22.018,-0.0008729498780482,45,0
22.02,-0.0006216933780482,45,0
22.022,-0.0008543376580482,45,0
22.024,-0.0010869819380482,45,0
22.026,-0.0013196262180482,45,0
22.028,-0.0015522704980482,45,0
22.03,-0.0017849147780482,45,0
22.032,-0.0010158145780482,45,0
22.034,-0.0008199579280482,45,0
22.036,-0.0006241012780482,45,0
22.038,-0.0008948121580482,45,0
22.04,-0.0011655230380482,45,0
22.042,-0.0014362339180482,45,0
22.044,-0.0017069447980482,45,0
22.046,-0.0019776556780482,45,0
22.048,-0.0012198326780482,45,0
22.05,-0.0007065264780482,45,0
22.052,-0.0019082742780482,45,0
22.054,-0.0015152824113815,45,0
22.056,-0.0011222905447148,45,0
22.058,-0.0007292986780482,45,0
22.06,-0.0006681573780482,45,0
22.062,-0.0006299002030482,45,0
22.064,-0.0005916430280482,45,0
22.066,-0.0005533858530482,45,0
22.068,-0.0005151286780482,45,0
22.07,-0.0008764387113815,45,0
22.072,-0.0012377487447148,45,0
22.074,-0.0015990587780482,45,0
22.076,-0.0008800646780482,45,0
22.078,-0.0008812585447148,45,0
22.08,-0.0008824524113815,45,0
22.082,-0.0008836462780482,45,0
22.084,-0.0011887558447148,45,0
22.086,-0.0014938654113815,45,0
22.088,-0.0017989749780482,45,0
22.09,-0.0010452780780482,45,0
22.092,-0.0006767241780482,45,0
22.094,-0.0009346913380482,45,0
22.096,-0.0011926584980482,45,0
22.098,-0.0014506256580482,45,0
22.1,-0.0017085928180482,45,0
22.102,-0.0019665599780482,45,0
22.104,-0.0006814915780482,45,0
22.106,-0.0007038523780482,45,0
22.108,-0.0007262131780482,45,0
22.11,-0.0004791069780482,45,0
22.112,-0.0007104620030482,45,0
22.114,-0.0009418170280482,45,0
22.116,-0.0011731720530482,45,0
22.118,-0.0014045270780482,45,0
22.12,-0.0007724593780482,45,0
22.122,-0.0006962535780482,45,0
22.124,-0.0005174397780482,45,0
22.126,-0.0007813438030482,45,0
22.128,-0.0010452478280482,45,0
22.13,-0.0013091518530482,45,0
22.132,-0.0015730558780482,45,0
22.134,-0.0008516175780482,45,0
22.136,-0.0006057213780482,45,0
22.138,-0.0009132670780482,45,0
22.14,-0.0009332199780482,45,0
22.142,-0.0009531728780482,45,0
22.144,-0.0009731257780482,45,0
22.146,-0.0009930786780482,45,0
22.148,-0.0006334424780482,45,0
22.15,-0.0006687865780482,45,0
22.152,-0.0010938313447148,45,0
22.154,-0.0015188761113815,45,0
22.156,-0.0019439208780482,45,0
22.158,-0.0011718682780482,45,0
22.16,-0.0006639828780482,45,0
22.162,-0.0007051470780482,45,0
22.164,-0.0004595654780482,45,0
22.166,-0.0019402182780482,45,0
22.168,-0.0017975925530482,45,0
22.17,-0.0016549668280482,45,0
22.172,-0.0015123411030482,45,0
22.174,-0.0013697153780482,45,0
22.176,-0.0007510544780482,45,0
22.178,-0.0010822798780482,45,0
22.18,-0.0014135052780482,45,0
22.182,-0.0014696412113815,45,0
22.184,-0.0015257771447148,45,0
22.186,-0.0015819130780482,45,0
22.188,-0.0012212241780482,45,0
22.19,-0.0008605352780482,45,0
22.192,-0.0006399159780482,45,0
22.194,-0.0005988606780482,45,0
22.196,-0.0009189298780482,45,0
22.198,-0.0011974234780482,45,0
22.2,-0.0014759170780482,45,0
22.202,-0.0017544106780482,45,0
22.204,-0.0009697014780482,45,0
22.206,-0.0006080203780482,45,0
22.208,-0.0006494144780482,45,0
22.21,-0.0013013685280482,45,0
22.212,-0.0019533225780482,45,0
22.214,-0.0012092572780482,45,0
22.216,-0.0006793740780482,45,0
22.218,-0.0006883280780482,45,0
22.22,-0.0005759069780482,45,0
22.222,-0.0004634858780482,45,0
22.224,-0.0019427350780482,45,0
22.226,-0.0018054666280482,45,0
22.228,-0.0016681981780482,45,0
22.23,-0.0015309297280482,45,0
22.232,-0.0013936612780482,45,0
22.234,-0.0007457546780482,45,0
22.236,-0.0006547263780482,45,0
22.238,-0.0014298644780482,45,0
22.24,-0.0014718030780482,45,0
22.242,-0.0015137416780482,45,0
22.244,-0.0015556802780482,45,0
22.246,-0.0015976188780482,45,0
22.248,-0.0008889097780482,45,0
22.25,-0.0006566502780482,45,0
22.252,-0.0006222378780482,45,0
22.254,-0.0009436501780482,45,0
22.256,-0.0013698787280482,45,0
22.258,-0.0017961072780482,45,0
22.26,-0.0011984943280482,45,0
22.262,-0.0006008813780482,45,0
22.264,-0.0008248100280482,45,0
22.266,-0.0010487386780482,45,0
22.268,-0.0012726673280482,45,0
22.27,-0.0014965959780482,45,0
22.272,-0.0017205246280482,45,0
22.274,-0.0019444532780482,45,0
22.276,-0.0006510479780482,45,0
22.278,-0.0006587254280482,45,0
22.28,-0.0006664028780482,45,0
22.282,-0.0004813454780482,45,0
22.284,-0.0007711243447148,45,0
22.286,-0.0010609032113815,45,0
22.288,-0.0013506820780482,45,0
22.29,-0.0006420818780482,45,0
22.292,-0.0005601225280482,45,0
22.294,-0.0004781631780482,45,0
22.296,-0.0009505532280482,45,0
22.298,-0.0014229432780482,45,0
22.3,-0.0014745134780482,45,0
22.302,-0.0015260836780482,45,0
22.304,-0.0015776538780482,45,0
22.306,-0.0008547393780482,45,0
22.308,-0.0006394440780482,45,0
22.31,-0.0006070765780482,45,0
22.312,-0.0009009160030482,45,0
22.314,-0.0011947554280482,45,0
22.316,-0.0014885948530482,45,0
22.318,-0.0017824342780482,45,0
22.32,-0.0010294391780482,45,0
22.322,-0.0006396013780482,45,0
22.324,-0.0006065078780482,45,0
22.326,-0.0009488713280482,45,0
22.328,-0.0012912347780482,45,0
22.33,-0.0016335982280482,45,0
22.332,-0.0019759616780482,45,0
22.334,-0.0006531775780482,45,0
22.336,-0.0005660152280482,45,0
22.338,-0.0004788528780482,45,0
22.34,-0.0012170073280482,45,0
22.342,-0.0019551617780482,45,0
22.344,-0.0017638325447148,45,0
22.346,-0.0015725033113815,45,0
22.348,-0.0013811740780482,45,0
22.35,-0.0007204535780482,45,0
22.352,-0.0004864395780482,45,0
22.354,-0.0009511279780482,45,0
22.356,-0.0014158163780482,45,0
22.358,-0.0014714239447148,45,0
22.36,-0.0015270315113815,45,0
22.362,-0.0015826390780482,45,0
22.364,-0.0008269819780482,45,0
22.366,-0.0006153166780482,45,0
22.368,-0.0005881884780482,45,0
22.37,-0.0009153119780482,45,0
22.372,-0.0008347784113815,45,0
22.374,-0.0007542448447148,45,0
22.376,-0.0006737112780482,45,0
22.378,-0.0006459014447148,45,0
22.38,-0.0006180916113815,45,0
22.382,-0.0005902817780482,45,0
22.384,-0.0010361304780482,45,0
22.386,-0.0014819791780482,45,0
22.388,-0.0019278278780482,45,0
22.39,-0.0015406520780482,45,0
22.392,-0.0011534762780482,45,0
22.394,-0.0006492087780482,45,0
22.396,-0.0006868276780482,45,0
22.398,-0.0004670190780482,45,0
22.4,-0.0019597718780482,45,0
22.402,-0.0017619610780482,45,0
22.404,-0.0015641502780482,45,0
22.406,-0.0013663394780482,45,0
22.408,-0.0007154078780482,45,0
22.41,-0.0004993986780482,45,0
22.412,-0.0005223693180482,45,0
22.414,-0.0005453399580482,45,0
22.416,-0.0005683105980482,45,0
22.418,-0.0005912812380482,45,0
22.42,-0.0006142518780482,45,0
22.422,-0.0006061973113815,45,0
22.424,-0.0005981427447148,45,0
22.426,-0.0005900881780482,45,0
22.428,-0.0009444608780482,45,0
22.43,-0.0012295247780482,45,0
22.432,-0.0015145886780482,45,0
22.434,-0.0017996525780482,45,0
22.436,-0.0010104905780482,45,0
22.438,-0.0006795313780482,45,0
22.44,-0.0006083833780482,45,0
22.442,-0.0009530307030482,45,0
22.444,-0.0012976780280482,45,0
22.446,-0.0016423253530482,45,0
22.448,-0.0019869726780482,45,0
22.45,-0.0006562509780482,45,0
22.452,-0.0005616531780482,45,0
22.454,-0.0004670553780482,45,0
22.456,-0.0006906028780482,45,0
22.458,-0.0009141503780482,45,0
22.46,-0.0011376978780482,45,0
22.462,-0.0013612453780482,45,0
22.464,-0.0007135202780482,45,0
22.466,-0.0006822417780482,45,0
22.468,-0.0006509632780482,45,0
22.47,-0.0004851932780482,45,0
22.472,-0.0014320061780482,45,0
22.474,-0.0014821848780482,45,0
22.476,-0.0015323635780482,45,0
22.478,-0.0015825422780482,45,0
22.48,-0.0008246829780482,45,0
22.482,-0.0006280821780482,45,0
22.484,-0.0009544070780482,45,0
22.486,-0.0011624877530482,45,0
22.488,-0.0013705684280482,45,0
22.49,-0.0015786491030482,45,0
22.492,-0.0017867297780482,45,0
22.494,-0.0009850200780482,45,0
22.496,-0.0006227218780482,45,0
22.498,-0.0006676612780482,45,0
22.5,-0.0005864702780482,46,0
22.502,-0.0012700416280482,46,0
22.504,-0.0019536129780482,46,0
22.506,-0.0011839561780482,46,0
22.508,-0.0006687018780482,46,0
22.51,-0.0006826047780482,46,0
22.512,-0.0006965076780482,46,0
22.514,-0.0004689913780482,46,0
22.516,-0.0019590821780482,46,0
22.518,-0.0016677988780482,46,0
22.52,-0.0013765155780482,46,0
22.522,-0.0010513280780482,46,0
22.524,-0.0007261405780482,46,0
22.526,-0.0006625308780482,46,0
22.528,-0.0014513903780482,46,0
22.53,-0.0014808690030482,46,0
22.532,-0.0015103476280482,46,0
22.534,-0.0015398262530482,46,0
22.536,-0.0015693048780482,46,0
22.538,-0.0006303448780482,46,0
22.54,-0.0006095933780482,46,0
22.542,-0.0005888418780482,46,0
22.544,-0.0009472075780482,46,0
22.546,-0.0012215307113815,46,0
22.548,-0.0014958538447148,46,0
22.55,-0.0017701769780482,46,0
22.552,-0.0009978581780482,46,0
22.554,-0.0006310345780482,46,0
22.556,-0.0006851457780482,46,0
22.558,-0.0006239802780482,46,0
22.56,-0.0012826679780482,46,0
22.562,-0.0019413556780482,46,0
22.564,-0.0015595825280482,46,0
22.566,-0.0011778093780482,46,0
22.568,-0.0006803057780482,46,0
22.57,-0.0004680233780482,46,0
22.572,-0.0006468323380482,46,0
22.574,-0.0008256412980482,46,0
22.576,-0.0010044502580482,46,0
22.578,-0.0011832592180482,46,0
22.58,-0.0013620681780482,46,0
22.582,-0.0007156498780482,46,0
22.584,-0.0006613329780482,46,0
22.586,-0.0004827369780482,46,0
22.588,-0.0014677011780482,46,0
22.59,-0.0014955916780482,46,0
22.592,-0.0015234821780482,46,0
22.594,-0.0015513726780482,46,0
22.596,-0.0008093643780482,46,0
22.598,-0.0006174341780482,46,0
22.6,-0.0005630325780482,46,0
22.602,-0.0009529187780482,46,0
22.604,-0.0009618667280482,46,0
22.606,-0.0009708146780482,46,0
22.608,-0.0006084922780482,46,0
22.61,-0.0006368062780482,46,0
22.612,-0.0006100047780482,46,0
22.614,-0.0008763112580482,46,0
22.616,-0.0011426177380482,46,0
22.618,-0.0014089242180482,46,0
22.62,-0.0016752306980482,46,0
22.622,-0.0019415371780482,46,0
22.624,-0.0011900787780482,46,0
22.626,-0.0006872390780482,46,0
22.628,-0.0007129273780482,46,0
22.63,-0.0004682048780482,46,0
22.632,-0.0007711646780482,46,0
22.634,-0.0010741244780482,46,0
22.636,-0.0013770842780482,46,0
22.638,-0.0010319862280482,46,0
22.64,-0.0006868881780482,46,0
22.642,-0.0004889684780482,46,0
22.644,-0.0014960393780482,46,0
22.646,-0.0015194932113815,46,0
22.648,-0.0015429470447148,46,0
22.65,-0.0015664008780482,46,0
22.652,-0.0008353188780482,46,0
22.654,-0.0007262555280482,46,0
22.656,-0.0006171921780482,46,0
22.658,-0.0005492869780482,46,0
22.66,-0.0009306184780482,46,0
22.662,-0.0013245339780482,46,0
22.664,-0.0017184494780482,46,0
22.666,-0.0009490588780482,46,0
22.668,-0.0005578053780482,46,0
22.67,-0.0008250629180482,46,0
22.672,-0.0010923204580482,46,0
22.674,-0.0013595779980482,46,0
22.676,-0.0016268355380482,46,0
22.678,-0.0018940930780482,46,0
22.68,-0.0006272351780482,46,0
22.682,-0.0006322990280482,46,0
22.684,-0.0006373628780482,46,0
22.686,-0.0005304714780482,46,0
22.688,-0.0004235800780482,46,0
22.69,-0.0007176463780482,46,0
22.692,-0.0010117126780482,46,0
22.694,-0.0013057789780482,46,0
22.696,-0.0009626350780482,46,0
22.698,-0.0006194911780482,46,0
22.7,-0.0004310578780482,46,0
22.702,-0.0009246047780482,46,0
22.704,-0.0014181516780482,46,0
22.706,-0.0014563695280482,46,0
22.708,-0.0014945873780482,46,0
22.71,-0.0010331538780482,46,0
22.712,-0.0005717203780482,46,0
22.714,-0.0009078825780482,46,0
22.716,-0.0010653156780482,46,0
22.718,-0.0012227487780482,46,0
22.72,-0.0013801818780482,46,0
22.722,-0.0015376149780482,46,0
22.724,-0.0016950480780482,46,0
22.726,-0.0009169575780482,46,0
22.728,-0.0005526144780482,46,0
22.73,-0.0005727125780482,46,0
22.732,-0.0009985882113815,46,0
22.734,-0.0014244638447148,46,0
22.736,-0.0018503394780482,46,0
22.738,-0.0014780285280482,46,0
22.74,-0.0011057175780482,46,0
22.742,-0.0006312886780482,46,0
22.744,-0.0003743088780482,46,0
22.746,-0.0019228789780482,46,0
22.748,-0.0016064518780482,46,0
22.75,-0.0012900247780482,46,0
22.752,-0.0009735976780482,46,0
22.754,-0.0006571705780482,46,0
22.756,-0.0006314459780482,46,0
22.758,-0.0006057213780482,46,0
22.76,-0.0004405805780482,46,0
22.762,-0.0014555890780482,46,0
22.764,-0.0015282495780482,46,0
22.766,-0.0016009100780482,46,0
22.768,-0.0016735705780482,46,0
22.77,-0.0009199825780482,46,0
22.772,-0.0006247304780482,46,0
22.774,-0.0010055295780482,46,0
22.776,-0.0012371871030482,46,0
22.778,-0.0014688446280482,46,0
22.78,-0.0017005021530482,46,0
22.782,-0.0019321596780482,46,0
22.784,-0.0012217565780482,46,0
22.786,-0.0008731434780482,46,0
22.788,-0.0009339217780482,46,0
22.79,-0.0011420569030482,46,0
22.792,-0.0013501920280482,46,0
22.794,-0.0015583271530482,46,0
22.796,-0.0017664622780482,46,0
22.798,-0.0014651601780482,46,0
22.8,-0.0011638580780482,46,0
22.802,-0.0010061103780482,46,0
22.804,-0.0010571340613815,46,0
22.806,-0.0011081577447148,46,0
22.808,-0.0011591814280482,46,0
22.81,-0.0012102051113815,46,0
22.812,-0.0012612287947148,46,0
22.814,-0.0013122524780482,46,0
22.816,-0.0012100800780482,46,0
22.818,-0.0011079076780482,46,0
22.82,-0.0011164623780482,46,0
22.822,-0.0011250170780482,46,0
22.824,-0.0011335717780482,46,0
22.826,-0.0011421264780482,46,0
22.828,-0.0011506811780482,46,0
22.83,-0.0010769316780482,46,0
22.832,-0.0012574031780482,46,0
22.834,-0.0014378746780482,46,0
22.836,-0.0014166472447148,46,0
22.838,-0.0013954198113815,46,0
22.84,-0.0013741923780482,46,0
22.842,-0.0009841730780482,46,0
22.844,-0.0009896664780482,46,0
22.846,-0.0009951598780482,46,0
22.848,-0.0009224509780482,46,0
22.85,-0.0010340069280482,46,0
22.852,-0.0011455628780482,46,0
22.854,-0.0012571188280482,46,0
22.856,-0.0013686747780482,46,0
22.858,-0.0008075130780482,46,0
22.86,-0.0008403524780482,46,0
22.862,-0.0005848367780482,46,0
22.864,-0.0008812262780482,46,0
22.866,-0.0011776157780482,46,0
22.868,-0.0014740052780482,46,0
22.87,-0.0007816553780482,46,0
22.872,-0.0007131088780482,46,0
22.874,-0.0006150867780482,46,0
22.876,-0.0005170646780482,46,0
22.878,-0.0015112369780482,46,0
22.88,-0.0015158753113815,46,0
22.882,-0.0015205136447148,46,0
22.884,-0.0015251519780482,46,0
22.886,-0.0007709589780482,46,0
22.888,-0.0005667230780482,46,0
22.89,-0.0005187465780482,46,0
22.892,-0.0009064789780482,46,0
22.894,-0.0011498745113815,46,0
22.896,-0.0013932700447148,46,0
22.898,-0.0016366655780482,46,0
22.9,-0.0008726352780482,46,0
22.902,-0.0006896893280482,46,0
22.904,-0.0005067433780482,46,0
22.906,-0.0009289446447148,46,0
22.908,-0.0013511459113815,46,0
22.91,-0.0017733471780482,46,0
22.912,-0.0010010283780482,46,0
22.914,-0.0004839469780482,46,0
22.916,-0.0005577448780482,46,0
22.918,-0.0003418445780482,46,0
22.92,-0.0018758704780482,46,0
22.922,-0.0015620690780482,46,0
22.924,-0.0012482676780482,46,0
22.926,-0.0009143439780482,46,0
22.928,-0.0005804202780482,46,0
22.93,-0.0005263211780482,46,0
22.932,-0.0013402760780482,46,0
22.934,-0.0013593638280482,46,0
22.936,-0.0013784515780482,46,0
22.938,-0.0013975393280482,46,0
22.94,-0.0014166270780482,46,0
22.942,-0.0007108703780482,46,0
22.944,-0.0005558572780482,46,0
22.946,-0.0009077978780482,46,0
22.948,-0.0011039509780482,46,0
22.95,-0.0013001040780482,46,0
22.952,-0.0014962571780482,46,0
22.954,-0.0016924102780482,46,0
22.956,-0.0008845658780482,46,0
22.958,-0.0006221410780482,46,0
22.96,-0.0006239379280482,46,0
22.962,-0.0006257347780482,46,0
22.964,-0.0010277532447148,46,0
22.966,-0.0014297717113815,46,0
22.968,-0.0018317901780482,46,0
22.97,-0.0011335717780482,46,0
22.972,-0.0007012629780482,46,0
22.974,-0.0004929614780482,46,0
22.976,-0.0007195000980482,46,0
22.978,-0.0009460387180482,46,0
22.98,-0.0011725773380482,46,0
22.982,-0.0013991159580482,46,0
22.984,-0.0016256545780482,46,0
22.986,-0.0010439712780482,46,0
22.988,-0.0009493492780482,46,0
22.99,-0.0008243199780482,46,0
22.992,-0.0019016192780482,46,0
22.994,-0.0016949472447148,46,0
22.996,-0.0014882752113815,46,0
22.998,-0.0012816031780482,46,0
23.0,-0.0012623682113815,47,0
23.002,-0.0012431332447148,47,0
23.004,-0.0012238982780482,47,0
23.006,-0.0016723121780482,47,0
23.008,-0.0015906008780482,47,0
23.01,-0.0015088895780482,47,0
23.012,-0.0014271782780482,47,0
23.014,-0.0013454669780482,47,0
23.016,-0.0013943630780482,47,0
23.018,-0.0013704353280482,47,0
23.02,-0.0013465075780482,47,0
23.022,-0.0014970830030482,47,0
23.024,-0.0016476584280482,47,0
23.026,-0.0017982338530482,47,0
23.028,-0.0019488092780482,47,0
23.03,-0.0014157316780482,47,0
23.032,-0.0011808585780482,47,0
23.034,-0.0012106951613815,47,0
23.036,-0.0012405317447148,47,0
23.038,-0.0012703683280482,47,0
23.04,-0.0013002049113815,47,0
23.042,-0.0013300414947148,47,0
23.044,-0.0013598780780482,47,0
23.046,-0.0012985189780482,47,0
23.048,-0.0010850628780482,47,0
23.05,-0.0011327029980482,47,0
23.052,-0.0011803431180482,47,0
23.054,-0.0012279832380482,47,0
23.056,-0.0012756233580482,47,0
23.058,-0.0013232634780482,47,0
23.06,-0.0010063402780482,47,0
23.062,-0.0010706457280482,47,0
23.064,-0.0011349511780482,47,0
23.066,-0.0011992566280482,47,0
23.068,-0.0012635620780482,47,0
23.07,-0.0013278675280482,47,0
23.072,-0.0013921729780482,47,0
23.074,-0.0010144351780482,47,0
23.076,-0.0008995093780482,47,0
23.078,-0.0010267378530482,47,0
23.08,-0.0011539663280482,47,0
23.082,-0.0012811948030482,47,0
23.084,-0.0014084232780482,47,0
23.086,-0.0011559083780482,47,0
23.088,-0.0009033934780482,47,0
23.09,-0.0009223904780482,47,0
23.092,-0.0006814673780482,47,0
23.094,-0.0007490368030482,47,0
23.096,-0.0008166062280482,47,0
23.098,-0.0008841756530482,47,0
23.1,-0.0009517450780482,47,0
23.102,-0.0006333093780482,47,0
23.104,-0.0011722191780482,47,0
23.106,-0.0017111289780482,47,0
23.108,-0.0017340070530482,47,0
23.11,-0.0017568851280482,47,0
23.112,-0.0017797632030482,47,0
23.114,-0.0018026412780482,47,0
23.116,-0.0010868415780482,47,0
23.118,-0.0009125168780482,47,0
23.12,-0.0008855822780482,47,0
23.122,-0.0013073640780482,47,0
23.124,-0.0013245672530482,47,0
23.126,-0.0013417704280482,47,0
23.128,-0.0013589736030482,47,0
23.13,-0.0013761767780482,47,0
23.132,-0.0010931214780482,47,0
23.134,-0.0011958020780482,47,0
23.136,-0.0011972782780482,47,0
23.138,-0.0013814796030482,47,0
23.14,-0.0015656809280482,47,0
23.142,-0.0017498822530482,47,0
23.144,-0.0019340835780482,47,0
23.146,-0.0014232941780482,47,0
23.148,-0.0014354546780482,47,0
23.15,-0.0012027595780482,47,0
23.152,-0.0012647285180482,47,0
23.154,-0.0013266974580482,47,0
23.156,-0.0013886663980482,47,0
23.158,-0.0014506353380482,47,0
23.16,-0.0015126042780482,47,0
23.162,-0.0011975081780482,47,0
23.164,-0.0012589664980482,47,0
23.166,-0.0013204248180482,47,0
23.168,-0.0013818831380482,47,0
23.17,-0.0014433414580482,47,0
23.172,-0.0015047997780482,47,0
23.174,-0.0013737688780482,47,0
23.176,-0.0012427379780482,47,0
23.178,-0.0011200802780482,47,0
23.18,-0.0015148427780482,47,0
23.182,-0.0015022164280482,47,0
23.184,-0.0014895900780482,47,0
23.186,-0.0014769637280482,47,0
23.188,-0.0014643373780482,47,0
23.19,-0.0010706033780482,47,0
23.192,-0.0010496340780482,47,0
23.194,-0.0009773728780482,47,0
23.196,-0.0011007021280482,47,0
23.198,-0.0012240313780482,47,0
23.2,-0.0013473606280482,47,0
23.202,-0.0014706898780482,47,0
23.204,-0.0009587630780482,47,0
23.206,-0.0007054011780482,47,0
23.208,-0.0008809745980482,47,0
23.21,-0.0010565480180482,47,0
23.212,-0.0012321214380482,47,0
23.214,-0.0014076948580482,47,0
23.216,-0.0015832682780482,47,0
23.218,-0.0009415326780482,47,0
23.22,-0.0008733128780482,47,0
23.222,-0.0006525483780482,47,0
23.224,-0.0016780838780482,47,0
23.226,-0.0016852833780482,47,0
23.228,-0.0016924828780482,47,0
23.23,-0.0016996823780482,47,0
23.232,-0.0009817893780482,47,0
23.234,-0.0007831678780482,47,0
23.236,-0.0007071919780482,47,0
23.238,-0.0011233109780482,47,0
23.24,-0.0013573290113815,47,0
23.242,-0.0015913470447148,47,0
23.244,-0.0018253650780482,47,0
23.246,-0.0010638515780482,47,0
23.248,-0.0007359415780482,47,0
23.25,-0.0007148996780482,47,0
23.252,-0.0006938577780482,47,0
23.254,-0.0011111383780482,47,0
23.256,-0.0015284189780482,47,0
23.258,-0.0019456995780482,47,0
23.26,-0.0011923414780482,47,0
23.262,-0.0007212400780482,47,0
23.264,-0.0006053644280482,47,0
23.266,-0.0004894887780482,47,0
23.268,-0.0007936908447148,47,0
23.27,-0.0010978929113815,47,0
23.272,-0.0014020949780482,47,0
23.274,-0.0010870956780482,47,0
23.276,-0.0007720963780482,47,0
23.278,-0.0007015412780482,47,0
23.28,-0.0005202348780482,47,0
23.282,-0.0015249341780482,47,0
23.284,-0.0015393614113815,47,0
23.286,-0.0015537886447148,47,0
23.288,-0.0015682158780482,47,0
23.29,-0.0008438372780482,47,0
23.292,-0.0005561960780482,47,0
23.294,-0.0009759934780482,47,0
23.296,-0.0011680416530482,47,0
23.298,-0.0013600898280482,47,0
23.3,-0.0015521380030482,47,0
23.302,-0.0017441861780482,47,0
23.304,-0.0009790547780482,47,0
23.306,-0.0006483617780482,47,0
23.308,-0.0006079114780482,47,0
23.31,-0.0009276328030482,47,0
23.312,-0.0012473541280482,47,0
23.314,-0.0015670754530482,47,0
23.316,-0.0018867967780482,47,0
23.318,-0.0011390893780482,47,0
23.32,-0.0006369756780482,47,0
23.322,-0.0006772565780482,47,0
23.324,-0.0004463885780482,47,0
23.326,-0.0006690406780482,47,0
23.328,-0.0008916927780482,47,0
23.33,-0.0011143448780482,47,0
23.332,-0.0013369969780482,47,0
23.334,-0.0007263583780482,47,0
23.336,-0.0006693552780482,47,0
23.338,-0.0004670190780482,47,0
23.34,-0.0014953012780482,47,0
23.342,-0.0015168029780482,47,0
23.344,-0.0015383046780482,47,0
23.346,-0.0015598063780482,47,0
23.348,-0.0008275385780482,47,0
23.35,-0.0005571882780482,47,0
23.352,-0.0007669599280482,47,0
23.354,-0.0009767315780482,47,0
23.356,-0.0012195624447148,47,0
23.358,-0.0014623933113815,47,0
23.36,-0.0017052241780482,47,0
23.362,-0.0009526767780482,47,0
23.364,-0.0005924597780482,47,0
23.366,-0.0006305505780482,47,0
23.368,-0.0009467750030482,47,0
23.37,-0.0012629994280482,47,0
23.372,-0.0015792238530482,47,0
23.374,-0.0018954482780482,47,0
23.376,-0.0011706461780482,47,0
23.378,-0.0006746187780482,47,0
23.38,-0.0005645269280482,47,0
23.382,-0.0004544350780482,47,0
23.384,-0.0006768693780482,47,0
23.386,-0.0008993036780482,47,0
23.388,-0.0011217379780482,47,0
23.39,-0.0013441722780482,47,0
23.392,-0.0007062723780482,47,0
23.394,-0.0006426142780482,47,0
23.396,-0.0004533218780482,47,0
23.398,-0.0014649302780482,47,0
23.4,-0.0014831609447148,47,0
23.402,-0.0015013916113815,47,0
23.404,-0.0015196222780482,47,0
23.406,-0.0007908271780482,47,0
23.408,-0.0005362915780482,47,0
23.41,-0.0007754940580482,47,0
23.412,-0.0010146965380482,47,0
23.414,-0.0012538990180482,47,0
23.416,-0.0014931014980482,47,0
23.418,-0.0017323039780482,47,0
23.42,-0.0009687213780482,47,0
23.422,-0.0006387906780482,47,0
23.424,-0.0005904027780482,47,0
23.426,-0.0009173689780482,47,0
23.428,-0.0012443351780482,47,0
23.43,-0.0015713013780482,47,0
23.432,-0.0018982675780482,47,0
23.434,-0.0011625391780482,47,0
23.436,-0.0006361891780482,47,0
23.438,-0.0006766636780482,47,0
23.44,-0.0004519908780482,47,0
23.442,-0.0019961081780482,47,0
23.444,-0.0016594740780482,47,0
23.446,-0.0013228399780482,47,0
23.448,-0.0006936036780482,47,0
23.45,-0.0006435338780482,47,0
23.452,-0.0005514286780482,47,0
23.454,-0.0004593234780482,47,0
23.456,-0.0014529633780482,47,0
23.458,-0.0014705971113815,47,0
23.46,-0.0014882308447148,47,0
23.462,-0.0015058645780482,47,0
23.464,-0.0007746857780482,47,0
23.466,-0.0006071249780482,47,0
23.468,-0.0005679693780482,47,0
23.47,-0.0009549394780482,47,0
23.472,-0.0012129477780482,47,0
23.474,-0.0014709560780482,47,0
23.476,-0.0017289643780482,47,0
23.478,-0.0009517450780482,47,0
23.48,-0.0006396618780482,47,0
23.482,-0.0005991510780482,47,0
23.484,-0.0009179981780482,47,0
23.486,-0.0012368452780482,47,0
23.488,-0.0015556923780482,47,0
23.49,-0.0018745394780482,47,0
23.492,-0.0011486725780482,47,0
23.494,-0.0006273803780482,47,0
23.496,-0.0006652533780482,47,0
23.498,-0.0004456625780482,47,0
23.5,-0.0006705380530482,48,0
23.502,-0.0008954135280482,48,0
23.504,-0.0011202890030482,48,0
23.506,-0.0013451644780482,48,0
23.508,-0.0006988429780482,48,0
23.51,-0.0006376653780482,48,0
23.512,-0.0004604003780482,48,0
23.514,-0.0014625102780482,48,0
23.516,-0.0014827858447148,48,0
23.518,-0.0015030614113815,48,0
23.52,-0.0015233369780482,48,0
23.522,-0.0008067870780482,48,0
23.524,-0.0005902212780482,48,0
23.526,-0.0005265026780482,48,0
23.528,-0.0009387254780482,48,0
23.53,-0.0013174131280482,48,0
23.532,-0.0016961007780482,48,0
23.534,-0.0013139404280482,48,0
23.536,-0.0009317800780482,48,0
23.538,-0.0005944320780482,48,0
23.54,-0.0006274045780482,48,0
23.542,-0.0005768991780482,48,0
23.544,-0.0010076712780482,48,0
23.546,-0.0014384433780482,48,0
23.548,-0.0018692154780482,48,0
23.55,-0.0011119369780482,48,0
23.552,-0.0006079477780482,48,0
23.554,-0.0006571342780482,48,0
23.556,-0.0019601711780482,48,0
23.558,-0.0016357369030482,48,0
23.56,-0.0013113026280482,48,0
23.562,-0.0009868683530482,48,0
23.564,-0.0006624340780482,48,0
23.566,-0.0006329463780482,48,0
23.568,-0.0005302718280482,48,0
23.57,-0.0004275972780482,48,0
23.572,-0.0014321029780482,48,0
23.574,-0.0014655473780482,48,0
23.576,-0.0014989917780482,48,0
23.578,-0.0015324361780482,48,0
23.58,-0.0007754480780482,48,0
23.582,-0.0006071007780482,48,0
23.584,-0.0005396553780482,48,0
23.586,-0.0009175746780482,48,0
23.588,-0.0011826130780482,48,0
23.59,-0.0014476514780482,48,0
23.592,-0.0017126898780482,48,0
23.594,-0.0009482602780482,48,0
23.596,-0.0006041846780482,48,0
23.598,-0.0005773226780482,48,0
23.6,-0.0018845703780482,48,0
23.602,-0.0011187734780482,48,0
23.604,-0.0010062888530482,48,0
23.606,-0.0008938042280482,48,0
23.608,-0.0007813196030482,48,0
23.61,-0.0006688349780482,48,0
23.612,-0.0004417058780482,48,0
23.614,-0.0011972359280482,48,0
23.616,-0.0019527659780482,48,0
23.618,-0.0017345182780482,48,0
23.62,-0.0015162705780482,48,0
23.622,-0.0012980228780482,48,0
23.624,-0.0006215481780482,48,0
23.626,-0.0005228847780482,48,0
23.628,-0.0004242213780482,48,0
23.63,-0.0009654120280482,48,0
23.632,-0.0015066026780482,48,0
23.634,-0.0007877900780482,48,0
23.636,-0.0006950072780482,48,0
23.638,-0.0006022244780482,48,0
23.64,-0.0005340651780482,48,0
23.642,-0.0009344783780482,48,0
23.644,-0.0011274128780482,48,0
23.646,-0.0013203473780482,48,0
23.648,-0.0015132818780482,48,0
23.65,-0.0017062163780482,48,0
23.652,-0.0005909956780482,48,0
23.654,-0.0006385849780482,48,0
23.656,-0.0005832153780482,48,0
23.658,-0.0007125855530482,48,0
23.66,-0.0008419557280482,48,0
23.662,-0.0009713259030482,48,0
23.664,-0.0011006960780482,48,0
23.666,-0.0008571109780482,48,0
23.668,-0.0006135258780482,48,0
23.67,-0.0004477074780482,48,0
23.672,-0.0019527901780482,48,0
23.674,-0.0017995769530482,48,0
23.676,-0.0016463637280482,48,0
23.678,-0.0014931505030482,48,0
23.68,-0.0013399372780482,48,0
23.682,-0.0006883764780482,48,0
23.684,-0.0006389479780482,48,0
23.686,-0.0004574721780482,48,0
23.688,-0.0007205806280482,48,0
23.69,-0.0009836890780482,48,0
23.692,-0.0012467975280482,48,0
23.694,-0.0015099059780482,48,0
23.696,-0.0005974570780482,48,0
23.698,-0.0005758283280482,48,0
23.7,-0.0005541995780482,48,0
23.702,-0.0009518781780482,48,0
23.704,-0.0012067888780482,48,0
23.706,-0.0014616995780482,48,0
23.708,-0.0017166102780482,48,0
23.71,-0.0006112389780482,48,0
23.712,-0.0005576964780482,48,0
23.714,-0.0010005282447148,48,0
23.716,-0.0014433600113815,48,0
23.718,-0.0018861917780482,48,0
23.72,-0.0015022769280482,48,0
23.722,-0.0011183620780482,48,0
23.724,-0.0008739602280482,48,0
23.726,-0.0006295583780482,48,0
23.728,-0.0004093262780482,48,0
23.73,-0.0019621555780482,48,0
23.732,-0.0017995497280482,48,0
23.734,-0.0016369438780482,48,0
23.736,-0.0014743380280482,48,0
23.738,-0.0013117321780482,48,0
23.74,-0.0004519666780482,48,0
23.742,-0.0009477823280482,48,0
23.744,-0.0014435979780482,48,0
23.746,-0.0014660828030482,48,0
23.748,-0.0014885676280482,48,0
23.75,-0.0015110524530482,48,0
23.752,-0.0015335372780482,48,0
23.754,-0.0007852611780482,48,0
23.756,-0.0005084494780482,48,0
23.758,-0.0009091288780482,48,0
23.76,-0.0011134494780482,48,0
23.762,-0.0013177700780482,48,0
23.764,-0.0015220906780482,48,0
23.766,-0.0017264112780482,48,0
23.768,-0.0009593801780482,48,0
23.77,-0.0006044992780482,48,0
23.772,-0.0006513020780482,48,0
23.774,-0.0005656340780482,48,0
23.776,-0.0010091797447148,48,0
23.778,-0.0014527254113815,48,0
23.78,-0.0018962710780482,48,0
23.782,-0.0011196567780482,48,0
23.784,-0.0006116019780482,48,0
23.786,-0.0006462321780482,48,0
23.788,-0.0004374708780482,48,0
23.79,-0.0019724405780482,48,0
23.792,-0.0016606659280482,48,0
23.794,-0.0013488912780482,48,0
23.796,-0.0010355678280482,48,0
23.798,-0.0007222443780482,48,0
23.8,-0.0006562267780482,48,0
23.802,-0.0004504904780482,48,0
23.804,-0.0014252180780482,48,0
23.806,-0.0014574121447148,48,0
23.808,-0.0014896062113815,48,0
23.81,-0.0015218002780482,48,0
23.812,-0.0008044517780482,48,0
23.814,-0.0006123037780482,48,0
23.816,-0.0005467338780482,48,0
23.818,-0.0009401653780482,48,0
23.82,-0.0011963304447148,48,0
23.822,-0.0014524955113815,48,0
23.824,-0.0017086605780482,48,0
23.826,-0.0009628286780482,48,0
23.828,-0.0006350880780482,48,0
23.83,-0.0005808437780482,48,0
23.832,-0.0012414735280482,48,0
23.834,-0.0019021032780482,48,0
23.836,-0.0015234700780482,48,0
23.838,-0.0011448368780482,48,0
23.84,-0.0009058437280482,48,0
23.842,-0.0006668505780482,48,0
23.844,-0.0004552820780482,48,0
23.846,-0.0019969914780482,48,0
23.848,-0.0018328882530482,48,0
23.85,-0.0016687850280482,48,0
23.852,-0.0015046818030482,48,0
23.854,-0.0013405785780482,48,0
23.856,-0.0007143793780482,48,0
23.858,-0.0006482044780482,48,0
23.86,-0.0004828216780482,48,0
23.862,-0.0014761711780482,48,0
23.864,-0.0014996371113815,48,0
23.866,-0.0015231030447148,48,0
23.868,-0.0015465689780482,48,0
23.87,-0.0008229284780482,48,0
23.872,-0.0006009418780482,48,0
23.874,-0.0005588459780482,48,0
23.876,-0.0009501599780482,48,0
23.878,-0.0013549352280482,48,0
23.88,-0.0017597104780482,48,0
23.882,-0.0009910579780482,48,0
23.884,-0.0006078388780482,48,0
23.886,-0.0006196968780482,48,0
23.888,-0.0006315548780482,48,0
23.89,-0.0005966826780482,48,0
23.892,-0.0010422369447148,48,0
23.894,-0.0014877912113815,48,0
23.896,-0.0019333454780482,48,0
23.898,-0.0011942895780482,48,0
23.9,-0.0006677580780482,48,0
23.902,-0.0006683388780482,48,0
23.904,-0.0008383953030482,48,0
23.906,-0.0010084517280482,48,0
23.908,-0.0011785081530482,48,0
23.91,-0.0013485645780482,48,0
23.912,-0.0007113180780482,48,0
23.914,-0.0006847162280482,48,0
23.916,-0.0006581143780482,48,0
23.918,-0.0004953451780482,48,0
23.92,-0.0014510152780482,48,0
23.922,-0.0014858753780482,48,0
23.924,-0.0015207354780482,48,0
23.926,-0.0015555955780482,48,0
23.928,-0.0008386463780482,48,0
23.93,-0.0005989211780482,48,0
23.932,-0.0007897018780482,48,0
23.934,-0.0009804825780482,48,0
23.936,-0.0012345946780482,48,0
23.938,-0.0014887067780482,48,0
23.94,-0.0017428188780482,48,0
23.942,-0.0009665796780482,48,0
23.944,-0.0006145785780482,48,0
23.946,-0.0006440662780482,48,0
23.948,-0.0006016073780482,48,0
23.95,-0.0010458064447148,48,0
23.952,-0.0014900055113815,48,0
23.954,-0.0019342045780482,48,0
23.956,-0.0011619825780482,48,0
23.958,-0.0006378226780482,48,0
23.96,-0.0004476832780482,48,0
23.962,-0.0019656887780482,48,0
23.964,-0.0018163596530482,48,0
23.966,-0.0016670305280482,48,0
23.968,-0.0015177014030482,48,0
23.97,-0.0013683722780482,48,0
23.972,-0.0007218087780482,48,0
23.974,-0.0006238108780482,48,0
23.976,-0.0004496676780482,48,0
23.978,-0.0014219389780482,48,0
23.98,-0.0014727710780482,48,0
23.982,-0.0015236031780482,48,0
23.984,-0.0015744352780482,48,0
23.986,-0.0008232551780482,48,0
23.988,-0.0006022486780482,48,0
23.99,-0.0005581925780482,48,0
23.992,-0.0009342605780482,48,0
23.994,-0.0012067808113815,48,0
23.996,-0.0014793010447148,48,0
23.998,-0.0017518212780482,48,0
24.0,-0.0006015831780482,49,0
24.002,-0.0005856111780482,49,0
24.004,-0.0008602763380482,49,0
24.006,-0.0011349414980482,49,0
24.008,-0.0014096066580482,49,0
24.01,-0.0016842718180482,49,0
24.012,-0.0019589369780482,49,0
24.014,-0.0011674517780482,49,0
24.016,-0.0006324139780482,49,0
24.018,-0.0004390438780482,49,0
24.02,-0.0012031467780482,49,0
24.022,-0.0019672496780482,49,0
24.024,-0.0017709191113815,49,0
24.026,-0.0015745885447148,49,0
24.028,-0.0013782579780482,49,0
24.03,-0.0006643458780482,49,0
24.032,-0.0014481112780482,49,0
24.034,-0.0014933330113815,49,0
24.036,-0.0015385547447148,49,0
24.038,-0.0015837764780482,49,0
24.04,-0.0006360681780482,49,0
24.042,-0.0006243069780482,49,0
24.044,-0.0006125457780482,49,0
24.046,-0.0006007845780482,49,0
24.048,-0.0007759199780482,49,0
24.05,-0.0009510553780482,49,0
24.052,-0.0012241322113815,49,0
24.054,-0.0014972090447148,49,0
24.056,-0.0017702858780482,49,0
24.058,-0.0009765258780482,49,0
24.06,-0.0006621194780482,49,0
24.062,-0.0006010144780482,49,0
24.064,-0.0009342424280482,49,0
24.066,-0.0012674703780482,49,0
24.068,-0.0016006983280482,49,0
24.07,-0.0019339262780482,49,0
24.072,-0.0011529196780482,49,0
24.074,-0.0006233268780482,49,0
24.076,-0.0006550409780482,49,0
24.078,-0.0004412702780482,49,0
24.08,-0.0019329582780482,49,0
24.082,-0.0015243896780482,49,0
24.084,-0.0011158210780482,49,0
24.086,-0.0007072524780482,49,0
24.088,-0.0006751269780482,49,0
24.09,-0.0006430014780482,49,0
24.092,-0.0004873228780482,49,0
24.094,-0.0014245283780482,49,0
24.096,-0.0012282825113815,49,0
24.098,-0.0010320366447148,49,0
24.1,-0.0008357907780482,49,0
24.102,-0.0005846068780482,49,0
24.104,-0.0007007346113815,49,0
24.106,-0.0008168623447148,49,0
24.108,-0.0009329900780482,49,0
24.11,-0.0013462232280482,49,0
24.112,-0.0017594563780482,49,0
24.114,-0.0013700178780482,49,0
24.116,-0.0009805793780482,49,0
24.118,-0.0006192612780482,49,0
24.12,-0.0005784963780482,49,0
24.122,-0.0009116517280482,49,0
24.124,-0.0012448070780482,49,0
24.126,-0.0015779624280482,49,0
24.128,-0.0019111177780482,49,0
24.13,-0.0011557994780482,49,0
24.132,-0.0006299334780482,49,0
24.134,-0.0006718236780482,49,0
24.136,-0.0004541446780482,49,0
24.138,-0.0005178713447148,49,0
24.14,-0.0005815980113815,49,0
24.142,-0.0006453246780482,49,0
24.144,-0.0008391061780482,49,0
24.146,-0.0010328876780482,49,0
24.148,-0.0012266691780482,49,0
24.15,-0.0014204506780482,49,0
24.152,-0.0014586413030482,49,0
24.154,-0.0014968319280482,49,0
24.156,-0.0015350225530482,49,0
24.158,-0.0015732131780482,49,0
24.16,-0.0006212456780482,49,0
24.162,-0.0006014984780482,49,0
24.164,-0.0008884711530482,49,0
24.166,-0.0011754438280482,49,0
24.168,-0.0014624165030482,49,0
24.17,-0.0017493891780482,49,0
24.172,-0.0009652002780482,49,0
24.174,-0.0006681694780482,49,0
24.176,-0.0006205559780482,49,0
24.178,-0.0005729424780482,49,0
24.18,-0.0010309194113815,49,0
24.182,-0.0014888963447148,49,0
24.184,-0.0019468732780482,49,0
24.186,-0.0011603369780482,49,0
24.188,-0.0006489062780482,49,0
24.19,-0.0006867066780482,49,0
24.192,-0.0004661236780482,49,0
24.194,-0.0006950435780482,49,0
24.196,-0.0009239634780482,49,0
24.198,-0.0011528833780482,49,0
24.2,-0.0013818032780482,49,0
24.202,-0.0007374540780482,49,0
24.204,-0.0006647088780482,49,0
24.206,-0.0004885328780482,49,0
24.208,-0.0013992151780482,49,0
24.21,-0.0014553591780482,49,0
24.212,-0.0015115031780482,49,0
24.214,-0.0015676471780482,49,0
24.216,-0.0006520885780482,49,0
24.218,-0.0009246168780482,49,0
24.22,-0.0011333176780482,49,0
24.222,-0.0013420184780482,49,0
24.224,-0.0015507192780482,49,0
24.226,-0.0017594200780482,49,0
24.228,-0.0013770298280482,49,0
24.23,-0.0009946395780482,49,0
24.232,-0.0006833428780482,49,0
24.234,-0.0005732449780482,49,0
24.236,-0.0010313550113815,49,0
24.238,-0.0014894650447148,49,0
24.24,-0.0019475750780482,49,0
24.242,-0.0015593768280482,49,0
24.244,-0.0011711785780482,49,0
24.246,-0.0006667900780482,49,0
24.248,-0.0007168477780482,49,0
24.25,-0.0019457721780482,49,0
24.252,-0.0016408673030482,49,0
24.254,-0.0013359624280482,49,0
24.256,-0.0010310575530482,49,0
24.258,-0.0007261526780482,49,0
24.26,-0.0013898376780482,49,0
24.262,-0.0014514307113815,49,0
24.264,-0.0015130237447148,49,0
24.266,-0.0015746167780482,49,0
24.268,-0.0013410061113815,49,0
24.27,-0.0011073954447148,49,0
24.272,-0.0008737847780482,49,0
24.274,-0.0007595607780482,49,0
24.276,-0.0006453367780482,49,0
24.278,-0.0009204060780482,49,0
24.28,-0.0009466388780482,49,0
24.282,-0.0009728716780482,49,0
24.284,-0.0009991044780482,49,0
24.286,-0.0006298487780482,49,0
24.288,-0.0006113438447148,49,0
24.29,-0.0005928389113815,49,0
24.292,-0.0005743339780482,49,0
24.294,-0.0010258011113815,49,0
24.296,-0.0014772682447148,49,0
24.298,-0.0019287353780482,49,0
24.3,-0.0015555532280482,49,0
24.302,-0.0011823710780482,49,0
24.304,-0.0006752600780482,49,0
24.306,-0.0005535461780482,49,0
24.308,-0.0004318322780482,49,0
24.31,-0.0007406646113815,49,0
24.312,-0.0010494969447148,49,0
24.314,-0.0013583292780482,49,0
24.316,-0.0007391843780482,49,0
24.318,-0.0006720414780482,49,0
24.32,-0.0005824228280482,49,0
24.322,-0.0004928041780482,49,0
24.324,-0.0014043697780482,49,0
24.326,-0.0015960095780482,49,0
24.328,-0.0012316664780482,49,0
24.33,-0.0008673233780482,49,0
24.332,-0.0006403273780482,49,0
24.334,-0.0007810080280482,49,0
24.336,-0.0009216886780482,49,0
24.338,-0.0011335959780482,49,0
24.34,-0.0013455032780482,49,0
24.342,-0.0015574105780482,49,0
24.344,-0.0017693178780482,49,0
24.346,-0.0009931633780482,49,0
24.348,-0.0006684356780482,49,0
24.35,-0.0009257082980482,49,0
24.352,-0.0011829809180482,49,0
24.354,-0.0014402535380482,49,0
24.356,-0.0016975261580482,49,0
24.358,-0.0019547987780482,49,0
24.36,-0.0012196632780482,49,0
24.362,-0.0006999319780482,49,0
24.364,-0.0004812728780482,49,0
24.366,-0.0019523424780482,49,0
24.368,-0.0017770336447148,49,0
24.37,-0.0016017248113815,49,0
24.372,-0.0014264159780482,49,0
24.374,-0.0009684007280482,49,0
24.376,-0.0005103854780482,49,0
24.378,-0.0008134380447148,49,0
24.38,-0.0011164906113815,49,0
24.382,-0.0014195431780482,49,0
24.384,-0.0014834715113815,49,0
24.386,-0.0015473998447148,49,0
24.388,-0.0016113281780482,49,0
24.39,-0.0008774026780482,49,0
24.392,-0.0006478535780482,49,0
24.394,-0.0006159942780482,49,0
24.396,-0.0009126862780482,49,0
24.398,-0.0009495509447148,49,0
24.4,-0.0009864156113815,49,0
24.402,-0.0010232802780482,49,0
24.404,-0.0006368667780482,49,0
24.406,-0.0006530323780482,49,0
24.408,-0.0006691979780482,49,0
24.41,-0.0005762820780482,49,0
24.412,-0.0012703804280482,49,0
24.414,-0.0019644787780482,49,0
24.416,-0.0016015392780482,49,0
24.418,-0.0012385997780482,49,0
24.42,-0.0006974514780482,49,0
24.422,-0.0007047477780482,49,0
24.424,-0.0008446576580482,49,0
24.426,-0.0009845675380482,49,0
24.428,-0.0011244774180482,49,0
24.43,-0.0012643872980482,49,0
24.432,-0.0014042971780482,49,0
24.434,-0.0007544545780482,49,0
24.436,-0.0006573157780482,49,0
24.438,-0.0004977288780482,49,0
24.44,-0.0013855663780482,49,0
24.442,-0.0014971767780482,49,0
24.444,-0.0016087871780482,49,0
24.446,-0.0012545354780482,49,0
24.448,-0.0009002837780482,49,0
24.45,-0.0006266422780482,49,0
24.452,-0.0005764877780482,49,0
24.454,-0.0009139809780482,49,0
24.456,-0.0013463684280482,49,0
24.458,-0.0017787558780482,49,0
24.46,-0.0010400508780482,49,0
24.462,-0.0006466798780482,49,0
24.464,-0.0006890782780482,49,0
24.466,-0.0013110969280482,49,0
24.468,-0.0019331155780482,49,0
24.47,-0.0015764620280482,49,0
24.472,-0.0012198084780482,49,0
24.474,-0.0009559498280482,49,0
24.476,-0.0006920911780482,49,0
24.478,-0.0007144035780482,49,0
24.48,-0.0004850964780482,49,0
24.482,-0.0019271986780482,49,0
24.484,-0.0016779265780482,49,0
24.486,-0.0014286544780482,49,0
24.488,-0.0011029466780482,49,0
24.49,-0.0007772388780482,49,0
24.492,-0.0005305077780482,49,0
24.494,-0.0008927454780482,49,0
24.496,-0.0012549831780482,49,0
24.498,-0.0016172208780482,49,0
24.5,-0.0008673233780482,50,0
24.502,-0.0007826758113815,50,0
24.504,-0.0006980282447148,50,0
24.506,-0.0006133806780482,50,0
24.508,-0.0005753019780482,50,0
24.51,-0.0008898414780482,50,0
24.512,-0.0013474513780482,50,0
24.514,-0.0018050612780482,50,0
24.516,-0.0010442495780482,50,0
24.518,-0.0008443817780482,50,0
24.52,-0.0006445139780482,50,0
24.522,-0.0005805170780482,50,0
24.524,-0.0007995593447148,50,0
24.526,-0.0010186016113815,50,0
24.528,-0.0012376438780482,50,0
24.53,-0.0010527921780482,50,0
24.532,-0.0008679404780482,50,0
24.534,-0.0006830887780482,50,0
24.536,-0.0007082930780482,50,0
24.538,-0.0008514433380482,50,0
24.54,-0.0009945935980482,50,0
24.542,-0.0011377438580482,50,0
24.544,-0.0012808941180482,50,0
24.546,-0.0014240443780482,50,0
24.548,-0.0007654171780482,50,0
24.55,-0.0005165322780482,50,0
24.552,-0.0007376888180482,50,0
24.554,-0.0009588453580482,50,0
24.556,-0.0011800018980482,50,0
24.558,-0.0014011584380482,50,0
24.56,-0.0016223149780482,50,0
24.562,-0.0008850135780482,50,0
24.564,-0.0006416341780482,50,0
24.566,-0.0008883773780482,50,0
24.568,-0.0011977945447148,50,0
24.57,-0.0015072117113815,50,0
24.572,-0.0018166288780482,50,0
24.574,-0.0014278921780482,50,0
24.576,-0.0010391554780482,50,0
24.578,-0.0006204954780482,50,0
24.58,-0.0006698513780482,50,0
24.582,-0.0005835783780482,50,0
24.584,-0.0012696725780482,50,0
24.586,-0.0019557667780482,50,0
24.588,-0.0012066557780482,50,0
24.59,-0.0006682178780482,50,0
24.592,-0.0006921153780482,50,0
24.594,-0.0004640787780482,50,0
24.596,-0.0011815119780482,50,0
24.598,-0.0018989451780482,50,0
24.6,-0.0014901789447148,50,0
24.602,-0.0010814127113815,50,0
24.604,-0.0006726464780482,50,0
24.606,-0.0006220644447148,50,0
24.608,-0.0005714824113815,50,0
24.61,-0.0005209003780482,50,0
24.612,-0.0013612695780482,50,0
24.614,-0.0011181281447148,50,0
24.616,-0.0008749867113815,50,0
24.618,-0.0006318452780482,50,0
24.62,-0.0006182569780482,50,0
24.622,-0.0010234214447148,50,0
24.624,-0.0014285859113815,50,0
24.626,-0.0018337503780482,50,0
24.628,-0.0016402562530482,50,0
24.63,-0.0014467621280482,50,0
24.632,-0.0012532680030482,50,0
24.634,-0.0010597738780482,50,0
24.636,-0.0006270415780482,50,0
24.638,-0.0019628694780482,50,0
24.64,-0.0012143513780482,50,0
24.642,-0.0004616224780482,50,0
24.644,-0.0018668801780482,50,0
24.646,-0.0018198326891593,50,0
24.648,-0.0017727852002704,50,0
24.65,-0.0017257377113815,50,0
24.652,-0.0016786902224926,50,0
24.654,-0.0016316427336037,50,0
24.656,-0.0015845952447148,50,0
24.658,-0.0015375477558259,50,0
24.66,-0.0014905002669371,50,0
24.662,-0.0014434527780482,50,0
24.664,-0.0007636021780482,50,0
24.666,-0.0006616838780482,50,0
24.668,-0.0005184077780482,50,0
24.67,-0.0013654924780482,50,0
24.672,-0.0014493656447148,50,0
24.674,-0.0015332388113815,50,0
24.676,-0.0016171119780482,50,0
24.678,-0.0008808269780482,50,0
24.68,-0.0006552950780482,50,0
24.682,-0.0006282636780482,50,0
24.684,-0.0008873125780482,50,0
24.686,-0.0009479416447148,50,0
24.688,-0.0010085707113815,50,0
24.69,-0.0010691997780482,50,0
24.692,-0.0008643407280482,50,0
24.694,-0.0006594816780482,50,0
24.696,-0.0007125038780482,50,0
24.698,-0.0005884909780482,50,0
24.7,-0.0008099734113815,50,0
24.702,-0.0010314558447148,50,0
24.704,-0.0012529382780482,50,0
24.706,-0.0009717584780482,50,0
24.708,-0.0006905786780482,50,0
24.71,-0.0007113543780482,50,0
24.712,-0.0004754043780482,50,0
24.714,-0.0018582044780482,50,0
24.716,-0.0016226779780482,50,0
24.718,-0.0013871514780482,50,0
24.72,-0.0010686250280482,50,0
24.722,-0.0007500985780482,50,0
24.724,-0.0006756472780482,50,0
24.726,-0.0005343313780482,50,0
24.728,-0.0008077308780482,50,0
24.73,-0.0010811303780482,50,0
24.732,-0.0013545298780482,50,0
24.734,-0.0016279293780482,50,0
24.736,-0.0009084633780482,50,0
24.738,-0.0006640191780482,50,0
24.74,-0.0008968764180482,50,0
24.742,-0.0011297336580482,50,0
24.744,-0.0013625908980482,50,0
24.746,-0.0015954481380482,50,0
24.748,-0.0018283053780482,50,0
24.75,-0.0010494041780482,50,0
24.752,-0.0006456513780482,50,0
24.754,-0.0006881707780482,50,0
24.756,-0.0005626816780482,50,0
24.758,-0.0007832767780482,50,0
24.76,-0.0010038718780482,50,0
24.762,-0.0012244669780482,50,0
24.764,-0.0009485143780482,50,0
24.766,-0.0006725617780482,50,0
24.768,-0.0006865009780482,50,0
24.77,-0.0006854694530482,50,0
24.772,-0.0006844379280482,50,0
24.774,-0.0006834064030482,50,0
24.776,-0.0006823748780482,50,0
24.778,-0.0005320928780482,50,0
24.78,-0.0006916987923339,50,0
24.782,-0.0008513047066196,50,0
24.784,-0.0010109106209053,50,0
24.786,-0.001170516535191,50,0
24.788,-0.0013301224494767,50,0
24.79,-0.0014897283637625,50,0
24.792,-0.0016493342780482,50,0
24.794,-0.0008738815780482,50,0
24.796,-0.0006432676780482,50,0
24.798,-0.0006332367780482,50,0
24.8,-0.0008534446780482,50,0
24.802,-0.0013337965280482,50,0
24.804,-0.0018141483780482,50,0
24.806,-0.0014241835280482,50,0
24.808,-0.0010342186780482,50,0
24.81,-0.0006350638780482,50,0
24.812,-0.0006773533780482,50,0
24.814,-0.0005572729780482,50,0
24.816,-0.0010321858780482,50,0
24.818,-0.0015070987780482,50,0
24.82,-0.0019820116780482,50,0
24.822,-0.0012331063780482,50,0
24.824,-0.0006732151780482,50,0
24.826,-0.0006784544780482,50,0
24.828,-0.0004571938780482,50,0
24.83,-0.0018457535780482,50,0
24.832,-0.0017101327447148,50,0
24.834,-0.0015745119113815,50,0
24.836,-0.0014388910780482,50,0
24.838,-0.0006481802780482,50,0
24.84,-0.0008501389580482,50,0
24.842,-0.0010520976380482,50,0
24.844,-0.0012540563180482,50,0
24.846,-0.0014560149980482,50,0
24.848,-0.0016579736780482,50,0
24.85,-0.0011427556780482,50,0
24.852,-0.0006275376780482,50,0
24.854,-0.0006025269780482,50,0
24.856,-0.0007202236780482,50,0
24.858,-0.0008379203780482,50,0
24.86,-0.0011710011113815,50,0
24.862,-0.0015040818447148,50,0
24.864,-0.0018371625780482,50,0
24.866,-0.0010747294780482,50,0
24.868,-0.0006523547780482,50,0
24.87,-0.0007125522780482,50,0
24.872,-0.0007062562447148,50,0
24.874,-0.0006999602113815,50,0
24.876,-0.0006936641780482,50,0
24.878,-0.0006913813113815,50,0
24.88,-0.0006890984447148,50,0
24.882,-0.0006868155780482,50,0
24.884,-0.0004559112780482,50,0
24.886,-0.0018268412780482,50,0
24.888,-0.0016320433780482,50,0
24.89,-0.0014372454780482,50,0
24.892,-0.0011021480780482,50,0
24.894,-0.0007670506780482,50,0
24.896,-0.0006610546780482,50,0
24.898,-0.0005267930780482,50,0
24.9,-0.0013144304780482,50,0
24.902,-0.0011714286447148,50,0
24.904,-0.0010284268113815,50,0
24.906,-0.0008854249780482,50,0
24.908,-0.0007602141780482,50,0
24.91,-0.0006350033780482,50,0
24.912,-0.0006313491780482,50,0
24.914,-0.0008376904780482,50,0
24.916,-0.0011596714780482,50,0
24.918,-0.0014816524780482,50,0
24.92,-0.0018036334780482,50,0
24.922,-0.0010587211780482,50,0
24.924,-0.0006679758780482,50,0
24.926,-0.0005333512780482,50,0
24.928,-0.0007050563280482,50,0
24.93,-0.0008767613780482,50,0
24.932,-0.0010484664280482,50,0
24.934,-0.0012201714780482,50,0
24.936,-0.0006760344780482,50,0
24.938,-0.0012558725280482,50,0
24.94,-0.0018357105780482,50,0
24.942,-0.0016947415447148,50,0
24.944,-0.0015537725113815,50,0
24.946,-0.0014128034780482,50,0
24.948,-0.0007459482780482,50,0
24.95,-0.0006400006780482,50,0
24.952,-0.0005152133780482,50,0
24.954,-0.0012738712780482,50,0
24.956,-0.0013919672780482,50,0
24.958,-0.0015100632780482,50,0
24.96,-0.0016281592780482,50,0
24.962,-0.0006155707780482,50,0
24.964,-0.0006150504780482,50,0
24.966,-0.0006145301780482,50,0
24.968,-0.0008237391780482,50,0
24.97,-0.0013114599280482,50,0
24.972,-0.0017991806780482,50,0
24.974,-0.0010374009780482,50,0
24.976,-0.0008274901780482,50,0
24.978,-0.0006175793780482,50,0
24.98,-0.0007225710780482,50,0
24.982,-0.0008275627780482,50,0
24.984,-0.0009325544780482,50,0
24.986,-0.0010375461780482,50,0
24.988,-0.0011425378780482,50,0
24.99,-0.0012475295780482,50,0
24.992,-0.0006682904780482,50,0
24.994,-0.0006835485780482,50,0
24.996,-0.0004661478780482,50,0
24.998,-0.0018334478780482,50,0
25.0,-0.0014772561447148,51,0
25.002,-0.0011210644113815,51,0
25.004,-0.0007648726780482,51,0
25.006,-0.0007141978780482,51,0
25.008,-0.0006635230780482,51,0
25.01,-0.0012799212780482,51,0
25.012,-0.0011773223530482,51,0
25.014,-0.0010747234280482,51,0
25.016,-0.0009721245030482,51,0
25.018,-0.0008695255780482,51,0
25.02,-0.0007402733780482,51,0
25.022,-0.0006110211780482,51,0
25.024,-0.0006253112780482,51,0
25.026,-0.0008103323780482,51,0
25.028,-0.0011484104113815,51,0
25.03,-0.0014864884447148,51,0
25.032,-0.0018245664780482,51,0
25.034,-0.0006229880780482,51,0
25.036,-0.0005831609280482,51,0
25.038,-0.0005433337780482,51,0
25.04,-0.0007161641280482,51,0
25.042,-0.0008889944780482,51,0
25.044,-0.0010618248280482,51,0
25.046,-0.0012346551780482,51,0
25.048,-0.0009444487780482,51,0
25.05,-0.0006542423780482,51,0
25.052,-0.0004563226780482,51,0
25.054,-0.0006542060780482,51,0
25.056,-0.0008520894780482,51,0
25.058,-0.0010499728780482,51,0
25.06,-0.0012478562780482,51,0
25.062,-0.0014457396780482,51,0
25.064,-0.0007632754780482,51,0
25.066,-0.0006429167780482,51,0
25.068,-0.0005286564780482,51,0
25.07,-0.0012584558780482,51,0
25.072,-0.0014640227780482,51,0
25.074,-0.0016695896780482,51,0
25.076,-0.0009201640780482,51,0
25.078,-0.0006480108780482,51,0
25.08,-0.0006560331780482,51,0
25.082,-0.0008350284780482,51,0
25.084,-0.0010847392030482,51,0
25.086,-0.0013344499280482,51,0
25.088,-0.0015841606530482,51,0
25.09,-0.0018338713780482,51,0
25.092,-0.0010576684780482,51,0
25.094,-0.0006433765780482,51,0
25.096,-0.0007150811780482,51,0
25.098,-0.0005495531780482,51,0
25.1,-0.0007225650280482,51,0
25.102,-0.0008955768780482,51,0
25.104,-0.0010685887280482,51,0
25.106,-0.0012416005780482,51,0
25.108,-0.0006878440780482,51,0
25.11,-0.0007267576780482,51,0
25.112,-0.0004828458780482,51,0
25.114,-0.0005824167780482,51,0
25.116,-0.0006819876780482,51,0
25.118,-0.0007815585780482,51,0
25.12,-0.0006668021780482,51,0
25.122,-0.0006256742780482,51,0
25.124,-0.0005845463780482,51,0
25.126,-0.0005434184780482,51,0
25.128,-0.0012605491780482,51,0
25.13,-0.0013849371780482,51,0
25.132,-0.0015093251780482,51,0
25.134,-0.0016337131780482,51,0
25.136,-0.0008879175780482,51,0
25.138,-0.0006429893780482,51,0
25.14,-0.0006243795780482,51,0
25.142,-0.0008164428780482,51,0
25.144,-0.0011510845113815,51,0
25.146,-0.0014857261447148,51,0
25.148,-0.0018203677780482,51,0
25.15,-0.0006435701780482,51,0
25.152,-0.0005890717780482,51,0
25.154,-0.0005345733780482,51,0
25.156,-0.0010216790447148,51,0
25.158,-0.0015087847113815,51,0
25.16,-0.0019958903780482,51,0
25.162,-0.0012373413780482,51,0
25.164,-0.0006910626780482,51,0
25.166,-0.0007112817780482,51,0
25.168,-0.0005935124780482,51,0
25.17,-0.0004757431780482,51,0
25.172,-0.0018001728780482,51,0
25.174,-0.0016905509113815,51,0
25.176,-0.0015809289447148,51,0
25.178,-0.0014713069780482,51,0
25.18,-0.0006814794780482,51,0
25.182,-0.0005269019780482,51,0
25.184,-0.0008816316280482,51,0
25.186,-0.0012363612780482,51,0
25.188,-0.0013684126113815,51,0
25.19,-0.0015004639447148,51,0
25.192,-0.0016325152780482,51,0
25.194,-0.0008958309780482,51,0
25.196,-0.0006439210780482,51,0
25.198,-0.0006405693780482,51,0
25.2,-0.0010307177447148,51,0
25.202,-0.0014208661113815,51,0
25.204,-0.0018110144780482,51,0
25.206,-0.0010532156780482,51,0
25.208,-0.0006381977780482,51,0
25.21,-0.0006838026780482,51,0
25.212,-0.0005259702780482,51,0
25.214,-0.0005511140780482,51,0
25.216,-0.0005762578780482,51,0
25.218,-0.0006014016780482,51,0
25.22,-0.0006265454780482,51,0
25.222,-0.0006516892780482,51,0
25.224,-0.0006768330780482,51,0
25.226,-0.0006853514780482,51,0
25.228,-0.0004558507780482,51,0
25.23,-0.0017837047780482,51,0
25.232,-0.0016158535780482,51,0
25.234,-0.0014480023780482,51,0
25.236,-0.0011097468780482,51,0
25.238,-0.0007714913780482,51,0
25.24,-0.0006571947780482,51,0
25.242,-0.0012593270780482,51,0
25.244,-0.0013616628280482,51,0
25.246,-0.0014639985780482,51,0
25.248,-0.0015663343280482,51,0
25.25,-0.0016686700780482,51,0
25.252,-0.0009044098780482,51,0
25.254,-0.0006546779780482,51,0
25.256,-0.0007869430780482,51,0
25.258,-0.0011463695447148,51,0
25.26,-0.0015057960113815,51,0
25.262,-0.0018652224780482,51,0
25.264,-0.0014863230780482,51,0
25.266,-0.0011074236780482,51,0
25.268,-0.0006605706780482,51,0
25.27,-0.0006890661780482,51,0
25.272,-0.0006875415780482,51,0
25.274,-0.0006860169780482,51,0
25.276,-0.0006844923780482,51,0
25.278,-0.0006829677780482,51,0
25.28,-0.0006814431780482,51,0
25.282,-0.0006867792780482,51,0
25.284,-0.0006921153780482,51,0
25.286,-0.0004789738780482,51,0
25.288,-0.0017874920780482,51,0
25.29,-0.0016782129447148,51,0
25.292,-0.0015689338113815,51,0
25.294,-0.0014596546780482,51,0
25.296,-0.0007958728780482,51,0
25.298,-0.0006743041780482,51,0
25.3,-0.0005390987780482,51,0
25.302,-0.0012360708780482,51,0
25.304,-0.0013823276113815,51,0
25.306,-0.0015285843447148,51,0
25.308,-0.0016748410780482,51,0
25.31,-0.0009048333780482,51,0
25.312,-0.0006340716780482,51,0
25.314,-0.0006297398780482,51,0
25.316,-0.0007846440780482,51,0
25.318,-0.0008909667780482,51,0
25.32,-0.0009972894780482,51,0
25.322,-0.0011036121780482,51,0
25.324,-0.0008786066280482,51,0
25.326,-0.0006536010780482,51,0
25.328,-0.0007806873780482,51,0
25.33,-0.0009077736780482,51,0
25.332,-0.0010348599780482,51,0
25.334,-0.0011619462780482,51,0
25.336,-0.0012890325780482,51,0
25.338,-0.0007215909780482,51,0
25.34,-0.0007190257780482,51,0
25.342,-0.0005010563780482,51,0
25.344,-0.0017980069780482,51,0
25.346,-0.0017038205780482,51,0
25.348,-0.0016096341780482,51,0
25.35,-0.0015154477780482,51,0
25.352,-0.0008271150780482,51,0
25.354,-0.0006734087780482,51,0
25.356,-0.0005765240780482,51,0
25.358,-0.0006685869280482,51,0
25.36,-0.0007606497780482,51,0
25.362,-0.0008527126280482,51,0
25.364,-0.0009447754780482,51,0
25.366,-0.0008041432280482,51,0
25.368,-0.0006635109780482,51,0
25.37,-0.0006484464780482,51,0
25.372,-0.0008290631780482,51,0
25.374,-0.0009233826780482,51,0
25.376,-0.0010177021780482,51,0
25.378,-0.0011120216780482,51,0
25.38,-0.0008950989280482,51,0
25.382,-0.0006781761780482,51,0
25.384,-0.0005670013780482,51,0
25.386,-0.0005957848580482,51,0
25.388,-0.0006245683380482,51,0
25.39,-0.0006533518180482,51,0
25.392,-0.0006821352980482,51,0
25.394,-0.0007109187780482,51,0
25.396,-0.0006962535780482,51,0
25.398,-0.0012345946780482,51,0
25.4,-0.0017729357780482,51,0
25.402,-0.0016988958780482,51,0
25.404,-0.0016248559780482,51,0
25.406,-0.0015508160780482,51,0
25.408,-0.0014767761780482,51,0
25.41,-0.0007854910780482,51,0
25.412,-0.0006454698780482,51,0
25.414,-0.0005545504780482,51,0
25.416,-0.0012361434780482,51,0
25.418,-0.0013932579447148,51,0
25.42,-0.0015503724113815,51,0
25.422,-0.0017074868780482,51,0
25.424,-0.0006527419780482,51,0
25.426,-0.0006529900280482,51,0
25.428,-0.0006532380780482,51,0
25.43,-0.0008055891780482,51,0
25.432,-0.0011606354447148,51,0
25.434,-0.0015156817113815,51,0
25.436,-0.0018707279780482,51,0
25.438,-0.0011016761780482,51,0
25.44,-0.0006534316780482,51,0
25.442,-0.0006928655780482,51,0
25.444,-0.0008104678980482,51,0
25.446,-0.0009280702180482,51,0
25.448,-0.0010456725380482,51,0
25.45,-0.0011632748580482,51,0
25.452,-0.0012808771780482,51,0
25.454,-0.0007017590780482,51,0
25.456,-0.0007167146780482,51,0
25.458,-0.0017462552780482,51,0
25.46,-0.0015085477530482,51,0
25.462,-0.0012708402280482,51,0
25.464,-0.0010331327030482,51,0
25.466,-0.0007954251780482,51,0
25.468,-0.0007245070780482,51,0
25.47,-0.0006535889780482,51,0
25.472,-0.0005542116780482,51,0
25.474,-0.0008362717530482,51,0
25.476,-0.0011183318280482,51,0
25.478,-0.0014003919030482,51,0
25.48,-0.0016824519780482,51,0
25.482,-0.0009276418780482,51,0
25.484,-0.0006629664780482,51,0
25.486,-0.0006916434780482,51,0
25.488,-0.0009858791780482,51,0
25.49,-0.0012801148780482,51,0
25.492,-0.0015743505780482,51,0
25.494,-0.0018685862780482,51,0
25.496,-0.0006592638780482,51,0
25.498,-0.0006866401280482,51,0
25.5,-0.0007140163780482,52,0
25.502,-0.0005470726780482,52,0
25.504,-0.0007314131530482,52,0
25.506,-0.0009157536280482,52,0
25.508,-0.0011000941030482,52,0
25.51,-0.0012844345780482,52,0
25.512,-0.0006910263780482,52,0
25.514,-0.0006844197780482,52,0
25.516,-0.0004877826780482,52,0
25.518,-0.0017208694780482,52,0
25.52,-0.0016100697780482,52,0
25.522,-0.0014992700780482,52,0
25.524,-0.0007890000780482,52,0
25.526,-0.0006578723780482,52,0
25.528,-0.0008281657613815,52,0
25.53,-0.0009984591447148,52,0
25.532,-0.0011687525280482,52,0
25.534,-0.0013390459113815,52,0
25.536,-0.0015093392947148,52,0
25.538,-0.0016796326780482,52,0
25.54,-0.0009174052780482,52,0
25.542,-0.0006345193780482,52,0
25.544,-0.0006559847780482,52,0
25.546,-0.0007524459780482,52,0
25.548,-0.0011261988447148,52,0
25.55,-0.0014999517113815,52,0
25.552,-0.0018737045780482,52,0
25.554,-0.0010714503780482,52,0
25.556,-0.0006422391780482,52,0
25.558,-0.0005026898780482,52,0
25.56,-0.0006560065580482,52,0
25.562,-0.0008093232380482,52,0
25.564,-0.0009626399180482,52,0
25.566,-0.0011159565980482,52,0
25.568,-0.0012692732780482,52,0
25.57,-0.0007092489780482,52,0
25.572,-0.0005966161280482,52,0
25.574,-0.0004839832780482,52,0
25.576,-0.0017117097780482,52,0
25.578,-0.0016355725447148,52,0
25.58,-0.0015594353113815,52,0
25.582,-0.0014832980780482,52,0
25.584,-0.0007914926780482,52,0
25.586,-0.0006581385780482,52,0
25.588,-0.0005479922780482,52,0
25.59,-0.0011881064780482,52,0
25.592,-0.0014551474280482,52,0
25.594,-0.0017221883780482,52,0
25.596,-0.0009575288780482,52,0
25.598,-0.0006639344780482,52,0
25.6,-0.0006643398280482,52,0
25.602,-0.0006647451780482,52,0
25.604,-0.0007486828780482,52,0
25.606,-0.0011343623113815,52,0
25.608,-0.0015200417447148,52,0
25.61,-0.0019057211780482,52,0
25.612,-0.0011312848780482,52,0
25.614,-0.0007122255780482,52,0
25.616,-0.0006163028280482,52,0
25.618,-0.0005203800780482,52,0
25.62,-0.0007171744780482,52,0
25.622,-0.0009139688780482,52,0
25.624,-0.0011107632780482,52,0
25.626,-0.0013075576780482,52,0
25.628,-0.0007322994780482,52,0
25.63,-0.0007137017780482,52,0
25.632,-0.0016918173780482,52,0
25.634,-0.0016395211780482,52,0
25.636,-0.0015872249780482,52,0
25.638,-0.0015349287780482,52,0
25.64,-0.0014826325780482,52,0
25.642,-0.0006758771780482,52,0
25.644,-0.0005734506780482,52,0
25.646,-0.0008758175780482,52,0
25.648,-0.0011781844780482,52,0
25.65,-0.0013479716780482,52,0
25.652,-0.0015177588780482,52,0
25.654,-0.0016875460780482,52,0
25.656,-0.0009516240780482,52,0
25.658,-0.0006570616780482,52,0
25.66,-0.0006589129780482,52,0
25.662,-0.0007624163780482,52,0
25.664,-0.0011371574113815,52,0
25.666,-0.0015118984447148,52,0
25.668,-0.0018866394780482,52,0
25.67,-0.0011280904780482,52,0
25.672,-0.0006815157780482,52,0
25.674,-0.0007163274780482,52,0
25.676,-0.0005125029780482,52,0
25.678,-0.0007120561780482,52,0
25.68,-0.0009116093780482,52,0
25.682,-0.0011111625780482,52,0
25.684,-0.0013107157780482,52,0
25.686,-0.0007315371780482,52,0
25.688,-0.0004936632780482,52,0
25.69,-0.0010910463280482,52,0
25.692,-0.0016884293780482,52,0
25.694,-0.0015871281780482,52,0
25.696,-0.0014858269780482,52,0
25.698,-0.0008133573780482,52,0
25.7,-0.0006541939780482,52,0
25.702,-0.0005526144780482,52,0
25.704,-0.0008530816780482,52,0
25.706,-0.0011535488780482,52,0
25.708,-0.0013292489447148,52,0
25.71,-0.0015049490113815,52,0
25.712,-0.0016806490780482,52,0
25.714,-0.0009345388780482,52,0
25.716,-0.0006471638780482,52,0
25.718,-0.0006573641780482,52,0
25.72,-0.0007379864780482,52,0
25.722,-0.0011143973113815,52,0
25.724,-0.0014908081447148,52,0
25.726,-0.0018672189780482,52,0
25.728,-0.0011071090780482,52,0
25.73,-0.0006666327780482,52,0
25.732,-0.0007128305780482,52,0
25.734,-0.0005240826780482,52,0
25.736,-0.0007183028030482,52,0
25.738,-0.0009125229280482,52,0
25.74,-0.0011067430530482,52,0
25.742,-0.0013009631780482,52,0
25.744,-0.0007065022780482,52,0
25.746,-0.0007092247780482,52,0
25.748,-0.0004954177780482,52,0
25.75,-0.0016886592780482,52,0
25.752,-0.0016410457780482,52,0
25.754,-0.0015934322780482,52,0
25.756,-0.0015458187780482,52,0
25.758,-0.0008345444780482,52,0
25.76,-0.0005836388780482,52,0
25.762,-0.0006567131980482,52,0
25.764,-0.0007297875180482,52,0
25.766,-0.0008028618380482,52,0
25.768,-0.0008759361580482,52,0
25.77,-0.0009490104780482,52,0
25.772,-0.0007988857780482,52,0
25.774,-0.0006487610780482,52,0
25.776,-0.0006607521780482,52,0
25.778,-0.0007176584780482,52,0
25.78,-0.0011108681447148,52,0
25.782,-0.0015040778113815,52,0
25.784,-0.0018972874780482,52,0
25.786,-0.0011317567780482,52,0
25.788,-0.0006692342780482,52,0
25.79,-0.0007223290780482,52,0
25.792,-0.0005372474780482,52,0
25.794,-0.0009304490780482,52,0
25.796,-0.0013236506780482,52,0
25.798,-0.0011222582780482,52,0
25.8,-0.0009208658780482,52,0
25.802,-0.0007194734780482,52,0
25.804,-0.0006901188780482,52,0
25.806,-0.0004843099780482,52,0
25.808,-0.0016723363780482,52,0
25.81,-0.0016193020780482,52,0
25.812,-0.0015662677780482,52,0
25.814,-0.0015132334780482,52,0
25.816,-0.0008234003780482,52,0
25.818,-0.0006798580780482,52,0
25.82,-0.0005732933780482,52,0
25.822,-0.0011309944780482,52,0
25.824,-0.0013290956780482,52,0
25.826,-0.0015271968780482,52,0
25.828,-0.0017252980780482,52,0
25.83,-0.0009532696780482,52,0
25.832,-0.0006491240780482,52,0
25.834,-0.0010592616447148,52,0
25.836,-0.0014693992113815,52,0
25.838,-0.0018795367780482,52,0
25.84,-0.0015049752280482,52,0
25.842,-0.0011304136780482,52,0
25.844,-0.0006523668780482,52,0
25.846,-0.0006808563280482,52,0
25.848,-0.0007093457780482,52,0
25.85,-0.0005212149780482,52,0
25.852,-0.0007173922780482,52,0
25.854,-0.0009135695780482,52,0
25.856,-0.0011097468780482,52,0
25.858,-0.0013059241780482,52,0
25.86,-0.0007181787780482,52,0
25.862,-0.0007290566780482,52,0
25.864,-0.0009992012780482,52,0
25.866,-0.0012693458780482,52,0
25.868,-0.0015394904780482,52,0
25.87,-0.0008379445780482,52,0
25.872,-0.0006967617780482,52,0
25.874,-0.0006507636280482,52,0
25.876,-0.0006047654780482,52,0
25.878,-0.0008838398780482,52,0
25.88,-0.0011629142780482,52,0
25.882,-0.0014419886780482,52,0
25.884,-0.0017210630780482,52,0
25.886,-0.0009745898780482,52,0
25.888,-0.0006647572780482,52,0
25.89,-0.0007058972780482,52,0
25.892,-0.0011028377780482,52,0
25.894,-0.0014997782780482,52,0
25.896,-0.0018967187780482,52,0
25.898,-0.0015043218280482,52,0
25.9,-0.0011119248780482,52,0
25.902,-0.0006672740780482,52,0
25.904,-0.0007173922780482,52,0
25.906,-0.0005105427780482,52,0
25.908,-0.0007176645280482,52,0
25.91,-0.0009247862780482,52,0
25.912,-0.0011319080280482,52,0
25.914,-0.0013390297780482,52,0
25.916,-0.0007140163780482,52,0
25.918,-0.0006013169780482,52,0
25.92,-0.0004886175780482,52,0
25.922,-0.0016233313780482,52,0
25.924,-0.0015819776113815,52,0
25.926,-0.0015406238447148,52,0
25.928,-0.0014992700780482,52,0
25.93,-0.0008034353780482,52,0
25.932,-0.0006528024780482,52,0
25.934,-0.0005612054780482,52,0
25.936,-0.0011126387780482,52,0
25.938,-0.0013162817780482,52,0
25.94,-0.0015199247780482,52,0
25.942,-0.0017235677780482,52,0
25.944,-0.0006660277780482,52,0
25.946,-0.0007865437780482,52,0
25.948,-0.0009070597780482,52,0
25.95,-0.0010275757780482,52,0
25.952,-0.0011480917780482,52,0
25.954,-0.0009066241780482,52,0
25.956,-0.0006651565780482,52,0
25.958,-0.0006903245780482,52,0
25.96,-0.0007154925780482,52,0
25.962,-0.0004924653780482,52,0
25.964,-0.0006538454980482,52,0
25.966,-0.0008152256180482,52,0
25.968,-0.0009766057380482,52,0
25.97,-0.0011379858580482,52,0
25.972,-0.0012993659780482,52,0
25.974,-0.0006984799780482,52,0
25.976,-0.0006918854780482,52,0
25.978,-0.0004764691780482,52,0
25.98,-0.0005382598447148,52,0
25.982,-0.0006000505113815,52,0
25.984,-0.0006618411780482,52,0
25.986,-0.0006330714113815,52,0
25.988,-0.0006043016447148,52,0
25.99,-0.0005755318780482,52,0
25.992,-0.0010908103780482,52,0
25.994,-0.0012484370780482,52,0
25.996,-0.0014060637780482,52,0
25.998,-0.0015636904780482,52,0
26.0,-0.0017213171780482,53,0
26.002,-0.0009593438780482,53,0
26.004,-0.0006296914780482,53,0
26.006,-0.0006408113780482,53,0
26.008,-0.0007077243780482,53,0
26.01,-0.0011053666780482,53,0
26.012,-0.0015030089780482,53,0
26.014,-0.0019006512780482,53,0
26.016,-0.0011504270780482,53,0
26.018,-0.0006706741780482,53,0
26.02,-0.0005015403780482,53,0
26.022,-0.0005483988380482,53,0
26.024,-0.0005952572980482,53,0
26.026,-0.0006421157580482,53,0
26.028,-0.0006889742180482,53,0
26.03,-0.0007358326780482,53,0
26.032,-0.0007062481780482,53,0
26.034,-0.0006022184280482,53,0
26.036,-0.0004981886780482,53,0
26.038,-0.0016243840780482,53,0
26.04,-0.0016047578780482,53,0
26.042,-0.0015851316780482,53,0
26.044,-0.0015655054780482,53,0
26.046,-0.0008393118780482,53,0
26.048,-0.0006593969780482,53,0
26.05,-0.0010874344780482,53,0
26.052,-0.0012501613280482,53,0
26.054,-0.0014128881780482,53,0
26.056,-0.0015756150280482,53,0
26.058,-0.0017383418780482,53,0
26.06,-0.0009781351780482,53,0
26.062,-0.0006667537780482,53,0
26.064,-0.0006683025780482,53,0
26.066,-0.0006698513780482,53,0
26.068,-0.0010753465780482,53,0
26.07,-0.0014808417780482,53,0
26.072,-0.0018863369780482,53,0
26.074,-0.0011362700780482,53,0
26.076,-0.0006574246780482,53,0
26.078,-0.0006779946780482,53,0
26.08,-0.0004862580780482,53,0
26.082,-0.0007037555780482,53,0
26.084,-0.0009212530780482,53,0
26.086,-0.0011387505780482,53,0
26.088,-0.0013562480780482,53,0
26.09,-0.0007443752780482,53,0
26.092,-0.0004917635780482,53,0
26.094,-0.0016083273780482,53,0
26.096,-0.0015949931780482,53,0
26.098,-0.0015816589780482,53,0
26.1,-0.0015683247780482,53,0
26.102,-0.0015549905780482,53,0
26.104,-0.0006612119780482,53,0
26.106,-0.0005831064780482,53,0
26.108,-0.0010722368780482,53,0
26.11,-0.0012374744780482,53,0
26.112,-0.0014027120780482,53,0
26.114,-0.0015679496780482,53,0
26.116,-0.0017331872780482,53,0
26.118,-0.0009782440780482,53,0
26.12,-0.0006474905780482,53,0
26.122,-0.0006695972780482,53,0
26.124,-0.0006859201780482,53,0
26.126,-0.0012826316780482,53,0
26.128,-0.0018793431780482,53,0
26.13,-0.0015095369280482,53,0
26.132,-0.0011397306780482,53,0
26.134,-0.0006885095780482,53,0
26.136,-0.0007422456780482,53,0
26.138,-0.0005249417780482,53,0
26.14,-0.0007293168280482,53,0
26.142,-0.0009336918780482,53,0
26.144,-0.0011380669280482,53,0
26.146,-0.0013424419780482,53,0
26.148,-0.0006656284780482,53,0
26.15,-0.0004803048780482,53,0
26.152,-0.0015887253780482,53,0
26.154,-0.0015767736030482,53,0
26.156,-0.0015648218280482,53,0
26.158,-0.0015528700530482,53,0
26.16,-0.0015409182780482,53,0
26.162,-0.0008462935780482,53,0
26.164,-0.0005782180780482,53,0
26.166,-0.0008168361280482,53,0
26.168,-0.0010554541780482,53,0
26.17,-0.0012693539447148,53,0
26.172,-0.0014832537113815,53,0
26.174,-0.0016971534780482,53,0
26.176,-0.0009623809780482,53,0
26.178,-0.0006380041780482,53,0
26.18,-0.0006577513780482,53,0
26.182,-0.0006590581780482,53,0
26.184,-0.0010743382447148,53,0
26.186,-0.0014896183113815,53,0
26.188,-0.0019048983780482,53,0
26.19,-0.0011491686780482,53,0
26.192,-0.0006731909780482,53,0
26.194,-0.0007199816780482,53,0
26.196,-0.0005122488780482,53,0
26.198,-0.0007205655030482,53,0
26.2,-0.0009288821280482,53,0
26.202,-0.0011371987530482,53,0
26.204,-0.0013455153780482,53,0
26.206,-0.0007207197780482,53,0
26.208,-0.0005006812780482,53,0
26.21,-0.0007081478780482,53,0
26.212,-0.0009156144780482,53,0
26.214,-0.0011230810780482,53,0
26.216,-0.0013305476780482,53,0
26.218,-0.0015380142780482,53,0
26.22,-0.0008377388780482,53,0
26.222,-0.0006527540780482,53,0
26.224,-0.0005921330780482,53,0
26.226,-0.0010593261780482,53,0
26.228,-0.0012863262113815,53,0
26.23,-0.0015133262447148,53,0
26.232,-0.0017403262780482,53,0
26.234,-0.0009809181780482,53,0
26.236,-0.0006733603780482,53,0
26.238,-0.0006631842780482,53,0
26.24,-0.0006530081780482,53,0
26.242,-0.0010761008113815,53,0
26.244,-0.0014991934447148,53,0
26.246,-0.0019222860780482,53,0
26.248,-0.0011640274780482,53,0
26.25,-0.0006677943780482,53,0
26.252,-0.0007080389780482,53,0
26.254,-0.0004902994780482,53,0
26.256,-0.0007032050280482,53,0
26.258,-0.0009161105780482,53,0
26.26,-0.0011290161280482,53,0
26.262,-0.0013419216780482,53,0
26.264,-0.0007216877780482,53,0
26.266,-0.0006727190780482,53,0
26.268,-0.0004868267780482,53,0
26.27,-0.0007566628280482,53,0
26.272,-0.0010264988780482,53,0
26.274,-0.0012963349280482,53,0
26.276,-0.0015661709780482,53,0
26.278,-0.0008419859780482,53,0
26.28,-0.0006066167780482,53,0
26.282,-0.0010350898780482,53,0
26.284,-0.0012103432530482,53,0
26.286,-0.0013855966280482,53,0
26.288,-0.0015608500030482,53,0
26.29,-0.0017361033780482,53,0
26.292,-0.0009933085780482,53,0
26.294,-0.0006394198780482,53,0
26.296,-0.0006561057780482,53,0
26.298,-0.0010802591780482,53,0
26.3,-0.0015044125780482,53,0
26.302,-0.0019285659780482,53,0
26.304,-0.0006697424780482,53,0
26.306,-0.0006890863447148,53,0
26.308,-0.0007084302113815,53,0
26.31,-0.0007277740780482,53,0
26.312,-0.0004954903780482,53,0
26.314,-0.0007112999280482,53,0
26.316,-0.0009271094780482,53,0
26.318,-0.0011429190280482,53,0
26.32,-0.0013587285780482,53,0
26.322,-0.0006793982780482,53,0
26.324,-0.0005858894780482,53,0
26.326,-0.0004923806780482,53,0
26.328,-0.0015066752780482,53,0
26.33,-0.0015212517447148,53,0
26.332,-0.0015358282113815,53,0
26.334,-0.0015504046780482,53,0
26.336,-0.0008280225780482,53,0
26.338,-0.0006328858780482,53,0
26.34,-0.0005578900780482,53,0
26.342,-0.0009662771780482,53,0
26.344,-0.0012340340447148,53,0
26.346,-0.0015017909113815,53,0
26.348,-0.0017695477780482,53,0
26.35,-0.0009821765780482,53,0
26.352,-0.0006490272780482,53,0
26.354,-0.0006979959780482,53,0
26.356,-0.0010082036780482,53,0
26.358,-0.0013184113780482,53,0
26.36,-0.0016286190780482,53,0
26.362,-0.0019388267780482,53,0
26.364,-0.0011741914780482,53,0
26.366,-0.0006673345780482,53,0
26.368,-0.0007092610780482,53,0
26.37,-0.0004877342780482,53,0
26.372,-0.0007872092780482,53,0
26.374,-0.0010866842780482,53,0
26.376,-0.0013861592780482,53,0
26.378,-0.0007615209780482,53,0
26.38,-0.0007323176280482,53,0
26.382,-0.0007031142780482,53,0
26.384,-0.0004963010780482,53,0
26.386,-0.0015215340780482,53,0
26.388,-0.0015368970447148,53,0
26.39,-0.0015522600113815,53,0
26.392,-0.0015676229780482,53,0
26.394,-0.0008363715780482,53,0
26.396,-0.0006657978780482,53,0
26.398,-0.0006135016780482,53,0
26.4,-0.0010079374780482,53,0
26.402,-0.0012522082447148,53,0
26.404,-0.0014964790113815,53,0
26.406,-0.0017407497780482,53,0
26.408,-0.0009985720780482,53,0
26.41,-0.0006539398780482,53,0
26.412,-0.0006980685780482,53,0
26.414,-0.0006429288780482,53,0
26.416,-0.0010704218780482,53,0
26.418,-0.0014979148780482,53,0
26.42,-0.0019254078780482,53,0
26.422,-0.0011606394780482,53,0
26.424,-0.0006635956780482,53,0
26.426,-0.0007277740780482,53,0
26.428,-0.0008572198780482,53,0
26.43,-0.0009866656780482,53,0
26.432,-0.0011161114780482,53,0
26.434,-0.0012455572780482,53,0
26.436,-0.0013750030780482,53,0
26.438,-0.0007359536780482,53,0
26.44,-0.0006880376780482,53,0
26.442,-0.0014898925780482,53,0
26.444,-0.0015224093113815,53,0
26.446,-0.0015549260447148,53,0
26.448,-0.0015874427780482,53,0
26.45,-0.0011163232280482,53,0
26.452,-0.0006452036780482,53,0
26.454,-0.0006154739780482,53,0
26.456,-0.0005857442780482,53,0
26.458,-0.0009916266780482,53,0
26.46,-0.0012548984780482,53,0
26.462,-0.0015181702780482,53,0
26.464,-0.0017814420780482,53,0
26.466,-0.0009900778780482,53,0
26.468,-0.0006886426780482,53,0
26.47,-0.0006599777780482,53,0
26.472,-0.0006313128780482,53,0
26.474,-0.0008146077113815,53,0
26.476,-0.0009979025447148,53,0
26.478,-0.0011811973780482,53,0
26.48,-0.0006803662780482,53,0
26.482,-0.0005872325780482,53,0
26.484,-0.0004940988780482,53,0
26.486,-0.0006752891180482,53,0
26.488,-0.0008564793580482,53,0
26.49,-0.0010376695980482,53,0
26.492,-0.0012188598380482,53,0
26.494,-0.0014000500780482,53,0
26.496,-0.0007674620780482,53,0
26.498,-0.0007008031780482,53,0
26.5,-0.0005039724780482,54,0
26.502,-0.0014911267780482,54,0
26.504,-0.0015195335447148,54,0
26.506,-0.0015479403113815,54,0
26.508,-0.0015763470780482,54,0
26.51,-0.0006551498780482,54,0
26.512,-0.0008173987780482,54,0
26.514,-0.0009796476780482,54,0
26.516,-0.0012402453780482,54,0
26.518,-0.0015008430780482,54,0
26.52,-0.0017614407780482,54,0
26.522,-0.0009897632780482,54,0
26.524,-0.0006387422780482,54,0
26.526,-0.0006211125780482,54,0
26.528,-0.0009501085530482,54,0
26.53,-0.0012791045280482,54,0
26.532,-0.0016081005030482,54,0
26.534,-0.0019370964780482,54,0
26.536,-0.0011695450780482,54,0
26.538,-0.0006912683780482,54,0
26.54,-0.0005883215780482,54,0
26.542,-0.0004853747780482,54,0
26.544,-0.0005514377530482,54,0
26.546,-0.0006175007280482,54,0
26.548,-0.0006835637030482,54,0
26.55,-0.0007496266780482,54,0
26.552,-0.0007275320780482,54,0
26.554,-0.0007054374780482,54,0
26.556,-0.0005165080780482,54,0
26.558,-0.0007804151280482,54,0
26.56,-0.0010443221780482,54,0
26.562,-0.0013082292280482,54,0
26.564,-0.0015721362780482,54,0
26.566,-0.0008519442780482,54,0
26.568,-0.0006572431780482,54,0
26.57,-0.0005975054780482,54,0
26.572,-0.0009596463780482,54,0
26.574,-0.0009782239113815,54,0
26.576,-0.0009968014447148,54,0
26.578,-0.0010153789780482,54,0
26.58,-0.0008323846280482,54,0
26.582,-0.0006493902780482,54,0
26.584,-0.0006919459780482,54,0
26.586,-0.0010056505780482,54,0
26.588,-0.0013193551780482,54,0
26.59,-0.0016330597780482,54,0
26.592,-0.0019467643780482,54,0
26.594,-0.0011944226780482,54,0
26.596,-0.0006731304780482,54,0
26.598,-0.0006655558780482,54,0
26.6,-0.0019841049780482,54,0
26.602,-0.0018300871030482,54,0
26.604,-0.0016760692280482,54,0
26.606,-0.0015220513530482,54,0
26.608,-0.0013680334780482,54,0
26.61,-0.0007471945780482,54,0
26.612,-0.0006736386780482,54,0
26.614,-0.0014576702780482,54,0
26.616,-0.0015040495780482,54,0
26.618,-0.0015504288780482,54,0
26.62,-0.0015968081780482,54,0
26.622,-0.0012400638780482,54,0
26.624,-0.0008833195780482,54,0
26.626,-0.0006021760780482,54,0
26.628,-0.0007779527780482,54,0
26.63,-0.0009537294780482,54,0
26.632,-0.0012297304780482,54,0
26.634,-0.0015057314780482,54,0
26.636,-0.0017817324780482,54,0
26.638,-0.0010363482780482,54,0
26.64,-0.0006476720780482,54,0
26.642,-0.0006841898780482,54,0
26.644,-0.0006006030780482,54,0
26.646,-0.0010497429780482,54,0
26.648,-0.0014988828780482,54,0
26.65,-0.0019480227780482,54,0
26.652,-0.0006862347780482,54,0
26.654,-0.0006901309780482,54,0
26.656,-0.0005855264780482,54,0
26.658,-0.0004809219780482,54,0
26.66,-0.0007805018447148,54,0
26.662,-0.0010800817113815,54,0
26.664,-0.0013796615780482,54,0
26.666,-0.0010616856780482,54,0
26.668,-0.0007437097780482,54,0
26.67,-0.0006557064780482,54,0
26.672,-0.0004913158780482,54,0
26.674,-0.0014222051780482,54,0
26.676,-0.0014773489113815,54,0
26.678,-0.0015324926447148,54,0
26.68,-0.0015876363780482,54,0
26.682,-0.0008649517780482,54,0
26.684,-0.0006507454780482,54,0
26.686,-0.0009372371780482,54,0
26.688,-0.0013589282280482,54,0
26.69,-0.0017806192780482,54,0
26.692,-0.0013996447280482,54,0
26.694,-0.0010186701780482,54,0
26.696,-0.0008362324280482,54,0
26.698,-0.0006537946780482,54,0
26.7,-0.0006929139780482,54,0
26.702,-0.0010078588280482,54,0
26.704,-0.0013228036780482,54,0
26.706,-0.0016377485280482,54,0
26.708,-0.0019526933780482,54,0
26.71,-0.0012101526780482,54,0
26.712,-0.0007133629780482,54,0
26.714,-0.0005925505280482,54,0
26.716,-0.0004717380780482,54,0
26.718,-0.0019535645780482,54,0
26.72,-0.0017684144113815,54,0
26.722,-0.0015832642447148,54,0
26.724,-0.0013981140780482,54,0
26.726,-0.0007676919780482,54,0
26.728,-0.0006766878780482,54,0
26.73,-0.0005065618780482,54,0
26.732,-0.0005985763280482,54,0
26.734,-0.0006905907780482,54,0
26.736,-0.0007826052280482,54,0
26.738,-0.0008746196780482,54,0
26.74,-0.0007665061780482,54,0
26.742,-0.0006583926780482,54,0
26.744,-0.0006155707780482,54,0
26.746,-0.0010076148113815,54,0
26.748,-0.0013996588447148,54,0
26.75,-0.0017917028780482,54,0
26.752,-0.0014123376280482,54,0
26.754,-0.0010329723780482,54,0
26.756,-0.0006512778780482,54,0
26.758,-0.0006003973780482,54,0
26.76,-0.0007454189030482,54,0
26.762,-0.0008904404280482,54,0
26.764,-0.0010354619530482,54,0
26.766,-0.0011804834780482,54,0
26.768,-0.0009230378280482,54,0
26.77,-0.0006655921780482,54,0
26.772,-0.0007044452780482,54,0
26.774,-0.0004714960780482,54,0
26.776,-0.0019190553780482,54,0
26.778,-0.0017396002780482,54,0
26.78,-0.0015601451780482,54,0
26.782,-0.0013806900780482,54,0
26.784,-0.0006715574780482,54,0
26.786,-0.0005105185780482,54,0
26.788,-0.0007313798780482,54,0
26.79,-0.0009522411780482,54,0
26.792,-0.0011731024780482,54,0
26.794,-0.0013939637780482,54,0
26.796,-0.0016148250780482,54,0
26.798,-0.0008701547780482,54,0
26.8,-0.0006530202780482,54,0
26.802,-0.0006090367780482,54,0
26.804,-0.0008861025780482,54,0
26.806,-0.0011843796780482,54,0
26.808,-0.0014826567780482,54,0
26.81,-0.0017809338780482,54,0
26.812,-0.0010204367780482,54,0
26.814,-0.0006896348780482,54,0
26.816,-0.0009435872580482,54,0
26.818,-0.0011975396380482,54,0
26.82,-0.0014514920180482,54,0
26.822,-0.0017054443980482,54,0
26.824,-0.0019593967780482,54,0
26.826,-0.0012016100780482,54,0
26.828,-0.0006636077780482,54,0
26.83,-0.0007111002780482,54,0
26.832,-0.0004662809780482,54,0
26.834,-0.0019122067780482,54,0
26.836,-0.0017397616113815,54,0
26.838,-0.0015673164447148,54,0
26.84,-0.0013948712780482,54,0
26.842,-0.0007556282780482,54,0
26.844,-0.0006792288780482,54,0
26.846,-0.0005209850780482,54,0
26.848,-0.0007966472780482,54,0
26.85,-0.0010723094780482,54,0
26.852,-0.0013479716780482,54,0
26.854,-0.0016236338780482,54,0
26.856,-0.0008918984780482,54,0
26.858,-0.0006376169780482,54,0
26.86,-0.0009064789780482,54,0
26.862,-0.0011323890030482,54,0
26.864,-0.0013582990280482,54,0
26.866,-0.0015842090530482,54,0
26.868,-0.0018101190780482,54,0
26.87,-0.0010572207780482,54,0
26.872,-0.0006595663780482,54,0
26.874,-0.0006931680780482,54,0
26.876,-0.0005770201780482,54,0
26.878,-0.0010481014113815,54,0
26.88,-0.0015191826447148,54,0
26.882,-0.0019902638780482,54,0
26.884,-0.0012095113780482,54,0
26.886,-0.0007176342780482,54,0
26.888,-0.0004742790780482,54,0
26.89,-0.0007156438280482,54,0
26.892,-0.0009570085780482,54,0
26.894,-0.0011983733280482,54,0
26.896,-0.0014397380780482,54,0
26.898,-0.0007738024780482,54,0
26.9,-0.0006812011780482,54,0
26.902,-0.0006096659780482,54,0
26.904,-0.0005381307780482,54,0
26.906,-0.0013851912780482,54,0
26.908,-0.0014655070447148,54,0
26.91,-0.0015458228113815,54,0
26.912,-0.0016261385780482,54,0
26.914,-0.0008788667780482,54,0
26.916,-0.0006704684780482,54,0
26.918,-0.0006492934780482,54,0
26.92,-0.0009211078780482,54,0
26.922,-0.0013771205780482,54,0
26.924,-0.0018331332780482,54,0
26.926,-0.0010514611780482,54,0
26.928,-0.0006676128780482,54,0
26.93,-0.0007254508780482,54,0
26.932,-0.0006059512780482,54,0
26.934,-0.0010668685113815,54,0
26.936,-0.0015277857447148,54,0
26.938,-0.0019887029780482,54,0
26.94,-0.0012453757780482,54,0
26.942,-0.0006950314780482,54,0
26.944,-0.0004992050780482,54,0
26.946,-0.0005952367280482,54,0
26.948,-0.0006912683780482,54,0
26.95,-0.0005423778780482,54,0
26.952,-0.0013843805780482,54,0
26.954,-0.0016436593780482,54,0
26.956,-0.0013183952447148,54,0
26.958,-0.0009931311113815,54,0
26.96,-0.0006678669780482,54,0
26.962,-0.0007852006780482,54,0
26.964,-0.0009025343780482,54,0
26.966,-0.0010560369947148,54,0
26.968,-0.0012095396113815,54,0
26.97,-0.0013630422280482,54,0
26.972,-0.0015165448447148,54,0
26.974,-0.0016700474613815,54,0
26.976,-0.0018235500780482,54,0
26.978,-0.0016346055530482,54,0
26.98,-0.0014456610280482,54,0
26.982,-0.0012567165030482,54,0
26.984,-0.0010677719780482,54,0
26.986,-0.0007042274780482,54,0
26.988,-0.0008394298530482,54,0
26.99,-0.0009746322280482,54,0
26.992,-0.0011098346030482,54,0
26.994,-0.0012450369780482,54,0
26.996,-0.0006962656780482,54,0
26.998,-0.0006238270113815,54,0
27.0,-0.0005513883447148,55,1
27.002,-0.0004789496780482,55,1
27.004,-0.0019038093780482,55,1
27.006,-0.0017541323780482,55,1
27.008,-0.0016044553780482,55,1
27.01,-0.0014547783780482,55,1
27.012,-0.0007876569780482,55,1
27.014,-0.0005366061780482,55,1
27.016,-0.0006369847530482,55,1
27.018,-0.0007373633280482,55,1
27.02,-0.0008377419030482,55,1
27.022,-0.0009381204780482,55,1
27.024,-0.0008737152030482,55,1
27.026,-0.0008093099280482,55,1
27.028,-0.0007449046530482,55,1
27.03,-0.0006804993780482,55,1
27.032,-0.0009718946030482,55,1
27.034,-0.0012632898280482,55,1
27.036,-0.0015546850530482,55,1
27.038,-0.0018460802780482,55,1
27.04,-0.0014642587280482,55,1
27.042,-0.0010824371780482,55,1
27.044,-0.0007312346780482,55,1
27.046,-0.0006759921280482,55,1
27.048,-0.0006207495780482,55,1
27.05,-0.0007851674030482,55,1
27.052,-0.0009495852280482,55,1
27.054,-0.0011140030530482,55,1
27.056,-0.0012784208780482,55,1
27.058,-0.0007501711780482,55,1
27.06,-0.0005571640780482,55,1
27.062,-0.0012708644280482,55,1
27.064,-0.0019845647780482,55,1
27.066,-0.0018351055780482,55,1
27.068,-0.0016856463780482,55,1
27.07,-0.0015361871780482,55,1
27.072,-0.0009091530780482,55,1
27.074,-0.0007696521780482,55,1
27.076,-0.0014914413780482,55,1
27.078,-0.0015756967030482,55,1
27.08,-0.0016599520280482,55,1
27.082,-0.0017442073530482,55,1
27.084,-0.0018284626780482,55,1
27.086,-0.0011702105780482,55,1
27.088,-0.0008728772780482,55,1
27.09,-0.0009368620780482,55,1
27.092,-0.0012223373780482,55,1
27.094,-0.0013456525113815,55,1
27.096,-0.0014689676447148,55,1
27.098,-0.0015922827780482,55,1
27.1,-0.0012234263780482,55,1
27.102,-0.0012746093780482,55,1
27.104,-0.0013938931947148,55,1
27.106,-0.0015131770113815,55,1
27.108,-0.0016324608280482,55,1
27.11,-0.0017517446447148,55,1
27.112,-0.0018710284613815,55,1
27.114,-0.0019903122780482,55,1
27.116,-0.0014094154780482,55,1
27.118,-0.0013833278780482,55,1
27.12,-0.0011420780780482,55,1
27.122,-0.0012169286780482,55,1
27.124,-0.0012917792780482,55,1
27.126,-0.0013666298780482,55,1
27.128,-0.0014414804780482,55,1
27.13,-0.0012790137780482,55,1
27.132,-0.0011129291780482,55,1
27.134,-0.0015007946780482,55,1
27.136,-0.0018886601780482,55,1
27.138,-0.0017634251780482,55,1
27.14,-0.0016381901780482,55,1
27.142,-0.0015129551780482,55,1
27.144,-0.0013877201780482,55,1
27.146,-0.0010952147780482,55,1
27.148,-0.0010400508780482,55,1
27.15,-0.0011044688580482,55,1
27.152,-0.0011688868380482,55,1
27.154,-0.0012333048180482,55,1
27.156,-0.0012977227980482,55,1
27.158,-0.0013621407780482,55,1
27.16,-0.0009521322780482,55,1
27.162,-0.0008690355280482,55,1
27.164,-0.0007859387780482,55,1
27.166,-0.0009385137280482,55,1
27.168,-0.0010910886780482,55,1
27.17,-0.0012436636280482,55,1
27.172,-0.0013962385780482,55,1
27.174,-0.0007974821780482,55,1
27.176,-0.0005366061780482,55,1
27.178,-0.0012218957280482,55,1
27.18,-0.0019071852780482,55,1
27.182,-0.0015357919113815,55,1
27.184,-0.0011643985447148,55,1
27.186,-0.0007930051780482,55,1
27.188,-0.0006834517780482,55,1
27.19,-0.0006130479280482,55,1
27.192,-0.0005426440780482,55,1
27.194,-0.0008138928030482,55,1
27.196,-0.0010851415280482,55,1
27.198,-0.0013563902530482,55,1
27.2,-0.0016276389780482,55,1
27.202,-0.0008665489780482,55,1
27.204,-0.0005792586780482,55,1
27.206,-0.0006607219280482,55,1
27.208,-0.0007421851780482,55,1
27.21,-0.0010683043780482,55,1
27.212,-0.0013944235780482,55,1
27.214,-0.0017205427780482,55,1
27.216,-0.0009629012780482,55,1
27.218,-0.0005348395780482,55,1
27.22,-0.0004270648780482,55,1
27.222,-0.0007670809280482,55,1
27.224,-0.0011070969780482,55,1
27.226,-0.0005595840780482,55,1
27.228,-0.0003439499780482,55,1
27.23,-0.0006784938030482,55,1
27.232,-0.0010130376280482,55,1
27.234,-0.0013475814530482,55,1
27.236,-0.0016821252780482,55,1
27.238,-0.0015614398780482,55,1
27.24,-0.0014407544780482,55,1
27.242,-0.0013200690780482,55,1
27.244,-0.0006381493780482,55,1
27.246,-0.0005875713780482,55,1
27.248,-0.0005369933780482,55,1
27.25,-0.0005767055780482,55,1
27.252,-0.0006164177780482,55,1
27.254,-0.0006561299780482,55,1
27.256,-0.0006958421780482,55,1
27.258,-0.0007355543780482,55,1
27.26,-0.0006206346280482,55,1
27.262,-0.0005057148780482,55,1
27.264,-0.0007344750580482,55,1
27.266,-0.0009632352380482,55,1
27.268,-0.0011919954180482,55,1
27.27,-0.0014207555980482,55,1
27.272,-0.0016495157780482,55,1
27.274,-0.0009114762780482,55,1
27.276,-0.0005065618780482,55,1
27.278,-0.0004145292780482,55,1
27.28,-0.0007772207280482,55,1
27.282,-0.0011399121780482,55,1
27.284,-0.0015026036280482,55,1
27.286,-0.0018652950780482,55,1
27.288,-0.0005359164780482,55,1
27.29,-0.0005376709780482,55,1
27.292,-0.0005394254780482,55,1
27.294,-0.0002928758780482,55,1
27.296,-0.0016226053780482,55,1
27.298,-0.0015065502447148,55,1
27.3,-0.0013904951113815,55,1
27.302,-0.0012744399780482,55,1
27.304,-0.0006082018780482,55,1
27.306,-0.0005127207780482,55,1
27.308,-0.0003899420780482,55,1
27.31,-0.0006709131530482,55,1
27.312,-0.0009518842280482,55,1
27.314,-0.0012328553030482,55,1
27.316,-0.0015138263780482,55,1
27.318,-0.0007932471780482,55,1
27.32,-0.0005560145780482,55,1
27.322,-0.0005698569780482,55,1
27.324,-0.0007928478780482,55,1
27.326,-0.0013393746280482,55,1
27.328,-0.0018859013780482,55,1
27.33,-0.0010961585780482,55,1
27.332,-0.0007011298780482,55,1
27.334,-0.0007371818280482,55,1
27.336,-0.0007732337780482,55,1
27.338,-0.0006661971780482,55,1
27.34,-0.0007611670530482,55,1
27.342,-0.0008561369280482,55,1
27.344,-0.0009511068030482,55,1
27.346,-0.0010460766780482,55,1
27.348,-0.001088986735191,55,1
27.35,-0.0011318967923339,55,1
27.352,-0.0011748068494767,55,1
27.354,-0.0012177169066196,55,1
27.356,-0.0012606269637625,55,1
27.358,-0.0013035370209053,55,1
27.36,-0.0013464470780482,55,1
27.362,-0.0013011809780482,55,1
27.364,-0.0012559148780482,55,1
27.366,-0.0011501245780482,55,1
27.368,-0.0012730152030482,55,1
27.37,-0.0013959058280482,55,1
27.372,-0.0015187964530482,55,1
27.374,-0.0016416870780482,55,1
27.376,-0.0014946962780482,55,1
27.378,-0.0013477054780482,55,1
27.38,-0.0015074859780482,55,1
27.382,-0.0015843621180482,55,1
27.384,-0.0016612382580482,55,1
27.386,-0.0017381143980482,55,1
27.388,-0.0018149905380482,55,1
27.39,-0.0018918666780482,55,1
27.392,-0.0014435495780482,55,1
27.394,-0.0014822574780482,55,1
27.396,-0.0012845918780482,55,1
27.398,-0.0013635484113815,55,1
27.4,-0.0014425049447148,55,1
27.402,-0.0015214614780482,55,1
27.404,-0.0015180976780482,55,1
27.406,-0.0012622673780482,55,1
27.408,-0.0013076008923339,55,1
27.41,-0.0013529344066196,55,1
27.412,-0.0013982679209053,55,1
27.414,-0.001443601435191,55,1
27.416,-0.0014889349494767,55,1
27.418,-0.0015342684637625,55,1
27.42,-0.0015796019780482,55,1
27.422,-0.0014128034780482,55,1
27.424,-0.0014497538530482,55,1
27.426,-0.0014867042280482,55,1
27.428,-0.0015236546030482,55,1
27.43,-0.0015606049780482,55,1
27.432,-0.0012270805780482,55,1
27.434,-0.0012904724780482,55,1
27.436,-0.001331809535191,55,1
27.438,-0.0013731465923339,55,1
27.44,-0.0014144836494767,55,1
27.442,-0.0014558207066196,55,1
27.444,-0.0014971577637625,55,1
27.446,-0.0015384948209053,55,1
27.448,-0.0015798318780482,55,1
27.45,-0.0010959286780482,55,1
27.452,-0.0011009138780482,55,1
27.454,-0.0008988559780482,55,1
27.456,-0.0011305427447148,55,1
27.458,-0.0013622295113815,55,1
27.46,-0.0015939162780482,55,1
27.462,-0.0012965829780482,55,1
27.464,-0.0009992496780482,55,1
27.466,-0.0009691448780482,55,1
27.468,-0.0007167267780482,55,1
27.47,-0.0019751872780482,55,1
27.472,-0.0018820334113815,55,1
27.474,-0.0017888795447148,55,1
27.476,-0.0016957256780482,55,1
27.478,-0.0009858791780482,55,1
27.48,-0.0008459305780482,55,1
27.482,-0.0007111002780482,55,1
27.484,-0.0013270749780482,55,1
27.486,-0.0015656385780482,55,1
27.488,-0.0018042021780482,55,1
27.49,-0.0014286968280482,55,1
27.492,-0.0010531914780482,55,1
27.494,-0.0007388092780482,55,1
27.496,-0.0008357544780482,55,1
27.498,-0.0012021465113815,55,1
27.5,-0.0015685385447148,56,0
27.502,-0.0019349305780482,56,0
27.504,-0.0015549905780482,56,0
27.506,-0.0011750505780482,56,0
27.508,-0.0007252572780482,56,0
27.51,-0.0007671353780482,56,0
27.512,-0.0005481374780482,56,0
27.514,-0.0007454794030482,56,0
27.516,-0.0009428213280482,56,0
27.518,-0.0011401632530482,56,0
27.52,-0.0013375051780482,56,0
27.522,-0.0007398619780482,56,0
27.524,-0.0004764449780482,56,0
27.526,-0.0017177597780482,56,0
27.528,-0.0016402633113815,56,0
27.53,-0.0015627668447148,56,0
27.532,-0.0014852703780482,56,0
27.534,-0.0008017534780482,56,0
27.536,-0.0006828830780482,56,0
27.538,-0.0005598139780482,56,0
27.54,-0.0008377056030482,56,0
27.542,-0.0011155972280482,56,0
27.544,-0.0013934888530482,56,0
27.546,-0.0016713804780482,56,0
27.548,-0.0009136663780482,56,0
27.55,-0.0006257710780482,56,0
27.552,-0.0006253112780482,56,0
27.554,-0.0007104347780482,56,0
27.556,-0.0010846313113815,56,0
27.558,-0.0014588278447148,56,0
27.56,-0.0018330243780482,56,0
27.562,-0.0006329947780482,56,0
27.564,-0.0004636310780482,56,0
27.566,-0.0005978301613815,56,0
27.568,-0.0007320292447148,56,0
27.57,-0.0008662283280482,56,0
27.572,-0.0010004274113815,56,0
27.574,-0.0011346264947148,56,0
27.576,-0.0012688255780482,56,0
27.578,-0.0006696456780482,56,0
27.58,-0.0006445744780482,56,0
27.582,-0.0004190183780482,56,0
27.584,-0.0016259086780482,56,0
27.586,-0.0015584350447148,56,0
27.588,-0.0014909614113815,56,0
27.59,-0.0014234877780482,56,0
27.592,-0.0007406726780482,56,0
27.594,-0.0005921330780482,56,0
27.596,-0.0004889805780482,56,0
27.598,-0.0005931162030482,56,0
27.6,-0.0006972518280482,56,0
27.602,-0.0008013874530482,56,0
27.604,-0.0009055230780482,56,0
27.606,-0.0005822836780482,56,0
27.608,-0.0005862101280482,56,0
27.61,-0.0005901365780482,56,0
27.612,-0.0006431103780482,56,0
27.614,-0.0010322342780482,56,0
27.616,-0.0014213581780482,56,0
27.618,-0.0018104820780482,56,0
27.62,-0.0010440559780482,56,0
27.622,-0.0005807227780482,56,0
27.624,-0.0006346524780482,56,0
27.626,-0.0004298962780482,56,0
27.628,-0.0009489983780482,56,0
27.63,-0.0014681004780482,56,0
27.632,-0.0019872025780482,56,0
27.634,-0.0012695152780482,56,0
27.636,-0.0006215723780482,56,0
27.638,-0.0004019815780482,56,0
27.64,-0.0010005322780482,56,0
27.642,-0.0015990829780482,56,0
27.644,-0.0015488962113815,56,0
27.646,-0.0014987094447148,56,0
27.648,-0.0014485226780482,56,0
27.65,-0.0007682243780482,56,0
27.652,-0.0006180512780482,56,0
27.654,-0.0005194241780482,56,0
27.656,-0.0010842763780482,56,0
27.658,-0.0012705720113815,56,0
27.66,-0.0014568676447148,56,0
27.662,-0.0016431632780482,56,0
27.664,-0.0008945483780482,56,0
27.666,-0.0006243311780482,56,0
27.668,-0.0009202548280482,56,0
27.67,-0.0012161784780482,56,0
27.672,-0.0015121021280482,56,0
27.674,-0.0018080257780482,56,0
27.676,-0.0014262344780482,56,0
27.678,-0.0010444431780482,56,0
27.68,-0.0005895799780482,56,0
27.682,-0.0006339143780482,56,0
27.684,-0.0004266655780482,56,0
27.686,-0.0009446706113815,56,0
27.688,-0.0014626756447148,56,0
27.69,-0.0019806806780482,56,0
27.692,-0.0012487879780482,56,0
27.694,-0.0006637650780482,56,0
27.696,-0.0004209422780482,56,0
27.698,-0.0016000267780482,56,0
27.7,-0.0013301524113815,56,0
27.702,-0.0010602780447148,56,0
27.704,-0.0007904036780482,56,0
27.706,-0.0007326584447148,56,0
27.708,-0.0006749132113815,56,0
27.71,-0.0006171679780482,56,0
27.712,-0.0005182504780482,56,0
27.714,-0.0010709905780482,56,0
27.716,-0.0012700234780482,56,0
27.718,-0.0014690563780482,56,0
27.72,-0.0016680892780482,56,0
27.722,-0.0009325181780482,56,0
27.724,-0.0006043782780482,56,0
27.726,-0.0006180996780482,56,0
27.728,-0.0009277023780482,56,0
27.73,-0.0012373050780482,56,0
27.732,-0.0015469077780482,56,0
27.734,-0.0018565104780482,56,0
27.736,-0.0006145422780482,56,0
27.738,-0.0006401156280482,56,0
27.74,-0.0006656889780482,56,0
27.742,-0.0004600857780482,56,0
27.744,-0.0006657283030482,56,0
27.746,-0.0008713708280482,56,0
27.748,-0.0010770133530482,56,0
27.75,-0.0012826558780482,56,0
27.752,-0.0006682541780482,56,0
27.754,-0.0006444897780482,56,0
27.756,-0.0004275730780482,56,0
27.758,-0.0007004704280482,56,0
27.76,-0.0009733677780482,56,0
27.762,-0.0012462651280482,56,0
27.764,-0.0015191624780482,56,0
27.766,-0.0006177003780482,56,0
27.768,-0.0007962217613815,56,0
27.77,-0.0009747431447148,56,0
27.772,-0.0011532645280482,56,0
27.774,-0.0013317859113815,56,0
27.776,-0.0015103072947148,56,0
27.778,-0.0016888286780482,56,0
27.78,-0.0009359182780482,56,0
27.782,-0.0006013532780482,56,0
27.784,-0.0006101015780482,56,0
27.786,-0.0006448890780482,56,0
27.788,-0.0010437655780482,56,0
27.79,-0.0014426420780482,56,0
27.792,-0.0018415185780482,56,0
27.794,-0.0006272109780482,56,0
27.796,-0.0006505095280482,56,0
27.798,-0.0006738080780482,56,0
27.8,-0.0004685315780482,56,0
27.802,-0.0006809410280482,56,0
27.804,-0.0008933504780482,56,0
27.806,-0.0011057599280482,56,0
27.808,-0.0013181693780482,56,0
27.81,-0.0006509269780482,56,0
27.812,-0.0004439564780482,56,0
27.814,-0.0015608227780482,56,0
27.816,-0.0015536807530482,56,0
27.818,-0.0015465387280482,56,0
27.82,-0.0015393967030482,56,0
27.822,-0.0015322546780482,56,0
27.824,-0.0008089529780482,56,0
27.826,-0.0006276586780482,56,0
27.828,-0.0010481215780482,56,0
27.83,-0.0012756378780482,56,0
27.832,-0.0015031541780482,56,0
27.834,-0.0017306704780482,56,0
27.836,-0.0009749649780482,56,0
27.838,-0.0007978814780482,56,0
27.84,-0.0006207979780482,56,0
27.842,-0.0006316637780482,56,0
27.844,-0.0006468855780482,56,0
27.846,-0.0012595569780482,56,0
27.848,-0.0018722283780482,56,0
27.85,-0.0014960514780482,56,0
27.852,-0.0011198745780482,56,0
27.854,-0.0006464015780482,56,0
27.856,-0.0006760707780482,56,0
27.858,-0.0004591298780482,56,0
27.86,-0.0006672166030482,56,0
27.862,-0.0008753033280482,56,0
27.864,-0.0010833900530482,56,0
27.866,-0.0012914767780482,56,0
27.868,-0.0006617201780482,56,0
27.87,-0.0004585490780482,56,0
27.872,-0.0006707758180482,56,0
27.874,-0.0008830025580482,56,0
27.876,-0.0010952292980482,56,0
27.878,-0.0013074560380482,56,0
27.88,-0.0015196827780482,56,0
27.882,-0.0008074162780482,56,0
27.884,-0.0006194427780482,56,0
27.886,-0.0010199769780482,56,0
27.888,-0.0011952999280482,56,0
27.89,-0.0013706228780482,56,0
27.892,-0.0015459458280482,56,0
27.894,-0.0017212687780482,56,0
27.896,-0.0009625140780482,56,0
27.898,-0.0006184989780482,56,0
27.9,-0.0006688954780482,56,0
27.902,-0.0006457844780482,56,0
27.904,-0.0010605321447148,56,0
27.906,-0.0014752798113815,56,0
27.908,-0.0018900274780482,56,0
27.91,-0.0011401057780482,56,0
27.912,-0.0006984436780482,56,0
27.914,-0.0005920483780482,56,0
27.916,-0.0004856530780482,56,0
27.918,-0.0006986645030482,56,0
27.92,-0.0009116759280482,56,0
27.922,-0.0011246873530482,56,0
27.924,-0.0013376987780482,56,0
27.926,-0.0007024729780482,56,0
27.928,-0.0006392020780482,56,0
27.93,-0.0004445372780482,56,0
27.932,-0.0015081756780482,56,0
27.934,-0.0015140078780482,56,0
27.936,-0.0015198400780482,56,0
27.938,-0.0008013420780482,56,0
27.94,-0.0007099084280482,56,0
27.942,-0.0006184747780482,56,0
27.944,-0.0010017664780482,56,0
27.946,-0.0012383618113815,56,0
27.948,-0.0014749571447148,56,0
27.95,-0.0017115524780482,56,0
27.952,-0.0013367549780482,56,0
27.954,-0.0009619574780482,56,0
27.956,-0.0006137678780482,56,0
27.958,-0.0006486642780482,56,0
27.96,-0.0006200114780482,56,0
27.962,-0.0010449634780482,56,0
27.964,-0.0014699154780482,56,0
27.966,-0.0018948674780482,56,0
27.968,-0.0011490597780482,56,0
27.97,-0.0006425537780482,56,0
27.972,-0.0006649992780482,56,0
27.974,-0.0008329079530482,56,0
27.976,-0.0010008166280482,56,0
27.978,-0.0011687253030482,56,0
27.98,-0.0013366339780482,56,0
27.982,-0.0010173028780482,56,0
27.984,-0.0006979717780482,56,0
27.986,-0.0006386454780482,56,0
27.988,-0.0004659421780482,56,0
27.99,-0.0015047271780482,56,0
27.992,-0.0011512740780482,56,0
27.994,-0.0007978209780482,56,0
27.996,-0.0007051894280482,56,0
27.998,-0.0006125578780482,56,0
28.0,-0.0005848367780482,57,0
28.002,-0.0005571156780482,57,0
28.004,-0.0009632642780482,57,0
28.006,-0.0013500649780482,57,0
28.008,-0.0017368656780482,57,0
28.01,-0.0009850079780482,57,0
28.012,-0.0006698634780482,57,0
28.014,-0.0006417672780482,57,0
28.016,-0.0006136710780482,57,0
28.018,-0.0009314352280482,57,0
28.02,-0.0012491993780482,57,0
28.022,-0.0015669635280482,57,0
28.024,-0.0018847276780482,57,0
28.026,-0.0011412310780482,57,0
28.028,-0.0006916797780482,57,0
28.03,-0.0004510349780482,57,0
28.032,-0.0006290356580482,57,0
28.034,-0.0008070363380482,57,0
28.036,-0.0009850370180482,57,0
28.038,-0.0011630376980482,57,0
28.04,-0.0013410383780482,57,0
28.042,-0.0006915950780482,57,0
28.044,-0.0004720405780482,57,0
28.046,-0.0014955553780482,57,0
28.048,-0.0015128402280482,57,0
28.05,-0.0015301250780482,57,0
28.052,-0.0015474099280482,57,0
28.054,-0.0015646947780482,57,0
28.056,-0.0008144947780482,57,0
28.058,-0.0006223346780482,57,0
28.06,-0.0005747332780482,57,0
28.062,-0.0009831082780482,57,0
28.064,-0.0012401969780482,57,0
28.066,-0.0014972856780482,57,0
28.068,-0.0017543743780482,57,0
28.07,-0.0009743236780482,57,0
28.072,-0.0006282878780482,57,0
28.074,-0.0006681694780482,57,0
28.076,-0.0006229154780482,57,0
28.078,-0.0010631013780482,57,0
28.08,-0.0015032872780482,57,0
28.082,-0.0019434731780482,57,0
28.084,-0.0011814030780482,57,0
28.086,-0.0006483738780482,57,0
28.088,-0.0004402296780482,57,0
28.09,-0.0006704200780482,57,0
28.092,-0.0009006104780482,57,0
28.094,-0.0011308008780482,57,0
28.096,-0.0013609912780482,57,0
28.098,-0.0010341097780482,57,0
28.1,-0.0007072282780482,57,0
28.102,-0.0006437758780482,57,0
28.104,-0.0004835597780482,57,0
28.106,-0.0015122049780482,57,0
28.108,-0.0015504772780482,57,0
28.11,-0.0015887495780482,57,0
28.112,-0.0012219683280482,57,0
28.114,-0.0008551870780482,57,0
28.116,-0.0006292800780482,57,0
28.118,-0.0009882628780482,57,0
28.12,-0.0011850209780482,57,0
28.122,-0.0013817790780482,57,0
28.124,-0.0015785371780482,57,0
28.126,-0.0017752952780482,57,0
28.128,-0.0010061829780482,57,0
28.13,-0.0006280337780482,57,0
28.132,-0.0006759497780482,57,0
28.134,-0.0006251539780482,57,0
28.136,-0.0010699459447148,57,0
28.138,-0.0015147379113815,57,0
28.14,-0.0019595298780482,57,0
28.142,-0.0011810763780482,57,0
28.144,-0.0007117778780482,57,0
28.146,-0.0008410034580482,57,0
28.148,-0.0009702290380482,57,0
28.15,-0.0010994546180482,57,0
28.152,-0.0012286801980482,57,0
28.154,-0.0013579057780482,57,0
28.156,-0.0010384173780482,57,0
28.158,-0.0007189289780482,57,0
28.16,-0.0004728754780482,57,0
28.162,-0.0014684392780482,57,0
28.164,-0.0014937071030482,57,0
28.166,-0.0015189749280482,57,0
28.168,-0.0015442427530482,57,0
28.17,-0.0015695105780482,57,0
28.172,-0.0008362263780482,57,0
28.174,-0.0006325833780482,57,0
28.176,-0.0005742613780482,57,0
28.178,-0.0009694836780482,57,0
28.18,-0.0012394830780482,57,0
28.182,-0.0015094824780482,57,0
28.184,-0.0017794818780482,57,0
28.186,-0.0006389963780482,57,0
28.188,-0.0006602076780482,57,0
28.19,-0.0006814189780482,57,0
28.192,-0.0010040866530482,57,0
28.194,-0.0013267543280482,57,0
28.196,-0.0016494220030482,57,0
28.198,-0.0019720896780482,57,0
28.2,-0.0011828550780482,57,0
28.202,-0.0006569406780482,57,0
28.204,-0.0007004280780482,57,0
28.206,-0.0004577746780482,57,0
28.208,-0.0019547866780482,57,0
28.21,-0.0017570121780482,57,0
28.212,-0.0015592376780482,57,0
28.214,-0.0013614631780482,57,0
28.216,-0.0007479326780482,57,0
28.218,-0.0006795313780482,57,0
28.22,-0.0005061504780482,57,0
28.222,-0.0007739355780482,57,0
28.224,-0.0010417206780482,57,0
28.226,-0.0013095057780482,57,0
28.228,-0.0015772908780482,57,0
28.23,-0.0010807371280482,57,0
28.232,-0.0005841833780482,57,0
28.234,-0.0008840486030482,57,0
28.236,-0.0011839138280482,57,0
28.238,-0.0014837790530482,57,0
28.24,-0.0017836442780482,57,0
28.242,-0.0010217919780482,57,0
28.244,-0.0006376290780482,57,0
28.246,-0.0006749575780482,57,0
28.248,-0.0006116745780482,57,0
28.25,-0.0012840292280482,57,0
28.252,-0.0019563838780482,57,0
28.254,-0.0015650759280482,57,0
28.256,-0.0011737679780482,57,0
28.258,-0.0006699965780482,57,0
28.26,-0.0007114874780482,57,0
28.262,-0.0004827127780482,57,0
28.264,-0.0019690767780482,57,0
28.266,-0.0017668051113815,57,0
28.268,-0.0015645334447148,57,0
28.27,-0.0013622617780482,57,0
28.272,-0.0007283669780482,57,0
28.274,-0.0006693673780482,57,0
28.276,-0.0005078928780482,57,0
28.278,-0.0007756810030482,57,0
28.28,-0.0010434691280482,57,0
28.282,-0.0013112572530482,57,0
28.284,-0.0015790453780482,57,0
28.286,-0.0008449262780482,57,0
28.288,-0.0006055035780482,57,0
28.29,-0.0009235762780482,57,0
28.292,-0.0012094186113815,57,0
28.294,-0.0014952609447148,57,0
28.296,-0.0017811032780482,57,0
28.298,-0.0010015728780482,57,0
28.3,-0.0008194073780482,57,0
28.302,-0.0006372418780482,57,0
28.304,-0.0006874568780482,57,0
28.306,-0.0006083833780482,57,0
28.308,-0.0010569666780482,57,0
28.31,-0.0015055499780482,57,0
28.312,-0.0019541332780482,57,0
28.314,-0.0011861583780482,57,0
28.316,-0.0006905181780482,57,0
28.318,-0.0007123707780482,57,0
28.32,-0.0019763609780482,57,0
28.322,-0.0018342767280482,57,0
28.324,-0.0016921924780482,57,0
28.326,-0.0015501082280482,57,0
28.328,-0.0014080239780482,57,0
28.33,-0.0007677887780482,57,0
28.332,-0.0006941481780482,57,0
28.334,-0.0005434789780482,57,0
28.336,-0.0014400163780482,57,0
28.338,-0.0014933773780482,57,0
28.34,-0.0015467383780482,57,0
28.342,-0.0016000993780482,57,0
28.344,-0.0008851345780482,57,0
28.346,-0.0006485795780482,57,0
28.348,-0.0006012201780482,57,0
28.35,-0.0009069750780482,57,0
28.352,-0.0012094549113815,57,0
28.354,-0.0015119347447148,57,0
28.356,-0.0018144145780482,57,0
28.358,-0.0010627867780482,57,0
28.36,-0.0006884853780482,57,0
28.362,-0.0005989453780482,57,0
28.364,-0.0009325423780482,57,0
28.366,-0.0012661393780482,57,0
28.368,-0.0015997363780482,57,0
28.37,-0.0019333333780482,57,0
28.372,-0.0012024449780482,57,0
28.374,-0.0006584894780482,57,0
28.376,-0.0006645394780482,57,0
28.378,-0.0004558991780482,57,0
28.38,-0.0019355234780482,57,0
28.382,-0.0017638043113815,57,0
28.384,-0.0015920851447148,57,0
28.386,-0.0014203659780482,57,0
28.388,-0.0007461297780482,57,0
28.39,-0.0006739169780482,57,0
28.392,-0.0013898255780482,57,0
28.394,-0.0014638372447148,57,0
28.396,-0.0015378489113815,57,0
28.398,-0.0016118605780482,57,0
28.4,-0.0012436152280482,57,0
28.402,-0.0008753698780482,57,0
28.404,-0.0006546779780482,57,0
28.406,-0.0009333893780482,57,0
28.408,-0.0011475684530482,57,0
28.41,-0.0013617475280482,57,0
28.412,-0.0015759266030482,57,0
28.414,-0.0017901056780482,57,0
28.416,-0.0010087118780482,57,0
28.418,-0.0006759255780482,57,0
28.42,-0.0011117837113815,57,0
28.422,-0.0015476418447148,57,0
28.424,-0.0019834999780482,57,0
28.426,-0.0016002869280482,57,0
28.428,-0.0012170738780482,57,0
28.43,-0.0006802815780482,57,0
28.432,-0.0005843588280482,57,0
28.434,-0.0004884360780482,57,0
28.436,-0.0019266057780482,57,0
28.438,-0.0017605494113815,57,0
28.44,-0.0015944930447148,57,0
28.442,-0.0014284366780482,57,0
28.444,-0.0007552773780482,57,0
28.446,-0.0006651807780482,57,0
28.448,-0.0005293098780482,57,0
28.45,-0.0013905878780482,57,0
28.452,-0.0014684150780482,57,0
28.454,-0.0015462422780482,57,0
28.456,-0.0016240694780482,57,0
28.458,-0.0006124852780482,57,0
28.46,-0.0009040347780482,57,0
28.462,-0.0010860332980482,57,0
28.464,-0.0012680318180482,57,0
28.466,-0.0014500303380482,57,0
28.468,-0.0016320288580482,57,0
28.47,-0.0018140273780482,57,0
28.472,-0.0010538085780482,57,0
28.474,-0.0006267269780482,57,0
28.476,-0.0006671530780482,57,0
28.478,-0.0006109364780482,57,0
28.48,-0.0010730193447148,57,0
28.482,-0.0015351022113815,57,0
28.484,-0.0019971850780482,57,0
28.486,-0.0012419151780482,57,0
28.488,-0.0006900220780482,57,0
28.49,-0.0005082195780482,57,0
28.492,-0.0007425118780482,57,0
28.494,-0.0009768041780482,57,0
28.496,-0.0012110964780482,57,0
28.498,-0.0014453887780482,57,0
28.5,-0.0010871138280482,58,0
28.502,-0.0007288388780482,58,0
28.504,-0.0006403878780482,58,0
28.506,-0.0005248086780482,58,0
28.508,-0.0013744464780482,58,0
28.51,-0.0014678020113815,58,0
28.512,-0.0015611575447148,58,0
28.514,-0.0016545130780482,58,0
28.516,-0.0008760837780482,58,0
28.518,-0.0006571463780482,58,0
28.52,-0.0007814738780482,58,0
28.522,-0.0009058013780482,58,0
28.524,-0.0013818395780482,58,0
28.526,-0.0018578777780482,58,0
28.528,-0.0010524654780482,58,0
28.53,-0.0008351252780482,58,0
28.532,-0.0006177850780482,58,0
28.534,-0.0006829677780482,58,0
28.536,-0.0005898945780482,58,0
28.538,-0.0007992447447148,58,0
28.54,-0.0010085949113815,58,0
28.542,-0.0012179450780482,58,0
28.544,-0.0006488699780482,58,0
28.546,-0.0006624824780482,58,0
28.548,-0.0004523901780482,58,0
28.55,-0.0018448581780482,58,0
28.552,-0.0017070754780482,58,0
28.554,-0.0015692927780482,58,0
28.556,-0.0014315100780482,58,0
28.558,-0.0006353905780482,58,0
28.56,-0.0005250022780482,58,0
28.562,-0.0009277931280482,58,0
28.564,-0.0013305839780482,58,0
28.566,-0.0014308607113815,58,0
28.568,-0.0015311374447148,58,0
28.57,-0.0016314141780482,58,0
28.572,-0.0008728288780482,58,0
28.574,-0.0006196726780482,58,0
28.576,-0.0006385728780482,58,0
28.578,-0.0008549692780482,58,0
28.58,-0.0011911435780482,58,0
28.582,-0.0015273178780482,58,0
28.584,-0.0018634921780482,58,0
28.586,-0.0010510134780482,58,0
28.588,-0.0006958179780482,58,0
28.59,-0.0005623912780482,58,0
28.592,-0.0006975652180482,58,0
28.594,-0.0008327391580482,58,0
28.596,-0.0009679130980482,58,0
28.598,-0.0011030870380482,58,0
28.6,-0.0012382609780482,58,0
28.602,-0.0006642611780482,58,0
28.604,-0.0006840567780482,58,0
28.606,-0.0004737587780482,58,0
28.608,-0.0018307858780482,58,0
28.61,-0.0017029614780482,58,0
28.612,-0.0015751370780482,58,0
28.614,-0.0014473126780482,58,0
28.616,-0.0007665908780482,58,0
28.618,-0.0006694641780482,58,0
28.62,-0.0013109577780482,58,0
28.622,-0.0014015383780482,58,0
28.624,-0.0014921189780482,58,0
28.626,-0.0015826995780482,58,0
28.628,-0.0016732801780482,58,0
28.63,-0.0008872399780482,58,0
28.632,-0.0006361165780482,58,0
28.634,-0.0006547021780482,58,0
28.636,-0.0012392773780482,58,0
28.638,-0.0018238525780482,58,0
28.64,-0.0015589916447148,58,0
28.642,-0.0012941307113815,58,0
28.644,-0.0010292697780482,58,0
28.646,-0.0006198299780482,58,0
28.648,-0.0006986130780482,58,0
28.65,-0.0005589911780482,58,0
28.652,-0.0007323267030482,58,0
28.654,-0.0009056622280482,58,0
28.656,-0.0010789977530482,58,0
28.658,-0.0012523332780482,58,0
28.66,-0.0006993511780482,58,0
28.662,-0.0004930703780482,58,0
28.664,-0.0011657456780482,58,0
28.666,-0.0018384209780482,58,0
28.668,-0.0014789703113815,58,0
28.67,-0.0011195196447148,58,0
28.672,-0.0007600689780482,58,0
28.674,-0.0005384816780482,58,0
28.676,-0.0009063640280482,58,0
28.678,-0.0012742463780482,58,0
28.68,-0.0011429412113815,58,0
28.682,-0.0010116360447148,58,0
28.684,-0.0008803308780482,58,0
28.686,-0.0007575219280482,58,0
28.688,-0.0006347129780482,58,0
28.69,-0.0006378105780482,58,0
28.692,-0.0008088803780482,58,0
28.694,-0.0013110666780482,58,0
28.696,-0.0018132529780482,58,0
28.698,-0.0010722126780482,58,0
28.7,-0.0006401216780482,58,0
28.702,-0.0006641280780482,58,0
28.704,-0.0006881344780482,58,0
28.706,-0.0005469637780482,58,0
28.708,-0.0007229794530482,58,0
28.71,-0.0008989951280482,58,0
28.712,-0.0010750108030482,58,0
28.714,-0.0012510264780482,58,0
28.716,-0.0006734087780482,58,0
28.718,-0.0006926961780482,58,0
28.72,-0.0004697778780482,58,0
28.722,-0.0017899362780482,58,0
28.724,-0.0014459736113815,58,0
28.726,-0.0011020109447148,58,0
28.728,-0.0007580482780482,58,0
28.73,-0.0007075610280482,58,0
28.732,-0.0006570737780482,58,0
28.734,-0.0005545262780482,58,0
28.736,-0.0012641791780482,58,0
28.738,-0.0014037647780482,58,0
28.74,-0.0015433503780482,58,0
28.742,-0.0016829359780482,58,0
28.744,-0.0009032845780482,58,0
28.746,-0.0006425053780482,58,0
28.748,-0.0007829984780482,58,0
28.75,-0.0010523596030482,58,0
28.752,-0.0013217207280482,58,0
28.754,-0.0015910818530482,58,0
28.756,-0.0018604429780482,58,0
28.758,-0.0010519088780482,58,0
28.76,-0.0006287355780482,58,0
28.762,-0.0005358680780482,58,0
28.764,-0.0007184933780482,58,0
28.766,-0.0009011186780482,58,0
28.768,-0.0010837439780482,58,0
28.77,-0.0012663692780482,58,0
28.772,-0.0006660519780482,58,0
28.774,-0.0006833791780482,58,0
28.776,-0.0007007063780482,58,0
28.778,-0.0004686041780482,58,0
28.78,-0.0017620094780482,58,0
28.782,-0.0016640156113815,58,0
28.784,-0.0015660217447148,58,0
28.786,-0.0014680278780482,58,0
28.788,-0.0007501227780482,58,0
28.79,-0.0006568438780482,58,0
28.792,-0.0005522393780482,58,0
28.794,-0.0012430888780482,58,0
28.796,-0.0013962224447148,58,0
28.798,-0.0015493560113815,58,0
28.8,-0.0017024895780482,58,0
28.802,-0.0009028368780482,58,0
28.804,-0.0006429651780482,58,0
28.806,-0.0006656042780482,58,0
28.808,-0.0007921823780482,58,0
28.81,-0.0011578564780482,58,0
28.812,-0.0015235305780482,58,0
28.814,-0.0018892046780482,58,0
28.816,-0.0010808278780482,58,0
28.818,-0.0006397828780482,58,0
28.82,-0.0006904213780482,58,0
28.822,-0.0005307376780482,58,0
28.824,-0.0007217029030482,58,0
28.826,-0.0009126681280482,58,0
28.828,-0.0011036333530482,58,0
28.83,-0.0012945985780482,58,0
28.832,-0.0007018195780482,58,0
28.834,-0.0006946805780482,58,0
28.836,-0.0017711812780482,58,0
28.838,-0.0017087725030482,58,0
28.84,-0.0016463637280482,58,0
28.842,-0.0015839549530482,58,0
28.844,-0.0015215461780482,58,0
28.846,-0.0008136840780482,58,0
28.848,-0.0006800032780482,58,0
28.85,-0.0012172795780482,58,0
28.852,-0.0013359957030482,58,0
28.854,-0.0014547118280482,58,0
28.856,-0.0015734279530482,58,0
28.858,-0.0016921440780482,58,0
28.86,-0.0009219548780482,58,0
28.862,-0.0006633536780482,58,0
28.864,-0.0006881949780482,58,0
28.866,-0.0007793926780482,58,0
28.868,-0.0011540127113815,58,0
28.87,-0.0015286327447148,58,0
28.872,-0.0019032527780482,58,0
28.874,-0.0010969934780482,58,0
28.876,-0.0006537220780482,58,0
28.878,-0.0007125280780482,58,0
28.88,-0.0005331818780482,58,0
28.882,-0.0007212189030482,58,0
28.884,-0.0009092559280482,58,0
28.886,-0.0010972929530482,58,0
28.888,-0.0012853299780482,58,0
28.89,-0.0007004038780482,58,0
28.892,-0.0006988429780482,58,0
28.894,-0.0017400842780482,58,0
28.896,-0.0016768194280482,58,0
28.898,-0.0016135545780482,58,0
28.9,-0.0015502897280482,58,0
28.902,-0.0014870248780482,58,0
28.904,-0.0007934891780482,58,0
28.906,-0.0006776316780482,58,0
28.908,-0.0005777098780482,58,0
28.91,-0.0011871021780482,58,0
28.912,-0.0013632418780482,58,0
28.914,-0.0015393815780482,58,0
28.916,-0.0017155212780482,58,0
28.918,-0.0009340185780482,58,0
28.92,-0.0006390689780482,58,0
28.922,-0.0006541818780482,58,0
28.924,-0.0007421246780482,58,0
28.926,-0.0011249001113815,58,0
28.928,-0.0015076755447148,58,0
28.93,-0.0018904509780482,58,0
28.932,-0.0006516408780482,58,0
28.934,-0.0006876807280482,58,0
28.936,-0.0007237205780482,58,0
28.938,-0.0005475203780482,58,0
28.94,-0.0007388758280482,58,0
28.942,-0.0009302312780482,58,0
28.944,-0.0011215867280482,58,0
28.946,-0.0013129421780482,58,0
28.948,-0.0007372120780482,58,0
28.95,-0.0006892960780482,58,0
28.952,-0.0004781389780482,58,0
28.954,-0.0007399466780482,58,0
28.956,-0.0010017543780482,58,0
28.958,-0.0012635620780482,58,0
28.96,-0.0015253697780482,58,0
28.962,-0.0008308055780482,58,0
28.964,-0.0006652049780482,58,0
28.966,-0.0005666867780482,58,0
28.968,-0.0011718682780482,58,0
28.97,-0.0013524123780482,58,0
28.972,-0.0015329564780482,58,0
28.974,-0.0017135005780482,58,0
28.976,-0.0009780988780482,58,0
28.978,-0.0006770024780482,58,0
28.98,-0.0007117173780482,58,0
28.982,-0.0007464322780482,58,0
28.984,-0.0013192583780482,58,0
28.986,-0.0018920844780482,58,0
28.988,-0.0011530527780482,58,0
28.99,-0.0009163888780482,58,0
28.992,-0.0006797249780482,58,0
28.994,-0.0007201873780482,58,0
28.996,-0.0005197871780482,58,0
28.998,-0.0007216514780482,58,0
29.0,-0.0009235157780482,59,0
29.002,-0.0011253800780482,59,0
29.004,-0.0013272443780482,59,0
29.006,-0.0007309805780482,59,0
29.008,-0.0004856530780482,59,0
29.01,-0.0016730744780482,59,0
29.012,-0.0016381448030482,59,0
29.014,-0.0016032151280482,59,0
29.016,-0.0015682854530482,59,0
29.018,-0.0015333557780482,59,0
29.02,-0.0008283734780482,59,0
29.022,-0.0006743283780482,59,0
29.024,-0.0011391861780482,59,0
29.026,-0.0012884880780482,59,0
29.028,-0.0014377899780482,59,0
29.03,-0.0015870918780482,59,0
29.032,-0.0017363937780482,59,0
29.034,-0.0009607837780482,59,0
29.036,-0.0006565050780482,59,0
29.038,-0.0006705410780482,59,0
29.04,-0.0007355785780482,59,0
29.042,-0.0013220413780482,59,0
29.044,-0.0019085041780482,59,0
29.046,-0.0015291933780482,59,0
29.048,-0.0011498825780482,59,0
29.05,-0.0006739169780482,59,0
29.052,-0.0007190257780482,59,0
29.054,-0.0005167621780482,59,0
29.056,-0.0007309352030482,59,0
29.058,-0.0009451082280482,59,0
29.06,-0.0011592812530482,59,0
29.062,-0.0013734542780482,59,0
29.064,-0.0007517320780482,59,0
29.066,-0.0007222201780482,59,0
29.068,-0.0005099256780482,59,0
29.07,-0.0016655240780482,59,0
29.072,-0.0016010492280482,59,0
29.074,-0.0015365743780482,59,0
29.076,-0.0011775250280482,59,0
29.078,-0.0008184756780482,59,0
29.08,-0.0006556338780482,59,0
29.082,-0.0005682355780482,59,0
29.084,-0.0011145263780482,59,0
29.086,-0.0014288783280482,59,0
29.088,-0.0017432302780482,59,0
29.09,-0.0013669747280482,59,0
29.092,-0.0009907191780482,59,0
29.094,-0.0006521853780482,59,0
29.096,-0.0006712670780482,59,0
29.098,-0.0007130846780482,59,0
29.1,-0.0011169867113815,59,0
29.102,-0.0015208887447148,59,0
29.104,-0.0019247907780482,59,0
29.106,-0.0011707792780482,59,0
29.108,-0.0006696093780482,59,0
29.11,-0.0007030174780482,59,0
29.112,-0.0005030407780482,59,0
29.114,-0.0007926663780482,59,0
29.116,-0.0010822919780482,59,0
29.118,-0.0013719175780482,59,0
29.12,-0.0010553936780482,59,0
29.122,-0.0007388697780482,59,0
29.124,-0.0006879287780482,59,0
29.126,-0.0005026656780482,59,0
29.128,-0.0016319828780482,59,0
29.13,-0.0016053870780482,59,0
29.132,-0.0015787912780482,59,0
29.134,-0.0015521954780482,59,0
29.136,-0.0008213312780482,59,0
29.138,-0.0005640489780482,59,0
29.14,-0.0008265826780482,59,0
29.142,-0.0010891163780482,59,0
29.144,-0.0010397725780482,59,0
29.146,-0.0009904287780482,59,0
29.148,-0.0009410849780482,59,0
29.15,-0.0007754904280482,59,0
29.152,-0.0006098958780482,59,0
29.154,-0.0006433402780482,59,0
29.156,-0.0009657750280482,59,0
29.158,-0.0012882097780482,59,0
29.16,-0.0016106445280482,59,0
29.162,-0.0019330792780482,59,0
29.164,-0.0011558962780482,59,0
29.166,-0.0006695004780482,59,0
29.168,-0.0007275320780482,59,0
29.17,-0.0005166895780482,59,0
29.172,-0.0007323357780482,59,0
29.174,-0.0009479819780482,59,0
29.176,-0.0011636281780482,59,0
29.178,-0.0013792743780482,59,0
29.18,-0.0007320332780482,59,0
29.182,-0.0007041911780482,59,0
29.184,-0.0005187223780482,59,0
29.186,-0.0016016360780482,59,0
29.188,-0.0015862368113815,59,0
29.19,-0.0015708375447148,59,0
29.192,-0.0015554382780482,59,0
29.194,-0.0008294987780482,59,0
29.196,-0.0006274045780482,59,0
29.198,-0.0005642062780482,59,0
29.2,-0.0010569061780482,59,0
29.202,-0.0012925819113815,59,0
29.204,-0.0015282576447148,59,0
29.206,-0.0017639333780482,59,0
29.208,-0.0009928608780482,59,0
29.21,-0.0006320388780482,59,0
29.212,-0.0006752842780482,59,0
29.214,-0.0006904697780482,59,0
29.216,-0.0011100332447148,59,0
29.218,-0.0015295967113815,59,0
29.22,-0.0019491601780482,59,0
29.222,-0.0011675485780482,59,0
29.224,-0.0006587072780482,59,0
29.226,-0.0006946805780482,59,0
29.228,-0.0005180447780482,59,0
29.23,-0.0007377928780482,59,0
29.232,-0.0009575409780482,59,0
29.234,-0.0011772890780482,59,0
29.236,-0.0013970371780482,59,0
29.238,-0.0007550111780482,59,0
29.24,-0.0004961558780482,59,0
29.242,-0.0010217435780482,59,0
29.244,-0.0015473312780482,59,0
29.246,-0.0015640776780482,59,0
29.248,-0.0015808240780482,59,0
29.25,-0.0015975704780482,59,0
29.252,-0.0008653268780482,59,0
29.254,-0.0006793377780482,59,0
29.256,-0.0010371952780482,59,0
29.258,-0.0010259755530482,59,0
29.26,-0.0010147558280482,59,0
29.262,-0.0010035361030482,59,0
29.264,-0.0009923163780482,59,0
29.266,-0.0006596994780482,59,0
29.268,-0.0006918249780482,59,0
29.27,-0.0006509874780482,59,0
29.272,-0.0009748107030482,59,0
29.274,-0.0012986339280482,59,0
29.276,-0.0016224571530482,59,0
29.278,-0.0019462803780482,59,0
29.28,-0.0011535851780482,59,0
29.282,-0.0006570011780482,59,0
29.284,-0.0007141010780482,59,0
29.286,-0.0004857619780482,59,0
29.288,-0.0007117536780482,59,0
29.29,-0.0009377453780482,59,0
29.292,-0.0011637370780482,59,0
29.294,-0.0013897287780482,59,0
29.296,-0.0007551805780482,59,0
29.298,-0.0005263937780482,59,0
29.3,-0.0015447781780482,59,0
29.302,-0.0015515824113815,59,0
29.304,-0.0015583866447148,59,0
29.306,-0.0015651908780482,59,0
29.308,-0.0011153370780482,59,0
29.31,-0.0006654832780482,59,0
29.312,-0.0006106823780482,59,0
29.314,-0.0008186934780482,59,0
29.316,-0.0010267045780482,59,0
29.318,-0.0013993301280482,59,0
29.32,-0.0017719556780482,59,0
29.322,-0.0010052028780482,59,0
29.324,-0.0008255360280482,59,0
29.326,-0.0006458691780482,59,0
29.328,-0.0006863678780482,59,0
29.33,-0.0008130518530482,59,0
29.332,-0.0009397358280482,59,0
29.334,-0.0010664198030482,59,0
29.336,-0.0011931037780482,59,0
29.338,-0.0009334922280482,59,0
29.34,-0.0006738806780482,59,0
29.342,-0.0007020373780482,59,0
29.344,-0.0005016492780482,59,0
29.346,-0.0007270057280482,59,0
29.348,-0.0009523621780482,59,0
29.35,-0.0011777186280482,59,0
29.352,-0.0014030750780482,59,0
29.354,-0.0007591130780482,59,0
29.356,-0.0005403934780482,59,0
29.358,-0.0007566616180482,59,0
29.36,-0.0009729297580482,59,0
29.362,-0.0011891978980482,59,0
29.364,-0.0014054660380482,59,0
29.366,-0.0016217341780482,59,0
29.368,-0.0006462442780482,59,0
29.37,-0.0005970335780482,59,0
29.372,-0.0007929749280482,59,0
29.374,-0.0009889162780482,59,0
29.376,-0.0013796192280482,59,0
29.378,-0.0017703221780482,59,0
29.38,-0.0009895938780482,59,0
29.382,-0.0008317796280482,59,0
29.384,-0.0006739653780482,59,0
29.386,-0.0011045196780482,59,0
29.388,-0.0015350739780482,59,0
29.39,-0.0019656282780482,59,0
29.392,-0.0006765547780482,59,0
29.394,-0.0007611270558259,59,0
29.396,-0.0008456993336037,59,0
29.398,-0.0009302716113815,59,0
29.4,-0.0010148438891593,59,0
29.402,-0.0010994161669371,59,0
29.404,-0.0011839884447148,59,0
29.406,-0.0012685607224926,59,0
29.408,-0.0013531330002704,59,0
29.41,-0.0014377052780482,59,0
29.412,-0.0007851038780482,59,0
29.414,-0.0007171260780482,59,0
29.416,-0.0005467459780482,59,0
29.418,-0.0009103590447148,59,0
29.42,-0.0012739721113815,59,0
29.422,-0.0016375851780482,59,0
29.424,-0.0006711581780482,59,0
29.426,-0.0006421665780482,59,0
29.428,-0.0006131749780482,59,0
29.43,-0.0008032417780482,59,0
29.432,-0.0009933085780482,59,0
29.434,-0.0012620052113815,59,0
29.436,-0.0015307018447148,59,0
29.438,-0.0017993984780482,59,0
29.44,-0.0010424950780482,59,0
29.442,-0.0006780914780482,59,0
29.444,-0.0007189773780482,59,0
29.446,-0.0006369998780482,59,0
29.448,-0.0006500346030482,59,0
29.45,-0.0006630693280482,59,0
29.452,-0.0006761040530482,59,0
29.454,-0.0006891387780482,59,0
29.456,-0.0007020615780482,59,0
29.458,-0.0007149843780482,59,0
29.46,-0.0004974142780482,59,0
29.462,-0.0005874786113815,59,0
29.464,-0.0006775429447148,59,0
29.466,-0.0007676072780482,59,0
29.468,-0.0007416931113815,59,0
29.47,-0.0007157789447148,59,0
29.472,-0.0006898647780482,59,0
29.474,-0.0005139549780482,59,0
29.476,-0.0008826177780482,59,0
29.478,-0.0012512805780482,59,0
29.48,-0.0016199433780482,59,0
29.482,-0.0008750431780482,59,0
29.484,-0.0006664996780482,59,0
29.486,-0.0009791757780482,59,0
29.488,-0.0011435397580482,59,0
29.49,-0.0013079037380482,59,0
29.492,-0.0014722677180482,59,0
29.494,-0.0016366316980482,59,0
29.496,-0.0018009956780482,59,0
29.498,-0.0010277330780482,59,0
29.5,-0.0006644547780482,60,0
29.502,-0.0006251660780482,60,0
29.504,-0.0009652789280482,60,0
29.506,-0.0013053917780482,60,0
29.508,-0.0016455046280482,60,0
29.51,-0.0019856174780482,60,0
29.512,-0.0012062927780482,60,0
29.514,-0.0006775590780482,60,0
29.516,-0.0007128910780482,60,0
29.518,-0.0004910012780482,60,0
29.52,-0.0005600711030482,60,0
29.522,-0.0006291409280482,60,0
29.524,-0.0006982107530482,60,0
29.526,-0.0007672805780482,60,0
29.528,-0.0007369640280482,60,0
29.53,-0.0007066474780482,60,0
29.532,-0.0014545242780482,60,0
29.534,-0.0014963025530482,60,0
29.536,-0.0015380808280482,60,0
29.538,-0.0015798591030482,60,0
29.54,-0.0016216373780482,60,0
29.542,-0.0006657373780482,60,0
29.544,-0.0009368136780482,60,0
29.546,-0.0011178877580482,60,0
29.548,-0.0012989618380482,60,0
29.55,-0.0014800359180482,60,0
29.552,-0.0016611099980482,60,0
29.554,-0.0018421840780482,60,0
29.556,-0.0010611895780482,60,0
29.558,-0.0006944264780482,60,0
29.56,-0.0006573460280482,60,0
29.562,-0.0006202655780482,60,0
29.564,-0.0010724304780482,60,0
29.566,-0.0015245953780482,60,0
29.568,-0.0019767602780482,60,0
29.57,-0.0012001217780482,60,0
29.572,-0.0006923210780482,60,0
29.574,-0.0007027149780482,60,0
29.576,-0.0004636915780482,60,0
29.578,-0.0007036890280482,60,0
29.58,-0.0009436864780482,60,0
29.582,-0.0011836839280482,60,0
29.584,-0.0014236813780482,60,0
29.586,-0.0007766459780482,60,0
29.588,-0.0005254983780482,60,0
29.59,-0.0008020166530482,60,0
29.592,-0.0010785349280482,60,0
29.594,-0.0013550532030482,60,0
29.596,-0.0016315714780482,60,0
29.598,-0.0012676337280482,60,0
29.6,-0.0009036959780482,60,0
29.602,-0.0006609094780482,60,0
29.604,-0.0006122311780482,60,0
29.606,-0.0009097943780482,60,0
29.608,-0.0013577303280482,60,0
29.61,-0.0018056662780482,60,0
29.612,-0.0014243650280482,60,0
29.614,-0.0010430637780482,60,0
29.616,-0.0006574125780482,60,0
29.618,-0.0006852909780482,60,0
29.62,-0.0005954847780482,60,0
29.622,-0.0008006080113815,60,0
29.624,-0.0010057312447148,60,0
29.626,-0.0012108544780482,60,0
29.628,-0.0006905060780482,60,0
29.63,-0.0007190015780482,60,0
29.632,-0.0004844914780482,60,0
29.634,-0.0012137887280482,60,0
29.636,-0.0019430859780482,60,0
29.638,-0.0016877215280482,60,0
29.64,-0.0014323570780482,60,0
29.642,-0.0007132661780482,60,0
29.644,-0.0006267814280482,60,0
29.646,-0.0005402966780482,60,0
29.648,-0.0007636747780482,60,0
29.65,-0.0009870528780482,60,0
29.652,-0.0012104309780482,60,0
29.654,-0.0014338090780482,60,0
29.656,-0.0016571871780482,60,0
29.658,-0.0006639586780482,60,0
29.66,-0.0006369091280482,60,0
29.662,-0.0006098595780482,60,0
29.664,-0.0008962786780482,60,0
29.666,-0.0013736357780482,60,0
29.668,-0.0018509928780482,60,0
29.67,-0.0010786014780482,60,0
29.672,-0.0008726292280482,60,0
29.674,-0.0006666569780482,60,0
29.676,-0.0006960720780482,60,0
29.678,-0.0005950612780482,60,0
29.68,-0.0010571481780482,60,0
29.682,-0.0015192350780482,60,0
29.684,-0.0019813219780482,60,0
29.686,-0.0012275645780482,60,0
29.688,-0.0006735539780482,60,0
29.69,-0.0004677087780482,60,0
29.692,-0.0012004000780482,60,0
29.694,-0.0019330913780482,60,0
29.696,-0.0013613361280482,60,0
29.698,-0.0007895808780482,60,0
29.7,-0.0007475454780482,60,0
29.702,-0.0007055100780482,60,0
29.704,-0.0010475710280482,60,0
29.706,-0.0013896319780482,60,0
29.708,-0.0015241779280482,60,0
29.71,-0.0016587238780482,60,0
29.712,-0.0009330868780482,60,0
29.714,-0.0008446278113815,60,0
29.716,-0.0007561687447148,60,0
29.718,-0.0006677096780482,60,0
29.72,-0.0006400611780482,60,0
29.722,-0.0009172963780482,60,0
29.724,-0.0012301297780482,60,0
29.726,-0.0015429631780482,60,0
29.728,-0.0018557965780482,60,0
29.73,-0.0010735315780482,60,0
29.732,-0.0006547868780482,60,0
29.734,-0.0006929260780482,60,0
29.736,-0.0006045839780482,60,0
29.738,-0.0007692589280482,60,0
29.74,-0.0009339338780482,60,0
29.742,-0.0010986088280482,60,0
29.744,-0.0012632837780482,60,0
29.746,-0.0007082083780482,60,0
29.748,-0.0007259227780482,60,0
29.75,-0.0005285354780482,60,0
29.752,-0.0019337205780482,60,0
29.754,-0.0017871895780482,60,0
29.756,-0.0016406585780482,60,0
29.758,-0.0014941275780482,60,0
29.76,-0.0006761917780482,60,0
29.762,-0.0006057818780482,60,0
29.764,-0.0005353719780482,60,0
29.766,-0.0009182280780482,60,0
29.768,-0.0013010841780482,60,0
29.77,-0.0016839402780482,60,0
29.772,-0.0009212046780482,60,0
29.774,-0.0006457239780482,60,0
29.776,-0.0008758175780482,60,0
29.778,-0.0012047480113815,60,0
29.78,-0.0015336784447148,60,0
29.782,-0.0018626088780482,60,0
29.784,-0.0010818200780482,60,0
29.786,-0.0005841107780482,60,0
29.788,-0.0006834828923339,60,0
29.79,-0.0007828550066196,60,0
29.792,-0.0008822271209053,60,0
29.794,-0.000981599235191,60,0
29.796,-0.0010809713494767,60,0
29.798,-0.0011803434637625,60,0
29.8,-0.0012797155780482,60,0
29.802,-0.0009823278280482,60,0
29.804,-0.0006849400780482,60,0
29.806,-0.0005847097280482,60,0
29.808,-0.0004844793780482,60,0
29.81,-0.0008249733780482,60,0
29.812,-0.0011654673780482,60,0
29.814,-0.0015059613780482,60,0
29.816,-0.0011643723280482,60,0
29.818,-0.0008227832780482,60,0
29.82,-0.0005629841780482,60,0
29.822,-0.0009328166447148,60,0
29.824,-0.0013026491113815,60,0
29.826,-0.0016724815780482,60,0
29.828,-0.0013343591780482,60,0
29.83,-0.0009962367780482,60,0
29.832,-0.0006581143780482,60,0
29.834,-0.0006521551280482,60,0
29.836,-0.0006461958780482,60,0
29.838,-0.0009451445280482,60,0
29.84,-0.0012440931780482,60,0
29.842,-0.0015430418280482,60,0
29.844,-0.0018419904780482,60,0
29.846,-0.0005766087780482,60,0
29.848,-0.0006963080280482,60,0
29.85,-0.0008160072780482,60,0
29.852,-0.0009357065280482,60,0
29.854,-0.0010554057780482,60,0
29.856,-0.0011751050280482,60,0
29.858,-0.0012948042780482,60,0
29.86,-0.0010055356280482,60,0
29.862,-0.0007162669780482,60,0
29.864,-0.0007244344780482,60,0
29.866,-0.0005194967780482,60,0
29.868,-0.0006146955447148,60,0
29.87,-0.0007098943113815,60,0
29.872,-0.0008050930780482,60,0
29.874,-0.0007387366780482,60,0
29.876,-0.0006723802780482,60,0
29.878,-0.0006120012780482,60,0
29.88,-0.0005516222780482,60,0
29.882,-0.0013178426780482,60,0
29.884,-0.0014390524113815,60,0
29.886,-0.0015602621447148,60,0
29.888,-0.0016814718780482,60,0
29.89,-0.0009200793780482,60,0
29.892,-0.0006656405780482,60,0
29.894,-0.0006630511780482,60,0
29.896,-0.0008305151780482,60,0
29.898,-0.0011764622447148,60,0
29.9,-0.0015224093113815,60,0
29.902,-0.0018683563780482,60,0
29.904,-0.0010760120780482,60,0
29.906,-0.0006486642780482,60,0
29.908,-0.0007182876780482,60,0
29.91,-0.0005787988780482,60,0
29.912,-0.0007542186280482,60,0
29.914,-0.0009296383780482,60,0
29.916,-0.0011050581280482,60,0
29.918,-0.0012804778780482,60,0
29.92,-0.0007145729780482,60,0
29.922,-0.0018156003780482,60,0
29.924,-0.0015577735780482,60,0
29.926,-0.0012999467780482,60,0
29.928,-0.0010421199780482,60,0
29.93,-0.0007842931780482,60,0
29.932,-0.0006999440780482,60,0
29.934,-0.0012989182780482,60,0
29.936,-0.0013920792030482,60,0
29.938,-0.0014852401280482,60,0
29.94,-0.0015784010530482,60,0
29.942,-0.0016715619780482,60,0
29.944,-0.0006548594780482,60,0
29.946,-0.0006566865780482,60,0
29.948,-0.0006585136780482,60,0
29.95,-0.0007146294447148,60,0
29.952,-0.0007707452113815,60,0
29.954,-0.0008268609780482,60,0
29.956,-0.0011772769780482,60,0
29.958,-0.0015276929780482,60,0
29.96,-0.0018781089780482,60,0
29.962,-0.0006661487780482,60,0
29.964,-0.0005574544780482,60,0
29.966,-0.0009151667780482,60,0
29.968,-0.0012728790780482,60,0
29.97,-0.0006956122780482,60,0
29.972,-0.0007007789780482,60,0
29.974,-0.0007059456780482,60,0
29.976,-0.0005876923780482,60,0
29.978,-0.0004694390780482,60,0
29.98,-0.0017876251780482,60,0
29.982,-0.0017240541980482,60,0
29.984,-0.0016604832180482,60,0
29.986,-0.0015969122380482,60,0
29.988,-0.0015333412580482,60,0
29.99,-0.0014697702780482,60,0
29.992,-0.0007690229780482,60,0
29.994,-0.0006768814780482,60,0
29.996,-0.0005426561780482,60,0
29.998,-0.0012610936780482,60,0
30.0,-0.0010940773780482,61,0
30.002,-0.0009270610780482,61,0
30.004,-0.0008190564780482,61,0
30.006,-0.0009132146447148,61,0
30.008,-0.0010073728113815,61,0
30.01,-0.0011015309780482,61,0
30.012,-0.0006659914780482,61,0
30.014,-0.0007228130780482,61,0
30.016,-0.0005587612780482,61,0
30.018,-0.0006506743905482,61,0
30.02,-0.0007425875030482,61,0
30.022,-0.0008345006155482,61,0
30.024,-0.0009264137280482,61,0
30.026,-0.0010183268405482,61,0
30.028,-0.0011102399530482,61,0
30.03,-0.0012021530655482,61,0
30.032,-0.0012940661780482,61,0
30.034,-0.0007150448780482,61,0
30.036,-0.0007080631780482,61,0
30.038,-0.0017990112780482,61,0
30.04,-0.0016925232113815,61,0
30.042,-0.0015860351447148,61,0
30.044,-0.0014795470780482,61,0
30.046,-0.0007972522780482,61,0
30.048,-0.0006908569780482,61,0
30.05,-0.0012344131780482,61,0
30.052,-0.0014591162280482,61,0
30.054,-0.0016838192780482,61,0
30.056,-0.0014325990780482,61,0
30.058,-0.0011813788780482,61,0
30.06,-0.0009301586780482,61,0
30.062,-0.0007898712780482,61,0
30.064,-0.0006495838780482,61,0
30.066,-0.0007839906780482,61,0
30.068,-0.0010607388530482,61,0
30.07,-0.0013374870280482,61,0
30.072,-0.0016142352030482,61,0
30.074,-0.0018909833780482,61,0
30.076,-0.0006911594780482,61,0
30.078,-0.0008166921380482,61,0
30.08,-0.0009422247980482,61,0
30.082,-0.0010677574580482,61,0
30.084,-0.0011932901180482,61,0
30.086,-0.0013188227780482,61,0
30.088,-0.0010226571280482,61,0
30.09,-0.0007264914780482,61,0
30.092,-0.0018065858780482,61,0
30.094,-0.0013222289280482,61,0
30.096,-0.0008378719780482,61,0
30.098,-0.0006850610780482,61,0
30.1,-0.0012587583780482,61,0
30.102,-0.0013085996224926,61,0
30.104,-0.0013584408669371,61,0
30.106,-0.0014082821113815,61,0
30.108,-0.0014581233558259,61,0
30.11,-0.0015079646002704,61,0
30.112,-0.0015578058447148,61,0
30.114,-0.0016076470891593,61,0
30.116,-0.0016574883336037,61,0
30.118,-0.0017073295780482,61,0
30.12,-0.0006763490780482,61,0
30.122,-0.0006702022780482,61,0
30.124,-0.0008005434780482,61,0
30.126,-0.0010731262280482,61,0
30.128,-0.0013457089780482,61,0
30.13,-0.0016182917280482,61,0
30.132,-0.0018908744780482,61,0
30.134,-0.0006825200780482,61,0
30.136,-0.0007090372280482,61,0
30.138,-0.0007355543780482,61,0
30.14,-0.0008760656280482,61,0
30.142,-0.0010165768780482,61,0
30.144,-0.0011570881280482,61,0
30.146,-0.0012975993780482,61,0
30.148,-0.0007262615780482,61,0
30.15,-0.0004772677780482,61,0
30.152,-0.0011242063780482,61,0
30.154,-0.0017711449780482,61,0
30.156,-0.0016908090447148,61,0
30.158,-0.0016104731113815,61,0
30.16,-0.0015301371780482,61,0
30.162,-0.0008384527780482,61,0
30.164,-0.0006827741780482,61,0
30.166,-0.0006241738780482,61,0
30.168,-0.0005655735780482,61,0
30.17,-0.0012426895780482,61,0
30.172,-0.0014878900280482,61,0
30.174,-0.0017330904780482,61,0
30.176,-0.0009860485780482,61,0
30.178,-0.0006833065780482,61,0
30.18,-0.0007362743280482,61,0
30.182,-0.0007892420780482,61,0
30.184,-0.0008970651780482,61,0
30.186,-0.0010048882780482,61,0
30.188,-0.0011127113780482,61,0
30.19,-0.0006695730780482,61,0
30.192,-0.0007082567780482,61,0
30.194,-0.0006327527780482,61,0
30.196,-0.0005572487780482,61,0
30.198,-0.0007086730180482,61,0
30.2,-0.0008600972580482,61,0
30.202,-0.0010115214980482,61,0
30.204,-0.0011629457380482,61,0
30.206,-0.0013143699780482,61,0
30.208,-0.0007206350780482,61,0
30.21,-0.0007058367780482,61,0
30.212,-0.0004827127780482,61,0
30.214,-0.0017410522780482,61,0
30.216,-0.0014413070447148,61,0
30.218,-0.0011415618113815,61,0
30.22,-0.0008418165780482,61,0
30.222,-0.0005984492780482,61,0
30.224,-0.0008868043780482,61,0
30.226,-0.0011751594780482,61,0
30.228,-0.0014635145780482,61,0
30.23,-0.0017518696780482,61,0
30.232,-0.0014995403113815,61,0
30.234,-0.0012472109447148,61,0
30.236,-0.0009948815780482,61,0
30.238,-0.0006847706780482,61,0
30.24,-0.0007294317780482,61,0
30.242,-0.0007740928780482,61,0
30.244,-0.0011452160113815,61,0
30.246,-0.0015163391447148,61,0
30.248,-0.0018874622780482,61,0
30.25,-0.0006800274780482,61,0
30.252,-0.0007063933780482,61,0
30.254,-0.0005187465780482,61,0
30.256,-0.0006780285580482,61,0
30.258,-0.0008373105380482,61,0
30.26,-0.0009965925180482,61,0
30.262,-0.0011558744980482,61,0
30.264,-0.0013151564780482,61,0
30.266,-0.0007202720780482,61,0
30.268,-0.0004944497780482,61,0
30.27,-0.0017091808780482,61,0
30.272,-0.0016165190780482,61,0
30.274,-0.0015238572780482,61,0
30.276,-0.0008160919780482,61,0
30.278,-0.0006853393780482,61,0
30.28,-0.0006524959447148,61,0
30.282,-0.0006196525113815,61,0
30.284,-0.0005868090780482,61,0
30.286,-0.0011756918780482,61,0
30.288,-0.0014416922280482,61,0
30.29,-0.0017076925780482,61,0
30.292,-0.0013458541780482,61,0
30.294,-0.0009840157780482,61,0
30.296,-0.0006701175780482,61,0
30.298,-0.0006974393780482,61,0
30.3,-0.0007668691780482,61,0
30.302,-0.0011458290780482,61,0
30.304,-0.0015247889780482,61,0
30.306,-0.0019037488780482,61,0
30.308,-0.0011396459780482,61,0
30.31,-0.0006758408780482,61,0
30.312,-0.0007064780780482,61,0
30.314,-0.0008304740380482,61,0
30.316,-0.0009544699980482,61,0
30.318,-0.0010784659580482,61,0
30.32,-0.0012024619180482,61,0
30.322,-0.0013264578780482,61,0
30.324,-0.0007407936780482,61,0
30.326,-0.0007054616780482,61,0
30.328,-0.0004890410780482,61,0
30.33,-0.0016710658780482,61,0
30.332,-0.0015312503780482,61,0
30.334,-0.0008345202780482,61,0
30.336,-0.0006708556780482,61,0
30.338,-0.0005743823780482,61,0
30.34,-0.0011368871780482,61,0
30.342,-0.0012547048780482,61,0
30.344,-0.0013725225780482,61,0
30.346,-0.0014903402780482,61,0
30.348,-0.0016081579780482,61,0
30.35,-0.0017259756780482,61,0
30.352,-0.0009835438780482,61,0
30.354,-0.0006586951780482,61,0
30.356,-0.0006774380780482,61,0
30.358,-0.0007440606780482,61,0
30.36,-0.0011342050113815,61,0
30.362,-0.0015243493447148,61,0
30.364,-0.0019144936780482,61,0
30.366,-0.0011570820780482,61,0
30.368,-0.0006614176780482,61,0
30.37,-0.0006987703780482,61,0
30.372,-0.0004987936780482,61,0
30.374,-0.0007049050780482,61,0
30.376,-0.0009110164780482,61,0
30.378,-0.0011171278780482,61,0
30.38,-0.0013232392780482,61,0
30.382,-0.0006990365780482,61,0
30.384,-0.0004818657780482,61,0
30.386,-0.0005507341380482,61,0
30.388,-0.0006196024980482,61,0
30.39,-0.0006884708580482,61,0
30.392,-0.0007573392180482,61,0
30.394,-0.0008262075780482,61,0
30.396,-0.0006836937780482,61,0
30.398,-0.0005868211780482,61,0
30.4,-0.0011288527780482,61,0
30.402,-0.0014333069280482,61,0
30.404,-0.0017377610780482,61,0
30.406,-0.0013440270780482,61,0
30.408,-0.0009502930780482,61,0
30.41,-0.0006375322780482,61,0
30.412,-0.0006638860780482,61,0
30.414,-0.0007144882780482,61,0
30.416,-0.0011212499447148,61,0
30.418,-0.0015280116113815,61,0
30.42,-0.0019347732780482,61,0
30.422,-0.0011644388780482,61,0
30.424,-0.0006753205780482,61,0
30.426,-0.0007250636780482,61,0
30.428,-0.0007362118113815,61,0
30.43,-0.0007473599447148,61,0
30.432,-0.0007585080780482,61,0
30.434,-0.0007304360780482,61,0
30.436,-0.0007023640780482,61,0
30.438,-0.0006046021280482,61,0
30.44,-0.0005068401780482,61,0
30.442,-0.0010785833280482,61,0
30.444,-0.0016503264780482,61,0
30.446,-0.0016258522113815,61,0
30.448,-0.0016013779447148,61,0
30.45,-0.0015769036780482,61,0
30.452,-0.0008408364780482,61,0
30.454,-0.0006552103780482,61,0
30.456,-0.0011280178780482,61,0
30.458,-0.0012890840030482,61,0
30.46,-0.0014501501280482,61,0
30.462,-0.0016112162530482,61,0
30.464,-0.0017722823780482,61,0
30.466,-0.0009782198780482,61,0
30.468,-0.0006545085780482,61,0
30.47,-0.0006891387780482,61,0
30.472,-0.0008458700780482,61,0
30.474,-0.0010026013780482,61,0
30.476,-0.0011593326780482,61,0
30.478,-0.0006890419780482,61,0
30.48,-0.0005053034780482,61,0
30.482,-0.0006294996066196,61,0
30.484,-0.000753695735191,61,0
30.486,-0.0008778918637625,61,0
30.488,-0.0010020879923339,61,0
30.49,-0.0011262841209053,61,0
30.492,-0.0012504802494767,61,0
30.494,-0.0013746763780482,61,0
30.496,-0.0007139558780482,61,0
30.498,-0.0006904818780482,61,0
30.5,-0.0005121883780482,62,0
30.502,-0.0016174023780482,62,0
30.504,-0.0016048627447148,62,0
30.506,-0.0015923231113815,62,0
30.508,-0.0015797834780482,62,0
30.51,-0.0008441397780482,62,0
30.512,-0.0006661366780482,62,0
30.514,-0.0005927259780482,62,0
30.516,-0.0010924559780482,62,0
30.518,-0.0014415893780482,62,0
30.52,-0.0017907227780482,62,0
30.522,-0.0009906949780482,62,0
30.524,-0.0006751753780482,62,0
30.526,-0.0007124312780482,62,0
30.528,-0.0007086137280482,62,0
30.53,-0.0007047961780482,62,0
30.532,-0.0011117877447148,62,0
30.534,-0.0015187793113815,62,0
30.536,-0.0019257708780482,62,0
30.538,-0.0011246661780482,62,0
30.54,-0.0007139074780482,62,0
30.542,-0.0006068224780482,62,0
30.544,-0.0004997374780482,62,0
30.546,-0.0007097632280482,62,0
30.548,-0.0009197889780482,62,0
30.55,-0.0011298147280482,62,0
30.552,-0.0013398404780482,62,0
30.554,-0.0007058609780482,62,0
30.556,-0.0005217715780482,62,0
30.558,-0.0007295600380482,62,0
30.56,-0.0009373484980482,62,0
30.562,-0.0011451369580482,62,0
30.564,-0.0013529254180482,62,0
30.566,-0.0015607138780482,62,0
30.568,-0.0008265100780482,62,0
30.57,-0.0006537946780482,62,0
30.572,-0.0005865186780482,62,0
30.574,-0.0006868397780482,62,0
30.576,-0.0007871608780482,62,0
30.578,-0.0008874819780482,62,0
30.58,-0.0009878030780482,62,0
30.582,-0.0006600624780482,62,0
30.584,-0.0006765426780482,62,0
30.586,-0.0006930228780482,62,0
30.588,-0.0006938335780482,62,0
30.59,-0.0013017073280482,62,0
30.592,-0.0019095810780482,62,0
30.594,-0.0015310628280482,62,0
30.596,-0.0011525445780482,62,0
30.598,-0.0006671772780482,62,0
30.6,-0.0007112454780482,62,0
30.602,-0.0007130290180482,62,0
30.604,-0.0007148125580482,62,0
30.606,-0.0007165960980482,62,0
30.608,-0.0007183796380482,62,0
30.61,-0.0007201631780482,62,0
30.612,-0.0007005248780482,62,0
30.614,-0.0006808865780482,62,0
30.616,-0.0004951515780482,62,0
30.618,-0.0015467020780482,62,0
30.62,-0.0015485291780482,62,0
30.622,-0.0015503562780482,62,0
30.624,-0.0015521833780482,62,0
30.626,-0.0008140833780482,62,0
30.628,-0.0006630511780482,62,0
30.63,-0.0005994172780482,62,0
30.632,-0.0010364329780482,62,0
30.634,-0.0012674139113815,62,0
30.636,-0.0014983948447148,62,0
30.638,-0.0017293757780482,62,0
30.64,-0.0009716374780482,62,0
30.642,-0.0006601713780482,62,0
30.644,-0.0006870454780482,62,0
30.646,-0.0006492692780482,62,0
30.648,-0.0012891959280482,62,0
30.65,-0.0019291225780482,62,0
30.652,-0.0006890661780482,62,0
30.654,-0.0007070588780482,62,0
30.656,-0.0007250515780482,62,0
30.658,-0.0005032222780482,62,0
30.66,-0.0007162216030482,62,0
30.662,-0.0009292209280482,62,0
30.664,-0.0011422202530482,62,0
30.666,-0.0013552195780482,62,0
30.668,-0.0007438549780482,62,0
30.67,-0.0006983952780482,62,0
30.672,-0.0004988662780482,62,0
30.674,-0.0005304674447148,62,0
30.676,-0.0005620686113815,62,0
30.678,-0.0005936697780482,62,0
30.68,-0.0010050818780482,62,0
30.682,-0.0010014224923339,62,0
30.684,-0.0009977631066196,62,0
30.686,-0.0009941037209053,62,0
30.688,-0.000990444335191,62,0
30.69,-0.0009867849494767,62,0
30.692,-0.0009831255637625,62,0
30.694,-0.0009794661780482,62,0
30.696,-0.0008149364280482,62,0
30.698,-0.0006504066780482,62,0
30.7,-0.0006655195780482,62,0
30.702,-0.0006226976780482,62,0
30.704,-0.0010556840780482,62,0
30.706,-0.0014886704780482,62,0
30.708,-0.0019216568780482,62,0
30.71,-0.0011783659780482,62,0
30.712,-0.0007156014780482,62,0
30.714,-0.0008291377947148,62,0
30.716,-0.0009426741113815,62,0
30.718,-0.0010562104280482,62,0
30.72,-0.0011697467447148,62,0
30.722,-0.0012832830613815,62,0
30.724,-0.0013968193780482,62,0
30.726,-0.0007494693780482,62,0
30.728,-0.0006842019780482,62,0
30.73,-0.0004782357780482,62,0
30.732,-0.0015120476780482,62,0
30.734,-0.0015340212780482,62,0
30.736,-0.0015559948780482,62,0
30.738,-0.0015779684780482,62,0
30.74,-0.0008727925780482,62,0
30.742,-0.0006497290780482,62,0
30.744,-0.0005880311780482,62,0
30.746,-0.0009978944780482,62,0
30.748,-0.0009998224113815,62,0
30.75,-0.0010017503447148,62,0
30.752,-0.0010036782780482,62,0
30.754,-0.0008281375280482,62,0
30.756,-0.0006525967780482,62,0
30.758,-0.0006222136780482,62,0
30.76,-0.0007600931780482,62,0
30.762,-0.0008979726780482,62,0
30.764,-0.0010358521780482,62,0
30.766,-0.0011737316780482,62,0
30.768,-0.0006561783780482,62,0
30.77,-0.0006675402780482,62,0
30.772,-0.0006789021780482,62,0
30.774,-0.0004631470780482,62,0
30.776,-0.0006853333280482,62,0
30.778,-0.0009075195780482,62,0
30.78,-0.0011297058280482,62,0
30.782,-0.0013518920780482,62,0
30.784,-0.0007235632780482,62,0
30.786,-0.0004963615780482,62,0
30.788,-0.0014842418780482,62,0
30.79,-0.0015046031530482,62,0
30.792,-0.0015249644280482,62,0
30.794,-0.0015453257030482,62,0
30.796,-0.0015656869780482,62,0
30.798,-0.0008321607780482,62,0
30.8,-0.0006263518780482,62,0
30.802,-0.0005755923780482,62,0
30.804,-0.0009800106780482,62,0
30.806,-0.0012424556447148,62,0
30.808,-0.0015049006113815,62,0
30.81,-0.0017673455780482,62,0
30.812,-0.0009958495780482,62,0
30.814,-0.0006201566780482,62,0
30.816,-0.0006641764780482,62,0
30.818,-0.0006188861780482,62,0
30.82,-0.0010582533113815,62,0
30.822,-0.0014976204447148,62,0
30.824,-0.0019369875780482,62,0
30.826,-0.0011689521780482,62,0
30.828,-0.0006415494780482,62,0
30.83,-0.0006838389780482,62,0
30.832,-0.0004514947780482,62,0
30.834,-0.0019972455780482,62,0
30.836,-0.0017830917113815,62,0
30.838,-0.0015689378447148,62,0
30.84,-0.0013547839780482,62,0
30.842,-0.0006904939780482,62,0
30.844,-0.0004709999780482,62,0
30.846,-0.0009599246780482,62,0
30.848,-0.0014488493780482,62,0
30.85,-0.0014907234447148,62,0
30.852,-0.0015325975113815,62,0
30.854,-0.0015744715780482,62,0
30.856,-0.0006180633780482,62,0
30.858,-0.0005805654780482,62,0
30.86,-0.0007719511780482,62,0
30.862,-0.0009633368780482,62,0
30.864,-0.0012268063113815,62,0
30.866,-0.0014902757447148,62,0
30.868,-0.0017537451780482,62,0
30.87,-0.0009792967780482,62,0
30.872,-0.0006092303780482,62,0
30.874,-0.0006611756780482,62,0
30.876,-0.0006222015780482,62,0
30.878,-0.0010685342780482,62,0
30.88,-0.0015148669780482,62,0
30.882,-0.0019611996780482,62,0
30.884,-0.0011666894780482,62,0
30.886,-0.0006279490780482,62,0
30.888,-0.0006698513780482,62,0
30.89,-0.0004652887780482,62,0
30.892,-0.0019665236780482,62,0
30.894,-0.0017744926447148,62,0
30.896,-0.0015824616113815,62,0
30.898,-0.0013904305780482,62,0
30.9,-0.0007311499780482,62,0
30.902,-0.0005077113780482,62,0
30.904,-0.0007282411380482,62,0
30.906,-0.0009487708980482,62,0
30.908,-0.0011693006580482,62,0
30.91,-0.0013898304180482,62,0
30.912,-0.0016103601780482,62,0
30.914,-0.0008600754780482,62,0
30.916,-0.0006255532780482,62,0
30.918,-0.0006038579780482,62,0
30.92,-0.0009371161780482,62,0
30.922,-0.0012155331447148,62,0
30.924,-0.0014939501113815,62,0
30.926,-0.0017723670780482,62,0
30.928,-0.0009818256780482,62,0
30.93,-0.0006702627780482,62,0
30.932,-0.0006288626280482,62,0
30.934,-0.0005874624780482,62,0
30.936,-0.0010381834447148,62,0
30.938,-0.0014889044113815,62,0
30.94,-0.0019396253780482,62,0
30.942,-0.0011726305780482,62,0
30.944,-0.0006457723780482,62,0
30.946,-0.0006816972780482,62,0
30.948,-0.0004590814780482,62,0
30.95,-0.0019493053780482,62,0
30.952,-0.0017611584447148,62,0
30.954,-0.0015730115113815,62,0
30.956,-0.0013848645780482,62,0
30.958,-0.0007246038780482,62,0
30.96,-0.0006595179780482,62,0
30.962,-0.0005042991780482,62,0
30.964,-0.0013716271780482,62,0
30.966,-0.0014393024780482,62,0
30.968,-0.0015069777780482,62,0
30.97,-0.0015746530780482,62,0
30.972,-0.0008193710780482,62,0
30.974,-0.0006182932780482,62,0
30.976,-0.0005871357780482,62,0
30.978,-0.0009047728780482,62,0
30.98,-0.0011984842447148,62,0
30.982,-0.0014921956113815,62,0
30.984,-0.0017859069780482,62,0
30.986,-0.0009996247780482,62,0
30.988,-0.0006947652780482,62,0
30.99,-0.0006427957780482,62,0
30.992,-0.0005908262780482,62,0
30.994,-0.0007474275030482,62,0
30.996,-0.0009040287280482,62,0
30.998,-0.0010606299530482,62,0
31.0,-0.0012172311780482,63,0
31.002,-0.0006901188780482,63,0
31.004,-0.0007372967780482,63,0
31.006,-0.0004911948780482,63,0
31.008,-0.0007212098280482,63,0
31.01,-0.0009512247780482,63,0
31.012,-0.0011812397280482,63,0
31.014,-0.0014112546780482,63,0
31.016,-0.0007472671780482,63,0
31.018,-0.0006858959780482,63,0
31.02,-0.0005305682780482,63,0
31.022,-0.0013996870780482,63,0
31.024,-0.0014750700780482,63,0
31.026,-0.0015504530780482,63,0
31.028,-0.0016258360780482,63,0
31.03,-0.0009021229780482,63,0
31.032,-0.0006710250780482,63,0
31.034,-0.0006370482780482,63,0
31.036,-0.0009216765780482,63,0
31.038,-0.0012187356113815,63,0
31.04,-0.0015157946447148,63,0
31.042,-0.0018128536780482,63,0
31.044,-0.0010259906780482,63,0
31.046,-0.0006343378780482,63,0
31.048,-0.0006830887780482,63,0
31.05,-0.0005725310780482,63,0
31.052,-0.0010380140447148,63,0
31.054,-0.0015034970113815,63,0
31.056,-0.0019689799780482,63,0
31.058,-0.0012060144780482,63,0
31.06,-0.0006582716780482,63,0
31.062,-0.0006869002780482,63,0
31.064,-0.0019113839780482,63,0
31.066,-0.0016720217780482,63,0
31.068,-0.0014326595780482,63,0
31.07,-0.0011001818280482,63,0
31.072,-0.0007677040780482,63,0
31.074,-0.0007317973280482,63,0
31.076,-0.0006958905780482,63,0
31.078,-0.0005391834780482,63,0
31.08,-0.0013893173780482,63,0
31.082,-0.0014705769447148,63,0
31.084,-0.0015518365113815,63,0
31.086,-0.0016330960780482,63,0
31.088,-0.0008868285780482,63,0
31.09,-0.0006584773780482,63,0
31.092,-0.0006303327780482,63,0
31.094,-0.0008895631780482,63,0
31.096,-0.0011954027780482,63,0
31.098,-0.0015012423780482,63,0
31.1,-0.0018070819780482,63,0
31.102,-0.0010183797780482,63,0
31.104,-0.0006418156780482,63,0
31.106,-0.0006849037780482,63,0
31.108,-0.0005816665780482,63,0
31.11,-0.0010493033447148,63,0
31.112,-0.0015169401113815,63,0
31.114,-0.0019845768780482,63,0
31.116,-0.0012325013780482,63,0
31.118,-0.0006783092780482,63,0
31.12,-0.0006968948780482,63,0
31.122,-0.0004675635780482,63,0
31.124,-0.0018924716780482,63,0
31.126,-0.0017327960447148,63,0
31.128,-0.0015731204113815,63,0
31.13,-0.0014134447780482,63,0
31.132,-0.0007604077780482,63,0
31.134,-0.0005389293780482,63,0
31.136,-0.0008989729447148,63,0
31.138,-0.0012590165113815,63,0
31.14,-0.0016190600780482,63,0
31.142,-0.0013701550113815,63,0
31.144,-0.0011212499447148,63,0
31.146,-0.0008723448780482,63,0
31.148,-0.0006497048780482,63,0
31.15,-0.0006203260780482,63,0
31.152,-0.0008690899780482,63,0
31.154,-0.0011758814447148,63,0
31.156,-0.0014826729113815,63,0
31.158,-0.0017894643780482,63,0
31.16,-0.0010386835780482,63,0
31.162,-0.0006357051780482,63,0
31.164,-0.0006859927780482,63,0
31.166,-0.0011181241113815,63,0
31.168,-0.0015502554447148,63,0
31.17,-0.0019823867780482,63,0
31.172,-0.0016040016280482,63,0
31.174,-0.0012256164780482,63,0
31.176,-0.0007021583780482,63,0
31.178,-0.0005913949780482,63,0
31.18,-0.0004806315780482,63,0
31.182,-0.0007927389780482,63,0
31.184,-0.0011048463780482,63,0
31.186,-0.0014169537780482,63,0
31.188,-0.0007391722780482,63,0
31.19,-0.0006571221780482,63,0
31.192,-0.0005241552780482,63,0
31.194,-0.0013207345780482,63,0
31.196,-0.0014267144447148,63,0
31.198,-0.0015326943113815,63,0
31.2,-0.0016386741780482,63,0
31.202,-0.0006298608780482,63,0
31.204,-0.0006044266780482,63,0
31.206,-0.0008448052780482,63,0
31.208,-0.0018321168780482,63,0
31.21,-0.0014279042780482,63,0
31.212,-0.0010236916780482,63,0
31.214,-0.0008292567780482,63,0
31.216,-0.0006348218780482,63,0
31.218,-0.0006568801780482,63,0
31.22,-0.0006789384780482,63,0
31.222,-0.0005246634780482,63,0
31.224,-0.0010114827780482,63,0
31.226,-0.0014983020780482,63,0
31.228,-0.0019851213780482,63,0
31.23,-0.0012026506780482,63,0
31.232,-0.0006560331780482,63,0
31.234,-0.0006821933780482,63,0
31.236,-0.0004282990780482,63,0
31.238,-0.0007560558113815,63,0
31.24,-0.0010838125447148,63,0
31.242,-0.0014115692780482,63,0
31.244,-0.0007416285780482,63,0
31.246,-0.0006954610280482,63,0
31.248,-0.0006492934780482,63,0
31.25,-0.0005036094780482,63,0
31.252,-0.0012866004780482,63,0
31.254,-0.0013905556113815,63,0
31.256,-0.0014945107447148,63,0
31.258,-0.0015984658780482,63,0
31.26,-0.0008522830780482,63,0
31.262,-0.0006127272780482,63,0
31.264,-0.0008108647780482,63,0
31.266,-0.0010612168030482,63,0
31.268,-0.0013115688280482,63,0
31.27,-0.0015619208530482,63,0
31.272,-0.0018122728780482,63,0
31.274,-0.0006371329780482,63,0
31.276,-0.0007350744113815,63,0
31.278,-0.0008330158447148,63,0
31.28,-0.0009309572780482,63,0
31.282,-0.0010288987113815,63,0
31.284,-0.0011268401447148,63,0
31.286,-0.0012247815780482,63,0
31.288,-0.0006806203780482,63,0
31.29,-0.0004717138780482,63,0
31.292,-0.0009463121780482,63,0
31.294,-0.0014209104780482,63,0
31.296,-0.0012534313530482,63,0
31.298,-0.0010859522280482,63,0
31.3,-0.0009184731030482,63,0
31.302,-0.0007509939780482,63,0
31.304,-0.0006516529780482,63,0
31.306,-0.0005154190780482,63,0
31.308,-0.0012652076780482,63,0
31.31,-0.0014516686780482,63,0
31.312,-0.0016381296780482,63,0
31.314,-0.0009032482780482,63,0
31.316,-0.0006266785780482,63,0
31.318,-0.0006159095780482,63,0
31.32,-0.0006051405780482,63,0
31.322,-0.0008024794780482,63,0
31.324,-0.0013207708780482,63,0
31.326,-0.0018390622780482,63,0
31.328,-0.0010617824780482,63,0
31.33,-0.0008464387780482,63,0
31.332,-0.0006310950780482,63,0
31.334,-0.0006789505780482,63,0
31.336,-0.0005272286780482,63,0
31.338,-0.0012626606280482,63,0
31.34,-0.0019980925780482,63,0
31.342,-0.0006845528780482,63,0
31.344,-0.0006993209280482,63,0
31.346,-0.0007140889780482,63,0
31.348,-0.0004709273780482,63,0
31.35,-0.0011353020780482,63,0
31.352,-0.0017996767780482,63,0
31.354,-0.0016922489447148,63,0
31.356,-0.0015848211113815,63,0
31.358,-0.0014773932780482,63,0
31.36,-0.0007723988780482,63,0
31.362,-0.0006583563780482,63,0
31.364,-0.0005138944780482,63,0
31.366,-0.0008819321113815,63,0
31.368,-0.0012499697447148,63,0
31.37,-0.0016180073780482,63,0
31.372,-0.0006305505780482,63,0
31.374,-0.0006295583780482,63,0
31.376,-0.0006285661780482,63,0
31.378,-0.0006275739780482,63,0
31.38,-0.0009230075780482,63,0
31.382,-0.0012184411780482,63,0
31.384,-0.0015138747780482,63,0
31.386,-0.0018093083780482,63,0
31.388,-0.0010506262780482,63,0
31.39,-0.0006202171780482,63,0
31.392,-0.0005020606780482,63,0
31.394,-0.0008753245030482,63,0
31.396,-0.0012485883280482,63,0
31.398,-0.0016218521530482,63,0
31.4,-0.0019951159780482,63,0
31.402,-0.0006738201780482,63,0
31.404,-0.0006857386780482,63,0
31.406,-0.0006976571780482,63,0
31.408,-0.0004675635780482,63,0
31.41,-0.0005458233530482,63,0
31.412,-0.0006240831280482,63,0
31.414,-0.0007023429030482,63,0
31.416,-0.0007806026780482,63,0
31.418,-0.0006560210780482,63,0
31.42,-0.0005193757780482,63,0
31.422,-0.0012175578780482,63,0
31.424,-0.0010643537280482,63,0
31.426,-0.0009111495780482,63,0
31.428,-0.0007579454280482,63,0
31.43,-0.0006047412780482,63,0
31.432,-0.0006838873780482,63,0
31.434,-0.0007630334780482,63,0
31.436,-0.0009774720980482,63,0
31.438,-0.0011919107180482,63,0
31.44,-0.0014063493380482,63,0
31.442,-0.0016207879580482,63,0
31.444,-0.0018352265780482,63,0
31.446,-0.0010431363780482,63,0
31.448,-0.0006108517780482,63,0
31.45,-0.0006961930780482,63,0
31.452,-0.0005150560780482,63,0
31.454,-0.0005501914530482,63,0
31.456,-0.0005853268280482,63,0
31.458,-0.0006204622030482,63,0
31.46,-0.0006555975780482,63,0
31.462,-0.0006637469280482,63,0
31.464,-0.0006718962780482,63,0
31.466,-0.0004462796780482,63,0
31.468,-0.0017638728780482,63,0
31.47,-0.0016632452447148,63,0
31.472,-0.0015626176113815,63,0
31.474,-0.0014619899780482,63,0
31.476,-0.0007608070780482,63,0
31.478,-0.0006365279780482,63,0
31.48,-0.0005121762780482,63,0
31.482,-0.0008000110780482,63,0
31.484,-0.0010878458780482,63,0
31.486,-0.0013756806780482,63,0
31.488,-0.0016635154780482,63,0
31.49,-0.0008817344780482,63,0
31.492,-0.0006225645780482,63,0
31.494,-0.0006936883780482,63,0
31.496,-0.0007648121780482,63,0
31.498,-0.0011235086113815,63,0
31.5,-0.0014822050447148,64,0
31.502,-0.0018409014780482,64,0
31.504,-0.0006730699780482,64,0
31.506,-0.0006133000113815,64,0
31.508,-0.0005535300447148,64,0
31.51,-0.0004937600780482,64,0
31.512,-0.0007504535113815,64,0
31.514,-0.0010071469447148,64,0
31.516,-0.0012638403780482,64,0
31.518,-0.0006580296780482,64,0
31.52,-0.0006485069780482,64,0
31.522,-0.0017215954780482,64,0
31.524,-0.0016650303980482,64,0
31.526,-0.0016084653180482,64,0
31.528,-0.0015519002380482,64,0
31.53,-0.0014953351580482,64,0
31.532,-0.0014387700780482,64,0
31.534,-0.0007361109780482,64,0
31.536,-0.0006227097780482,64,0
31.538,-0.0011772164780482,64,0
31.54,-0.0011055693530482,64,0
31.542,-0.0010339222280482,64,0
31.544,-0.0009622751030482,64,0
31.546,-0.0008906279780482,64,0
31.548,-0.0007458333280482,64,0
31.55,-0.0006010386780482,64,0
31.552,-0.0006157522780482,64,0
31.554,-0.0007250878780482,64,0
31.556,-0.0010930206447148,64,0
31.558,-0.0014609534113815,64,0
31.56,-0.0018288861780482,64,0
31.562,-0.0010477706780482,64,0
31.564,-0.0006159216780482,64,0
31.566,-0.0006614055780482,64,0
31.568,-0.0007785045380482,64,0
31.57,-0.0008956034980482,64,0
31.572,-0.0010127024580482,64,0
31.574,-0.0011298014180482,64,0
31.576,-0.0012469003780482,64,0
31.578,-0.0006579328780482,64,0
31.58,-0.0004381605780482,64,0
31.582,-0.0016891674780482,64,0
31.584,-0.0016365173530482,64,0
31.586,-0.0015838672280482,64,0
31.588,-0.0015312171030482,64,0
31.59,-0.0014785669780482,64,0
31.592,-0.0006419608780482,64,0
31.594,-0.0005809466280482,64,0
31.596,-0.0005199323780482,64,0
31.598,-0.0008092403530482,64,0
31.6,-0.0010985483280482,64,0
31.602,-0.0013878563030482,64,0
31.604,-0.0016771642780482,64,0
31.606,-0.0008892485780482,64,0
31.608,-0.0006204954780482,64,0
31.61,-0.0006376774780482,64,0
31.612,-0.0010433420780482,64,0
31.614,-0.0014490066780482,64,0
31.616,-0.0018546712780482,64,0
31.618,-0.0006343741780482,64,0
31.62,-0.0006584652780482,64,0
31.622,-0.0006825563780482,64,0
31.624,-0.0005839958280482,64,0
31.626,-0.0004854352780482,64,0
31.628,-0.0006810408530482,64,0
31.63,-0.0008766464280482,64,0
31.632,-0.0010722520030482,64,0
31.634,-0.0012678575780482,64,0
31.636,-0.0006979959780482,64,0
31.638,-0.0004702860780482,64,0
31.64,-0.0016852107780482,64,0
31.642,-0.0016073997113815,64,0
31.644,-0.0015295886447148,64,0
31.646,-0.0014517775780482,64,0
31.648,-0.0010469478780482,64,0
31.65,-0.0006421181780482,64,0
31.652,-0.0005329640780482,64,0
31.654,-0.0008346957280482,64,0
31.656,-0.0011364273780482,64,0
31.658,-0.0013977631780482,64,0
31.66,-0.0016590989780482,64,0
31.662,-0.0012849548780482,64,0
31.664,-0.0009108107780482,64,0
31.666,-0.0006274892780482,64,0
31.668,-0.0010264383780482,64,0
31.67,-0.0014253874780482,64,0
31.672,-0.0018243365780482,64,0
31.674,-0.0010658117780482,64,0
31.676,-0.0006216207780482,64,0
31.678,-0.0006496322780482,64,0
31.68,-0.0006776437780482,64,0
31.682,-0.0004843220780482,64,0
31.684,-0.0006779977030482,64,0
31.686,-0.0008716733280482,64,0
31.688,-0.0010653489530482,64,0
31.69,-0.0012590245780482,64,0
31.692,-0.0006697908780482,64,0
31.694,-0.0004492562780482,64,0
31.696,-0.0016624022780482,64,0
31.698,-0.0016160441530482,64,0
31.7,-0.0015696860280482,64,0
31.702,-0.0015233279030482,64,0
31.704,-0.0014769697780482,64,0
31.706,-0.0006424569780482,64,0
31.708,-0.0005886785280482,64,0
31.71,-0.0005349000780482,64,0
31.712,-0.0011370323780482,64,0
31.714,-0.0010636458780482,64,0
31.716,-0.0009902593780482,64,0
31.718,-0.0009168728780482,64,0
31.72,-0.0006225766780482,64,0
31.722,-0.0006231151280482,64,0
31.724,-0.0006236535780482,64,0
31.726,-0.0009318405780482,64,0
31.728,-0.0012400275780482,64,0
31.73,-0.0015482145780482,64,0
31.732,-0.0018564015780482,64,0
31.734,-0.0011127960780482,64,0
31.736,-0.0006693915780482,64,0
31.738,-0.0004762513780482,64,0
31.74,-0.0005256605180482,64,0
31.742,-0.0005750696580482,64,0
31.744,-0.0006244787980482,64,0
31.746,-0.0006738879380482,64,0
31.748,-0.0007232970780482,64,0
31.75,-0.0006963624780482,64,0
31.752,-0.0005857442780482,64,0
31.754,-0.0004751260780482,64,0
31.756,-0.0016664194780482,64,0
31.758,-0.0016101181780482,64,0
31.76,-0.0015538168780482,64,0
31.762,-0.0014975155780482,64,0
31.764,-0.0008092554780482,64,0
31.766,-0.0006486521780482,64,0
31.768,-0.0005361463780482,64,0
31.77,-0.0011240611780482,64,0
31.772,-0.0010536432113815,64,0
31.774,-0.0009832252447148,64,0
31.776,-0.0009128072780482,64,0
31.778,-0.0006204107780482,64,0
31.78,-0.0006273319780482,64,0
31.782,-0.0006754415780482,64,0
31.784,-0.0008282040780482,64,0
31.786,-0.0009809665780482,64,0
31.788,-0.0011337290780482,64,0
31.79,-0.0009660150113815,64,0
31.792,-0.0007983009447148,64,0
31.794,-0.0006305868780482,64,0
31.796,-0.0006639828780482,64,0
31.798,-0.0004499943780482,64,0
31.8,-0.0006689227030482,64,0
31.802,-0.0008878510280482,64,0
31.804,-0.0011067793530482,64,0
31.806,-0.0013257076780482,64,0
31.808,-0.0006818787780482,64,0
31.81,-0.0004552457780482,64,0
31.812,-0.0005730997780482,64,0
31.814,-0.0006909537780482,64,0
31.816,-0.0008088077780482,64,0
31.818,-0.0007662762780482,64,0
31.82,-0.0007237447780482,64,0
31.822,-0.0006812132780482,64,0
31.824,-0.0006386817780482,64,0
31.826,-0.0005361342780482,64,0
31.828,-0.0008306331530482,64,0
31.83,-0.0011251320280482,64,0
31.832,-0.0014196309030482,64,0
31.834,-0.0017141297780482,64,0
31.836,-0.0009727264780482,64,0
31.838,-0.0006380525780482,64,0
31.84,-0.0007102411780482,64,0
31.842,-0.0010010737530482,64,0
31.844,-0.0012919063280482,64,0
31.846,-0.0015827389030482,64,0
31.848,-0.0018735714780482,64,0
31.85,-0.0006384760780482,64,0
31.852,-0.0005677455280482,64,0
31.854,-0.0004970149780482,64,0
31.856,-0.0006945716780482,64,0
31.858,-0.0008921283780482,64,0
31.86,-0.0010896850780482,64,0
31.862,-0.0012872417780482,64,0
31.864,-0.0009937804780482,64,0
31.866,-0.0007003191780482,64,0
31.868,-0.0006868881780482,64,0
31.87,-0.0004854352780482,64,0
31.872,-0.0016221455780482,64,0
31.874,-0.0015948883113815,64,0
31.876,-0.0015676310447148,64,0
31.878,-0.0015403737780482,64,0
31.88,-0.0008254815780482,64,0
31.882,-0.0006455182780482,64,0
31.884,-0.0007056625380482,64,0
31.886,-0.0007658067980482,64,0
31.888,-0.0008259510580482,64,0
31.89,-0.0008860953180482,64,0
31.892,-0.0009462395780482,64,0
31.894,-0.0007958365780482,64,0
31.896,-0.0006454335780482,64,0
31.898,-0.0006671651780482,64,0
31.9,-0.0006888967780482,64,0
31.902,-0.0010899996780482,64,0
31.904,-0.0014911025780482,64,0
31.906,-0.0018922054780482,64,0
31.908,-0.0011178054780482,64,0
31.91,-0.0006279127780482,64,0
31.912,-0.0006780672780482,64,0
31.914,-0.0004585732780482,64,0
31.916,-0.0005148685280482,64,0
31.918,-0.0005711637780482,64,0
31.92,-0.0006274590280482,64,0
31.922,-0.0006837542780482,64,0
31.924,-0.0006407024780482,64,0
31.926,-0.0004419962780482,64,0
31.928,-0.0006548401180482,64,0
31.93,-0.0008676839580482,64,0
31.932,-0.0010805277980482,64,0
31.934,-0.0012933716380482,64,0
31.936,-0.0015062154780482,64,0
31.938,-0.0006192733780482,64,0
31.94,-0.0005846734280482,64,0
31.942,-0.0005500734780482,64,0
31.944,-0.0010747536780482,64,0
31.946,-0.0012843579447148,64,0
31.948,-0.0014939622113815,64,0
31.95,-0.0017035664780482,64,0
31.952,-0.0009371282780482,64,0
31.954,-0.0006119286780482,64,0
31.956,-0.0008662997180482,64,0
31.958,-0.0011206707580482,64,0
31.96,-0.0013750417980482,64,0
31.962,-0.0016294128380482,64,0
31.964,-0.0018837838780482,64,0
31.966,-0.0010992561780482,64,0
31.968,-0.0006267753780482,64,0
31.97,-0.0006871422780482,64,0
31.972,-0.0004675030780482,64,0
31.974,-0.0006873933530482,64,0
31.976,-0.0009072836280482,64,0
31.978,-0.0011271739030482,64,0
31.98,-0.0013470641780482,64,0
31.982,-0.0007000892780482,64,0
31.984,-0.0006605464780482,64,0
31.986,-0.0004674546780482,64,0
31.988,-0.0005801581113815,64,0
31.99,-0.0006928615447148,64,0
31.992,-0.0008055649780482,64,0
31.994,-0.0006414526780482,64,0
31.996,-0.0006192048113815,64,0
31.998,-0.0005969569447148,64,0
32.0,-0.0005747090780482,65,1
32.002,-0.0010476012780482,65,1
32.004,-0.0012621625113815,65,1
32.006,-0.0014767237447148,65,1
32.008,-0.0016912849780482,65,1
32.01,-0.0009358819780482,65,1
32.012,-0.0006123763780482,65,1
32.014,-0.0006438968780482,65,1
32.016,-0.0006348581780482,65,1
32.018,-0.0010552121780482,65,1
32.02,-0.0014755661780482,65,1
32.022,-0.0018959201780482,65,1
32.024,-0.0011178538780482,65,1
32.026,-0.0004462554780482,65,1
32.028,-0.0005951721947148,65,1
32.03,-0.0007440889113815,65,1
32.032,-0.0008930056280482,65,1
32.034,-0.0010419223447148,65,1
32.036,-0.0011908390613815,65,1
32.038,-0.0013397557780482,65,1
32.04,-0.0007197396780482,65,1
32.042,-0.0006833912780482,65,1
32.044,-0.0004619007780482,65,1
32.046,-0.0015330653780482,65,1
32.048,-0.0015281769780482,65,1
32.05,-0.0015232885780482,65,1
32.052,-0.0015184001780482,65,1
32.054,-0.0007913232780482,65,1
32.056,-0.0006393351780482,65,1
32.058,-0.0010250226780482,65,1
32.06,-0.0010063221280482,65,1
32.062,-0.0009876215780482,65,1
32.064,-0.0009689210280482,65,1
32.066,-0.0009502204780482,65,1
32.068,-0.0007786364280482,65,1
32.07,-0.0006070523780482,65,1
32.072,-0.0006364795780482,65,1
32.074,-0.0006275981780482,65,1
32.076,-0.0012583711780482,65,1
32.078,-0.0018891441780482,65,1
32.08,-0.0014985924780482,65,1
32.082,-0.0011080407780482,65,1
32.084,-0.0006840083780482,65,1
32.086,-0.0005786657780482,65,1
32.088,-0.0004733231780482,65,1
32.09,-0.0006790201530482,65,1
32.092,-0.0008847171280482,65,1
32.094,-0.0010904141030482,65,1
32.096,-0.0012961110780482,65,1
32.098,-0.0006914619780482,65,1
32.1,-0.0006645515780482,65,1
32.102,-0.0015222963780482,65,1
32.104,-0.0015308480530482,65,1
32.106,-0.0015393997280482,65,1
32.108,-0.0015479514030482,65,1
32.11,-0.0015565030780482,65,1
32.112,-0.0008185603780482,65,1
32.114,-0.0005843527780482,65,1
32.116,-0.0007900406780482,65,1
32.118,-0.0009957285780482,65,1
32.12,-0.0012415884780482,65,1
32.122,-0.0014874483780482,65,1
32.124,-0.0017333082780482,65,1
32.126,-0.0009711171780482,65,1
32.128,-0.0006295583780482,65,1
32.13,-0.0006829435780482,65,1
32.132,-0.0006165024780482,65,1
32.134,-0.0007866930113815,65,1
32.136,-0.0009568835447148,65,1
32.138,-0.0011270740780482,65,1
32.14,-0.0008824604780482,65,1
32.142,-0.0006378468780482,65,1
32.144,-0.0007054979780482,65,1
32.146,-0.0008311879380482,65,1
32.148,-0.0009568778980482,65,1
32.15,-0.0010825678580482,65,1
32.152,-0.0012082578180482,65,1
32.154,-0.0013339477780482,65,1
32.156,-0.0007130241780482,65,1
32.158,-0.0006765789780482,65,1
32.16,-0.0004771830780482,65,1
32.162,-0.0015129430780482,65,1
32.164,-0.0015339728780482,65,1
32.166,-0.0015550026780482,65,1
32.168,-0.0011988815280482,65,1
32.17,-0.0008427603780482,65,1
32.172,-0.0006516529780482,65,1
32.174,-0.0009729684780482,65,1
32.176,-0.0013476752280482,65,1
32.178,-0.0017223819780482,65,1
32.18,-0.0009633610780482,65,1
32.182,-0.0008533599780482,65,1
32.184,-0.0007433588780482,65,1
32.186,-0.0006333577780482,65,1
32.188,-0.0006580780780482,65,1
32.19,-0.0005992720780482,65,1
32.192,-0.0010388449113815,65,1
32.194,-0.0014784177447148,65,1
32.196,-0.0019179905780482,65,1
32.198,-0.0011630352780482,65,1
32.2,-0.0006599777780482,65,1
32.202,-0.0006872269780482,65,1
32.204,-0.0004523901780482,65,1
32.206,-0.0006770418030482,65,1
32.208,-0.0009016934280482,65,1
32.21,-0.0011263450530482,65,1
32.212,-0.0013509966780482,65,1
32.214,-0.0007288509780482,65,1
32.216,-0.0006635714780482,65,1
32.218,-0.0004727544780482,65,1
32.22,-0.0014937282780482,65,1
32.222,-0.0015090347780482,65,1
32.224,-0.0015243412780482,65,1
32.226,-0.0015396477780482,65,1
32.228,-0.0008183788780482,65,1
32.23,-0.0006292679780482,65,1
32.232,-0.0005683807780482,65,1
32.234,-0.0009518660780482,65,1
32.236,-0.0013416554780482,65,1
32.238,-0.0017314448780482,65,1
32.24,-0.0009850805780482,65,1
32.242,-0.0008295895280482,65,1
32.244,-0.0006740984780482,65,1
32.246,-0.0005854417780482,65,1
32.248,-0.0009203486030482,65,1
32.25,-0.0012552554280482,65,1
32.252,-0.0015901622530482,65,1
32.254,-0.0019250690780482,65,1
32.256,-0.0011772164780482,65,1
32.258,-0.0006713759780482,65,1
32.26,-0.0004353412780482,65,1
32.262,-0.0006274941180482,65,1
32.264,-0.0008196469580482,65,1
32.266,-0.0010117997980482,65,1
32.268,-0.0012039526380482,65,1
32.27,-0.0013961054780482,65,1
32.272,-0.0007598027780482,65,1
32.274,-0.0005443864780482,65,1
32.276,-0.0007990963180482,65,1
32.278,-0.0010538061580482,65,1
32.28,-0.0013085159980482,65,1
32.282,-0.0015632258380482,65,1
32.284,-0.0018179356780482,65,1
32.286,-0.0010254340780482,65,1
32.288,-0.0008535535780482,65,1
32.29,-0.0007948806780482,65,1
32.292,-0.0008644980280482,65,1
32.294,-0.0009341153780482,65,1
32.296,-0.0010037327280482,65,1
32.298,-0.0010733500780482,65,1
32.3,-0.0011429674280482,65,1
32.302,-0.0012125847780482,65,1
32.304,-0.0012521880780482,65,1
32.306,-0.0012917913780482,65,1
32.308,-0.0013313946780482,65,1
32.31,-0.0013709979780482,65,1
32.312,-0.0014106012780482,65,1
32.314,-0.0014338713066196,65,1
32.316,-0.001457141335191,65,1
32.318,-0.0014804113637625,65,1
32.32,-0.0015036813923339,65,1
32.322,-0.0015269514209053,65,1
32.324,-0.0015502214494767,65,1
32.326,-0.0015734914780482,65,1
32.328,-0.0014771391780482,65,1
32.33,-0.0013744343780482,65,1
32.332,-0.0012717295780482,65,1
32.334,-0.0012881202380482,65,1
32.336,-0.0013045108980482,65,1
32.338,-0.0013209015580482,65,1
32.34,-0.0013372922180482,65,1
32.342,-0.0013536828780482,65,1
32.344,-0.0012680511780482,65,1
32.346,-0.0014481899280482,65,1
32.348,-0.0016283286780482,65,1
32.35,-0.0016284527030482,65,1
32.352,-0.0016285767280482,65,1
32.354,-0.0016287007530482,65,1
32.356,-0.0016288247780482,65,1
32.358,-0.0011919784780482,65,1
32.36,-0.0011980284780482,65,1
32.362,-0.0011184467780482,65,1
32.364,-0.0012458234780482,65,1
32.366,-0.0013732001780482,65,1
32.368,-0.0015005768780482,65,1
32.37,-0.0016279535780482,65,1
32.372,-0.0010576442780482,65,1
32.374,-0.0010717770780482,65,1
32.376,-0.0008072105780482,65,1
32.378,-0.0010256549030482,65,1
32.38,-0.0012440992280482,65,1
32.382,-0.0014625435530482,65,1
32.384,-0.0016809878780482,65,1
32.386,-0.0008843480780482,65,1
32.388,-0.0006859322780482,65,1
32.39,-0.0016258602780482,65,1
32.392,-0.0014589982530482,65,1
32.394,-0.0012921362280482,65,1
32.396,-0.0011252742030482,65,1
32.398,-0.0009584121780482,65,1
32.4,-0.0008375634280482,65,1
32.402,-0.0007167146780482,65,1
32.404,-0.0006548231780482,65,1
32.406,-0.0009954986780482,65,1
32.408,-0.0012592827113815,65,1
32.41,-0.0015230667447148,65,1
32.412,-0.0017868507780482,65,1
32.414,-0.0009714922780482,65,1
32.416,-0.0005813277780482,65,1
32.418,-0.0006019340780482,65,1
32.42,-0.0005335811780482,65,1
32.422,-0.0007147907780482,65,1
32.424,-0.0008960003780482,65,1
32.426,-0.0010772099780482,65,1
32.428,-0.0008095519280482,65,1
32.43,-0.0005418938780482,65,1
32.432,-0.0005701352780482,65,1
32.434,-0.0003364600780482,65,1
32.436,-0.0018160843780482,65,1
32.438,-0.0018764270780482,65,1
32.44,-0.0019367697780482,65,1
32.442,-0.0011871505780482,65,1
32.444,-0.0005541148780482,65,1
32.446,-0.0004914973780482,65,1
32.448,-0.0003429093780482,65,1
32.45,-0.0012303959780482,65,1
32.452,-0.0013140432780482,65,1
32.454,-0.0013976905780482,65,1
32.456,-0.0006788537780482,65,1
32.458,-0.0004529104780482,65,1
32.46,-0.0005977898280482,65,1
32.462,-0.0007426691780482,65,1
32.464,-0.0009638995280482,65,1
32.466,-0.0011851298780482,65,1
32.468,-0.0014063602280482,65,1
32.47,-0.0016275905780482,65,1
32.472,-0.0004287588780482,65,1
32.474,-0.0004566917280482,65,1
32.476,-0.0004846245780482,65,1
32.478,-0.0004071240780482,65,1
32.48,-0.0008645323113815,65,1
32.482,-0.0013219405447148,65,1
32.484,-0.0017793487780482,65,1
32.486,-0.0005049525780482,65,1
32.488,-0.0005161813780482,65,1
32.49,-0.0005274101780482,65,1
32.492,-0.0017803772780482,65,1
32.494,-0.0015955538113815,65,1
32.496,-0.0014107303447148,65,1
32.498,-0.0012259068780482,65,1
32.5,-0.0008984022280482,66,1
32.502,-0.0005708975780482,66,1
32.504,-0.0005023873780482,66,1
32.506,-0.0012261125780482,66,1
32.508,-0.0012702927030482,66,1
32.51,-0.0013144728280482,66,1
32.512,-0.0013586529530482,66,1
32.514,-0.0014028330780482,66,1
32.516,-0.0004784777780482,66,1
32.518,-0.0004808130780482,66,1
32.52,-0.0004831483780482,66,1
32.522,-0.0007431410780482,66,1
32.524,-0.0016167005780482,66,1
32.526,-0.0012611662780482,66,1
32.528,-0.0009056319780482,66,1
32.53,-0.0005908504780482,66,1
32.532,-0.0005663721780482,66,1
32.534,-0.0005418938780482,66,1
32.536,-0.0003978917780482,66,1
32.538,-0.0008392110447148,66,1
32.54,-0.0012805303113815,66,1
32.542,-0.0017218495780482,66,1
32.544,-0.0010174964780482,66,1
32.546,-0.0006345556780482,66,1
32.548,-0.0004429158780482,66,1
32.55,-0.0019431948780482,66,1
32.552,-0.0018022258447148,66,1
32.554,-0.0016612568113815,66,1
32.556,-0.0015202877780482,66,1
32.558,-0.0012035279280482,66,1
32.56,-0.0008867680780482,66,1
32.562,-0.0008296560780482,66,1
32.564,-0.0007095393780482,66,1
32.566,-0.0016342697780482,66,1
32.568,-0.0015624925780482,66,1
32.57,-0.0014907153780482,66,1
32.572,-0.0014189381780482,66,1
32.574,-0.0013471609780482,66,1
32.576,-0.0011008170780482,66,1
32.578,-0.0016168578780482,66,1
32.58,-0.0015921285030482,66,1
32.582,-0.0015673991280482,66,1
32.584,-0.0015426697530482,66,1
32.586,-0.0015179403780482,66,1
32.588,-0.0012150773780482,66,1
32.59,-0.0013195124780482,66,1
32.592,-0.0011884210780482,66,1
32.594,-0.0013225060180482,66,1
32.596,-0.0014565909580482,66,1
32.598,-0.0015906758980482,66,1
32.6,-0.0017247608380482,66,1
32.602,-0.0018588457780482,66,1
32.604,-0.0013181209780482,66,1
32.606,-0.0013417764780482,66,1
32.608,-0.0009897874780482,66,1
32.61,-0.0010636676580482,66,1
32.612,-0.0011375478380482,66,1
32.614,-0.0012114280180482,66,1
32.616,-0.0012853081980482,66,1
32.618,-0.0013591883780482,66,1
32.62,-0.0012634168780482,66,1
32.622,-0.0010835866780482,66,1
32.624,-0.0011748176530482,66,1
32.626,-0.0012660486280482,66,1
32.628,-0.0013572796030482,66,1
32.63,-0.0014485105780482,66,1
32.632,-0.0012243338780482,66,1
32.634,-0.0011725398280482,66,1
32.636,-0.0011207457780482,66,1
32.638,-0.0012240870380482,66,1
32.64,-0.0013274282980482,66,1
32.642,-0.0014307695580482,66,1
32.644,-0.0015341108180482,66,1
32.646,-0.0016374520780482,66,1
32.648,-0.0012003274780482,66,1
32.65,-0.0011275883280482,66,1
32.652,-0.0010548491780482,66,1
32.654,-0.0012227124780482,66,1
32.656,-0.0013905757780482,66,1
32.658,-0.0015584390780482,66,1
32.66,-0.0017263023780482,66,1
32.662,-0.0011448005780482,66,1
32.664,-0.0011454418780482,66,1
32.666,-0.0008815529780482,66,1
32.668,-0.0009423131280482,66,1
32.67,-0.0010030732780482,66,1
32.672,-0.0010638334280482,66,1
32.674,-0.0011245935780482,66,1
32.676,-0.0009455317280482,66,1
32.678,-0.0007664698780482,66,1
32.68,-0.0016061856780482,66,1
32.682,-0.0016733769780482,66,1
32.684,-0.0017405682780482,66,1
32.686,-0.0018077595780482,66,1
32.688,-0.0018749508780482,66,1
32.69,-0.0010699378780482,66,1
32.692,-0.0008196977780482,66,1
32.694,-0.0007757868780482,66,1
32.696,-0.0010021536780482,66,1
32.698,-0.0013214000780482,66,1
32.7,-0.0016406464780482,66,1
32.702,-0.0019598928780482,66,1
32.704,-0.0011366814780482,66,1
32.706,-0.0007529178780482,66,1
32.708,-0.0006655074780482,66,1
32.71,-0.0005780970780482,66,1
32.712,-0.0007427448030482,66,1
32.714,-0.0009073925280482,66,1
32.716,-0.0010720402530482,66,1
32.718,-0.0012366879780482,66,1
32.72,-0.0006720051780482,66,1
32.722,-0.0006932527780482,66,1
32.724,-0.0018468304780482,66,1
32.726,-0.0017291247030482,66,1
32.728,-0.0016114189280482,66,1
32.73,-0.0014937131530482,66,1
32.732,-0.0013760073780482,66,1
32.734,-0.0005775525780482,66,1
32.736,-0.0004905233280482,66,1
32.738,-0.0004034940780482,66,1
32.74,-0.0012301418780482,66,1
32.742,-0.0013269620447148,66,1
32.744,-0.0014237822113815,66,1
32.746,-0.0015206023780482,66,1
32.748,-0.0007396925780482,66,1
32.75,-0.0005008506780482,66,1
32.752,-0.0004778848780482,66,1
32.754,-0.0007599691530482,66,1
32.756,-0.0010420534280482,66,1
32.758,-0.0013241377030482,66,1
32.76,-0.0016062219780482,66,1
32.762,-0.0008360932780482,66,1
32.764,-0.0004574721780482,66,1
32.766,-0.0005140154780482,66,1
32.768,-0.0003871106780482,66,1
32.77,-0.0008517224447148,66,1
32.772,-0.0013163342113815,66,1
32.774,-0.0017809459780482,66,1
32.776,-0.0010211506780482,66,1
32.778,-0.0004801475780482,66,1
32.78,-0.0004696810780482,66,1
32.782,-0.0002615368780482,66,1
32.784,-0.0016430785780482,66,1
32.786,-0.0017761180780482,66,1
32.788,-0.0019091575780482,66,1
32.79,-0.0005488997780482,66,1
32.792,-0.0004471871780482,66,1
32.794,-0.0007828714280482,66,1
32.796,-0.0011185556780482,66,1
32.798,-0.0011977532030482,66,1
32.8,-0.0012769507280482,66,1
32.802,-0.0013561482530482,66,1
32.804,-0.0014353457780482,66,1
32.806,-0.0006719083780482,66,1
32.808,-0.0004189820780482,66,1
32.81,-0.0004037844780482,66,1
32.812,-0.0007960422780482,66,1
32.814,-0.0011883000780482,66,1
32.816,-0.0015805578780482,66,1
32.818,-0.0008388157780482,66,1
32.82,-0.0004185827780482,66,1
32.822,-0.0005404878580482,66,1
32.824,-0.0006623929380482,66,1
32.826,-0.0007842980180482,66,1
32.828,-0.0009062030980482,66,1
32.83,-0.0010281081780482,66,1
32.832,-0.0007447503780482,66,1
32.834,-0.0004613925780482,66,1
32.836,-0.0004964946780482,66,1
32.838,-0.0002802797780482,66,1
32.84,-0.0016342334780482,66,1
32.842,-0.0017926648280482,66,1
32.844,-0.0019510961780482,66,1
32.846,-0.0012473964780482,66,1
32.848,-0.0005711758780482,66,1
32.85,-0.0004453479780482,66,1
32.852,-0.0003230774780482,66,1
32.854,-0.0011063467780482,66,1
32.856,-0.0012245557113815,66,1
32.858,-0.0013427646447148,66,1
32.86,-0.0014609735780482,66,1
32.862,-0.0004445130780482,66,1
32.864,-0.0004414154780482,66,1
32.866,-0.0005353659280482,66,1
32.868,-0.0006293163780482,66,1
32.87,-0.0009633812447148,66,1
32.872,-0.0012974461113815,66,1
32.874,-0.0016315109780482,66,1
32.876,-0.0008602327780482,66,1
32.878,-0.0004616587780482,66,1
32.88,-0.0003498426780482,66,1
32.882,-0.0005290073780482,66,1
32.884,-0.0007081720780482,66,1
32.886,-0.0008873367780482,66,1
32.888,-0.0010665014780482,66,1
32.89,-0.0007843839280482,66,1
32.892,-0.0005022663780482,66,1
32.894,-0.0005017581780482,66,1
32.896,-0.0002966268780482,66,1
32.898,-0.0016428123780482,66,1
32.9,-0.0018066463780482,66,1
32.902,-0.0019704803780482,66,1
32.904,-0.0005834331780482,66,1
32.906,-0.0005265087280482,66,1
32.908,-0.0004695842780482,66,1
32.91,-0.0003516455780482,66,1
32.912,-0.0010793274780482,66,1
32.914,-0.0012034492780482,66,1
32.916,-0.0013275710780482,66,1
32.918,-0.0014516928780482,66,1
32.92,-0.0007047114780482,66,1
32.922,-0.0004718469780482,66,1
32.924,-0.0004843220780482,66,1
32.926,-0.0007816342030482,66,1
32.928,-0.0010789463280482,66,1
32.93,-0.0013762584530482,66,1
32.932,-0.0016735705780482,66,1
32.934,-0.0004764933780482,66,1
32.936,-0.0005591242780482,66,1
32.938,-0.0007340257447148,66,1
32.94,-0.0009089272113815,66,1
32.942,-0.0010838286780482,66,1
32.944,-0.0009437106780482,66,1
32.946,-0.0008035926780482,66,1
32.948,-0.0006634746780482,66,1
32.95,-0.0005233566780482,66,1
32.952,-0.0002937470780482,66,1
32.954,-0.0016051813780482,66,1
32.956,-0.0018022419780482,66,1
32.958,-0.0019993025780482,66,1
32.96,-0.0012831640780482,66,1
32.962,-0.0005930163780482,66,1
32.964,-0.0003535815780482,66,1
32.966,-0.0010664893780482,66,1
32.968,-0.0012054982113815,66,1
32.97,-0.0013445070447148,66,1
32.972,-0.0014835158780482,66,1
32.974,-0.0007468194780482,66,1
32.976,-0.0006264365780482,66,1
32.978,-0.0005060536780482,66,1
32.98,-0.0005010805780482,66,1
32.982,-0.0006430377780482,66,1
32.984,-0.0009853225780482,66,1
32.986,-0.0013276073780482,66,1
32.988,-0.0016698921780482,66,1
32.99,-0.0009087053780482,66,1
32.992,-0.0005036457780482,66,1
32.994,-0.0005499887780482,66,1
32.996,-0.0003732682780482,66,1
32.998,-0.0008713930113815,66,1
33.0,-0.0013695177447148,67,0
33.002,-0.0018676424780482,67,0
33.004,-0.0005458747780482,67,0
33.006,-0.0005335448780482,67,0
33.008,-0.0003128650780482,67,0
33.01,-0.0009706755280482,67,0
33.012,-0.0016284859780482,67,0
33.014,-0.0014786456280482,67,0
33.016,-0.0013288052780482,67,0
33.018,-0.0009864599780482,67,0
33.02,-0.0006441146780482,67,0
33.022,-0.0005398005780482,67,0
33.024,-0.0004116010780482,67,0
33.026,-0.0011435300780482,67,0
33.028,-0.0013256592780482,67,0
33.03,-0.0015077884780482,67,0
33.032,-0.0005263937780482,67,0
33.034,-0.0005343676780482,67,0
33.036,-0.0005970396280482,67,0
33.038,-0.0006597115780482,67,0
33.04,-0.0010196986780482,67,0
33.042,-0.0013796857780482,67,0
33.044,-0.0017396728780482,67,0
33.046,-0.0009737670780482,67,0
33.048,-0.0005328067780482,67,0
33.05,-0.0005762336780482,67,0
33.052,-0.0004007957780482,67,0
33.054,-0.0008970530780482,67,0
33.056,-0.0013933103780482,67,0
33.058,-0.0018895676780482,67,0
33.06,-0.0011527986780482,67,0
33.062,-0.0005747574780482,67,0
33.064,-0.0005753382780482,67,0
33.066,-0.0016330113780482,67,0
33.068,-0.0013890663030482,67,0
33.07,-0.0011451212280482,67,0
33.072,-0.0009011761530482,67,0
33.074,-0.0006572310780482,67,0
33.076,-0.0005564259780482,67,0
33.078,-0.0004925077280482,67,0
33.08,-0.0004285894780482,67,0
33.082,-0.0011258882780482,67,0
33.084,-0.0012757830780482,67,0
33.086,-0.0014256778780482,67,0
33.088,-0.0015755726780482,67,0
33.09,-0.0008220814780482,67,0
33.092,-0.0005504485780482,67,0
33.094,-0.0005333028780482,67,0
33.096,-0.0006612482780482,67,0
33.098,-0.0017438473780482,67,0
33.1,-0.0014903039780482,67,0
33.102,-0.0012367605780482,67,0
33.104,-0.0009832171780482,67,0
33.106,-0.0005460683780482,67,0
33.108,-0.0005612538780482,67,0
33.11,-0.0004073902780482,67,0
33.112,-0.0009147029447148,67,0
33.114,-0.0014220156113815,67,0
33.116,-0.0019293282780482,67,0
33.118,-0.0005839534780482,67,0
33.12,-0.0005795248780482,67,0
33.122,-0.0003568243780482,67,0
33.124,-0.0016397268780482,67,0
33.126,-0.0015612059447148,67,0
33.128,-0.0014826850113815,67,0
33.13,-0.0014041640780482,67,0
33.132,-0.0007080994780482,67,0
33.134,-0.0006386878280482,67,0
33.136,-0.0005692761780482,67,0
33.138,-0.0004450575780482,67,0
33.14,-0.0008209077780482,67,0
33.142,-0.0011967579780482,67,0
33.144,-0.0015726081780482,67,0
33.146,-0.0012033524780482,67,0
33.148,-0.0008340967780482,67,0
33.15,-0.0005583135780482,67,0
33.152,-0.0005732086780482,67,0
33.154,-0.0006579812780482,67,0
33.156,-0.0010269627113815,67,0
33.158,-0.0013959441447148,67,0
33.16,-0.0017649255780482,67,0
33.162,-0.0010016817780482,67,0
33.164,-0.0005596808780482,67,0
33.166,-0.0006125699780482,67,0
33.168,-0.0009467931530482,67,0
33.17,-0.0012810163280482,67,0
33.172,-0.0016152395030482,67,0
33.174,-0.0019494626780482,67,0
33.176,-0.0012198568780482,67,0
33.178,-0.0006260735780482,67,0
33.18,-0.0006153650780482,67,0
33.182,-0.0003915150780482,67,0
33.184,-0.0016623175780482,67,0
33.186,-0.0013470762780482,67,0
33.188,-0.0010318349780482,67,0
33.19,-0.0007165936780482,67,0
33.192,-0.0005774920780482,67,0
33.194,-0.0006553797780482,67,0
33.196,-0.0007332674780482,67,0
33.198,-0.0011653161280482,67,0
33.2,-0.0015973647780482,67,0
33.202,-0.0012096686780482,67,0
33.204,-0.0008219725780482,67,0
33.206,-0.0005601406780482,67,0
33.208,-0.0006697424780482,67,0
33.21,-0.0009483843030482,67,0
33.212,-0.0012270261280482,67,0
33.214,-0.0015056679530482,67,0
33.216,-0.0017843097780482,67,0
33.218,-0.0010048882780482,67,0
33.22,-0.0005602374780482,67,0
33.222,-0.0006014984780482,67,0
33.224,-0.0007583235530482,67,0
33.226,-0.0009151486280482,67,0
33.228,-0.0010719737030482,67,0
33.23,-0.0012287987780482,67,0
33.232,-0.0009335829780482,67,0
33.234,-0.0006383671780482,67,0
33.236,-0.0006154013780482,67,0
33.238,-0.0003992227780482,67,0
33.24,-0.0016361452780482,67,0
33.242,-0.0015223992280482,67,0
33.244,-0.0014086531780482,67,0
33.246,-0.0010643960780482,67,0
33.248,-0.0007201389780482,67,0
33.25,-0.0005685138780482,67,0
33.252,-0.0004793005780482,67,0
33.254,-0.0011180716780482,67,0
33.256,-0.0009431742447148,67,0
33.258,-0.0007682768113815,67,0
33.26,-0.0005933793780482,67,0
33.262,-0.0006099805780482,67,0
33.264,-0.0006979838780482,67,0
33.266,-0.0009188596980482,67,0
33.268,-0.0011397355180482,67,0
33.27,-0.0013606113380482,67,0
33.272,-0.0015814871580482,67,0
33.274,-0.0018023629780482,67,0
33.276,-0.0010487507780482,67,0
33.278,-0.0006282636780482,67,0
33.28,-0.0005369449780482,67,0
33.282,-0.0004456262780482,67,0
33.284,-0.0009574320780482,67,0
33.286,-0.0014692378780482,67,0
33.288,-0.0019810436780482,67,0
33.29,-0.0012412012780482,67,0
33.292,-0.0006390810780482,67,0
33.294,-0.0005351662780482,67,0
33.296,-0.0004312514780482,67,0
33.298,-0.0016493584780482,67,0
33.3,-0.0015756815780482,67,0
33.302,-0.0015020046780482,67,0
33.304,-0.0014283277780482,67,0
33.306,-0.0007448592780482,67,0
33.308,-0.0006031077780482,67,0
33.31,-0.0005138339780482,67,0
33.312,-0.0008948226447148,67,0
33.314,-0.0012758113113815,67,0
33.316,-0.0016567999780482,67,0
33.318,-0.0005986186780482,67,0
33.32,-0.0006113539280482,67,0
33.322,-0.0006240891780482,67,0
33.324,-0.0006532985780482,67,0
33.326,-0.0006825079780482,67,0
33.328,-0.0008086706447148,67,0
33.33,-0.0009348333113815,67,0
33.332,-0.0010609959780482,67,0
33.334,-0.0005943473780482,67,0
33.336,-0.0006278462280482,67,0
33.338,-0.0006613450780482,67,0
33.34,-0.0004607270780482,67,0
33.342,-0.0007242207113815,67,0
33.344,-0.0009877143447148,67,0
33.346,-0.0012512079780482,67,0
33.348,-0.0006450221780482,67,0
33.35,-0.0006370240780482,67,0
33.352,-0.0006290259780482,67,0
33.354,-0.0004229750780482,67,0
33.356,-0.0016087024780482,67,0
33.358,-0.0015547163113815,67,0
33.36,-0.0015007301447148,67,0
33.362,-0.0014467439780482,67,0
33.364,-0.0007657196780482,67,0
33.366,-0.0006231090780482,67,0
33.368,-0.0005428860780482,67,0
33.37,-0.0010773430780482,67,0
33.372,-0.0012540877780482,67,0
33.374,-0.0014308324780482,67,0
33.376,-0.0016075771780482,67,0
33.378,-0.0008566511780482,67,0
33.38,-0.0005741766780482,67,0
33.382,-0.0005905116780482,67,0
33.384,-0.0006514351780482,67,0
33.386,-0.0010413576780482,67,0
33.388,-0.0014312801780482,67,0
33.39,-0.0018212026780482,67,0
33.392,-0.0010476133780482,67,0
33.394,-0.0005873777780482,67,0
33.396,-0.0006536131780482,67,0
33.398,-0.0004324856780482,67,0
33.4,-0.0006377773030482,67,0
33.402,-0.0008430689280482,67,0
33.404,-0.0010483605530482,67,0
33.406,-0.0012536521780482,67,0
33.408,-0.0006472848780482,67,0
33.41,-0.0015641260780482,67,0
33.412,-0.0015324039113815,67,0
33.414,-0.0015006817447148,67,0
33.416,-0.0014689595780482,67,0
33.418,-0.0011515039780482,67,0
33.42,-0.0008340483780482,67,0
33.422,-0.0005165927780482,67,0
33.424,-0.0007946205280482,67,0
33.426,-0.0010726482780482,67,0
33.428,-0.0012175972030482,67,0
33.43,-0.0013625461280482,67,0
33.432,-0.0015074950530482,67,0
33.434,-0.0016524439780482,67,0
33.436,-0.0008877723780482,67,0
33.438,-0.0005898340780482,67,0
33.44,-0.0005974570780482,67,0
33.442,-0.0010093491447148,67,0
33.444,-0.0014212412113815,67,0
33.446,-0.0018331332780482,67,0
33.448,-0.0014538406280482,67,0
33.45,-0.0010745479780482,67,0
33.452,-0.0006637529780482,67,0
33.454,-0.0008771687447148,67,0
33.456,-0.0010905845113815,67,0
33.458,-0.0013040002780482,67,0
33.46,-0.0010006351280482,67,0
33.462,-0.0006972699780482,67,0
33.464,-0.0006833065780482,67,0
33.466,-0.0006693431780482,67,0
33.468,-0.0006553797780482,67,0
33.47,-0.0004240882780482,67,0
33.472,-0.0015839095780482,67,0
33.474,-0.0015290239780482,67,0
33.476,-0.0014741383780482,67,0
33.478,-0.0011288648780482,67,0
33.48,-0.0007835913780482,67,0
33.482,-0.0006182811780482,67,0
33.484,-0.0005216868780482,67,0
33.486,-0.0010506867780482,67,0
33.488,-0.0013718328780482,67,0
33.49,-0.0016929789780482,67,0
33.492,-0.0009410365780482,67,0
33.494,-0.0006165992780482,67,0
33.496,-0.0006443869280482,67,0
33.498,-0.0006721745780482,67,0
33.5,-0.0009693203280482,68,0
33.502,-0.0012664660780482,68,0
33.504,-0.0015636118280482,68,0
33.506,-0.0018607575780482,68,0
33.508,-0.0011130622780482,68,0
33.51,-0.0006377137780482,68,0
33.512,-0.0006809712780482,68,0
33.514,-0.0004661720780482,68,0
33.516,-0.0006740410030482,68,0
33.518,-0.0008819099280482,68,0
33.52,-0.0010897788530482,68,0
33.522,-0.0012976477780482,68,0
33.524,-0.0006879529780482,68,0
33.526,-0.0006498258780482,68,0
33.528,-0.0004433635780482,68,0
33.53,-0.0015915325780482,68,0
33.532,-0.0011947312280482,68,0
33.534,-0.0007979298780482,68,0
33.536,-0.0005449067780482,68,0
33.538,-0.0007702910580482,68,0
33.54,-0.0009956753380482,68,0
33.542,-0.0012210596180482,68,0
33.544,-0.0014464438980482,68,0
33.546,-0.0016718281780482,68,0
33.548,-0.0009125773780482,68,0
33.55,-0.0006025027780482,68,0
33.552,-0.0006069031447148,68,0
33.554,-0.0006113035113815,68,0
33.556,-0.0006157038780482,68,0
33.558,-0.0006725738780482,68,0
33.56,-0.0010727692780482,68,0
33.562,-0.0014729646780482,68,0
33.564,-0.0018731600780482,68,0
33.566,-0.0011097347780482,68,0
33.568,-0.0006330915780482,68,0
33.57,-0.0004500185780482,68,0
33.572,-0.0006187869580482,68,0
33.574,-0.0007875553380482,68,0
33.576,-0.0009563237180482,68,0
33.578,-0.0011250920980482,68,0
33.58,-0.0012938604780482,68,0
33.582,-0.0006897558780482,68,0
33.584,-0.0006529476780482,68,0
33.586,-0.0004600010780482,68,0
33.588,-0.0015612099780482,68,0
33.59,-0.0015470005447148,68,0
33.592,-0.0015327911113815,68,0
33.594,-0.0015185816780482,68,0
33.596,-0.0007903673780482,68,0
33.598,-0.0006137557780482,68,0
33.6,-0.0005351904780482,68,0
33.602,-0.0010330328780482,68,0
33.604,-0.0012505505447148,68,0
33.606,-0.0014680682113815,68,0
33.608,-0.0016855858780482,68,0
33.61,-0.0009185910780482,68,0
33.612,-0.0006150262780482,68,0
33.614,-0.0010320043780482,68,0
33.616,-0.0014489824780482,68,0
33.618,-0.0018659605780482,68,0
33.62,-0.0016141353780482,68,0
33.622,-0.0013623101780482,68,0
33.624,-0.0011104849780482,68,0
33.626,-0.0006232663780482,68,0
33.628,-0.0007644056180482,68,0
33.63,-0.0009055448580482,68,0
33.632,-0.0010466840980482,68,0
33.634,-0.0011878233380482,68,0
33.636,-0.0013289625780482,68,0
33.638,-0.0006126304780482,68,0
33.64,-0.0005170767780482,68,0
33.642,-0.0004215230780482,68,0
33.644,-0.0015308873780482,68,0
33.646,-0.0014740173780482,68,0
33.648,-0.0010361486280482,68,0
33.65,-0.0005982798780482,68,0
33.652,-0.0007354858113815,68,0
33.654,-0.0008726917447148,68,0
33.656,-0.0010098976780482,68,0
33.658,-0.0013576819280482,68,0
33.66,-0.0017054661780482,68,0
33.662,-0.0014466270113815,68,0
33.664,-0.0011877878447148,68,0
33.666,-0.0009289486780482,68,0
33.668,-0.0005905237780482,68,0
33.67,-0.0006202413780482,68,0
33.672,-0.0007484378530482,68,0
33.674,-0.0008766343280482,68,0
33.676,-0.0010048308030482,68,0
33.678,-0.0011330272780482,68,0
33.68,-0.0006387422780482,68,0
33.682,-0.0004517367780482,68,0
33.684,-0.0005956864447148,68,0
33.686,-0.0007396361113815,68,0
33.688,-0.0008835857780482,68,0
33.69,-0.0010275354447148,68,0
33.692,-0.0011714851113815,68,0
33.694,-0.0013154347780482,68,0
33.696,-0.0007085955780482,68,0
33.698,-0.0006570132780482,68,0
33.7,-0.0014922278780482,68,0
33.702,-0.0014981205780482,68,0
33.704,-0.0015040132780482,68,0
33.706,-0.0015099059780482,68,0
33.708,-0.0015157986780482,68,0
33.71,-0.0008020075780482,68,0
33.712,-0.0006192007780482,68,0
33.714,-0.0009964424780482,68,0
33.716,-0.0012342800780482,68,0
33.718,-0.0014721176780482,68,0
33.72,-0.0017099552780482,68,0
33.722,-0.0009502688780482,68,0
33.724,-0.0006142760780482,68,0
33.726,-0.0006632447780482,68,0
33.728,-0.0009128750380482,68,0
33.73,-0.0011625052980482,68,0
33.732,-0.0014121355580482,68,0
33.734,-0.0016617658180482,68,0
33.736,-0.0019113960780482,68,0
33.738,-0.0011369113780482,68,0
33.74,-0.0006354510780482,68,0
33.742,-0.0007083535780482,68,0
33.744,-0.0009176956780482,68,0
33.746,-0.0011270377780482,68,0
33.748,-0.0013363798780482,68,0
33.75,-0.0007026665780482,68,0
33.752,-0.0006572310780482,68,0
33.754,-0.0005961462447148,68,0
33.756,-0.0005350614113815,68,0
33.758,-0.0004739765780482,68,0
33.76,-0.0014965112780482,68,0
33.762,-0.0015110554780482,68,0
33.764,-0.0015255996780482,68,0
33.766,-0.0015401438780482,68,0
33.768,-0.0008047542780482,68,0
33.77,-0.0006289170780482,68,0
33.772,-0.0005616652780482,68,0
33.774,-0.0009789095780482,68,0
33.776,-0.0012190381113815,68,0
33.778,-0.0014591666447148,68,0
33.78,-0.0016992951780482,68,0
33.782,-0.0009351801780482,68,0
33.784,-0.0006680605780482,68,0
33.786,-0.0006447741280482,68,0
33.788,-0.0006214876780482,68,0
33.79,-0.0010565109113815,68,0
33.792,-0.0014915341447148,68,0
33.794,-0.0019265573780482,68,0
33.796,-0.0011396217780482,68,0
33.798,-0.0006392262780482,68,0
33.8,-0.0006832097780482,68,0
33.802,-0.0008193880180482,68,0
33.804,-0.0009555662580482,68,0
33.806,-0.0010917444980482,68,0
33.808,-0.0012279227380482,68,0
33.81,-0.0013641009780482,68,0
33.812,-0.0007217240780482,68,0
33.814,-0.0006641401780482,68,0
33.816,-0.0014697581780482,68,0
33.818,-0.0014956642780482,68,0
33.82,-0.0015215703780482,68,0
33.822,-0.0015474764780482,68,0
33.824,-0.0015733825780482,68,0
33.826,-0.0008313016780482,68,0
33.828,-0.0006303206780482,68,0
33.83,-0.0005607214780482,68,0
33.832,-0.0009587630780482,68,0
33.834,-0.0012354981447148,68,0
33.836,-0.0015122332113815,68,0
33.838,-0.0017889682780482,68,0
33.84,-0.0010056263780482,68,0
33.842,-0.0006517134780482,68,0
33.844,-0.0006192612780482,68,0
33.846,-0.0005868090780482,68,0
33.848,-0.0010351584447148,68,0
33.85,-0.0014835078113815,68,0
33.852,-0.0019318571780482,68,0
33.854,-0.0011528349780482,68,0
33.856,-0.0006655800780482,68,0
33.858,-0.0004359341780482,68,0
33.86,-0.0019717508780482,68,0
33.862,-0.0016576651280482,68,0
33.864,-0.0013435793780482,68,0
33.866,-0.0010294936280482,68,0
33.868,-0.0007154078780482,68,0
33.87,-0.0006914498780482,68,0
33.872,-0.0006674918780482,68,0
33.874,-0.0004721978780482,68,0
33.876,-0.0014543427780482,68,0
33.878,-0.0015255452280482,68,0
33.88,-0.0015967476780482,68,0
33.882,-0.0008475277780482,68,0
33.884,-0.0007514477280482,68,0
33.886,-0.0006553676780482,68,0
33.888,-0.0005950370780482,68,0
33.89,-0.0009899488113815,68,0
33.892,-0.0013848605447148,68,0
33.894,-0.0017797722780482,68,0
33.896,-0.0009971563780482,68,0
33.898,-0.0008055165780482,68,0
33.9,-0.0006138767780482,68,0
33.902,-0.0006577271780482,68,0
33.904,-0.0005906447780482,68,0
33.906,-0.0012705195780482,68,0
33.908,-0.0019503943780482,68,0
33.91,-0.0011512498780482,68,0
33.912,-0.0008940764780482,68,0
33.914,-0.0006369030780482,68,0
33.916,-0.0004380274780482,68,0
33.918,-0.0011874167780482,68,0
33.92,-0.0019368060780482,68,0
33.922,-0.0017479533113815,68,0
33.924,-0.0015591005447148,68,0
33.926,-0.0013702477780482,68,0
33.928,-0.0007152021780482,68,0
33.93,-0.0006548473780482,68,0
33.932,-0.0004753680780482,68,0
33.934,-0.0007463959780482,68,0
33.936,-0.0010174238780482,68,0
33.938,-0.0012884517780482,68,0
33.94,-0.0015594796780482,68,0
33.942,-0.0008263043780482,68,0
33.944,-0.0006362375780482,68,0
33.946,-0.0006179181780482,68,0
33.948,-0.0009332441780482,68,0
33.95,-0.0013474574280482,68,0
33.952,-0.0017616706780482,68,0
33.954,-0.0013700299780482,68,0
33.956,-0.0009783892780482,68,0
33.958,-0.0006284935780482,68,0
33.96,-0.0006641643780482,68,0
33.962,-0.0005654162780482,68,0
33.964,-0.0007658850447148,68,0
33.966,-0.0009663538113815,68,0
33.968,-0.0011668225780482,68,0
33.97,-0.0009181373280482,68,0
33.972,-0.0006694520780482,68,0
33.974,-0.0005464737280482,68,0
33.976,-0.0004234953780482,68,0
33.978,-0.0019287232780482,68,0
33.98,-0.0017424841113815,68,0
33.982,-0.0015562449447148,68,0
33.984,-0.0013700057780482,68,0
33.986,-0.0007280402780482,68,0
33.988,-0.0006568922780482,68,0
33.99,-0.0014019739780482,68,0
33.992,-0.0014443118780482,68,0
33.994,-0.0014866497780482,68,0
33.996,-0.0015289876780482,68,0
33.998,-0.0015713255780482,68,0
34.0,-0.0006421060780482,69,0
34.002,-0.0006189043280482,69,0
34.004,-0.0005957025780482,69,0
34.006,-0.0008928967280482,69,0
34.008,-0.0011900908780482,69,0
34.01,-0.0014872850280482,69,0
34.012,-0.0017844791780482,69,0
34.014,-0.0010149796780482,69,0
34.016,-0.0006330673780482,69,0
34.018,-0.0006531654780482,69,0
34.02,-0.0005680298780482,69,0
34.022,-0.0010220138113815,69,0
34.024,-0.0014759977447148,69,0
34.026,-0.0019299816780482,69,0
34.028,-0.0011636523780482,69,0
34.03,-0.0006862105780482,69,0
34.032,-0.0004416332780482,69,0
34.034,-0.0019221045780482,69,0
34.036,-0.0016574231280482,69,0
34.038,-0.0013927416780482,69,0
34.04,-0.0011509796447148,69,0
34.042,-0.0009092176113815,69,0
34.044,-0.0006674555780482,69,0
34.046,-0.0004834629780482,69,0
34.048,-0.0005569196580482,69,0
34.05,-0.0006303763380482,69,0
34.052,-0.0007038330180482,69,0
34.054,-0.0007772896980482,69,0
34.056,-0.0008507463780482,69,0
34.058,-0.0007483682780482,69,0
34.06,-0.0006459901780482,69,0
34.062,-0.0006197210780482,69,0
34.064,-0.0008914628780482,69,0
34.066,-0.0013302935780482,69,0
34.068,-0.0017691242780482,69,0
34.07,-0.0013983802780482,69,0
34.072,-0.0010276362780482,69,0
34.074,-0.0006682783780482,69,0
34.076,-0.0005537639780482,69,0
34.078,-0.0010225260447148,69,0
34.08,-0.0014912881113815,69,0
34.082,-0.0019600501780482,69,0
34.084,-0.0015780834280482,69,0
34.086,-0.0011961166780482,69,0
34.088,-0.0006776679780482,69,0
34.09,-0.0006979717780482,69,0
34.092,-0.0004458440780482,69,0
34.094,-0.0006891871780482,69,0
34.096,-0.0009325302780482,69,0
34.098,-0.0011758733780482,69,0
34.1,-0.0014192164780482,69,0
34.102,-0.0007707169780482,69,0
34.104,-0.0006816488780482,69,0
34.106,-0.0004982975780482,69,0
34.108,-0.0013895109780482,69,0
34.11,-0.0014577106113815,69,0
34.112,-0.0015259102447148,69,0
34.114,-0.0015941098780482,69,0
34.116,-0.0006407387780482,69,0
34.118,-0.0006171619280482,69,0
34.12,-0.0005935850780482,69,0
34.122,-0.0008768339780482,69,0
34.124,-0.0011690207447148,69,0
34.126,-0.0014612075113815,69,0
34.128,-0.0017533942780482,69,0
34.13,-0.0010058925780482,69,0
34.132,-0.0006372176780482,69,0
34.134,-0.0006700207780482,69,0
34.136,-0.0005650290780482,69,0
34.138,-0.0010218484447148,69,0
34.14,-0.0014786678113815,69,0
34.142,-0.0019354871780482,69,0
34.144,-0.0011833995780482,69,0
34.146,-0.0006421060780482,69,0
34.148,-0.0006615628780482,69,0
34.15,-0.0004338287780482,69,0
34.152,-0.0007605368447148,69,0
34.154,-0.0010872449113815,69,0
34.156,-0.0014139529780482,69,0
34.158,-0.0010887775780482,69,0
34.16,-0.0007636021780482,69,0
34.162,-0.0006664149780482,69,0
34.164,-0.0005041297780482,69,0
34.166,-0.0013455516780482,69,0
34.168,-0.0014836005780482,69,0
34.17,-0.0016216494780482,69,0
34.172,-0.0012512140280482,69,0
34.174,-0.0008807785780482,69,0
34.176,-0.0006289654780482,69,0
34.178,-0.0008608377780482,69,0
34.18,-0.0010908799530482,69,0
34.182,-0.0013209221280482,69,0
34.184,-0.0015509643030482,69,0
34.186,-0.0017810064780482,69,0
34.188,-0.0010336741780482,69,0
34.19,-0.0006238592780482,69,0
34.192,-0.0005536550780482,69,0
34.194,-0.0010213200780482,69,0
34.196,-0.0014889850780482,69,0
34.198,-0.0019566500780482,69,0
34.2,-0.0015882111280482,69,0
34.202,-0.0012197721780482,69,0
34.204,-0.0006587193780482,69,0
34.206,-0.0006775227780482,69,0
34.208,-0.0004355227780482,69,0
34.21,-0.0006827348530482,69,0
34.212,-0.0009299469280482,69,0
34.214,-0.0011771590030482,69,0
34.216,-0.0014243710780482,69,0
34.218,-0.0007438549780482,69,0
34.22,-0.0004810550780482,69,0
34.222,-0.0008975370780482,69,0
34.224,-0.0013140190780482,69,0
34.226,-0.0014650633780482,69,0
34.228,-0.0016161076780482,69,0
34.23,-0.0012308315780482,69,0
34.232,-0.0008455554780482,69,0
34.234,-0.0005914070780482,69,0
34.236,-0.0005671102780482,69,0
34.238,-0.0008282403780482,69,0
34.24,-0.0011615066447148,69,0
34.242,-0.0014947729113815,69,0
34.244,-0.0018280391780482,69,0
34.246,-0.0010139269780482,69,0
34.248,-0.0006166113780482,69,0
34.25,-0.0006795918780482,69,0
34.252,-0.0008166969780482,69,0
34.254,-0.0009538020780482,69,0
34.256,-0.0010909071780482,69,0
34.258,-0.0012280122780482,69,0
34.26,-0.0006625308780482,69,0
34.262,-0.0006724831280482,69,0
34.264,-0.0006824353780482,69,0
34.266,-0.0004470419780482,69,0
34.268,-0.0018448097780482,69,0
34.27,-0.0014814629113815,69,0
34.272,-0.0011181160447148,69,0
34.274,-0.0007547691780482,69,0
34.276,-0.0006454940780482,69,0
34.278,-0.0004925258780482,69,0
34.28,-0.0007794894780482,69,0
34.282,-0.0010664530780482,69,0
34.284,-0.0013534166780482,69,0
34.286,-0.0016403802780482,69,0
34.288,-0.0012516980280482,69,0
34.29,-0.0008630157780482,69,0
34.292,-0.0006099321780482,69,0
34.294,-0.0008156321780482,69,0
34.296,-0.0011571708113815,69,0
34.298,-0.0014987094447148,69,0
34.3,-0.0018402480780482,69,0
34.302,-0.0014448987280482,69,0
34.304,-0.0010495493780482,69,0
34.306,-0.0006408234780482,69,0
34.308,-0.0007001497780482,69,0
34.31,-0.0006903076380482,69,0
34.312,-0.0006804654980482,69,0
34.314,-0.0006706233580482,69,0
34.316,-0.0006607812180482,69,0
34.318,-0.0006509390780482,69,0
34.32,-0.0005517372280482,69,0
34.322,-0.0004525353780482,69,0
34.324,-0.0011413520780482,69,0
34.326,-0.0018301687780482,69,0
34.328,-0.0016915310113815,69,0
34.33,-0.0015528932447148,69,0
34.332,-0.0014142554780482,69,0
34.334,-0.0007448350780482,69,0
34.336,-0.0005268656780482,69,0
34.338,-0.0009043493780482,69,0
34.34,-0.0012818330780482,69,0
34.342,-0.0014626615280482,69,0
34.344,-0.0016434899780482,69,0
34.346,-0.0012612025780482,69,0
34.348,-0.0008789151780482,69,0
34.35,-0.0006498258780482,69,0
34.352,-0.0007972280780482,69,0
34.354,-0.0011342050113815,69,0
34.356,-0.0014711819447148,69,0
34.358,-0.0018081588780482,69,0
34.36,-0.0014149935780482,69,0
34.362,-0.0010218282780482,69,0
34.364,-0.0006138646780482,69,0
34.366,-0.0006729489780482,69,0
34.368,-0.0004991324780482,69,0
34.37,-0.0009906748113815,69,0
34.372,-0.0014822171447148,69,0
34.374,-0.0019737594780482,69,0
34.376,-0.0012032556780482,69,0
34.378,-0.0006675644780482,69,0
34.38,-0.0006728763780482,69,0
34.382,-0.0004520271780482,69,0
34.384,-0.0006891115530482,69,0
34.386,-0.0009261959280482,69,0
34.388,-0.0011632803030482,69,0
34.39,-0.0014003646780482,69,0
34.392,-0.0007433588780482,69,0
34.394,-0.0006419366780482,69,0
34.396,-0.0005035489780482,69,0
34.398,-0.0012461138780482,69,0
34.4,-0.0013717885113815,69,0
34.402,-0.0014974631447148,69,0
34.404,-0.0016231377780482,69,0
34.406,-0.0008846505780482,69,0
34.408,-0.0006234357780482,69,0
34.41,-0.0006283604780482,69,0
34.412,-0.0007766338780482,69,0
34.414,-0.0011283042447148,69,0
34.416,-0.0014799746113815,69,0
34.418,-0.0018316449780482,69,0
34.42,-0.0010745116780482,69,0
34.422,-0.0007102048780482,69,0
34.424,-0.0006173736780482,69,0
34.426,-0.0005245424780482,69,0
34.428,-0.0010090829447148,69,0
34.43,-0.0014936234113815,69,0
34.432,-0.0019781638780482,69,0
34.434,-0.0012347761780482,69,0
34.436,-0.0006715211780482,69,0
34.438,-0.0006635956780482,69,0
34.44,-0.0004372409780482,69,0
34.442,-0.0005140638780482,69,0
34.444,-0.0005908867780482,69,0
34.446,-0.0006677096780482,69,0
34.448,-0.0007445325780482,69,0
34.45,-0.0006468129780482,69,0
34.452,-0.0005879222780482,69,0
34.454,-0.0005290315780482,69,0
34.456,-0.0008039103030482,69,0
34.458,-0.0010787890280482,69,0
34.46,-0.0013536677530482,69,0
34.462,-0.0016285464780482,69,0
34.464,-0.0008866470780482,69,0
34.466,-0.0006372902780482,69,0
34.468,-0.0006196121780482,69,0
34.47,-0.0007780011780482,69,0
34.472,-0.0011236901113815,69,0
34.474,-0.0014693790447148,69,0
34.476,-0.0018150679780482,69,0
34.478,-0.0010686673780482,69,0
34.48,-0.0006763006780482,69,0
34.482,-0.0005857140280482,69,0
34.484,-0.0004951273780482,69,0
34.486,-0.0006794376030482,69,0
34.488,-0.0008637478280482,69,0
34.49,-0.0010480580530482,69,0
34.492,-0.0012323682780482,69,0
34.494,-0.0006881102780482,69,0
34.496,-0.0006896227780482,69,0
34.498,-0.0004567703780482,69,0
34.5,-0.0017475257780482,70,0
34.502,-0.0016516292447148,70,0
34.504,-0.0015557327113815,70,0
34.506,-0.0014598361780482,70,0
34.508,-0.0007862412780482,70,0
34.51,-0.0006443445780482,70,0
34.512,-0.0005054002780482,70,0
34.514,-0.0012200625780482,70,0
34.516,-0.0013585430447148,70,0
34.518,-0.0014970235113815,70,0
34.52,-0.0016355039780482,70,0
34.522,-0.0009036717780482,70,0
34.524,-0.0006283483780482,70,0
34.526,-0.0006133806780482,70,0
34.528,-0.0007248186530482,70,0
34.53,-0.0008362566280482,70,0
34.532,-0.0009476946030482,70,0
34.534,-0.0010591325780482,70,0
34.536,-0.0006261824780482,70,0
34.538,-0.0006449011780482,70,0
34.54,-0.0006636198780482,70,0
34.542,-0.0004987331780482,70,0
34.544,-0.0006949709780482,70,0
34.546,-0.0008912087780482,70,0
34.548,-0.0010874465780482,70,0
34.55,-0.0012836843780482,70,0
34.552,-0.0006956727780482,70,0
34.554,-0.0004365391780482,70,0
34.556,-0.0006398966180482,70,0
34.558,-0.0008432540580482,70,0
34.56,-0.0010466114980482,70,0
34.562,-0.0012499689380482,70,0
34.564,-0.0014533263780482,70,0
34.566,-0.0007848618780482,70,0
34.568,-0.0006537462780482,70,0
34.57,-0.0005306650780482,70,0
34.572,-0.0008169329280482,70,0
34.574,-0.0011032007780482,70,0
34.576,-0.0013894686280482,70,0
34.578,-0.0016757364780482,70,0
34.58,-0.0009093708780482,70,0
34.582,-0.0006353421780482,70,0
34.584,-0.0006251055780482,70,0
34.586,-0.0007497597780482,70,0
34.588,-0.0011144416780482,70,0
34.59,-0.0014791235780482,70,0
34.592,-0.0018438054780482,70,0
34.594,-0.0006360923780482,70,0
34.596,-0.0006527238280482,70,0
34.598,-0.0006693552780482,70,0
34.6,-0.0007907932980482,70,0
34.602,-0.0009122313180482,70,0
34.604,-0.0010336693380482,70,0
34.606,-0.0011551073580482,70,0
34.608,-0.0012765453780482,70,0
34.61,-0.0006924541780482,70,0
34.612,-0.0004549190780482,70,0
34.614,-0.0010871380280482,70,0
34.616,-0.0017193569780482,70,0
34.618,-0.0016361856113815,70,0
34.62,-0.0015530142447148,70,0
34.622,-0.0014698428780482,70,0
34.624,-0.0007840511780482,70,0
34.626,-0.0006362738780482,70,0
34.628,-0.0005392681780482,70,0
34.63,-0.0011803745780482,70,0
34.632,-0.0013445877113815,70,0
34.634,-0.0015088008447148,70,0
34.636,-0.0016730139780482,70,0
34.638,-0.0009183853780482,70,0
34.64,-0.0006177366780482,70,0
34.642,-0.0006214634780482,70,0
34.644,-0.0007293470780482,70,0
34.646,-0.0011050883780482,70,0
34.648,-0.0014808296780482,70,0
34.65,-0.0018565709780482,70,0
34.652,-0.0006252144780482,70,0
34.654,-0.0005683263280482,70,0
34.656,-0.0005114381780482,70,0
34.658,-0.0007040369030482,70,0
34.66,-0.0008966356280482,70,0
34.662,-0.0010892343530482,70,0
34.664,-0.0012818330780482,70,0
34.666,-0.0008661557280482,70,0
34.668,-0.0004504783780482,70,0
34.67,-0.0010707969780482,70,0
34.672,-0.0016911155780482,70,0
34.674,-0.0016192577113815,70,0
34.676,-0.0015473998447148,70,0
34.678,-0.0014755419780482,70,0
34.68,-0.0006353542780482,70,0
34.682,-0.0009016752780482,70,0
34.684,-0.0011679962780482,70,0
34.686,-0.0014232820780482,70,0
34.688,-0.0016785678780482,70,0
34.69,-0.0009350833780482,70,0
34.692,-0.0006343620780482,70,0
34.694,-0.0006699925447148,70,0
34.696,-0.0007056230113815,70,0
34.698,-0.0007412534780482,70,0
34.7,-0.0009196316780482,70,0
34.702,-0.0010980098780482,70,0
34.704,-0.0008602206780482,70,0
34.706,-0.0006224314780482,70,0
34.708,-0.0006340192447148,70,0
34.71,-0.0006456070113815,70,0
34.712,-0.0006571947780482,70,0
34.714,-0.0007827250180482,70,0
34.716,-0.0009082552580482,70,0
34.718,-0.0010337854980482,70,0
34.72,-0.0011593157380482,70,0
34.722,-0.0012848459780482,70,0
34.724,-0.0009884141280482,70,0
34.726,-0.0006919822780482,70,0
34.728,-0.0006710855780482,70,0
34.73,-0.0004730448780482,70,0
34.732,-0.0008050245113815,70,0
34.734,-0.0011370041447148,70,0
34.736,-0.0014689837780482,70,0
34.738,-0.0007725561780482,70,0
34.74,-0.0005309070780482,70,0
34.742,-0.0008352765280482,70,0
34.744,-0.0011396459780482,70,0
34.746,-0.0013983379280482,70,0
34.748,-0.0016570298780482,70,0
34.75,-0.0011408378280482,70,0
34.752,-0.0006246457780482,70,0
34.754,-0.0008287344613815,70,0
34.756,-0.0010328231447148,70,0
34.758,-0.0012369118280482,70,0
34.76,-0.0014410005113815,70,0
34.762,-0.0016450891947148,70,0
34.764,-0.0018491778780482,70,0
34.766,-0.0014708592780482,70,0
34.768,-0.0010925406780482,70,0
34.77,-0.0006343741780482,70,0
34.772,-0.0007033441780482,70,0
34.774,-0.0007031433180482,70,0
34.776,-0.0007029424580482,70,0
34.778,-0.0007027415980482,70,0
34.78,-0.0007025407380482,70,0
34.782,-0.0007023398780482,70,0
34.784,-0.0004714597780482,70,0
34.786,-0.0014910420780482,70,0
34.788,-0.0013156041780482,70,0
34.79,-0.0011401662780482,70,0
34.792,-0.0009647283780482,70,0
34.794,-0.0007892904780482,70,0
34.796,-0.0007041911780482,70,0
34.798,-0.0006190918780482,70,0
34.8,-0.0005339925780482,70,0
34.802,-0.0008257024030482,70,0
34.804,-0.0011174122280482,70,0
34.806,-0.0014091220530482,70,0
34.808,-0.0017008318780482,70,0
34.81,-0.0009421376780482,70,0
34.812,-0.0006554523780482,70,0
34.814,-0.0006729610780482,70,0
34.816,-0.0007087044780482,70,0
34.818,-0.0010960698447148,70,0
34.82,-0.0014834352113815,70,0
34.822,-0.0018708005780482,70,0
34.824,-0.0006523063780482,70,0
34.826,-0.0006838268780482,70,0
34.828,-0.0007153473780482,70,0
34.83,-0.0004770015780482,70,0
34.832,-0.0005532154447148,70,0
34.834,-0.0006294293113815,70,0
34.836,-0.0007056431780482,70,0
34.838,-0.0006928292780482,70,0
34.84,-0.0004599647780482,70,0
34.842,-0.0006346141613815,70,0
34.844,-0.0008092635447148,70,0
34.846,-0.0009839129280482,70,0
34.848,-0.0011585623113815,70,0
34.85,-0.0013332116947148,70,0
34.852,-0.0015078610780482,70,0
34.854,-0.0008110583780482,70,0
34.856,-0.0006542060780482,70,0
34.858,-0.0005599954780482,70,0
34.86,-0.0010807673780482,70,0
34.862,-0.0013864436280482,70,0
34.864,-0.0016921198780482,70,0
34.866,-0.0013187925280482,70,0
34.868,-0.0009454651780482,70,0
34.87,-0.0006311313780482,70,0
34.872,-0.0008758272580482,70,0
34.874,-0.0011205231380482,70,0
34.876,-0.0013652190180482,70,0
34.878,-0.0016099148980482,70,0
34.88,-0.0018546107780482,70,0
34.882,-0.0011141996780482,70,0
34.884,-0.0006355720780482,70,0
34.886,-0.0006944022780482,70,0
34.888,-0.0008139091380482,70,0
34.89,-0.0009334159980482,70,0
34.892,-0.0010529228580482,70,0
34.894,-0.0011724297180482,70,0
34.896,-0.0012919365780482,70,0
34.898,-0.0006668868780482,70,0
34.9,-0.0005600499280482,70,0
34.902,-0.0004532129780482,70,0
34.904,-0.0016105779780482,70,0
34.906,-0.0013379085113815,70,0
34.908,-0.0010652390447148,70,0
34.91,-0.0007925695780482,70,0
34.912,-0.0006652775780482,70,0
34.914,-0.0005379855780482,70,0
34.916,-0.0010738461780482,70,0
34.918,-0.0017028888780482,70,0
34.92,-0.0009457192780482,70,0
34.922,-0.0006126183780482,70,0
34.924,-0.0006140764280482,70,0
34.926,-0.0006155344780482,70,0
34.928,-0.0006169925280482,70,0
34.93,-0.0006184505780482,70,0
34.932,-0.0010374816447148,70,0
34.934,-0.0014565127113815,70,0
34.936,-0.0018755437780482,70,0
34.938,-0.0014985985280482,70,0
34.94,-0.0011216532780482,70,0
34.942,-0.0006924057780482,70,0
34.944,-0.0004631954780482,70,0
34.946,-0.0006332367780482,70,0
34.948,-0.0008032780780482,70,0
34.95,-0.0009733193780482,70,0
34.952,-0.0011433606780482,70,0
34.954,-0.0013134019780482,70,0
34.956,-0.0006527298780482,70,0
34.958,-0.0005447071280482,70,0
34.96,-0.0004366843780482,70,0
34.962,-0.0015558496780482,70,0
34.964,-0.0015445523113815,70,0
34.966,-0.0015332549447148,70,0
34.968,-0.0015219575780482,70,0
34.97,-0.0008082390780482,70,0
34.972,-0.0005324921780482,70,0
34.974,-0.0010311936780482,70,0
34.976,-0.0012051039530482,70,0
34.978,-0.0013790142280482,70,0
34.98,-0.0015529245030482,70,0
34.982,-0.0017268347780482,70,0
34.984,-0.0006164661780482,70,0
34.986,-0.0006358987780482,70,0
34.988,-0.0006427534280482,70,0
34.99,-0.0006496080780482,70,0
34.992,-0.0010532963447148,70,0
34.994,-0.0014569846113815,70,0
34.996,-0.0018606728780482,70,0
34.998,-0.0010938353780482,70,0
35.0,-0.0006395287780482,71,0
35.002,-0.0006783576780482,71,0
35.004,-0.0004394431780482,71,0
35.006,-0.0006500588030482,71,0
35.008,-0.0008606744280482,71,0
35.01,-0.0010712900530482,71,0
35.012,-0.0012819056780482,71,0
35.014,-0.0006875536780482,71,0
35.016,-0.0006696698780482,71,0
35.018,-0.0004542898780482,71,0
35.02,-0.0015221390780482,71,0
35.022,-0.0015125720113815,71,0
35.024,-0.0015030049447148,71,0
35.026,-0.0014934378780482,71,0
35.028,-0.0007812318780482,71,0
35.03,-0.0006271504780482,71,0
35.032,-0.0005500492780482,71,0
35.034,-0.0009844029780482,71,0
35.036,-0.0012348245780482,71,0
35.038,-0.0014852461780482,71,0
35.04,-0.0017356677780482,71,0
35.042,-0.0009434565780482,71,0
35.044,-0.0006270415780482,71,0
35.046,-0.0008796000380482,71,0
35.048,-0.0011321584980482,71,0
35.05,-0.0013847169580482,71,0
35.052,-0.0016372754180482,71,0
35.054,-0.0018898338780482,71,0
35.056,-0.0011269893780482,71,0
35.058,-0.0006388390780482,71,0
35.06,-0.0006769540780482,71,0
35.062,-0.0004540962780482,71,0
35.064,-0.0006687049030482,71,0
35.066,-0.0008833135280482,71,0
35.068,-0.0010979221530482,71,0
35.07,-0.0013125307780482,71,0
35.072,-0.0006695125780482,71,0
35.074,-0.0005666928280482,71,0
35.076,-0.0004638730780482,71,0
35.078,-0.0015308389780482,71,0
35.08,-0.0015399805280482,71,0
35.082,-0.0015491220780482,71,0
35.084,-0.0010973867280482,71,0
35.086,-0.0006456513780482,71,0
35.088,-0.0006171740280482,71,0
35.09,-0.0005886966780482,71,0
35.092,-0.0009911668780482,71,0
35.094,-0.0017120606780482,71,0
35.096,-0.0014648455780482,71,0
35.098,-0.0012176304780482,71,0
35.1,-0.0009704153780482,71,0
35.102,-0.0006128845780482,71,0
35.104,-0.0006173010780482,71,0
35.106,-0.0010428056447148,71,0
35.108,-0.0014683102113815,71,0
35.11,-0.0018938147780482,71,0
35.112,-0.0011334628780482,71,0
35.114,-0.0006211972780482,71,0
35.116,-0.0006753810780482,71,0
35.118,-0.0004582586780482,71,0
35.12,-0.0006722986030482,71,0
35.122,-0.0008863385280482,71,0
35.124,-0.0011003784530482,71,0
35.126,-0.0013144183780482,71,0
35.128,-0.0007065990780482,71,0
35.13,-0.0006745945780482,71,0
35.132,-0.0004750534780482,71,0
35.134,-0.0014990159780482,71,0
35.136,-0.0012758798780482,71,0
35.138,-0.0010527437780482,71,0
35.14,-0.0008296076780482,71,0
35.142,-0.0007358145280482,71,0
35.144,-0.0006420213780482,71,0
35.146,-0.0005848004780482,71,0
35.148,-0.0010045252780482,71,0
35.15,-0.0013716695280482,71,0
35.152,-0.0017388137780482,71,0
35.154,-0.0013615841780482,71,0
35.156,-0.0009843545780482,71,0
35.158,-0.0006184021780482,71,0
35.16,-0.0006523789780482,71,0
35.162,-0.0009643230280482,71,0
35.164,-0.0012762670780482,71,0
35.166,-0.0015882111280482,71,0
35.168,-0.0019001551780482,71,0
35.17,-0.0011472447780482,71,0
35.172,-0.0006288807780482,71,0
35.174,-0.0006690285780482,71,0
35.176,-0.0004369626780482,71,0
35.178,-0.0019935792780482,71,0
35.18,-0.0017861530113815,71,0
35.182,-0.0015787267447148,71,0
35.184,-0.0013713004780482,71,0
35.186,-0.0007171744780482,71,0
35.188,-0.0004733836780482,71,0
35.19,-0.0014791598780482,71,0
35.192,-0.0015035655780482,71,0
35.194,-0.0015279712780482,71,0
35.196,-0.0015523769780482,71,0
35.198,-0.0015767826780482,71,0
35.2,-0.0008046695780482,71,0
35.202,-0.0006130781780482,71,0
35.204,-0.0005656098780482,71,0
35.206,-0.0009756546780482,71,0
35.208,-0.0012416570447148,71,0
35.21,-0.0015076594113815,71,0
35.212,-0.0017736617780482,71,0
35.214,-0.0010089417780482,71,0
35.216,-0.0006261703780482,71,0
35.218,-0.0006581506780482,71,0
35.22,-0.0008290430113815,71,0
35.222,-0.0009999353447148,71,0
35.224,-0.0011708276780482,71,0
35.226,-0.0009024980780482,71,0
35.228,-0.0006341684780482,71,0
35.23,-0.0005228363780482,71,0
35.232,-0.0004115042780482,71,0
35.234,-0.0011847184780482,71,0
35.236,-0.0019579326780482,71,0
35.238,-0.0017534386447148,71,0
35.24,-0.0015489446113815,71,0
35.242,-0.0013444505780482,71,0
35.244,-0.0007217482780482,71,0
35.246,-0.0006658583780482,71,0
35.248,-0.0004762392780482,71,0
35.25,-0.0014564481780482,71,0
35.252,-0.0012463115113815,71,0
35.254,-0.0010361748447148,71,0
35.256,-0.0008260381780482,71,0
35.258,-0.0006342773780482,71,0
35.26,-0.0006042451780482,71,0
35.262,-0.0005742129780482,71,0
35.264,-0.0008657534030482,71,0
35.266,-0.0011572938280482,71,0
35.268,-0.0014488342530482,71,0
35.27,-0.0017403746780482,71,0
35.272,-0.0006280700780482,71,0
35.274,-0.0006437093280482,71,0
35.276,-0.0006593485780482,71,0
35.278,-0.0009812146280482,71,0
35.28,-0.0013030806780482,71,0
35.282,-0.0016249467280482,71,0
35.284,-0.0019468127780482,71,0
35.286,-0.0011718440780482,71,0
35.288,-0.0006582353780482,71,0
35.29,-0.0007030053780482,71,0
35.292,-0.0019444774780482,71,0
35.294,-0.0017499740113815,71,0
35.296,-0.0015554705447148,71,0
35.298,-0.0013609670780482,71,0
35.3,-0.0007328560780482,71,0
35.302,-0.0007019042780482,71,0
35.304,-0.0006709524780482,71,0
35.306,-0.0004861854780482,71,0
35.308,-0.0014283640780482,71,0
35.31,-0.0014664226113815,71,0
35.312,-0.0015044811447148,71,0
35.314,-0.0015425396780482,71,0
35.316,-0.0008227832780482,71,0
35.318,-0.0005723253780482,71,0
35.32,-0.0007428204280482,71,0
35.322,-0.0009133154780482,71,0
35.324,-0.0012035743113815,71,0
35.326,-0.0014938331447148,71,0
35.328,-0.0017840919780482,71,0
35.33,-0.0010050213780482,71,0
35.332,-0.0006229033780482,71,0
35.334,-0.0005722769780482,71,0
35.336,-0.0009145557280482,71,0
35.338,-0.0012568344780482,71,0
35.34,-0.0015991132280482,71,0
35.342,-0.0019413919780482,71,0
35.344,-0.0011606031780482,71,0
35.346,-0.0006472485780482,71,0
35.348,-0.0004509139780482,71,0
35.35,-0.0019378587780482,71,0
35.352,-0.0017966457280482,71,0
35.354,-0.0016554326780482,71,0
35.356,-0.0015142196280482,71,0
35.358,-0.0013730065780482,71,0
35.36,-0.0007249305780482,71,0
35.362,-0.0006643942780482,71,0
35.364,-0.0008932657780482,71,0
35.366,-0.0011221372780482,71,0
35.368,-0.0013510087780482,71,0
35.37,-0.0015798802780482,71,0
35.372,-0.0012231541280482,71,0
35.374,-0.0008664279780482,71,0
35.376,-0.0006109969780482,71,0
35.378,-0.0007681578280482,71,0
35.38,-0.0009253186780482,71,0
35.382,-0.0011990448780482,71,0
35.384,-0.0014727710780482,71,0
35.386,-0.0017464972780482,71,0
35.388,-0.0009697740780482,71,0
35.39,-0.0006321114780482,71,0
35.392,-0.0006541455780482,71,0
35.394,-0.0005681992780482,71,0
35.396,-0.0010166615780482,71,0
35.398,-0.0014651238780482,71,0
35.4,-0.0019135861780482,71,0
35.402,-0.0006688712780482,71,0
35.404,-0.0006762220280482,71,0
35.406,-0.0006835727780482,71,0
35.408,-0.0019232540780482,71,0
35.41,-0.0017412257113815,71,0
35.412,-0.0015591973447148,71,0
35.414,-0.0013771689780482,71,0
35.416,-0.0007487917780482,71,0
35.418,-0.0006710855780482,71,0
35.42,-0.0005820900780482,71,0
35.422,-0.0004930945780482,71,0
35.424,-0.0013923665780482,71,0
35.426,-0.0014635629780482,71,0
35.428,-0.0015347593780482,71,0
35.43,-0.0016059557780482,71,0
35.432,-0.0008719576780482,71,0
35.434,-0.0006392504780482,71,0
35.436,-0.0008675581180482,71,0
35.438,-0.0010958657580482,71,0
35.44,-0.0013241733980482,71,0
35.442,-0.0015524810380482,71,0
35.444,-0.0017807886780482,71,0
35.446,-0.0006395892780482,71,0
35.448,-0.0006599535780482,71,0
35.45,-0.0006803178780482,71,0
35.452,-0.0005647628780482,71,0
35.454,-0.0012634047780482,71,0
35.456,-0.0019620466780482,71,0
35.458,-0.0015899293280482,71,0
35.46,-0.0012178119780482,71,0
35.462,-0.0006894170780482,71,0
35.464,-0.0007116205780482,71,0
35.466,-0.0004545197780482,71,0
35.468,-0.0005235593530482,71,0
35.47,-0.0005925989280482,71,0
35.472,-0.0006616385030482,71,0
35.474,-0.0007306780780482,71,0
35.476,-0.0009470906113815,71,0
35.478,-0.0011635031447148,71,0
35.48,-0.0013799156780482,71,0
35.482,-0.0014522736780482,71,0
35.484,-0.0015246316780482,71,0
35.486,-0.0015969896780482,71,0
35.488,-0.0008850740780482,71,0
35.49,-0.0006511689780482,71,0
35.492,-0.0008992310780482,71,0
35.494,-0.0009303038780482,71,0
35.496,-0.0009613766780482,71,0
35.498,-0.0009924494780482,71,0
35.5,-0.0010235222780482,72,0
35.502,-0.0008451561780482,72,0
35.504,-0.0006667900780482,72,0
35.506,-0.0005407201780482,72,0
35.508,-0.0010058804780482,72,0
35.51,-0.0014710407780482,72,0
35.512,-0.0019362010780482,72,0
35.514,-0.0015740601780482,72,0
35.516,-0.0012119192780482,72,0
35.518,-0.0006732393780482,72,0
35.52,-0.0006727069780482,72,0
35.522,-0.0004468483780482,72,0
35.524,-0.0019091817780482,72,0
35.526,-0.0017449646113815,72,0
35.528,-0.0015807474447148,72,0
35.53,-0.0014165302780482,72,0
35.532,-0.0007592219780482,72,0
35.534,-0.0005003182780482,72,0
35.536,-0.0007210972980482,72,0
35.538,-0.0009418763180482,72,0
35.54,-0.0011626553380482,72,0
35.542,-0.0013834343580482,72,0
35.544,-0.0016042133780482,72,0
35.546,-0.0008673959780482,72,0
35.548,-0.0006224314780482,72,0
35.55,-0.0008767492780482,72,0
35.552,-0.0011050611530482,72,0
35.554,-0.0013333730280482,72,0
35.556,-0.0015616849030482,72,0
35.558,-0.0017899967780482,72,0
35.56,-0.0010383810780482,72,0
35.562,-0.0006485674780482,72,0
35.564,-0.0007023882780482,72,0
35.566,-0.0005619556780482,72,0
35.568,-0.0010282775780482,72,0
35.57,-0.0014945994780482,72,0
35.572,-0.0019609213780482,72,0
35.574,-0.0006605706780482,72,0
35.576,-0.0006671470280482,72,0
35.578,-0.0006737233780482,72,0
35.58,-0.0019011231780482,72,0
35.582,-0.0016705334780482,72,0
35.584,-0.0014399437780482,72,0
35.586,-0.0012138068780482,72,0
35.588,-0.0009876699780482,72,0
35.59,-0.0007615330780482,72,0
35.592,-0.0006542302780482,72,0
35.594,-0.0005051945780482,72,0
35.596,-0.0007818368780482,72,0
35.598,-0.0010584791780482,72,0
35.6,-0.0013351214780482,72,0
35.602,-0.0016117637780482,72,0
35.604,-0.0008600512780482,72,0
35.606,-0.0006245489780482,72,0
35.608,-0.0006040636780482,72,0
35.61,-0.0008678920780482,72,0
35.612,-0.0011751312447148,72,0
35.614,-0.0014823704113815,72,0
35.616,-0.0017896095780482,72,0
35.618,-0.0010118094780482,72,0
35.62,-0.0006075121780482,72,0
35.622,-0.0005436120780482,72,0
35.624,-0.0009023105280482,72,0
35.626,-0.0012610089780482,72,0
35.628,-0.0016197074280482,72,0
35.63,-0.0019784058780482,72,0
35.632,-0.0012261609780482,72,0
35.634,-0.0006551861780482,72,0
35.636,-0.0006478172780482,72,0
35.638,-0.0004317596780482,72,0
35.64,-0.0007625857780482,72,0
35.642,-0.0010934118780482,72,0
35.644,-0.0014242379780482,72,0
35.646,-0.0010893704780482,72,0
35.648,-0.0007545029780482,72,0
35.65,-0.0004823013780482,72,0
35.652,-0.0008880446280482,72,0
35.654,-0.0012937878780482,72,0
35.656,-0.0014054547447148,72,0
35.658,-0.0015171216113815,72,0
35.66,-0.0016287884780482,72,0
35.662,-0.0008634392780482,72,0
35.664,-0.0006090125780482,72,0
35.666,-0.0005991752780482,72,0
35.668,-0.0008185845780482,72,0
35.67,-0.0011494792447148,72,0
35.672,-0.0014803739113815,72,0
35.674,-0.0018112685780482,72,0
35.676,-0.0006078025780482,72,0
35.678,-0.0006796160780482,72,0
35.68,-0.0006021700280482,72,0
35.682,-0.0005247239780482,72,0
35.684,-0.0010060458447148,72,0
35.686,-0.0014873677113815,72,0
35.688,-0.0019686895780482,72,0
35.69,-0.0012267780780482,72,0
35.692,-0.0006632447780482,72,0
35.694,-0.0007936041280482,72,0
35.696,-0.0009239634780482,72,0
35.698,-0.0010543228280482,72,0
35.7,-0.0011846821780482,72,0
35.702,-0.0013150415280482,72,0
35.704,-0.0014454008780482,72,0
35.706,-0.0007526274780482,72,0
35.708,-0.0006570616780482,72,0
35.71,-0.0012951188780482,72,0
35.712,-0.0014136625780482,72,0
35.714,-0.0015322062780482,72,0
35.716,-0.0016507499780482,72,0
35.718,-0.0012603797780482,72,0
35.72,-0.0008700095780482,72,0
35.722,-0.0006315306780482,72,0
35.724,-0.0008215127780482,72,0
35.726,-0.0008743292780482,72,0
35.728,-0.0009271457780482,72,0
35.73,-0.0009799622780482,72,0
35.732,-0.0010327787780482,72,0
35.734,-0.0006251297780482,72,0
35.736,-0.0006575880280482,72,0
35.738,-0.0006900462780482,72,0
35.74,-0.0005133378780482,72,0
35.742,-0.0010024198780482,72,0
35.744,-0.0014915018780482,72,0
35.746,-0.0019805838780482,72,0
35.748,-0.0012230875780482,72,0
35.75,-0.0006590581780482,72,0
35.752,-0.0006706015780482,72,0
35.754,-0.0004553788780482,72,0
35.756,-0.0018124785780482,72,0
35.758,-0.0016786767780482,72,0
35.76,-0.0015448749780482,72,0
35.762,-0.0014110731780482,72,0
35.764,-0.0007601657780482,72,0
35.766,-0.0006643579780482,72,0
35.768,-0.0012721772780482,72,0
35.77,-0.0013973558113815,72,0
35.772,-0.0015225343447148,72,0
35.774,-0.0016477128780482,72,0
35.776,-0.0012679483280482,72,0
35.778,-0.0008881837780482,72,0
35.78,-0.0006279732780482,72,0
35.782,-0.0007102629580482,72,0
35.784,-0.0007925526380482,72,0
35.786,-0.0008748423180482,72,0
35.788,-0.0009571319980482,72,0
35.79,-0.0010394216780482,72,0
35.792,-0.0007806026780482,72,0
35.794,-0.0005217836780482,72,0
35.796,-0.0006655945980482,72,0
35.798,-0.0008094055180482,72,0
35.8,-0.0009532164380482,72,0
35.802,-0.0010970273580482,72,0
35.804,-0.0012408382780482,72,0
35.806,-0.0009545341280482,72,0
35.808,-0.0006682299780482,72,0
35.81,-0.0006819634780482,72,0
35.812,-0.0004660147780482,72,0
35.814,-0.0017905533780482,72,0
35.816,-0.0016191024280482,72,0
35.818,-0.0014476514780482,72,0
35.82,-0.0007667965780482,72,0
35.822,-0.0007119109780482,72,0
35.824,-0.0006570253780482,72,0
35.826,-0.0012383577780482,72,0
35.828,-0.0013383884780482,72,0
35.83,-0.0014384191780482,72,0
35.832,-0.0015384498780482,72,0
35.834,-0.0016384805780482,72,0
35.836,-0.0008755271780482,72,0
35.838,-0.0006362980780482,72,0
35.84,-0.0006146511780482,72,0
35.842,-0.0007696642780482,72,0
35.844,-0.0011235529780482,72,0
35.846,-0.0014774416780482,72,0
35.848,-0.0018313303780482,72,0
35.85,-0.0010656181780482,72,0
35.852,-0.0006477567780482,72,0
35.854,-0.0005024962780482,72,0
35.856,-0.0006579933780482,72,0
35.858,-0.0008134904780482,72,0
35.86,-0.0009689875780482,72,0
35.862,-0.0011244846780482,72,0
35.864,-0.0012799817780482,72,0
35.866,-0.0007097934780482,72,0
35.868,-0.0007142462780482,72,0
35.87,-0.0004531040780482,72,0
35.872,-0.0007881288780482,72,0
35.874,-0.0011231536780482,72,0
35.876,-0.0014581784780482,72,0
35.878,-0.0011176905280482,72,0
35.88,-0.0007772025780482,72,0
35.882,-0.0006402426780482,72,0
35.884,-0.0004954298780482,72,0
35.886,-0.0012264392780482,72,0
35.888,-0.0013719377447148,72,0
35.89,-0.0015174362113815,72,0
35.892,-0.0016629346780482,72,0
35.894,-0.0009196558780482,72,0
35.896,-0.0006446228780482,72,0
35.898,-0.0007591009780482,72,0
35.9,-0.0011171359447148,72,0
35.902,-0.0014751709113815,72,0
35.904,-0.0018332058780482,72,0
35.906,-0.0014506038780482,72,0
35.908,-0.0010680018780482,72,0
35.91,-0.0006321477780482,72,0
35.912,-0.0006787327780482,72,0
35.914,-0.0004981160780482,72,0
35.916,-9.182832804821876e-05,72,0
35.918,0.0003144594219517,72,0
35.92,-0.0006755746780482,72,0
35.922,-0.0006756593780482,72,0
35.924,-0.0006757440780482,72,0
35.926,-0.0004324009780482,72,0
35.928,-0.0017348812780482,72,0
35.93,-0.0012532528780482,72,0
35.932,-0.0007716244780482,72,0
35.934,-0.0007075126280482,72,0
35.936,-0.0006434007780482,72,0
35.938,-0.0009255062280482,72,0
35.94,-0.0012076116780482,72,0
35.942,-0.0013195034030482,72,0
35.944,-0.0014313951280482,72,0
35.946,-0.0015432868530482,72,0
35.948,-0.0016551785780482,72,0
35.95,-0.0009064789780482,72,0
35.952,-0.0006510358780482,72,0
35.954,-0.0007776260780482,72,0
35.956,-0.0010480036030482,72,0
35.958,-0.0013183811280482,72,0
35.96,-0.0015887586530482,72,0
35.962,-0.0018591361780482,72,0
35.964,-0.0010938232780482,72,0
35.966,-0.0006507091780482,72,0
35.968,-0.0006887757780482,72,0
35.97,-0.0005096231780482,72,0
35.972,-0.0007044331780482,72,0
35.974,-0.0008992431780482,72,0
35.976,-0.0010940531780482,72,0
35.978,-0.0012888631780482,72,0
35.98,-0.0006907238780482,72,0
35.982,-0.0006944264780482,72,0
35.984,-0.0004624089780482,72,0
35.986,-0.0017302227780482,72,0
35.988,-0.0016365647447148,72,0
35.99,-0.0015429067113815,72,0
35.992,-0.0014492486780482,72,0
35.994,-0.0007771541780482,72,0
35.996,-0.0006400490780482,72,0
35.998,-0.0011883242780482,72,0
36.0,-0.0013120528280482,73,0
36.002,-0.0014357813780482,73,0
36.004,-0.0015595099280482,73,0
36.006,-0.0016832384780482,73,0
36.008,-0.0009230680780482,73,0
36.01,-0.0006373144780482,73,0
36.012,-0.0006291106780482,73,0
36.014,-0.0007569471780482,73,0
36.016,-0.0011210402113815,73,0
36.018,-0.0014851332447148,73,0
36.02,-0.0018492262780482,73,0
36.022,-0.0010944645780482,73,0
36.024,-0.0006389600780482,73,0
36.026,-0.0006777042780482,73,0
36.028,-0.0005050614780482,73,0
36.03,-0.0006982077280482,73,0
36.032,-0.0008913539780482,73,0
36.034,-0.0010845002280482,73,0
36.036,-0.0012776464780482,73,0
36.038,-0.0006928050780482,73,0
36.04,-0.0006745582780482,73,0
36.042,-0.0004439080780482,73,0
36.044,-0.0017020660780482,73,0
36.046,-0.0016338946780482,73,0
36.048,-0.0015657232780482,73,0
36.05,-0.0014975518780482,73,0
36.052,-0.0008188628780482,73,0
36.054,-0.0006468613780482,73,0
36.056,-0.0005324679780482,73,0
36.058,-0.0011666289780482,73,0
36.06,-0.0013376745780482,73,0
36.062,-0.0015087201780482,73,0
36.064,-0.0016797657780482,73,0
36.066,-0.0009396934780482,73,0
36.068,-0.0006296551780482,73,0
36.07,-0.0006272109780482,73,0
36.072,-0.0007134839780482,73,0
36.074,-0.0010936982447148,73,0
36.076,-0.0014739125113815,73,0
36.078,-0.0018541267780482,73,0
36.08,-0.0010718496780482,73,0
36.082,-0.0006453125780482,73,0
36.084,-0.0006910505780482,73,0
36.086,-0.0004809703780482,73,0
36.088,-0.0006841898780482,73,0
36.09,-0.0008874093780482,73,0
36.092,-0.0010906288780482,73,0
36.094,-0.0012938483780482,73,0
36.096,-0.0007006821780482,73,0
36.098,-0.0006812979780482,73,0
36.1,-0.0004582707780482,73,0
36.102,-0.0016882962780482,73,0
36.104,-0.0016198990113815,73,0
36.106,-0.0015515017447148,73,0
36.108,-0.0014831044780482,73,0
36.11,-0.0008071258780482,73,0
36.112,-0.0006564445780482,73,0
36.114,-0.0005421600780482,73,0
36.116,-0.0011392345780482,73,0
36.118,-0.0013154791447148,73,0
36.12,-0.0014917237113815,73,0
36.122,-0.0016679682780482,73,0
36.124,-0.0009168002780482,73,0
36.126,-0.0006208826780482,73,0
36.128,-0.0006274287780482,73,0
36.13,-0.0006842503780482,73,0
36.132,-0.0006699965780482,73,0
36.134,-0.0006557427780482,73,0
36.136,-0.0006414889780482,73,0
36.138,-0.0006940392780482,73,0
36.14,-0.0004895008780482,73,0
36.142,-0.0006921002530482,73,0
36.144,-0.0008946996280482,73,0
36.146,-0.0010972990030482,73,0
36.148,-0.0012998983780482,73,0
36.15,-0.0007060182780482,73,0
36.152,-0.0006840809780482,73,0
36.154,-0.0016378513780482,73,0
36.156,-0.0015862892447148,73,0
36.158,-0.0015347271113815,73,0
36.16,-0.0014831649780482,73,0
36.162,-0.0007892541780482,73,0
36.164,-0.0006450826780482,73,0
36.166,-0.0005484641780482,73,0
36.168,-0.0008253061280482,73,0
36.17,-0.0011021480780482,73,0
36.172,-0.0012985996447148,73,0
36.174,-0.0014950512113815,73,0
36.176,-0.0016915027780482,73,0
36.178,-0.0006204712780482,73,0
36.18,-0.0006465467780482,73,0
36.182,-0.0006714909280482,73,0
36.184,-0.0006964350780482,73,0
36.186,-0.0010865915113815,73,0
36.188,-0.0014767479447148,73,0
36.19,-0.0018669043780482,73,0
36.192,-0.0011102792780482,73,0
36.194,-0.0006316516780482,73,0
36.196,-0.0006768814780482,73,0
36.198,-0.0006765160580482,73,0
36.2,-0.0006761506380482,73,0
36.202,-0.0006757852180482,73,0
36.204,-0.0006754197980482,73,0
36.206,-0.0006750543780482,73,0
36.208,-0.0004620096780482,73,0
36.21,-0.0010483030780482,73,0
36.212,-0.0016345964780482,73,0
36.214,-0.0015988853447148,73,0
36.216,-0.0015631742113815,73,0
36.218,-0.0015274630780482,73,0
36.22,-0.0011690550280482,73,0
36.222,-0.0008106469780482,73,0
36.224,-0.0006551498780482,73,0
36.226,-0.0005533404780482,73,0
36.228,-0.0010950816780482,73,0
36.23,-0.0013032218447148,73,0
36.232,-0.0015113620113815,73,0
36.234,-0.0017195021780482,73,0
36.236,-0.0009495186780482,73,0
36.238,-0.0006263034780482,73,0
36.24,-0.0006879771780482,73,0
36.242,-0.0009964545780482,73,0
36.244,-0.0013049319780482,73,0
36.246,-0.0016134093780482,73,0
36.248,-0.0019218867780482,73,0
36.25,-0.0011518790780482,73,0
36.252,-0.0006685687780482,73,0
36.254,-0.0004772556780482,73,0
36.256,-0.0006486424980482,73,0
36.258,-0.0008200293180482,73,0
36.26,-0.0009914161380482,73,0
36.262,-0.0011628029580482,73,0
36.264,-0.0013341897780482,73,0
36.266,-0.0007189652780482,73,0
36.268,-0.0006776679780482,73,0
36.27,-0.0004819504780482,73,0
36.272,-0.0016186728780482,73,0
36.274,-0.0014209177380482,73,0
36.276,-0.0012231625980482,73,0
36.278,-0.0010254074580482,73,0
36.28,-0.0008276523180482,73,0
36.282,-0.0006298971780482,73,0
36.284,-0.0005766329780482,73,0
36.286,-0.0010798961780482,73,0
36.288,-0.0013027943113815,73,0
36.29,-0.0015256924447148,73,0
36.292,-0.0017485905780482,73,0
36.294,-0.0009694231780482,73,0
36.296,-0.0006423359780482,73,0
36.298,-0.0006838389780482,73,0
36.3,-0.0006748486780482,73,0
36.302,-0.0010923188447148,73,0
36.304,-0.0015097890113815,73,0
36.306,-0.0019272591780482,73,0
36.308,-0.0011507174780482,73,0
36.31,-0.0006539398780482,73,0
36.312,-0.0006994479780482,73,0
36.314,-0.0004942682780482,73,0
36.316,-0.0007035166030482,73,0
36.318,-0.0009127649280482,73,0
36.32,-0.0011220132530482,73,0
36.322,-0.0013312615780482,73,0
36.324,-0.0007075307780482,73,0
36.326,-0.0006898405780482,73,0
36.328,-0.0004877463780482,73,0
36.33,-0.0015895239780482,73,0
36.332,-0.0015482085280482,73,0
36.334,-0.0015068930780482,73,0
36.336,-0.0007967561780482,73,0
36.338,-0.0007170776780482,73,0
36.34,-0.0006373991780482,73,0
36.342,-0.0005731723780482,73,0
36.344,-0.0010469115780482,73,0
36.346,-0.0014023914280482,73,0
36.348,-0.0017578712780482,73,0
36.35,-0.0013591823280482,73,0
36.352,-0.0009604933780482,73,0
36.354,-0.0006693068780482,73,0
36.356,-0.0009797444780482,73,0
36.358,-0.0012901820780482,73,0
36.36,-0.0016006196780482,73,0
36.362,-0.0019110572780482,73,0
36.364,-0.0011446069780482,73,0
36.366,-0.0008982086280482,73,0
36.368,-0.0006518102780482,73,0
36.37,-0.0006788053780482,73,0
36.372,-0.0004685557780482,73,0
36.374,-0.0006809501030482,73,0
36.376,-0.0008933444280482,73,0
36.378,-0.0011057387530482,73,0
36.38,-0.0013181330780482,73,0
36.382,-0.0007101201780482,73,0
36.384,-0.0006640675780482,73,0
36.386,-0.0004782478780482,73,0
36.388,-0.0015464963780482,73,0
36.39,-0.0015395630780482,73,0
36.392,-0.0015326297780482,73,0
36.394,-0.0006548836780482,73,0
36.396,-0.0006360278447148,73,0
36.398,-0.0006171720113815,73,0
36.4,-0.0005983161780482,73,0
36.402,-0.0010614678780482,73,0
36.404,-0.0012855195447148,73,0
36.406,-0.0015095712113815,73,0
36.408,-0.0017336228780482,73,0
36.41,-0.0009689875780482,73,0
36.412,-0.0006144333780482,73,0
36.414,-0.0006606795780482,73,0
36.416,-0.0006147600780482,73,0
36.418,-0.0012624428280482,73,0
36.42,-0.0019101255780482,73,0
36.422,-0.0011117796780482,73,0
36.424,-0.0011425119494767,73,0
36.426,-0.0011732442209053,73,0
36.428,-0.0012039764923339,73,0
36.43,-0.0012347087637625,73,0
36.432,-0.001265441035191,73,0
36.434,-0.0012961733066196,73,0
36.436,-0.0013269055780482,73,0
36.438,-0.0007019163780482,73,0
36.44,-0.0006835364780482,73,0
36.442,-0.0005001730780482,73,0
36.444,-0.0015301734780482,73,0
36.446,-0.0012935942780482,73,0
36.448,-0.0010570150780482,73,0
36.45,-0.0008204358780482,73,0
36.452,-0.0006392383780482,73,0
36.454,-0.0006068224780482,73,0
36.456,-0.0005744065780482,73,0
36.458,-0.0009929092780482,73,0
36.46,-0.0013783426780482,73,0
36.462,-0.0017637760780482,73,0
36.464,-0.0009727385780482,73,0
36.466,-0.0006392262780482,73,0
36.468,-0.0006478535780482,73,0
36.47,-0.0006564808780482,73,0
36.472,-0.0009756244280482,73,0
36.474,-0.0012947679780482,73,0
36.476,-0.0016139115280482,73,0
36.478,-0.0019330550780482,73,0
36.48,-0.0011547830780482,73,0
36.482,-0.0006664754780482,73,0
36.484,-0.0004815390780482,73,0
36.486,-0.0005316717980482,73,0
36.488,-0.0005818045180482,73,0
36.49,-0.0006319372380482,73,0
36.492,-0.0006820699580482,73,0
36.494,-0.0007322026780482,73,0
36.496,-0.0007221657280482,73,0
36.498,-0.0007121287780482,73,0
36.5,-0.0004953814780482,74,0
36.502,-0.0005783753780482,74,0
36.504,-0.0006613692780482,74,0
36.506,-0.0007443631780482,74,0
36.508,-0.0008273570780482,74,0
36.51,-0.0005552401780482,74,0
36.512,-0.0006994399113815,74,0
36.514,-0.0008436396447148,74,0
36.516,-0.0009878393780482,74,0
36.518,-0.0012434438113815,74,0
36.52,-0.0014990482447148,74,0
36.522,-0.0017546526780482,74,0
36.524,-0.0010017906780482,74,0
36.526,-0.0006637166780482,74,0
36.528,-0.0006153408780482,74,0
36.53,-0.0010615203113815,74,0
36.532,-0.0015076997447148,74,0
36.534,-0.0019538791780482,74,0
36.536,-0.0015627345780482,74,0
36.538,-0.0011715899780482,74,0
36.54,-0.0006660156780482,74,0
36.542,-0.0007174527780482,74,0
36.544,-0.0004502484780482,74,0
36.546,-0.0006788477280482,74,0
36.548,-0.0009074469780482,74,0
36.55,-0.0011360462280482,74,0
36.552,-0.0013646454780482,74,0
36.554,-0.0007368853780482,74,0
36.556,-0.0006868760780482,74,0
36.558,-0.0004912553780482,74,0
36.56,-0.0014965596780482,74,0
36.562,-0.0015067841780482,74,0
36.564,-0.0015170086780482,74,0
36.566,-0.0015272331780482,74,0
36.568,-0.0008306119780482,74,0
36.57,-0.0006553555780482,74,0
36.572,-0.0010262972113815,74,0
36.574,-0.0013972388447148,74,0
36.576,-0.0017681804780482,74,0
36.578,-0.0009835075780482,74,0
36.58,-0.0008077066780482,74,0
36.582,-0.0006319057780482,74,0
36.584,-0.0006490696280482,74,0
36.586,-0.0006662334780482,74,0
36.588,-0.0009880934780482,74,0
36.59,-0.0013099534780482,74,0
36.592,-0.0016318134780482,74,0
36.594,-0.0019536734780482,74,0
36.596,-0.0011877918780482,74,0
36.598,-0.0006629422780482,74,0
36.6,-0.0007830347780482,74,0
36.602,-0.0009031272780482,74,0
36.604,-0.0010232197780482,74,0
36.606,-0.0011433122780482,74,0
36.608,-0.0012634047780482,74,0
36.61,-0.0013834972780482,74,0
36.612,-0.0007472671780482,74,0
36.614,-0.0006964955780482,74,0
36.616,-0.0005060173780482,74,0
36.618,-0.0007745768780482,74,0
36.62,-0.0010431363780482,74,0
36.622,-0.0013116958780482,74,0
36.624,-0.0015802553780482,74,0
36.626,-0.0008554532780482,74,0
36.628,-0.0006676007780482,74,0
36.63,-0.0005972271780482,74,0
36.632,-0.0009466388780482,74,0
36.634,-0.0012158921113815,74,0
36.636,-0.0014851453447148,74,0
36.638,-0.0017543985780482,74,0
36.64,-0.0009896543780482,74,0
36.642,-0.0006367578780482,74,0
36.644,-0.0006659672780482,74,0
36.646,-0.0006705380530482,74,0
36.648,-0.0006751088280482,74,0
36.65,-0.0006796796030482,74,0
36.652,-0.0006842503780482,74,0
36.654,-0.0004509260780482,74,0
36.656,-0.0008324179030482,74,0
36.658,-0.0012139097280482,74,0
36.66,-0.0015954015530482,74,0
36.662,-0.0019768933780482,74,0
36.664,-0.0017748193447148,74,0
36.666,-0.0015727453113815,74,0
36.668,-0.0013706712780482,74,0
36.67,-0.0007328923780482,74,0
36.672,-0.0006788779780482,74,0
36.674,-0.0014193495780482,74,0
36.676,-0.0014922460280482,74,0
36.678,-0.0015651424780482,74,0
36.68,-0.0008432806780482,74,0
36.682,-0.0006037611780482,74,0
36.684,-0.0011799873780482,74,0
36.686,-0.0017562135780482,74,0
36.688,-0.0009962488780482,74,0
36.69,-0.0006388995780482,74,0
36.692,-0.0006610546780482,74,0
36.694,-0.0008735044613815,74,0
36.696,-0.0010859542447148,74,0
36.698,-0.0012984040280482,74,0
36.7,-0.0015108538113815,74,0
36.702,-0.0017233035947148,74,0
36.704,-0.0019357533780482,74,0
36.706,-0.0017442769280482,74,0
36.708,-0.0015528004780482,74,0
36.71,-0.0013613240280482,74,0
36.712,-0.0011698475780482,74,0
36.714,-0.0007144035780482,74,0
36.716,-0.0004593113780482,74,0
36.718,-0.0012038062280482,74,0
36.72,-0.0019483010780482,74,0
36.722,-0.0017497804113815,74,0
36.724,-0.0015512597447148,74,0
36.726,-0.0013527390780482,74,0
36.728,-0.0007346347780482,74,0
36.73,-0.0004795425780482,74,0
36.732,-0.0008523839113815,74,0
36.734,-0.0012252252447148,74,0
36.736,-0.0015980665780482,74,0
36.738,-0.0012882460780482,74,0
36.74,-0.0009784255780482,74,0
36.742,-0.0006686050780482,74,0
36.744,-0.0007885221280482,74,0
36.746,-0.0009084391780482,74,0
36.748,-0.0011350812530482,74,0
36.75,-0.0013617233280482,74,0
36.752,-0.0015883654030482,74,0
36.754,-0.0018150074780482,74,0
36.756,-0.0010245870780482,74,0
36.758,-0.0006558274780482,74,0
36.76,-0.0006925025780482,74,0
36.762,-0.0005720591780482,74,0
36.764,-0.0010319196780482,74,0
36.766,-0.0014917801780482,74,0
36.768,-0.0019516406780482,74,0
36.77,-0.0012065226780482,74,0
36.772,-0.0006807050780482,74,0
36.774,-0.0006994963780482,74,0
36.776,-0.0019271260780482,74,0
36.778,-0.0017911916530482,74,0
36.78,-0.0016552572280482,74,0
36.782,-0.0015193228030482,74,0
36.784,-0.0013833883780482,74,0
36.786,-0.0006438726780482,74,0
36.788,-0.0005513500280482,74,0
36.79,-0.0004588273780482,74,0
36.792,-0.0007408148530482,74,0
36.794,-0.0010228023280482,74,0
36.796,-0.0013047898030482,74,0
36.798,-0.0015867772780482,74,0
36.8,-0.0008696344780482,74,0
36.802,-0.0006486642780482,74,0
36.804,-0.0005948192780482,74,0
36.806,-0.0008701063780482,74,0
36.808,-0.0013231787780482,74,0
36.81,-0.0017762511780482,74,0
36.812,-0.0010404622780482,74,0
36.814,-0.0008402012280482,74,0
36.816,-0.0006399401780482,74,0
36.818,-0.0006755262780482,74,0
36.82,-0.0005471210780482,74,0
36.822,-0.0010162864780482,74,0
36.824,-0.0014854518780482,74,0
36.826,-0.0019546172780482,74,0
36.828,-0.0012159122780482,74,0
36.83,-0.0006652654780482,74,0
36.832,-0.0006879408780482,74,0
36.834,-0.0004437870780482,74,0
36.836,-0.0019067738780482,74,0
36.838,-0.0017412620113815,74,0
36.84,-0.0015757501447148,74,0
36.842,-0.0014102382780482,74,0
36.844,-0.0007656470780482,74,0
36.846,-0.0006771839780482,74,0
36.848,-0.0004907713780482,74,0
36.85,-0.0013608581780482,74,0
36.852,-0.0014455178447148,74,0
36.854,-0.0015301775113815,74,0
36.856,-0.0016148371780482,74,0
36.858,-0.0006383429780482,74,0
36.86,-0.0005939843780482,74,0
36.862,-0.0007285908280482,74,0
36.864,-0.0008631972780482,74,0
36.866,-0.0013221381780482,74,0
36.868,-0.0017810790780482,74,0
36.87,-0.0010321616780482,74,0
36.872,-0.0008370975780482,74,0
36.874,-0.0006420334780482,74,0
36.876,-0.0006853998780482,74,0
36.878,-0.0005512350780482,74,0
36.88,-0.0010251315780482,74,0
36.882,-0.0014990280780482,74,0
36.884,-0.0019729245780482,74,0
36.886,-0.0012514741780482,74,0
36.888,-0.0006733603780482,74,0
36.89,-0.0006788658780482,74,0
36.892,-0.0004493651780482,74,0
36.894,-0.0018825496780482,74,0
36.896,-0.0014684634780482,74,0
36.898,-0.0010543772780482,74,0
36.9,-0.0006402910780482,74,0
36.902,-0.0004982128780482,74,0
36.904,-0.0006839277113815,74,0
36.906,-0.0008696425447148,74,0
36.908,-0.0010553573780482,74,0
36.91,-0.0012410722113815,74,0
36.912,-0.0014267870447148,74,0
36.914,-0.0016125018780482,74,0
36.916,-0.0008958914780482,74,0
36.918,-0.0006500315780482,74,0
36.92,-0.0008999933780482,74,0
36.922,-0.0008349014280482,74,0
36.924,-0.0007698094780482,74,0
36.926,-0.0007047175280482,74,0
36.928,-0.0006396255780482,74,0
36.93,-0.0006160426780482,74,0
36.932,-0.0006357636613815,74,0
36.934,-0.0006554846447148,74,0
36.936,-0.0006752056280482,74,0
36.938,-0.0006949266113815,74,0
36.94,-0.0007146475947148,74,0
36.942,-0.0007343685780482,74,0
36.944,-0.0007860839780482,74,0
36.946,-0.0007095756780482,74,0
36.948,-0.0006330673780482,74,0
36.95,-0.0005565590780482,74,0
36.952,-0.0008206748530482,74,0
36.954,-0.0010847906280482,74,0
36.956,-0.0013489064030482,74,0
36.958,-0.0016130221780482,74,0
36.96,-0.0008675532780482,74,0
36.962,-0.0007797919780482,74,0
36.964,-0.0006734934780482,74,0
36.966,-0.0015324240780482,74,0
36.968,-0.0016685168113815,74,0
36.97,-0.0018046095447148,74,0
36.972,-0.0019407022780482,74,0
36.974,-0.0011799873780482,74,0
36.976,-0.0009715285780482,74,0
36.978,-0.0012476142780482,74,0
36.98,-0.0013286328530482,74,0
36.982,-0.0014096514280482,74,0
36.984,-0.0014906700030482,74,0
36.986,-0.0015716885780482,74,0
36.988,-0.0013901220280482,74,0
36.99,-0.0012085554780482,74,0
36.992,-0.0012817725780482,74,0
36.994,-0.0014180718180482,74,0
36.996,-0.0015543710580482,74,0
36.998,-0.0016906702980482,74,0
37.0,-0.0018269695380482,75,1
37.002,-0.0019632687780482,75,1
37.004,-0.0014130938780482,75,1
37.006,-0.0014381529780482,75,1
37.008,-0.0014412239580482,75,1
37.01,-0.0014442949380482,75,1
37.012,-0.0014473659180482,75,1
37.014,-0.0014504368980482,75,1
37.016,-0.0014535078780482,75,1
37.018,-0.0011449336780482,75,1
37.02,-0.0015377420280482,75,1
37.022,-0.0019305503780482,75,1
37.024,-0.0018285062380482,75,1
37.026,-0.0017264620980482,75,1
37.028,-0.0016244179580482,75,1
37.03,-0.0015223738180482,75,1
37.032,-0.0014203296780482,75,1
37.034,-0.0011317204780482,75,1
37.036,-0.0013026208780482,75,1
37.038,-0.0013387756780482,75,1
37.04,-0.0013749304780482,75,1
37.042,-0.0014110852780482,75,1
37.044,-0.0014472400780482,75,1
37.046,-0.0010040412780482,75,1
37.048,-0.0010231350780482,75,1
37.05,-0.0008411873780482,75,1
37.052,-0.0010003356530482,75,1
37.054,-0.0011594839280482,75,1
37.056,-0.0013186322030482,75,1
37.058,-0.0014777804780482,75,1
37.06,-0.0008760958780482,75,1
37.062,-0.0008532268780482,75,1
37.064,-0.0005794038780482,75,1
37.066,-0.0008117420280482,75,1
37.068,-0.0010440801780482,75,1
37.07,-0.0012764183280482,75,1
37.072,-0.0015087564780482,75,1
37.074,-0.0008394933780482,75,1
37.076,-0.0007390270780482,75,1
37.078,-0.0005551796780482,75,1
37.08,-0.0009141544113815,75,1
37.082,-0.0012731291447148,75,1
37.084,-0.0016321038780482,75,1
37.086,-0.0008731313780482,75,1
37.088,-0.0007129878780482,75,1
37.09,-0.0005528443780482,75,1
37.092,-0.0007398377780482,75,1
37.094,-0.0009831869280482,75,1
37.096,-0.0012265360780482,75,1
37.098,-0.0014698852280482,75,1
37.1,-0.0017132343780482,75,1
37.102,-0.0009163888780482,75,1
37.104,-0.0005256677780482,75,1
37.106,-0.0006070402780482,75,1
37.108,-0.0004502000780482,75,1
37.11,-0.0009257058780482,75,1
37.112,-0.0014012116780482,75,1
37.114,-0.0018767174780482,75,1
37.116,-0.0011008654780482,75,1
37.118,-0.0005742129780482,75,1
37.12,-0.0005892169780482,75,1
37.122,-0.0003453535780482,75,1
37.124,-0.0016917810780482,75,1
37.126,-0.0015509330447148,75,1
37.128,-0.0014100850113815,75,1
37.13,-0.0012692369780482,75,1
37.132,-0.0006359471780482,75,1
37.134,-0.0004055268780482,75,1
37.136,-0.0011730540780482,75,1
37.138,-0.0012888026780482,75,1
37.14,-0.0014045512780482,75,1
37.142,-0.0015202998780482,75,1
37.144,-0.0007622227780482,75,1
37.146,-0.0005050130780482,75,1
37.148,-0.0007081478780482,75,1
37.15,-0.0007744558780482,75,1
37.152,-0.0008407638780482,75,1
37.154,-0.0009070718780482,75,1
37.156,-0.0007209617780482,75,1
37.158,-0.0005348516780482,75,1
37.16,-0.0005930768780482,75,1
37.162,-0.0003877277780482,75,1
37.164,-0.0008693803780482,75,1
37.166,-0.0013510329780482,75,1
37.168,-0.0018326855780482,75,1
37.17,-0.0010953599780482,75,1
37.172,-0.0005920483780482,75,1
37.174,-0.0004665471780482,75,1
37.176,-0.0003410459780482,75,1
37.178,-0.0005799967780482,75,1
37.18,-0.0008189475780482,75,1
37.182,-0.0010578983780482,75,1
37.184,-0.0012968491780482,75,1
37.186,-0.0005277247780482,75,1
37.188,-0.0004606726280482,75,1
37.19,-0.0003936204780482,75,1
37.192,-0.0011780997780482,75,1
37.194,-0.0014731098780482,75,1
37.196,-0.0012326828780482,75,1
37.198,-0.0009922558780482,75,1
37.2,-0.0007518288780482,75,1
37.202,-0.0005198234780482,75,1
37.204,-0.0005161208780482,75,1
37.206,-0.0006947531780482,75,1
37.208,-0.0010418497447148,75,1
37.21,-0.0013889463113815,75,1
37.212,-0.0017360428780482,75,1
37.214,-0.0009808334780482,75,1
37.216,-0.0006775953780482,75,1
37.218,-0.0007313798780482,75,1
37.22,-0.0008365506580482,75,1
37.222,-0.0009417214380482,75,1
37.224,-0.0010468922180482,75,1
37.226,-0.0011520629980482,75,1
37.228,-0.0012572337780482,75,1
37.23,-0.0008026730780482,75,1
37.232,-0.0008973918780482,75,1
37.234,-0.0007160975780482,75,1
37.236,-0.0010007137780482,75,1
37.238,-0.0012853299780482,75,1
37.24,-0.0015699461780482,75,1
37.242,-0.0018545623780482,75,1
37.244,-0.0012463437780482,75,1
37.246,-0.0011249081780482,75,1
37.248,-0.0010222275780482,75,1
37.25,-0.0011408704980482,75,1
37.252,-0.0012595134180482,75,1
37.254,-0.0013781563380482,75,1
37.256,-0.0014967992580482,75,1
37.258,-0.0016154421780482,75,1
37.26,-0.0013425266780482,75,1
37.262,-0.0013135834780482,75,1
37.264,-0.0014929538780482,75,1
37.266,-0.0014747252280482,75,1
37.268,-0.0014564965780482,75,1
37.27,-0.0014382679280482,75,1
37.272,-0.0014200392780482,75,1
37.274,-0.0014130394280482,75,1
37.276,-0.0014060395780482,75,1
37.278,-0.0011827703780482,75,1
37.28,-0.0012493990280482,75,1
37.282,-0.0013160276780482,75,1
37.284,-0.0013826563280482,75,1
37.286,-0.0014492849780482,75,1
37.288,-0.0014540039780482,75,1
37.29,-0.0014587229780482,75,1
37.292,-0.0012079141780482,75,1
37.294,-0.0012810514180482,75,1
37.296,-0.0013541886580482,75,1
37.298,-0.0014273258980482,75,1
37.3,-0.0015004631380482,75,1
37.302,-0.0015736003780482,75,1
37.304,-0.0014192527780482,75,1
37.306,-0.0012415763780482,75,1
37.308,-0.0019817454780482,75,1
37.31,-0.0018265387780482,75,1
37.312,-0.0016713320780482,75,1
37.314,-0.0015161253780482,75,1
37.316,-0.0013609186780482,75,1
37.318,-0.0014293260280482,75,1
37.32,-0.0014977333780482,75,1
37.322,-0.0015857276030482,75,1
37.324,-0.0016737218280482,75,1
37.326,-0.0017617160530482,75,1
37.328,-0.0018497102780482,75,1
37.33,-0.0016134638280482,75,1
37.332,-0.0013772173780482,75,1
37.334,-0.0012033282780482,75,1
37.336,-0.0013512023780482,75,1
37.338,-0.0014990764780482,75,1
37.34,-0.0016469505780482,75,1
37.342,-0.0017948246780482,75,1
37.344,-0.0019426987780482,75,1
37.346,-0.0013232997780482,75,1
37.348,-0.0012720804780482,75,1
37.35,-0.0012614324780482,75,1
37.352,-0.0012507844780482,75,1
37.354,-0.0012401364780482,75,1
37.356,-0.0012294884780482,75,1
37.358,-0.0012188404780482,75,1
37.36,-0.0010543409780482,75,1
37.362,-0.0009734948280482,75,1
37.364,-0.0008926486780482,75,1
37.366,-0.0015714707780482,75,1
37.368,-0.0017033769113815,75,1
37.37,-0.0018352830447148,75,1
37.372,-0.0019671891780482,75,1
37.374,-0.0008682550780482,75,1
37.376,-0.0008593797280482,75,1
37.378,-0.0008505043780482,75,1
37.38,-0.0009630222780482,75,1
37.382,-0.0009125804030482,75,1
37.384,-0.0008621385280482,75,1
37.386,-0.0008116966530482,75,1
37.388,-0.0007612547780482,75,1
37.39,-0.0007958486780482,75,1
37.392,-0.0005907536780482,75,1
37.394,-0.0007391141980482,75,1
37.396,-0.0008874747180482,75,1
37.398,-0.0010358352380482,75,1
37.4,-0.0011841957580482,75,1
37.402,-0.0013325562780482,75,1
37.404,-0.0007070830780482,75,1
37.406,-0.0007023398780482,75,1
37.408,-0.0004645385780482,75,1
37.41,-0.0017528134780482,75,1
37.412,-0.0016648101780482,75,1
37.414,-0.0015768068780482,75,1
37.416,-0.0014888035780482,75,1
37.418,-0.0007690350780482,75,1
37.42,-0.0005080380780482,75,1
37.422,-0.0006262913780482,75,1
37.424,-0.0007445446780482,75,1
37.426,-0.0008627979780482,75,1
37.428,-0.0007665787780482,75,1
37.43,-0.0006703595780482,75,1
37.432,-0.0005741403780482,75,1
37.434,-0.0005705164280482,75,1
37.436,-0.0005668924780482,75,1
37.438,-0.0006848795780482,75,1
37.44,-0.0012265784280482,75,1
37.442,-0.0017682772780482,75,1
37.444,-0.0013880529280482,75,1
37.446,-0.0010078285780482,75,1
37.448,-0.0005523966780482,75,1
37.45,-0.0006111784780482,75,1
37.452,-0.0004210148780482,75,1
37.454,-0.0008068717780482,75,1
37.456,-0.0011927286780482,75,1
37.458,-0.0008927212780482,75,1
37.46,-0.0005927138780482,75,1
37.462,-0.0005915522780482,75,1
37.464,-0.0004798511280482,75,1
37.466,-0.0003681499780482,75,1
37.468,-0.0016219035780482,75,1
37.47,-0.0015413095113815,75,1
37.472,-0.0014607154447148,75,1
37.474,-0.0013801213780482,75,1
37.476,-0.0006619742780482,75,1
37.478,-0.0005470968780482,75,1
37.48,-0.0004459650780482,75,1
37.482,-0.0010864301780482,75,1
37.484,-0.0012502399780482,75,1
37.486,-0.0014140497780482,75,1
37.488,-0.0015778595780482,75,1
37.49,-0.0007941788780482,75,1
37.492,-0.0005246271780482,75,1
37.494,-0.0005470726780482,75,1
37.496,-0.0009473971447148,75,1
37.498,-0.0013477216113815,75,1
37.5,-0.0017480460780482,76,0
37.502,-0.0009601787780482,76,0
37.504,-0.0005228605780482,76,0
37.506,-0.0005613930280482,76,0
37.508,-0.0005999254780482,76,0
37.51,-0.0004101732780482,76,0
37.512,-0.0006699360780482,76,0
37.514,-0.0009296988780482,76,0
37.516,-0.0011894616780482,76,0
37.518,-0.0008962302780482,76,0
37.52,-0.0006029988780482,76,0
37.522,-0.0003759665780482,76,0
37.524,-0.0009916206280482,76,0
37.526,-0.0016072746780482,76,0
37.528,-0.0014174619780482,76,0
37.53,-0.0011770228780482,76,0
37.532,-0.0009365837780482,76,0
37.534,-0.0006961446780482,76,0
37.536,-0.0005558451780482,76,0
37.538,-0.0010644928780482,76,0
37.54,-0.0010077469030482,76,0
37.542,-0.0009510009280482,76,0
37.544,-0.0008942549530482,76,0
37.546,-0.0008375089780482,76,0
37.548,-0.0006826350280482,76,0
37.55,-0.0005277610780482,76,0
37.552,-0.0005326857780482,76,0
37.554,-0.0008410391530482,76,0
37.556,-0.0011493925280482,76,0
37.558,-0.0014577459030482,76,0
37.56,-0.0017660992780482,76,0
37.562,-0.0009859517780482,76,0
37.564,-0.0005422810780482,76,0
37.566,-0.0005831669780482,76,0
37.568,-0.0012503307280482,76,0
37.57,-0.0019174944780482,76,0
37.572,-0.0011652858780482,76,0
37.574,-0.0009802768780482,76,0
37.576,-0.0007952678780482,76,0
37.578,-0.0006102588780482,76,0
37.58,-0.0005920483780482,76,0
37.582,-0.0003486931780482,76,0
37.584,-0.0015788396780482,76,0
37.586,-0.0014812410780482,76,0
37.588,-0.0013836424780482,76,0
37.59,-0.0006936157780482,76,0
37.592,-0.0006295946780482,76,0
37.594,-0.0005655735780482,76,0
37.596,-0.0010602578780482,76,0
37.598,-0.0011951698530482,76,0
37.6,-0.0013300818280482,76,0
37.602,-0.0014649938030482,76,0
37.604,-0.0015999057780482,76,0
37.606,-0.0005608303780482,76,0
37.608,-0.0005607577780482,76,0
37.61,-0.0005606851780482,76,0
37.612,-0.0006211125780482,76,0
37.614,-0.0010018794113815,76,0
37.616,-0.0013826462447148,76,0
37.618,-0.0017634130780482,76,0
37.62,-0.0009988261780482,76,0
37.622,-0.0005589790780482,76,0
37.624,-0.0003839525780482,76,0
37.626,-0.0006486118447148,76,0
37.628,-0.0009132711113815,76,0
37.63,-0.0011779303780482,76,0
37.632,-0.0006105492780482,76,0
37.634,-0.0006110937780482,76,0
37.636,-0.0006116382780482,76,0
37.638,-0.0006121827780482,76,0
37.64,-0.0003677022780482,76,0
37.642,-0.0015642712780482,76,0
37.644,-0.0011444557280482,76,0
37.646,-0.0007246401780482,76,0
37.648,-0.0006519554780482,76,0
37.65,-0.0005792707780482,76,0
37.652,-0.0005222253280482,76,0
37.654,-0.0004651798780482,76,0
37.656,-0.0010464154780482,76,0
37.658,-0.0012341348780482,76,0
37.66,-0.0014218542780482,76,0
37.662,-0.0016095736780482,76,0
37.664,-0.0008684486780482,76,0
37.666,-0.0005702078780482,76,0
37.668,-0.0005651137780482,76,0
37.67,-0.0006320872780482,76,0
37.672,-0.0012091060280482,76,0
37.674,-0.0017861247780482,76,0
37.676,-0.0010200132780482,76,0
37.678,-0.0008022616780482,76,0
37.68,-0.0005845100780482,76,0
37.682,-0.0006024664780482,76,0
37.684,-0.0004058172780482,76,0
37.686,-0.0009176271113815,76,0
37.688,-0.0014294369447148,76,0
37.69,-0.0019412467780482,76,0
37.692,-0.0012180781780482,76,0
37.694,-0.0006449616780482,76,0
37.696,-0.0006345193780482,76,0
37.698,-0.0003944795780482,76,0
37.7,-0.0015826390780482,76,0
37.702,-0.0014972070280482,76,0
37.704,-0.0014117749780482,76,0
37.706,-0.0009988564280482,76,0
37.708,-0.0005859378780482,76,0
37.71,-0.0009212732447148,76,0
37.712,-0.0012566086113815,76,0
37.714,-0.0015919439780482,76,0
37.716,-0.0012344252780482,76,0
37.718,-0.0008769065780482,76,0
37.72,-0.0007701039113815,76,0
37.722,-0.0006633012447148,76,0
37.724,-0.0005564985780482,76,0
37.726,-0.0005700021780482,76,0
37.728,-0.0006198541780482,76,0
37.73,-0.0010089256447148,76,0
37.732,-0.0013979971113815,76,0
37.734,-0.0017870685780482,76,0
37.736,-0.0010175811780482,76,0
37.738,-0.0005641457780482,76,0
37.74,-0.0006146148780482,76,0
37.742,-0.0003905470780482,76,0
37.744,-0.0011711180780482,76,0
37.746,-0.0019516890780482,76,0
37.748,-0.0012228697780482,76,0
37.75,-0.0009193170780482,76,0
37.752,-0.0006157643780482,76,0
37.754,-0.0005848125780482,76,0
37.756,-0.0003681862780482,76,0
37.758,-0.0015372882780482,76,0
37.76,-0.0014970840113815,76,0
37.762,-0.0014568797447148,76,0
37.764,-0.0014166754780482,76,0
37.766,-0.0005722043780482,76,0
37.768,-0.0005175728780482,76,0
37.77,-0.0004629413780482,76,0
37.772,-0.0010191904780482,76,0
37.774,-0.0008639152113815,76,0
37.776,-0.0007086399447148,76,0
37.778,-0.0005533646780482,76,0
37.78,-0.0005580473780482,76,0
37.782,-0.0005627300780482,76,0
37.784,-0.0006170832780482,76,0
37.786,-0.0009136754530482,76,0
37.788,-0.0012102676280482,76,0
37.79,-0.0015068598030482,76,0
37.792,-0.0018034519780482,76,0
37.794,-0.0010695869780482,76,0
37.796,-0.0005696633780482,76,0
37.798,-0.0006049469780482,76,0
37.8,-0.0003935115780482,76,0
37.802,-0.0009218984113815,76,0
37.804,-0.0014502852447148,76,0
37.806,-0.0019786720780482,76,0
37.808,-0.0012521396780482,76,0
37.81,-0.0005931131780482,76,0
37.812,-0.0003883085780482,76,0
37.814,-0.0015365380780482,76,0
37.816,-0.0012640138113815,76,0
37.818,-0.0009914895447148,76,0
37.82,-0.0007189652780482,76,0
37.822,-0.0006335150780482,76,0
37.824,-0.0005480648780482,76,0
37.826,-0.0004698867780482,76,0
37.828,-0.0010171818780482,76,0
37.83,-0.0009730209113815,76,0
37.832,-0.0009288599447148,76,0
37.834,-0.0008846989780482,76,0
37.836,-0.0005394980780482,76,0
37.838,-0.0005541874780482,76,0
37.84,-0.0005688768780482,76,0
37.842,-0.0005963196780482,76,0
37.844,-0.0010016737113815,76,0
37.846,-0.0014070277447148,76,0
37.848,-0.0018123817780482,76,0
37.85,-0.0005556878780482,76,0
37.852,-0.0005879283280482,76,0
37.854,-0.0006201687780482,76,0
37.856,-0.0004038086780482,76,0
37.858,-0.0009343533447148,76,0
37.86,-0.0014648980113815,76,0
37.862,-0.0019954426780482,76,0
37.864,-0.0012320536780482,76,0
37.866,-0.0006286387780482,76,0
37.868,-0.0004165983780482,76,0
37.87,-0.0006285371380482,76,0
37.872,-0.0008404758980482,76,0
37.874,-0.0010524146580482,76,0
37.876,-0.0012643534180482,76,0
37.878,-0.0014762921780482,76,0
37.88,-0.0005667472780482,76,0
37.882,-0.0005283600280482,76,0
37.884,-0.0004899727780482,76,0
37.886,-0.0009926309780482,76,0
37.888,-0.0012164971113815,76,0
37.89,-0.0014403632447148,76,0
37.892,-0.0016642293780482,76,0
37.894,-0.0008910151780482,76,0
37.896,-0.0005749026780482,76,0
37.898,-0.0006141550780482,76,0
37.9,-0.0010259705113815,76,0
37.902,-0.0014377859447148,76,0
37.904,-0.0018496013780482,76,0
37.906,-0.0010490411780482,76,0
37.908,-0.0008409695780482,76,0
37.91,-0.0006328979780482,76,0
37.912,-0.0005250446280482,76,0
37.914,-0.0004171912780482,76,0
37.916,-0.0006282001530482,76,0
37.918,-0.0008392090280482,76,0
37.92,-0.0010502179030482,76,0
37.922,-0.0012612267780482,76,0
37.924,-0.0006484706780482,76,0
37.926,-0.0006283725780482,76,0
37.928,-0.0004140573780482,76,0
37.93,-0.0015219938780482,76,0
37.932,-0.0014894025280482,76,0
37.934,-0.0014568111780482,76,0
37.936,-0.0010129105780482,76,0
37.938,-0.0005690099780482,76,0
37.94,-0.0009862784780482,76,0
37.942,-0.0011570246030482,76,0
37.944,-0.0013277707280482,76,0
37.946,-0.0014985168530482,76,0
37.948,-0.0016692629780482,76,0
37.95,-0.0009122627780482,76,0
37.952,-0.0005745880780482,76,0
37.954,-0.0006102225780482,76,0
37.956,-0.0009234189780482,76,0
37.958,-0.0012366153780482,76,0
37.96,-0.0015498117780482,76,0
37.962,-0.0018630081780482,76,0
37.964,-0.0010664288780482,76,0
37.966,-0.0005841833780482,76,0
37.968,-0.0004095198780482,76,0
37.97,-0.0006243674780482,76,0
37.972,-0.0008392150780482,76,0
37.974,-0.0010540626780482,76,0
37.976,-0.0012689102780482,76,0
37.978,-0.0009605901780482,76,0
37.98,-0.0006522700780482,76,0
37.982,-0.0006324744780482,76,0
37.984,-0.0004097255780482,76,0
37.986,-0.0006717813280482,76,0
37.988,-0.0009338370780482,76,0
37.99,-0.0011958928280482,76,0
37.992,-0.0014579485780482,76,0
37.994,-0.0007490821780482,76,0
37.996,-0.0005946982780482,76,0
37.998,-0.0005086430780482,76,0
38.0,-0.0009772760780482,77,0
38.002,-0.0012094428113815,77,0
38.004,-0.0014416095447148,77,0
38.006,-0.0016737762780482,77,0
38.008,-0.0008977064780482,77,0
38.01,-0.0006318210780482,77,0
38.012,-0.0006201808780482,77,0
38.014,-0.0006085406780482,77,0
38.016,-0.0010266319780482,77,0
38.018,-0.0014447232780482,77,0
38.02,-0.0018628145780482,77,0
38.022,-0.0010835503780482,77,0
38.024,-0.0005984734780482,77,0
38.026,-0.0006419608780482,77,0
38.028,-0.0004081646780482,77,0
38.03,-0.0019935913780482,77,0
38.032,-0.0019930892280482,77,0
38.034,-0.0019925870780482,77,0
38.036,-0.0012610331780482,77,0
38.038,-0.0006671893780482,77,0
38.04,-0.0006236777780482,77,0
38.042,-0.0004088422780482,77,0
38.044,-0.0014704115780482,77,0
38.046,-0.0014689757113815,77,0
38.048,-0.0014675398447148,77,0
38.05,-0.0014661039780482,77,0
38.052,-0.0007623921780482,77,0
38.054,-0.0005888055780482,77,0
38.056,-0.0005170162780482,77,0
38.058,-0.0009763322780482,77,0
38.06,-0.0012099752113815,77,0
38.062,-0.0014436181447148,77,0
38.064,-0.0016772610780482,77,0
38.066,-0.0009297230780482,77,0
38.068,-0.0006067861780482,77,0
38.07,-0.0005859983780482,77,0
38.072,-0.0010105188113815,77,0
38.074,-0.0014350392447148,77,0
38.076,-0.0018595596780482,77,0
38.078,-0.0014723899280482,77,0
38.08,-0.0010852201780482,77,0
38.082,-0.0006068224780482,77,0
38.084,-0.0003937535780482,77,0
38.086,-0.0011956931780482,77,0
38.088,-0.0019976327780482,77,0
38.09,-0.0019974573280482,77,0
38.092,-0.0019972818780482,77,0
38.094,-0.0012745004780482,77,0
38.096,-0.0006852667780482,77,0
38.098,-0.0006436669780482,77,0
38.1,-0.0015048118780482,77,0
38.102,-0.0015007372030482,77,0
38.104,-0.0014966625280482,77,0
38.106,-0.0014925878530482,77,0
38.108,-0.0014885131780482,77,0
38.11,-0.0006242343780482,77,0
38.112,-0.0005755742280482,77,0
38.114,-0.0005269140780482,77,0
38.116,-0.0009853709780482,77,0
38.118,-0.0012118708780482,77,0
38.12,-0.0014383707780482,77,0
38.122,-0.0016648706780482,77,0
38.124,-0.0009185668780482,77,0
38.126,-0.0006280942780482,77,0
38.128,-0.0008754303780482,77,0
38.13,-0.0011227664780482,77,0
38.132,-0.0013701025780482,77,0
38.134,-0.0016174386780482,77,0
38.136,-0.0018647747780482,77,0
38.138,-0.0010837439780482,77,0
38.14,-0.0006109606780482,77,0
38.142,-0.0004081404780482,77,0
38.144,-0.0005809212180482,77,0
38.146,-0.0007537019580482,77,0
38.148,-0.0009264826980482,77,0
38.15,-0.0010992634380482,77,0
38.152,-0.0012720441780482,77,0
38.154,-0.0006786722780482,77,0
38.156,-0.0006293889780482,77,0
38.158,-0.0004308642780482,77,0
38.16,-0.0014842781780482,77,0
38.162,-0.0014939944780482,77,0
38.164,-0.0015037107780482,77,0
38.166,-0.0015134270780482,77,0
38.168,-0.0006262429780482,77,0
38.17,-0.0008034958780482,77,0
38.172,-0.0009807487780482,77,0
38.174,-0.0012166140780482,77,0
38.176,-0.0014524793780482,77,0
38.178,-0.0016883446780482,77,0
38.18,-0.0009307878780482,77,0
38.182,-0.0005812672780482,77,0
38.184,-0.0005935064280482,77,0
38.186,-0.0006057455780482,77,0
38.188,-0.0005701836780482,77,0
38.19,-0.0009941354113815,77,0
38.192,-0.0014180871447148,77,0
38.194,-0.0018420388780482,77,0
38.196,-0.0011008049780482,77,0
38.198,-0.0006063626780482,77,0
38.2,-0.0006296793780482,77,0
38.202,-0.0004204340780482,77,0
38.204,-0.0019842622780482,77,0
38.206,-0.0017623200447148,77,0
38.208,-0.0015403778113815,77,0
38.21,-0.0013184355780482,77,0
38.212,-0.0006295462780482,77,0
38.214,-0.0005284870780482,77,0
38.216,-0.0004274278780482,77,0
38.218,-0.0014565691780482,77,0
38.22,-0.0014729969447148,77,0
38.222,-0.0014894247113815,77,0
38.224,-0.0015058524780482,77,0
38.226,-0.0007766217780482,77,0
38.228,-0.0005868332780482,77,0
38.23,-0.0005305319780482,77,0
38.232,-0.0009498211780482,77,0
38.234,-0.0012084546447148,77,0
38.236,-0.0014670881113815,77,0
38.238,-0.0017257215780482,77,0
38.24,-0.0009430572780482,77,0
38.242,-0.0005804686780482,77,0
38.244,-0.0005776372780482,77,0
38.246,-0.0008975703530482,77,0
38.248,-0.0012175034280482,77,0
38.25,-0.0015374365030482,77,0
38.252,-0.0018573695780482,77,0
38.254,-0.0011247387780482,77,0
38.256,-0.0006103677780482,77,0
38.258,-0.0006516892780482,77,0
38.26,-0.0004222006780482,77,0
38.262,-0.0019823141780482,77,0
38.264,-0.0017620740113815,77,0
38.266,-0.0015418338447148,77,0
38.268,-0.0013215936780482,77,0
38.27,-0.0006809833780482,77,0
38.272,-0.0006183900780482,77,0
38.274,-0.0004306343780482,77,0
38.276,-0.0006980443780482,77,0
38.278,-0.0009654543780482,77,0
38.28,-0.0012328643780482,77,0
38.282,-0.0015002743780482,77,0
38.284,-0.0007873302780482,77,0
38.286,-0.0005815092780482,77,0
38.288,-0.0005341135780482,77,0
38.29,-0.0009320099780482,77,0
38.292,-0.0013312857780482,77,0
38.294,-0.0017305615780482,77,0
38.296,-0.0013410928280482,77,0
38.298,-0.0009516240780482,77,0
38.3,-0.0005792344780482,77,0
38.302,-0.0005962833780482,77,0
38.304,-0.0005662511780482,77,0
38.306,-0.0007615734113815,77,0
38.308,-0.0009568956447148,77,0
38.31,-0.0011522178780482,77,0
38.312,-0.0008887524780482,77,0
38.314,-0.0006252870780482,77,0
38.316,-0.0006711460780482,77,0
38.318,-0.0004388986780482,77,0
38.32,-0.0019762278780482,77,0
38.322,-0.0017587344113815,77,0
38.324,-0.0015412409447148,77,0
38.326,-0.0013237474780482,77,0
38.328,-0.0006785633780482,77,0
38.33,-0.0006205680780482,77,0
38.332,-0.0004542656780482,77,0
38.334,-0.0014480144780482,77,0
38.336,-0.0014797164780482,77,0
38.338,-0.0015114184780482,77,0
38.34,-0.0015431204780482,77,0
38.342,-0.0005914433780482,77,0
38.344,-0.0005692217280482,77,0
38.346,-0.0005470000780482,77,0
38.348,-0.0006491150030482,77,0
38.35,-0.0007512299280482,77,0
38.352,-0.0008533448530482,77,0
38.354,-0.0009554597780482,77,0
38.356,-0.0007704931280482,77,0
38.358,-0.0005855264780482,77,0
38.36,-0.0006403878780482,77,0
38.362,-0.0010633958113815,77,0
38.364,-0.0014864037447148,77,0
38.366,-0.0019094116780482,77,0
38.368,-0.0015186179780482,77,0
38.37,-0.0011278242780482,77,0
38.372,-0.0006069192780482,77,0
38.374,-0.0006520764780482,77,0
38.376,-0.0004396125780482,77,0
38.378,-0.0019472725780482,77,0
38.38,-0.0015300686113815,77,0
38.382,-0.0011128646447148,77,0
38.384,-0.0006956606780482,77,0
38.386,-0.0006236293780482,77,0
38.388,-0.0005413917280482,77,0
38.39,-0.0004591540780482,77,0
38.392,-0.0014340268780482,77,0
38.394,-0.0014704680447148,77,0
38.396,-0.0015069092113815,77,0
38.398,-0.0015433503780482,77,0
38.4,-0.0008003377780482,77,0
38.402,-0.0005756407780482,77,0
38.404,-0.0005313305780482,77,0
38.406,-0.0006350185030482,77,0
38.408,-0.0007387064280482,77,0
38.41,-0.0008423943530482,77,0
38.412,-0.0009460822780482,77,0
38.414,-0.0007598269780482,77,0
38.416,-0.0005735716780482,77,0
38.418,-0.0006287355780482,77,0
38.42,-0.0009480515530482,77,0
38.422,-0.0012673675280482,77,0
38.424,-0.0015866835030482,77,0
38.426,-0.0019059994780482,77,0
38.428,-0.0011517822780482,77,0
38.43,-0.0006193822780482,77,0
38.432,-0.0006702990780482,77,0
38.434,-0.0004533823780482,77,0
38.436,-0.0019296428780482,77,0
38.438,-0.0017413789780482,77,0
38.44,-0.0015531150780482,77,0
38.442,-0.0013648511780482,77,0
38.444,-0.0007094062780482,77,0
38.446,-0.0006344830780482,77,0
38.448,-0.0004876132780482,77,0
38.45,-0.0014218905780482,77,0
38.452,-0.0014788029280482,77,0
38.454,-0.0015357152780482,77,0
38.456,-0.0011712511780482,77,0
38.458,-0.0008067870780482,77,0
38.46,-0.0006115656780482,77,0
38.462,-0.0005784479780482,77,0
38.464,-0.0008889460780482,77,0
38.466,-0.0011757564113815,77,0
38.468,-0.0014625667447148,77,0
38.47,-0.0017493770780482,77,0
38.472,-0.0009977250780482,77,0
38.474,-0.0006450342780482,77,0
38.476,-0.0005558088780482,77,0
38.478,-0.0012324348280482,77,0
38.48,-0.0019090607780482,77,0
38.482,-0.0015173656280482,77,0
38.484,-0.0011256704780482,77,0
38.486,-0.0008802945780482,77,0
38.488,-0.0006349186780482,77,0
38.49,-0.0006618048780482,77,0
38.492,-0.0004290129780482,77,0
38.494,-0.0019065802780482,77,0
38.496,-0.0014786557113815,77,0
38.498,-0.0010507311447148,77,0
38.5,-0.0006228065780482,78,0
38.502,-0.0004738434780482,78,0
38.504,-0.0009218217780482,78,0
38.506,-0.0013698000780482,78,0
38.508,-0.0014129033030482,78,0
38.51,-0.0014560065280482,78,0
38.512,-0.0014991097530482,78,0
38.514,-0.0015422129780482,78,0
38.516,-0.0008206415780482,78,0
38.518,-0.0006097385780482,78,0
38.52,-0.0005493716780482,78,0
38.522,-0.0008628342780482,78,0
38.524,-0.0011553638780482,78,0
38.526,-0.0014478934780482,78,0
38.528,-0.0017404230780482,78,0
38.53,-0.0009350228780482,78,0
38.532,-0.0005870994780482,78,0
38.534,-0.0005233808780482,78,0
38.536,-0.0009905013780482,78,0
38.538,-0.0014576218780482,78,0
38.54,-0.0019247423780482,78,0
38.542,-0.0015477305780482,78,0
38.544,-0.0011707187780482,78,0
38.546,-0.0006391294780482,78,0
38.548,-0.0006734571780482,78,0
38.55,-0.0004264356780482,78,0
38.552,-0.0006665813530482,78,0
38.554,-0.0009067270280482,78,0
38.556,-0.0011468727030482,78,0
38.558,-0.0013870183780482,78,0
38.56,-0.0007247006780482,78,0
38.562,-0.0006403757780482,78,0
38.564,-0.0013638226780482,78,0
38.566,-0.0014303363780482,78,0
38.568,-0.0014968500780482,78,0
38.57,-0.0015633637780482,78,0
38.572,-0.0008154506780482,78,0
38.574,-0.0005976143780482,78,0
38.576,-0.0007284153780482,78,0
38.578,-0.0008592163780482,78,0
38.58,-0.0011608492113815,78,0
38.582,-0.0014624820447148,78,0
38.584,-0.0017641148780482,78,0
38.586,-0.0013705139780482,78,0
38.588,-0.0009769130780482,78,0
38.59,-0.0005865428780482,78,0
38.592,-0.0006683146780482,78,0
38.594,-0.0005421479780482,78,0
38.596,-0.0009979509447148,78,0
38.598,-0.0014537539113815,78,0
38.6,-0.0019095568780482,78,0
38.602,-0.0011550250780482,78,0
38.604,-0.0006184263780482,78,0
38.606,-0.0006511931780482,78,0
38.608,-0.0004037360780482,78,0
38.61,-0.0008651514280482,78,0
38.612,-0.0013265667780482,78,0
38.614,-0.0006886547780482,78,0
38.616,-0.0006681412447148,78,0
38.618,-0.0006476277113815,78,0
38.62,-0.0006271141780482,78,0
38.622,-0.0004425891780482,78,0
38.624,-0.0007202085530482,78,0
38.626,-0.0009978279280482,78,0
38.628,-0.0012754473030482,78,0
38.63,-0.0015530666780482,78,0
38.632,-0.0008308418780482,78,0
38.634,-0.0006029746780482,78,0
38.636,-0.0005636496780482,78,0
38.638,-0.0008626527780482,78,0
38.64,-0.0011653947780482,78,0
38.642,-0.0014681367780482,78,0
38.644,-0.0017708787780482,78,0
38.646,-0.0010022020780482,78,0
38.648,-0.0005941900780482,78,0
38.65,-0.0005379008780482,78,0
38.652,-0.0010046906447148,78,0
38.654,-0.0014714804113815,78,0
38.656,-0.0019382701780482,78,0
38.658,-0.0011837625780482,78,0
38.66,-0.0009262443280482,78,0
38.662,-0.0006687260780482,78,0
38.664,-0.0005490570780482,78,0
38.666,-0.0004293880780482,78,0
38.668,-0.0006652775780482,78,0
38.67,-0.0009011670780482,78,0
38.672,-0.0011370565780482,78,0
38.674,-0.0013729460780482,78,0
38.676,-0.0007253661780482,78,0
38.678,-0.0006291106780482,78,0
38.68,-0.0004724519780482,78,0
38.682,-0.0013127485780482,78,0
38.684,-0.0011526978447148,78,0
38.686,-0.0009926471113815,78,0
38.688,-0.0008325963780482,78,0
38.69,-0.0007125462280482,78,0
38.692,-0.0005924960780482,78,0
38.694,-0.0005749389780482,78,0
38.696,-0.0008507826780482,78,0
38.698,-0.0011567110113815,78,0
38.7,-0.0014626393447148,78,0
38.702,-0.0017685676780482,78,0
38.704,-0.0009956801780482,78,0
38.706,-0.0005941658780482,78,0
38.708,-0.0006340837780482,78,0
38.71,-0.0005134709780482,78,0
38.712,-0.0009795871780482,78,0
38.714,-0.0014457033780482,78,0
38.716,-0.0019118195780482,78,0
38.718,-0.0011735017780482,78,0
38.72,-0.0006377258780482,78,0
38.722,-0.0006662576780482,78,0
38.724,-0.0004296663780482,78,0
38.726,-0.0018515857780482,78,0
38.728,-0.0016849526447148,78,0
38.73,-0.0015183195113815,78,0
38.732,-0.0013516863780482,78,0
38.734,-0.0006924299780482,78,0
38.736,-0.0006086737780482,78,0
38.738,-0.0013062750780482,78,0
38.74,-0.0013713609780482,78,0
38.742,-0.0014364468780482,78,0
38.744,-0.0015015327780482,78,0
38.746,-0.0015666186780482,78,0
38.748,-0.0005895557780482,78,0
38.75,-0.0005634802780482,78,0
38.752,-0.0008235213780482,78,0
38.754,-0.0008627586530482,78,0
38.756,-0.0009019959280482,78,0
38.758,-0.0009412332030482,78,0
38.76,-0.0009804704780482,78,0
38.762,-0.0007837970780482,78,0
38.764,-0.0005871236780482,78,0
38.766,-0.0005007054780482,78,0
38.768,-0.0008526672530482,78,0
38.77,-0.0012046290280482,78,0
38.772,-0.0015565908030482,78,0
38.774,-0.0019085525780482,78,0
38.776,-0.0011602280780482,78,0
38.778,-0.0006287234780482,78,0
38.78,-0.0006482649780482,78,0
38.782,-0.0004131498780482,78,0
38.784,-0.0018176573780482,78,0
38.786,-0.0016627047780482,78,0
38.788,-0.0015077521780482,78,0
38.79,-0.0013527995780482,78,0
38.792,-0.0006958421780482,78,0
38.794,-0.0005863129780482,78,0
38.796,-0.0004581618780482,78,0
38.798,-0.0012817846780482,78,0
38.8,-0.0014365255280482,78,0
38.802,-0.0015912663780482,78,0
38.804,-0.0012225128280482,78,0
38.806,-0.0008537592780482,78,0
38.808,-0.0005760037780482,78,0
38.81,-0.0005578295780482,78,0
38.812,-0.0008086141780482,78,0
38.814,-0.0011235247447148,78,0
38.816,-0.0014384353113815,78,0
38.818,-0.0017533458780482,78,0
38.82,-0.0009960310780482,78,0
38.822,-0.0005630930780482,78,0
38.824,-0.0006134895780482,78,0
38.826,-0.0009466721530482,78,0
38.828,-0.0012798547280482,78,0
38.83,-0.0016130373030482,78,0
38.832,-0.0019462198780482,78,0
38.834,-0.0012039695780482,78,0
38.836,-0.0006335876780482,78,0
38.838,-0.0006420576780482,78,0
38.84,-0.0004124722780482,78,0
38.842,-0.0018276277780482,78,0
38.844,-0.0016926482447148,78,0
38.846,-0.0015576687113815,78,0
38.848,-0.0014226891780482,78,0
38.85,-0.0007383131780482,78,0
38.852,-0.0006256258780482,78,0
38.854,-0.0004766869780482,78,0
38.856,-0.0012790984780482,78,0
38.858,-0.0013782499113815,78,0
38.86,-0.0014774013447148,78,0
38.862,-0.0015765527780482,78,0
38.864,-0.0008442002780482,78,0
38.866,-0.0005841833780482,78,0
38.868,-0.0005745396780482,78,0
38.87,-0.0007909118780482,78,0
38.872,-0.0011196729113815,78,0
38.874,-0.0014484339447148,78,0
38.876,-0.0017771949780482,78,0
38.878,-0.0006106460780482,78,0
38.88,-0.0006230183280482,78,0
38.882,-0.0006353905780482,78,0
38.884,-0.0004966640780482,78,0
38.886,-0.0012237409780482,78,0
38.888,-0.0019508178780482,78,0
38.89,-0.0015820219780482,78,0
38.892,-0.0012132260780482,78,0
38.894,-0.0006508301780482,78,0
38.896,-0.0004178446780482,78,0
38.898,-0.0017831965780482,78,0
38.9,-0.0016454421113815,78,0
38.902,-0.0015076876447148,78,0
38.904,-0.0013699331780482,78,0
38.906,-0.0010430214280482,78,0
38.908,-0.0007161096780482,78,0
38.91,-0.0006228307780482,78,0
38.912,-0.0004953088780482,78,0
38.914,-0.0012650140780482,78,0
38.916,-0.0013756605113815,78,0
38.918,-0.0014863069447148,78,0
38.92,-0.0015969533780482,78,0
38.922,-0.0008451924780482,78,0
38.924,-0.0005671223780482,78,0
38.926,-0.0007809656780482,78,0
38.928,-0.0010308246280482,78,0
38.93,-0.0012806835780482,78,0
38.932,-0.0015305425280482,78,0
38.934,-0.0017804014780482,78,0
38.936,-0.0010203883780482,78,0
38.938,-0.0005845342780482,78,0
38.94,-0.0006346645780482,78,0
38.942,-0.0004755374780482,78,0
38.944,-0.0009745535780482,78,0
38.946,-0.0014735696780482,78,0
38.948,-0.0019725857780482,78,0
38.95,-0.0012196148780482,78,0
38.952,-0.0006510358780482,78,0
38.954,-0.0006689196780482,78,0
38.956,-0.0004297631780482,78,0
38.958,-0.0006648117280482,78,0
38.96,-0.0008998602780482,78,0
38.962,-0.0011349088280482,78,0
38.964,-0.0013699573780482,78,0
38.966,-0.0007066595780482,78,0
38.968,-0.0006114083780482,78,0
38.97,-0.0004877221780482,78,0
38.972,-0.0012314970780482,78,0
38.974,-0.0014284608780482,78,0
38.976,-0.0016254246780482,78,0
38.978,-0.0012448917780482,78,0
38.98,-0.0008643588780482,78,0
38.982,-0.0005951580780482,78,0
38.984,-0.0007792958780482,78,0
38.986,-0.0011224599447148,78,0
38.988,-0.0014656240113815,78,0
38.99,-0.0018087880780482,78,0
38.992,-0.0012009203780482,78,0
38.994,-0.0005930526780482,78,0
38.996,-0.0006427352780482,78,0
38.998,-0.0004962768780482,78,0
39.0,-0.0008653662030482,79,0
39.002,-0.0012344555280482,79,0
39.004,-0.0016035448530482,79,0
39.006,-0.0019726341780482,79,0
39.008,-0.0011977017780482,79,0
39.01,-0.0006532138780482,79,0
39.012,-0.0005456630280482,79,0
39.014,-0.0004381121780482,79,0
39.016,-0.0017663412780482,79,0
39.018,-0.0016437400447148,79,0
39.02,-0.0015211388113815,79,0
39.022,-0.0013985375780482,79,0
39.024,-0.0006217659780482,79,0
39.026,-0.0005154674780482,79,0
39.028,-0.0008758780780482,79,0
39.03,-0.0012362886780482,79,0
39.032,-0.0013660853780482,79,0
39.034,-0.0014958820780482,79,0
39.036,-0.0016256787780482,79,0
39.038,-0.0008625801780482,79,0
39.04,-0.0005895315780482,79,0
39.042,-0.0005948918780482,79,0
39.044,-0.0007648847780482,79,0
39.046,-0.0011112593780482,79,0
39.048,-0.0014576339780482,79,0
39.05,-0.0018040085780482,79,0
39.052,-0.0010273095780482,79,0
39.054,-0.0005818238780482,79,0
39.056,-0.0006269447780482,79,0
39.058,-0.0009600033280482,79,0
39.06,-0.0012930618780482,79,0
39.062,-0.0016261204280482,79,0
39.064,-0.0019591789780482,79,0
39.066,-0.0012034734780482,79,0
39.068,-0.0006469218780482,79,0
39.07,-0.0006650960780482,79,0
39.072,-0.0004298478780482,79,0
39.074,-0.0017334897780482,79,0
39.076,-0.0015629281780482,79,0
39.078,-0.0013923665780482,79,0
39.08,-0.0007099991780482,79,0
39.082,-0.0006659128280482,79,0
39.084,-0.0006218264780482,79,0
39.086,-0.0004901300780482,79,0
39.088,-0.0011944105780482,79,0
39.09,-0.0013972670780482,79,0
39.092,-0.0016001235780482,79,0
39.094,-0.0012259734280482,79,0
39.096,-0.0008518232780482,79,0
39.098,-0.0006021881780482,79,0
39.1,-0.0006047412780482,79,0
39.102,-0.0007450044780482,79,0
39.104,-0.0008295633113815,79,0
39.106,-0.0009141221447148,79,0
39.108,-0.0009986809780482,79,0
39.11,-0.0005961623780482,79,0
39.112,-0.0006205438780482,79,0
39.114,-0.0006449253780482,79,0
39.116,-0.0004761061780482,79,0
39.118,-0.0009777963780482,79,0
39.12,-0.0014794865780482,79,0
39.122,-0.0019811767780482,79,0
39.124,-0.0012059660780482,79,0
39.126,-0.0006222257780482,79,0
39.128,-0.0006376532780482,79,0
39.13,-0.0004204219780482,79,0
39.132,-0.0007528452780482,79,0
39.134,-0.0010852685780482,79,0
39.136,-0.0014176918780482,79,0
39.138,-0.0007083172780482,79,0
39.14,-0.0005949765780482,79,0
39.142,-0.0005317480280482,79,0
39.144,-0.0004685194780482,79,0
39.146,-0.0011695692780482,79,0
39.148,-0.0013242193780482,79,0
39.15,-0.0014788694780482,79,0
39.152,-0.0016335195780482,79,0
39.154,-0.0008681582780482,79,0
39.156,-0.0005921693780482,79,0
39.158,-0.0005925686780482,79,0
39.16,-0.0007045783780482,79,0
39.162,-0.0010765081780482,79,0
39.164,-0.0014484379780482,79,0
39.166,-0.0018203677780482,79,0
39.168,-0.0006610667780482,79,0
39.17,-0.0005977152113815,79,0
39.172,-0.0005343636447148,79,0
39.174,-0.0004710120780482,79,0
39.176,-0.0009708711447148,79,0
39.178,-0.0014707302113815,79,0
39.18,-0.0019705892780482,79,0
39.182,-0.0012055425780482,79,0
39.184,-0.0006220805780482,79,0
39.186,-0.0006521006780482,79,0
39.188,-0.0004160417780482,79,0
39.19,-0.0016875460780482,79,0
39.192,-0.0015905726447148,79,0
39.194,-0.0014935992113815,79,0
39.196,-0.0013966257780482,79,0
39.198,-0.0005956420780482,79,0
39.2,-0.0005362189780482,79,0
39.202,-0.0004767958780482,79,0
39.204,-0.0011534399780482,79,0
39.206,-0.0013182984447148,79,0
39.208,-0.0014831569113815,79,0
39.21,-0.0016480153780482,79,0
39.212,-0.0005761368780482,79,0
39.214,-0.0005795309280482,79,0
39.216,-0.0005829249780482,79,0
39.218,-0.0007150085780482,79,0
39.22,-0.0010768187447148,79,0
39.222,-0.0014386289113815,79,0
39.224,-0.0018004390780482,79,0
39.226,-0.0010095346780482,79,0
39.228,-0.0005871599780482,79,0
39.23,-0.0006508543780482,79,0
39.232,-0.0004805468780482,79,0
39.234,-0.0009837778113815,79,0
39.236,-0.0014870087447148,79,0
39.238,-0.0019902396780482,79,0
39.24,-0.0012096686780482,79,0
39.242,-0.0006310950780482,79,0
39.244,-0.0006421181780482,79,0
39.246,-0.0003988960780482,79,0
39.248,-0.0016757364780482,79,0
39.25,-0.0015973889780482,79,0
39.252,-0.0015190414780482,79,0
39.254,-0.0014406939780482,79,0
39.256,-0.0007351066780482,79,0
39.258,-0.0006076452780482,79,0
39.26,-0.0004876253780482,79,0
39.262,-0.0011352899780482,79,0
39.264,-0.0010533850780482,79,0
39.266,-0.0009714801780482,79,0
39.268,-0.0008895752780482,79,0
39.27,-0.0006055156780482,79,0
39.272,-0.0006010447280482,79,0
39.274,-0.0005965737780482,79,0
39.276,-0.0006930712780482,79,0
39.278,-0.0012454241780482,79,0
39.28,-0.0017977770780482,79,0
39.282,-0.0014195250280482,79,0
39.284,-0.0010412729780482,79,0
39.286,-0.0006067740780482,79,0
39.288,-0.0006448285780482,79,0
39.29,-0.0004357768780482,79,0
39.292,-0.0007049091113815,79,0
39.294,-0.0009740413447148,79,0
39.296,-0.0012431735780482,79,0
39.298,-0.0006643700780482,79,0
39.3,-0.0006477688780482,79,0
39.302,-0.0005340772780482,79,0
39.304,-0.0004203856780482,79,0
39.306,-0.0006736840530482,79,0
39.308,-0.0009269824280482,79,0
39.31,-0.0011802808030482,79,0
39.312,-0.0014335791780482,79,0
39.314,-0.0007695674780482,79,0
39.316,-0.0005161087780482,79,0
39.318,-0.0008182397280482,79,0
39.32,-0.0011203706780482,79,0
39.322,-0.0012895004447148,79,0
39.324,-0.0014586302113815,79,0
39.326,-0.0016277599780482,79,0
39.328,-0.0008724779780482,79,0
39.33,-0.0005939117780482,79,0
39.332,-0.0006066046780482,79,0
39.334,-0.0006905907780482,79,0
39.336,-0.0008606139280482,79,0
39.338,-0.0010306370780482,79,0
39.34,-0.0006068466780482,79,0
39.342,-0.0006233026780482,79,0
39.344,-0.0006397586780482,79,0
39.346,-0.0006562146780482,79,0
39.348,-0.0004675514780482,79,0
39.35,-0.0006582535280482,79,0
39.352,-0.0008489555780482,79,0
39.354,-0.0010396576280482,79,0
39.356,-0.0012303596780482,79,0
39.358,-0.0006545206780482,79,0
39.36,-0.0006378468780482,79,0
39.362,-0.0004114679780482,79,0
39.364,-0.0006733119780482,79,0
39.366,-0.0009351559780482,79,0
39.368,-0.0011969999780482,79,0
39.37,-0.0014588439780482,79,0
39.372,-0.0006149415780482,79,0
39.374,-0.0005072031780482,79,0
39.376,-0.0010908103780482,79,0
39.378,-0.0012294733530482,79,0
39.38,-0.0013681363280482,79,0
39.382,-0.0015067993030482,79,0
39.384,-0.0016454622780482,79,0
39.386,-0.0008776325780482,79,0
39.388,-0.0006013290780482,79,0
39.39,-0.0006073790780482,79,0
39.392,-0.0006627244780482,79,0
39.394,-0.0010459072780482,79,0
39.396,-0.0014290900780482,79,0
39.398,-0.0018122728780482,79,0
39.4,-0.0010598948780482,79,0
39.402,-0.0006155465780482,79,0
39.404,-0.0006605101780482,79,0
39.406,-0.0013207164280482,79,0
39.408,-0.0019809226780482,79,0
39.41,-0.0016180497280482,79,0
39.412,-0.0012551767780482,79,0
39.414,-0.0009652184280482,79,0
39.416,-0.0006752600780482,79,0
39.418,-0.0006369877780482,79,0
39.42,-0.0004307553780482,79,0
39.422,-0.0016417354780482,79,0
39.424,-0.0015697122447148,79,0
39.426,-0.0014976890113815,79,0
39.428,-0.0014256657780482,79,0
39.43,-0.0007423061780482,79,0
39.432,-0.0005908262780482,79,0
39.434,-0.0010590236780482,79,0
39.436,-0.0010193629030482,79,0
39.438,-0.0009797021280482,79,0
39.44,-0.0009400413530482,79,0
39.442,-0.0009003805780482,79,0
39.444,-0.0007398861780482,79,0
39.446,-0.0005793917780482,79,0
39.448,-0.0005870389780482,79,0
39.45,-0.0006452036780482,79,0
39.452,-0.0010298304113815,79,0
39.454,-0.0014144571447148,79,0
39.456,-0.0017990838780482,79,0
39.458,-0.0010444915780482,79,0
39.46,-0.0005751688780482,79,0
39.462,-0.0006315185780482,79,0
39.464,-0.0004314692780482,79,0
39.466,-0.0009511884780482,79,0
39.468,-0.0014709076780482,79,0
39.47,-0.0019906268780482,79,0
39.472,-0.0012589156780482,79,0
39.474,-0.0006323292780482,79,0
39.476,-0.0007973418180482,79,0
39.478,-0.0009623543580482,79,0
39.48,-0.0011273668980482,79,0
39.482,-0.0012923794380482,79,0
39.484,-0.0014573919780482,79,0
39.486,-0.0007580966780482,79,0
39.488,-0.0005981104780482,79,0
39.49,-0.0004920781780482,79,0
39.492,-0.0010632586780482,79,0
39.494,-0.0012621665447148,79,0
39.496,-0.0014610744113815,79,0
39.498,-0.0016599822780482,79,0
39.5,-0.0008997150780482,80,0
39.502,-0.0005867122780482,80,0
39.504,-0.0006467403780482,80,0
39.506,-0.0012347580280482,80,0
39.508,-0.0018227756780482,80,0
39.51,-0.0014490913780482,80,0
39.512,-0.0010754070780482,80,0
39.514,-0.0005999133780482,80,0
39.516,-0.0006163875280482,80,0
39.518,-0.0006328616780482,80,0
39.52,-0.0004557902780482,80,0
39.522,-0.0009664385113815,80,0
39.524,-0.0014770867447148,80,0
39.526,-0.0019877349780482,80,0
39.528,-0.0006440541780482,80,0
39.53,-0.0006063384780482,80,0
39.532,-0.0007772896980482,80,0
39.534,-0.0009482409180482,80,0
39.536,-0.0011191921380482,80,0
39.538,-0.0012901433580482,80,0
39.54,-0.0014610945780482,80,0
39.542,-0.0011110718280482,80,0
39.544,-0.0007610490780482,80,0
39.546,-0.0005870994780482,80,0
39.548,-0.0005092964780482,80,0
39.55,-0.0010412366780482,80,0
39.552,-0.0012631063113815,80,0
39.554,-0.0014849759447148,80,0
39.556,-0.0017068455780482,80,0
39.558,-0.0009280290780482,80,0
39.56,-0.0005856958780482,80,0
39.562,-0.0006391294780482,80,0
39.564,-0.0012361495280482,80,0
39.566,-0.0018331695780482,80,0
39.568,-0.0015752500113815,80,0
39.57,-0.0013173304447148,80,0
39.572,-0.0010594108780482,80,0
39.574,-0.0005849819780482,80,0
39.576,-0.0006394561780482,80,0
39.578,-0.0004458198780482,80,0
39.58,-0.0004975262030482,80,0
39.582,-0.0005492325280482,80,0
39.584,-0.0006009388530482,80,0
39.586,-0.0006526451780482,80,0
39.588,-0.0006381493780482,80,0
39.59,-0.0006236535780482,80,0
39.592,-0.0015770488780482,80,0
39.594,-0.0015366227780482,80,0
39.596,-0.0014961966780482,80,0
39.598,-0.0012514782113815,80,0
39.6,-0.0010067597447148,80,0
39.602,-0.0007620412780482,80,0
39.604,-0.0005158062780482,80,0
39.606,-0.0010282170780482,80,0
39.608,-0.0011926530530482,80,0
39.61,-0.0013570890280482,80,0
39.612,-0.0015215250030482,80,0
39.614,-0.0016859609780482,80,0
39.616,-0.0008822426780482,80,0
39.618,-0.0005665657780482,80,0
39.62,-0.0005995624780482,80,0
39.622,-0.0006194669780482,80,0
39.624,-0.0012333483780482,80,0
39.626,-0.0018472297780482,80,0
39.628,-0.0010659569780482,80,0
39.63,-0.0005731844780482,80,0
39.632,-0.0006022486780482,80,0
39.634,-0.0006313128780482,80,0
39.636,-0.0004340223780482,80,0
39.638,-0.0006507969030482,80,0
39.64,-0.0008675714280482,80,0
39.642,-0.0010843459530482,80,0
39.644,-0.0013011204780482,80,0
39.646,-0.0006785633780482,80,0
39.648,-0.0004414638780482,80,0
39.65,-0.0005028641180482,80,0
39.652,-0.0005642643580482,80,0
39.654,-0.0006256645980482,80,0
39.656,-0.0006870648380482,80,0
39.658,-0.0007484650780482,80,0
39.66,-0.0005904995780482,80,0
39.662,-0.0005403692780482,80,0
39.664,-0.0007719814280482,80,0
39.666,-0.0010035935780482,80,0
39.668,-0.0013311466280482,80,0
39.67,-0.0016586996780482,80,0
39.672,-0.0012766603280482,80,0
39.674,-0.0008946209780482,80,0
39.676,-0.0005589427780482,80,0
39.678,-0.0005872809780482,80,0
39.68,-0.0005917216780482,80,0
39.682,-0.0012185198280482,80,0
39.684,-0.0018453179780482,80,0
39.686,-0.0014657530780482,80,0
39.688,-0.0010861881780482,80,0
39.69,-0.0006529960780482,80,0
39.692,-0.0004186432780482,80,0
39.694,-0.0012019125780482,80,0
39.696,-0.0019851818780482,80,0
39.698,-0.0016290728280482,80,0
39.7,-0.0012729637780482,80,0
39.702,-0.0009591563280482,80,0
39.704,-0.0006453488780482,80,0
39.706,-0.0006098232780482,80,0
39.708,-0.0004246448780482,80,0
39.71,-0.0014936072780482,80,0
39.712,-0.0014839575280482,80,0
39.714,-0.0014743077780482,80,0
39.716,-0.0011233896280482,80,0
39.718,-0.0007724714780482,80,0
39.72,-0.0005278578780482,80,0
39.722,-0.0008106500030482,80,0
39.724,-0.0010934421280482,80,0
39.726,-0.0013762342530482,80,0
39.728,-0.0016590263780482,80,0
39.73,-0.0008954921780482,80,0
39.732,-0.0007304360780482,80,0
39.734,-0.0005653799780482,80,0
39.736,-0.0005865791780482,80,0
39.738,-0.0010181781113815,80,0
39.74,-0.0014497770447148,80,0
39.742,-0.0018813759780482,80,0
39.744,-0.0014874241780482,80,0
39.746,-0.0010934723780482,80,0
39.748,-0.0006007603780482,80,0
39.75,-0.0004336714780482,80,0
39.752,-0.0006073306780482,80,0
39.754,-0.0007809898780482,80,0
39.756,-0.0009546490780482,80,0
39.758,-0.0011283082780482,80,0
39.76,-0.0013019674780482,80,0
39.762,-0.0006361165780482,80,0
39.764,-0.0005369933780482,80,0
39.766,-0.0004378701780482,80,0
39.768,-0.0014857785780482,80,0
39.77,-0.0014931434447148,80,0
39.772,-0.0015005083113815,80,0
39.774,-0.0015078731780482,80,0
39.776,-0.0007865195780482,80,0
39.778,-0.0006091819780482,80,0
39.78,-0.0005367755780482,80,0
39.782,-0.0008236181780482,80,0
39.784,-0.0011104607780482,80,0
39.786,-0.0013973033780482,80,0
39.788,-0.0016841459780482,80,0
39.79,-0.0009267343780482,80,0
39.792,-0.0005760279780482,80,0
39.794,-0.0005984855780482,80,0
39.796,-0.0010251154447148,80,0
39.798,-0.0014517453113815,80,0
39.8,-0.0018783751780482,80,0
39.802,-0.0010972354780482,80,0
39.804,-0.0005916248780482,80,0
39.806,-0.0006361770780482,80,0
39.808,-0.0004109234780482,80,0
39.81,-0.0004597784380482,80,0
39.812,-0.0005086333980482,80,0
39.814,-0.0005574883580482,80,0
39.816,-0.0006063433180482,80,0
39.818,-0.0006551982780482,80,0
39.82,-0.0006335816280482,80,0
39.822,-0.0006119649780482,80,0
39.824,-0.0004272705780482,80,0
39.826,-0.0014674833780482,80,0
39.828,-0.0015110312780482,80,0
39.83,-0.0011502697780482,80,0
39.832,-0.0007895082780482,80,0
39.834,-0.0006143123780482,80,0
39.836,-0.0005845282280482,80,0
39.838,-0.0005547440780482,80,0
39.84,-0.0008413083780482,80,0
39.842,-0.0011278726780482,80,0
39.844,-0.0014144369780482,80,0
39.846,-0.0017010012780482,80,0
39.848,-0.0009404799780482,80,0
39.85,-0.0006216086780482,80,0
39.852,-0.0008758708180482,80,0
39.854,-0.0011301329580482,80,0
39.856,-0.0013843950980482,80,0
39.858,-0.0016386572380482,80,0
39.86,-0.0018929193780482,80,0
39.862,-0.0011180232780482,80,0
39.864,-0.0006073427780482,80,0
39.866,-0.0006790231780482,80,0
39.868,-0.0004329212780482,80,0
39.87,-0.0019847583780482,80,0
39.872,-0.0013247517780482,80,0
39.874,-0.0011005710447148,80,0
39.876,-0.0008763903113815,80,0
39.878,-0.0006522095780482,80,0
39.88,-0.0005495894780482,80,0
39.882,-0.0004469693780482,80,0
39.884,-0.0008018260780482,80,0
39.886,-0.0011566827780482,80,0
39.888,-0.0015115394780482,80,0
39.89,-0.0011564710280482,80,0
39.892,-0.0008014025780482,80,0
39.894,-0.0006171800780482,80,0
39.896,-0.0005597292780482,80,0
39.898,-0.0009422707780482,80,0
39.9,-0.0013329011280482,80,0
39.902,-0.0017235314780482,80,0
39.904,-0.0006008450780482,80,0
39.906,-0.0009239211280482,80,0
39.908,-0.0012469971780482,80,0
39.91,-0.0015700732280482,80,0
39.912,-0.0018931492780482,80,0
39.914,-0.0011346728780482,80,0
39.916,-0.0004399755780482,80,0
39.918,-0.0007444551380482,80,0
39.92,-0.0010489346980482,80,0
39.922,-0.0013534142580482,80,0
39.924,-0.0016578938180482,80,0
39.926,-0.0019623733780482,80,0
39.928,-0.0018044320780482,80,0
39.93,-0.0016464907780482,80,0
39.932,-0.0014885494780482,80,0
39.934,-0.0013306081780482,80,0
39.936,-0.0006865130780482,80,0
39.938,-0.0006362496780482,80,0
39.94,-0.0014102019780482,80,0
39.942,-0.0012054780447148,80,0
39.944,-0.0010007541113815,80,0
39.946,-0.0007960301780482,80,0
39.948,-0.0006905181780482,80,0
39.95,-0.0005850061780482,80,0
39.952,-0.0005643151780482,80,0
39.954,-0.0005436241780482,80,0
39.956,-0.0009122627780482,80,0
39.958,-0.0009314231280482,80,0
39.96,-0.0009505834780482,80,0
39.962,-0.0008245660113815,80,0
39.964,-0.0006985485447148,80,0
39.966,-0.0005725310780482,80,0
39.968,-0.0006104282780482,80,0
39.97,-0.0005590879780482,80,0
39.972,-0.0007444196447148,80,0
39.974,-0.0009297513113815,80,0
39.976,-0.0011150829780482,80,0
39.978,-0.0006004094780482,80,0
39.98,-0.0004149406780482,80,0
39.982,-0.0005932148180482,80,0
39.984,-0.0007714889580482,80,0
39.986,-0.0009497630980482,80,0
39.988,-0.0011280372380482,80,0
39.99,-0.0013063113780482,80,0
39.992,-0.0004357526780482,80,0
39.994,-0.0006215199447148,80,0
39.996,-0.0008072872113815,80,0
39.998,-0.0009930544780482,80,0
40.0,-0.0011788217447148,81,0
40.002,-0.0013645890113815,81,0
40.004,-0.0015503562780482,81,0
40.006,-0.0006030230780482,81,0
40.008,-0.0005809123447148,81,0
40.01,-0.0005588016113815,81,0
40.012,-0.0005366908780482,81,0
40.014,-0.0008886556780482,81,0
40.016,-0.0013084288780482,81,0
40.018,-0.0017282020780482,81,0
40.02,-0.0005553127780482,81,0
40.022,-0.0008969290530482,81,0
40.024,-0.0012385453280482,81,0
40.026,-0.0015801616030482,81,0
40.028,-0.0019217778780482,81,0
40.03,-0.0017286376780482,81,0
40.032,-0.0015354974780482,81,0
40.034,-0.0013423572780482,81,0
40.036,-0.0011492170780482,81,0
40.038,-0.0006310103780482,81,0
40.04,-0.0006226613780482,81,0
40.042,-0.0003982305780482,81,0
40.044,-0.0019145783780482,81,0
40.046,-0.0013375414780482,81,0
40.048,-0.0010225361280482,81,0
40.05,-0.0007075307780482,81,0
40.052,-0.0005765543280482,81,0
40.054,-0.0004455778780482,81,0
40.056,-0.0007165029280482,81,0
40.058,-0.0009874279780482,81,0
40.06,-0.0012583530280482,81,0
40.062,-0.0015292780780482,81,0
40.064,-0.0008114455780482,81,0
40.066,-0.0006796644780482,81,0
40.068,-0.0005478833780482,81,0
40.07,-0.0008411571280482,81,0
40.072,-0.0011344308780482,81,0
40.074,-0.0014277046280482,81,0
40.076,-0.0017209783780482,81,0
40.078,-0.0009761386780482,81,0
40.08,-0.0008135812280482,81,0
40.082,-0.0006510237780482,81,0
40.084,-0.0005464313780482,81,0
40.086,-0.0008572803780482,81,0
40.088,-0.0011681293780482,81,0
40.09,-0.0009053597280482,81,0
40.092,-0.0006425900780482,81,0
40.094,-0.0006907843780482,81,0
40.096,-0.0019005181780482,81,0
40.098,-0.0017890699180482,81,0
40.1,-0.0016776216580482,81,0
40.102,-0.0015661733980482,81,0
40.104,-0.0014547251380482,81,0
40.106,-0.0013432768780482,81,0
40.108,-0.0007018437780482,81,0
40.11,-0.0004347362780482,81,0
40.112,-0.0008840153280482,81,0
40.114,-0.0013332943780482,81,0
40.116,-0.0014278498280482,81,0
40.118,-0.0015224052780482,81,0
40.12,-0.0010616191280482,81,0
40.122,-0.0006008329780482,81,0
40.124,-0.0008444422780482,81,0
40.126,-0.0008775841780482,81,0
40.128,-0.0009107260780482,81,0
40.13,-0.0009438679780482,81,0
40.132,-0.0008252516780482,81,0
40.134,-0.0007066353780482,81,0
40.136,-0.0005880190780482,81,0
40.138,-0.0006045053280482,81,0
40.14,-0.0006209915780482,81,0
40.142,-0.0007509788530482,81,0
40.144,-0.0008809661280482,81,0
40.146,-0.0010109534030482,81,0
40.148,-0.0011409406780482,81,0
40.15,-0.0006106702780482,81,0
40.152,-0.0005075298780482,81,0
40.154,-0.0004043894780482,81,0
40.156,-0.0018737166780482,81,0
40.158,-0.0016888488447148,81,0
40.16,-0.0015039810113815,81,0
40.162,-0.0013191131780482,81,0
40.164,-0.0006803420780482,81,0
40.166,-0.0006139251780482,81,0
40.168,-0.0005247360780482,81,0
40.17,-0.0004355469780482,81,0
40.172,-0.0013231545780482,81,0
40.174,-0.0013950769780482,81,0
40.176,-0.0014669993780482,81,0
40.178,-0.0015389217780482,81,0
40.18,-0.0008241626780482,81,0
40.182,-0.0005722043780482,81,0
40.184,-0.0008560824780482,81,0
40.186,-0.0008994085447148,81,0
40.188,-0.0009427346113815,81,0
40.19,-0.0009860606780482,81,0
40.192,-0.0008580184780482,81,0
40.194,-0.0007299762780482,81,0
40.196,-0.0006019340780482,81,0
40.198,-0.0006441146780482,81,0
40.2,-0.0005324800780482,81,0
40.202,-0.0012261730780482,81,0
40.204,-0.0019198660780482,81,0
40.206,-0.0015540346780482,81,0
40.208,-0.0011882032780482,81,0
40.21,-0.0006391778780482,81,0
40.212,-0.0006637650780482,81,0
40.214,-0.0004084550780482,81,0
40.216,-0.0018641576780482,81,0
40.218,-0.0016205120780482,81,0
40.22,-0.0013768664780482,81,0
40.222,-0.0010548491780482,81,0
40.224,-0.0007328318780482,81,0
40.226,-0.0006400853780482,81,0
40.228,-0.0004668133780482,81,0
40.23,-0.0013197423780482,81,0
40.232,-0.0014425452780482,81,0
40.234,-0.0015653481780482,81,0
40.236,-0.0008270545780482,81,0
40.238,-0.0007173559780482,81,0
40.24,-0.0006076573780482,81,0
40.242,-0.0008318824780482,81,0
40.244,-0.0010673091530482,81,0
40.246,-0.0013027358280482,81,0
40.248,-0.0015381625030482,81,0
40.25,-0.0017735891780482,81,0
40.252,-0.0005972997780482,81,0
40.254,-0.0006181057280482,81,0
40.256,-0.0006389116780482,81,0
40.258,-0.0005322259780482,81,0
40.26,-0.0010041380780482,81,0
40.262,-0.0014760501780482,81,0
40.264,-0.0019479622780482,81,0
40.266,-0.0011879249780482,81,0
40.268,-0.0006312281780482,81,0
40.27,-0.0004216561780482,81,0
40.272,-0.0011457988280482,81,0
40.274,-0.0018699414780482,81,0
40.276,-0.0017039133447148,81,0
40.278,-0.0015378852113815,81,0
40.28,-0.0013718570780482,81,0
40.282,-0.0007151537780482,81,0
40.284,-0.0004633164780482,81,0
40.286,-0.0013169472780482,81,0
40.288,-0.0014009777447148,81,0
40.29,-0.0014850082113815,81,0
40.292,-0.0015690386780482,81,0
40.294,-0.0012040542780482,81,0
40.296,-0.0008390698780482,81,0
40.298,-0.0005996350780482,81,0
40.3,-0.0008251064780482,81,0
40.302,-0.0010587272280482,81,0
40.304,-0.0012923479780482,81,0
40.306,-0.0015259687280482,81,0
40.308,-0.0017595894780482,81,0
40.31,-0.0005987154780482,81,0
40.312,-0.0006142216280482,81,0
40.314,-0.0006297277780482,81,0
40.316,-0.0005258976780482,81,0
40.318,-0.0012367303280482,81,0
40.32,-0.0019475629780482,81,0
40.322,-0.0012204255780482,81,0
40.324,-0.0006465104780482,81,0
40.326,-0.0006414405780482,81,0
40.328,-0.0006363706780482,81,0
40.33,-0.0004142630780482,81,0
40.332,-0.0018403690780482,81,0
40.334,-0.0016896635780482,81,0
40.336,-0.0015389580780482,81,0
40.338,-0.0013882525780482,81,0
40.34,-0.0007184449780482,81,0
40.342,-0.0006058060780482,81,0
40.344,-0.0012897948780482,81,0
40.346,-0.0011734443030482,81,0
40.348,-0.0010570937280482,81,0
40.35,-0.0009407431530482,81,0
40.352,-0.0008243925780482,81,0
40.354,-0.0006927203780482,81,0
40.356,-0.0005610481780482,81,0
40.358,-0.0005684775780482,81,0
40.36,-0.0008062667780482,81,0
40.362,-0.0011366572780482,81,0
40.364,-0.0014670477780482,81,0
40.366,-0.0017974382780482,81,0
40.368,-0.0010156088780482,81,0
40.37,-0.0006379799780482,81,0
40.372,-0.0005814971780482,81,0
40.374,-0.0005250143780482,81,0
40.376,-0.0010064895113815,81,0
40.378,-0.0014879646447148,81,0
40.38,-0.0019694397780482,81,0
40.382,-0.0011775189780482,81,0
40.384,-0.0006298608780482,81,0
40.386,-0.0006423238780482,81,0
40.388,-0.0004276456780482,81,0
40.39,-0.0018022540780482,81,0
40.392,-0.0016714046780482,81,0
40.394,-0.0015405552780482,81,0
40.396,-0.0014097058780482,81,0
40.398,-0.0007448350780482,81,0
40.4,-0.0009941797780482,81,0
40.402,-0.0012435244780482,81,0
40.404,-0.0013668678447148,81,0
40.406,-0.0014902112113815,81,0
40.408,-0.0016135545780482,81,0
40.41,-0.0008600996780482,81,0
40.412,-0.0005968036780482,81,0
40.414,-0.0005797668780482,81,0
40.416,-0.0008844872280482,81,0
40.418,-0.0011892075780482,81,0
40.42,-0.0014939279280482,81,0
40.422,-0.0017986482780482,81,0
40.424,-0.0006148084780482,81,0
40.426,-0.0006222560280482,81,0
40.428,-0.0006297035780482,81,0
40.43,-0.0004914368780482,81,0
40.432,-0.0009789821780482,81,0
40.434,-0.0014665274780482,81,0
40.436,-0.0019540727780482,81,0
40.438,-0.0012165051780482,81,0
40.44,-0.0006457723780482,81,0
40.442,-0.0005237257280482,81,0
40.444,-0.0004016790780482,81,0
40.446,-0.0007342798447148,81,0
40.448,-0.0010668806113815,81,0
40.45,-0.0013994813780482,81,0
40.452,-0.0007354938780482,81,0
40.454,-0.0006877291280482,81,0
40.456,-0.0006399643780482,81,0
40.458,-0.0005059084780482,81,0
40.46,-0.0012239950780482,81,0
40.462,-0.0011064193780482,81,0
40.464,-0.0009888436780482,81,0
40.466,-0.0008712679780482,81,0
40.468,-0.0007373270280482,81,0
40.47,-0.0006033860780482,81,0
40.472,-0.0006040757780482,81,0
40.474,-0.0007782915780482,81,0
40.476,-0.0017886657780482,81,0
40.478,-0.0014159313280482,81,0
40.48,-0.0010431968780482,81,0
40.482,-0.0006063626780482,81,0
40.484,-0.0006819876780482,81,0
40.486,-0.0005961986780482,81,0
40.488,-0.0005104096780482,81,0
40.49,-0.0009953131447148,81,0
40.492,-0.0014802166113815,81,0
40.494,-0.0019651200780482,81,0
40.496,-0.0012114352780482,81,0
40.498,-0.0008178162280482,81,0
40.5,-0.0004241971780482,82,0
40.502,-0.0017631952780482,82,0
40.504,-0.0015998573780482,82,0
40.506,-0.0014365194780482,82,0
40.508,-0.0010242301280482,82,0
40.51,-0.0006119407780482,82,0
40.512,-0.0005387055280482,82,0
40.514,-0.0004654702780482,82,0
40.516,-0.0007531629030482,82,0
40.518,-0.0010408555280482,82,0
40.52,-0.0013285481530482,82,0
40.522,-0.0016162407780482,82,0
40.524,-0.0008502260780482,82,0
40.526,-0.0005862645780482,82,0
40.528,-0.0005772621780482,82,0
40.53,-0.0007395957780482,82,0
40.532,-0.0008352462780482,82,0
40.534,-0.0009308967780482,82,0
40.536,-0.0010265472780482,82,0
40.538,-0.0005868695780482,82,0
40.54,-0.0006127272780482,82,0
40.542,-0.0006385849780482,82,0
40.544,-0.0004741943780482,82,0
40.546,-0.0009761064113815,82,0
40.548,-0.0014780184447148,82,0
40.55,-0.0019799304780482,82,0
40.552,-0.0012259310780482,82,0
40.554,-0.0006358987780482,82,0
40.556,-0.0009938288780482,82,0
40.558,-0.0013517589780482,82,0
40.56,-0.0017096890780482,82,0
40.562,-0.0016160713780482,82,0
40.564,-0.0015224536780482,82,0
40.566,-0.0014288359780482,82,0
40.568,-0.0007387003780482,82,0
40.57,-0.0006073548780482,82,0
40.572,-0.0004910133780482,82,0
40.574,-0.0011702710780482,82,0
40.576,-0.0014026757780482,82,0
40.578,-0.0016350804780482,82,0
40.58,-0.0008732523780482,82,0
40.582,-0.0007269452280482,82,0
40.584,-0.0005806380780482,82,0
40.586,-0.0005930284780482,82,0
40.588,-0.0007242650780482,82,0
40.59,-0.0010814449780482,82,0
40.592,-0.0014386248780482,82,0
40.594,-0.0017958047780482,82,0
40.596,-0.0010494162780482,82,0
40.598,-0.0005950612780482,82,0
40.6,-0.0004595533780482,82,0
40.602,-0.0006499831780482,82,0
40.604,-0.0008404129780482,82,0
40.606,-0.0010308427780482,82,0
40.608,-0.0012212725780482,82,0
40.61,-0.0006410533780482,82,0
40.612,-0.0006664270780482,82,0
40.614,-0.0004552457780482,82,0
40.616,-0.0017104513780482,82,0
40.618,-0.0016465361530482,82,0
40.62,-0.0015826209280482,82,0
40.622,-0.0015187057030482,82,0
40.624,-0.0014547904780482,82,0
40.626,-0.0007379501780482,82,0
40.628,-0.0006127030780482,82,0
40.63,-0.0005056422780482,82,0
40.632,-0.0007881712280482,82,0
40.634,-0.0010707001780482,82,0
40.636,-0.0013532291280482,82,0
40.638,-0.0016357580780482,82,0
40.64,-0.0008707113780482,82,0
40.642,-0.0008967243613815,82,0
40.644,-0.0009227373447148,82,0
40.646,-0.0009487503280482,82,0
40.648,-0.0009747633113815,82,0
40.65,-0.0010007762947148,82,0
40.652,-0.0010267892780482,82,0
40.654,-0.0005982556780482,82,0
40.656,-0.0006298124780482,82,0
40.658,-0.0006613692780482,82,0
40.66,-0.0004687856780482,82,0
40.662,-0.0006604073280482,82,0
40.664,-0.0008520289780482,82,0
40.666,-0.0010436506280482,82,0
40.668,-0.0012352722780482,82,0
40.67,-0.0006551256780482,82,0
40.672,-0.0006595542780482,82,0
40.674,-0.0016852591780482,82,0
40.676,-0.0016293632280482,82,0
40.678,-0.0015734672780482,82,0
40.68,-0.0015175713280482,82,0
40.682,-0.0014616753780482,82,0
40.684,-0.0006049590780482,82,0
40.686,-0.0005529956280482,82,0
40.688,-0.0005010321780482,82,0
40.69,-0.0011173456780482,82,0
40.692,-0.0012869876780482,82,0
40.694,-0.0014566296780482,82,0
40.696,-0.0016262716780482,82,0
40.698,-0.0008748616780482,82,0
40.7,-0.0005781575780482,82,0
40.702,-0.0005984855780482,82,0
40.704,-0.0006838147780482,82,0
40.706,-0.0010631820447148,82,0
40.708,-0.0014425493113815,82,0
40.71,-0.0018219165780482,82,0
40.712,-0.0010462944780482,82,0
40.714,-0.0005978805780482,82,0
40.716,-0.0004553788780482,82,0
40.718,-0.0008347622780482,82,0
40.72,-0.0012141456780482,82,0
40.722,-0.0015935290780482,82,0
40.724,-0.0019729124780482,82,0
40.726,-0.0012185742780482,82,0
40.728,-0.0006321719780482,82,0
40.73,-0.0006223830780482,82,0
40.732,-0.0016452323780482,82,0
40.734,-0.0015908388447148,82,0
40.736,-0.0015364453113815,82,0
40.738,-0.0014820517780482,82,0
40.74,-0.0007778922780482,82,0
40.742,-0.0006290622780482,82,0
40.744,-0.0005324679780482,82,0
40.746,-0.0011205400780482,82,0
40.748,-0.0012983173113815,82,0
40.75,-0.0014760945447148,82,0
40.752,-0.0016538717780482,82,0
40.754,-0.0009020866780482,82,0
40.756,-0.0006061085780482,82,0
40.758,-0.0006368788780482,82,0
40.76,-0.0006939908780482,82,0
40.762,-0.0010795452780482,82,0
40.764,-0.0014650996780482,82,0
40.766,-0.0018506540780482,82,0
40.768,-0.0010406195780482,82,0
40.77,-0.0006011838780482,82,0
40.772,-0.0004369142780482,82,0
40.774,-0.0004847141180482,82,0
40.776,-0.0005325139580482,82,0
40.778,-0.0005803137980482,82,0
40.78,-0.0006281136380482,82,0
40.782,-0.0006759134780482,82,0
40.784,-0.0006751269780482,82,0
40.786,-0.0006743404780482,82,0
40.788,-0.0016329145780482,82,0
40.79,-0.0015884954780482,82,0
40.792,-0.0015440763780482,82,0
40.794,-0.0014996572780482,82,0
40.796,-0.0007916741780482,82,0
40.798,-0.0007103016780482,82,0
40.8,-0.0006289291780482,82,0
40.802,-0.0005057148780482,82,0
40.804,-0.0010828727780482,82,0
40.806,-0.0012703138780482,82,0
40.808,-0.0014577549780482,82,0
40.81,-0.0016451960780482,82,0
40.812,-0.0006045960780482,82,0
40.814,-0.0006281184780482,82,0
40.816,-0.0006900220780482,82,0
40.818,-0.0010788959113815,82,0
40.82,-0.0014677697447148,82,0
40.822,-0.0018566435780482,82,0
40.824,-0.0006257105780482,82,0
40.826,-0.0006472606780482,82,0
40.828,-0.0006688107780482,82,0
40.83,-0.0006903608780482,82,0
40.832,-0.0004718348780482,82,0
40.834,-0.0006680333530482,82,0
40.836,-0.0008642318280482,82,0
40.838,-0.0010604303030482,82,0
40.84,-0.0012566287780482,82,0
40.842,-0.0006672377780482,82,0
40.844,-0.0006801968780482,82,0
40.846,-0.0004487722780482,82,0
40.848,-0.0009633731780482,82,0
40.85,-0.0014779740780482,82,0
40.852,-0.0011291310780482,82,0
40.854,-0.0007802880780482,82,0
40.856,-0.0007087831280482,82,0
40.858,-0.0006372781780482,82,0
40.86,-0.0005303867780482,82,0
40.862,-0.0010740276780482,82,0
40.864,-0.0012722135780482,82,0
40.866,-0.0014703994780482,82,0
40.868,-0.0016685853780482,82,0
40.87,-0.0009097822780482,82,0
40.872,-0.0006070160780482,82,0
40.874,-0.0006293647780482,82,0
40.876,-0.0006572189780482,82,0
40.878,-0.0007923033780482,82,0
40.88,-0.0009273877780482,82,0
40.882,-0.0010624721780482,82,0
40.884,-0.0005889628780482,82,0
40.886,-0.0006575456780482,82,0
40.888,-0.0005472420780482,82,0
40.89,-0.0004369384780482,82,0
40.892,-0.0006439604030482,82,0
40.894,-0.0008509823280482,82,0
40.896,-0.0010580042530482,82,0
40.898,-0.0012650261780482,82,0
40.9,-0.0006545085780482,82,0
40.902,-0.0006462200780482,82,0
40.904,-0.0004354259780482,82,0
40.906,-0.0015819372780482,82,0
40.908,-0.0015497996780482,82,0
40.91,-0.0015176620780482,82,0
40.912,-0.0014855244780482,82,0
40.914,-0.0007636263780482,82,0
40.916,-0.0009041860280482,82,0
40.918,-0.0010447456780482,82,0
40.92,-0.0013489275780482,82,0
40.922,-0.0016531094780482,82,0
40.924,-0.0008791208780482,82,0
40.926,-0.0005782301780482,82,0
40.928,-0.0005866699280482,82,0
40.93,-0.0005951096780482,82,0
40.932,-0.0006451189780482,82,0
40.934,-0.0007910490113815,82,0
40.936,-0.0009369790447148,82,0
40.938,-0.0010829090780482,82,0
40.94,-0.0006736749780482,82,0
40.942,-0.0004575326780482,82,0
40.944,-0.0006222015780482,82,0
40.946,-0.0007868704780482,82,0
40.948,-0.0009515393780482,82,0
40.95,-0.0011162082780482,82,0
40.952,-0.0012808771780482,82,0
40.954,-0.0009791273780482,82,0
40.956,-0.0006773775780482,82,0
40.958,-0.0006439936780482,82,0
40.96,-0.0004373014780482,82,0
40.962,-0.0015474038780482,82,0
40.964,-0.0015310971113815,82,0
40.966,-0.0015147903447148,82,0
40.968,-0.0014984835780482,82,0
40.97,-0.0006099684780482,82,0
40.972,-0.0005702744280482,82,0
40.974,-0.0005305803780482,82,0
40.976,-0.0008097243530482,82,0
40.978,-0.0010888683280482,82,0
40.98,-0.0013680123030482,82,0
40.982,-0.0016471562780482,82,0
40.984,-0.0009000780780482,82,0
40.986,-0.0005809284780482,82,0
40.988,-0.0006142155780482,82,0
40.99,-0.0006081655780482,82,0
40.992,-0.0010253453447148,82,0
40.994,-0.0014425251113815,82,0
40.996,-0.0018597048780482,82,0
40.998,-0.0010798356780482,82,0
41.0,-0.0005984734780482,83,0
41.002,-0.0004114679780482,83,0
41.004,-0.0004577311180482,83,0
41.006,-0.0005039942580482,83,0
41.008,-0.0005502573980482,83,0
41.01,-0.0005965205380482,83,0
41.012,-0.0006427836780482,83,0
41.014,-0.0006297943280482,83,0
41.016,-0.0006168049780482,83,0
41.018,-0.0009015139447148,83,0
41.02,-0.0011862229113815,83,0
41.022,-0.0014709318780482,83,0
41.024,-0.0007382889780482,83,0
41.026,-0.0006802493113815,83,0
41.028,-0.0006222096447148,83,0
41.03,-0.0005641699780482,83,0
41.032,-0.0004968213780482,83,0
41.034,-0.0008853523780482,83,0
41.036,-0.0012738833780482,83,0
41.038,-0.0016624143780482,83,0
41.04,-0.0009098548780482,83,0
41.042,-0.0007495359280482,83,0
41.044,-0.0005892169780482,83,0
41.046,-0.0006062779780482,83,0
41.048,-0.0007239777030482,83,0
41.05,-0.0008416774280482,83,0
41.052,-0.0009593771530482,83,0
41.054,-0.0010770768780482,83,0
41.056,-0.0008456946280482,83,0
41.058,-0.0006143123780482,83,0
41.06,-0.0006568438780482,83,0
41.062,-0.0004333326780482,83,0
41.064,-0.0006447862280482,83,0
41.066,-0.0008562397780482,83,0
41.068,-0.0010676933280482,83,0
41.07,-0.0012791468780482,83,0
41.072,-0.0006008934780482,83,0
41.074,-0.0010358884780482,83,0
41.076,-0.0014708834780482,83,0
41.078,-0.0014706142530482,83,0
41.08,-0.0014703450280482,83,0
41.082,-0.0014700758030482,83,0
41.084,-0.0014698065780482,83,0
41.086,-0.0007716728780482,83,0
41.088,-0.0005850545780482,83,0
41.09,-0.0009612435780482,83,0
41.092,-0.0011949994447148,83,0
41.094,-0.0014287553113815,83,0
41.096,-0.0016625111780482,83,0
41.098,-0.0009188693780482,83,0
41.1,-0.0005890959780482,83,0
41.102,-0.0006091698780482,83,0
41.104,-0.0006292437780482,83,0
41.106,-0.0005614474780482,83,0
41.108,-0.0009907151447148,83,0
41.11,-0.0014199828113815,83,0
41.112,-0.0018492504780482,83,0
41.114,-0.0005857321780482,83,0
41.116,-0.0006135803280482,83,0
41.118,-0.0006414284780482,83,0
41.12,-0.0019842622780482,83,0
41.122,-0.0018155671030482,83,0
41.124,-0.0016468719280482,83,0
41.126,-0.0014781767530482,83,0
41.128,-0.0013094815780482,83,0
41.13,-0.0006887273780482,83,0
41.132,-0.0006480955780482,83,0
41.134,-0.0014816645780482,83,0
41.136,-0.0013136439780482,83,0
41.138,-0.0011456233780482,83,0
41.14,-0.0009776027780482,83,0
41.142,-0.0008095821780482,83,0
41.144,-0.0007076154780482,83,0
41.146,-0.0006056487780482,83,0
41.148,-0.0009535600780482,83,0
41.15,-0.0011439475280482,83,0
41.152,-0.0013343349780482,83,0
41.154,-0.0015247224280482,83,0
41.156,-0.0017151098780482,83,0
41.158,-0.0009455982780482,83,0
41.16,-0.0005983040780482,83,0
41.162,-0.0006027568780482,83,0
41.164,-0.0009227504530482,83,0
41.166,-0.0012427440280482,83,0
41.168,-0.0015627376030482,83,0
41.17,-0.0018827311780482,83,0
41.172,-0.0011315510780482,83,0
41.174,-0.0006628091780482,83,0
41.176,-0.0005519368780482,83,0
41.178,-0.0004410645780482,83,0
41.18,-0.0019943657780482,83,0
41.182,-0.0016570903780482,83,0
41.184,-0.0013198149780482,83,0
41.186,-0.0010091898280482,83,0
41.188,-0.0006985646780482,83,0
41.19,-0.0006313007780482,83,0
41.192,-0.0004304649780482,83,0
41.194,-0.0014538950780482,83,0
41.196,-0.0014852522280482,83,0
41.198,-0.0015166093780482,83,0
41.2,-0.0008065087780482,83,0
41.202,-0.0005977958780482,83,0
41.204,-0.0005256556780482,83,0
41.206,-0.0009411454780482,83,0
41.208,-0.0011357104530482,83,0
41.21,-0.0013302754280482,83,0
41.212,-0.0015248404030482,83,0
41.214,-0.0017194053780482,83,0
41.216,-0.0005945772780482,83,0
41.218,-0.0006137073780482,83,0
41.22,-0.0006328374780482,83,0
41.222,-0.0005897130780482,83,0
41.224,-0.0008559372780482,83,0
41.226,-0.0011221614780482,83,0
41.228,-0.0008685212780482,83,0
41.23,-0.0006148810780482,83,0
41.232,-0.0006439694780482,83,0
41.234,-0.0008743736447148,83,0
41.236,-0.0011047778113815,83,0
41.238,-0.0013351819780482,83,0
41.24,-0.0011207457780482,83,0
41.242,-0.0009063095780482,83,0
41.244,-0.0006918733780482,83,0
41.246,-0.0006113236780482,83,0
41.248,-0.0014157558780482,83,0
41.25,-0.0014618205780482,83,0
41.252,-0.0015078852780482,83,0
41.254,-0.0015539499780482,83,0
41.256,-0.0008097031780482,83,0
41.258,-0.0006964895280482,83,0
41.26,-0.0005832758780482,83,0
41.262,-0.0005571277780482,83,0
41.264,-0.0009273272780482,83,0
41.266,-0.0011953463113815,83,0
41.268,-0.0014633653447148,83,0
41.27,-0.0017313843780482,83,0
41.272,-0.0005825619780482,83,0
41.274,-0.0006243432780482,83,0
41.276,-0.0005496257780482,83,0
41.278,-0.0008826419780482,83,0
41.28,-0.0012156581780482,83,0
41.282,-0.0015486743780482,83,0
41.284,-0.0018816905780482,83,0
41.286,-0.0011215564780482,83,0
41.288,-0.0005961502780482,83,0
41.29,-0.0006217054780482,83,0
41.292,-0.0004155819780482,83,0
41.294,-0.0019523303780482,83,0
41.296,-0.0016539806780482,83,0
41.298,-0.0013556309780482,83,0
41.3,-0.0006906996780482,83,0
41.302,-0.0006512476280482,83,0
41.304,-0.0006117955780482,83,0
41.306,-0.0004705401780482,83,0
41.308,-0.0014051199780482,83,0
41.31,-0.0014524551780482,83,0
41.312,-0.0014997903780482,83,0
41.314,-0.0015471255780482,83,0
41.316,-0.0008220209780482,83,0
41.318,-0.0005749389780482,83,0
41.32,-0.0007468073780482,83,0
41.322,-0.0009186757780482,83,0
41.324,-0.0013314612280482,83,0
41.326,-0.0017442466780482,83,0
41.328,-0.0009783408780482,83,0
41.33,-0.0008106167280482,83,0
41.332,-0.0006428925780482,83,0
41.334,-0.0010734791447148,83,0
41.336,-0.0015040657113815,83,0
41.338,-0.0019346522780482,83,0
41.34,-0.0011678752780482,83,0
41.342,-0.0006352695780482,83,0
41.344,-0.0006600503780482,83,0
41.346,-0.0004278029780482,83,0
41.348,-0.0011709305280482,83,0
41.35,-0.0019140580780482,83,0
41.352,-0.0016199131280482,83,0
41.354,-0.0013257681780482,83,0
41.356,-0.0010081250280482,83,0
41.358,-0.0006904818780482,83,0
41.36,-0.0006249724780482,83,0
41.362,-0.0013468705780482,83,0
41.364,-0.0014083789113815,83,0
41.366,-0.0014698872447148,83,0
41.368,-0.0015313955780482,83,0
41.37,-0.0007977483780482,83,0
41.372,-0.0005851997780482,83,0
41.374,-0.0005593299780482,83,0
41.376,-0.0006434152980482,83,0
41.378,-0.0007275006180482,83,0
41.38,-0.0008115859380482,83,0
41.382,-0.0008956712580482,83,0
41.384,-0.0009797565780482,83,0
41.386,-0.0007861505280482,83,0
41.388,-0.0005925444780482,83,0
41.39,-0.0006483617780482,83,0
41.392,-0.0005355655780482,83,0
41.394,-0.0012237651780482,83,0
41.396,-0.0019119647780482,83,0
41.398,-0.0015303791780482,83,0
41.4,-0.0011487935780482,83,0
41.402,-0.0006485432780482,83,0
41.404,-0.0004321105780482,83,0
41.406,-0.0018895434780482,83,0
41.408,-0.0015943095280482,83,0
41.41,-0.0012990755780482,83,0
41.412,-0.0010038416280482,83,0
41.414,-0.0007086076780482,83,0
41.416,-0.0006815581280482,83,0
41.418,-0.0006545085780482,83,0
41.42,-0.0004979224780482,83,0
41.422,-0.0007626946780482,83,0
41.424,-0.0010274668780482,83,0
41.426,-0.0012922390780482,83,0
41.428,-0.0015570112780482,83,0
41.43,-0.0008184635780482,83,0
41.432,-0.0005673280780482,83,0
41.434,-0.0008406428780482,83,0
41.436,-0.0010718859780482,83,0
41.438,-0.0013031290780482,83,0
41.44,-0.0015343721780482,83,0
41.442,-0.0017656152780482,83,0
41.444,-0.0006049711780482,83,0
41.446,-0.0006420213780482,83,0
41.448,-0.0005838808780482,83,0
41.45,-0.0005257403780482,83,0
41.452,-0.0009956922780482,83,0
41.454,-0.0014656441780482,83,0
41.456,-0.0019355960780482,83,0
41.458,-0.0006245489780482,83,0
41.46,-0.0006715816780482,83,0
41.462,-0.0004468604780482,83,0
41.464,-0.0018742490780482,83,0
41.466,-0.0016324789780482,83,0
41.468,-0.0013907088780482,83,0
41.47,-0.0011660360780482,83,0
41.472,-0.0009413632780482,83,0
41.474,-0.0007166904780482,83,0
41.476,-0.0006326317780482,83,0
41.478,-0.0013212185780482,83,0
41.48,-0.0011920662030482,83,0
41.482,-0.0010629138280482,83,0
41.484,-0.0009337614530482,83,0
41.486,-0.0008046090780482,83,0
41.488,-0.0006911715780482,83,0
41.49,-0.0005777340780482,83,0
41.492,-0.0005686953780482,83,0
41.494,-0.0008142648780482,83,0
41.496,-0.0008804639780482,83,0
41.498,-0.0009466630780482,83,0
41.5,-0.0010128621780482,84,0
41.502,-0.0008010335280482,84,0
41.504,-0.0005892048780482,84,0
41.506,-0.0006352695780482,84,0
41.508,-0.0005320807780482,84,0
41.51,-0.0009975153447148,84,0
41.512,-0.0014629499113815,84,0
41.514,-0.0019283844780482,84,0
41.516,-0.0005970940780482,84,0
41.518,-0.0006279127780482,84,0
41.52,-0.0003969116780482,84,0
41.522,-0.0005918402580482,84,0
41.524,-0.0007867688380482,84,0
41.526,-0.0009816974180482,84,0
41.528,-0.0011766259980482,84,0
41.53,-0.0013715545780482,84,0
41.532,-0.0006023091780482,84,0
41.534,-0.0005280393780482,84,0
41.536,-0.0004537695780482,84,0
41.538,-0.0012966434780482,84,0
41.54,-0.0013895069447148,84,0
41.542,-0.0014823704113815,84,0
41.544,-0.0015752338780482,84,0
41.546,-0.0008230736780482,84,0
41.548,-0.0005819448780482,84,0
41.55,-0.0005390382780482,84,0
41.552,-0.0007757505780482,84,0
41.554,-0.0011159541780482,84,0
41.556,-0.0014561577780482,84,0
41.558,-0.0017963613780482,84,0
41.56,-0.0009857702780482,84,0
41.562,-0.0005893379780482,84,0
41.564,-0.0006383429780482,84,0
41.566,-0.0005009232780482,84,0
41.568,-0.0012321323280482,84,0
41.57,-0.0019633413780482,84,0
41.572,-0.0015640595280482,84,0
41.574,-0.0011647776780482,84,0
41.576,-0.0006249603780482,84,0
41.578,-0.0018186253780482,84,0
41.58,-0.0016706383447148,84,0
41.582,-0.0015226513113815,84,0
41.584,-0.0013746642780482,84,0
41.586,-0.0007185175780482,84,0
41.588,-0.0006250813780482,84,0
41.59,-0.0004826643780482,84,0
41.592,-0.0012757104780482,84,0
41.594,-0.0013385506180482,84,0
41.596,-0.0014013907580482,84,0
41.598,-0.0014642308980482,84,0
41.6,-0.0015270710380482,84,0
41.602,-0.0015899111780482,84,0
41.604,-0.0005851513780482,84,0
41.606,-0.0008002651780482,84,0
41.608,-0.0010402686780482,84,0
41.61,-0.0012802721780482,84,0
41.612,-0.0015202756780482,84,0
41.614,-0.0017602791780482,84,0
41.616,-0.0009878151780482,84,0
41.618,-0.0007926240280482,84,0
41.62,-0.0005974328780482,84,0
41.622,-0.0006539640780482,84,0
41.624,-0.0005058237780482,84,0
41.626,-0.0009848305113815,84,0
41.628,-0.0014638372447148,84,0
41.63,-0.0019428439780482,84,0
41.632,-0.0011766598780482,84,0
41.634,-0.0006405693780482,84,0
41.636,-0.0012252050780482,84,0
41.638,-0.0018098407780482,84,0
41.64,-0.0016697792447148,84,0
41.642,-0.0015297177113815,84,0
41.644,-0.0013896561780482,84,0
41.646,-0.0007105194780482,84,0
41.648,-0.0004876011780482,84,0
41.65,-0.0012569554780482,84,0
41.652,-0.0014170626780482,84,0
41.654,-0.0015771698780482,84,0
41.656,-0.0008405823780482,84,0
41.658,-0.0007186204280482,84,0
41.66,-0.0005966584780482,84,0
41.662,-0.0005716477780482,84,0
41.664,-0.0006752298280482,84,0
41.666,-0.0007788118780482,84,0
41.668,-0.0008823939280482,84,0
41.67,-0.0009859759780482,84,0
41.672,-0.0008549733113815,84,0
41.674,-0.0007239706447148,84,0
41.676,-0.0005929679780482,84,0
41.678,-0.0006435943780482,84,0
41.68,-0.0005655735780482,84,0
41.682,-0.0004875527780482,84,0
41.684,-0.0009725974113815,84,0
41.686,-0.0014576420447148,84,0
41.688,-0.0019426866780482,84,0
41.69,-0.0011910830780482,84,0
41.692,-0.0006531775780482,84,0
41.694,-0.0006515440780482,84,0
41.696,-0.0004140815780482,84,0
41.698,-0.0006610214030482,84,0
41.7,-0.0009079612280482,84,0
41.702,-0.0011549010530482,84,0
41.704,-0.0014018408780482,84,0
41.706,-0.0007317186780482,84,0
41.708,-0.0006046081780482,84,0
41.71,-0.0004714960780482,84,0
41.712,-0.0005012076280482,84,0
41.714,-0.0005309191780482,84,0
41.716,-0.0005606307280482,84,0
41.718,-0.0005903422780482,84,0
41.72,-0.0005880795780482,84,0
41.722,-0.0006521531113815,84,0
41.724,-0.0007162266447148,84,0
41.726,-0.0007803001780482,84,0
41.728,-0.0007041548780482,84,0
41.73,-0.0006280095780482,84,0
41.732,-0.0005061141780482,84,0
41.734,-0.0007135012637625,84,0
41.736,-0.0009208883494767,84,0
41.738,-0.001128275435191,84,0
41.74,-0.0013356625209053,84,0
41.742,-0.0015430496066196,84,0
41.744,-0.0017504366923339,84,0
41.746,-0.0019578237780482,84,0
41.748,-0.0012010534780482,84,0
41.75,-0.0006615023780482,84,0
41.752,-0.0006681210780482,84,0
41.754,-0.0004224063780482,84,0
41.756,-0.0006689469030482,84,0
41.758,-0.0009154874280482,84,0
41.76,-0.0011620279530482,84,0
41.762,-0.0014085684780482,84,0
41.764,-0.0007540310780482,84,0
41.766,-0.0006571705780482,84,0
41.768,-0.0004998100780482,84,0
41.77,-0.0012180539780482,84,0
41.772,-0.0013413207113815,84,0
41.774,-0.0014645874447148,84,0
41.776,-0.0015878541780482,84,0
41.778,-0.0006030230780482,84,0
41.78,-0.0005952911780482,84,0
41.782,-0.0007425239780482,84,0
41.784,-0.0010007591530482,84,0
41.786,-0.0012589943280482,84,0
41.788,-0.0015172295030482,84,0
41.79,-0.0017754646780482,84,0
41.792,-0.0010252162780482,84,0
41.794,-0.0006066409780482,84,0
41.796,-0.0004661357780482,84,0
41.798,-0.0009577910447148,84,0
41.8,-0.0014494463113815,84,0
41.802,-0.0019411015780482,84,0
41.804,-0.0012079141780482,84,0
41.806,-0.0006458328780482,84,0
41.808,-0.0005274101780482,84,0
41.81,-0.0004089874780482,84,0
41.812,-0.0010746992280482,84,0
41.814,-0.0017404109780482,84,0
41.816,-0.0015817497280482,84,0
41.818,-0.0014230884780482,84,0
41.82,-0.0009540077780482,84,0
41.822,-0.0004849270780482,84,0
41.824,-0.0007119617980482,84,0
41.826,-0.0009389965180482,84,0
41.828,-0.0011660312380482,84,0
41.83,-0.0013930659580482,84,0
41.832,-0.0016201006780482,84,0
41.834,-0.0012542450780482,84,0
41.836,-0.0008883894780482,84,0
41.838,-0.0005769717780482,84,0
41.84,-0.0008228147380482,84,0
41.842,-0.0010686576980482,84,0
41.844,-0.0013145006580482,84,0
41.846,-0.0015603436180482,84,0
41.848,-0.0018061865780482,84,0
41.85,-0.0010403170780482,84,0
41.852,-0.0005944562780482,84,0
41.854,-0.0006461837780482,84,0
41.856,-0.0004915699780482,84,0
41.858,-0.0009745253447148,84,0
41.86,-0.0014574807113815,84,0
41.862,-0.0019404360780482,84,0
41.864,-0.0012118466780482,84,0
41.866,-0.0006364553780482,84,0
41.868,-0.0006408234780482,84,0
41.87,-0.0004269317780482,84,0
41.872,-0.0017411248780482,84,0
41.874,-0.0016362178780482,84,0
41.876,-0.0015313108780482,84,0
41.878,-0.0014264038780482,84,0
41.88,-0.0007213610780482,84,0
41.882,-0.0006072217780482,84,0
41.884,-0.0004876979780482,84,0
41.886,-0.0011747117780482,84,0
41.888,-0.0013196133113815,84,0
41.89,-0.0014645148447148,84,0
41.892,-0.0016094163780482,84,0
41.894,-0.0008396990780482,84,0
41.896,-0.0005779639780482,84,0
41.898,-0.0007276288780482,84,0
41.9,-0.0008047179780482,84,0
41.902,-0.0008818070780482,84,0
41.904,-0.0009588961780482,84,0
41.906,-0.0010359852780482,84,0
41.908,-0.0008143677280482,84,0
41.91,-0.0005927501780482,84,0
41.912,-0.0006158006780482,84,0
41.914,-0.0004720405780482,84,0
41.916,-0.0009777076447148,84,0
41.918,-0.0014833747113815,84,0
41.92,-0.0019890417780482,84,0
41.922,-0.0006471759780482,84,0
41.924,-0.0005377133280482,84,0
41.926,-0.0004282506780482,84,0
41.928,-0.0010678264280482,84,0
41.93,-0.0017074021780482,84,0
41.932,-0.0015779624280482,84,0
41.934,-0.0014485226780482,84,0
41.936,-0.0010338012280482,84,0
41.938,-0.0006190797780482,84,0
41.94,-0.0005666565280482,84,0
41.942,-0.0005142332780482,84,0
41.944,-0.0006041665280482,84,0
41.946,-0.0006940997780482,84,0
41.948,-0.0007840330280482,84,0
41.95,-0.0008739662780482,84,0
41.952,-0.0007217240780482,84,0
41.954,-0.0005694818780482,84,0
41.956,-0.0006798822780482,84,0
41.958,-0.0009603028030482,84,0
41.96,-0.0012407233280482,84,0
41.962,-0.0015211438530482,84,0
41.964,-0.0018015643780482,84,0
41.966,-0.0010160928780482,84,0
41.968,-0.0005644966780482,84,0
41.97,-0.0006323292780482,84,0
41.972,-0.0004416574780482,84,0
41.974,-0.0008129580780482,84,0
41.976,-0.0011842586780482,84,0
41.978,-0.0009878393780482,84,0
41.98,-0.0007914200780482,84,0
41.982,-0.0005950007780482,84,0
41.984,-0.0005798273780482,84,0
41.986,-0.0003765715780482,84,0
41.988,-0.0015966750780482,84,0
41.99,-0.0015180815447148,84,0
41.992,-0.0014394880113815,84,0
41.994,-0.0013608944780482,84,0
41.996,-0.0006826047780482,84,0
41.998,-0.0005398731780482,84,0
42.0,-0.0004459892780482,85,0
42.002,-0.0008233439113815,85,0
42.004,-0.0012006985447148,85,0
42.006,-0.0015780531780482,85,0
42.008,-0.0011830486780482,85,0
42.01,-0.0007880441780482,85,0
42.012,-0.0004976925780482,85,0
42.014,-0.0005377677780482,85,0
42.016,-0.0006166234780482,85,0
42.018,-0.0009884685780482,85,0
42.02,-0.0013603136780482,85,0
42.022,-0.0017321587780482,85,0
42.024,-0.0009243627780482,85,0
42.026,-0.0004975594780482,85,0
42.028,-0.0005722648780482,85,0
42.03,-0.0010116925113815,85,0
42.032,-0.0014511201447148,85,0
42.034,-0.0018905477780482,85,0
42.036,-0.0015101056280482,85,0
42.038,-0.0011296634780482,85,0
42.04,-0.0005532315780482,85,0
42.042,-0.0005585434780482,85,0
42.044,-0.0003436474780482,85,0
42.046,-0.0015172143780482,85,0
42.048,-0.0012307428447148,85,0
42.05,-0.0009442713113815,85,0
42.052,-0.0006577997780482,85,0
42.054,-0.0005953335280482,85,0
42.056,-0.0005328672780482,85,0
42.058,-0.0004226120780482,85,0
42.06,-0.0009807366780482,85,0
42.062,-0.0011581186447148,85,0
42.064,-0.0013355006113815,85,0
42.066,-0.0015128825780482,85,0
42.068,-0.0007823813780482,85,0
42.07,-0.0004929977780482,85,0
42.072,-0.0007441381180482,85,0
42.074,-0.0009952784580482,85,0
42.076,-0.0012464187980482,85,0
42.078,-0.0014975591380482,85,0
42.08,-0.0017486994780482,85,0
42.082,-0.0009657810780482,85,0
42.084,-0.0005222555780482,85,0
42.086,-0.0005992599780482,85,0
42.088,-0.0003814357780482,85,0
42.09,-0.0009101735113815,85,0
42.092,-0.0014389112447148,85,0
42.094,-0.0019676489780482,85,0
42.096,-0.0012127662780482,85,0
42.098,-0.0006178455780482,85,0
42.1,-0.0005262304280482,85,0
42.102,-0.0004346152780482,85,0
42.104,-0.0016878727780482,85,0
42.106,-0.0016370366447148,85,0
42.108,-0.0015862005113815,85,0
42.11,-0.0015353643780482,85,0
42.112,-0.0008371096780482,85,0
42.114,-0.0007507761780482,85,0
42.116,-0.0006969311780482,85,0
42.118,-0.0012745488780482,85,0
42.12,-0.0015038519447148,85,0
42.122,-0.0017331550113815,85,0
42.124,-0.0019624580780482,85,0
42.126,-0.0012465252780482,85,0
42.128,-0.0009849353780482,85,0
42.13,-0.0010481578780482,85,0
42.132,-0.0010796178780482,85,0
42.134,-0.0012031830780482,85,0
42.136,-0.0013267482780482,85,0
42.138,-0.0014503134780482,85,0
42.14,-0.0015738786780482,85,0
42.142,-0.0011106906780482,85,0
42.144,-0.0011188702780482,85,0
42.146,-0.0008819764780482,85,0
42.148,-0.0010756158030482,85,0
42.15,-0.0012692551280482,85,0
42.152,-0.0014628944530482,85,0
42.154,-0.0016565337780482,85,0
42.156,-0.0010203399780482,85,0
42.158,-0.0009630706780482,85,0
42.16,-0.0007213610780482,85,0
42.162,-0.0018784235780482,85,0
42.164,-0.0017762632780482,85,0
42.166,-0.0016741029780482,85,0
42.168,-0.0013094029280482,85,0
42.17,-0.0009447028780482,85,0
42.172,-0.0007818852780482,85,0
42.174,-0.0006569890780482,85,0
42.176,-0.0011910588780482,85,0
42.178,-0.0014707927280482,85,0
42.18,-0.0017505265780482,85,0
42.182,-0.0013639557780482,85,0
42.184,-0.0009773849780482,85,0
42.186,-0.0006294252780482,85,0
42.188,-0.0006372418780482,85,0
42.19,-0.0006776195780482,85,0
42.192,-0.0010534818780482,85,0
42.194,-0.0014293441780482,85,0
42.196,-0.0018052064780482,85,0
42.198,-0.0010499970780482,85,0
42.2,-0.0005907173780482,85,0
42.202,-0.0006109969780482,85,0
42.204,-0.0003551545780482,85,0
42.206,-0.0011346668280482,85,0
42.208,-0.0019141790780482,85,0
42.21,-0.0011713116780482,85,0
42.212,-0.0008768097780482,85,0
42.214,-0.0005823078780482,85,0
42.216,-0.0005374531780482,85,0
42.218,-0.0003237308780482,85,0
42.22,-0.0005887874280482,85,0
42.222,-0.0008538439780482,85,0
42.224,-0.0011189005280482,85,0
42.226,-0.0013839570780482,85,0
42.228,-0.0006717389780482,85,0
42.23,-0.0004988178780482,85,0
42.232,-0.0003686944780482,85,0
42.234,-0.0008944394780482,85,0
42.236,-0.0011012486447148,85,0
42.238,-0.0013080578113815,85,0
42.24,-0.0015148669780482,85,0
42.242,-0.0007758836780482,85,0
42.244,-0.0004592145780482,85,0
42.246,-0.0004632075780482,85,0
42.248,-0.0004858103780482,85,0
42.25,-0.0010794363780482,85,0
42.252,-0.0016730623780482,85,0
42.254,-0.0012916340780482,85,0
42.256,-0.0009102057780482,85,0
42.258,-0.0004492562780482,85,0
42.26,-0.0004955387780482,85,0
42.262,-0.0002671270780482,85,0
42.264,-0.0018923748780482,85,0
42.266,-0.0018584706780482,85,0
42.268,-0.0018245664780482,85,0
42.27,-0.0010796662780482,85,0
42.272,-0.0004914731780482,85,0
42.274,-0.0004792763780482,85,0
42.276,-0.0002765650780482,85,0
42.278,-0.0013794074780482,85,0
42.28,-0.0019768328780482,85,0
42.282,-0.0013138133780482,85,0
42.284,-0.0009616549780482,85,0
42.286,-0.0006094965780482,85,0
42.288,-0.0004449607780482,85,0
42.29,-0.0008513271780482,85,0
42.292,-0.0010117943530482,85,0
42.294,-0.0011722615280482,85,0
42.296,-0.0013327287030482,85,0
42.298,-0.0014931958780482,85,0
42.3,-0.0007512359780482,85,0
42.302,-0.0004532855780482,85,0
42.304,-0.0004649015780482,85,0
42.306,-0.0004765175780482,85,0
42.308,-0.0008720262447148,85,0
42.31,-0.0012675349113815,85,0
42.312,-0.0016630435780482,85,0
42.314,-0.0009397902780482,85,0
42.316,-0.0004591540780482,85,0
42.318,-0.0004880851780482,85,0
42.32,-0.0002832321780482,85,0
42.322,-0.0010654185280482,85,0
42.324,-0.0018476048780482,85,0
42.326,-0.0011802717280482,85,0
42.328,-0.0005129385780482,85,0
42.33,-0.0004956174280482,85,0
42.332,-0.0004782962780482,85,0
42.334,-0.0002921982780482,85,0
42.336,-0.0013618503780482,85,0
42.338,-0.0013471448447148,85,0
42.34,-0.0013324393113815,85,0
42.342,-0.0013177337780482,85,0
42.344,-0.0006175309780482,85,0
42.346,-0.0004456504780482,85,0
42.348,-0.0008360569780482,85,0
42.35,-0.0010474520447148,85,0
42.352,-0.0012588471113815,85,0
42.354,-0.0014702421780482,85,0
42.356,-0.0011037634280482,85,0
42.358,-0.0007372846780482,85,0
42.36,-0.0004262178780482,85,0
42.362,-0.0004721615780482,85,0
42.364,-0.0004708789780482,85,0
42.366,-0.0008846667113815,85,0
42.368,-0.0012984544447148,85,0
42.37,-0.0017122421780482,85,0
42.372,-0.0009782803780482,85,0
42.374,-0.0004995801780482,85,0
42.376,-0.0005557725780482,85,0
42.378,-0.0003384686780482,85,0
42.38,-0.0018938631780482,85,0
42.382,-0.0019087098780482,85,0
42.384,-0.0019235565780482,85,0
42.386,-0.0012141093780482,85,0
42.388,-0.0006098111780482,85,0
42.39,-0.0005670497780482,85,0
42.392,-0.0003851625780482,85,0
42.394,-0.0014435737780482,85,0
42.396,-0.0014599934780482,85,0
42.398,-0.0014764131780482,85,0
42.4,-0.0014928328780482,85,0
42.402,-0.0007806026780482,85,0
42.404,-0.0006611272780482,85,0
42.406,-0.0006701175780482,85,0
42.408,-0.0010435719780482,85,0
42.41,-0.0013008018447148,85,0
42.412,-0.0015580317113815,85,0
42.414,-0.0018152615780482,85,0
42.416,-0.0010734347780482,85,0
42.418,-0.0007718785780482,85,0
42.42,-0.0008171325780482,85,0
42.422,-0.0009534197180482,85,0
42.424,-0.0010897068580482,85,0
42.426,-0.0012259939980482,85,0
42.428,-0.0013622811380482,85,0
42.43,-0.0014985682780482,85,0
42.432,-0.0010499123780482,85,0
42.434,-0.0011202980780482,85,0
42.436,-0.0009426579780482,85,0
42.438,-0.0012053883030482,85,0
42.44,-0.0014681186280482,85,0
42.442,-0.0017308489530482,85,0
42.444,-0.0019935792780482,85,0
42.446,-0.0012962804780482,85,0
42.448,-0.0012112658780482,85,0
42.45,-0.0011262512780482,85,0
42.452,-0.0012168947980482,85,0
42.454,-0.0013075383180482,85,0
42.456,-0.0013981818380482,85,0
42.458,-0.0014888253580482,85,0
42.46,-0.0015794688780482,85,0
42.462,-0.0013479595780482,85,0
42.464,-0.0012734598780482,85,0
42.466,-0.0016862392780482,85,0
42.468,-0.0016939348780482,85,0
42.47,-0.0017016304780482,85,0
42.472,-0.0017093260780482,85,0
42.474,-0.0013330160780482,85,0
42.476,-0.0013323203280482,85,0
42.478,-0.0013316245780482,85,0
42.48,-0.0012714512780482,85,0
42.482,-0.0013992605530482,85,0
42.484,-0.0015270698280482,85,0
42.486,-0.0016548791030482,85,0
42.488,-0.0017826883780482,85,0
42.49,-0.0012540272780482,85,0
42.492,-0.0009705847780482,85,0
42.494,-0.0011820806780482,85,0
42.496,-0.0013935765780482,85,0
42.498,-0.0016050724780482,85,0
42.5,-0.0018165683780482,86,0
42.502,-0.0014855789280482,86,0
42.504,-0.0011545894780482,86,0
42.506,-0.0008433411780482,86,0
42.508,-0.0013372268780482,86,0
42.51,-0.0018311125780482,86,0
42.512,-0.0018415266447148,86,0
42.514,-0.0018519407113815,86,0
42.516,-0.0018623547780482,86,0
42.518,-0.0011304499780482,86,0
42.52,-0.0009309209780482,86,0
42.522,-0.0008392755780482,86,0
42.524,-0.0012086038780482,86,0
42.526,-0.0014554237113815,86,0
42.528,-0.0017022435447148,86,0
42.53,-0.0019490633780482,86,0
42.532,-0.0011689400780482,86,0
42.534,-0.0007874149780482,86,0
42.536,-0.0007211916780482,86,0
42.538,-0.0008297383580482,86,0
42.54,-0.0009382850380482,86,0
42.542,-0.0010468317180482,86,0
42.544,-0.0011553783980482,86,0
42.546,-0.0012639250780482,86,0
42.548,-0.0007378533780482,86,0
42.55,-0.0007621380780482,86,0
42.552,-0.0005162781780482,86,0
42.554,-0.0007346287280482,86,0
42.556,-0.0009529792780482,86,0
42.558,-0.0011713298280482,86,0
42.56,-0.0013896803780482,86,0
42.562,-0.0007665061780482,86,0
42.564,-0.0007146576780482,86,0
42.566,-0.0005084010780482,86,0
42.568,-0.0014507127780482,86,0
42.57,-0.0014871983113815,86,0
42.572,-0.0015236838447148,86,0
42.574,-0.0015601693780482,86,0
42.576,-0.0008239569780482,86,0
42.578,-0.0006138404780482,86,0
42.58,-0.0005603100780482,86,0
42.582,-0.0009430976113815,86,0
42.584,-0.0013258851447148,86,0
42.586,-0.0017086726780482,86,0
42.588,-0.0009519386780482,86,0
42.59,-0.0007655623780482,86,0
42.592,-0.0005791860780482,86,0
42.594,-0.0006090367780482,86,0
42.596,-0.0005296849780482,86,0
42.598,-0.0009722182780482,86,0
42.6,-0.0014147515780482,86,0
42.602,-0.0018572848780482,86,0
42.604,-0.0010840827780482,86,0
42.606,-0.0005819811780482,86,0
42.608,-0.0006460748780482,86,0
42.61,-0.0003960888780482,86,0
42.612,-0.0018889263780482,86,0
42.614,-0.0014736624447148,86,0
42.616,-0.0010583985113815,86,0
42.618,-0.0006431345780482,86,0
42.62,-0.0005866880780482,86,0
42.622,-0.0004899485780482,86,0
42.624,-0.0003932090780482,86,0
42.626,-0.0013474392780482,86,0
42.628,-0.0013910678447148,86,0
42.63,-0.0014346964113815,86,0
42.632,-0.0014783249780482,86,0
42.634,-0.0007390633780482,86,0
42.636,-0.0005284144780482,86,0
42.638,-0.0006930107780482,86,0
42.64,-0.0008576070780482,86,0
42.642,-0.0011324908447148,86,0
42.644,-0.0014073746113815,86,0
42.646,-0.0016822583780482,86,0
42.648,-0.0009083423780482,86,0
42.65,-0.0005584345780482,86,0
42.652,-0.0005933430780482,86,0
42.654,-0.0005178753780482,86,0
42.656,-0.0009639822113815,86,0
42.658,-0.0014100890447148,86,0
42.66,-0.0018561958780482,86,0
42.662,-0.0005980015780482,86,0
42.664,-0.0006199630780482,86,0
42.666,-0.0004961558780482,86,0
42.668,-0.0003723486780482,86,0
42.67,-0.0006034163280482,86,0
42.672,-0.0008344839780482,86,0
42.674,-0.0010655516280482,86,0
42.676,-0.0012966192780482,86,0
42.678,-0.0006610425780482,86,0
42.68,-0.0005964648780482,86,0
42.682,-0.0003988718780482,86,0
42.684,-0.0012914283780482,86,0
42.686,-0.0013491816780482,86,0
42.688,-0.0014069349780482,86,0
42.69,-0.0014646882780482,86,0
42.692,-0.0007599842780482,86,0
42.694,-0.0005645571780482,86,0
42.696,-0.0005118253780482,86,0
42.698,-0.0007866042780482,86,0
42.7,-0.0010710430113815,86,0
42.702,-0.0013554817447148,86,0
42.704,-0.0016399204780482,86,0
42.706,-0.0008774994780482,86,0
42.708,-0.0005781091780482,86,0
42.71,-0.0005172340780482,86,0
42.712,-0.0004563589780482,86,0
42.714,-0.0009216927113815,86,0
42.716,-0.0013870264447148,86,0
42.718,-0.0018523601780482,86,0
42.72,-0.0010854742780482,86,0
42.722,-0.0005820658780482,86,0
42.724,-0.0006226976780482,86,0
42.726,-0.0003599703780482,86,0
42.728,-0.0018194118780482,86,0
42.73,-0.0016301840113815,86,0
42.732,-0.0014409561447148,86,0
42.734,-0.0012517282780482,86,0
42.736,-0.0006298608780482,86,0
42.738,-0.0005866154780482,86,0
42.74,-0.0003914666780482,86,0
42.742,-0.0012872417780482,86,0
42.744,-0.0013516783113815,86,0
42.746,-0.0014161148447148,86,0
42.748,-0.0014805513780482,86,0
42.75,-0.0007748309780482,86,0
42.752,-0.0005630930780482,86,0
42.754,-0.0007976757780482,86,0
42.756,-0.0010122481030482,86,0
42.758,-0.0012268204280482,86,0
42.76,-0.0014413927530482,86,0
42.762,-0.0016559650780482,86,0
42.764,-0.0009036475780482,86,0
42.766,-0.0005472420780482,86,0
42.768,-0.0005851634780482,86,0
42.77,-0.0008956676280482,86,0
42.772,-0.0012061717780482,86,0
42.774,-0.0015166759280482,86,0
42.776,-0.0018271800780482,86,0
42.778,-0.0010659327780482,86,0
42.78,-0.0005869663780482,86,0
42.782,-0.0006057939780482,86,0
42.784,-0.0018092357780482,86,0
42.786,-0.0016323257113815,86,0
42.788,-0.0014554156447148,86,0
42.79,-0.0012785055780482,86,0
42.792,-0.0009704274780482,86,0
42.794,-0.0006623493780482,86,0
42.796,-0.0005803476780482,86,0
42.798,-0.0004119640780482,86,0
42.8,-0.0012632474780482,86,0
42.802,-0.0013375293780482,86,0
42.804,-0.0014118112780482,86,0
42.806,-0.0014860931780482,86,0
42.808,-0.0007732337780482,86,0
42.81,-0.0005565832780482,86,0
42.812,-0.0005294429780482,86,0
42.814,-0.0007799008780482,86,0
42.816,-0.0012352480780482,86,0
42.818,-0.0016905952780482,86,0
42.82,-0.0009342000780482,86,0
42.822,-0.0007415136280482,86,0
42.824,-0.0005488271780482,86,0
42.826,-0.0006020066780482,86,0
42.828,-0.0004717380780482,86,0
42.83,-0.0011779424780482,86,0
42.832,-0.0018841468780482,86,0
42.834,-0.0011403598780482,86,0
42.836,-0.0005798515780482,86,0
42.838,-0.0005866033780482,86,0
42.84,-0.0011927528780482,86,0
42.842,-0.0017989023780482,86,0
42.844,-0.0015761716280482,86,0
42.846,-0.0013534408780482,86,0
42.848,-0.0009615763280482,86,0
42.85,-0.0005697117780482,86,0
42.852,-0.0004008562780482,86,0
42.854,-0.0006303497180482,86,0
42.856,-0.0008598431580482,86,0
42.858,-0.0010893365980482,86,0
42.86,-0.0013188300380482,86,0
42.862,-0.0015483234780482,86,0
42.864,-0.0015765063947148,86,0
42.866,-0.0016046893113815,86,0
42.868,-0.0016328722280482,86,0
42.87,-0.0016610551447148,86,0
42.872,-0.0016892380613815,86,0
42.874,-0.0017174209780482,86,0
42.876,-0.0009493613780482,86,0
42.878,-0.0005731723780482,86,0
42.88,-0.0004799418780482,86,0
42.882,-0.0011909983780482,86,0
42.884,-0.0019020548780482,86,0
42.886,-0.0016546623113815,86,0
42.888,-0.0014072697447148,86,0
42.89,-0.0011598771780482,86,0
42.892,-0.0005903664780482,86,0
42.894,-0.0006276102780482,86,0
42.896,-0.0003949393780482,86,0
42.898,-0.0006460143780482,86,0
42.9,-0.0008970893780482,86,0
42.902,-0.0011481643780482,86,0
42.904,-0.0013992393780482,86,0
42.906,-0.0007155893780482,86,0
42.908,-0.0004520271780482,86,0
42.91,-0.0012653286780482,86,0
42.912,-0.0014260590280482,86,0
42.914,-0.0015867893780482,86,0
42.916,-0.0012104128280482,86,0
42.918,-0.0008340362780482,86,0
42.92,-0.0006998835780482,86,0
42.922,-0.0005657308780482,86,0
42.924,-0.0005475445780482,86,0
42.926,-0.0007766338780482,86,0
42.928,-0.0012577117280482,86,0
42.93,-0.0017387895780482,86,0
42.932,-0.0009584847780482,86,0
42.934,-0.0005616894780482,86,0
42.936,-0.0005977414280482,86,0
42.938,-0.0006337933780482,86,0
42.94,-0.0004869719780482,86,0
42.942,-0.0009605175780482,86,0
42.944,-0.0014340631780482,86,0
42.946,-0.0019076087780482,86,0
42.948,-0.0006318452780482,86,0
42.95,-0.0012076298280482,86,0
42.952,-0.0017834143780482,86,0
42.954,-0.0015640050780482,86,0
42.956,-0.0013445957780482,86,0
42.958,-0.0011251864780482,86,0
42.96,-0.0009057771780482,86,0
42.962,-0.0006863678780482,86,0
42.964,-0.0005601890780482,86,0
42.966,-0.0004340102780482,86,0
42.968,-0.0012209821780482,86,0
42.97,-0.0013029415280482,86,0
42.972,-0.0013849008780482,86,0
42.974,-0.0014668602280482,86,0
42.976,-0.0015488195780482,86,0
42.978,-0.0008014388780482,86,0
42.98,-0.0005369328780482,86,0
42.982,-0.0006446622030482,86,0
42.984,-0.0007523915280482,86,0
42.986,-0.0008601208530482,86,0
42.988,-0.0009678501780482,86,0
42.99,-0.0007584233780482,86,0
42.992,-0.0005489965780482,86,0
42.994,-0.0005799302280482,86,0
42.996,-0.0006108638780482,86,0
42.998,-0.0004693543780482,86,0
43.0,-0.0012025901780482,87,0
43.002,-0.0019358259780482,87,0
43.004,-0.0015524737780482,87,0
43.006,-0.0011691215780482,87,0
43.008,-0.0005996955780482,87,0
43.01,-0.0006297277780482,87,0
43.012,-0.0003972141780482,87,0
43.014,-0.0017322192780482,87,0
43.016,-0.0016034107447148,87,0
43.018,-0.0014746022113815,87,0
43.02,-0.0013457936780482,87,0
43.022,-0.0006709161780482,87,0
43.024,-0.0005799725780482,87,0
43.026,-0.0011988028780482,87,0
43.028,-0.0010664006447148,87,0
43.03,-0.0009339984113815,87,0
43.032,-0.0008015961780482,87,0
43.034,-0.0006864646780482,87,0
43.036,-0.0005713331780482,87,0
43.038,-0.0005754653280482,87,0
43.04,-0.0005795974780482,87,0
43.042,-0.0007283669780482,87,0
43.044,-0.0010712567780482,87,0
43.046,-0.0014141465780482,87,0
43.048,-0.0017570363780482,87,0
43.05,-0.0009662408780482,87,0
43.052,-0.0005663237780482,87,0
43.054,-0.0006209673780482,87,0
43.056,-0.0004531524780482,87,0
43.058,-0.0009388424447148,87,0
43.06,-0.0014245324113815,87,0
43.062,-0.0019102223780482,87,0
43.064,-0.0006012322780482,87,0
43.066,-0.0006266664780482,87,0
43.068,-0.0003873526780482,87,0
43.07,-0.0010557869280482,87,0
43.072,-0.0017242211780482,87,0
43.074,-0.0016015433113815,87,0
43.076,-0.0014788654447148,87,0
43.078,-0.0013561875780482,87,0
43.08,-0.0007009120780482,87,0
43.082,-0.0006155344780482,87,0
43.084,-0.0004617071780482,87,0
43.086,-0.0011780755780482,87,0
43.088,-0.0013072229113815,87,0
43.09,-0.0014363702447148,87,0
43.092,-0.0015655175780482,87,0
43.094,-0.0008290510780482,87,0
43.096,-0.0005816423780482,87,0
43.098,-0.0007130362780482,87,0
43.1,-0.0007818429280482,87,0
43.102,-0.0008506495780482,87,0
43.104,-0.0009194562280482,87,0
43.106,-0.0009882628780482,87,0
43.108,-0.0007901314280482,87,0
43.11,-0.0005919999780482,87,0
43.112,-0.0004457593780482,87,0
43.114,-0.0008210378530482,87,0
43.116,-0.0011963163280482,87,0
43.118,-0.0015715948030482,87,0
43.12,-0.0019468732780482,87,0
43.122,-0.0011934546780482,87,0
43.124,-0.0006373507780482,87,0
43.126,-0.0006501041780482,87,0
43.128,-0.0003992711780482,87,0
43.13,-0.0006488669530482,87,0
43.132,-0.0008984627280482,87,0
43.134,-0.0011480585030482,87,0
43.136,-0.0013976542780482,87,0
43.138,-0.0007319969780482,87,0
43.14,-0.0006344467780482,87,0
43.142,-0.0011653100780482,87,0
43.144,-0.0012609121780482,87,0
43.146,-0.0013565142780482,87,0
43.148,-0.0014521163780482,87,0
43.15,-0.0015477184780482,87,0
43.152,-0.0005853570780482,87,0
43.154,-0.0005768870780482,87,0
43.156,-0.0006613837980482,87,0
43.158,-0.0007458805180482,87,0
43.16,-0.0008303772380482,87,0
43.162,-0.0009148739580482,87,0
43.164,-0.0009993706780482,87,0
43.166,-0.0005849335780482,87,0
43.168,-0.0006332730780482,87,0
43.17,-0.0008882708980482,87,0
43.172,-0.0011432687180482,87,0
43.174,-0.0013982665380482,87,0
43.176,-0.0016532643580482,87,0
43.178,-0.0019082621780482,87,0
43.18,-0.0006124489780482,87,0
43.182,-0.0006177790280482,87,0
43.184,-0.0006231090780482,87,0
43.186,-0.0016809999780482,87,0
43.188,-0.0016005501030482,87,0
43.19,-0.0015201002280482,87,0
43.192,-0.0014396503530482,87,0
43.194,-0.0013592004780482,87,0
43.196,-0.0006930349780482,87,0
43.198,-0.0006127514780482,87,0
43.2,-0.0004687251780482,87,0
43.202,-0.0011394039780482,87,0
43.204,-0.0010414706113815,87,0
43.206,-0.0009435372447148,87,0
43.208,-0.0008456038780482,87,0
43.21,-0.0005907536780482,87,0
43.212,-0.0005802266780482,87,0
43.214,-0.0005696996780482,87,0
43.216,-0.0006980443780482,87,0
43.218,-0.0010619720447148,87,0
43.22,-0.0014258997113815,87,0
43.222,-0.0017898273780482,87,0
43.224,-0.0010222880780482,87,0
43.226,-0.0006060359780482,87,0
43.228,-0.0005242823280482,87,0
43.23,-0.0004425286780482,87,0
43.232,-0.0009426579780482,87,0
43.234,-0.0014427872780482,87,0
43.236,-0.0019429165780482,87,0
43.238,-0.0012001338780482,87,0
43.24,-0.0005973602780482,87,0
43.242,-0.0016675326780482,87,0
43.244,-0.0016179081580482,87,0
43.246,-0.0015682836380482,87,0
43.248,-0.0015186591180482,87,0
43.25,-0.0014690345980482,87,0
43.252,-0.0014194100780482,87,0
43.254,-0.0007225952780482,87,0
43.256,-0.0005895073780482,87,0
43.258,-0.0004858829780482,87,0
43.26,-0.0011451151780482,87,0
43.262,-0.0013010398113815,87,0
43.264,-0.0014569644447148,87,0
43.266,-0.0016128890780482,87,0
43.268,-0.0008710380780482,87,0
43.27,-0.0005735474780482,87,0
43.272,-0.0006975482780482,87,0
43.274,-0.0009693475530482,87,0
43.276,-0.0012411468280482,87,0
43.278,-0.0015129461030482,87,0
43.28,-0.0017847453780482,87,0
43.282,-0.0010204125780482,87,0
43.284,-0.0005638311780482,87,0
43.286,-0.0006115777780482,87,0
43.288,-0.0004188368780482,87,0
43.29,-0.0009317236113815,87,0
43.292,-0.0014446103447148,87,0
43.294,-0.0019574970780482,87,0
43.296,-0.0012318721780482,87,0
43.298,-0.0006376532780482,87,0
43.3,-0.0006159700780482,87,0
43.302,-0.0003948062780482,87,0
43.304,-0.0016445789780482,87,0
43.306,-0.0015635372113815,87,0
43.308,-0.0014824954447148,87,0
43.31,-0.0014014536780482,87,0
43.312,-0.0007039128780482,87,0
43.314,-0.0004668859780482,87,0
43.316,-0.0007917770280482,87,0
43.318,-0.0011166680780482,87,0
43.32,-0.0012854187113815,87,0
43.322,-0.0014541693447148,87,0
43.324,-0.0016229199780482,87,0
43.326,-0.0008614064780482,87,0
43.328,-0.0005725794780482,87,0
43.33,-0.0005737894780482,87,0
43.332,-0.0008782285030482,87,0
43.334,-0.0011826675280482,87,0
43.336,-0.0014871065530482,87,0
43.338,-0.0017915455780482,87,0
43.34,-0.0010254824780482,87,0
43.342,-0.0007366010280482,87,0
43.344,-0.0004477195780482,87,0
43.346,-0.0007020051113815,87,0
43.348,-0.0009562906447148,87,0
43.35,-0.0012105761780482,87,0
43.352,-0.0009175625780482,87,0
43.354,-0.0006245489780482,87,0
43.356,-0.0005994414780482,87,0
43.358,-0.0003975045780482,87,0
43.36,-0.0016189148780482,87,0
43.362,-0.0015418903113815,87,0
43.364,-0.0014648657447148,87,0
43.366,-0.0013878411780482,87,0
43.368,-0.0007028480780482,87,0
43.37,-0.0005588943780482,87,0
43.372,-0.0004683137780482,87,0
43.374,-0.0010794121780482,87,0
43.376,-0.0013552800780482,87,0
43.378,-0.0016311479780482,87,0
43.38,-0.0005859378780482,87,0
43.382,-0.0005961180113815,87,0
43.384,-0.0006062981447148,87,0
43.386,-0.0006164782780482,87,0
43.388,-0.0006932527780482,87,0
43.39,-0.0008155676447148,87,0
43.392,-0.0009378825113815,87,0
43.394,-0.0010601973780482,87,0
43.396,-0.0008293112280482,87,0
43.398,-0.0005984250780482,87,0
43.4,-0.0006575940780482,87,0
43.402,-0.0004429400780482,87,0
43.404,-0.0012099348780482,87,0
43.406,-0.0019769296780482,87,0
43.408,-0.0012191913780482,87,0
43.41,-0.0006450584780482,87,0
43.412,-0.0005382094280482,87,0
43.414,-0.0004313603780482,87,0
43.416,-0.0016113402780482,87,0
43.418,-0.0015662829030482,87,0
43.42,-0.0015212255280482,87,0
43.422,-0.0014761681530482,87,0
43.424,-0.0014311107780482,87,0
43.426,-0.0007395715780482,87,0
43.428,-0.0006197089780482,87,0
43.43,-0.0005256193780482,87,0
43.432,-0.0010923833780482,87,0
43.434,-0.0012651391113815,87,0
43.436,-0.0014378948447148,87,0
43.438,-0.0016106505780482,87,0
43.44,-0.0008593373780482,87,0
43.442,-0.0005759190780482,87,0
43.444,-0.0005982798780482,87,0
43.446,-0.0006553434780482,87,0
43.448,-0.0010460121447148,87,0
43.45,-0.0014366808113815,87,0
43.452,-0.0018273494780482,87,0
43.454,-0.0010371468780482,87,0
43.456,-0.0005913828780482,87,0
43.458,-0.0006658704780482,87,0
43.46,-0.0004436539780482,87,0
43.462,-0.0009618122780482,87,0
43.464,-0.0014799705780482,87,0
43.466,-0.0019981288780482,87,0
43.468,-0.0012543660780482,87,0
43.47,-0.0006604980780482,87,0
43.472,-0.0006436790780482,87,0
43.474,-0.0004224668780482,87,0
43.476,-0.0006756351780482,87,0
43.478,-0.0009288034780482,87,0
43.48,-0.0011819717780482,87,0
43.482,-0.0014351400780482,87,0
43.484,-0.0006022486780482,87,0
43.486,-0.0005589790780482,87,0
43.488,-0.0005157094780482,87,0
43.49,-0.0010601368780482,87,0
43.492,-0.0012458839780482,87,0
43.494,-0.0014316310780482,87,0
43.496,-0.0016173781780482,87,0
43.498,-0.0008794717780482,87,0
43.5,-0.0005790408780482,88,0
43.502,-0.0005829249780482,88,0
43.504,-0.0006348097780482,88,0
43.506,-0.0010294674113815,88,0
43.508,-0.0014241250447148,88,0
43.51,-0.0018187826780482,88,0
43.512,-0.0005937181780482,88,0
43.514,-0.0006287295280482,88,0
43.516,-0.0006637408780482,88,0
43.518,-0.0004303560780482,88,0
43.52,-0.0006373417030482,88,0
43.522,-0.0008443273280482,88,0
43.524,-0.0010513129530482,88,0
43.526,-0.0012582985780482,88,0
43.528,-0.0006631237780482,88,0
43.53,-0.0006341079780482,88,0
43.532,-0.0004067126780482,88,0
43.534,-0.0015778353780482,88,0
43.536,-0.0015365703447148,88,0
43.538,-0.0014953053113815,88,0
43.54,-0.0014540402780482,88,0
43.542,-0.0007543335780482,88,0
43.544,-0.0006071007780482,88,0
43.546,-0.0010450965780482,88,0
43.548,-0.0012464163780482,88,0
43.55,-0.0014477361780482,88,0
43.552,-0.0016490559780482,88,0
43.554,-0.0008811778780482,88,0
43.556,-0.0007550172280482,88,0
43.558,-0.0006288565780482,88,0
43.56,-0.0009329477280482,88,0
43.562,-0.0012370388780482,88,0
43.564,-0.0015411300280482,88,0
43.566,-0.0018452211780482,88,0
43.568,-0.0012196632780482,88,0
43.57,-0.0005941053780482,88,0
43.572,-0.0006532017780482,88,0
43.574,-0.0010995465780482,88,0
43.576,-0.0015458913780482,88,0
43.578,-0.0019922361780482,88,0
43.58,-0.0012724313780482,88,0
43.582,-0.0009716374780482,88,0
43.584,-0.0006708435780482,88,0
43.586,-0.0006193822780482,88,0
43.588,-0.0004096771780482,88,0
43.59,-0.0009783892780482,88,0
43.592,-0.0015471013780482,88,0
43.594,-0.0015382522447148,88,0
43.596,-0.0015294031113815,88,0
43.598,-0.0015205539780482,88,0
43.6,-0.0008072710780482,88,0
43.602,-0.0005231267780482,88,0
43.604,-0.0007860839780482,88,0
43.606,-0.0010490411780482,88,0
43.608,-0.0008956010780482,88,0
43.61,-0.0007421609780482,88,0
43.612,-0.0005887208780482,88,0
43.614,-0.0005955331780482,88,0
43.616,-0.0006071915280482,88,0
43.618,-0.0006188498780482,88,0
43.62,-0.0009240572530482,88,0
43.622,-0.0012292646280482,88,0
43.624,-0.0015344720030482,88,0
43.626,-0.0018396793780482,88,0
43.628,-0.0010980340780482,88,0
43.63,-0.0006201687780482,88,0
43.632,-0.0006575214780482,88,0
43.634,-0.0004165620780482,88,0
43.636,-0.0007130322447148,88,0
43.638,-0.0010095024113815,88,0
43.64,-0.0013059725780482,88,0
43.642,-0.0004384025780482,88,0
43.644,-0.0007934609447148,88,0
43.646,-0.0011485193113815,88,0
43.648,-0.0015035776780482,88,0
43.65,-0.0007906819780482,88,0
43.652,-0.0006020187780482,88,0
43.654,-0.0005811977030482,88,0
43.656,-0.0005603766280482,88,0
43.658,-0.0005395555530482,88,0
43.66,-0.0005187344780482,88,0
43.662,-0.0007694827780482,88,0
43.664,-0.0010202310780482,88,0
43.666,-0.0012342034447148,88,0
43.668,-0.0014481758113815,88,0
43.67,-0.0016621481780482,88,0
43.672,-0.0009079188780482,88,0
43.674,-0.0005891564780482,88,0
43.676,-0.0006029383780482,88,0
43.678,-0.0009161499030482,88,0
43.68,-0.0012293614280482,88,0
43.682,-0.0015425729530482,88,0
43.684,-0.0018557844780482,88,0
43.686,-0.0010916573780482,88,0
43.688,-0.0005950733780482,88,0
43.69,-0.0004310578780482,88,0
43.692,-0.0006003005780482,88,0
43.694,-0.0007695432780482,88,0
43.696,-0.0009387859780482,88,0
43.698,-0.0011080286780482,88,0
43.7,-0.0012772713780482,88,0
43.702,-0.0006584773780482,88,0
43.704,-0.0006137436780482,88,0
43.706,-0.0004380032780482,88,0
43.708,-0.0014931111780482,88,0
43.71,-0.0014874846780482,88,0
43.712,-0.0014818581780482,88,0
43.714,-0.0014762316780482,88,0
43.716,-0.0007577699780482,88,0
43.718,-0.0005840260780482,88,0
43.72,-0.0009648856780482,88,0
43.722,-0.0011423715030482,88,0
43.724,-0.0013198573280482,88,0
43.726,-0.0014973431530482,88,0
43.728,-0.0016748289780482,88,0
43.73,-0.0009144649780482,88,0
43.732,-0.0005941779780482,88,0
43.734,-0.0008480311380482,88,0
43.736,-0.0011018842980482,88,0
43.738,-0.0013557374580482,88,0
43.74,-0.0016095906180482,88,0
43.742,-0.0018634437780482,88,0
43.744,-0.0010825097780482,88,0
43.746,-0.0006036764780482,88,0
43.748,-0.0006718236780482,88,0
43.75,-0.0019956846780482,88,0
43.752,-0.0018211361280482,88,0
43.754,-0.0016465875780482,88,0
43.756,-0.0014720390280482,88,0
43.758,-0.0012974904780482,88,0
43.76,-0.0006694157780482,88,0
43.762,-0.0006294615780482,88,0
43.764,-0.0014838909780482,88,0
43.766,-0.0014878718780482,88,0
43.768,-0.0014918527780482,88,0
43.77,-0.0014958336780482,88,0
43.772,-0.0014998145780482,88,0
43.774,-0.0005811704780482,88,0
43.776,-0.0005213601780482,88,0
43.778,-0.0007421367780482,88,0
43.78,-0.0009629133780482,88,0
43.782,-0.0012120039780482,88,0
43.784,-0.0014610945780482,88,0
43.786,-0.0017101851780482,88,0
43.788,-0.0009278717780482,88,0
43.79,-0.0005859862780482,88,0
43.792,-0.0005847399780482,88,0
43.794,-0.0007122407030482,88,0
43.796,-0.0008397414280482,88,0
43.798,-0.0009672421530482,88,0
43.8,-0.0010947428780482,88,0
43.802,-0.0006095328780482,88,0
43.804,-0.0006425900780482,88,0
43.806,-0.0006756472780482,88,0
43.808,-0.0019870331780482,88,0
43.81,-0.0016623841280482,88,0
43.812,-0.0013377350780482,88,0
43.814,-0.0010130860280482,88,0
43.816,-0.0006884369780482,88,0
43.818,-0.0006631479780482,88,0
43.82,-0.0006378589780482,88,0
43.822,-0.0004536364780482,88,0
43.824,-0.0014535683780482,88,0
43.826,-0.0014754935780482,88,0
43.828,-0.0014974187780482,88,0
43.83,-0.0015193439780482,88,0
43.832,-0.0007822482780482,88,0
43.834,-0.0005978563780482,88,0
43.836,-0.0005479317780482,88,0
43.838,-0.0009496517780482,88,0
43.84,-0.0009426156280482,88,0
43.842,-0.0009355794780482,88,0
43.844,-0.0007575037780482,88,0
43.846,-0.0005794280780482,88,0
43.848,-0.0006236777780482,88,0
43.85,-0.0006023575780482,88,0
43.852,-0.0005810373780482,88,0
43.854,-0.0010060055113815,88,0
43.856,-0.0014309736447148,88,0
43.858,-0.0018559417780482,88,0
43.86,-0.0011294819780482,88,0
43.862,-0.0006175672780482,88,0
43.864,-0.0006581264780482,88,0
43.866,-0.0004372409780482,88,0
43.868,-0.0007332190780482,88,0
43.87,-0.0010291971780482,88,0
43.872,-0.0013251752780482,88,0
43.874,-0.0006746429780482,88,0
43.876,-0.0006273682780482,88,0
43.878,-0.0005278639280482,88,0
43.88,-0.0004283595780482,88,0
43.882,-0.0014183452780482,88,0
43.884,-0.0014482040447148,88,0
43.886,-0.0014780628113815,88,0
43.888,-0.0015079215780482,88,0
43.89,-0.0007804574780482,88,0
43.892,-0.0005949523780482,88,0
43.894,-0.0005533283780482,88,0
43.896,-0.0009274119780482,88,0
43.898,-0.0011894173113815,88,0
43.9,-0.0014514226447148,88,0
43.902,-0.0017134279780482,88,0
43.904,-0.0005987759780482,88,0
43.906,-0.0006384760780482,88,0
43.908,-0.0006027205780482,88,0
43.91,-0.0005669650780482,88,0
43.912,-0.0010056788113815,88,0
43.914,-0.0014443925447148,88,0
43.916,-0.0018831062780482,88,0
43.918,-0.0011208667780482,88,0
43.92,-0.0006145059780482,88,0
43.922,-0.0019430859780482,88,0
43.924,-0.0018151405780482,88,0
43.926,-0.0016871951780482,88,0
43.928,-0.0015592497780482,88,0
43.93,-0.0014313043780482,88,0
43.932,-0.0013033589780482,88,0
43.934,-0.0006694641780482,88,0
43.936,-0.0006259404780482,88,0
43.938,-0.0004520271780482,88,0
43.94,-0.0007188957030482,88,0
43.942,-0.0009857642280482,88,0
43.944,-0.0012526327530482,88,0
43.946,-0.0015195012780482,88,0
43.948,-0.0005870994780482,88,0
43.95,-0.0005478712780482,88,0
43.952,-0.0011328699780482,88,0
43.954,-0.0017178686780482,88,0
43.956,-0.0009368741780482,88,0
43.958,-0.0005846431780482,88,0
43.96,-0.0006115717280482,88,0
43.962,-0.0006385002780482,88,0
43.964,-0.0006122513447148,88,0
43.966,-0.0005860024113815,88,0
43.968,-0.0005597534780482,88,0
43.97,-0.0012391200780482,88,0
43.972,-0.0019184866780482,88,0
43.974,-0.0015237544280482,88,0
43.976,-0.0011290221780482,88,0
43.978,-0.0006085406780482,88,0
43.98,-0.0003943827780482,88,0
43.982,-0.0007081236780482,88,0
43.984,-0.0010218645780482,88,0
43.986,-0.0013356054780482,88,0
43.988,-0.0006103556780482,88,0
43.99,-0.0004190667780482,88,0
43.992,-0.0013516984780482,88,0
43.994,-0.0013748941780482,88,0
43.996,-0.0013980898780482,88,0
43.998,-0.0014212855780482,88,0
44.0,-0.0014444812780482,89,0
44.002,-0.0014676769780482,89,0
44.004,-0.0014908726780482,89,0
44.006,-0.0005885998780482,89,0
44.008,-0.0005671284280482,89,0
44.01,-0.0005456569780482,89,0
44.012,-0.0008697917780482,89,0
44.014,-0.0011444456447148,89,0
44.016,-0.0014190995113815,89,0
44.018,-0.0016937533780482,89,0
44.02,-0.0009450295780482,89,0
44.022,-0.0005955936780482,89,0
44.024,-0.0006202655780482,89,0
44.026,-0.0005246634780482,89,0
44.028,-0.0018798271780482,89,0
44.03,-0.0016279011447148,89,0
44.032,-0.0013759751113815,89,0
44.034,-0.0011240490780482,89,0
44.036,-0.0006158611780482,89,0
44.038,-0.0006384155780482,89,0
44.04,-0.0003790520780482,89,0
44.042,-0.0018673157780482,89,0
44.044,-0.0016900346447148,89,0
44.046,-0.0015127535113815,89,0
44.048,-0.0013354723780482,89,0
44.05,-0.0006960357780482,89,0
44.052,-0.0006198299780482,89,0
44.054,-0.0004451422780482,89,0
44.056,-0.0013423209780482,89,0
44.058,-0.0014090282780482,89,0
44.06,-0.0014757355780482,89,0
44.062,-0.0015424428780482,89,0
44.064,-0.0008168542780482,89,0
44.066,-0.0005880311780482,89,0
44.068,-0.0005365577780482,89,0
44.07,-0.0006424025280482,89,0
44.072,-0.0007482472780482,89,0
44.074,-0.0008540920280482,89,0
44.076,-0.0009599367780482,89,0
44.078,-0.0007714066780482,89,0
44.08,-0.0005828765780482,89,0
44.082,-0.0006140945780482,89,0
44.084,-0.0005280272780482,89,0
44.086,-0.0007397288780482,89,0
44.088,-0.0009514304780482,89,0
44.09,-0.0011631320780482,89,0
44.092,-0.0009002353780482,89,0
44.094,-0.0006373386780482,89,0
44.096,-0.0006479745780482,89,0
44.098,-0.0004077895780482,89,0
44.1,-0.0018725187780482,89,0
44.102,-0.0016041891780482,89,0
44.104,-0.0013358595780482,89,0
44.106,-0.0006990244780482,89,0
44.108,-0.0006617625280482,89,0
44.11,-0.0006245005780482,89,0
44.112,-0.0004481430780482,89,0
44.114,-0.0013357385780482,89,0
44.116,-0.0013969847447148,89,0
44.118,-0.0014582309113815,89,0
44.12,-0.0015194770780482,89,0
44.122,-0.0007958970780482,89,0
44.124,-0.0005420148780482,89,0
44.126,-0.0008266915780482,89,0
44.128,-0.0010450481780482,89,0
44.13,-0.0012634047780482,89,0
44.132,-0.0014817613780482,89,0
44.134,-0.0017001179780482,89,0
44.136,-0.0009480303780482,89,0
44.138,-0.0005641941780482,89,0
44.14,-0.0004932276780482,89,0
44.142,-0.0008410724280482,89,0
44.144,-0.0011889171780482,89,0
44.146,-0.0015367619280482,89,0
44.148,-0.0018846066780482,89,0
44.15,-0.0006078630780482,89,0
44.152,-0.0006090004780482,89,0
44.154,-0.0006101378780482,89,0
44.156,-0.0003947941780482,89,0
44.158,-0.0018434182780482,89,0
44.16,-0.0015924703280482,89,0
44.162,-0.0013415223780482,89,0
44.164,-0.0010172363280482,89,0
44.166,-0.0006929502780482,89,0
44.168,-0.0006091214780482,89,0
44.17,-0.0004388502780482,89,0
44.172,-0.0012918518780482,89,0
44.174,-0.0013767898447148,89,0
44.176,-0.0014617278113815,89,0
44.178,-0.0015466657780482,89,0
44.18,-0.0008111430780482,89,0
44.182,-0.0005789198780482,89,0
44.184,-0.0005522514780482,89,0
44.186,-0.0008040403780482,89,0
44.188,-0.0012660304780482,89,0
44.19,-0.0017280205780482,89,0
44.192,-0.0013479232780482,89,0
44.194,-0.0009678259780482,89,0
44.196,-0.0005619072780482,89,0
44.198,-0.0004934696780482,89,0
44.2,-0.0005193152780482,89,0
44.202,-0.0005451608780482,89,0
44.204,-0.0005710064780482,89,0
44.206,-0.0005968520780482,89,0
44.208,-0.0006065320780482,89,0
44.21,-0.0005309998447148,89,0
44.212,-0.0004554676113815,89,0
44.214,-0.0003799353780482,89,0
44.216,-0.0018103610780482,89,0
44.218,-0.0015863658780482,89,0
44.22,-0.0013623706780482,89,0
44.222,-0.0010208300280482,89,0
44.224,-0.0006792893780482,89,0
44.226,-0.0005928227780482,89,0
44.228,-0.0004337440780482,89,0
44.23,-0.0012598473780482,89,0
44.232,-0.0013645204447148,89,0
44.234,-0.0014691935113815,89,0
44.236,-0.0015738665780482,89,0
44.238,-0.0008088198780482,89,0
44.24,-0.0005367029780482,89,0
44.242,-0.0006561481280482,89,0
44.244,-0.0007755932780482,89,0
44.246,-0.0012624791280482,89,0
44.248,-0.0017493649780482,89,0
44.25,-0.0009751222780482,89,0
44.252,-0.0005530500780482,89,0
44.254,-0.0005999133780482,89,0
44.256,-0.0005508055280482,89,0
44.258,-0.0005016976780482,89,0
44.26,-0.0007225428447148,89,0
44.262,-0.0009433880113815,89,0
44.264,-0.0011642331780482,89,0
44.266,-0.0008872278780482,89,0
44.268,-0.0006102225780482,89,0
44.27,-0.0006232421780482,89,0
44.272,-0.0003903655780482,89,0
44.274,-0.0004907794447148,89,0
44.276,-0.0005911933113815,89,0
44.278,-0.0006916071780482,89,0
44.28,-0.0006549724113815,89,0
44.282,-0.0006183376447148,89,0
44.284,-0.0005817028780482,89,0
44.286,-0.0004485302780482,89,0
44.288,-0.0004638871947148,89,0
44.29,-0.0004792441113815,89,0
44.292,-0.0004946010280482,89,0
44.294,-0.0005099579447148,89,0
44.296,-0.0005253148613815,89,0
44.298,-0.0005406717780482,89,0
44.3,-0.0006864848447148,89,0
44.302,-0.0008322979113815,89,0
44.304,-0.0009781109780482,89,0
44.306,-0.0004861128780482,89,0
44.308,-0.0007291837280482,89,0
44.31,-0.0009722545780482,89,0
44.312,-0.0012153254280482,89,0
44.314,-0.0014583962780482,89,0
44.316,-0.0017014671280482,89,0
44.318,-0.0019445379780482,89,0
44.32,-0.0015587294780482,89,0
44.322,-0.0011729209780482,89,0
44.324,-0.0006227581780482,89,0
44.326,-0.0017561046780482,89,0
44.328,-0.0016199111113815,89,0
44.33,-0.0014837175447148,89,0
44.332,-0.0013475239780482,89,0
44.334,-0.0010163953780482,89,0
44.336,-0.0006852667780482,89,0
44.338,-0.0006567833780482,89,0
44.34,-0.0006282999780482,89,0
44.342,-0.0005998165780482,89,0
44.344,-0.0004436781780482,89,0
44.346,-0.0012060144780482,89,0
44.348,-0.0013841325280482,89,0
44.35,-0.0015622505780482,89,0
44.352,-0.0007975789780482,89,0
44.354,-0.0005614111780482,89,0
44.356,-0.0005533283780482,89,0
44.358,-0.0006337086780482,89,0
44.36,-0.0007140889780482,89,0
44.362,-0.0010532318113815,89,0
44.364,-0.0013923746447148,89,0
44.366,-0.0017315174780482,89,0
44.368,-0.0005760642780482,89,0
44.37,-0.0004635705780482,89,0
44.372,-0.0006012516380482,89,0
44.374,-0.0007389326980482,89,0
44.376,-0.0008766137580482,89,0
44.378,-0.0010142948180482,89,0
44.38,-0.0011519758780482,89,0
44.382,-0.0006420697780482,89,0
44.384,-0.0005246211280482,89,0
44.386,-0.0004071724780482,89,0
44.388,-0.0006029117580482,89,0
44.39,-0.0007986510380482,89,0
44.392,-0.0009943903180482,89,0
44.394,-0.0011901295980482,89,0
44.396,-0.0013858688780482,89,0
44.398,-0.0007156619780482,89,0
44.4,-0.0006133564780482,89,0
44.402,-0.0004674304780482,89,0
44.404,-0.0007466561280482,89,0
44.406,-0.0010258817780482,89,0
44.408,-0.0013051074280482,89,0
44.41,-0.0015843330780482,89,0
44.412,-0.0008258082780482,89,0
44.414,-0.0005779276780482,89,0
44.416,-0.0007325051780482,89,0
44.418,-0.0009916750780482,89,0
44.42,-0.0012508449780482,89,0
44.422,-0.0015100148780482,89,0
44.424,-0.0017691847780482,89,0
44.426,-0.0009988503780482,89,0
44.428,-0.0005711395780482,89,0
44.43,-0.0006285419780482,89,0
44.432,-0.0004683258780482,89,0
44.434,-0.0012169589280482,89,0
44.436,-0.0019655919780482,89,0
44.438,-0.0012033282780482,89,0
44.44,-0.0009249859280482,89,0
44.442,-0.0006466435780482,89,0
44.444,-0.0005204103280482,89,0
44.446,-0.0003941770780482,89,0
44.448,-0.0008908941780482,89,0
44.45,-0.0013876112780482,89,0
44.452,-0.0007185054780482,89,0
44.454,-0.0006221047780482,89,0
44.456,-0.0005502852280482,89,0
44.458,-0.0004784656780482,89,0
44.46,-0.0008321607780482,89,0
44.462,-0.0011858558780482,89,0
44.464,-0.0010134974280482,89,0
44.466,-0.0008411389780482,89,0
44.468,-0.0005935487780482,89,0
44.47,-0.0005873737447148,89,0
44.472,-0.0005811987113815,89,0
44.474,-0.0005750236780482,89,0
44.476,-0.0008826934030482,89,0
44.478,-0.0011903631280482,89,0
44.48,-0.0014980328530482,89,0
44.482,-0.0018057025780482,89,0
44.484,-0.0006017404780482,89,0
44.486,-0.0004632196780482,89,0
44.488,-0.0012015495780482,89,0
44.49,-0.0019398794780482,89,0
44.492,-0.0015765951280482,89,0
44.494,-0.0012133107780482,89,0
44.496,-0.0009316288280482,89,0
44.498,-0.0006499468780482,89,0
44.5,-0.0006501102280482,90,0
44.502,-0.0006502735780482,90,0
44.504,-0.0004140573780482,90,0
44.506,-0.0016945156780482,90,0
44.508,-0.0016053588447148,90,0
44.51,-0.0015162020113815,90,0
44.512,-0.0014270451780482,90,0
44.514,-0.0007376355780482,90,0
44.516,-0.0005024357780482,90,0
44.518,-0.0005775864580482,90,0
44.52,-0.0006527371380482,90,0
44.522,-0.0007278878180482,90,0
44.524,-0.0008030384980482,90,0
44.526,-0.0008781891780482,90,0
44.528,-0.0007408662780482,90,0
44.53,-0.0006035433780482,90,0
44.532,-0.0006116745780482,90,0
44.534,-0.0007268181780482,90,0
44.536,-0.0010890760447148,90,0
44.538,-0.0014513339113815,90,0
44.54,-0.0018135917780482,90,0
44.542,-0.0010251920780482,90,0
44.544,-0.0005997681780482,90,0
44.546,-0.0006210036780482,90,0
44.548,-0.0004610053780482,90,0
44.55,-0.0009628004447148,90,0
44.552,-0.0014645955113815,90,0
44.554,-0.0019663905780482,90,0
44.556,-0.0006661366780482,90,0
44.558,-0.0004041232780482,90,0
44.56,-0.0010413153280482,90,0
44.562,-0.0016785073780482,90,0
44.564,-0.0016179710780482,90,0
44.566,-0.0015574347780482,90,0
44.568,-0.0014968984780482,90,0
44.57,-0.0014363621780482,90,0
44.572,-0.0007514416780482,90,0
44.574,-0.0006249966780482,90,0
44.576,-0.0004988420780482,90,0
44.578,-0.0011258398780482,90,0
44.58,-0.0012931304447148,90,0
44.582,-0.0014604210113815,90,0
44.584,-0.0016277115780482,90,0
44.586,-0.0008734943780482,90,0
44.588,-0.0005985339780482,90,0
44.59,-0.0005973360780482,90,0
44.592,-0.0006953460780482,90,0
44.594,-0.0008029392780482,90,0
44.596,-0.0009105324780482,90,0
44.598,-0.0010181256780482,90,0
44.6,-0.0008261470780482,90,0
44.602,-0.0006341684780482,90,0
44.604,-0.0004550037780482,90,0
44.606,-0.0006442629030482,90,0
44.608,-0.0008335220280482,90,0
44.61,-0.0010227811530482,90,0
44.612,-0.0012120402780482,90,0
44.614,-0.0006377621780482,90,0
44.616,-0.0006320267780482,90,0
44.618,-0.0005250748780482,90,0
44.62,-0.0004181229780482,90,0
44.622,-0.0007487635447148,90,0
44.624,-0.0010794041113815,90,0
44.626,-0.0014100446780482,90,0
44.628,-0.0007533292780482,90,0
44.63,-0.0011090329780482,90,0
44.632,-0.0013605980280482,90,0
44.634,-0.0016121630780482,90,0
44.636,-0.0008830896780482,90,0
44.638,-0.0005739709780482,90,0
44.64,-0.0005690583780482,90,0
44.642,-0.0007449871923339,90,0
44.644,-0.0009209160066196,90,0
44.646,-0.0010968448209053,90,0
44.648,-0.001272773635191,90,0
44.65,-0.0014487024494767,90,0
44.652,-0.0016246312637625,90,0
44.654,-0.0018005600780482,90,0
44.656,-0.0006056366780482,90,0
44.658,-0.0006509995780482,90,0
44.66,-0.0005526265780482,90,0
44.662,-0.0004542535780482,90,0
44.664,-0.0007200825113815,90,0
44.666,-0.0009859114447148,90,0
44.668,-0.0012517403780482,90,0
44.67,-0.0009553327280482,90,0
44.672,-0.0006589250780482,90,0
44.674,-0.0006363343780482,90,0
44.676,-0.0004035908780482,90,0
44.678,-0.0016307486780482,90,0
44.68,-0.0015671752780482,90,0
44.682,-0.0015036018780482,90,0
44.684,-0.0014400284780482,90,0
44.686,-0.0007625615780482,90,0
44.688,-0.0006017888780482,90,0
44.69,-0.0010978888780482,90,0
44.692,-0.0012342952030482,90,0
44.694,-0.0013707015280482,90,0
44.696,-0.0015071078530482,90,0
44.698,-0.0016435141780482,90,0
44.7,-0.0008900471780482,90,0
44.702,-0.0005782664780482,90,0
44.704,-0.0005763667780482,90,0
44.706,-0.0006614418780482,90,0
44.708,-0.0010460565113815,90,0
44.71,-0.0014306711447148,90,0
44.712,-0.0018152857780482,90,0
44.714,-0.0010414665780482,90,0
44.716,-0.0006021034780482,90,0
44.718,-0.0006464257780482,90,0
44.72,-0.0004526563780482,90,0
44.722,-0.0009656399113815,90,0
44.724,-0.0014786234447148,90,0
44.726,-0.0019916069780482,90,0
44.728,-0.0012575725780482,90,0
44.73,-0.0006614781780482,90,0
44.732,-0.0006273803780482,90,0
44.734,-0.0004068699780482,90,0
44.736,-0.0015704785780482,90,0
44.738,-0.0012978534780482,90,0
44.74,-0.0010252283780482,90,0
44.742,-0.0007526032780482,90,0
44.744,-0.0006209310780482,90,0
44.746,-0.0005672191780482,90,0
44.748,-0.0005135072780482,90,0
44.75,-0.0007942454280482,90,0
44.752,-0.0010749835780482,90,0
44.754,-0.0013557217280482,90,0
44.756,-0.0016364598780482,90,0
44.758,-0.0008879054780482,90,0
44.76,-0.0005723374780482,90,0
44.762,-0.0006008813780482,90,0
44.764,-0.0006399401780482,90,0
44.766,-0.0010315647447148,90,0
44.768,-0.0014231893113815,90,0
44.77,-0.0018148138780482,90,0
44.772,-0.0010873497780482,90,0
44.774,-0.0006022244780482,90,0
44.776,-0.0006423238780482,90,0
44.778,-0.0007715204180482,90,0
44.78,-0.0009007169580482,90,0
44.782,-0.0010299134980482,90,0
44.784,-0.0011591100380482,90,0
44.786,-0.0012883065780482,90,0
44.788,-0.0006523668780482,90,0
44.79,-0.0006302117780482,90,0
44.792,-0.0004080920780482,90,0
44.794,-0.0015664734780482,90,0
44.796,-0.0015375665780482,90,0
44.798,-0.0015086596780482,90,0
44.8,-0.0014797527780482,90,0
44.802,-0.0007682122780482,90,0
44.804,-0.0006080203780482,90,0
44.806,-0.0005327946780482,90,0
44.808,-0.0010341702780482,90,0
44.81,-0.0012472149780482,90,0
44.812,-0.0014602596780482,90,0
44.814,-0.0016733043780482,90,0
44.816,-0.0008883894780482,90,0
44.818,-0.0005801540780482,90,0
44.82,-0.0008286735580482,90,0
44.822,-0.0010771930380482,90,0
44.824,-0.0013257125180482,90,0
44.826,-0.0015742319980482,90,0
44.828,-0.0018227514780482,90,0
44.83,-0.0010298989780482,90,0
44.832,-0.0006402063780482,90,0
44.834,-0.0005320081780482,90,0
44.836,-0.0004238099780482,90,0
44.838,-0.0006368183780482,90,0
44.84,-0.0008498267780482,90,0
44.842,-0.0010628351780482,90,0
44.844,-0.0012758435780482,90,0
44.846,-0.0006469823780482,90,0
44.848,-0.0004333689780482,90,0
44.85,-0.0009857581780482,90,0
44.852,-0.0015381473780482,90,0
44.854,-0.0015190172780482,90,0
44.856,-0.0014998871780482,90,0
44.858,-0.0014807570780482,90,0
44.86,-0.0007589315780482,90,0
44.862,-0.0005966947780482,90,0
44.864,-0.0005160240780482,90,0
44.866,-0.0009881902780482,90,0
44.868,-0.0013319089280482,90,0
44.87,-0.0016756275780482,90,0
44.872,-0.0012875140280482,90,0
44.874,-0.0008994004780482,90,0
44.876,-0.0005562928780482,90,0
44.878,-0.0005976869780482,90,0
44.88,-0.0009135968030482,90,0
44.882,-0.0012295066280482,90,0
44.884,-0.0015454164530482,90,0
44.886,-0.0018613262780482,90,0
44.888,-0.0006042209780482,90,0
44.89,-0.0006500557780482,90,0
44.892,-0.0008047089030482,90,0
44.894,-0.0009593620280482,90,0
44.896,-0.0011140151530482,90,0
44.898,-0.0012686682780482,90,0
44.9,-0.0009654180780482,90,0
44.902,-0.0006621678780482,90,0
44.904,-0.0006269205780482,90,0
44.906,-0.0004248989780482,90,0
44.908,-0.0015173837780482,90,0
44.91,-0.0015029484780482,90,0
44.912,-0.0014885131780482,90,0
44.914,-0.0014740778780482,90,0
44.916,-0.0007403580780482,90,0
44.918,-0.0007707734447148,90,0
44.92,-0.0008011888113815,90,0
44.922,-0.0008316041780482,90,0
44.924,-0.0008620195447148,90,0
44.926,-0.0008924349113815,90,0
44.928,-0.0009228502780482,90,0
44.93,-0.0005980983780482,90,0
44.932,-0.0006152501280482,90,0
44.934,-0.0006324018780482,90,0
44.936,-0.0006069797780482,90,0
44.938,-0.0010274830113815,90,0
44.94,-0.0014479862447148,90,0
44.942,-0.0018684894780482,90,0
44.944,-0.0010782989780482,90,0
44.946,-0.0005952548780482,90,0
44.948,-0.0006537704780482,90,0
44.95,-0.0004132103780482,90,0
44.952,-0.0019908325780482,90,0
44.954,-0.0016268887780482,90,0
44.956,-0.0012629449780482,90,0
44.958,-0.0009617820280482,90,0
44.96,-0.0006606190780482,90,0
44.962,-0.0006150383780482,90,0
44.964,-0.0004129078780482,90,0
44.966,-0.0014542943780482,90,0
44.968,-0.0014567224447148,90,0
44.97,-0.0014591505113815,90,0
44.972,-0.0014615785780482,90,0
44.974,-0.0007507277780482,90,0
44.976,-0.0005868453780482,90,0
44.978,-0.0005217352780482,90,0
44.98,-0.0009492403780482,90,0
44.982,-0.0011959755113815,90,0
44.984,-0.0014427106447148,90,0
44.986,-0.0016894457780482,90,0
44.988,-0.0005835057780482,90,0
44.99,-0.0005735232780482,90,0
44.992,-0.0005635407780482,90,0
44.994,-0.0008892485780482,90,0
44.996,-0.0012149563780482,90,0
44.998,-0.0015406641780482,90,0
45.0,-0.0018663719780482,91,0
45.002,-0.0010816627780482,91,0
45.004,-0.0006235688780482,91,0
45.006,-0.0004015096780482,91,0
45.008,-0.0011904599280482,91,0
45.01,-0.0019794101780482,91,0
45.012,-0.0017478565113815,91,0
45.014,-0.0015163028447148,91,0
45.016,-0.0012847491780482,91,0
45.018,-0.0006637287780482,91,0
45.02,-0.0006201929780482,91,0
45.022,-0.0004334052780482,91,0
45.024,-0.0007060424780482,91,0
45.026,-0.0009786796780482,91,0
45.028,-0.0012513168780482,91,0
45.03,-0.0015239540780482,91,0
45.032,-0.0007918677780482,91,0
45.034,-0.0006035917780482,91,0
45.036,-0.0005358559780482,91,0
45.038,-0.0009394635780482,91,0
45.04,-0.0012001742113815,91,0
45.042,-0.0014608848447148,91,0
45.044,-0.0017215954780482,91,0
45.046,-0.0009412422780482,91,0
45.048,-0.0005863976780482,91,0
45.05,-0.0005392802780482,91,0
45.052,-0.0008771788280482,91,0
45.054,-0.0012150773780482,91,0
45.056,-0.0015529759280482,91,0
45.058,-0.0018908744780482,91,0
45.06,-0.0011325311780482,91,0
45.062,-0.0006066772780482,91,0
45.064,-0.0006534316780482,91,0
45.066,-0.0003981458780482,91,0
45.068,-0.0019424809780482,91,0
45.07,-0.0015256279113815,91,0
45.072,-0.0011087748447148,91,0
45.074,-0.0006919217780482,91,0
45.076,-0.0006613692780482,91,0
45.078,-0.0006308167780482,91,0
45.08,-0.0004332116780482,91,0
45.082,-0.0009857339780482,91,0
45.084,-0.0015382562780482,91,0
45.086,-0.0011716081280482,91,0
45.088,-0.0008049599780482,91,0
45.09,-0.0006236777780482,91,0
45.092,-0.0005966584780482,91,0
45.094,-0.0005696391780482,91,0
45.096,-0.0009232495780482,91,0
45.098,-0.0011883605780482,91,0
45.1,-0.0014534715780482,91,0
45.102,-0.0017185825780482,91,0
45.104,-0.0005908625780482,91,0
45.106,-0.0006188135780482,91,0
45.108,-0.0005882429280482,91,0
45.11,-0.0005576722780482,91,0
45.112,-0.0010037589447148,91,0
45.114,-0.0014498456113815,91,0
45.116,-0.0018959322780482,91,0
45.118,-0.0012747969280482,91,0
45.12,-0.0006536615780482,91,0
45.122,-0.0019324016780482,91,0
45.124,-0.0017838015780482,91,0
45.126,-0.0016352014780482,91,0
45.128,-0.0014866013780482,91,0
45.13,-0.0013380012780482,91,0
45.132,-0.0007158797780482,91,0
45.134,-0.0006583200780482,91,0
45.136,-0.0004677450780482,91,0
45.138,-0.0014128276780482,91,0
45.14,-0.0014542419447148,91,0
45.142,-0.0014956562113815,91,0
45.144,-0.0015370704780482,91,0
45.146,-0.0008226259780482,91,0
45.148,-0.0006081171780482,91,0
45.15,-0.0005677515780482,91,0
45.152,-0.0006643005030482,91,0
45.154,-0.0007608494280482,91,0
45.156,-0.0008573983530482,91,0
45.158,-0.0009539472780482,91,0
45.16,-0.0006062416780482,91,0
45.162,-0.0006349428780482,91,0
45.164,-0.0006636440780482,91,0
45.166,-0.0005599228780482,91,0
45.168,-0.0012339957280482,91,0
45.17,-0.0019080685780482,91,0
45.172,-0.0011218347780482,91,0
45.174,-0.0008702515780482,91,0
45.176,-0.0006186683780482,91,0
45.178,-0.0006573157780482,91,0
45.18,-0.0019088792780482,91,0
45.182,-0.0017199377780482,91,0
45.184,-0.0015309962780482,91,0
45.186,-0.0013420547780482,91,0
45.188,-0.0009941858280482,91,0
45.19,-0.0006463168780482,91,0
45.192,-0.0004648047780482,91,0
45.194,-0.0006732708380482,91,0
45.196,-0.0008817368980482,91,0
45.198,-0.0010902029580482,91,0
45.2,-0.0012986690180482,91,0
45.202,-0.0015071350780482,91,0
45.204,-0.0006011959780482,91,0
45.206,-0.0005753806280482,91,0
45.208,-0.0005495652780482,91,0
45.21,-0.0008475398780482,91,0
45.212,-0.0011352415780482,91,0
45.214,-0.0014229432780482,91,0
45.216,-0.0017106449780482,91,0
45.218,-0.0009499784780482,91,0
45.22,-0.0005944441780482,91,0
45.222,-0.0006241617780482,91,0
45.224,-0.0005025688780482,91,0
45.226,-0.0012016524280482,91,0
45.228,-0.0019007359780482,91,0
45.23,-0.0015160225280482,91,0
45.232,-0.0011313090780482,91,0
45.234,-0.0006157280780482,91,0
45.236,-0.0006370966780482,91,0
45.238,-0.0018540904780482,91,0
45.24,-0.0017226330530482,91,0
45.242,-0.0015911756280482,91,0
45.244,-0.0014597182030482,91,0
45.246,-0.0013282607780482,91,0
45.248,-0.0006081050780482,91,0
45.25,-0.0005234776780482,91,0
45.252,-0.0004388502780482,91,0
45.254,-0.0013148902780482,91,0
45.256,-0.0011505601780482,91,0
45.258,-0.0009862300780482,91,0
45.26,-0.0008218999780482,91,0
45.262,-0.0006054551780482,91,0
45.264,-0.0007253177780482,91,0
45.266,-0.0008451803780482,91,0
45.268,-0.0011377099780482,91,0
45.27,-0.0014302395780482,91,0
45.272,-0.0017227691780482,91,0
45.274,-0.0013458844280482,91,0
45.276,-0.0009689996780482,91,0
45.278,-0.0005925444780482,91,0
45.28,-0.0006398433780482,91,0
45.282,-0.0005038272780482,91,0
45.284,-0.0009659182113815,91,0
45.286,-0.0014280091447148,91,0
45.288,-0.0018901000780482,91,0
45.29,-0.0011555211780482,91,0
45.292,-0.0006377379780482,91,0
45.294,-0.0006483012780482,91,0
45.296,-0.0004056599780482,91,0
45.298,-0.0006400460530482,91,0
45.3,-0.0008744321280482,91,0
45.302,-0.0011088182030482,91,0
45.304,-0.0013432042780482,91,0
45.306,-0.0007024003780482,91,0
45.308,-0.0004604608780482,91,0
45.31,-0.0008847534280482,91,0
45.312,-0.0013090459780482,91,0
45.314,-0.0013976704113815,91,0
45.316,-0.0014862948447148,91,0
45.318,-0.0015749192780482,91,0
45.32,-0.0008306966780482,91,0
45.322,-0.0006132596780482,91,0
45.324,-0.0005996350780482,91,0
45.326,-0.0009873392447148,91,0
45.328,-0.0013750434113815,91,0
45.33,-0.0017627475780482,91,0
45.332,-0.0005914191780482,91,0
45.334,-0.0006293889780482,91,0
45.336,-0.0005882288113815,91,0
45.338,-0.0005470686447148,91,0
45.34,-0.0005059084780482,91,0
45.342,-0.0008267641780482,91,0
45.344,-0.0011476198780482,91,0
45.346,-0.0006070039780482,91,0
45.348,-0.0006153045780482,91,0
45.35,-0.0006236051780482,91,0
45.352,-0.0006319057780482,91,0
45.354,-0.0004014249780482,91,0
45.356,-0.0007220225447148,91,0
45.358,-0.0010426201113815,91,0
45.36,-0.0013632176780482,91,0
45.362,-0.0006407629780482,91,0
45.364,-0.0008503470780482,91,0
45.366,-0.0010599311780482,91,0
45.368,-0.0012695152780482,91,0
45.37,-0.0015765164780482,91,0
45.372,-0.0013279340780482,91,0
45.374,-0.0010793516780482,91,0
45.376,-0.0008307692780482,91,0
45.378,-0.0007926058780482,91,0
45.38,-0.0009868665380482,91,0
45.382,-0.0011811271980482,91,0
45.384,-0.0013753878580482,91,0
45.386,-0.0015696485180482,91,0
45.388,-0.0017639091780482,91,0
45.39,-0.0010014034780482,91,0
45.392,-0.0007975366280482,91,0
45.394,-0.0005936697780482,91,0
45.396,-0.0006341079780482,91,0
45.398,-0.0009139991280482,91,0
45.4,-0.0011938902780482,91,0
45.402,-0.0009267706780482,91,0
45.404,-0.0006596510780482,91,0
45.406,-0.0006487005780482,91,0
45.408,-0.0005321110280482,91,0
45.41,-0.0004155214780482,91,0
45.412,-0.0008988015280482,91,0
45.414,-0.0013820815780482,91,0
45.416,-0.0010660961280482,91,0
45.418,-0.0007501106780482,91,0
45.42,-0.0006883946280482,91,0
45.422,-0.0006266785780482,91,0
45.424,-0.0004847818780482,91,0
45.426,-0.0012572700780482,91,0
45.428,-0.0013688683780482,91,0
45.43,-0.0014804666780482,91,0
45.432,-0.0015920649780482,91,0
45.434,-0.0012263969280482,91,0
45.436,-0.0008607288780482,91,0
45.438,-0.0005978079780482,91,0
45.44,-0.0005793796780482,91,0
45.442,-0.0007503768780482,91,0
45.444,-0.0012504396280482,91,0
45.446,-0.0017505023780482,91,0
45.448,-0.0013769451280482,91,0
45.45,-0.0010033878780482,91,0
45.452,-0.0006649266780482,91,0
45.454,-0.0004944134780482,91,0
45.456,-0.0009812610113815,91,0
45.458,-0.0014681085447148,91,0
45.46,-0.0019549560780482,91,0
45.462,-0.0011947614780482,91,0
45.464,-0.0006448890780482,91,0
45.466,-0.0006792772780482,91,0
45.468,-0.0004260363780482,91,0
45.47,-0.0017891376780482,91,0
45.472,-0.0016625555447148,91,0
45.474,-0.0015359734113815,91,0
45.476,-0.0014093912780482,91,0
45.478,-0.0007433951780482,91,0
45.48,-0.0006219958780482,91,0
45.482,-0.0012160574780482,91,0
45.484,-0.0013137075030482,91,0
45.486,-0.0014113575280482,91,0
45.488,-0.0015090075530482,91,0
45.49,-0.0016066575780482,91,0
45.492,-0.0008554774780482,91,0
45.494,-0.0006087584780482,91,0
45.496,-0.0009927600447148,91,0
45.498,-0.0013767616113815,91,0
45.5,-0.0017607631780482,92,0
45.502,-0.0013921608780482,92,0
45.504,-0.0010235585780482,92,0
45.506,-0.0006008571780482,92,0
45.508,-0.0006665480780482,92,0
45.51,-0.0005007296780482,92,0
45.512,-0.0009836971447148,92,0
45.514,-0.0014666646113815,92,0
45.516,-0.0019496320780482,92,0
45.518,-0.0012096686780482,92,0
45.52,-0.0006610183780482,92,0
45.522,-0.0004210995780482,92,0
45.524,-0.0017435085780482,92,0
45.526,-0.0016571992780482,92,0
45.528,-0.0015708899780482,92,0
45.53,-0.0014845806780482,92,0
45.532,-0.0013982713780482,92,0
45.534,-0.0007332432780482,92,0
45.536,-0.0006231211780482,92,0
45.538,-0.0004846608780482,92,0
45.54,-0.0012010655780482,92,0
45.542,-0.0013339397113815,92,0
45.544,-0.0014668138447148,92,0
45.546,-0.0015996879780482,92,0
45.548,-0.0005913344780482,92,0
45.55,-0.0005927683280482,92,0
45.552,-0.0005942021780482,92,0
45.554,-0.0007191346780482,92,0
45.556,-0.0012445408780482,92,0
45.558,-0.0017699470780482,92,0
45.56,-0.0010167220780482,92,0
45.562,-0.0005931010780482,92,0
45.564,-0.0006348339780482,92,0
45.566,-0.0006765668780482,92,0
45.568,-0.0004786108780482,92,0
45.57,-0.0012256951280482,92,0
45.572,-0.0019727793780482,92,0
45.574,-0.0012333362780482,92,0
45.576,-0.0006307804780482,92,0
45.578,-0.0006364856280482,92,0
45.58,-0.0006421907780482,92,0
45.582,-0.0003996220780482,92,0
45.584,-0.0017060348780482,92,0
45.586,-0.0016135303780482,92,0
45.588,-0.0015210258780482,92,0
45.59,-0.0014285213780482,92,0
45.592,-0.0007271085780482,92,0
45.594,-0.0006057697780482,92,0
45.596,-0.0011550976780482,92,0
45.598,-0.0012727822780482,92,0
45.6,-0.0013904668780482,92,0
45.602,-0.0015081514780482,92,0
45.604,-0.0016258360780482,92,0
45.606,-0.0008724537780482,92,0
45.608,-0.0005752414780482,92,0
45.61,-0.0005734869780482,92,0
45.612,-0.0007135323780482,92,0
45.614,-0.0008159588780482,92,0
45.616,-0.0009183853780482,92,0
45.618,-0.0010208118780482,92,0
45.62,-0.0005798636780482,92,0
45.622,-0.0006442961780482,92,0
45.624,-0.0004785745780482,92,0
45.626,-0.0008520894780482,92,0
45.628,-0.0012256043780482,92,0
45.63,-0.0015991192780482,92,0
45.632,-0.0019726341780482,92,0
45.634,-0.0006357898780482,92,0
45.636,-0.0006214997780482,92,0
45.638,-0.0004118672780482,92,0
45.64,-0.0010433844280482,92,0
45.642,-0.0016749015780482,92,0
45.644,-0.0016012730780482,92,0
45.646,-0.0015276445780482,92,0
45.648,-0.0014540160780482,92,0
45.65,-0.0007494572780482,92,0
45.652,-0.0006113478780482,92,0
45.654,-0.0005118011780482,92,0
45.656,-0.0006231816780482,92,0
45.658,-0.0007345621780482,92,0
45.66,-0.0008459426780482,92,0
45.662,-0.0005571156780482,92,0
45.664,-0.0005994132447148,92,0
45.666,-0.0006417108113815,92,0
45.668,-0.0006840083780482,92,0
45.67,-0.0009689633780482,92,0
45.672,-0.0012539183780482,92,0
45.674,-0.0015388733780482,92,0
45.676,-0.0018238283780482,92,0
45.678,-0.0010575111780482,92,0
45.68,-0.0006093392780482,92,0
45.682,-0.0006643337780482,92,0
45.684,-0.0004638730780482,92,0
45.686,-0.0009723110447148,92,0
45.688,-0.0014807490113815,92,0
45.69,-0.0019891869780482,92,0
45.692,-0.0012559874780482,92,0
45.694,-0.0006534800780482,92,0
45.696,-0.0006623372780482,92,0
45.698,-0.0004243181780482,92,0
45.7,-0.0016438045780482,92,0
45.702,-0.0015525282280482,92,0
45.704,-0.0014612518780482,92,0
45.706,-0.0007579635780482,92,0
45.708,-0.0006215723780482,92,0
45.71,-0.0011113319780482,92,0
45.712,-0.0010648195780482,92,0
45.714,-0.0010183071780482,92,0
45.716,-0.0009717947780482,92,0
45.718,-0.0009252823780482,92,0
45.72,-0.0008787699780482,92,0
45.722,-0.0007340660780482,92,0
45.724,-0.0005893621780482,92,0
45.726,-0.0006011596780482,92,0
45.728,-0.0006990607780482,92,0
45.73,-0.0008089207113815,92,0
45.732,-0.0009187806447148,92,0
45.734,-0.0010286405780482,92,0
45.736,-0.0008124014780482,92,0
45.738,-0.0005961623780482,92,0
45.74,-0.0006545811780482,92,0
45.742,-0.0004563468780482,92,0
45.744,-0.0012200746780482,92,0
45.746,-0.0019838024780482,92,0
45.748,-0.0016067785780482,92,0
45.75,-0.0012297546780482,92,0
45.752,-0.0006417067780482,92,0
45.754,-0.0004097497780482,92,0
45.756,-0.0006651263280482,92,0
45.758,-0.0009205028780482,92,0
45.76,-0.0011758794280482,92,0
45.762,-0.0014312559780482,92,0
45.764,-0.0007396925780482,92,0
45.766,-0.0006730820780482,92,0
45.768,-0.0006064715780482,92,0
45.77,-0.0005014314780482,92,0
45.772,-0.0010635732780482,92,0
45.774,-0.0012583550447148,92,0
45.776,-0.0014531368113815,92,0
45.778,-0.0016479185780482,92,0
45.78,-0.0008719092780482,92,0
45.782,-0.0005879222780482,92,0
45.784,-0.0006194669780482,92,0
45.786,-0.0006597599780482,92,0
45.788,-0.0010596972447148,92,0
45.79,-0.0014596345113815,92,0
45.792,-0.0018595717780482,92,0
45.794,-0.0006042572780482,92,0
45.796,-0.0006792893780482,92,0
45.798,-0.0004402780780482,92,0
45.8,-0.0008245710530482,92,0
45.802,-0.0012088640280482,92,0
45.804,-0.0015931570030482,92,0
45.806,-0.0019774499780482,92,0
45.808,-0.0012347156780482,92,0
45.81,-0.0006439815780482,92,0
45.812,-0.0006443082780482,92,0
45.814,-0.0004080678780482,92,0
45.816,-0.0015494003780482,92,0
45.818,-0.0014870490780482,92,0
45.82,-0.0014246977780482,92,0
45.822,-0.0010812392780482,92,0
45.824,-0.0007377807780482,92,0
45.826,-0.0005822110780482,92,0
45.828,-0.0010368564780482,92,0
45.83,-0.0012411044780482,92,0
45.832,-0.0014453524780482,92,0
45.834,-0.0016496004780482,92,0
45.836,-0.0012675913780482,92,0
45.838,-0.0008855822780482,92,0
45.84,-0.0006157280780482,92,0
45.842,-0.0006310769280482,92,0
45.844,-0.0006464257780482,92,0
45.846,-0.0010461210447148,92,0
45.848,-0.0014458163113815,92,0
45.85,-0.0018455115780482,92,0
45.852,-0.0006033618780482,92,0
45.854,-0.0006743888780482,92,0
45.856,-0.0004526684780482,92,0
45.858,-0.0006547475530482,92,0
45.86,-0.0008568266280482,92,0
45.862,-0.0010589057030482,92,0
45.864,-0.0012609847780482,92,0
45.866,-0.0006497290780482,92,0
45.868,-0.0006377258780482,92,0
45.87,-0.0004179535780482,92,0
45.872,-0.0009893700280482,92,0
45.874,-0.0015607864780482,92,0
45.876,-0.0012948970447148,92,0
45.878,-0.0010290076113815,92,0
45.88,-0.0007631181780482,92,0
45.882,-0.0006822236280482,92,0
45.884,-0.0006013290780482,92,0
45.886,-0.0005066707780482,92,0
45.888,-0.0010404138780482,92,0
45.89,-0.0013484133280482,92,0
45.892,-0.0016564127780482,92,0
45.894,-0.0009049301780482,92,0
45.896,-0.0005810131780482,92,0
45.898,-0.0005822110780482,92,0
45.9,-0.0005950491780482,92,0
45.902,-0.0006078872780482,92,0
45.904,-0.0007665949113815,92,0
45.906,-0.0009253025447148,92,0
45.908,-0.0010840101780482,92,0
45.91,-0.0006101741780482,92,0
45.912,-0.0006533590780482,92,0
45.914,-0.0004372167780482,92,0
45.916,-0.0006054212980482,92,0
45.918,-0.0007736258180482,92,0
45.92,-0.0009418303380482,92,0
45.922,-0.0011100348580482,92,0
45.924,-0.0012782393780482,92,0
45.926,-0.0006514351780482,92,0
45.928,-0.0004193692780482,92,0
45.93,-0.0009756304780482,92,0
45.932,-0.0015318916780482,92,0
45.934,-0.0015152259447148,92,0
45.936,-0.0014985602113815,92,0
45.938,-0.0014818944780482,92,0
45.94,-0.0007736209780482,92,0
45.942,-0.0005083042780482,92,0
45.944,-0.0008922574447148,92,0
45.946,-0.0012762106113815,92,0
45.948,-0.0016601637780482,92,0
45.95,-0.0012843559280482,92,0
45.952,-0.0009085480780482,92,0
45.954,-0.0007505644280482,92,0
45.956,-0.0005925807780482,92,0
45.958,-0.0006008450780482,92,0
45.96,-0.0009154753280482,92,0
45.962,-0.0012301055780482,92,0
45.964,-0.0015447358280482,92,0
45.966,-0.0018593660780482,92,0
45.968,-0.0010846756780482,92,0
45.97,-0.0006100047780482,92,0
45.972,-0.0006632689780482,92,0
45.974,-0.0004217650780482,92,0
45.976,-0.0004795607280482,92,0
45.978,-0.0005373563780482,92,0
45.98,-0.0005951520280482,92,0
45.982,-0.0006529476780482,92,0
45.984,-0.0006143123780482,92,0
45.986,-0.0005103128780482,92,0
45.988,-0.0004063133780482,92,0
45.99,-0.0007662561113815,92,0
45.992,-0.0011261988447148,92,0
45.994,-0.0014861415780482,92,0
45.996,-0.0011278666280482,92,0
45.998,-0.0007695916780482,92,0
46.0,-0.0006150262780482,93,0
46.002,-0.0005479680780482,93,0
46.004,-0.0009752069780482,93,0
46.006,-0.0009540561780482,93,0
46.008,-0.0009329053780482,93,0
46.01,-0.0009117545780482,93,0
46.012,-0.0005968883780482,93,0
46.014,-0.0005895557780482,93,0
46.016,-0.0006919846980482,93,0
46.018,-0.0007944136180482,93,0
46.02,-0.0008968425380482,93,0
46.022,-0.0009992714580482,93,0
46.024,-0.0011017003780482,93,0
46.026,-0.0006313733780482,93,0
46.028,-0.0006778373780482,93,0
46.03,-0.0004105483780482,93,0
46.032,-0.0004734169530482,93,0
46.034,-0.0005362855280482,93,0
46.036,-0.0005991541030482,93,0
46.038,-0.0006620226780482,93,0
46.04,-0.0004190546780482,93,0
46.042,-0.0005437048447148,93,0
46.044,-0.0006683550113815,93,0
46.046,-0.0007930051780482,93,0
46.048,-0.0006163330780482,93,0
46.05,-0.0005795127780482,93,0
46.052,-0.0005426924780482,93,0
46.054,-0.0006437153780482,93,0
46.056,-0.0007447382780482,93,0
46.058,-0.0008457611780482,93,0
46.06,-0.0009467840780482,93,0
46.062,-0.0009421175113815,93,0
46.064,-0.0009374509447148,93,0
46.066,-0.0009327843780482,93,0
46.068,-0.0007645278280482,93,0
46.07,-0.0005962712780482,93,0
46.072,-0.0006198783780482,93,0
46.074,-0.0005587733780482,93,0
46.076,-0.0007421004780482,93,0
46.078,-0.0009254275780482,93,0
46.08,-0.0011087546780482,93,0
46.082,-0.0006112026780482,93,0
46.084,-0.0006407448280482,93,0
46.086,-0.0006702869780482,93,0
46.088,-0.0019983345780482,93,0
46.09,-0.0016714984530482,93,0
46.092,-0.0013446623280482,93,0
46.094,-0.0010178262030482,93,0
46.096,-0.0006909900780482,93,0
46.098,-0.0006677036280482,93,0
46.1,-0.0006444171780482,93,0
46.102,-0.0014414199780482,93,0
46.104,-0.0014615392530482,93,0
46.106,-0.0014816585280482,93,0
46.108,-0.0015017778030482,93,0
46.11,-0.0015218970780482,93,0
46.112,-0.0007923638780482,93,0
46.114,-0.0005959203780482,93,0
46.116,-0.0005286080780482,93,0
46.118,-0.0011343824780482,93,0
46.12,-0.0010313872780482,93,0
46.122,-0.0009283920780482,93,0
46.124,-0.0005923145780482,93,0
46.126,-0.0006105492780482,93,0
46.128,-0.0006287839780482,93,0
46.13,-0.0005437330780482,93,0
46.132,-0.0012077326780482,93,0
46.134,-0.0018717322780482,93,0
46.136,-0.0005871478780482,93,0
46.138,-0.0006015771280482,93,0
46.14,-0.0006160063780482,93,0
46.142,-0.0004006868780482,93,0
46.144,-0.0019568436780482,93,0
46.146,-0.0017987995280482,93,0
46.148,-0.0016407553780482,93,0
46.15,-0.0014827112280482,93,0
46.152,-0.0013246670780482,93,0
46.154,-0.0006879287780482,93,0
46.156,-0.0006163088780482,93,0
46.158,-0.0004432909780482,93,0
46.16,-0.0007057248530482,93,0
46.162,-0.0009681587280482,93,0
46.164,-0.0012305926030482,93,0
46.166,-0.0014930264780482,93,0
46.168,-0.0007748430780482,93,0
46.17,-0.0005597292780482,93,0
46.172,-0.0008860420780482,93,0
46.174,-0.0010863364030482,93,0
46.176,-0.0012866307280482,93,0
46.178,-0.0014869250530482,93,0
46.18,-0.0016872193780482,93,0
46.182,-0.0009225719780482,93,0
46.184,-0.0005584345780482,93,0
46.186,-0.0005840260780482,93,0
46.188,-0.0009108985030482,93,0
46.19,-0.0012377709280482,93,0
46.192,-0.0015646433530482,93,0
46.194,-0.0018915157780482,93,0
46.196,-0.0011474504780482,93,0
46.198,-0.0006428078780482,93,0
46.2,-0.0005172159280482,93,0
46.202,-0.0003916239780482,93,0
46.204,-0.0019284207780482,93,0
46.206,-0.0017321507113815,93,0
46.208,-0.0015358806447148,93,0
46.21,-0.0013396105780482,93,0
46.212,-0.0006962777780482,93,0
46.214,-0.0006199267780482,93,0
46.216,-0.0004404958780482,93,0
46.218,-0.0013819363780482,93,0
46.22,-0.0014419160780482,93,0
46.222,-0.0015018957780482,93,0
46.224,-0.0011365120780482,93,0
46.226,-0.0007711283780482,93,0
46.228,-0.0005607698780482,93,0
46.23,-0.0005073725780482,93,0
46.232,-0.0008100238280482,93,0
46.234,-0.0011126750780482,93,0
46.236,-0.0014153263280482,93,0
46.238,-0.0017179775780482,93,0
46.24,-0.0009571658780482,93,0
46.242,-0.0005805533780482,93,0
46.244,-0.0006078872780482,93,0
46.246,-0.0009255546280482,93,0
46.248,-0.0012432219780482,93,0
46.25,-0.0015608893280482,93,0
46.252,-0.0018785566780482,93,0
46.254,-0.0011200560780482,93,0
46.256,-0.0005971424780482,93,0
46.258,-0.0006232300780482,93,0
46.26,-0.0003997309780482,93,0
46.262,-0.0018856230780482,93,0
46.264,-0.0015877513280482,93,0
46.266,-0.0012898795780482,93,0
46.268,-0.0006615386780482,93,0
46.27,-0.0006390568780482,93,0
46.272,-0.0006165750780482,93,0
46.274,-0.0004460376780482,93,0
46.276,-0.0013247154780482,93,0
46.278,-0.0011366482030482,93,0
46.28,-0.0009485809280482,93,0
46.282,-0.0007605136530482,93,0
46.284,-0.0005724463780482,93,0
46.286,-0.0005390382780482,93,0
46.288,-0.0008138292780482,93,0
46.29,-0.0012515528280482,93,0
46.292,-0.0016892763780482,93,0
46.294,-0.0013139525280482,93,0
46.296,-0.0009386286780482,93,0
46.298,-0.0005583256780482,93,0
46.3,-0.0005995987780482,93,0
46.302,-0.0004932639780482,93,0
46.304,-0.0007034127447148,93,0
46.306,-0.0009135615113815,93,0
46.308,-0.0011237102780482,93,0
46.31,-0.0005855748780482,93,0
46.312,-0.0005855748780482,93,0
46.314,-0.0004887264780482,93,0
46.316,-0.0003918780780482,93,0
46.318,-0.0004913723447148,93,0
46.32,-0.0005908666113815,93,0
46.322,-0.0006903608780482,93,0
46.324,-0.0006450766280482,93,0
46.326,-0.0005997923780482,93,0
46.328,-0.0005278397280482,93,0
46.33,-0.0004558870780482,93,0
46.332,-0.0013072309780482,93,0
46.334,-0.0014254177280482,93,0
46.336,-0.0015436044780482,93,0
46.338,-0.0007831678780482,93,0
46.34,-0.0006689196780482,93,0
46.342,-0.0005546714780482,93,0
46.344,-0.0005420269780482,93,0
46.346,-0.0006798661447148,93,0
46.348,-0.0008177053113815,93,0
46.35,-0.0009555444780482,93,0
46.352,-0.0005567889780482,93,0
46.354,-0.0005813701280482,93,0
46.356,-0.0006059512780482,93,0
46.358,-0.0005045774780482,93,0
46.36,-0.0008599817030482,93,0
46.362,-0.0012153859280482,93,0
46.364,-0.0015707901530482,93,0
46.366,-0.0019261943780482,93,0
46.368,-0.0006045597780482,93,0
46.37,-0.0006064473780482,93,0
46.372,-0.0006083349780482,93,0
46.374,-0.0003765715780482,93,0
46.376,-0.0018246632780482,93,0
46.378,-0.0016003897780482,93,0
46.38,-0.0013761162780482,93,0
46.382,-0.0006805719780482,93,0
46.384,-0.0005753140780482,93,0
46.386,-0.0009296746780482,93,0
46.388,-0.0012840352780482,93,0
46.39,-0.0013506246030482,93,0
46.392,-0.0014172139280482,93,0
46.394,-0.0014838032530482,93,0
46.396,-0.0015503925780482,93,0
46.398,-0.0007888548780482,93,0
46.4,-0.0005670981780482,93,0
46.402,-0.0005528685780482,93,0
46.404,-0.0007906214780482,93,0
46.406,-0.0008601037113815,93,0
46.408,-0.0009295859447148,93,0
46.41,-0.0009990681780482,93,0
46.412,-0.0007868160280482,93,0
46.414,-0.0005745638780482,93,0
46.416,-0.0006170590780482,93,0
46.418,-0.0005014798780482,93,0
46.42,-0.0012151439280482,93,0
46.422,-0.0019288079780482,93,0
46.424,-0.0015485836280482,93,0
46.426,-0.0011683592780482,93,0
46.428,-0.0005877044780482,93,0
46.43,-0.0006130418780482,93,0
46.432,-0.0003957621780482,93,0
46.434,-0.0017802804780482,93,0
46.436,-0.0014149451780482,93,0
46.438,-0.0010496098780482,93,0
46.44,-0.0006842745780482,93,0
46.442,-0.0006419850780482,93,0
46.444,-0.0005996955780482,93,0
46.446,-0.0004786834780482,93,0
46.448,-0.0012507239780482,93,0
46.45,-0.0014230945280482,93,0
46.452,-0.0015954650780482,93,0
46.454,-0.0012056030780482,93,0
46.456,-0.0008157410780482,93,0
46.458,-0.0005560992780482,93,0
46.46,-0.0005549981780482,93,0
46.462,-0.0008557315780482,93,0
46.464,-0.0011564649780482,93,0
46.466,-0.0014571983780482,93,0
46.468,-0.0017579317780482,93,0
46.47,-0.0009529913780482,93,0
46.472,-0.0005601285780482,93,0
46.474,-0.0006318210780482,93,0
46.476,-0.0009534209280482,93,0
46.478,-0.0012750207780482,93,0
46.48,-0.0015966206280482,93,0
46.482,-0.0019182204780482,93,0
46.484,-0.0011441592780482,93,0
46.486,-0.0005890959780482,93,0
46.488,-0.0004033851780482,93,0
46.49,-0.0010838589280482,93,0
46.492,-0.0017643326780482,93,0
46.494,-0.0016255053447148,93,0
46.496,-0.0014866780113815,93,0
46.498,-0.0013478506780482,93,0
46.5,-0.0006636440780482,94,1
46.502,-0.0005699537780482,94,1
46.504,-0.0011985608780482,94,1
46.506,-0.0012861739530482,94,1
46.508,-0.0013737870280482,94,1
46.51,-0.0014614001030482,94,1
46.512,-0.0015490131780482,94,1
46.514,-0.0007841358780482,94,1
46.516,-0.0005652226780482,94,1
46.518,-0.0005869300780482,94,1
46.52,-0.0009735573447148,94,1
46.522,-0.0013601846113815,94,1
46.524,-0.0017468118780482,94,1
46.526,-0.0005658881780482,94,1
46.528,-0.0005907012447148,94,1
46.53,-0.0006155143113815,94,1
46.532,-0.0006403273780482,94,1
46.534,-0.0004492320780482,94,1
46.536,-0.0011965038780482,94,1
46.538,-0.0019437756780482,94,1
46.54,-0.0015617060780482,94,1
46.542,-0.0011796364780482,94,1
46.544,-0.0006006272780482,94,1
46.546,-0.0006266664780482,94,1
46.548,-0.0003990775780482,94,1
46.55,-0.0006412984030482,94,1
46.552,-0.0008835192280482,94,1
46.554,-0.0011257400530482,94,1
46.556,-0.0013679608780482,94,1
46.558,-0.0006891871780482,94,1
46.56,-0.0005916732780482,94,1
46.562,-0.0011711180780482,94,1
46.564,-0.0013180040113815,94,1
46.566,-0.0014648899447148,94,1
46.568,-0.0016117758780482,94,1
46.57,-0.0008536866780482,94,1
46.572,-0.0007230248280482,94,1
46.574,-0.0005923629780482,94,1
46.576,-0.0007267939780482,94,1
46.578,-0.0006891508780482,94,1
46.58,-0.0006515077780482,94,1
46.582,-0.0006138646780482,94,1
46.584,-0.0005762215780482,94,1
46.586,-0.0006097204280482,94,1
46.588,-0.0006432192780482,94,1
46.59,-0.0009712412030482,94,1
46.592,-0.0012992631280482,94,1
46.594,-0.0016272850530482,94,1
46.596,-0.0019553069780482,94,1
46.598,-0.0015785734780482,94,1
46.6,-0.0012018399780482,94,1
46.602,-0.0006193943780482,94,1
46.604,-0.0006211004780482,94,1
46.606,-0.0003881875780482,94,1
46.608,-0.0016826334780482,94,1
46.61,-0.0015942712113815,94,1
46.612,-0.0015059089447148,94,1
46.614,-0.0014175466780482,94,1
46.616,-0.0007052922780482,94,1
46.618,-0.0004600736780482,94,1
46.62,-0.0008017474280482,94,1
46.622,-0.0011434211780482,94,1
46.624,-0.0013002008780482,94,1
46.626,-0.0014569805780482,94,1
46.628,-0.0016137602780482,94,1
46.63,-0.0005688768780482,94,1
46.632,-0.0005631172780482,94,1
46.634,-0.0006308107280482,94,1
46.636,-0.0006985041780482,94,1
46.638,-0.0007970667447148,94,1
46.64,-0.0008956293113815,94,1
46.642,-0.0009941918780482,94,1
46.644,-0.0007790175780482,94,1
46.646,-0.0005638432780482,94,1
46.648,-0.0006193459780482,94,1
46.65,-0.0004300535780482,94,1
46.652,-0.0006770145780482,94,1
46.654,-0.0009239755780482,94,1
46.656,-0.0011709365780482,94,1
46.658,-0.0005936818780482,94,1
46.66,-0.0004916728280482,94,1
46.662,-0.0003896637780482,94,1
46.664,-0.0016184550780482,94,1
46.666,-0.0015331339447148,94,1
46.668,-0.0014478128113815,94,1
46.67,-0.0013624916780482,94,1
46.672,-0.0005556999780482,94,1
46.674,-0.0004482156780482,94,1
46.676,-0.0006714751980482,94,1
46.678,-0.0008947347180482,94,1
46.68,-0.0011179942380482,94,1
46.682,-0.0013412537580482,94,1
46.684,-0.0015645132780482,94,1
46.686,-0.0007999747780482,94,1
46.688,-0.0006658099780482,94,1
46.69,-0.0005316451780482,94,1
46.692,-0.0005340046780482,94,1
46.694,-0.0006086858780482,94,1
46.696,-0.0011692486280482,94,1
46.698,-0.0017298113780482,94,1
46.7,-0.0005258371780482,94,1
46.702,-0.0005953274780482,94,1
46.704,-0.0003994889780482,94,1
46.706,-0.0007797526530482,94,1
46.708,-0.0011600163280482,94,1
46.71,-0.0015402800030482,94,1
46.712,-0.0019205436780482,94,1
46.714,-0.0012494171780482,94,1
46.716,-0.0005782906780482,94,1
46.718,-0.0005789985280482,94,1
46.72,-0.0005797063780482,94,1
46.722,-0.0003599582780482,94,1
46.724,-0.0004331844530482,94,1
46.726,-0.0005064106280482,94,1
46.728,-0.0005796368030482,94,1
46.73,-0.0006528629780482,94,1
46.732,-0.0005246150780482,94,1
46.734,-0.0007984804280482,94,1
46.736,-0.0010723457780482,94,1
46.738,-0.0012531197780482,94,1
46.74,-0.0014338937780482,94,1
46.742,-0.0016146677780482,94,1
46.744,-0.0008614064780482,94,1
46.746,-0.0006372902780482,94,1
46.748,-0.0006568620280482,94,1
46.75,-0.0006764337780482,94,1
46.752,-0.0010685907447148,94,1
46.754,-0.0014607477113815,94,1
46.756,-0.0018529046780482,94,1
46.758,-0.0011149982780482,94,1
46.76,-0.0007208528780482,94,1
46.762,-0.0008105501780482,94,1
46.764,-0.0006252991780482,94,1
46.766,-0.0007088230580482,94,1
46.768,-0.0007923469380482,94,1
46.77,-0.0008758708180482,94,1
46.772,-0.0009593946980482,94,1
46.774,-0.0010429185780482,94,1
46.776,-0.0008102597780482,94,1
46.778,-0.0009118247580482,94,1
46.78,-0.0010133897380482,94,1
46.782,-0.0011149547180482,94,1
46.784,-0.0012165196980482,94,1
46.786,-0.0013180846780482,94,1
46.788,-0.0011420296780482,94,1
46.79,-0.0010296811780482,94,1
46.792,-0.0016734979780482,94,1
46.794,-0.0016425703780482,94,1
46.796,-0.0016116427780482,94,1
46.798,-0.0015807151780482,94,1
46.8,-0.0015497875780482,94,1
46.802,-0.0011986697780482,94,1
46.804,-0.0012159183280482,94,1
46.806,-0.0012331668780482,94,1
46.808,-0.0014312378280482,94,1
46.81,-0.0016293087780482,94,1
46.812,-0.0014740940113815,94,1
46.814,-0.0013188792447148,94,1
46.816,-0.0011636644780482,94,1
46.818,-0.0008857032780482,94,1
46.82,-0.0012884457280482,94,1
46.822,-0.0016911881780482,94,1
46.824,-0.0013634415280482,94,1
46.826,-0.0010356948780482,94,1
46.828,-0.0009827452780482,94,1
46.83,-0.0008580426780482,94,1
46.832,-0.0007333400780482,94,1
46.834,-0.0018677513780482,94,1
46.836,-0.0015614560113815,94,1
46.838,-0.0012551606447148,94,1
46.84,-0.0009488652780482,94,1
46.842,-0.0007859387780482,94,1
46.844,-0.0006668263780482,94,1
46.846,-0.0009152756780482,94,1
46.848,-0.0011637249780482,94,1
46.85,-0.0013578856113815,94,1
46.852,-0.0015520462447148,94,1
46.854,-0.0017462068780482,94,1
46.856,-0.0009438800780482,94,1
46.858,-0.0006138162780482,94,1
46.86,-0.0006220442780482,94,1
46.862,-0.0006244400780482,94,1
46.864,-0.0010177062113815,94,1
46.866,-0.0014109723447148,94,1
46.868,-0.0018042384780482,94,1
46.87,-0.0010377881780482,94,1
46.872,-0.0005533888780482,94,1
46.874,-0.0006059270780482,94,1
46.876,-0.0007528573780482,94,1
46.878,-0.0008997876780482,94,1
46.88,-0.0010467179780482,94,1
46.882,-0.0011936482780482,94,1
46.884,-0.0005719260780482,94,1
46.886,-0.0005626937780482,94,1
46.888,-0.0005534614780482,94,1
46.89,-0.0003390131780482,94,1
46.892,-0.0014705809780482,94,1
46.894,-0.0014230219280482,94,1
46.896,-0.0013754628780482,94,1
46.898,-0.0010162743780482,94,1
46.9,-0.0006570858780482,94,1
46.902,-0.0004883513780482,94,1
46.904,-0.0004105483780482,94,1
46.906,-0.0009206843780482,94,1
46.908,-0.0015767705780482,94,1
46.91,-0.0007828290780482,94,1
46.912,-0.0006823587447148,94,1
46.914,-0.0005818884113815,94,1
46.916,-0.0004814180780482,94,1
46.918,-0.0005080017780482,94,1
46.92,-0.0008189506030482,94,1
46.922,-0.0011298994280482,94,1
46.924,-0.0014408482530482,94,1
46.926,-0.0017517970780482,94,1
46.928,-0.0009856008780482,94,1
46.93,-0.0005090423780482,94,1
46.932,-0.0005582893780482,94,1
46.934,-0.0003267800780482,94,1
46.936,-0.0019216084780482,94,1
46.938,-0.0019149111280482,94,1
46.94,-0.0019082137780482,94,1
46.942,-0.0011531132780482,94,1
46.944,-0.0005699658780482,94,1
46.946,-0.0005391108780482,94,1
46.948,-0.0003330357780482,94,1
46.95,-0.0006788779780482,94,1
46.952,-0.0010247201780482,94,1
46.954,-0.0013705623780482,94,1
46.956,-0.0006853998780482,94,1
46.958,-0.0005648959780482,94,1
46.96,-0.0004443920780482,94,1
46.962,-0.0006604678280482,94,1
46.964,-0.0008765435780482,94,1
46.966,-0.0012303294280482,94,1
46.968,-0.0015841152780482,94,1
46.97,-0.0008332981780482,94,1
46.972,-0.0006782487780482,94,1
46.974,-0.0005231993780482,94,1
46.976,-0.0005602737780482,94,1
46.978,-0.0005572245780482,94,1
46.98,-0.0007176100780482,94,1
46.982,-0.0008779955780482,94,1
46.984,-0.0010383810780482,94,1
46.986,-0.0005636738780482,94,1
46.988,-0.0006444655780482,94,1
46.99,-0.0005266720780482,94,1
46.992,-0.0004088785780482,94,1
46.994,-0.0019929258780482,94,1
46.996,-0.0017515550780482,94,1
46.998,-0.0015101842780482,94,1
47.0,-0.0012688134780482,95,1
47.002,-0.0006853635780482,95,1
47.004,-0.0004622274780482,95,1
47.006,-0.0009834470780482,95,1
47.008,-0.0015046666780482,95,1
47.01,-0.0015673003113815,95,1
47.012,-0.0016299339447148,95,1
47.014,-0.0016925675780482,95,1
47.016,-0.0010406679780482,95,1
47.018,-0.0008670450780482,95,1
47.02,-0.0008097636780482,95,1
47.022,-0.0012742342780482,95,1
47.024,-0.0012612437180482,95,1
47.026,-0.0012482531580482,95,1
47.028,-0.0012352625980482,95,1
47.03,-0.0012222720380482,95,1
47.032,-0.0012092814780482,95,1
47.034,-0.0012265481780482,95,1
47.036,-0.0013864799280482,95,1
47.038,-0.0015464116780482,95,1
47.04,-0.0017063434280482,95,1
47.042,-0.0018662751780482,95,1
47.044,-0.0013412077780482,95,1
47.046,-0.0013872482780482,95,1
47.048,-0.0011401662780482,95,1
47.05,-0.0012109706380482,95,1
47.052,-0.0012817749980482,95,1
47.054,-0.0013525793580482,95,1
47.056,-0.0014233837180482,95,1
47.058,-0.0014941880780482,95,1
47.06,-0.0013873087780482,95,1
47.062,-0.0011715536780482,95,1
47.064,-0.0012577105180482,95,1
47.066,-0.0013438673580482,95,1
47.068,-0.0014300241980482,95,1
47.07,-0.0015161810380482,95,1
47.072,-0.0016023378780482,95,1
47.074,-0.0013974606780482,95,1
47.076,-0.0017026105780482,95,1
47.078,-0.0017091234030482,95,1
47.08,-0.0017156362280482,95,1
47.082,-0.0017221490530482,95,1
47.084,-0.0017286618780482,95,1
47.086,-0.0013268813780482,95,1
47.088,-0.0012590245780482,95,1
47.09,-0.0013657949780482,95,1
47.092,-0.0014725653780482,95,1
47.094,-0.0015793357780482,95,1
47.096,-0.0016861061780482,95,1
47.098,-0.0017928765780482,95,1
47.1,-0.0012363612780482,95,1
47.102,-0.0012261367780482,95,1
47.104,-0.0010856618280482,95,1
47.106,-0.0009451868780482,95,1
47.108,-0.0011660723780482,95,1
47.11,-0.0013869578780482,95,1
47.112,-0.0016078433780482,95,1
47.114,-0.0018287288780482,95,1
47.116,-0.0011630594780482,95,1
47.118,-0.0010348599780482,95,1
47.12,-0.0008124014780482,95,1
47.122,-0.0017706609780482,95,1
47.124,-0.0018252380280482,95,1
47.126,-0.0018798150780482,95,1
47.128,-0.0011287922780482,95,1
47.13,-0.0010017422780482,95,1
47.132,-0.0008746922780482,95,1
47.134,-0.0007881530780482,95,1
47.136,-0.0011255131780482,95,1
47.138,-0.0014051119113815,95,1
47.14,-0.0016847106447148,95,1
47.142,-0.0019643093780482,95,1
47.144,-0.0007890968780482,95,1
47.146,-0.0007936041280482,95,1
47.148,-0.0007981113780482,95,1
47.15,-0.0006945353780482,95,1
47.152,-0.0008959761780482,95,1
47.154,-0.0010974169780482,95,1
47.156,-0.0012988577780482,95,1
47.158,-0.0010357069780482,95,1
47.16,-0.0007725561780482,95,1
47.162,-0.0006378045280482,95,1
47.164,-0.0005030528780482,95,1
47.166,-0.0007336577030482,95,1
47.168,-0.0009642625280482,95,1
47.17,-0.0011948673530482,95,1
47.172,-0.0014254721780482,95,1
47.174,-0.0007911175780482,95,1
47.176,-0.0005286443780482,95,1
47.178,-0.0009826303280482,95,1
47.18,-0.0014366162780482,95,1
47.182,-0.0014883236113815,95,1
47.184,-0.0015400309447148,95,1
47.186,-0.0015917382780482,95,1
47.188,-0.0008441518780482,95,1
47.19,-0.0006404483780482,95,1
47.192,-0.0006062053780482,95,1
47.194,-0.0009882023780482,95,1
47.196,-0.0013701993780482,95,1
47.198,-0.0017521963780482,95,1
47.2,-0.0009942523780482,95,1
47.202,-0.0006011717780482,95,1
47.204,-0.0006205559780482,95,1
47.206,-0.0006399401780482,95,1
47.208,-0.0005286806780482,95,1
47.21,-0.0009825073113815,95,1
47.212,-0.0014363339447148,95,1
47.214,-0.0018901605780482,95,1
47.216,-0.0011351447780482,95,1
47.218,-0.0006288081780482,95,1
47.22,-0.0006543391780482,95,1
47.222,-0.0003906317780482,95,1
47.224,-0.0006259979530482,95,1
47.226,-0.0008613641280482,95,1
47.228,-0.0010967303030482,95,1
47.23,-0.0013320964780482,95,1
47.232,-0.0006766878780482,95,1
47.234,-0.0005739225780482,95,1
47.236,-0.0004288435780482,95,1
47.238,-0.0013052465780482,95,1
47.24,-0.0013805126113815,95,1
47.242,-0.0014557786447148,95,1
47.244,-0.0015310446780482,95,1
47.246,-0.0007942272780482,95,1
47.248,-0.0005630688780482,95,1
47.25,-0.0005356865780482,95,1
47.252,-0.0007855394780482,95,1
47.254,-0.0012510083280482,95,1
47.256,-0.0017164771780482,95,1
47.258,-0.0009805914780482,95,1
47.26,-0.0007785154280482,95,1
47.262,-0.0005764393780482,95,1
47.264,-0.0006190676780482,95,1
47.266,-0.0004828700780482,95,1
47.268,-0.0005169235113815,95,1
47.27,-0.0005509769447148,95,1
47.272,-0.0005850303780482,95,1
47.274,-0.0006003913280482,95,1
47.276,-0.0006157522780482,95,1
47.278,-0.0004962345280482,95,1
47.28,-0.0003767167780482,95,1
47.282,-0.0018132529780482,95,1
47.284,-0.0016549849780482,95,1
47.286,-0.0014967169780482,95,1
47.288,-0.0013384489780482,95,1
47.29,-0.0006511084780482,95,1
47.292,-0.0005645087780482,95,1
47.294,-0.0004004206780482,95,1
47.296,-0.0012461501780482,95,1
47.298,-0.0013435067780482,95,1
47.3,-0.0014408633780482,95,1
47.302,-0.0015382199780482,95,1
47.304,-0.0007889274780482,95,1
47.306,-0.0005366908780482,95,1
47.308,-0.0007758715780482,95,1
47.31,-0.0010112226280482,95,1
47.312,-0.0012465736780482,95,1
47.314,-0.0014819247280482,95,1
47.316,-0.0017172757780482,95,1
47.318,-0.0009497485780482,95,1
47.32,-0.0005913223780482,95,1
47.322,-0.0005191700780482,95,1
47.324,-0.0004470177780482,95,1
47.326,-0.0009322681113815,95,1
47.328,-0.0014175184447148,95,1
47.33,-0.0019027687780482,95,1
47.332,-0.0011178659780482,95,1
47.334,-0.0005676063780482,95,1
47.336,-0.0005875229780482,95,1
47.338,-0.0003632736780482,95,1
47.34,-0.0017671398780482,95,1
47.342,-0.0014051845113815,95,1
47.344,-0.0010432291447148,95,1
47.346,-0.0006812737780482,95,1
47.348,-0.0006279732780482,95,1
47.35,-0.0005746727780482,95,1
47.352,-0.0004344216780482,95,1
47.354,-0.0012113263780482,95,1
47.356,-0.0013344035447148,95,1
47.358,-0.0014574807113815,95,1
47.36,-0.0015805578780482,95,1
47.362,-0.0008367587780482,95,1
47.364,-0.0005521667780482,95,1
47.366,-0.0005323469780482,95,1
47.368,-0.0007395110780482,95,1
47.37,-0.0012364580780482,95,1
47.372,-0.0017334050780482,95,1
47.374,-0.0013515472280482,95,1
47.376,-0.0009696893780482,95,1
47.378,-0.0006083591780482,95,1
47.38,-0.0005295155780482,95,1
47.382,-0.0004506719780482,95,1
47.384,-0.0009371847447148,95,1
47.386,-0.0014236975113815,95,1
47.388,-0.0019102102780482,95,1
47.39,-0.0011654068780482,95,1
47.392,-0.0005973723780482,95,1
47.394,-0.0006160305780482,95,1
47.396,-0.0003993800780482,95,1
47.398,-0.0017384386780482,95,1
47.4,-0.0016038907113815,95,1
47.402,-0.0014693427447148,95,1
47.404,-0.0013347947780482,95,1
47.406,-0.0006761070780482,95,1
47.408,-0.0005870389780482,95,1
47.41,-0.0004760456780482,95,1
47.412,-0.0012009203780482,95,1
47.414,-0.0013757956280482,95,1
47.416,-0.0015506708780482,95,1
47.418,-0.0008169752780482,95,1
47.42,-0.0005617862780482,95,1
47.422,-0.0005657853280482,95,1
47.424,-0.0005697843780482,95,1
47.426,-0.0007143551780482,95,1
47.428,-0.0010523525447148,95,1
47.43,-0.0013903499113815,95,1
47.432,-0.0017283472780482,95,1
47.434,-0.0009439768780482,95,1
47.436,-0.0005988485780482,95,1
47.438,-0.0004217287780482,95,1
47.44,-0.0009176311447148,95,1
47.442,-0.0014135335113815,95,1
47.444,-0.0019094358780482,95,1
47.446,-0.0015460486780482,95,1
47.448,-0.0011826614780482,95,1
47.45,-0.0006115898780482,95,1
47.452,-0.0003756156780482,95,1
47.454,-0.0010295420280482,95,1
47.456,-0.0016834683780482,95,1
47.458,-0.0015759961780482,95,1
47.46,-0.0014685239780482,95,1
47.462,-0.0013610517780482,95,1
47.464,-0.0006868760780482,95,1
47.466,-0.0005762578780482,95,1
47.468,-0.0004494498780482,95,1
47.47,-0.0011332692780482,95,1
47.472,-0.0013500831280482,95,1
47.474,-0.0015668969780482,95,1
47.476,-0.0011926016280482,95,1
47.478,-0.0008183062780482,95,1
47.48,-0.0005772137780482,95,1
47.482,-0.0006981653780482,95,1
47.484,-0.0009650823030482,95,1
47.486,-0.0012319992280482,95,1
47.488,-0.0014989161530482,95,1
47.49,-0.0017658330780482,95,1
47.492,-0.0009857460780482,95,1
47.494,-0.0005616773780482,95,1
47.496,-0.0006304174780482,95,1
47.498,-0.0004537695780482,95,1
47.5,-0.0009503172780482,96,0
47.502,-0.0014468649780482,96,0
47.504,-0.0019434126780482,96,0
47.506,-0.0006139372780482,96,0
47.508,-0.0006175672780482,96,0
47.51,-0.0006211972780482,96,0
47.512,-0.0016677383780482,96,0
47.514,-0.0015969412780482,96,0
47.516,-0.0015261441780482,96,0
47.518,-0.0014553470780482,96,0
47.52,-0.0013845499780482,96,0
47.522,-0.0006780188780482,96,0
47.524,-0.0005670134780482,96,0
47.526,-0.0004491110780482,96,0
47.528,-0.0008254009113815,96,0
47.53,-0.0012016907447148,96,0
47.532,-0.0015779805780482,96,0
47.534,-0.0011997224780482,96,0
47.536,-0.0008214643780482,96,0
47.538,-0.0005474356780482,96,0
47.54,-0.0005748663780482,96,0
47.542,-0.0006580780780482,96,0
47.544,-0.0010323714113815,96,0
47.546,-0.0014066647447148,96,0
47.548,-0.0017809580780482,96,0
47.55,-0.0010009315780482,96,0
47.552,-0.0005629962780482,96,0
47.554,-0.0006335876780482,96,0
47.556,-0.0004513374780482,96,0
47.558,-0.0009660835780482,96,0
47.56,-0.0014808296780482,96,0
47.562,-0.0019955757780482,96,0
47.564,-0.0006091577780482,96,0
47.566,-0.0005959324780482,96,0
47.568,-0.0016099971780482,96,0
47.57,-0.0015096216280482,96,0
47.572,-0.0014092460780482,96,0
47.574,-0.0011753893780482,96,0
47.576,-0.0009415326780482,96,0
47.578,-0.0007076759780482,96,0
47.58,-0.0005930163780482,96,0
47.582,-0.0004894766780482,96,0
47.584,-0.0010767985780482,96,0
47.586,-0.0012485338780482,96,0
47.588,-0.0014202691780482,96,0
47.59,-0.0015920044780482,96,0
47.592,-0.0008210771780482,96,0
47.594,-0.0005402966780482,96,0
47.596,-0.0006597478780482,96,0
47.598,-0.0009414268030482,96,0
47.6,-0.0012231057280482,96,0
47.602,-0.0015047846530482,96,0
47.604,-0.0017864635780482,96,0
47.606,-0.0005719986780482,96,0
47.608,-0.0006286387780482,96,0
47.61,-0.0005204829280482,96,0
47.612,-0.0004123270780482,96,0
47.614,-0.0009293479780482,96,0
47.616,-0.0014463688780482,96,0
47.618,-0.0019633897780482,96,0
47.62,-0.0012158275780482,96,0
47.622,-0.0006155344780482,96,0
47.624,-0.0006098353780482,96,0
47.626,-0.0003866629780482,96,0
47.628,-0.0015425275780482,96,0
47.63,-0.0013898013780482,96,0
47.632,-0.0010356343780482,96,0
47.634,-0.0006814673780482,96,0
47.636,-0.0006213061780482,96,0
47.638,-0.0005611449780482,96,0
47.64,-0.0004865363780482,96,0
47.642,-0.0010490411780482,96,0
47.644,-0.0013249332780482,96,0
47.646,-0.0016008253780482,96,0
47.648,-0.0008512545780482,96,0
47.65,-0.0007035196280482,96,0
47.652,-0.0005557846780482,96,0
47.654,-0.0005854054780482,96,0
47.656,-0.0006189466780482,96,0
47.658,-0.0010169923113815,96,0
47.66,-0.0014150379447148,96,0
47.662,-0.0018130835780482,96,0
47.664,-0.0010351987780482,96,0
47.666,-0.0005475687780482,96,0
47.668,-0.0006211125780482,96,0
47.67,-0.0009554900280482,96,0
47.672,-0.0012898674780482,96,0
47.674,-0.0016242449280482,96,0
47.676,-0.0019586223780482,96,0
47.678,-0.0012041389780482,96,0
47.68,-0.0005949523780482,96,0
47.682,-0.0006019703780482,96,0
47.684,-0.0003672061780482,96,0
47.686,-0.0015220180780482,96,0
47.688,-0.0014902959113815,96,0
47.69,-0.0014585737447148,96,0
47.692,-0.0014268515780482,96,0
47.694,-0.0007209375780482,96,0
47.696,-0.0005757012780482,96,0
47.698,-0.0004876979780482,96,0
47.7,-0.0009913967780482,96,0
47.702,-0.0012131575113815,96,0
47.704,-0.0014349182447148,96,0
47.706,-0.0016566789780482,96,0
47.708,-0.0005608908780482,96,0
47.71,-0.0005893137780482,96,0
47.712,-0.0006012625280482,96,0
47.714,-0.0006132112780482,96,0
47.716,-0.0010192509780482,96,0
47.718,-0.0014252906780482,96,0
47.72,-0.0018313303780482,96,0
47.722,-0.0010872287780482,96,0
47.724,-0.0005879101780482,96,0
47.726,-0.0006275618780482,96,0
47.728,-0.0004185585780482,96,0
47.73,-0.0009356964447148,96,0
47.732,-0.0014528343113815,96,0
47.734,-0.0019699721780482,96,0
47.736,-0.0012434397780482,96,0
47.738,-0.0006355962780482,96,0
47.74,-0.0006146874780482,96,0
47.742,-0.0004187158780482,96,0
47.744,-0.0015000444780482,96,0
47.746,-0.0014916309447148,96,0
47.748,-0.0014832174113815,96,0
47.75,-0.0014748038780482,96,0
47.752,-0.0007387729780482,96,0
47.754,-0.0004925258780482,96,0
47.756,-0.0009529550780482,96,0
47.758,-0.0011862713113815,96,0
47.76,-0.0014195875447148,96,0
47.762,-0.0016529037780482,96,0
47.764,-0.0008871915780482,96,0
47.766,-0.0005563775780482,96,0
47.768,-0.0005834815780482,96,0
47.77,-0.0008329375980482,96,0
47.772,-0.0010823936180482,96,0
47.774,-0.0013318496380482,96,0
47.776,-0.0015813056580482,96,0
47.778,-0.0018307616780482,96,0
47.78,-0.0010384415780482,96,0
47.782,-0.0005661664780482,96,0
47.784,-0.0006166597780482,96,0
47.786,-0.0004133918780482,96,0
47.788,-0.0019984071780482,96,0
47.79,-0.0017538782780482,96,0
47.792,-0.0015093493780482,96,0
47.794,-0.0012648204780482,96,0
47.796,-0.0006499468780482,96,0
47.798,-0.0006197573780482,96,0
47.8,-0.0004260726780482,96,0
47.802,-0.0014740415780482,96,0
47.804,-0.0014650472447148,96,0
47.806,-0.0014560529113815,96,0
47.808,-0.0014470585780482,96,0
47.81,-0.0007169566780482,96,0
47.812,-0.0005705345780482,96,0
47.814,-0.0009298803780482,96,0
47.816,-0.0009146616030482,96,0
47.818,-0.0008994428280482,96,0
47.82,-0.0008842240530482,96,0
47.822,-0.0008690052780482,96,0
47.824,-0.0007131754280482,96,0
47.826,-0.0005573455780482,96,0
47.828,-0.0006279853780482,96,0
47.83,-0.0007391299280482,96,0
47.832,-0.0008502744780482,96,0
47.834,-0.0009614190280482,96,0
47.836,-0.0010725635780482,96,0
47.838,-0.0005697843780482,96,0
47.84,-0.0006265091780482,96,0
47.842,-0.0005047650280482,96,0
47.844,-0.0003830208780482,96,0
47.846,-0.0019383185780482,96,0
47.848,-0.0015914781280482,96,0
47.85,-0.0012446376780482,96,0
47.852,-0.0009180768280482,96,0
47.854,-0.0005915159780482,96,0
47.856,-0.0004927376280482,96,0
47.858,-0.0003939592780482,96,0
47.86,-0.0007527888113815,96,0
47.862,-0.0011116183447148,96,0
47.864,-0.0014704478780482,96,0
47.866,-0.0007493483780482,96,0
47.868,-0.0009073985780482,96,0
47.87,-0.0010355496780482,96,0
47.872,-0.0011637007780482,96,0
47.874,-0.0012918518780482,96,0
47.876,-0.0014200029780482,96,0
47.878,-0.0015481540780482,96,0
47.88,-0.0016763051780482,96,0
47.882,-0.0005402361780482,96,0
47.884,-0.0005462377780482,96,0
47.886,-0.0005522393780482,96,0
47.888,-0.0005267809780482,96,0
47.89,-0.0009654987447148,96,0
47.892,-0.0014042165113815,96,0
47.894,-0.0018429342780482,96,0
47.896,-0.0005846068780482,96,0
47.898,-0.0006119952280482,96,0
47.9,-0.0006393835780482,96,0
47.902,-0.0004119277780482,96,0
47.904,-0.0019528385780482,96,0
47.906,-0.0016327451780482,96,0
47.908,-0.0013126517780482,96,0
47.91,-0.0009899689780482,96,0
47.912,-0.0006672861780482,96,0
47.914,-0.0006231332780482,96,0
47.916,-0.0013897045780482,96,0
47.918,-0.0012315122030482,96,0
47.92,-0.0010733198280482,96,0
47.922,-0.0009151274530482,96,0
47.924,-0.0007569350780482,96,0
47.926,-0.0006690648780482,96,0
47.928,-0.0005811946780482,96,0
47.93,-0.0005480769780482,96,0
47.932,-0.0008906400780482,96,0
47.934,-0.0012842470280482,96,0
47.936,-0.0016778539780482,96,0
47.938,-0.0008957583780482,96,0
47.94,-0.0005463950780482,96,0
47.942,-0.0008765950030482,96,0
47.944,-0.0012067949280482,96,0
47.946,-0.0015369948530482,96,0
47.948,-0.0018671947780482,96,0
47.95,-0.0006343378780482,96,0
47.952,-0.0005569987113815,96,0
47.954,-0.0004796595447148,96,0
47.956,-0.0004023203780482,96,0
47.958,-0.0011536577780482,96,0
47.96,-0.0019049951780482,96,0
47.962,-0.0017014933447148,96,0
47.964,-0.0014979915113815,96,0
47.966,-0.0012944896780482,96,0
47.968,-0.0009794056780482,96,0
47.97,-0.0006643216780482,96,0
47.972,-0.0005907052780482,96,0
47.974,-0.0004131014780482,96,0
47.976,-0.0007707169780482,96,0
47.978,-0.0011283324780482,96,0
47.98,-0.0014859479780482,96,0
47.982,-0.0007481504780482,96,0
47.984,-0.0005185166780482,96,0
47.986,-0.0008525008780482,96,0
47.988,-0.0010694236280482,96,0
47.99,-0.0012863463780482,96,0
47.992,-0.0015032691280482,96,0
47.994,-0.0017201918780482,96,0
47.996,-0.0009225114780482,96,0
47.998,-0.0007432197280482,96,0
48.0,-0.0005639279780482,97,0
48.002,-0.0006239318780482,97,0
48.004,-0.0005068885780482,97,0
48.006,-0.0009688141447148,97,0
48.008,-0.0014307397113815,97,0
48.01,-0.0018926652780482,97,0
48.012,-0.0010887896780482,97,0
48.014,-0.0005856232780482,97,0
48.016,-0.0003877277780482,97,0
48.018,-0.0018751202780482,97,0
48.02,-0.0016836781113815,97,0
48.022,-0.0014922359447148,97,0
48.024,-0.0013007937780482,97,0
48.026,-0.0009805188780482,97,0
48.028,-0.0006602439780482,97,0
48.03,-0.0005873293780482,97,0
48.032,-0.0004274762780482,97,0
48.034,-0.0013075697780482,97,0
48.036,-0.0014055434780482,97,0
48.038,-0.0015035171780482,97,0
48.04,-0.0011419207780482,97,0
48.042,-0.0007803243780482,97,0
48.044,-0.0005572850780482,97,0
48.046,-0.0005273859780482,97,0
48.048,-0.0009237174447148,97,0
48.05,-0.0013200489113815,97,0
48.052,-0.0017163803780482,97,0
48.054,-0.0005708007780482,97,0
48.056,-0.0006180875780482,97,0
48.058,-0.0005752495447148,97,0
48.06,-0.0005324115113815,97,0
48.062,-0.0004895734780482,97,0
48.064,-0.0009532938780482,97,0
48.066,-0.0014170142780482,97,0
48.068,-0.0018807346780482,97,0
48.07,-0.0011323859780482,97,0
48.072,-0.0006065320780482,97,0
48.074,-0.0006313128780482,97,0
48.076,-0.0003678716780482,97,0
48.078,-0.0013370332780482,97,0
48.08,-0.0008692896280482,97,0
48.082,-0.0004015459780482,97,0
48.084,-0.0005724560580482,97,0
48.086,-0.0007433661380482,97,0
48.088,-0.0009142762180482,97,0
48.09,-0.0010851862980482,97,0
48.092,-0.0012560963780482,97,0
48.094,-0.0013958634780482,97,0
48.096,-0.0015356305780482,97,0
48.098,-0.0010561136280482,97,0
48.1,-0.0005765966780482,97,0
48.102,-0.0005814689447148,97,0
48.104,-0.0005863412113815,97,0
48.106,-0.0005912134780482,97,0
48.108,-0.0005960857447148,97,0
48.11,-0.0006009580113815,97,0
48.112,-0.0006058302780482,97,0
48.114,-0.0004793368780482,97,0
48.116,-0.0006109558380482,97,0
48.118,-0.0007425747980482,97,0
48.12,-0.0008741937580482,97,0
48.122,-0.0010058127180482,97,0
48.124,-0.0011374316780482,97,0
48.126,-0.0009619615113815,97,0
48.128,-0.0007864913447148,97,0
48.13,-0.0006110211780482,97,0
48.132,-0.0006272351780482,97,0
48.134,-0.0018278576780482,97,0
48.136,-0.0017158268030482,97,0
48.138,-0.0016037959280482,97,0
48.14,-0.0014917650530482,97,0
48.142,-0.0013797341780482,97,0
48.144,-0.0007085350780482,97,0
48.146,-0.0004284079780482,97,0
48.148,-0.0008410179780482,97,0
48.15,-0.0012536279780482,97,0
48.152,-0.0013643107113815,97,0
48.154,-0.0014749934447148,97,0
48.156,-0.0015856761780482,97,0
48.158,-0.0008276958780482,97,0
48.16,-0.0005858894780482,97,0
48.162,-0.0005676910780482,97,0
48.164,-0.0007948443780482,97,0
48.166,-0.0011144860447148,97,0
48.168,-0.0014341277113815,97,0
48.17,-0.0017537693780482,97,0
48.172,-0.0005577327780482,97,0
48.174,-0.0006024422780482,97,0
48.176,-0.0005423415780482,97,0
48.178,-0.0004822408780482,97,0
48.18,-0.0011967337780482,97,0
48.182,-0.0019112266780482,97,0
48.184,-0.0012631264780482,97,0
48.186,-0.0006150262780482,97,0
48.188,-0.0005965616780482,97,0
48.19,-0.0011870537780482,97,0
48.192,-0.0017775458780482,97,0
48.194,-0.0016383474780482,97,0
48.196,-0.0014991490780482,97,0
48.198,-0.0013599506780482,97,0
48.2,-0.0004408104780482,97,0
48.202,-0.0008404371780482,97,0
48.204,-0.0012400638780482,97,0
48.206,-0.0013067784380482,97,0
48.208,-0.0013734929980482,97,0
48.21,-0.0014402075580482,97,0
48.212,-0.0015069221180482,97,0
48.214,-0.0015736366780482,97,0
48.216,-0.0008257477780482,97,0
48.218,-0.0007570318780482,97,0
48.22,-0.0007178762780482,97,0
48.222,-0.0006787206780482,97,0
48.224,-0.0006395650780482,97,0
48.226,-0.0006004094780482,97,0
48.228,-0.0005612538780482,97,0
48.23,-0.0005875411280482,97,0
48.232,-0.0006138283780482,97,0
48.234,-0.0005340167780482,97,0
48.236,-0.0004542051780482,97,0
48.238,-0.0009499018447148,97,0
48.24,-0.0014455985113815,97,0
48.242,-0.0019412951780482,97,0
48.244,-0.0006265333780482,97,0
48.246,-0.0006285177780482,97,0
48.248,-0.0005094416780482,97,0
48.25,-0.0003903655780482,97,0
48.252,-0.0017335139780482,97,0
48.254,-0.0013873450780482,97,0
48.256,-0.0011582396447148,97,0
48.258,-0.0009291342113815,97,0
48.26,-0.0007000287780482,97,0
48.262,-0.0005687437780482,97,0
48.264,-0.0004409556780482,97,0
48.266,-0.0008440671780482,97,0
48.268,-0.0005644724780482,97,0
48.27,-0.0005920362780482,97,0
48.272,-0.0006196000780482,97,0
48.274,-0.0006471638780482,97,0
48.276,-0.0006747276780482,97,0
48.278,-0.0007022914780482,97,0
48.28,-0.0007298552780482,97,0
48.282,-0.0010793476447148,97,0
48.284,-0.0014288400113815,97,0
48.286,-0.0017783323780482,97,0
48.288,-0.0010296448780482,97,0
48.29,-0.0006510479780482,97,0
48.292,-0.0007696424980482,97,0
48.294,-0.0008882370180482,97,0
48.296,-0.0010068315380482,97,0
48.298,-0.0011254260580482,97,0
48.3,-0.0012440205780482,97,0
48.302,-0.0006434612780482,97,0
48.304,-0.0006389600780482,97,0
48.306,-0.0004314813780482,97,0
48.308,-0.0010823343280482,97,0
48.31,-0.0017331872780482,97,0
48.312,-0.0015688329780482,97,0
48.314,-0.0014044786780482,97,0
48.316,-0.0010654669280482,97,0
48.318,-0.0007264551780482,97,0
48.32,-0.0006012685780482,97,0
48.322,-0.0011636886780482,97,0
48.324,-0.0012712213780482,97,0
48.326,-0.0013787540780482,97,0
48.328,-0.0014862867780482,97,0
48.33,-0.0015938194780482,97,0
48.332,-0.0005807348780482,97,0
48.334,-0.0005952911780482,97,0
48.336,-0.0006098474780482,97,0
48.338,-0.0007512117780482,97,0
48.34,-0.0012789351280482,97,0
48.342,-0.0018066584780482,97,0
48.344,-0.0005887934780482,97,0
48.346,-0.0007860597780482,97,0
48.348,-0.0009833260780482,97,0
48.35,-0.0011805923780482,97,0
48.352,-0.0013778586780482,97,0
48.354,-0.0015751249780482,97,0
48.356,-0.0017723912780482,97,0
48.358,-0.0019696575780482,97,0
48.36,-0.0012281816780482,97,0
48.362,-0.0006323897780482,97,0
48.364,-0.0006383671780482,97,0
48.366,-0.0017101246780482,97,0
48.368,-0.0016116911780482,97,0
48.37,-0.0015132576780482,97,0
48.372,-0.0014148241780482,97,0
48.374,-0.0007202599780482,97,0
48.376,-0.0006561360280482,97,0
48.378,-0.0005920120780482,97,0
48.38,-0.0004958654780482,97,0
48.382,-0.0007753664030482,97,0
48.384,-0.0010548673280482,97,0
48.386,-0.0013343682530482,97,0
48.388,-0.0016138691780482,97,0
48.39,-0.0008599060780482,97,0
48.392,-0.0005721438780482,97,0
48.394,-0.0008177520980482,97,0
48.396,-0.0010633603180482,97,0
48.398,-0.0013089685380482,97,0
48.4,-0.0015545767580482,97,0
48.402,-0.0018001849780482,97,0
48.404,-0.0009998183780482,97,0
48.406,-0.0005645208780482,97,0
48.408,-0.0006255290780482,97,0
48.41,-0.0009669608280482,97,0
48.412,-0.0013083925780482,97,0
48.414,-0.0016498243280482,97,0
48.416,-0.0019912560780482,97,0
48.418,-0.0006329463780482,97,0
48.42,-0.0006113599780482,97,0
48.422,-0.0011167648780482,97,0
48.424,-0.0016221697780482,97,0
48.426,-0.0015733856030482,97,0
48.428,-0.0015246014280482,97,0
48.43,-0.0014758172530482,97,0
48.432,-0.0014270330780482,97,0
48.434,-0.0007446535780482,97,0
48.436,-0.0006109848780482,97,0
48.438,-0.0005336900780482,97,0
48.44,-0.0010699015780482,97,0
48.442,-0.0012516234113815,97,0
48.444,-0.0014333452447148,97,0
48.446,-0.0016150670780482,97,0
48.448,-0.0008487619780482,97,0
48.45,-0.0005671102780482,97,0
48.452,-0.0006020792780482,97,0
48.454,-0.0006404241780482,97,0
48.456,-0.0010371912447148,97,0
48.458,-0.0014339583113815,97,0
48.46,-0.0018307253780482,97,0
48.462,-0.0010403049780482,97,0
48.464,-0.0005690220780482,97,0
48.466,-0.0006279853780482,97,0
48.468,-0.0004338045780482,97,0
48.47,-0.0012010716280482,97,0
48.472,-0.0019683386780482,97,0
48.474,-0.0012214419780482,97,0
48.476,-0.0006214513780482,97,0
48.478,-0.0006038337780482,97,0
48.48,-0.0005037365280482,97,0
48.482,-0.0004036392780482,97,0
48.484,-0.0015548816780482,97,0
48.486,-0.0015115152780482,97,0
48.488,-0.0014681488780482,97,0
48.49,-0.0014247824780482,97,0
48.492,-0.0004855683780482,97,0
48.494,-0.0007613031780482,97,0
48.496,-0.0010370379780482,97,0
48.498,-0.0011888869280482,97,0
48.5,-0.0013407358780482,98,0
48.502,-0.0014925848280482,98,0
48.504,-0.0016444337780482,98,0
48.506,-0.0008445148780482,98,0
48.508,-0.0005440355780482,98,0
48.51,-0.0005676668780482,98,0
48.512,-0.0006016799780482,98,0
48.514,-0.0008209985280482,98,0
48.516,-0.0010403170780482,98,0
48.518,-0.0007987708280482,98,0
48.52,-0.0005572245780482,98,0
48.522,-0.0005797668780482,98,0
48.524,-0.0006023091780482,98,0
48.526,-0.0004072450780482,98,0
48.528,-0.0009343856113815,98,0
48.53,-0.0014615261447148,98,0
48.532,-0.0019886666780482,98,0
48.534,-0.0012566166780482,98,0
48.536,-0.0006293647780482,98,0
48.538,-0.0005882247780482,98,0
48.54,-0.0004016306780482,98,0
48.542,-0.0006720717280482,98,0
48.544,-0.0009425127780482,98,0
48.546,-0.0012129538280482,98,0
48.548,-0.0014833948780482,98,0
48.55,-0.0005708128780482,98,0
48.552,-0.0005016976780482,98,0
48.554,-0.0007563845280482,98,0
48.556,-0.0010110713780482,98,0
48.558,-0.0012277259113815,98,0
48.56,-0.0014443804447148,98,0
48.562,-0.0016610349780482,98,0
48.564,-0.0008633303780482,98,0
48.566,-0.0005529895780482,98,0
48.568,-0.0006103435780482,98,0
48.57,-0.0006173857780482,98,0
48.572,-0.0010284147113815,98,0
48.574,-0.0014394436447148,98,0
48.576,-0.0018504725780482,98,0
48.578,-0.0010480852780482,98,0
48.58,-0.0005563412780482,98,0
48.582,-0.0004129078780482,98,0
48.584,-0.0005792562580482,98,0
48.586,-0.0007456046380482,98,0
48.588,-0.0009119530180482,98,0
48.59,-0.0010783013980482,98,0
48.592,-0.0012446497780482,98,0
48.594,-0.0006057576780482,98,0
48.596,-0.0004129320780482,98,0
48.598,-0.0014826930780482,98,0
48.6,-0.0011037573780482,98,0
48.602,-0.0007248216780482,98,0
48.604,-0.0005642909780482,98,0
48.606,-0.0005021090780482,98,0
48.608,-0.0009655995780482,98,0
48.61,-0.0013114780780482,98,0
48.612,-0.0016573565780482,98,0
48.614,-0.0012634229280482,98,0
48.616,-0.0008694892780482,98,0
48.618,-0.0007928236780482,98,0
48.62,-0.0007161580780482,98,0
48.622,-0.0006394924780482,98,0
48.624,-0.0005628268780482,98,0
48.626,-0.0006171558780482,98,0
48.628,-0.0005817028780482,98,0
48.63,-0.0010098371780482,98,0
48.632,-0.0014379714780482,98,0
48.634,-0.0018661057780482,98,0
48.636,-0.0010763145780482,98,0
48.638,-0.0005766208780482,98,0
48.64,-0.0006196000780482,98,0
48.642,-0.0003902082780482,98,0
48.644,-0.0019599654780482,98,0
48.646,-0.0015217881780482,98,0
48.648,-0.0010836108780482,98,0
48.65,-0.0006454335780482,98,0
48.652,-0.0006320570280482,98,0
48.654,-0.0006186804780482,98,0
48.656,-0.0004145534780482,98,0
48.658,-0.0014379593780482,98,0
48.66,-0.0011452886113815,98,0
48.662,-0.0008526178447148,98,0
48.664,-0.0005599470780482,98,0
48.666,-0.0009018809780482,98,0
48.668,-0.0010315102947148,98,0
48.67,-0.0011611396113815,98,0
48.672,-0.0012907689280482,98,0
48.674,-0.0014203982447148,98,0
48.676,-0.0015500275613815,98,0
48.678,-0.0016796568780482,98,0
48.68,-0.0009018204780482,98,0
48.682,-0.0006075605780482,98,0
48.684,-0.0005584587780482,98,0
48.686,-0.0006910536030482,98,0
48.688,-0.0008236484280482,98,0
48.69,-0.0009562432530482,98,0
48.692,-0.0010888380780482,98,0
48.694,-0.0008319792780482,98,0
48.696,-0.0005751204780482,98,0
48.698,-0.0006475389780482,98,0
48.7,-0.0004110323780482,98,0
48.702,-0.0019582956780482,98,0
48.704,-0.0017436174780482,98,0
48.706,-0.0015289392780482,98,0
48.708,-0.0013142610780482,98,0
48.71,-0.0006668747780482,98,0
48.712,-0.0004339013780482,98,0
48.714,-0.0006999622280482,98,0
48.716,-0.0009660230780482,98,0
48.718,-0.0012320839280482,98,0
48.72,-0.0014981447780482,98,0
48.722,-0.0010328332280482,98,0
48.724,-0.0005675216780482,98,0
48.726,-0.0005518400780482,98,0
48.728,-0.0005361584780482,98,0
48.73,-0.0009009250780482,98,0
48.732,-0.0011750223447148,98,0
48.734,-0.0014491196113815,98,0
48.736,-0.0017232168780482,98,0
48.738,-0.0009011186780482,98,0
48.74,-0.0005487908780482,98,0
48.742,-0.0005332544780482,98,0
48.744,-0.0008709322030482,98,0
48.746,-0.0012086099280482,98,0
48.748,-0.0015462876530482,98,0
48.75,-0.0018839653780482,98,0
48.752,-0.0005847641780482,98,0
48.754,-0.0006040636780482,98,0
48.756,-0.0006233631780482,98,0
48.758,-0.0003836137780482,98,0
48.76,-0.0019096536780482,98,0
48.762,-0.0017007189447148,98,0
48.764,-0.0014917842113815,98,0
48.766,-0.0012828494780482,98,0
48.768,-0.0006561662780482,98,0
48.77,-0.0006141671780482,98,0
48.772,-0.0004418510780482,98,0
48.774,-0.0013644518780482,98,0
48.776,-0.0014257504780482,98,0
48.778,-0.0014870490780482,98,0
48.78,-0.0007587863780482,98,0
48.782,-0.0006704200780482,98,0
48.784,-0.0005820537780482,98,0
48.786,-0.0005427892780482,98,0
48.788,-0.0008487135780482,98,0
48.79,-0.0011311437113815,98,0
48.792,-0.0014135738447148,98,0
48.794,-0.0016960039780482,98,0
48.796,-0.0009201156780482,98,0
48.798,-0.0005813035780482,98,0
48.8,-0.0004989388780482,98,0
48.802,-0.0008419103530482,98,0
48.804,-0.0011848818280482,98,0
48.806,-0.0015278533030482,98,0
48.808,-0.0018708247780482,98,0
48.81,-0.0011008170780482,98,0
48.812,-0.0005927259780482,98,0
48.814,-0.0006498137780482,98,0
48.816,-0.0004019089780482,98,0
48.818,-0.0018515252780482,98,0
48.82,-0.0016661653780482,98,0
48.822,-0.0014808054780482,98,0
48.824,-0.0012954455780482,98,0
48.826,-0.0006669594780482,98,0
48.828,-0.0006069797780482,98,0
48.83,-0.0004395036780482,98,0
48.832,-0.0012969338780482,98,0
48.834,-0.0013697718447148,98,0
48.836,-0.0014426098113815,98,0
48.838,-0.0015154477780482,98,0
48.84,-0.0007844988780482,98,0
48.842,-0.0005469395780482,98,0
48.844,-0.0006775469780482,98,0
48.846,-0.0008081543780482,98,0
48.848,-0.0011020190113815,98,0
48.85,-0.0013958836447148,98,0
48.852,-0.0016897482780482,98,0
48.854,-0.0009408308780482,98,0
48.856,-0.0005684896780482,98,0
48.858,-0.0006301270780482,98,0
48.86,-0.0005024599780482,98,0
48.862,-0.0007067200780482,98,0
48.864,-0.0009109801780482,98,0
48.866,-0.0011152402780482,98,0
48.868,-0.0005895557780482,98,0
48.87,-0.0006411017780482,98,0
48.872,-0.0018553851780482,98,0
48.874,-0.0015979697780482,98,0
48.876,-0.0013405543780482,98,0
48.878,-0.0006714606780482,98,0
48.88,-0.0006550500530482,98,0
48.882,-0.0006386394280482,98,0
48.884,-0.0006222288030482,98,0
48.886,-0.0006058181780482,98,0
48.888,-0.0004514221780482,98,0
48.89,-0.0012965103780482,98,0
48.892,-0.0013808030113815,98,0
48.894,-0.0014650956447148,98,0
48.896,-0.0015493882780482,98,0
48.898,-0.0007976273780482,98,0
48.9,-0.0005699658780482,98,0
48.902,-0.0005365456780482,98,0
48.904,-0.0007984985780482,98,0
48.906,-0.0011127033113815,98,0
48.908,-0.0014269080447148,98,0
48.91,-0.0017411127780482,98,0
48.912,-0.0009579523780482,98,0
48.914,-0.0005801419780482,98,0
48.916,-0.0006360681780482,98,0
48.918,-0.0009580733780482,98,0
48.92,-0.0012800785780482,98,0
48.922,-0.0016020837780482,98,0
48.924,-0.0019240889780482,98,0
48.926,-0.0011742156780482,98,0
48.928,-0.0006414405780482,98,0
48.93,-0.0005208701280482,98,0
48.932,-0.0004002996780482,98,0
48.934,-0.0018061744780482,98,0
48.936,-0.0015882595280482,98,0
48.938,-0.0013703445780482,98,0
48.94,-0.0007029569780482,98,0
48.942,-0.0006531896780482,98,0
48.944,-0.0006034223780482,98,0
48.946,-0.0004514342780482,98,0
48.948,-0.0012422297780482,98,0
48.95,-0.0013463986780482,98,0
48.952,-0.0014505675780482,98,0
48.954,-0.0015547364780482,98,0
48.956,-0.0007892662780482,98,0
48.958,-0.0005527838780482,98,0
48.96,-0.0005293340780482,98,0
48.962,-0.0007330859780482,98,0
48.964,-0.0010695627780482,98,0
48.966,-0.0014060395780482,98,0
48.968,-0.0017425163780482,98,0
48.97,-0.0005504364780482,98,0
48.972,-0.0006093634780482,98,0
48.974,-0.0004643086780482,98,0
48.976,-0.0008291841780482,98,0
48.978,-0.0011940596780482,98,0
48.98,-0.0015589351780482,98,0
48.982,-0.0019238106780482,98,0
48.984,-0.0011415093780482,98,0
48.986,-0.0006000706780482,98,0
48.988,-0.0004060592780482,98,0
48.99,-0.0004636794780482,98,0
48.992,-0.0005212996780482,98,0
48.994,-0.0005789198780482,98,0
48.996,-0.0006365400780482,98,0
48.998,-0.0006941602780482,98,0
49.0,-0.0006028657780482,99,0
49.002,-0.0004519666780482,99,0
49.004,-0.0007253631530482,99,0
49.006,-0.0009987596280482,99,0
49.008,-0.0012721561030482,99,0
49.01,-0.0015455525780482,99,0
49.012,-0.0010457923280482,99,0
49.014,-0.0005460320780482,99,0
49.016,-0.0007222927780482,99,0
49.018,-0.0010701960113815,99,0
49.02,-0.0014180992447148,99,0
49.022,-0.0017660024780482,99,0
49.024,-0.0009857944780482,99,0
49.026,-0.0005815213780482,99,0
49.028,-0.0006225403780482,99,0
49.03,-0.0004428795780482,99,0
49.032,-0.0011924382780482,99,0
49.034,-0.0019419969780482,99,0
49.036,-0.0011747843780482,99,0
49.038,-0.0008942821780482,99,0
49.04,-0.0006137799780482,99,0
49.042,-0.0006353058780482,99,0
49.044,-0.0003861789780482,99,0
49.046,-0.0004638337530482,99,0
49.048,-0.0005414885280482,99,0
49.05,-0.0006191433030482,99,0
49.052,-0.0006967980780482,99,0
49.054,-0.0006038216780482,99,0
49.056,-0.0005383364780482,99,0
49.058,-0.0004728512780482,99,0
49.06,-0.0007573404280482,99,0
49.062,-0.0010418295780482,99,0
49.064,-0.0013263187280482,99,0
49.066,-0.0016108078780482,99,0
49.068,-0.0005630446780482,99,0
49.07,-0.0005517916780482,99,0
49.072,-0.0006313491780482,99,0
49.074,-0.0007109066780482,99,0
49.076,-0.0010696716780482,99,0
49.078,-0.0014284366780482,99,0
49.08,-0.0017872016780482,99,0
49.082,-0.0010041622780482,99,0
49.084,-0.0005668440780482,99,0
49.086,-0.0004505872780482,99,0
49.088,-0.0009594205113815,99,0
49.09,-0.0014682537447148,99,0
49.092,-0.0019770869780482,99,0
49.094,-0.0015950173780482,99,0
49.096,-0.0012129477780482,99,0
49.098,-0.0006404846780482,99,0
49.1,-0.0006352332780482,99,0
49.102,-0.0004107177780482,99,0
49.104,-0.0016920956780482,99,0
49.106,-0.0015476640280482,99,0
49.108,-0.0014032323780482,99,0
49.11,-0.0010630892780482,99,0
49.112,-0.0007229461780482,99,0
49.114,-0.0004871655780482,99,0
49.116,-0.0011249202780482,99,0
49.118,-0.0012453848530482,99,0
49.12,-0.0013658494280482,99,0
49.122,-0.0014863140030482,99,0
49.124,-0.0016067785780482,99,0
49.126,-0.0008626527780482,99,0
49.128,-0.0005745275780482,99,0
49.13,-0.0005765240780482,99,0
49.132,-0.0006817093780482,99,0
49.134,-0.0010504326780482,99,0
49.136,-0.0014191559780482,99,0
49.138,-0.0017878792780482,99,0
49.14,-0.0005797547780482,99,0
49.142,-0.0006275013780482,99,0
49.144,-0.0005332242280482,99,0
49.146,-0.0004389470780482,99,0
49.148,-0.0009537415780482,99,0
49.15,-0.0014685360780482,99,0
49.152,-0.0019833305780482,99,0
49.154,-0.0012149926780482,99,0
49.156,-0.0006273803780482,99,0
49.158,-0.0006254201780482,99,0
49.16,-0.0004139968780482,99,0
49.162,-0.0009086267280482,99,0
49.164,-0.0014032565780482,99,0
49.166,-0.0010641903780482,99,0
49.168,-0.0007251241780482,99,0
49.17,-0.0005992478780482,99,0
49.172,-0.0005428618780482,99,0
49.174,-0.0004864758780482,99,0
49.176,-0.0010788071780482,99,0
49.178,-0.0012632595780482,99,0
49.18,-0.0014477119780482,99,0
49.182,-0.0016321643780482,99,0
49.184,-0.0005679572780482,99,0
49.186,-0.0005877044780482,99,0
49.188,-0.0006246941780482,99,0
49.19,-0.0006616838780482,99,0
49.192,-0.0010420514113815,99,0
49.194,-0.0014224189447148,99,0
49.196,-0.0018027864780482,99,0
49.198,-0.0010352834780482,99,0
49.2,-0.0005908020780482,99,0
49.202,-0.0004047282780482,99,0
49.204,-0.0007968166780482,99,0
49.206,-0.0011889050780482,99,0
49.208,-0.0015809934780482,99,0
49.21,-0.0019730818780482,99,0
49.212,-0.0012218291780482,99,0
49.214,-0.0006508301780482,99,0
49.216,-0.0006364190780482,99,0
49.218,-0.0003934510780482,99,0
49.22,-0.0015810055780482,99,0
49.222,-0.0015301613780482,99,0
49.224,-0.0014793171780482,99,0
49.226,-0.0014284729780482,99,0
49.228,-0.0007309805780482,99,0
49.23,-0.0005892169780482,99,0
49.232,-0.0004925863780482,99,0
49.234,-0.0010366023780482,99,0
49.236,-0.0012295489780482,99,0
49.238,-0.0014224955780482,99,0
49.24,-0.0016154421780482,99,0
49.242,-0.0008699490780482,99,0
49.244,-0.0005545141780482,99,0
49.246,-0.0006300907780482,99,0
49.248,-0.0009259146030482,99,0
49.25,-0.0012217384280482,99,0
49.252,-0.0015175622530482,99,0
49.254,-0.0018133860780482,99,0
49.256,-0.0010669128780482,99,0
49.258,-0.0005866638780482,99,0
49.26,-0.0006198662780482,99,0
49.262,-0.0004138516780482,99,0
49.264,-0.0006954025447148,99,0
49.266,-0.0009769534113815,99,0
49.268,-0.0012585042780482,99,0
49.27,-0.0009488834280482,99,0
49.272,-0.0006392625780482,99,0
49.274,-0.0006201082780482,99,0
49.276,-0.0003987387780482,99,0
49.278,-0.0006663605280482,99,0
49.28,-0.0009339822780482,99,0
49.282,-0.0012016040280482,99,0
49.284,-0.0014692257780482,99,0
49.286,-0.0007404185780482,99,0
49.288,-0.0004733957780482,99,0
49.29,-0.0009981364780482,99,0
49.292,-0.0011613231280482,99,0
49.294,-0.0013245097780482,99,0
49.296,-0.0014876964280482,99,0
49.298,-0.0016508830780482,99,0
49.3,-0.0008938949780482,99,0
49.302,-0.0005569341780482,99,0
49.304,-0.0005894710780482,99,0
49.306,-0.0012180176780482,99,0
49.308,-0.0018465642780482,99,0
49.31,-0.0010642266780482,99,0
49.312,-0.0005680661780482,99,0
49.314,-0.0005772581447148,99,0
49.316,-0.0005864501113815,99,0
49.318,-0.0005956420780482,99,0
49.32,-0.0003858159780482,99,0
49.322,-0.0009158363113815,99,0
49.324,-0.0014458566447148,99,0
49.326,-0.0019758769780482,99,0
49.328,-0.0012303717780482,99,0
49.33,-0.0006201566780482,99,0
49.332,-0.0006078267780482,99,0
49.334,-0.0004290008780482,99,0
49.336,-0.0006959904030482,99,0
49.338,-0.0009629799280482,99,0
49.34,-0.0012299694530482,99,0
49.342,-0.0014969589780482,99,0
49.344,-0.0007797556780482,99,0
49.346,-0.0005882247780482,99,0
49.348,-0.0009737670780482,99,0
49.35,-0.0011513285280482,99,0
49.352,-0.0013288899780482,99,0
49.354,-0.0015064514280482,99,0
49.356,-0.0016840128780482,99,0
49.358,-0.0009084996780482,99,0
49.36,-0.0005653557780482,99,0
49.362,-0.0005811583780482,99,0
49.364,-0.0005914675780482,99,0
49.366,-0.0010046946780482,99,0
49.368,-0.0014179217780482,99,0
49.37,-0.0018311488780482,99,0
49.372,-0.0010638878780482,99,0
49.374,-0.0005913344780482,99,0
49.376,-0.0004243544780482,99,0
49.378,-0.0004719921780482,99,0
49.38,-0.0005196298780482,99,0
49.382,-0.0005672675780482,99,0
49.384,-0.0006149052780482,99,0
49.386,-0.0006625429780482,99,0
49.388,-0.0006373386780482,99,0
49.39,-0.0006121343780482,99,0
49.392,-0.0014584446780482,99,0
49.394,-0.0014652479030482,99,0
49.396,-0.0014720511280482,99,0
49.398,-0.0014788543530482,99,0
49.4,-0.0014856575780482,99,0
49.402,-0.0007531719780482,99,0
49.404,-0.0005700384780482,99,0
49.406,-0.0005253289780482,99,0
49.408,-0.0010958258280482,99,0
49.41,-0.0016663226780482,99,0
49.412,-0.0014120250447148,99,0
49.414,-0.0011577274113815,99,0
49.416,-0.0009034297780482,99,0
49.418,-0.0005813277780482,99,0
49.42,-0.0005530258780482,99,0
49.422,-0.0008798468780482,99,0
49.424,-0.0012066678780482,99,0
49.426,-0.0015334888780482,99,0
49.428,-0.0018603098780482,99,0
49.43,-0.0010947670780482,99,0
49.432,-0.0005826950780482,99,0
49.434,-0.0004105120780482,99,0
49.436,-0.0019753324780482,99,0
49.438,-0.0017506838780482,99,0
49.44,-0.0015260352780482,99,0
49.442,-0.0013013866780482,99,0
49.444,-0.0006570132780482,99,0
49.446,-0.0004085760780482,99,0
49.448,-0.0009149731780482,99,0
49.45,-0.0014213702780482,99,0
49.452,-0.0014337758030482,99,0
49.454,-0.0014461813280482,99,0
49.456,-0.0014585868530482,99,0
49.458,-0.0014709923780482,99,0
49.46,-0.0007391722780482,99,0
49.462,-0.0005761973780482,99,0
49.464,-0.0005231872780482,99,0
49.466,-0.0008854733780482,99,0
49.468,-0.0012938786280482,99,0
49.47,-0.0017022838780482,99,0
49.472,-0.0009177319780482,99,0
49.474,-0.0005642425780482,99,0
49.476,-0.0005974691780482,99,0
49.478,-0.0006306957780482,99,0
49.48,-0.0005555063780482,99,0
49.482,-0.0009987132447148,99,0
49.484,-0.0014419201113815,99,0
49.486,-0.0018851269780482,99,0
49.488,-0.0011127355780482,99,0
49.49,-0.0005856716780482,99,0
49.492,-0.0006128845780482,99,0
49.494,-0.0003967301780482,99,0
49.496,-0.0019277189780482,99,0
49.498,-0.0015121646447148,99,0
49.5,-0.0010966103113815,100,0
49.502,-0.0006810559780482,100,0
49.504,-0.0005999375780482,100,0
49.506,-0.0005218018280482,100,0
49.508,-0.0004436660780482,100,0
49.51,-0.0005322774030482,100,0
49.512,-0.0006208887280482,100,0
49.514,-0.0007095000530482,100,0
49.516,-0.0007981113780482,100,0
49.518,-0.0005864944780482,100,0
49.52,-0.0005620645780482,100,0
49.522,-0.0005376346780482,100,0
49.524,-0.0008676137780482,100,0
49.526,-0.0011510401447148,100,0
49.528,-0.0014344665113815,100,0
49.53,-0.0017178928780482,100,0
49.532,-0.0009488410780482,100,0
49.534,-0.0005774315780482,100,0
49.536,-0.0006495959780482,100,0
49.538,-0.0005483552780482,100,0
49.54,-0.0012056998780482,100,0
49.542,-0.0018630444780482,100,0
49.544,-0.0014925787780482,100,0
49.546,-0.0011221130780482,100,0
49.548,-0.0006066288780482,100,0
49.55,-0.0006465830780482,100,0
49.552,-0.0004197443780482,100,0
49.554,-0.0019071973780482,100,0
49.556,-0.0012916159280482,100,0
49.558,-0.0006760344780482,100,0
49.56,-0.0004658090780482,100,0
49.562,-0.0007638441780482,100,0
49.564,-0.0010618792780482,100,0
49.566,-0.0013599143780482,100,0
49.568,-0.0013958150780482,100,0
49.57,-0.0014317157780482,100,0
49.572,-0.0014676164780482,100,0
49.574,-0.0015035171780482,100,0
49.576,-0.0007828411780482,100,0
49.578,-0.0006007361780482,100,0
49.58,-0.0005650411780482,100,0
49.582,-0.0008406428780482,100,0
49.584,-0.0011360563113815,100,0
49.586,-0.0014314697447148,100,0
49.588,-0.0017268831780482,100,0
49.59,-0.0009486232780482,100,0
49.592,-0.0005770443780482,100,0
49.594,-0.0006417067780482,100,0
49.596,-0.0005241189780482,100,0
49.598,-0.0012121310280482,100,0
49.6,-0.0019001430780482,100,0
49.602,-0.0012541785280482,100,0
49.604,-0.0006082139780482,100,0
49.606,-0.0006550651780482,100,0
49.608,-0.0004153278780482,100,0
49.61,-0.0011405413780482,100,0
49.612,-0.0018657548780482,100,0
49.614,-0.0015959793280482,100,0
49.616,-0.0013262037780482,100,0
49.618,-0.0010086453280482,100,0
49.62,-0.0006910868780482,100,0
49.622,-0.0006279490780482,100,0
49.624,-0.0013312131780482,100,0
49.626,-0.0014022200113815,100,0
49.628,-0.0014732268447148,100,0
49.63,-0.0015442336780482,100,0
49.632,-0.0007993334780482,100,0
49.634,-0.0005785447780482,100,0
49.636,-0.0005660757280482,100,0
49.638,-0.0005536066780482,100,0
49.64,-0.0009576619780482,100,0
49.642,-0.0013617172780482,100,0
49.644,-0.0017657725780482,100,0
49.646,-0.0013859293780482,100,0
49.648,-0.0010060861780482,100,0
49.65,-0.0006004215780482,100,0
49.652,-0.0005190611780482,100,0
49.654,-0.0009955551447148,100,0
49.656,-0.0014720491113815,100,0
49.658,-0.0019485430780482,100,0
49.66,-0.0006282031780482,100,0
49.662,-0.0006517437280482,100,0
49.664,-0.0006752842780482,100,0
49.666,-0.0005441989280482,100,0
49.668,-0.0004131135780482,100,0
49.67,-0.0018349240780482,100,0
49.672,-0.0015878057780482,100,0
49.674,-0.0013406874780482,100,0
49.676,-0.0010088268280482,100,0
49.678,-0.0006769661780482,100,0
49.68,-0.0006091577780482,100,0
49.682,-0.0004552699780482,100,0
49.684,-0.0012903635780482,100,0
49.686,-0.0014276320280482,100,0
49.688,-0.0015649004780482,100,0
49.69,-0.0005777824780482,100,0
49.692,-0.0008676591530482,100,0
49.694,-0.0011575358280482,100,0
49.696,-0.0014474125030482,100,0
49.698,-0.0017372891780482,100,0
49.7,-0.0013582203780482,100,0
49.702,-0.0009791515780482,100,0
49.704,-0.0007809233280482,100,0
49.706,-0.0005826950780482,100,0
49.708,-0.0006395287780482,100,0
49.71,-0.0005667775280482,100,0
49.712,-0.0004940262780482,100,0
49.714,-0.0009737146447148,100,0
49.716,-0.0014534030113815,100,0
49.718,-0.0019330913780482,100,0
49.72,-0.0011406865780482,100,0
49.722,-0.0006407508780482,100,0
49.724,-0.0005182262780482,100,0
49.726,-0.0003957016780482,100,0
49.728,-0.0017564192780482,100,0
49.73,-0.0015600725780482,100,0
49.732,-0.0013637258780482,100,0
49.734,-0.0010282836280482,100,0
49.736,-0.0006928413780482,100,0
49.738,-0.0005976869780482,100,0
49.74,-0.0004571696780482,100,0
49.742,-0.0012082166780482,100,0
49.744,-0.0013251551113815,100,0
49.746,-0.0014420935447148,100,0
49.748,-0.0015590319780482,100,0
49.75,-0.0008251548780482,100,0
49.752,-0.0005726157780482,100,0
49.754,-0.0005560508780482,100,0
49.756,-0.0007411203780482,100,0
49.758,-0.0012550315780482,100,0
49.76,-0.0017689427780482,100,0
49.762,-0.0009977613780482,100,0
49.764,-0.0008091344780482,100,0
49.766,-0.0006205075780482,100,0
49.768,-0.0005494019280482,100,0
49.77,-0.0004782962780482,100,0
49.772,-0.0012131655780482,100,0
49.774,-0.0019480348780482,100,0
49.776,-0.0015554322280482,100,0
49.778,-0.0011628295780482,100,0
49.78,-0.0006279248780482,100,0
49.782,-0.0006402668780482,100,0
49.784,-0.0003814236780482,100,0
49.786,-0.0016973954780482,100,0
49.788,-0.0015920085113815,100,0
49.79,-0.0014866215447148,100,0
49.792,-0.0013812345780482,100,0
49.794,-0.0007105920780482,100,0
49.796,-0.0004789012780482,100,0
49.798,-0.0008301037780482,100,0
49.8,-0.0011813062780482,100,0
49.802,-0.0010747093113815,100,0
49.804,-0.0009681123447148,100,0
49.806,-0.0008615153780482,100,0
49.808,-0.0005999617780482,100,0
49.81,-0.0005962289280482,100,0
49.812,-0.0005924960780482,100,0
49.814,-0.0007224258780482,100,0
49.816,-0.0010711236780482,100,0
49.818,-0.0014198214780482,100,0
49.82,-0.0017685192780482,100,0
49.822,-0.0010080705780482,100,0
49.824,-0.0005929558780482,100,0
49.826,-0.0006464499780482,100,0
49.828,-0.0010714624780482,100,0
49.83,-0.0014964749780482,100,0
49.832,-0.0019214874780482,100,0
49.834,-0.0015559464780482,100,0
49.836,-0.0011904054780482,100,0
49.838,-0.0006337449780482,100,0
49.84,-0.0006424206780482,100,0
49.842,-0.0003878850780482,100,0
49.844,-0.0007264511447148,100,0
49.846,-0.0010650172113815,100,0
49.848,-0.0014035832780482,100,0
49.85,-0.0010658238780482,100,0
49.852,-0.0007280644780482,100,0
49.854,-0.0006063142780482,100,0
49.856,-0.0004859071780482,100,0
49.858,-0.0011750989780482,100,0
49.86,-0.0010737574447148,100,0
49.862,-0.0009724159113815,100,0
49.864,-0.0008710743780482,100,0
49.866,-0.0007317852280482,100,0
49.868,-0.0005924960780482,100,0
49.87,-0.0007027028780482,100,0
49.872,-0.0010655294447148,100,0
49.874,-0.0014283560113815,100,0
49.876,-0.0017911825780482,100,0
49.878,-0.0010510376780482,100,0
49.88,-0.0005881400780482,100,0
49.882,-0.0006142155780482,100,0
49.884,-0.0004558265780482,100,0
49.886,-0.0009532495113815,100,0
49.888,-0.0014506724447148,100,0
49.89,-0.0019480953780482,100,0
49.892,-0.0012919728780482,100,0
49.894,-0.0006358503780482,100,0
49.896,-0.0006246336780482,100,0
49.898,-0.0006134169780482,100,0
49.9,-0.0003839404780482,100,0
49.902,-0.0007240956780482,100,0
49.904,-0.0010642508780482,100,0
49.906,-0.0014044060780482,100,0
49.908,-0.0010625750280482,100,0
49.91,-0.0007207439780482,100,0
49.912,-0.0006092061780482,100,0
49.914,-0.0011178296780482,100,0
49.916,-0.0012366153780482,100,0
49.918,-0.0013554010780482,100,0
49.92,-0.0014741867780482,100,0
49.922,-0.0015929724780482,100,0
49.924,-0.0005492143780482,100,0
49.926,-0.0005470484780482,100,0
49.928,-0.0005448825780482,100,0
49.93,-0.0008553141280482,100,0
49.932,-0.0011657456780482,100,0
49.934,-0.0014761772280482,100,0
49.936,-0.0017866087780482,100,0
49.938,-0.0005690946780482,100,0
49.94,-0.0006109485780482,100,0
49.942,-0.0005205313280482,100,0
49.944,-0.0004301140780482,100,0
49.946,-0.0012085494280482,100,0
49.948,-0.0019869847780482,100,0
49.95,-0.0012132018780482,100,0
49.952,-0.0009289607780482,100,0
49.954,-0.0006447196780482,100,0
49.956,-0.0006410533780482,100,0
49.958,-0.0004137548780482,100,0
49.96,-0.0016257271780482,100,0
49.962,-0.0015534458113815,100,0
49.964,-0.0014811644447148,100,0
49.966,-0.0014088830780482,100,0
49.968,-0.0006073669780482,100,0
49.97,-0.0005483794780482,100,0
49.972,-0.0004893919780482,100,0
49.974,-0.0010664651780482,100,0
49.976,-0.0012503287113815,100,0
49.978,-0.0014341922447148,100,0
49.98,-0.0016180557780482,100,0
49.982,-0.0005925323780482,100,0
49.984,-0.0006025511780482,100,0
49.986,-0.0006125699780482,100,0
49.988,-0.0006731425780482,100,0
49.99,-0.0012367303280482,100,0
49.992,-0.0018003180780482,100,0
49.994,-0.0010111318780482,100,0
49.996,-0.0007888851280482,100,0
49.998,-0.0005666383780482,100,0
50.0,-0.0006412832780482,101,0
50.002,-0.0004304649780482,101,0
50.004,-0.0009495711113815,101,0
50.006,-0.0014686772447148,101,0
50.008,-0.0019877833780482,101,0
50.01,-0.0012555034780482,101,0
50.012,-0.0006362738780482,101,0
50.014,-0.0006309982780482,101,0
50.016,-0.0004185585780482,101,0
50.018,-0.0006781005530482,101,0
50.02,-0.0009376425280482,101,0
50.022,-0.0011971845030482,101,0
50.024,-0.0014567264780482,101,0
50.026,-0.0005935366780482,101,0
50.028,-0.0005565227780482,101,0
50.03,-0.0005195088780482,101,0
50.032,-0.0006390004113815,101,0
50.034,-0.0007584919447148,101,0
50.036,-0.0008779834780482,101,0
50.038,-0.0005548650780482,101,0
50.04,-0.0005613668113815,101,0
50.042,-0.0005678685447148,101,0
50.044,-0.0005743702780482,101,0
50.046,-0.0006265333780482,101,0
50.048,-0.0010247927780482,101,0
50.05,-0.0014230521780482,101,0
50.052,-0.0018213115780482,101,0
50.054,-0.0010449392780482,101,0
50.056,-0.0006009418780482,101,0
50.058,-0.0004027559780482,101,0
50.06,-0.0008015175280482,101,0
50.062,-0.0012002790780482,101,0
50.064,-0.0015990406280482,101,0
50.066,-0.0019978021780482,101,0
50.068,-0.0012621705780482,101,0
50.07,-0.0006356446780482,101,0
50.072,-0.0006073790780482,101,0
50.074,-0.0003961009780482,101,0
50.076,-0.0015255633780482,101,0
50.078,-0.0014976426280482,101,0
50.08,-0.0014697218780482,101,0
50.082,-0.0007425481780482,101,0
50.084,-0.0006644305780482,101,0
50.086,-0.0005863129780482,101,0
50.088,-0.0005011894780482,101,0
50.09,-0.0007917135030482,101,0
50.092,-0.0010822375280482,101,0
50.094,-0.0013727615530482,101,0
50.096,-0.0016632855780482,101,0
50.098,-0.0008822184780482,101,0
50.1,-0.0005473993780482,101,0
50.102,-0.0005782301780482,101,0
50.104,-0.0005919999780482,101,0
50.106,-0.0010121361780482,101,0
50.108,-0.0014322723780482,101,0
50.11,-0.0018524085780482,101,0
50.112,-0.0010810698780482,101,0
50.114,-0.0006309740780482,101,0
50.116,-0.0004034456780482,101,0
50.118,-0.0005749631780482,101,0
50.12,-0.0007464806780482,101,0
50.122,-0.0009179981780482,101,0
50.124,-0.0010895156780482,101,0
50.126,-0.0012610331780482,101,0
50.128,-0.0006327769780482,101,0
50.13,-0.0006189708780482,101,0
50.132,-0.0004321347780482,101,0
50.134,-0.0014835037780482,101,0
50.136,-0.0014772642113815,101,0
50.138,-0.0014710246447148,101,0
50.14,-0.0014647850780482,101,0
50.142,-0.0007431168780482,101,0
50.144,-0.0005914070780482,101,0
50.146,-0.0005273012780482,101,0
50.148,-0.0009474374780482,101,0
50.15,-0.0009230277447148,101,0
50.152,-0.0008986180113815,101,0
50.154,-0.0008742082780482,101,0
50.156,-0.0007128789780482,101,0
50.158,-0.0005515496780482,101,0
50.16,-0.0006073790780482,101,0
50.162,-0.0005616652780482,101,0
50.164,-0.0007382446113815,101,0
50.166,-0.0009148239447148,101,0
50.168,-0.0010914032780482,101,0
50.17,-0.0008396204280482,101,0
50.172,-0.0005878375780482,101,0
50.174,-0.0006439694780482,101,0
50.176,-0.0003945521780482,101,0
50.178,-0.0019608366780482,101,0
50.18,-0.0016118363780482,101,0
50.182,-0.0012628360780482,101,0
50.184,-0.0006547626780482,101,0
50.186,-0.0006398191780482,101,0
50.188,-0.0006248756780482,101,0
50.19,-0.0004128231780482,101,0
50.192,-0.0014263433780482,101,0
50.194,-0.0014527657447148,101,0
50.196,-0.0014791881113815,101,0
50.198,-0.0015056104780482,101,0
50.2,-0.0007595970780482,101,0
50.202,-0.0005992841780482,101,0
50.204,-0.0005384332780482,101,0
50.206,-0.0009243385780482,101,0
50.208,-0.0011858357113815,101,0
50.21,-0.0014473328447148,101,0
50.212,-0.0017088299780482,101,0
50.214,-0.0005967915780482,101,0
50.216,-0.0005719260780482,101,0
50.218,-0.0005470605780482,101,0
50.22,-0.0006827893030482,101,0
50.222,-0.0008185180280482,101,0
50.224,-0.0009542467530482,101,0
50.226,-0.0010899754780482,101,0
50.228,-0.0005972755780482,101,0
50.23,-0.0007553257780482,101,0
50.232,-0.0008574546180482,101,0
50.234,-0.0009595834580482,101,0
50.236,-0.0010617122980482,101,0
50.238,-0.0011638411380482,101,0
50.24,-0.0012659699780482,101,0
50.242,-0.0006481681780482,101,0
50.244,-0.0006151956780482,101,0
50.246,-0.0004229145780482,101,0
50.248,-0.0014066324780482,101,0
50.25,-0.0014609251780482,101,0
50.252,-0.0015152178780482,101,0
50.254,-0.0011343643280482,101,0
50.256,-0.0007535107780482,101,0
50.258,-0.0005865670780482,101,0
50.26,-0.0005525539780482,101,0
50.262,-0.0009064910780482,101,0
50.264,-0.0013170985280482,101,0
50.266,-0.0017277059780482,101,0
50.268,-0.0009428394780482,101,0
50.27,-0.0005728819780482,101,0
50.272,-0.0005998710280482,101,0
50.274,-0.0006268600780482,101,0
50.276,-0.0005397037780482,101,0
50.278,-0.0012171041280482,101,0
50.28,-0.0018945044780482,101,0
50.282,-0.0005999375780482,101,0
50.284,-0.0006177003780482,101,0
50.286,-0.0006354631780482,101,0
50.288,-0.0005216021780482,101,0
50.29,-0.0004077411780482,101,0
50.292,-0.0019417670780482,101,0
50.294,-0.0014950149113815,101,0
50.296,-0.0010482627447148,101,0
50.298,-0.0006015105780482,101,0
50.3,-0.0004289645780482,101,0
50.302,-0.0013921245780482,101,0
50.304,-0.0014204240580482,101,0
50.306,-0.0014487235380482,101,0
50.308,-0.0014770230180482,101,0
50.31,-0.0015053224980482,101,0
50.312,-0.0015336219780482,101,0
50.314,-0.0007913474780482,101,0
50.316,-0.0005857926780482,101,0
50.318,-0.0005402119780482,101,0
50.32,-0.0006334122280482,101,0
50.322,-0.0007266124780482,101,0
50.324,-0.0008198127280482,101,0
50.326,-0.0009130129780482,101,0
50.328,-0.0005637343780482,101,0
50.33,-0.0005819993280482,101,0
50.332,-0.0006002642780482,101,0
50.334,-0.0004917272780482,101,0
50.336,-0.0007054132780482,101,0
50.338,-0.0009190992780482,101,0
50.34,-0.0011327852780482,101,0
50.342,-0.0008776023280482,101,0
50.344,-0.0006224193780482,101,0
50.346,-0.0003961251780482,101,0
50.348,-0.0011313756280482,101,0
50.35,-0.0018666260780482,101,0
50.352,-0.0016051148280482,101,0
50.354,-0.0013436035780482,101,0
50.356,-0.0006928897780482,101,0
50.358,-0.0006510419280482,101,0
50.36,-0.0006091940780482,101,0
50.362,-0.0004339739780482,101,0
50.364,-0.0005578215113815,101,0
50.366,-0.0006816690447148,101,0
50.368,-0.0008055165780482,101,0
50.37,-0.0006961023280482,101,0
50.372,-0.0005866880780482,101,0
50.374,-0.0005771835280482,101,0
50.376,-0.0005676789780482,101,0
50.378,-0.0008317251780482,101,0
50.38,-0.0012784329780482,101,0
50.382,-0.0017251407780482,101,0
50.384,-0.0005815818780482,101,0
50.386,-0.0005976869780482,101,0
50.388,-0.0006137920780482,101,0
50.39,-0.0006298971780482,101,0
50.392,-0.0004964583780482,101,0
50.394,-0.0009752997447148,101,0
50.396,-0.0014541411113815,101,0
50.398,-0.0019329824780482,101,0
50.4,-0.0011659755780482,101,0
50.402,-0.0006160547780482,101,0
50.404,-0.0004081646780482,101,0
50.406,-0.0011323859780482,101,0
50.408,-0.0018566072780482,101,0
50.41,-0.0016932774447148,101,0
50.412,-0.0015299476113815,101,0
50.414,-0.0013666177780482,101,0
50.416,-0.0006975603780482,101,0
50.418,-0.0006242343780482,101,0
50.42,-0.0004520150780482,101,0
50.422,-0.0012873748780482,101,0
50.424,-0.0013849734780482,101,0
50.426,-0.0014825720780482,101,0
50.428,-0.0015801706780482,101,0
50.43,-0.0008471889780482,101,0
50.432,-0.0006289291780482,101,0
50.434,-0.0005888902780482,101,0
50.436,-0.0008093159780482,101,0
50.438,-0.0012785539780482,101,0
50.44,-0.0017477919780482,101,0
50.442,-0.0011732718780482,101,0
50.444,-0.0005987517780482,101,0
50.446,-0.0006382098780482,101,0
50.448,-0.0004963010780482,101,0
50.45,-0.0008521227530482,101,0
50.452,-0.0012079444280482,101,0
50.454,-0.0015637661030482,101,0
50.456,-0.0019195877780482,101,0
50.458,-0.0011745907780482,101,0
50.46,-0.0006224435780482,101,0
50.462,-0.0006375322780482,101,0
50.464,-0.0004041353780482,101,0
50.466,-0.0018247479780482,101,0
50.468,-0.0016874210447148,101,0
50.47,-0.0015500941113815,101,0
50.472,-0.0014127671780482,101,0
50.474,-0.0007286573780482,101,0
50.476,-0.0006095328780482,101,0
50.478,-0.0012653407780482,101,0
50.48,-0.0013653997113815,101,0
50.482,-0.0014654586447148,101,0
50.484,-0.0015655175780482,101,0
50.486,-0.0005683686780482,101,0
50.488,-0.0005685501780482,101,0
50.49,-0.0005687316780482,101,0
50.492,-0.0005689131780482,101,0
50.494,-0.0007708621780482,101,0
50.496,-0.0010978687113815,101,0
50.498,-0.0014248752447148,101,0
50.5,-0.0017518817780482,102,0
50.502,-0.0005731360780482,102,0
50.504,-0.0006004941780482,102,0
50.506,-0.0006278522780482,102,0
50.508,-0.0004729722780482,102,0
50.51,-0.0007038927113815,102,0
50.512,-0.0009348131447148,102,0
50.514,-0.0011657335780482,102,0
50.516,-0.0006136952780482,102,0
50.518,-0.0006303085780482,102,0
50.52,-0.0003904623780482,102,0
50.522,-0.0017587182780482,102,0
50.524,-0.0015013664030482,102,0
50.526,-0.0012440145280482,102,0
50.528,-0.0009866626530482,102,0
50.53,-0.0007293107780482,102,0
50.532,-0.0006079356780482,102,0
50.534,-0.0004686041780482,102,0
50.536,-0.0005603947780482,102,0
50.538,-0.0006521853780482,102,0
50.54,-0.0007439759780482,102,0
50.542,-0.0008357665780482,102,0
50.544,-0.0007099507780482,102,0
50.546,-0.0005841349780482,102,0
50.548,-0.0005870752780482,102,0
50.55,-0.0007317549780482,102,0
50.552,-0.0008138212113815,102,0
50.554,-0.0008958874447148,102,0
50.556,-0.0009779536780482,102,0
50.558,-0.0005785205780482,102,0
50.56,-0.0006456634780482,102,0
50.562,-0.0005565348780482,102,0
50.564,-0.0004674062780482,102,0
50.566,-0.0012051553780482,102,0
50.568,-0.0019429044780482,102,0
50.57,-0.0011736227780482,102,0
50.572,-0.0008983175280482,102,0
50.574,-0.0006230122780482,102,0
50.576,-0.0006356325780482,102,0
50.578,-0.0004051033780482,102,0
50.58,-0.0017229264780482,102,0
50.582,-0.0015537563780482,102,0
50.584,-0.0013845862780482,102,0
50.586,-0.0007182876780482,102,0
50.588,-0.0006613692780482,102,0
50.59,-0.0006044508780482,102,0
50.592,-0.0004769168780482,102,0
50.594,-0.0011967821780482,102,0
50.596,-0.0013340849113815,102,0
50.598,-0.0014713876447148,102,0
50.6,-0.0016086903780482,102,0
50.602,-0.0008582725780482,102,0
50.604,-0.0005866033780482,102,0
50.606,-0.0005770685780482,102,0
50.608,-0.0007191709780482,102,0
50.61,-0.0012723224780482,102,0
50.612,-0.0018254739780482,102,0
50.614,-0.0014285939780482,102,0
50.616,-0.0010317139780482,102,0
50.618,-0.0005807953780482,102,0
50.62,-0.0004760456780482,102,0
50.622,-0.0008501928030482,102,0
50.624,-0.0012243399280482,102,0
50.626,-0.0015984870530482,102,0
50.628,-0.0019726341780482,102,0
50.63,-0.0012091846780482,102,0
50.632,-0.0006296793780482,102,0
50.634,-0.0006183416780482,102,0
50.636,-0.0004117704780482,102,0
50.638,-0.0007543497113815,102,0
50.64,-0.0010969289447148,102,0
50.642,-0.0014395081780482,102,0
50.644,-0.0010856376280482,102,0
50.646,-0.0007317670780482,102,0
50.648,-0.0005908141780482,102,0
50.65,-0.0004949942780482,102,0
50.652,-0.0011345397780482,102,0
50.654,-0.0013816883280482,102,0
50.656,-0.0016288368780482,102,0
50.658,-0.0008746559780482,102,0
50.66,-0.0007238839280482,102,0
50.662,-0.0005731118780482,102,0
50.664,-0.0005776735780482,102,0
50.666,-0.0006870696780482,102,0
50.668,-0.0010581645780482,102,0
50.67,-0.0014292594780482,102,0
50.672,-0.0018003543780482,102,0
50.674,-0.0010103090780482,102,0
50.676,-0.0005735837780482,102,0
50.678,-0.0004405079780482,102,0
50.68,-0.0004821319780482,102,0
50.682,-0.0005237559780482,102,0
50.684,-0.0005653799780482,102,0
50.686,-0.0006070039780482,102,0
50.688,-0.0006486279780482,102,0
50.69,-0.0006360016280482,102,0
50.692,-0.0006233752780482,102,0
50.694,-0.0003932937780482,102,0
50.696,-0.0016330113780482,102,0
50.698,-0.0015662637447148,102,0
50.7,-0.0014995161113815,102,0
50.702,-0.0014327684780482,102,0
50.704,-0.0005899671780482,102,0
50.706,-0.0005412162780482,102,0
50.708,-0.0004924653780482,102,0
50.71,-0.0011058990780482,102,0
50.712,-0.0013707862280482,102,0
50.714,-0.0016356733780482,102,0
50.716,-0.0008581999780482,102,0
50.718,-0.0007149057280482,102,0
50.72,-0.0005716114780482,102,0
50.722,-0.0006635351780482,102,0
50.724,-0.0010554703113815,102,0
50.726,-0.0014474054447148,102,0
50.728,-0.0018393405780482,102,0
50.73,-0.0010499970780482,102,0
50.732,-0.0008173806280482,102,0
50.734,-0.0005847641780482,102,0
50.736,-0.0006496564780482,102,0
50.738,-0.0004283595780482,102,0
50.74,-0.0009461911780482,102,0
50.742,-0.0014640227780482,102,0
50.744,-0.0019818543780482,102,0
50.746,-0.0012449764780482,102,0
50.748,-0.0006508301780482,102,0
50.75,-0.0006374717780482,102,0
50.752,-0.0004155335780482,102,0
50.754,-0.0015872975780482,102,0
50.756,-0.0015387120447148,102,0
50.758,-0.0014901265113815,102,0
50.76,-0.0014415409780482,102,0
50.762,-0.0007213973780482,102,0
50.764,-0.0005844011780482,102,0
50.766,-0.0005000641780482,102,0
50.768,-0.0010580193780482,102,0
50.77,-0.0012554026447148,102,0
50.772,-0.0014527859113815,102,0
50.774,-0.0016501691780482,102,0
50.776,-0.0008710985780482,102,0
50.778,-0.0005640973780482,102,0
50.78,-0.0005991026780482,102,0
50.782,-0.0009097641280482,102,0
50.784,-0.0012204255780482,102,0
50.786,-0.0015310870280482,102,0
50.788,-0.0018417484780482,102,0
50.79,-0.0010923712780482,102,0
50.792,-0.0006083954780482,102,0
50.794,-0.0006845407780482,102,0
50.796,-0.0004561774780482,102,0
50.798,-0.0006550682030482,102,0
50.8,-0.0008539589280482,102,0
50.802,-0.0010528496530482,102,0
50.804,-0.0012517403780482,102,0
50.806,-0.0006269205780482,102,0
50.808,-0.0010932545780482,102,0
50.81,-0.0015595885780482,102,0
50.812,-0.0015386465030482,102,0
50.814,-0.0015177044280482,102,0
50.816,-0.0014967623530482,102,0
50.818,-0.0014758202780482,102,0
50.82,-0.0007409751780482,102,0
50.822,-0.0005832153780482,102,0
50.824,-0.0010209086780482,102,0
50.826,-0.0012408140780482,102,0
50.828,-0.0014607194780482,102,0
50.83,-0.0016806248780482,102,0
50.832,-0.0012784813780482,102,0
50.834,-0.0008763378780482,102,0
50.836,-0.0005439992780482,102,0
50.838,-0.0005896162780482,102,0
50.84,-0.0006358745780482,102,0
50.842,-0.0012416792280482,102,0
50.844,-0.0018474838780482,102,0
50.846,-0.0010739187780482,102,0
50.848,-0.0005806501780482,102,0
50.85,-0.0006140945780482,102,0
50.852,-0.0005155884780482,102,0
50.854,-0.0004170823780482,102,0
50.856,-0.0007070306447148,102,0
50.858,-0.0009969789113815,102,0
50.86,-0.0012869271780482,102,0
50.862,-0.0006203381780482,102,0
50.864,-0.0005229210780482,102,0
50.866,-0.0004255039780482,102,0
50.868,-0.0009701794280482,102,0
50.87,-0.0015148548780482,102,0
50.872,-0.0015065784780482,102,0
50.874,-0.0014983020780482,102,0
50.876,-0.0014900256780482,102,0
50.878,-0.0005731723780482,102,0
50.88,-0.0005449067780482,102,0
50.882,-0.0005166411780482,102,0
50.884,-0.0009791999780482,102,0
50.886,-0.0012194777447148,102,0
50.888,-0.0014597555113815,102,0
50.89,-0.0017000332780482,102,0
50.892,-0.0005788109780482,102,0
50.894,-0.0006194427780482,102,0
50.896,-0.0005946135780482,102,0
50.898,-0.0009143923780482,102,0
50.9,-0.0012341711780482,102,0
50.902,-0.0015539499780482,102,0
50.904,-0.0018737287780482,102,0
50.906,-0.0010794605780482,102,0
50.908,-0.0005788956780482,102,0
50.91,-0.0006445018780482,102,0
50.912,-0.0004227693780482,102,0
50.914,-0.0005377919780482,102,0
50.916,-0.0006528145780482,102,0
50.918,-0.0006488336780482,102,0
50.92,-0.0006448527780482,102,0
50.922,-0.0005399397280482,102,0
50.924,-0.0004350266780482,102,0
50.926,-0.0009402742780482,102,0
50.928,-0.0014455218780482,102,0
50.93,-0.0014578921113815,102,0
50.932,-0.0014702623447148,102,0
50.934,-0.0014826325780482,102,0
50.936,-0.0005871478780482,102,0
50.938,-0.0005504909280482,102,0
50.94,-0.0005138339780482,102,0
50.942,-0.0009253791780482,102,0
50.944,-0.0013177398280482,102,0
50.946,-0.0017101004780482,102,0
50.948,-0.0009242538780482,102,0
50.95,-0.0006173010780482,102,0
50.952,-0.0005940489113815,102,0
50.954,-0.0005707967447148,102,0
50.956,-0.0005475445780482,102,0
50.958,-0.0009856775113815,102,0
50.96,-0.0014238104447148,102,0
50.962,-0.0018619433780482,102,0
50.964,-0.0010874223780482,102,0
50.966,-0.0006029746780482,102,0
50.968,-0.0004151221780482,102,0
50.97,-0.0011965038780482,102,0
50.972,-0.0019778855780482,102,0
50.974,-0.0016462306280482,102,0
50.976,-0.0013145756780482,102,0
50.978,-0.0006397707780482,102,0
50.98,-0.0005355595280482,102,0
50.982,-0.0004313482780482,102,0
50.984,-0.0009340367280482,102,0
50.986,-0.0014367251780482,102,0
50.988,-0.0014710327113815,102,0
50.99,-0.0015053402447148,102,0
50.992,-0.0015396477780482,102,0
50.994,-0.0008096668780482,102,0
50.996,-0.0005476050780482,102,0
50.998,-0.0009131823780482,102,0
51.0,-0.0011161326530482,103,0
51.002,-0.0013190829280482,103,0
51.004,-0.0015220332030482,103,0
51.006,-0.0017249834780482,103,0
51.008,-0.0009512731780482,103,0
51.01,-0.0005844495780482,103,0
51.012,-0.0006437758780482,103,0
51.014,-0.0005515254780482,103,0
51.016,-0.0012243641280482,103,0
51.018,-0.0018972027780482,103,0
51.02,-0.0011146836780482,103,0
51.022,-0.0006013411780482,103,0
51.024,-0.0006195819280482,103,0
51.026,-0.0006378226780482,103,0
51.028,-0.0003961009780482,103,0
51.03,-0.0019382701780482,103,0
51.032,-0.0017390114113815,103,0
51.034,-0.0015397526447148,103,0
51.036,-0.0013404938780482,103,0
51.038,-0.0006817456780482,103,0
51.04,-0.0006312644780482,103,0
51.042,-0.0014079755780482,103,0
51.044,-0.0014460099113815,103,0
51.046,-0.0014840442447148,103,0
51.048,-0.0015220785780482,103,0
51.05,-0.0008019954780482,103,0
51.052,-0.0006969009280482,103,0
51.054,-0.0005918063780482,103,0
51.056,-0.0008590348780482,103,0
51.058,-0.0011453249113815,103,0
51.06,-0.0014316149447148,103,0
51.062,-0.0017179049780482,103,0
51.064,-0.0009277507780482,103,0
51.066,-0.0005710911780482,103,0
51.068,-0.0006162846780482,103,0
51.07,-0.0005177422780482,103,0
51.072,-0.0006688985030482,103,0
51.074,-0.0008200547280482,103,0
51.076,-0.0009712109530482,103,0
51.078,-0.0011223671780482,103,0
51.08,-0.0008635844780482,103,0
51.082,-0.0006048017780482,103,0
51.084,-0.0006254806780482,103,0
51.086,-0.0003893612780482,103,0
51.088,-0.0018933428780482,103,0
51.09,-0.0014897594780482,103,0
51.092,-0.0010861760780482,103,0
51.094,-0.0006825926780482,103,0
51.096,-0.0004438112780482,103,0
51.098,-0.0013634838780482,103,0
51.1,-0.0013917518980482,103,0
51.102,-0.0014200199180482,103,0
51.104,-0.0014482879380482,103,0
51.106,-0.0014765559580482,103,0
51.108,-0.0015048239780482,103,0
51.11,-0.0007922186780482,103,0
51.112,-0.0005474961780482,103,0
51.114,-0.0006864283780482,103,0
51.116,-0.0008253605780482,103,0
51.118,-0.0012780094780482,103,0
51.12,-0.0017306583780482,103,0
51.122,-0.0009666280780482,103,0
51.124,-0.0007815585780482,103,0
51.126,-0.0005964890780482,103,0
51.128,-0.0005028955780482,103,0
51.13,-0.0008554290780482,103,0
51.132,-0.0012079625780482,103,0
51.134,-0.0015604960780482,103,0
51.136,-0.0019130295780482,103,0
51.138,-0.0011577838780482,103,0
51.14,-0.0006170832780482,103,0
51.142,-0.0006338538780482,103,0
51.144,-0.0008134693030482,103,0
51.146,-0.0009930847280482,103,0
51.148,-0.0011727001530482,103,0
51.15,-0.0013523155780482,103,0
51.152,-0.0010333051280482,103,0
51.154,-0.0007142946780482,103,0
51.156,-0.0006163935780482,103,0
51.158,-0.0004364665780482,103,0
51.16,-0.0013007937780482,103,0
51.162,-0.0011473335113815,103,0
51.164,-0.0009938732447148,103,0
51.166,-0.0008404129780482,103,0
51.168,-0.0007172107780482,103,0
51.17,-0.0005940085780482,103,0
51.172,-0.0005399578780482,103,0
51.174,-0.0008211255780482,103,0
51.176,-0.0009012880780482,103,0
51.178,-0.0009814505780482,103,0
51.18,-0.0008517950447148,103,0
51.182,-0.0007221395113815,103,0
51.184,-0.0005924839780482,103,0
51.186,-0.0005073120780482,103,0
51.188,-0.0009801720113815,103,0
51.19,-0.0014530319447148,103,0
51.192,-0.0019258918780482,103,0
51.194,-0.0011706219780482,103,0
51.196,-0.0006224193780482,103,0
51.198,-0.0006275558280482,103,0
51.2,-0.0006326922780482,103,0
51.202,-0.0004000092780482,103,0
51.204,-0.0018232475780482,103,0
51.206,-0.0016679965113815,103,0
51.208,-0.0015127454447148,103,0
51.21,-0.0013574943780482,103,0
51.212,-0.0006838752780482,103,0
51.214,-0.0005820537780482,103,0
51.216,-0.0004322557780482,103,0
51.218,-0.0012636830780482,103,0
51.22,-0.0011129816113815,103,0
51.222,-0.0009622801447148,103,0
51.224,-0.0008115786780482,103,0
51.226,-0.0005548892780482,103,0
51.228,-0.0005480406780482,103,0
51.23,-0.0007958123780482,103,0
51.232,-0.0011214475780482,103,0
51.234,-0.0014470827780482,103,0
51.236,-0.0017727179780482,103,0
51.238,-0.0009780988780482,103,0
51.24,-0.0005656945780482,103,0
51.242,-0.0006337933780482,103,0
51.244,-0.0004953330780482,103,0
51.246,-0.0009716495780482,103,0
51.248,-0.0014479660780482,103,0
51.25,-0.0019242825780482,103,0
51.252,-0.0011472931780482,103,0
51.254,-0.0005945893780482,103,0
51.256,-0.0006449737780482,103,0
51.258,-0.0004125569780482,103,0
51.26,-0.0017763600780482,103,0
51.262,-0.0015665158280482,103,0
51.264,-0.0013566715780482,103,0
51.266,-0.0006933253780482,103,0
51.268,-0.0006411259780482,103,0
51.27,-0.0005889265780482,103,0
51.272,-0.0004626993780482,103,0
51.274,-0.0012209942780482,103,0
51.276,-0.0013479111780482,103,0
51.278,-0.0014748280780482,103,0
51.28,-0.0016017449780482,103,0
51.282,-0.0008360569780482,103,0
51.284,-0.0005692761780482,103,0
51.286,-0.0005545625780482,103,0
51.288,-0.0007612305780482,103,0
51.29,-0.0012746033280482,103,0
51.292,-0.0017879760780482,103,0
51.294,-0.0013941392280482,103,0
51.296,-0.0010003023780482,103,0
51.298,-0.0006005546780482,103,0
51.3,-0.0004993260780482,103,0
51.302,-0.0008649094280482,103,0
51.304,-0.0012304927780482,103,0
51.306,-0.0015960761280482,103,0
51.308,-0.0019616594780482,103,0
51.31,-0.0011805802780482,103,0
51.312,-0.0006256258780482,103,0
51.314,-0.0006482528780482,103,0
51.316,-0.0004178688780482,103,0
51.318,-0.0017483969780482,103,0
51.32,-0.0015608227780482,103,0
51.322,-0.0013732485780482,103,0
51.324,-0.0006953097780482,103,0
51.326,-0.0005869663780482,103,0
51.328,-0.0004786229780482,103,0
51.33,-0.0011880459780482,103,0
51.332,-0.0012905511280482,103,0
51.334,-0.0013930562780482,103,0
51.336,-0.0014955614280482,103,0
51.338,-0.0015980665780482,103,0
51.34,-0.0005690220780482,103,0
51.342,-0.0006570314280482,103,0
51.344,-0.0007450407780482,103,0
51.346,-0.0012642699280482,103,0
51.348,-0.0017834990780482,103,0
51.35,-0.0013961659780482,103,0
51.352,-0.0010088328780482,103,0
51.354,-0.0005761731780482,103,0
51.356,-0.0006471638780482,103,0
51.358,-0.0009695925780482,103,0
51.36,-0.0012920212780482,103,0
51.362,-0.0016144499780482,103,0
51.364,-0.0019368786780482,103,0
51.366,-0.0006291953780482,103,0
51.368,-0.0006375867280482,103,0
51.37,-0.0006459780780482,103,0
51.372,-0.0004071119780482,103,0
51.374,-0.0017010617780482,103,0
51.376,-0.0015651848280482,103,0
51.378,-0.0014293078780482,103,0
51.38,-0.0010714382780482,103,0
51.382,-0.0007135686780482,103,0
51.384,-0.0005891806780482,103,0
51.386,-0.0004879157780482,103,0
51.388,-0.0011559688780482,103,0
51.39,-0.0013158542447148,103,0
51.392,-0.0014757396113815,103,0
51.394,-0.0016356249780482,103,0
51.396,-0.0008700458780482,103,0
51.398,-0.0005819690780482,103,0
51.4,-0.0006988308780482,103,0
51.402,-0.0009772186030482,103,0
51.404,-0.0012556063280482,103,0
51.406,-0.0015339940530482,103,0
51.408,-0.0018123817780482,103,0
51.41,-0.0005742855780482,103,0
51.412,-0.0006122432780482,103,0
51.414,-0.0006502009780482,103,0
51.416,-0.0004396609780482,103,0
51.418,-0.0006366671280482,103,0
51.42,-0.0008336732780482,103,0
51.422,-0.0010306794280482,103,0
51.424,-0.0012276855780482,103,0
51.426,-0.0006272351780482,103,0
51.428,-0.0006416704780482,103,0
51.43,-0.0016727598780482,103,0
51.432,-0.0015880397113815,103,0
51.434,-0.0015033195447148,103,0
51.436,-0.0014185993780482,103,0
51.438,-0.0006257589780482,103,0
51.44,-0.0005728940780482,103,0
51.442,-0.0005200291780482,103,0
51.444,-0.0005858096180482,103,0
51.446,-0.0006515900580482,103,0
51.448,-0.0007173704980482,103,0
51.45,-0.0007831509380482,103,0
51.452,-0.0008489313780482,103,0
51.454,-0.0005718171780482,103,0
51.456,-0.0005834694780482,103,0
51.458,-0.0005951217780482,103,0
51.46,-0.0006912804780482,103,0
51.462,-0.0012449099280482,103,0
51.464,-0.0017985393780482,103,0
51.466,-0.0014060940280482,103,0
51.468,-0.0010136486780482,103,0
51.47,-0.0005733659780482,103,0
51.472,-0.0004326066780482,103,0
51.474,-0.0009484054780482,103,0
51.476,-0.0014642042780482,103,0
51.478,-0.0019800030780482,103,0
51.48,-0.0015925308280482,103,0
51.482,-0.0012050585780482,103,0
51.484,-0.0006333940780482,103,0
51.486,-0.0006318331780482,103,0
51.488,-0.0004222853780482,103,0
51.49,-0.0016109288780482,103,0
51.492,-0.0015235789780482,103,0
51.494,-0.0014362290780482,103,0
51.496,-0.0007355543780482,103,0
51.498,-0.0006380162780482,103,0
51.5,-0.0005404781780482,104,0
51.502,-0.0008068536280482,104,0
51.504,-0.0010732290780482,104,0
51.506,-0.0012721772780482,104,0
51.508,-0.0014711254780482,104,0
51.51,-0.0016700736780482,104,0
51.512,-0.0005817149780482,104,0
51.514,-0.0006162241780482,104,0
51.516,-0.0006276647280482,104,0
51.518,-0.0006391052780482,104,0
51.52,-0.0010300845113815,104,0
51.522,-0.0014210637447148,104,0
51.524,-0.0018120429780482,104,0
51.526,-0.0010517152780482,104,0
51.528,-0.0006290743780482,104,0
51.53,-0.0004273189780482,104,0
51.532,-0.0005900204180482,104,0
51.534,-0.0007527218580482,104,0
51.536,-0.0009154232980482,104,0
51.538,-0.0010781247380482,104,0
51.54,-0.0012408261780482,104,0
51.542,-0.0006411017780482,104,0
51.544,-0.0006415131780482,104,0
51.546,-0.0004067731780482,104,0
51.548,-0.0015674777780482,104,0
51.55,-0.0015276929780482,104,0
51.552,-0.0014879081780482,104,0
51.554,-0.0014481233780482,104,0
51.556,-0.0007430079780482,104,0
51.558,-0.0006071733780482,104,0
51.56,-0.0010377276780482,104,0
51.562,-0.0011992082280482,104,0
51.564,-0.0013606887780482,104,0
51.566,-0.0015221693280482,104,0
51.568,-0.0016836498780482,104,0
51.57,-0.0009270005780482,104,0
51.572,-0.0005890717780482,104,0
51.574,-0.0006059270780482,104,0
51.576,-0.0006285419780482,104,0
51.578,-0.0012485580780482,104,0
51.58,-0.0018685741780482,104,0
51.582,-0.0010832236780482,104,0
51.584,-0.0005963075780482,104,0
51.586,-0.0006195577280482,104,0
51.588,-0.0006428078780482,104,0
51.59,-0.0004393342780482,104,0
51.592,-0.0004900816780482,104,0
51.594,-0.0005408290780482,104,0
51.596,-0.0005915764780482,104,0
51.598,-0.0006423238780482,104,0
51.6,-0.0006129813780482,104,0
51.602,-0.0004162353780482,104,0
51.604,-0.0006797522030482,104,0
51.606,-0.0009432690280482,104,0
51.608,-0.0012067858530482,104,0
51.61,-0.0014703026780482,104,0
51.612,-0.0007502437780482,104,0
51.614,-0.0005857321780482,104,0
51.616,-0.0005149834780482,104,0
51.618,-0.0010023714780482,104,0
51.62,-0.0012271733447148,104,0
51.622,-0.0014519752113815,104,0
51.624,-0.0016767770780482,104,0
51.626,-0.0009015179780482,104,0
51.628,-0.0005900518780482,104,0
51.63,-0.0006053462780482,104,0
51.632,-0.0006070281780482,104,0
51.634,-0.0010267328113815,104,0
51.636,-0.0014464374447148,104,0
51.638,-0.0018661420780482,104,0
51.64,-0.0010830300780482,104,0
51.642,-0.0006036764780482,104,0
51.644,-0.0006500920780482,104,0
51.646,-0.0007755255180482,104,0
51.648,-0.0009009589580482,104,0
51.65,-0.0010263923980482,104,0
51.652,-0.0011518258380482,104,0
51.654,-0.0012772592780482,104,0
51.656,-0.0006538551780482,104,0
51.658,-0.0006380767780482,104,0
51.66,-0.0004371683780482,104,0
51.662,-0.0006955971530482,104,0
51.664,-0.0009540259280482,104,0
51.666,-0.0012124547030482,104,0
51.668,-0.0014708834780482,104,0
51.67,-0.0006055640780482,104,0
51.672,-0.0005279062780482,104,0
51.674,-0.0009296625780482,104,0
51.676,-0.0011743528113815,104,0
51.678,-0.0014190430447148,104,0
51.68,-0.0016637332780482,104,0
51.682,-0.0012796369280482,104,0
51.684,-0.0008955405780482,104,0
51.686,-0.0005842680780482,104,0
51.688,-0.0006096054780482,104,0
51.69,-0.0005580231780482,104,0
51.692,-0.0009857299447148,104,0
51.694,-0.0014134367113815,104,0
51.696,-0.0018411434780482,104,0
51.698,-0.0010786135780482,104,0
51.7,-0.0005975538780482,104,0
51.702,-0.0006219716780482,104,0
51.704,-0.0003823795780482,104,0
51.706,-0.0019736263780482,104,0
51.708,-0.0015452984780482,104,0
51.71,-0.0011169705780482,104,0
51.712,-0.0006886426780482,104,0
51.714,-0.0010535786780482,104,0
51.716,-0.0014185146780482,104,0
51.718,-0.0014392601280482,104,0
51.72,-0.0014600055780482,104,0
51.722,-0.0014807510280482,104,0
51.724,-0.0015014964780482,104,0
51.726,-0.0007877416780482,104,0
51.728,-0.0005930768780482,104,0
51.73,-0.0005379734780482,104,0
51.732,-0.0009183248780482,104,0
51.734,-0.0011857550447148,104,0
51.736,-0.0014531852113815,104,0
51.738,-0.0017206153780482,104,0
51.74,-0.0009603239780482,104,0
51.742,-0.0006055882780482,104,0
51.744,-0.0006211488780482,104,0
51.746,-0.0005558088780482,104,0
51.748,-0.0009956277447148,104,0
51.75,-0.0014354466113815,104,0
51.752,-0.0018752654780482,104,0
51.754,-0.0011125782780482,104,0
51.756,-0.0005944562780482,104,0
51.758,-0.0006251781780482,104,0
51.76,-0.0003949877780482,104,0
51.762,-0.0007067200780482,104,0
51.764,-0.0010184523780482,104,0
51.766,-0.0013301846780482,104,0
51.768,-0.0006833428780482,104,0
51.77,-0.0006519857280482,104,0
51.772,-0.0006206285780482,104,0
51.774,-0.0004267139780482,104,0
51.776,-0.0007041095030482,104,0
51.778,-0.0009815050280482,104,0
51.78,-0.0012589005530482,104,0
51.782,-0.0015362960780482,104,0
51.784,-0.0005853207780482,104,0
51.786,-0.0005539515280482,104,0
51.788,-0.0005225822780482,104,0
51.79,-0.0008889339780482,104,0
51.792,-0.0011650196780482,104,0
51.794,-0.0014411053780482,104,0
51.796,-0.0017171910780482,104,0
51.798,-0.0006040878780482,104,0
51.8,-0.0006335392780482,104,0
51.802,-0.0008801300180482,104,0
51.804,-0.0011267207580482,104,0
51.806,-0.0013733114980482,104,0
51.808,-0.0016199022380482,104,0
51.81,-0.0018664929780482,104,0
51.812,-0.0010819047780482,104,0
51.814,-0.0005945530780482,104,0
51.816,-0.0006224919780482,104,0
51.818,-0.0003906680780482,104,0
51.82,-0.0006258315780482,104,0
51.822,-0.0008609950780482,104,0
51.824,-0.0010961585780482,104,0
51.826,-0.0013313220780482,104,0
51.828,-0.0006970642780482,104,0
51.83,-0.0006107065780482,104,0
51.832,-0.0004414880780482,104,0
51.834,-0.0013562359780482,104,0
51.836,-0.0014246332447148,104,0
51.838,-0.0014930305113815,104,0
51.84,-0.0015614277780482,104,0
51.842,-0.0005951217780482,104,0
51.844,-0.0005860467780482,104,0
51.846,-0.0005769717780482,104,0
51.848,-0.0008732281780482,104,0
51.85,-0.0011499309780482,104,0
51.852,-0.0014266337780482,104,0
51.854,-0.0017033365780482,104,0
51.856,-0.0009619332780482,104,0
51.858,-0.0005864460780482,104,0
51.86,-0.0006329947780482,104,0
51.862,-0.0005333633780482,104,0
51.864,-0.0007464121113815,104,0
51.866,-0.0009594608447148,104,0
51.868,-0.0011725095780482,104,0
51.87,-0.0006407266780482,104,0
51.872,-0.0006624703780482,104,0
51.874,-0.0004191030780482,104,0
51.876,-0.0018799844780482,104,0
51.878,-0.0016332231280482,104,0
51.88,-0.0013864617780482,104,0
51.882,-0.0010418416780482,104,0
51.884,-0.0006972215780482,104,0
51.886,-0.0004656517780482,104,0
51.888,-0.0009068964280482,104,0
51.89,-0.0013481410780482,104,0
51.892,-0.0014245122447148,104,0
51.894,-0.0015008834113815,104,0
51.896,-0.0015772545780482,104,0
51.898,-0.0008353309780482,104,0
51.9,-0.0008301400780482,104,0
51.902,-0.0008249491780482,104,0
51.904,-0.0008769025447148,104,0
51.906,-0.0009288559113815,104,0
51.908,-0.0009808092780482,104,0
51.91,-0.0007836821280482,104,0
51.912,-0.0005865549780482,104,0
51.914,-0.0006450463780482,104,0
51.916,-0.0005163991780482,104,0
51.918,-0.0009933771447148,104,0
51.92,-0.0014703551113815,104,0
51.922,-0.0019473330780482,104,0
51.924,-0.0006270415780482,104,0
51.926,-0.0006532380780482,104,0
51.928,-0.0004186069780482,104,0
51.93,-0.0006153481380482,104,0
51.932,-0.0008120892980482,104,0
51.934,-0.0010088304580482,104,0
51.936,-0.0012055716180482,104,0
51.938,-0.0014023127780482,104,0
51.94,-0.0007248458780482,104,0
51.942,-0.0006204228780482,104,0
51.944,-0.0004763360780482,104,0
51.946,-0.0008531018447148,104,0
51.948,-0.0012298676113815,104,0
51.95,-0.0016066333780482,104,0
51.952,-0.0008542674780482,104,0
51.954,-0.0007276349280482,104,0
51.956,-0.0006010023780482,104,0
51.958,-0.0006006635780482,104,0
51.96,-0.0008263043780482,104,0
51.962,-0.0013113752280482,104,0
51.964,-0.0017964460780482,104,0
51.966,-0.0010013187780482,104,0
51.968,-0.0008042218780482,104,0
51.97,-0.0006071249780482,104,0
51.972,-0.0005076750780482,104,0
51.974,-0.0012401546280482,104,0
51.976,-0.0019726341780482,104,0
51.978,-0.0015910062280482,104,0
51.98,-0.0012093782780482,104,0
51.982,-0.0009259418280482,104,0
51.984,-0.0006425053780482,104,0
51.986,-0.0006626155780482,104,0
51.988,-0.0004216803780482,104,0
51.99,-0.0017941107780482,104,0
51.992,-0.0016620997780482,104,0
51.994,-0.0015300887780482,104,0
51.996,-0.0013980777780482,104,0
51.998,-0.0007123223780482,104,0
52.0,-0.0006230606780482,105,0
52.002,-0.0004927194780482,105,0
52.004,-0.0012438027780482,105,0
52.006,-0.0013616366113815,105,0
52.008,-0.0014794704447148,105,0
52.01,-0.0015973042780482,105,0
52.012,-0.0008338668780482,105,0
52.014,-0.0006050074780482,105,0
52.016,-0.0006265333780482,105,0
52.018,-0.0007751939780482,105,0
52.02,-0.0011127920447148,105,0
52.022,-0.0014503901113815,105,0
52.024,-0.0017879881780482,105,0
52.026,-0.0010199164780482,105,0
52.028,-0.0005900518780482,105,0
52.03,-0.0006561057780482,105,0
52.032,-0.0005133015780482,105,0
52.034,-0.0009935102447148,105,0
52.036,-0.0014737189113815,105,0
52.038,-0.0019539275780482,105,0
52.04,-0.0011921478780482,105,0
52.042,-0.0006312765780482,105,0
52.044,-0.0006577513780482,105,0
52.046,-0.0004268591780482,105,0
52.048,-0.0017490745780482,105,0
52.05,-0.0013979204780482,105,0
52.052,-0.0010467663780482,105,0
52.054,-0.0006956122780482,105,0
52.056,-0.0006565111280482,105,0
52.058,-0.0006174099780482,105,0
52.06,-0.0004886659780482,105,0
52.062,-0.0011924745780482,105,0
52.064,-0.0010753627113815,105,0
52.066,-0.0009582508447148,105,0
52.068,-0.0008411389780482,105,0
52.07,-0.0006045960780482,105,0
52.072,-0.0006113841780482,105,0
52.074,-0.0006181722780482,105,0
52.076,-0.0008149001280482,105,0
52.078,-0.0010116279780482,105,0
52.08,-0.0005924476780482,105,0
52.082,-0.0006635714780482,105,0
52.084,-0.0008797238613815,105,0
52.086,-0.0010958762447148,105,0
52.088,-0.0013120286280482,105,0
52.09,-0.0015281810113815,105,0
52.092,-0.0017443333947148,105,0
52.094,-0.0019604857780482,105,0
52.096,-0.0012177635780482,105,0
52.098,-0.0006315911780482,105,0
52.1,-0.0006516892780482,105,0
52.102,-0.0006717873780482,105,0
52.104,-0.0004210874780482,105,0
52.106,-0.0017113588780482,105,0
52.108,-0.0015722572780482,105,0
52.11,-0.0014331556780482,105,0
52.112,-0.0010797146780482,105,0
52.114,-0.0007262736780482,105,0
52.116,-0.0006115051780482,105,0
52.118,-0.0004954419780482,105,0
52.12,-0.0011577112780482,105,0
52.122,-0.0013184033113815,105,0
52.124,-0.0014790953447148,105,0
52.126,-0.0016397873780482,105,0
52.128,-0.0008608982780482,105,0
52.13,-0.0005847883780482,105,0
52.132,-0.0005895073780482,105,0
52.134,-0.0007070951780482,105,0
52.136,-0.0012609121780482,105,0
52.138,-0.0018147291780482,105,0
52.14,-0.0005859015780482,105,0
52.142,-0.0006143123780482,105,0
52.144,-0.0006427231780482,105,0
52.146,-0.0004527894780482,105,0
52.148,-0.0009628085113815,105,0
52.15,-0.0014728275447148,105,0
52.152,-0.0019828465780482,105,0
52.154,-0.0006237624780482,105,0
52.156,-0.0006277252280482,105,0
52.158,-0.0006316879780482,105,0
52.16,-0.0005172219780482,105,0
52.162,-0.0004027559780482,105,0
52.164,-0.0016722274780482,105,0
52.166,-0.0013502747113815,105,0
52.168,-0.0010283219447148,105,0
52.17,-0.0007063691780482,105,0
52.172,-0.0005696512780482,105,0
52.174,-0.0004530919780482,105,0
52.176,-0.0011248839780482,105,0
52.178,-0.0010413012113815,105,0
52.18,-0.0009577184447148,105,0
52.182,-0.0008741356780482,105,0
52.184,-0.0007290929780482,105,0
52.186,-0.0005840502780482,105,0
52.188,-0.0006649024780482,105,0
52.19,-0.0010482385447148,105,0
52.192,-0.0014315746113815,105,0
52.194,-0.0018149106780482,105,0
52.196,-0.0014310805280482,105,0
52.198,-0.0010472503780482,105,0
52.2,-0.0006068224780482,105,0
52.202,-0.0006605343780482,105,0
52.204,-0.0004452874780482,105,0
52.206,-0.0009622398113815,105,0
52.208,-0.0014791921447148,105,0
52.21,-0.0019961444780482,105,0
52.212,-0.0012473238780482,105,0
52.214,-0.0006624703780482,105,0
52.216,-0.0006437637780482,105,0
52.218,-0.0004048492780482,105,0
52.22,-0.0006675584280482,105,0
52.222,-0.0009302675780482,105,0
52.224,-0.0011929767280482,105,0
52.226,-0.0014556858780482,105,0
52.228,-0.0005958719780482,105,0
52.23,-0.0004837049780482,105,0
52.232,-0.0007825205280482,105,0
52.234,-0.0010813360780482,105,0
52.236,-0.0009746564280482,105,0
52.238,-0.0008679767780482,105,0
52.24,-0.0007749398780482,105,0
52.242,-0.0006819029780482,105,0
52.244,-0.0005888660780482,105,0
52.246,-0.0006077904780482,105,0
52.248,-0.0006555007780482,105,0
52.25,-0.0007961027780482,105,0
52.252,-0.0009367047780482,105,0
52.254,-0.0010773067780482,105,0
52.256,-0.0006176640780482,105,0
52.258,-0.0005332060780482,105,0
52.26,-0.0004487480780482,105,0
52.262,-0.0009653979113815,105,0
52.264,-0.0014820477447148,105,0
52.266,-0.0019986975780482,105,0
52.268,-0.0016224662280482,105,0
52.27,-0.0012462348780482,105,0
52.272,-0.0006624219780482,105,0
52.274,-0.0006498984780482,105,0
52.276,-0.0004153883780482,105,0
52.278,-0.0016063187780482,105,0
52.28,-0.0015376512780482,105,0
52.282,-0.0014689837780482,105,0
52.284,-0.0011161719780482,105,0
52.286,-0.0007633601780482,105,0
52.288,-0.0006051768780482,105,0
52.29,-0.0005061625780482,105,0
52.292,-0.0010408252780482,105,0
52.294,-0.0009842416447148,105,0
52.296,-0.0009276580113815,105,0
52.298,-0.0008710743780482,105,0
52.3,-0.0007257473280482,105,0
52.302,-0.0005804202780482,105,0
52.304,-0.0006052252780482,105,0
52.306,-0.0006300302780482,105,0
52.308,-0.0007782673780482,105,0
52.31,-0.0009265044780482,105,0
52.312,-0.0010747415780482,105,0
52.314,-0.0005949886780482,105,0
52.316,-0.0005080743780482,105,0
52.318,-0.0004211600780482,105,0
52.32,-0.0006311676780482,105,0
52.322,-0.0008411752780482,105,0
52.324,-0.0010511828780482,105,0
52.326,-0.0012611904780482,105,0
52.328,-0.0006052857780482,105,0
52.33,-0.0005104459780482,105,0
52.332,-0.0004156061780482,105,0
52.334,-0.0009947787280482,105,0
52.336,-0.0015739512780482,105,0
52.338,-0.0015427736113815,105,0
52.34,-0.0015115959447148,105,0
52.342,-0.0014804182780482,105,0
52.344,-0.0005792586780482,105,0
52.346,-0.0005061746780482,105,0
52.348,-0.0010347147780482,105,0
52.35,-0.0010028585030482,105,0
52.352,-0.0009710022280482,105,0
52.354,-0.0009391459530482,105,0
52.356,-0.0009072896780482,105,0
52.358,-0.0005774678780482,105,0
52.36,-0.0006009781780482,105,0
52.362,-0.0006160305780482,105,0
52.364,-0.0009317831030482,105,0
52.366,-0.0012475356280482,105,0
52.368,-0.0015632881530482,105,0
52.37,-0.0018790406780482,105,0
52.372,-0.0010886444780482,105,0
52.374,-0.0006405088780482,105,0
52.376,-0.0005328067780482,105,0
52.378,-0.0004251046780482,105,0
52.38,-0.0008587989280482,105,0
52.382,-0.0012924931780482,105,0
52.384,-0.0006739774780482,105,0
52.386,-0.0006192491780482,105,0
52.388,-0.0004174816780482,105,0
52.39,-0.0009567302780482,105,0
52.392,-0.0014959788780482,105,0
52.394,-0.0013071977030482,105,0
52.396,-0.0011184165280482,105,0
52.398,-0.0009296353530482,105,0
52.4,-0.0007408541780482,105,0
52.402,-0.0005815576780482,105,0
52.404,-0.0005557967780482,105,0
52.406,-0.0005300358780482,105,0
52.408,-0.0009661561780482,105,0
52.41,-0.0012030741780482,105,0
52.412,-0.0014399921780482,105,0
52.414,-0.0016769101780482,105,0
52.416,-0.0005787746780482,105,0
52.418,-0.0005870813280482,105,0
52.42,-0.0005953879780482,105,0
52.422,-0.0007170988530482,105,0
52.424,-0.0008388097280482,105,0
52.426,-0.0009605206030482,105,0
52.428,-0.0010822314780482,105,0
52.43,-0.0005914554780482,105,0
52.432,-0.0006592396780482,105,0
52.434,-0.0005437028280482,105,0
52.436,-0.0004281659780482,105,0
52.438,-0.0019954910780482,105,0
52.44,-0.0016497517280482,105,0
52.442,-0.0013040123780482,105,0
52.444,-0.0006733482780482,105,0
52.446,-0.0006449798280482,105,0
52.448,-0.0006166113780482,105,0
52.45,-0.0004296421780482,105,0
52.452,-0.0007955421447148,105,0
52.454,-0.0011614421113815,105,0
52.456,-0.0015273420780482,105,0
52.458,-0.0006008087780482,105,0
52.46,-0.0007697731780482,105,0
52.462,-0.0009387375780482,105,0
52.464,-0.0010945153980482,105,0
52.466,-0.0012502932180482,105,0
52.468,-0.0014060710380482,105,0
52.47,-0.0015618488580482,105,0
52.472,-0.0017176266780482,105,0
52.474,-0.0005849093780482,105,0
52.476,-0.0006065804780482,105,0
52.478,-0.0006282515780482,105,0
52.48,-0.0010452095113815,105,0
52.482,-0.0014621674447148,105,0
52.484,-0.0018791253780482,105,0
52.486,-0.0011167769780482,105,0
52.488,-0.0005950249780482,105,0
52.49,-0.0005000399780482,105,0
52.492,-0.0004050549780482,105,0
52.494,-0.0011892075780482,105,0
52.496,-0.0019733601780482,105,0
52.498,-0.0017534467113815,105,0
52.5,-0.0015335332447148,106,0
52.502,-0.0013136197780482,106,0
52.504,-0.0006661971780482,106,0
52.506,-0.0006201445780482,106,0
52.508,-0.0014222535780482,106,0
52.51,-0.0014614374113815,106,0
52.512,-0.0015006212447148,106,0
52.514,-0.0015398050780482,106,0
52.516,-0.0011649410280482,106,0
52.518,-0.0007900769780482,106,0
52.52,-0.0009016631780482,106,0
52.522,-0.0011778779447148,106,0
52.524,-0.0014540927113815,106,0
52.526,-0.0017303074780482,106,0
52.528,-0.0009453078780482,106,0
52.53,-0.0007613636780482,106,0
52.532,-0.0005774194780482,106,0
52.534,-0.0006031803780482,106,0
52.536,-0.0006289412780482,106,0
52.538,-0.0005507631780482,106,0
52.54,-0.0007426691780482,106,0
52.542,-0.0009345751780482,106,0
52.544,-0.0011264811780482,106,0
52.546,-0.0006119528780482,106,0
52.548,-0.0006417491280482,106,0
52.55,-0.0006715453780482,106,0
52.552,-0.0004233259780482,106,0
52.554,-0.0019350636780482,106,0
52.556,-0.0017441418113815,106,0
52.558,-0.0015532199447148,106,0
52.56,-0.0013622980780482,106,0
52.562,-0.0007138711780482,106,0
52.564,-0.0006405935780482,106,0
52.566,-0.0004578109780482,106,0
52.568,-0.0007227737530482,106,0
52.57,-0.0009877365280482,106,0
52.572,-0.0012526993030482,106,0
52.574,-0.0015176620780482,106,0
52.576,-0.0005823441780482,106,0
52.578,-0.0005606791280482,106,0
52.58,-0.0005390140780482,106,0
52.582,-0.0008696344780482,106,0
52.584,-0.0012989122280482,106,0
52.586,-0.0017281899780482,106,0
52.588,-0.0009302312780482,106,0
52.59,-0.0006512657780482,106,0
52.592,-0.0005836086280482,106,0
52.594,-0.0005159514780482,106,0
52.596,-0.0009838786447148,106,0
52.598,-0.0014518058113815,106,0
52.6,-0.0019197329780482,106,0
52.602,-0.0015242686780482,106,0
52.604,-0.0011288043780482,106,0
52.606,-0.0006132959780482,106,0
52.608,-0.0006679032780482,106,0
52.61,-0.0004047040780482,106,0
52.612,-0.0018933186780482,106,0
52.614,-0.0017091526447148,106,0
52.616,-0.0015249866113815,106,0
52.618,-0.0013408205780482,106,0
52.62,-0.0006968464780482,106,0
52.622,-0.0004367327780482,106,0
52.624,-0.0013440875780482,106,0
52.626,-0.0014410872280482,106,0
52.628,-0.0015380868780482,106,0
52.63,-0.0008056738780482,106,0
52.632,-0.0007391642113815,106,0
52.634,-0.0006726545447148,106,0
52.636,-0.0006061448780482,106,0
52.638,-0.0005708370780482,106,0
52.64,-0.0008294140780482,106,0
52.642,-0.0012869271780482,106,0
52.644,-0.0017444402780482,106,0
52.646,-0.0011780755780482,106,0
52.648,-0.0006117108780482,106,0
52.65,-0.0006398070780482,106,0
52.652,-0.0007735967780482,106,0
52.654,-0.0009073864780482,106,0
52.656,-0.0010411761780482,106,0
52.658,-0.0011749658780482,106,0
52.66,-0.0009040831780482,106,0
52.662,-0.0006332004780482,106,0
52.664,-0.0006619379780482,106,0
52.666,-0.0004060350780482,106,0
52.668,-0.0007245716113815,106,0
52.67,-0.0010431081447148,106,0
52.672,-0.0013616446780482,106,0
52.674,-0.0007111123780482,106,0
52.676,-0.0006630451280482,106,0
52.678,-0.0006149778780482,106,0
52.68,-0.0004459045780482,106,0
52.682,-0.0013180362780482,106,0
52.684,-0.0011610024780482,106,0
52.686,-0.0010039686780482,106,0
52.688,-0.0008469348780482,106,0
52.69,-0.0007126853780482,106,0
52.692,-0.0005784358780482,106,0
52.694,-0.0008283976780482,106,0
52.696,-0.0013030867280482,106,0
52.698,-0.0017777757780482,106,0
52.7,-0.0013895472780482,106,0
52.702,-0.0010013187780482,106,0
52.704,-0.0007987163780482,106,0
52.706,-0.0005961139780482,106,0
52.708,-0.0006470791780482,106,0
52.71,-0.0005122367780482,106,0
52.712,-0.0009800308447148,106,0
52.714,-0.0014478249113815,106,0
52.716,-0.0019156189780482,106,0
52.718,-0.0011481280780482,106,0
52.72,-0.0006537704780482,106,0
52.722,-0.0005353356780482,106,0
52.724,-0.0004169008780482,106,0
52.726,-0.0018461044780482,106,0
52.728,-0.0016134819780482,106,0
52.73,-0.0013808594780482,106,0
52.732,-0.0007396199780482,106,0
52.734,-0.0006858112780482,106,0
52.736,-0.0006320025780482,106,0
52.738,-0.0004749808780482,106,0
52.74,-0.0012866125780482,106,0
52.742,-0.0013974485780482,106,0
52.744,-0.0015082845780482,106,0
52.746,-0.0016191205780482,106,0
52.748,-0.0006061448780482,106,0
52.75,-0.0005932523280482,106,0
52.752,-0.0005803597780482,106,0
52.754,-0.0007908150780482,106,0
52.756,-0.0011155710113815,106,0
52.758,-0.0014403269447148,106,0
52.76,-0.0017650828780482,106,0
52.762,-0.0009958374780482,106,0
52.764,-0.0006459417780482,106,0
52.766,-0.0005757133780482,106,0
52.768,-0.0005054849780482,106,0
52.77,-0.0007319163113815,106,0
52.772,-0.0009583476447148,106,0
52.774,-0.0011847789780482,106,0
52.776,-0.0009118392780482,106,0
52.778,-0.0006388995780482,106,0
52.78,-0.0006541818780482,106,0
52.782,-0.0004152915780482,106,0
52.784,-0.0017674907780482,106,0
52.786,-0.0016365970113815,106,0
52.788,-0.0015057032447148,106,0
52.79,-0.0013748094780482,106,0
52.792,-0.0007004885780482,106,0
52.794,-0.0006001190780482,106,0
52.796,-0.0012185016780482,106,0
52.798,-0.0011198987780482,106,0
52.8,-0.0010212958780482,106,0
52.802,-0.0009226929780482,106,0
52.804,-0.0008240900780482,106,0
52.806,-0.0005650653780482,106,0
52.808,-0.0005937423780482,106,0
52.81,-0.0007660584780482,106,0
52.812,-0.0007208286780482,106,0
52.814,-0.0006755988780482,106,0
52.816,-0.0006303690780482,106,0
52.818,-0.0005851392780482,106,0
52.82,-0.0006589855780482,106,0
52.822,-0.0004799660780482,106,0
52.824,-0.0007212118447148,106,0
52.826,-0.0009624576113815,106,0
52.828,-0.0012037033780482,106,0
52.83,-0.0009232253780482,106,0
52.832,-0.0006427473780482,106,0
52.834,-0.0006551498780482,106,0
52.836,-0.0004268107780482,106,0
52.838,-0.0017438352780482,106,0
52.84,-0.0011822803280482,106,0
52.842,-0.0006207253780482,106,0
52.844,-0.0005612357280482,106,0
52.846,-0.0005017460780482,106,0
52.848,-0.0007331505113815,106,0
52.85,-0.0009645549447148,106,0
52.852,-0.0011959593780482,106,0
52.854,-0.0010855952780482,106,0
52.856,-0.0009752311780482,106,0
52.858,-0.0008648670780482,106,0
52.86,-0.0007330436280482,106,0
52.862,-0.0006012201780482,106,0
52.864,-0.0006149536780482,106,0
52.866,-0.0012236683780482,106,0
52.868,-0.0018323830780482,106,0
52.87,-0.0014424242780482,106,0
52.872,-0.0010524654780482,106,0
52.874,-0.0006124610780482,106,0
52.876,-0.0006387725280482,106,0
52.878,-0.0006650839780482,106,0
52.88,-0.0004891862780482,106,0
52.882,-0.0012357018280482,106,0
52.884,-0.0019822173780482,106,0
52.886,-0.0012263908780482,106,0
52.888,-0.0009290938780482,106,0
52.89,-0.0006317968780482,106,0
52.892,-0.0006354389780482,106,0
52.894,-0.0017038931780482,106,0
52.896,-0.0016191810780482,106,0
52.898,-0.0015344689780482,106,0
52.9,-0.0014497568780482,106,0
52.902,-0.0007306659780482,106,0
52.904,-0.0005940327780482,106,0
52.906,-0.0004940262780482,106,0
52.908,-0.0011656730780482,106,0
52.91,-0.0012795189530482,106,0
52.912,-0.0013933648280482,106,0
52.914,-0.0015072107030482,106,0
52.916,-0.0016210565780482,106,0
52.918,-0.0008503107780482,106,0
52.92,-0.0006078751780482,106,0
52.922,-0.0009137873780482,106,0
52.924,-0.0012196995780482,106,0
52.926,-0.0015256117780482,106,0
52.928,-0.0018315239780482,106,0
52.93,-0.0005850787780482,106,0
52.932,-0.0006151351780482,106,0
52.934,-0.0006451915780482,106,0
52.936,-0.0006508059780482,106,0
52.938,-0.0006564203780482,106,0
52.94,-0.0006620347780482,106,0
52.942,-0.0006676491780482,106,0
52.944,-0.0006619924280482,106,0
52.946,-0.0006563356780482,106,0
52.948,-0.0016740424780482,106,0
52.95,-0.0016146738280482,106,0
52.952,-0.0015553051780482,106,0
52.954,-0.0014959365280482,106,0
52.956,-0.0014365678780482,106,0
52.958,-0.0007257775780482,106,0
52.96,-0.0005844737780482,106,0
52.962,-0.0004980434780482,106,0
52.964,-0.0011040114780482,106,0
52.966,-0.0012860761447148,106,0
52.968,-0.0014681408113815,106,0
52.97,-0.0016502054780482,106,0
52.972,-0.0006018009780482,106,0
52.974,-0.0006134895780482,106,0
52.976,-0.0006251781780482,106,0
52.978,-0.0008397777280482,106,0
52.98,-0.0010543772780482,106,0
52.982,-0.0009435745530482,106,0
52.984,-0.0008327718280482,106,0
52.986,-0.0007219691030482,106,0
52.988,-0.0006111663780482,106,0
52.99,-0.0004552699780482,106,0
52.992,-0.0006102564580482,106,0
52.994,-0.0007652429380482,106,0
52.996,-0.0009202294180482,106,0
52.998,-0.0010752158980482,106,0
53.0,-0.0012302023780482,107,0
53.002,-0.0006354026780482,107,0
53.004,-0.0006512657780482,107,0
53.006,-0.0004323162780482,107,0
53.008,-0.0007775091113815,107,0
53.01,-0.0011227019447148,107,0
53.012,-0.0014678947780482,107,0
53.014,-0.0007571528780482,107,0
53.016,-0.0006180028780482,107,0
53.018,-0.0005182262780482,107,0
53.02,-0.0010848692780482,107,0
53.022,-0.0012296820780482,107,0
53.024,-0.0013744948780482,107,0
53.026,-0.0015193076780482,107,0
53.028,-0.0016641204780482,107,0
53.03,-0.0009012275780482,107,0
53.032,-0.0005917216780482,107,0
53.034,-0.0006104887780482,107,0
53.036,-0.0006703232780482,107,0
53.038,-0.0010632828780482,107,0
53.04,-0.0014562424780482,107,0
53.042,-0.0018492020780482,107,0
53.044,-0.0010671548780482,107,0
53.046,-0.0006767483780482,107,0
53.048,-0.0005751507280482,107,0
53.05,-0.0004735530780482,107,0
53.052,-0.0008752730780482,107,0
53.054,-0.0012769930780482,107,0
53.056,-0.0006489062780482,107,0
53.058,-0.0006228065780482,107,0
53.06,-0.0005510656780482,107,0
53.062,-0.0004793247780482,107,0
53.064,-0.0004075838780482,107,0
53.066,-0.0015691354780482,107,0
53.068,-0.0015435923780482,107,0
53.07,-0.0015180492780482,107,0
53.072,-0.0014925061780482,107,0
53.074,-0.0006179060780482,107,0
53.076,-0.0005669771780482,107,0
53.078,-0.0005160482780482,107,0
53.08,-0.0010402323780482,107,0
53.082,-0.0008919347780482,107,0
53.084,-0.0007436371780482,107,0
53.086,-0.0005953395780482,107,0
53.088,-0.0006270052780482,107,0
53.09,-0.0008306583613815,107,0
53.092,-0.0010343114447148,107,0
53.094,-0.0012379645280482,107,0
53.096,-0.0014416176113815,107,0
53.098,-0.0016452706947148,107,0
53.1,-0.0018489237780482,107,0
53.102,-0.0010866721780482,107,0
53.104,-0.0005963559780482,107,0
53.106,-0.0006199388780482,107,0
53.108,-0.0004104636780482,107,0
53.11,-0.0007061634780482,107,0
53.112,-0.0010018632780482,107,0
53.114,-0.0012975630780482,107,0
53.116,-0.0009834470780482,107,0
53.118,-0.0006693310780482,107,0
53.12,-0.0006425658780482,107,0
53.122,-0.0004354259780482,107,0
53.124,-0.0015606896780482,107,0
53.126,-0.0015337026447148,107,0
53.128,-0.0015067156113815,107,0
53.13,-0.0014797285780482,107,0
53.132,-0.0007701361780482,107,0
53.134,-0.0005981225780482,107,0
53.136,-0.0005115107780482,107,0
53.138,-0.0010098250780482,107,0
53.14,-0.0012363330447148,107,0
53.142,-0.0014628410113815,107,0
53.144,-0.0016893489780482,107,0
53.146,-0.0009386286780482,107,0
53.148,-0.0006121222780482,107,0
53.15,-0.0006080566780482,107,0
53.152,-0.0006039910780482,107,0
53.154,-0.0012352117780482,107,0
53.156,-0.0018664324780482,107,0
53.158,-0.0011039025780482,107,0
53.16,-0.0008665731780482,107,0
53.162,-0.0006292437780482,107,0
53.164,-0.0004241124780482,107,0
53.166,-0.0005986017380482,107,0
53.168,-0.0007730909980482,107,0
53.17,-0.0009475802580482,107,0
53.172,-0.0011220695180482,107,0
53.174,-0.0012965587780482,107,0
53.176,-0.0006953702780482,107,0
53.178,-0.0006407508780482,107,0
53.18,-0.0004474291780482,107,0
53.182,-0.0015060460780482,107,0
53.184,-0.0012724959113815,107,0
53.186,-0.0010389457447148,107,0
53.188,-0.0008053955780482,107,0
53.19,-0.0005950370780482,107,0
53.192,-0.0009573352780482,107,0
53.194,-0.0011451212280482,107,0
53.196,-0.0013329071780482,107,0
53.198,-0.0015206931280482,107,0
53.2,-0.0017084790780482,107,0
53.202,-0.0005868453780482,107,0
53.204,-0.0006091396280482,107,0
53.206,-0.0006314338780482,107,0
53.208,-0.0006114083780482,107,0
53.21,-0.0007746696447148,107,0
53.212,-0.0009379309113815,107,0
53.214,-0.0011011921780482,107,0
53.216,-0.0008522528280482,107,0
53.218,-0.0006033134780482,107,0
53.22,-0.0006451552780482,107,0
53.222,-0.0008169057030482,107,0
53.224,-0.0009886561280482,107,0
53.226,-0.0011604065530482,107,0
53.228,-0.0013321569780482,107,0
53.23,-0.0010086574280482,107,0
53.232,-0.0006851578780482,107,0
53.234,-0.0006322808780482,107,0
53.236,-0.0004511922780482,107,0
53.238,-0.0014762679780482,107,0
53.24,-0.0015051063113815,107,0
53.242,-0.0015339446447148,107,0
53.244,-0.0015627829780482,107,0
53.246,-0.0008147004780482,107,0
53.248,-0.0005684412780482,107,0
53.25,-0.0007627612280482,107,0
53.252,-0.0009570811780482,107,0
53.254,-0.0009498252113815,107,0
53.256,-0.0009425692447148,107,0
53.258,-0.0009353132780482,107,0
53.26,-0.0005785810780482,107,0
53.262,-0.0006383550780482,107,0
53.264,-0.0005968460280482,107,0
53.266,-0.0005553369780482,107,0
53.268,-0.0012206978280482,107,0
53.27,-0.0018860586780482,107,0
53.272,-0.0011124572780482,107,0
53.274,-0.0008551023780482,107,0
53.276,-0.0005977474780482,107,0
53.278,-0.0006595542780482,107,0
53.28,-0.0004221280780482,107,0
53.282,-0.0007231922113815,107,0
53.284,-0.0010242563447148,107,0
53.286,-0.0013253204780482,107,0
53.288,-0.0010047914780482,107,0
53.29,-0.0006842624780482,107,0
53.292,-0.0006366247780482,107,0
53.294,-0.0014016956780482,107,0
53.296,-0.0014380017280482,107,0
53.298,-0.0014743077780482,107,0
53.3,-0.0015106138280482,107,0
53.302,-0.0015469198780482,107,0
53.304,-0.0008110946780482,107,0
53.306,-0.0006127514780482,107,0
53.308,-0.0005800814780482,107,0
53.31,-0.0009187120780482,107,0
53.312,-0.0013399009780482,107,0
53.314,-0.0017610898780482,107,0
53.316,-0.0011746210280482,107,0
53.318,-0.0005881521780482,107,0
53.32,-0.0006118681780482,107,0
53.322,-0.0006355841780482,107,0
53.324,-0.0005503396780482,107,0
53.326,-0.0007420520780482,107,0
53.328,-0.0009337644780482,107,0
53.33,-0.0011254768780482,107,0
53.332,-0.0006018130780482,107,0
53.334,-0.0006285661780482,107,0
53.336,-0.0006553192780482,107,0
53.338,-0.0004175058780482,107,0
53.34,-0.0019259281780482,107,0
53.342,-0.0016417233780482,107,0
53.344,-0.0013575185780482,107,0
53.346,-0.0007046388780482,107,0
53.348,-0.0005831488280482,107,0
53.35,-0.0004616587780482,107,0
53.352,-0.0013954399780482,107,0
53.354,-0.0014336336280482,107,0
53.356,-0.0014718272780482,107,0
53.358,-0.0015100209280482,107,0
53.36,-0.0015482145780482,107,0
53.362,-0.0008071137780482,107,0
53.364,-0.0006098111780482,107,0
53.366,-0.0005779276780482,107,0
53.368,-0.0008879417780482,107,0
53.37,-0.0011787209113815,107,0
53.372,-0.0014695000447148,107,0
53.374,-0.0017602791780482,107,0
53.376,-0.0009699313780482,107,0
53.378,-0.0006113115780482,107,0
53.38,-0.0006536131780482,107,0
53.382,-0.0005321533780482,107,0
53.384,-0.0007350058447148,107,0
53.386,-0.0009378583113815,107,0
53.388,-0.0011407107780482,107,0
53.39,-0.0006482165780482,107,0
53.392,-0.0006563961780482,107,0
53.394,-0.0006645757780482,107,0
53.396,-0.0003945037780482,107,0
53.398,-0.0018693364780482,107,0
53.4,-0.0017008601113815,107,0
53.402,-0.0015323837447148,107,0
53.404,-0.0013639073780482,107,0
53.406,-0.0007024245780482,107,0
53.408,-0.0006101257780482,107,0
53.41,-0.0004442710780482,107,0
53.412,-0.0013172497780482,107,0
53.414,-0.0011552832113815,107,0
53.416,-0.0009933166447148,107,0
53.418,-0.0008313500780482,107,0
53.42,-0.0006207616780482,107,0
53.422,-0.0005924234780482,107,0
53.424,-0.0008240682980482,107,0
53.426,-0.0010557131180482,107,0
53.428,-0.0012873579380482,107,0
53.43,-0.0015190027580482,107,0
53.432,-0.0017506475780482,107,0
53.434,-0.0005990905780482,107,0
53.436,-0.0005513984280482,107,0
53.438,-0.0005037062780482,107,0
53.44,-0.0019502733780482,107,0
53.442,-0.0016205181280482,107,0
53.444,-0.0012907628780482,107,0
53.446,-0.0009610076280482,107,0
53.448,-0.0006312523780482,107,0
53.45,-0.0006603286780482,107,0
53.452,-0.0018591724780482,107,0
53.454,-0.0017382239030482,107,0
53.456,-0.0016172753280482,107,0
53.458,-0.0014963267530482,107,0
53.46,-0.0013753781780482,107,0
53.462,-0.0007190136780482,107,0
53.464,-0.0006319904780482,107,0
53.466,-0.0004722341780482,107,0
53.468,-0.0013094936780482,107,0
53.47,-0.0010756369780482,107,0
53.472,-0.0008417802780482,107,0
53.474,-0.0006079235780482,107,0
53.476,-0.0005998488447148,107,0
53.478,-0.0005917741113815,107,0
53.48,-0.0005836993780482,107,0
53.482,-0.0008142527780482,107,0
53.484,-0.0011331523113815,107,0
53.486,-0.0014520518447148,107,0
53.488,-0.0017709513780482,107,0
53.49,-0.0009830598780482,107,0
53.492,-0.0005876318780482,107,0
53.494,-0.0006322808780482,107,0
53.496,-0.0005155279780482,107,0
53.498,-0.0009875933447148,107,0
53.5,-0.0014596587113815,108,0
53.502,-0.0019317240780482,108,0
53.504,-0.0006429288780482,108,0
53.506,-0.0006410291780482,108,0
53.508,-0.0012334391280482,108,0
53.51,-0.0018258490780482,108,0
53.512,-0.0016829722780482,108,0
53.514,-0.0015400954780482,108,0
53.516,-0.0013972186780482,108,0
53.518,-0.0007358568780482,108,0
53.52,-0.0006743586280482,108,0
53.522,-0.0006128603780482,108,0
53.524,-0.0005017702780482,108,0
53.526,-0.0012544265780482,108,0
53.528,-0.0010482002280482,108,0
53.53,-0.0008419738780482,108,0
53.532,-0.0007125522780482,108,0
53.534,-0.0005831306780482,108,0
53.536,-0.0007724351780482,108,0
53.538,-0.0010034362780482,108,0
53.54,-0.0005687316780482,108,0
53.542,-0.0006010870780482,108,0
53.544,-0.0004739765780482,108,0
53.546,-0.0007720939580482,108,0
53.548,-0.0010702113380482,108,0
53.55,-0.0013683287180482,108,0
53.552,-0.0016664460980482,108,0
53.554,-0.0019645634780482,108,0
53.556,-0.0015820582780482,108,0
53.558,-0.0011995530780482,108,0
53.56,-0.0009100545280482,108,0
53.562,-0.0006205559780482,108,0
53.564,-0.0006273743280482,108,0
53.566,-0.0006341926780482,108,0
53.568,-0.0003969237780482,108,0
53.57,-0.0017428672780482,108,0
53.572,-0.0016284900113815,108,0
53.574,-0.0015141127447148,108,0
53.576,-0.0013997354780482,108,0
53.578,-0.0006080324780482,108,0
53.58,-0.0008077792780482,108,0
53.582,-0.0010075260780482,108,0
53.584,-0.0012072728780482,108,0
53.586,-0.0013398606447148,108,0
53.588,-0.0014724484113815,108,0
53.59,-0.0016050361780482,108,0
53.592,-0.0008464387780482,108,0
53.594,-0.0005765724780482,108,0
53.596,-0.0005754350780482,108,0
53.598,-0.0007317186780482,108,0
53.6,-0.0012769870280482,108,0
53.602,-0.0018222553780482,108,0
53.604,-0.0014227859780482,108,0
53.606,-0.0010233165780482,108,0
53.608,-0.0005842075780482,108,0
53.61,-0.0004677087780482,108,0
53.612,-0.0008501413780482,108,0
53.614,-0.0012325739780482,108,0
53.616,-0.0016150065780482,108,0
53.618,-0.0019974391780482,108,0
53.62,-0.0012654980780482,108,0
53.622,-0.0006566381780482,108,0
53.624,-0.0004342885780482,108,0
53.626,-0.0010788313780482,108,0
53.628,-0.0017233741780482,108,0
53.63,-0.0015757844280482,108,0
53.632,-0.0014281946780482,108,0
53.634,-0.0010836471780482,108,0
53.636,-0.0007390996780482,108,0
53.638,-0.0006253959780482,108,0
53.64,-0.0011594415780482,108,0
53.642,-0.0012742040280482,108,0
53.644,-0.0013889664780482,108,0
53.646,-0.0015037289280482,108,0
53.648,-0.0016184913780482,108,0
53.65,-0.0005554337780482,108,0
53.652,-0.0006408658280482,108,0
53.654,-0.0007262978780482,108,0
53.656,-0.0010044163780482,108,0
53.658,-0.0012825348780482,108,0
53.66,-0.0015606533780482,108,0
53.662,-0.0018387718780482,108,0
53.664,-0.0010527437780482,108,0
53.666,-0.0005792949780482,108,0
53.668,-0.0006374717780482,108,0
53.67,-0.0004762271780482,108,0
53.672,-0.0006724861530482,108,0
53.674,-0.0008687451280482,108,0
53.676,-0.0010650041030482,108,0
53.678,-0.0012612630780482,108,0
53.68,-0.0006457844780482,108,0
53.682,-0.0006284572780482,108,0
53.684,-0.0004209785780482,108,0
53.686,-0.0007600326780482,108,0
53.688,-0.0010990867780482,108,0
53.69,-0.0014381408780482,108,0
53.692,-0.0010824008780482,108,0
53.694,-0.0007266608780482,108,0
53.696,-0.0006144938780482,108,0
53.698,-0.0005127570780482,108,0
53.7,-0.0008903133780482,108,0
53.702,-0.0012678696780482,108,0
53.704,-0.0016454259780482,108,0
53.706,-0.0008645887780482,108,0
53.708,-0.0007222746280482,108,0
53.71,-0.0005799604780482,108,0
53.712,-0.0006040757780482,108,0
53.714,-0.0010084940780482,108,0
53.716,-0.0014129123780482,108,0
53.718,-0.0018173306780482,108,0
53.72,-0.0005876318780482,108,0
53.722,-0.0006106944780482,108,0
53.724,-0.0006337570780482,108,0
53.726,-0.0006568196780482,108,0
53.728,-0.0004626993780482,108,0
53.73,-0.0007291938113815,108,0
53.732,-0.0009956882447148,108,0
53.734,-0.0012621826780482,108,0
53.736,-0.0006756109780482,108,0
53.738,-0.0006727069780482,108,0
53.74,-0.0006698029780482,108,0
53.742,-0.0004496918780482,108,0
53.744,-0.0016342697780482,108,0
53.746,-0.0015748224780482,108,0
53.748,-0.0015153751780482,108,0
53.75,-0.0014559278780482,108,0
53.752,-0.0007604561780482,108,0
53.754,-0.0006106823780482,108,0
53.756,-0.0010827759780482,108,0
53.758,-0.0012205163280482,108,0
53.76,-0.0013582566780482,108,0
53.762,-0.0014959970280482,108,0
53.764,-0.0016337373780482,108,0
53.766,-0.0006034586780482,108,0
53.768,-0.0006354026780482,108,0
53.77,-0.0006602379280482,108,0
53.772,-0.0006850731780482,108,0
53.774,-0.0008776023280482,108,0
53.776,-0.0010701314780482,108,0
53.778,-0.0009120853113815,108,0
53.78,-0.0007540391447148,108,0
53.782,-0.0005959929780482,108,0
53.784,-0.0006610788780482,108,0
53.786,-0.0008666336780482,108,0
53.788,-0.0010721884780482,108,0
53.79,-0.0012777432780482,108,0
53.792,-0.0010721481447148,108,0
53.794,-0.0008665530113815,108,0
53.796,-0.0006609578780482,108,0
53.798,-0.0006621678780482,108,0
53.8,-0.0004290250780482,108,0
53.802,-0.0015971106780482,108,0
53.804,-0.0015636017447148,108,0
53.806,-0.0015300928113815,108,0
53.808,-0.0014965838780482,108,0
53.81,-0.0007467226780482,108,0
53.812,-0.0006067498780482,108,0
53.814,-0.0005173066780482,108,0
53.816,-0.0010432210780482,108,0
53.818,-0.0012488605780482,108,0
53.82,-0.0014545000780482,108,0
53.822,-0.0016601395780482,108,0
53.824,-0.0008819280780482,108,0
53.826,-0.0006025148780482,108,0
53.828,-0.0006332972780482,108,0
53.83,-0.0006673345780482,108,0
53.832,-0.0013073338280482,108,0
53.834,-0.0019473330780482,108,0
53.836,-0.0015608409280482,108,0
53.838,-0.0011743487780482,108,0
53.84,-0.0007017590780482,108,0
53.842,-0.0007484529780482,108,0
53.844,-0.0005291041780482,108,0
53.846,-0.0007450710280482,108,0
53.848,-0.0009610378780482,108,0
53.85,-0.0011770047280482,108,0
53.852,-0.0013929715780482,108,0
53.854,-0.0007772630780482,108,0
53.856,-0.0007421488780482,108,0
53.858,-0.0005400788780482,108,0
53.86,-0.0016389887780482,108,0
53.862,-0.0016299178113815,108,0
53.864,-0.0016208468447148,108,0
53.866,-0.0016117758780482,108,0
53.868,-0.0008744865780482,108,0
53.87,-0.0006859927780482,108,0
53.872,-0.0006037490780482,108,0
53.874,-0.0009072685030482,108,0
53.876,-0.0012107879280482,108,0
53.878,-0.0015143073530482,108,0
53.88,-0.0018178267780482,108,0
53.882,-0.0010476738780482,108,0
53.884,-0.0006982016780482,108,0
53.886,-0.0007036224780482,108,0
53.888,-0.0006922121780482,108,0
53.89,-0.0011271426447148,108,0
53.892,-0.0015620731113815,108,0
53.894,-0.0019970035780482,108,0
53.896,-0.0012109270780482,108,0
53.898,-0.0007159765780482,108,0
53.9,-0.0007604803780482,108,0
53.902,-0.0005337868780482,108,0
53.904,-0.0007530146780482,108,0
53.906,-0.0009722424780482,108,0
53.908,-0.0011914702780482,108,0
53.91,-0.0014106980780482,108,0
53.912,-0.0007859024780482,108,0
53.914,-0.0007573706780482,108,0
53.916,-0.0016155389780482,108,0
53.918,-0.0016228715780482,108,0
53.92,-0.0016302041780482,108,0
53.922,-0.0016375367780482,108,0
53.924,-0.0012780276280482,108,0
53.926,-0.0009185184780482,108,0
53.928,-0.0007319848780482,108,0
53.93,-0.0006581506780482,108,0
53.932,-0.0010936538780482,108,0
53.934,-0.0010827316113815,108,0
53.936,-0.0010718093447148,108,0
53.938,-0.0010608870780482,108,0
53.94,-0.0008966658780482,108,0
53.942,-0.0007324446780482,108,0
53.944,-0.0007463959780482,108,0
53.946,-0.0008412575580482,108,0
53.948,-0.0009361191380482,108,0
53.95,-0.0010309807180482,108,0
53.952,-0.0011258422980482,108,0
53.954,-0.0012207038780482,108,0
53.956,-0.0007793563780482,108,0
53.958,-0.0009998304780482,108,0
53.96,-0.0012203045780482,108,0
53.962,-0.0014407786780482,108,0
53.964,-0.0008337942780482,108,0
53.966,-0.0008195283780482,108,0
53.968,-0.0008052624780482,108,0
53.97,-0.0007909965780482,108,0
53.972,-0.0007767306780482,108,0
53.974,-0.0005761973780482,108,0
53.976,-0.0015814895780482,108,0
53.978,-0.0016205907280482,108,0
53.98,-0.0016596918780482,108,0
53.982,-0.0012954758280482,108,0
53.984,-0.0009312597780482,108,0
53.986,-0.0007163274780482,108,0
53.988,-0.0006619621780482,108,0
53.99,-0.0010472261780482,108,0
53.992,-0.0010568517280482,108,0
53.994,-0.0010664772780482,108,0
53.996,-0.0006851820780482,108,0
53.998,-0.0006779745113815,108,0
54.0,-0.0006707669447148,109,0
54.002,-0.0006635593780482,109,0
54.004,-0.0008086565280482,109,0
54.006,-0.0009537536780482,109,0
54.008,-0.0010988508280482,109,0
54.01,-0.0012439479780482,109,0
54.012,-0.0009759813780482,109,0
54.014,-0.0007080147780482,109,0
54.016,-0.0007496024780482,109,0
54.018,-0.0008936336180482,109,0
54.02,-0.0010376647580482,109,0
54.022,-0.0011816958980482,109,0
54.024,-0.0013257270380482,109,0
54.026,-0.0014697581780482,109,0
54.028,-0.0008112398780482,109,0
54.03,-0.0007474365780482,109,0
54.032,-0.0005697601780482,109,0
54.034,-0.0015593828780482,109,0
54.036,-0.0016172269280482,109,0
54.038,-0.0016750709780482,109,0
54.04,-0.0006991333780482,109,0
54.042,-0.0010404743780482,109,0
54.044,-0.0011797312613815,109,0
54.046,-0.0013189881447148,109,0
54.048,-0.0014582450280482,109,0
54.05,-0.0015975019113815,109,0
54.052,-0.0017367587947148,109,0
54.054,-0.0018760156780482,109,0
54.056,-0.0010655818780482,109,0
54.058,-0.0006865009780482,109,0
54.06,-0.0008703887113815,109,0
54.062,-0.0010542764447148,109,0
54.064,-0.0012381641780482,109,0
54.066,-0.0010628311447148,109,0
54.068,-0.0008874981113815,109,0
54.07,-0.0007121650780482,109,0
54.072,-0.0007369882280482,109,0
54.074,-0.0007618113780482,109,0
54.076,-0.0005381670780482,109,0
54.078,-0.0007673804030482,109,0
54.08,-0.0009965937280482,109,0
54.082,-0.0012258070530482,109,0
54.084,-0.0014550203780482,109,0
54.086,-0.0007925574780482,109,0
54.088,-0.0005748542780482,109,0
54.09,-0.0010357856280482,109,0
54.092,-0.0014967169780482,109,0
54.094,-0.0015578340780482,109,0
54.096,-0.0016189511780482,109,0
54.098,-0.0016800682780482,109,0
54.1,-0.0009129645780482,109,0
54.102,-0.0006942691780482,109,0
54.104,-0.0009839431780482,109,0
54.106,-0.0014326172280482,109,0
54.108,-0.0018812912780482,109,0
54.11,-0.0010894430780482,109,0
54.112,-0.0007102411780482,109,0
54.114,-0.0006894412780482,109,0
54.116,-0.0006686413780482,109,0
54.118,-0.0006478414780482,109,0
54.12,-0.0008035352030482,109,0
54.122,-0.0009592289280482,109,0
54.124,-0.0011149226530482,109,0
54.126,-0.0012706163780482,109,0
54.128,-0.0007358447780482,109,0
54.13,-0.0005305319780482,109,0
54.132,-0.0005836775980482,109,0
54.134,-0.0006368232180482,109,0
54.136,-0.0006899688380482,109,0
54.138,-0.0007431144580482,109,0
54.14,-0.0007962600780482,109,0
54.142,-0.0007355180780482,109,0
54.144,-0.0006478898780482,109,0
54.146,-0.0005602616780482,109,0
54.148,-0.0014481354780482,109,0
54.15,-0.0012792194780482,109,0
54.152,-0.0011103034780482,109,0
54.154,-0.0009413874780482,109,0
54.156,-0.0007004643780482,109,0
54.158,-0.0006801605780482,109,0
54.16,-0.0006598567780482,109,0
54.162,-0.0009595526030482,109,0
54.164,-0.0012592484280482,109,0
54.166,-0.0015589442530482,109,0
54.168,-0.0018586400780482,109,0
54.17,-0.0007154562780482,109,0
54.172,-0.0007574311780482,109,0
54.174,-0.0006242827780482,109,0
54.176,-0.0007590695180482,109,0
54.178,-0.0008938562580482,109,0
54.18,-0.0010286429980482,109,0
54.182,-0.0011634297380482,109,0
54.184,-0.0012982164780482,109,0
54.186,-0.0007555435780482,109,0
54.188,-0.0007620291780482,109,0
54.19,-0.0005137250780482,109,0
54.192,-0.0019621192780482,109,0
54.194,-0.0017216922780482,109,0
54.196,-0.0014812652780482,109,0
54.198,-0.0011530043780482,109,0
54.2,-0.0008247434780482,109,0
54.202,-0.0007384462780482,109,0
54.204,-0.0005883578780482,109,0
54.206,-0.0008631640030482,109,0
54.208,-0.0011379701280482,109,0
54.21,-0.0014127762530482,109,0
54.212,-0.0016875823780482,109,0
54.214,-0.0009409397780482,109,0
54.216,-0.0007087528780482,109,0
54.218,-0.0006737475780482,109,0
54.22,-0.0009215797780482,109,0
54.222,-0.0012398460780482,109,0
54.224,-0.0015581123780482,109,0
54.226,-0.0018763786780482,109,0
54.228,-0.0011020270780482,109,0
54.23,-0.0007614120780482,109,0
54.232,-0.0006041604780482,109,0
54.234,-0.0007366482180482,109,0
54.236,-0.0008691359580482,109,0
54.238,-0.0010016236980482,109,0
54.24,-0.0011341114380482,109,0
54.242,-0.0012665991780482,109,0
54.244,-0.0007182271780482,109,0
54.246,-0.0005077839780482,109,0
54.248,-0.0019318087780482,109,0
54.25,-0.0016535148280482,109,0
54.252,-0.0013752208780482,109,0
54.254,-0.0010969269280482,109,0
54.256,-0.0008186329780482,109,0
54.258,-0.0007712554280482,109,0
54.26,-0.0007238778780482,109,0
54.262,-0.0005774194780482,109,0
54.264,-0.0008621627280482,109,0
54.266,-0.0011469059780482,109,0
54.268,-0.0014316492280482,109,0
54.27,-0.0017163924780482,109,0
54.272,-0.0009587509780482,109,0
54.274,-0.0006862710780482,109,0
54.276,-0.0006598688780482,109,0
54.278,-0.0008734217780482,109,0
54.28,-0.0009531204447148,109,0
54.282,-0.0010328191113815,109,0
54.284,-0.0011125177780482,109,0
54.286,-0.0009011186780482,109,0
54.288,-0.0006897195780482,109,0
54.29,-0.0007478237780482,109,0
54.292,-0.0006047291780482,109,0
54.294,-0.0007762920530482,109,0
54.296,-0.0009478549280482,109,0
54.298,-0.0011194178030482,109,0
54.3,-0.0012909806780482,109,0
54.302,-0.0007203325780482,109,0
54.304,-0.0007443026780482,109,0
54.306,-0.0005246876780482,109,0
54.308,-0.0007715246530482,109,0
54.31,-0.0010183616280482,109,0
54.312,-0.0012651986030482,109,0
54.314,-0.0015120355780482,109,0
54.316,-0.0008303215780482,109,0
54.318,-0.0005720833780482,109,0
54.32,-0.0009399717780482,109,0
54.322,-0.0013078601780482,109,0
54.324,-0.0015069959280482,109,0
54.326,-0.0017061316780482,109,0
54.328,-0.0009268674780482,109,0
54.33,-0.0006672498780482,109,0
54.332,-0.0006674253280482,109,0
54.334,-0.0006676007780482,109,0
54.336,-0.0008294140780482,109,0
54.338,-0.0011848717447148,109,0
54.34,-0.0015403294113815,109,0
54.342,-0.0018957870780482,109,0
54.344,-0.0006855329780482,109,0
54.346,-0.0007357358780482,109,0
54.348,-0.0006479987780482,109,0
54.35,-0.0005602616780482,109,0
54.352,-0.0006126466113815,109,0
54.354,-0.0006650315447148,109,0
54.356,-0.0007174164780482,109,0
54.358,-0.0007150932780482,109,0
54.36,-0.0006423642113815,109,0
54.362,-0.0005696351447148,109,0
54.364,-0.0004969060780482,109,0
54.366,-0.0007490156280482,109,0
54.368,-0.0010011251780482,109,0
54.37,-0.0012532347280482,109,0
54.372,-0.0015053442780482,109,0
54.374,-0.0008312411780482,109,0
54.376,-0.0006994600780482,109,0
54.378,-0.0005550102780482,109,0
54.38,-0.0008497541780482,109,0
54.382,-0.0011444980780482,109,0
54.384,-0.0014392419780482,109,0
54.386,-0.0017339858780482,109,0
54.388,-0.0009589808780482,109,0
54.39,-0.0006895864780482,109,0
54.392,-0.0009293189380482,109,0
54.394,-0.0011690513980482,109,0
54.396,-0.0014087838580482,109,0
54.398,-0.0016485163180482,109,0
54.4,-0.0018882487780482,109,0
54.402,-0.0006814189780482,109,0
54.404,-0.0007366675780482,109,0
54.406,-0.0006474240280482,109,0
54.408,-0.0005581804780482,109,0
54.41,-0.0008103686780482,109,0
54.412,-0.0010625568780482,109,0
54.414,-0.0013147450780482,109,0
54.416,-0.0010164800780482,109,0
54.418,-0.0007182150780482,109,0
54.42,-0.0007383736780482,109,0
54.422,-0.0005175365780482,109,0
54.424,-0.0007667633030482,109,0
54.426,-0.0010159900280482,109,0
54.428,-0.0012652167530482,109,0
54.43,-0.0015144434780482,109,0
54.432,-0.0008116391780482,109,0
54.434,-0.0006847101780482,109,0
54.436,-0.0005728577780482,109,0
54.438,-0.0012276371780482,109,0
54.44,-0.0013890350447148,109,0
54.442,-0.0015504329113815,109,0
54.444,-0.0017118307780482,109,0
54.446,-0.0006606553780482,109,0
54.448,-0.0006782185280482,109,0
54.45,-0.0006957816780482,109,0
54.452,-0.0007932955780482,109,0
54.454,-0.0013556854280482,109,0
54.456,-0.0019180752780482,109,0
54.458,-0.0011354593780482,109,0
54.46,-0.0009061885780482,109,0
54.462,-0.0006769177780482,109,0
54.464,-0.0007293833780482,109,0
54.466,-0.0005354324780482,109,0
54.468,-0.0007230066780482,109,0
54.47,-0.0009105808780482,109,0
54.472,-0.0010981550780482,109,0
54.474,-0.0012857292780482,109,0
54.476,-0.0007102895780482,109,0
54.478,-0.0007149601780482,109,0
54.48,-0.0004930098780482,109,0
54.482,-0.0017200708780482,109,0
54.484,-0.0016423969447148,109,0
54.486,-0.0015647230113815,109,0
54.488,-0.0014870490780482,109,0
54.49,-0.0007831073780482,109,0
54.492,-0.0005527838780482,109,0
54.494,-0.0008521378780482,109,0
54.496,-0.0011514918780482,109,0
54.498,-0.0010279508780482,109,0