t_s,sinal_filtrado,janela,classificacao
0.0,-0.0008757873562401,1,0
0.002,-0.0010750985562401,1,0
0.004,-0.0011931824562401,1,0
0.006,-0.0011169282562401,1,0
0.008,-0.0009679893562401,1,0
0.01,-0.0007874936562401,1,0
0.012,-0.0006175854562401,1,0
0.014,-0.0006448830562401,1,0
0.016,-0.0008095156562401,1,0
0.018,-0.0010010949562401,1,0
0.02,-0.0011797998562401,1,0
0.022,-0.0011581650562401,1,0
0.024,-0.0010403836562401,1,0
0.026,-0.0008563426562401,1,0
0.028,-0.0006613148562401,1,0
0.03,-0.0006186986562401,1,0
0.032,-0.0007393477562401,1,0
0.034,-0.0009312658562401,1,0
0.036,-0.0011342312562401,1,0
0.038,-0.0011813002562401,1,0
0.04,-0.0010773854562401,1,0
0.042,-0.0009061099562401,1,0
0.044,-0.0007178339562401,1,0
0.046,-0.0006106763562401,1,0
0.048,-0.0006848009562401,1,0
0.05,-0.0008689992562401,1,0
0.052,-0.0010727874562401,1,0
0.054,-0.0011915610562401,1,0
0.056,-0.0009739304562401,1,0
0.058,-0.0007892239562401,1,0
0.06,-0.0006447378562401,1,0
0.062,-0.0008106893562401,1,0
0.064,-0.0009945004562401,1,0
0.066,-0.0011755769562401,1,0
0.068,-0.0011677966562401,1,0
0.07,-0.0011600163562401,1,0
0.072,-0.0010328816562401,1,0
0.0739999999999999,-0.0008545639562401,1,0
0.076,-0.0006687321562401,1,0
0.078,-0.0006465347062401,1,0
0.08,-0.0006243372562401,1,0
0.082,-0.0007405819562401,1,0
0.084,-0.0009306850562401,1,0
0.0859999999999999,-0.0011254587562401,1,0
0.0879999999999999,-0.0011826554562401,1,0
0.0899999999999999,-0.0010858917562401,1,0
0.092,-0.0009143379562401,1,0
0.094,-0.0007297524562401,1,0
0.096,-0.0006916374562401,1,0
0.098,-0.0007828170062401,1,0
0.1,-0.0008739965562401,1,0
0.102,-0.0010652733562401,1,0
0.104,-0.0011255434562401,1,0
0.106,-0.0010506868062401,1,0
0.108,-0.0009758301562401,1,0
0.11,-0.0007905791562401,1,0
0.112,-0.0006191221562401,1,0
0.114,-0.0006333396562401,1,0
0.116,-0.0007863320562401,1,0
0.118,-0.0009820737562401,1,0
0.12,-0.0011746573562401,1,0
0.122,-0.0011642876562401,1,0
0.124,-0.0010362575562401,1,0
0.126,-0.0008598395562401,1,0
0.128,-0.0006611817562401,1,0
0.13,-0.0006128906562401,1,0
0.132,-0.0007327653562401,1,0
0.134,-0.0009279262562401,1,0
0.136,-0.0011264630562401,1,0
0.138,-0.0011797151562401,1,0
0.14,-0.0010937809562401,1,0
0.142,-0.0007234604562401,1,0
0.144,-0.0006094784562401,1,0
0.146,-0.0008593797562401,1,0
0.148,-0.0010571784562401,1,0
0.15,-0.0011908713562401,1,0
0.152,-0.0009951901562401,1,0
0.154,-0.0007995089562401,1,0
0.156,-0.0007937856562401,1,0
0.158,-0.0007880623562401,1,0
0.16,-0.0011693696562401,1,0
0.162,-0.0011612626562401,1,0
0.164,-0.0011367311162401,1,0
0.166,-0.0011121995762401,1,0
0.168,-0.0010876680362401,1,0
0.17,-0.0010631364962401,1,0
0.172,-0.0010386049562401,1,0
0.174,-0.0008613278562401,1,0
0.176,-0.0006273985562401,1,0
0.178,-0.0007415015562401,1,0
0.18,-0.0009293298562401,1,0
0.182,-0.0010592536062401,1,0
0.184,-0.0011891773562401,1,0
0.186,-0.0010969269562401,1,0
0.188,-0.0010106539562401,1,0
0.19,-0.0009243809562401,1,0
0.192,-0.0007323055562401,1,0
0.194,-0.0006153469562401,1,0
0.196,-0.0006815702562401,1,0
0.198,-0.0008614246562401,1,0
0.2,-0.0010519754562401,1,0
0.202,-0.0011890805562401,1,0
0.204,-0.0011360099562401,1,0
0.206,-0.0009960492562401,1,0
0.208,-0.0008193408562401,1,0
0.21,-0.0006470368562401,1,0
0.212,-0.0006512234562401,1,0
0.214,-0.0007947052562401,1,0
0.216,-0.0009889828562401,1,0
0.218,-0.0011654734562401,1,0
0.22,-0.0008699793562401,1,0
0.222,-0.0008916928062401,1,0
0.224,-0.0009134062562401,1,0
0.226,-0.0011838896562401,1,0
0.228,-0.0011426286562401,1,0
0.23,-0.0011013676562401,1,0
0.232,-0.0010601066562401,1,0
0.234,-0.0010188456562401,1,0
0.236,-0.0009775846562401,1,0
0.238,-0.0009363236562401,1,0
0.24,-0.0007504555562401,1,0
0.242,-0.0006100229562401,1,0
0.244,-0.0008471345562401,1,0
0.246,-0.0009482119062401,1,0
0.248,-0.0010492892562401,1,0
0.25,-0.0011320774562401,1,0
0.252,-0.0010602518562401,1,0
0.254,-0.0009884262562401,1,0
0.256,-0.0008052201562401,1,0
0.258,-0.0006328435562401,1,0
0.26,-0.0007817461562401,1,0
0.262,-0.0008789817562401,1,0
0.264,-0.0009762173562401,1,0
0.266,-0.0011693696562401,1,0
0.268,-0.0011670464562401,1,0
0.27,-0.0008807362562401,1,0
0.272,-0.0007849345062401,1,0
0.274,-0.0006891327562401,1,0
0.276,-0.0006251116562401,1,0
0.278,-0.0007248761562401,1,0
0.28,-0.0009085057562401,1,0
0.282,-0.0011066069562401,1,0
0.284,-0.0009414056562401,1,0
0.286,-0.0008443273562401,1,0
0.288,-0.0007472490562401,1,0
0.29,-0.0006048199562401,1,0
0.292,-0.0006357778062401,1,0
0.294,-0.0006667356562401,1,0
0.296,-0.0008454163562401,1,0
0.298,-0.0010365116562401,1,0
0.3,-0.0011864911562401,1,0
0.302,-0.0011401481562401,1,0
0.304,-0.0010057292562401,1,0
0.306,-0.0006328798562401,1,0
0.308,-0.0007750911562401,1,0
0.31,-0.0008392977895734,1,0
0.312,-0.0009035044229067,1,0
0.314,-0.0009677110562401,1,0
0.316,-0.0011594476562401,1,0
0.318,-0.0011655581562401,1,0
0.32,-0.0010499063562401,1,0
0.322,-0.0008756058562401,1,0
0.324,-0.0006829496562401,1,0
0.326,-0.0006125760562401,1,0
0.328,-0.0007150630562401,1,0
0.33,-0.0009063156562401,1,0
0.332,-0.0011084098562401,1,0
0.334,-0.0011966188562401,1,0
0.336,-0.0011164200562401,1,0
0.338,-0.0009530579562401,1,0
0.34,-0.0007587440562401,1,0
0.342,-0.0006209129562401,1,0
0.344,-0.0008445935562401,1,0
0.346,-0.0010346119562401,1,0
0.348,-0.0011837323562401,1,0
0.35,-0.0011602462562401,1,0
0.352,-0.0011367601562401,1,0
0.354,-0.0008153115562401,1,0
0.356,-0.0007218330062401,1,0
0.358,-0.0006283544562401,1,0
0.36,-0.0006983953062401,1,0
0.362,-0.0007684361562401,1,0
0.364,-0.0009630041562401,1,0
0.366,-0.0011493441562401,1,0
0.368,-0.0011674699562401,1,0
0.37,-0.0010583521562401,1,0
0.372,-0.0008843783562401,1,0
0.374,-0.0006166174562401,1,0
0.376,-0.0006639042562401,1,0
0.378,-0.0007111910562401,1,0
0.38,-0.0009002656562401,1,0
0.382,-0.0010977134562401,1,0
0.384,-0.0011883061562401,1,0
0.386,-0.0011067642562401,1,0
0.388,-0.0007568685562401,1,0
0.39,-0.0006847586062401,1,0
0.392,-0.0006126486562401,1,0
0.394,-0.0006593909562401,1,0
0.396,-0.0008337398562401,1,0
0.398,-0.0010253433562401,1,0
0.4,-0.0011815906562401,1,0
0.402,-0.0011434393562401,1,0
0.404,-0.0010105450562401,1,0
0.406,-0.0006504974562401,1,0
0.408,-0.0006348521562401,1,0
0.41,-0.0007727074562401,1,0
0.412,-0.0009670092562401,1,0
0.414,-0.0011565315562401,1,0
0.416,-0.0011661450062401,1,0
0.418,-0.0011757584562401,1,0
0.42,-0.0010708877562401,1,0
0.422,-0.0008974705562401,1,0
0.424,-0.0006257166562401,1,0
0.426,-0.0007179065562401,1,0
0.428,-0.0008127403062401,1,0
0.43,-0.0009075740562401,1,0
0.432,-0.0011046346562401,1,0
0.434,-0.0011976110562401,1,0
0.436,-0.0011208365562401,1,0
0.438,-0.0006351667562401,1,0
0.44,-0.0006584592562401,1,0
0.442,-0.0006817517562401,1,0
0.444,-0.0007646367562401,1,0
0.446,-0.0008475217562401,1,0
0.448,-0.0010435659562401,1,0
0.45,-0.0010291064562401,1,0
0.452,-0.0009391732062401,1,0
0.454,-0.0008492399562401,1,0
0.456,-0.0007551806062401,1,0
0.458,-0.0006611212562401,1,0
0.46,-0.0006398857562401,1,0
0.462,-0.0007740021562401,1,0
0.464,-0.0009633066562401,1,0
0.466,-0.0011571002562401,1,0
0.468,-0.0011832604562401,1,0
0.47,-0.0010766231562401,1,0
0.472,-0.0009055049562401,1,0
0.474,-0.0007159705562401,1,0
0.476,-0.0006263095562401,1,0
0.478,-0.0007175193562401,1,0
0.48,-0.0009054444562401,1,0
0.482,-0.0012040482562401,1,0
0.484,-0.0011196144562401,1,0
0.486,-0.0009462517062401,1,0
0.488,-0.0007728889562401,1,0
0.49,-0.0006199449562401,1,0
0.492,-0.0008302308562401,1,0
0.494,-0.0010221489562401,1,0
0.496,-0.0011809493562401,1,0
0.498,-0.0011463675562401,1,0
0.5,-0.0011026583229067,2,0
0.502,-0.0010589490895734,2,0
0.504,-0.0010152398562401,2,0
0.506,-0.0008367769562401,2,0
0.508,-0.0006421242562401,2,0
0.51,-0.0006157462562401,2,0
0.512,-0.0009346659562401,2,0
0.514,-0.0011592056562401,2,0
0.516,-0.0010500999562401,2,0
0.518,-0.0009917819895734,2,0
0.52,-0.0009334640229067,2,0
0.522,-0.0008751460562401,2,0
0.524,-0.0006805417562401,2,0
0.526,-0.0005805836562401,2,0
0.528,-0.0008522528562401,2,0
0.53,-0.0010296025562401,2,0
0.532,-0.0010777000562401,2,0
0.534,-0.0011257975562401,2,0
0.536,-0.0010502088562401,2,0
0.538,-0.0007080208562401,2,0
0.54,-0.0007415862562401,2,0
0.542,-0.0008373517062401,2,0
0.544,-0.0009331171562401,2,0
0.546,-0.0010118337062401,2,0
0.548,-0.0010905502562401,2,0
0.55,-0.0010101155062401,2,0
0.552,-0.0009296807562401,2,0
0.554,-0.0008411753062401,2,0
0.556,-0.0007526698562401,2,0
0.558,-0.0005685562562401,2,0
0.56,-0.0006742860562401,2,0
0.562,-0.0008657201562401,2,0
0.564,-0.0010591628562401,2,0
0.566,-0.0010925104562401,2,0
0.568,-0.0010402324062401,2,0
0.57,-0.0009879543562401,2,0
0.572,-0.0006234902562401,2,0
0.574,-0.0005246453562401,2,0
0.576,-0.0006077965562401,2,0
0.578,-0.0007939550562401,2,0
0.58,-0.0008906461562401,2,0
0.582,-0.0009873372562401,2,0
0.584,-0.0010374433562401,2,0
0.586,-0.0009617578562401,2,0
0.588,-0.0008860723562401,2,0
0.59,-0.0006986554562401,2,0
0.592,-0.0005382699562401,2,0
0.594,-0.0005738076562401,2,0
0.596,-0.0007295709562401,2,0
0.598,-0.0009165643562401,2,0
0.6,-0.0010628170562401,2,0
0.602,-0.0009982696062401,2,0
0.604,-0.0009337221562401,2,0
0.606,-0.0007606800562401,2,0
0.608,-0.0005379190562401,2,0
0.61,-0.0006922364062401,2,0
0.612,-0.0008465537562401,2,0
0.614,-0.0010403473562401,2,0
0.616,-0.0010654427562401,2,0
0.618,-0.0010905381562401,2,0
0.62,-0.0008222690562401,2,0
0.622,-0.0007247067562401,2,0
0.624,-0.0006271444562401,2,0
0.626,-0.0007878082562401,2,0
0.628,-0.0008543784229067,2,0
0.63,-0.0009209485895734,2,0
0.632,-0.0009875187562401,2,0
0.634,-0.0010338617562401,2,0
0.636,-0.0008859271562401,2,0
0.638,-0.0007103198562401,2,0
0.64,-0.0005347125562401,2,0
0.642,-0.0005615987562401,2,0
0.644,-0.0009097520562401,2,0
0.646,-0.0010003810562401,2,0
0.648,-0.0010910100562401,2,0
0.65,-0.0010750501562401,2,0
0.652,-0.0009511340562401,2,0
0.654,-0.0008620296562401,2,0
0.656,-0.0007729252562401,2,0
0.658,-0.0005828826562401,2,0
0.66,-0.0005423355562401,2,0
0.662,-0.0006622465562401,2,0
0.664,-0.0008501474562401,2,0
0.666,-0.0010458165562401,2,0
0.668,-0.0009974286562401,2,0
0.67,-0.0008190081062401,2,0
0.672,-0.0006405875562401,2,0
0.674,-0.0005282390562401,2,0
0.676,-0.0005989272562401,2,0
0.678,-0.0007806934562401,2,0
0.68,-0.0009830538562401,2,0
0.682,-0.0011051307562401,2,0
0.684,-0.0010745601062401,2,0
0.686,-0.0010439894562401,2,0
0.688,-0.0008940462562401,2,0
0.69,-0.0005469819562401,2,0
0.692,-0.0005663177562401,2,0
0.694,-0.0007200724562401,2,0
0.696,-0.0010898484562401,2,0
0.698,-0.0010828909562401,2,0
0.7,-0.0010759334562401,2,0
0.702,-0.0009274362062401,2,0
0.704,-0.0007789389562401,2,0
0.706,-0.0006822720562401,2,0
0.708,-0.0005856051562401,2,0
0.71,-0.0005427832562401,2,0
0.712,-0.0006716845562401,2,0
0.714,-0.0008571049562401,2,0
0.716,-0.0011073571562401,2,0
0.718,-0.0010614679062401,2,0
0.72,-0.0010155786562401,2,0
0.7219999999999999,-0.0008505709562401,2,0
0.7239999999999999,-0.0006619077562401,2,0
0.7259999999999999,-0.0005443078562401,2,0
0.728,-0.0006098414562401,2,0
0.73,-0.0007851946562401,2,0
0.732,-0.0009807911562401,2,0
0.734,-0.0011117736562401,2,0
0.736,-0.0010553150562401,2,0
0.738,-0.0009100787562401,2,0
0.74,-0.0007333945562401,2,0
0.742,-0.0005656159562401,2,0
0.744,-0.0005777764562401,2,0
0.746,-0.0007291958562401,2,0
0.748,-0.0010908890562401,2,0
0.75,-0.0010861337562401,2,0
0.752,-0.0010813784562401,2,0
0.754,-0.0009653757562401,2,0
0.756,-0.0007869007562401,2,0
0.758,-0.0005930224562401,2,0
0.76,-0.0006628878562401,2,0
0.762,-0.0008474733562401,2,0
0.764,-0.0009424462562401,2,0
0.766,-0.0010374191562401,2,0
0.768,-0.0011027349562401,2,0
0.77,-0.0010106055562401,2,0
0.772,-0.0008467352562401,2,0
0.774,-0.0006549744562401,2,0
0.776,-0.0005390322562401,2,0
0.778,-0.0006036341562401,2,0
0.78,-0.0011102974562401,2,0
0.782,-0.0010519149562401,2,0
0.784,-0.0010051363562401,2,0
0.786,-0.0009583577562401,2,0
0.788,-0.0009115791562401,2,0
0.79,-0.0007292321562401,2,0
0.792,-0.0005555003562401,2,0
0.794,-0.0007143975562401,2,0
0.796,-0.0008115242562401,2,0
0.798,-0.0009086509562401,2,0
0.8,-0.0010832176562401,2,0
0.802,-0.0010837137562401,2,0
0.804,-0.0009690420562401,2,0
0.806,-0.0007924425562401,2,0
0.808,-0.0005978382562401,2,0
0.81,-0.0006577332562401,2,0
0.812,-0.0007514719562401,2,0
0.8139999999999998,-0.0008452106562401,2,0
0.8159999999999998,-0.0010480429562401,2,0
0.8179999999999998,-0.0010271341562401,2,0
0.8199999999999998,-0.0009452837062401,2,0
0.8219999999999998,-0.0008634332562401,2,0
0.8239999999999998,-0.0006679456562401,2,0
0.8259999999999998,-0.0006039608562401,2,0
0.8279999999999998,-0.0007785154562401,2,0
0.8299999999999998,-0.0008765315062401,2,0
0.8319999999999999,-0.0009745475562401,2,0
0.8339999999999999,-0.0011071514562401,2,0
0.8359999999999999,-0.0010618974562401,2,0
0.8379999999999999,-0.0009248770562401,2,0
0.8399999999999999,-0.0007316279562401,2,0
0.8419999999999999,-0.0005593844562401,2,0
0.8439999999999999,-0.0005624699562401,2,0
0.8459999999999999,-0.0008949779562401,2,0
0.8479999999999999,-0.0010874284562401,2,0
0.8499999999999999,-0.0010485793895734,2,0
0.8519999999999999,-0.0010097303229067,2,0
0.854,-0.0009708812562401,2,0
0.856,-0.0008048995062401,2,0
0.858,-0.0006389177562401,2,0
0.86,-0.0008326871562401,2,0
0.862,-0.0010264565562401,2,0
0.864,-0.0010620063562401,2,0
0.866,-0.0010975561562401,2,0
0.868,-0.0010128077562401,2,0
0.87,-0.0006647996562401,2,0
0.872,-0.0005997984562401,2,0
0.874,-0.0005347972562401,2,0
0.876,-0.0005946559562401,2,0
0.878,-0.0007709408562401,2,0
0.88,-0.0010661808562401,2,0
0.882,-0.0010182688895734,2,0
0.884,-0.0009703569229067,2,0
0.886,-0.0009224449562401,2,0
0.888,-0.0007422033562401,2,0
0.89,-0.0005655917562401,2,0
0.892,-0.0005691733562401,2,0
0.894,-0.0009028429562401,2,0
0.896,-0.0009958193562401,2,0
0.898,-0.0010887957562401,2,0
0.9,-0.0010906228562401,2,0
0.902,-0.0008054137562401,2,0
0.904,-0.0006758046062401,2,0
0.906,-0.0005461954562401,2,0
0.908,-0.0006949226062401,2,0
0.91,-0.0008436497562401,2,0
0.912,-0.0010438926562401,2,0
0.914,-0.0010815176062401,2,0
0.916,-0.0011191425562401,2,0
0.918,-0.0010326880562401,2,0
0.92,-0.0007865619562401,2,0
0.922,-0.0005404358562401,2,0
0.924,-0.0006014319562401,2,0
0.926,-0.0009674327562401,2,0
0.928,-0.0010404804562401,2,0
0.93,-0.0011135281562401,2,0
0.932,-0.0010622120562401,2,0
0.934,-0.0009231830562401,2,0
0.936,-0.0007458212562401,2,0
0.938,-0.0005711698562401,2,0
0.94,-0.0006399220562401,2,0
0.942,-0.0007086742562401,2,0
0.944,-0.0009024799562401,2,0
0.946,-0.0010993590562401,2,0
0.948,-0.0010995526562401,2,0
0.95,-0.0009815655562401,2,0
0.952,-0.0006268177562401,2,0
0.954,-0.0005509628562401,2,0
0.956,-0.0005984251062401,2,0
0.958,-0.0006458873562401,2,0
0.96,-0.0008374666562401,2,0
0.962,-0.0011230266562401,2,0
0.964,-0.0010376127562401,2,0
0.966,-0.0006029807562401,2,0
0.968,-0.0007710013562401,2,0
0.97,-0.0008343166229067,2,0
0.972,-0.0008976318895734,2,0
0.974,-0.0009609471562401,2,0
0.976,-0.0011121124562401,2,0
0.978,-0.0010895520062401,2,0
0.98,-0.0010669915562401,2,0
0.982,-0.0009300195562401,2,0
0.984,-0.0007508548562401,2,0
0.986,-0.0006578482062401,2,0
0.988,-0.0005648415562401,2,0
0.9900000000000002,-0.0005623126562401,2,0
0.9920000000000002,-0.0007010512562401,2,0
0.994,-0.0008946754562401,2,0
0.996,-0.0010799385562401,2,0
0.998,-0.0010968906562401,2,0
1.0,-0.0009867443562401,3,0
1.002,-0.0008156261562401,3,0
1.004,-0.0006283786562401,3,0
1.006,-0.0006504974562401,3,0
1.008,-0.0007424393062401,3,0
1.01,-0.0008343811562401,3,0
1.012,-0.0010357614562401,3,0
1.014,-0.0008777112562401,3,0
1.016,-0.0006816307562401,3,0
1.018,-0.0008198732562401,3,0
1.02,-0.0009581157562401,3,0
1.022,-0.0010091696895734,3,0
1.024,-0.0010602236229067,3,0
1.026,-0.0011112775562401,3,0
1.028,-0.0010969148562401,3,0
1.03,-0.0010825521562401,3,0
1.032,-0.0010681894562401,3,0
1.034,-0.0009340125562401,3,0
1.036,-0.0005759493562401,3,0
1.038,-0.0006948439562401,3,0
1.04,-0.0008867862562401,3,0
1.042,-0.0009543486229067,3,0
1.044,-0.0010219109895734,3,0
1.046,-0.0010894733562401,3,0
1.048,-0.0009957104562401,3,0
1.05,-0.0009108894562401,3,0
1.052,-0.0008260684562401,3,0
1.054,-0.0006370664562401,3,0
1.056,-0.0005547985562401,3,0
1.058,-0.0006492511562401,3,0
1.06,-0.0008313561562401,3,0
1.062,-0.0010258757562401,3,0
1.064,-0.0011213084562401,3,0
1.066,-0.0010475105562401,3,0
1.068,-0.0008866047562401,3,0
1.07,-0.0006941300562401,3,0
1.072,-0.0005995322562401,3,0
1.074,-0.0006816973062401,3,0
1.076,-0.0007638623562401,3,0
1.078,-0.0009540380562401,3,0
1.08,-0.0010805072562401,3,0
1.082,-0.0007788663562401,3,0
1.084,-0.0006836575062401,3,0
1.086,-0.0005884486562401,3,0
1.088,-0.0007465291062401,3,0
1.09,-0.0009046095562401,3,0
1.092,-0.0010984757562401,3,0
1.094,-0.0010253554562401,3,0
1.096,-0.0009431541062401,3,0
1.098,-0.0008609527562401,3,0
1.1,-0.0006738020562401,3,0
1.102,-0.0005895981562401,3,0
1.104,-0.0006368426062401,3,0
1.106,-0.0006840870562401,3,0
1.108,-0.0007789873562401,3,0
1.11,-0.0008738876562401,3,0
1.112,-0.0010658299562401,3,0
1.114,-0.0011617950562401,3,0
1.116,-0.0010883601562401,3,0
1.118,-0.0009383322562401,3,0
1.12,-0.0007513872562401,3,0
1.122,-0.0006417491562401,3,0
1.124,-0.0007244103062401,3,0
1.126,-0.0008070714562401,3,0
1.128,-0.0010010707562401,3,0
1.13,-0.0011240188562401,3,0
1.132,-0.0008786792562401,3,0
1.134,-0.0006333396562401,3,0
1.136,-0.0006217418062401,3,0
1.138,-0.0006101439562401,3,0
1.14,-0.0006754113562401,3,0
1.142,-0.0007406787562401,3,0
1.144,-0.0011244544562401,3,0
1.146,-0.0011536154562401,3,0
1.148,-0.0010492529562401,3,0
1.15,-0.0009622600062401,3,0
1.152,-0.0008752670562401,3,0
1.154,-0.0005928893562401,3,0
1.156,-0.0006368789062401,3,0
1.158,-0.0006808684562401,3,0
1.16,-0.0008617997562401,3,0
1.162,-0.0011612384562401,3,0
1.164,-0.0010908285562401,3,0
1.166,-0.0009389372562401,3,0
1.168,-0.0008479452562401,3,0
1.17,-0.0007569532562401,3,0
1.172,-0.0006049772562401,3,0
1.174,-0.0006386999562401,3,0
1.176,-0.0008031147562401,3,0
1.178,-0.0011588063562401,3,0
1.18,-0.0011428827562401,3,0
1.182,-0.0011269591562401,3,0
1.184,-0.0010047249562401,3,0
1.186,-0.0008263709562401,3,0
1.188,-0.0006036946562401,3,0
1.19,-0.0007322934562401,3,0
1.192,-0.0009199523562401,3,0
1.194,-0.0011430279562401,3,0
1.196,-0.0010418477562401,3,0
1.198,-0.0009227837562401,3,0
1.2,-0.0008037197562401,3,0
1.202,-0.0006846557562401,3,0
1.204,-0.0006379497562401,3,0
1.206,-0.0005912437562401,3,0
1.208,-0.0006740803562401,3,0
1.21,-0.0011650620562401,3,0
1.212,-0.0010985604562401,3,0
1.214,-0.0010507493229067,3,0
1.216,-0.0010029381895734,3,0
1.218,-0.0009551270562401,3,0
1.22,-0.0007634509562401,3,0
1.222,-0.0006017707562401,3,0
1.224,-0.0006393896562401,3,0
1.226,-0.0011527200562401,3,0
1.228,-0.0008127463562401,3,0
1.23,-0.0006253052562401,3,0
1.232,-0.0007246583562401,3,0
1.234,-0.0011065706562401,3,0
1.236,-0.0011268865562401,3,0
1.238,-0.0011472024562401,3,0
1.24,-0.0007006882562401,3,0
1.242,-0.0007505604229067,3,0
1.244,-0.0008004325895734,3,0
1.246,-0.0008503047562401,3,0
1.248,-0.0011714508562401,3,0
1.25,-0.0011374922062401,3,0
1.252,-0.0011035335562401,3,0
1.254,-0.0007667905562401,3,0
1.256,-0.0006346222562401,3,0
1.258,-0.0007950198562401,3,0
1.26,-0.0011563137562401,3,0
1.262,-0.0011443045062401,3,0
1.264,-0.0011322952562401,3,0
1.266,-0.0006542000562401,3,0
1.268,-0.0006140038562401,3,0
1.27,-0.0009189117562401,3,0
1.272,-0.0009842799895734,3,0
1.274,-0.0010496482229067,3,0
1.276,-0.0011150164562401,3,0
1.278,-0.0010865391062401,3,0
1.28,-0.0010580617562401,3,0
1.282,-0.0009739062562401,3,0
1.284,-0.0008897507562401,3,0
1.286,-0.0007041367562401,3,0
1.288,-0.0005999194562401,3,0
1.29,-0.0006409747562401,3,0
1.292,-0.0006820300562401,3,0
1.294,-0.0007112313895734,3,0
1.296,-0.0007404327229067,3,0
1.298,-0.0007696340562401,3,0
1.3,-0.0007988353895734,3,0
1.302,-0.0008280367229067,3,0
1.304,-0.0008572380562401,3,0
1.306,-0.0009212712562401,3,0
1.308,-0.0009853044562401,3,0
1.31,-0.0010493376562401,3,0
1.312,-0.0011643360562401,3,0
1.314,-0.0011320835062401,3,0
1.316,-0.0010998309562401,3,0
1.318,-0.0009588417562401,3,0
1.32,-0.0006111724562401,3,0
1.322,-0.0006321780562401,3,0
1.324,-0.0007113181062401,3,0
1.326,-0.0007904581562401,3,0
1.328,-0.0009826666562401,3,0
1.33,-0.0011566283562401,3,0
1.332,-0.0011358405562401,3,0
1.334,-0.0010130618562401,3,0
1.336,-0.0008356758562401,3,0
1.338,-0.0006404181562401,3,0
1.34,-0.0005974631562401,3,0
1.342,-0.0007166118562401,3,0
1.344,-0.0009081427562401,3,0
1.346,-0.0010994316562401,3,0
1.348,-0.0011535186562401,3,0
1.35,-0.0010556659562401,3,0
1.352,-0.0008853947562401,3,0
1.354,-0.0006962838562401,3,0
1.356,-0.0005808740562401,3,0
1.358,-0.0008359178562401,3,0
1.36,-0.0010241333562401,3,0
1.362,-0.0010719646562401,3,0
1.364,-0.0010219351895734,3,0
1.366,-0.0009719057229067,3,0
1.368,-0.0009218762562401,3,0
1.37,-0.0007362501562401,3,0
1.372,-0.0005725129562401,3,0
1.374,-0.0007455066562401,3,0
1.376,-0.0009328872562401,3,0
1.378,-0.0011149075562401,3,0
1.38,-0.0011056329062401,3,0
1.382,-0.0010963582562401,3,0
1.384,-0.0007998114562401,3,0
1.386,-0.0006085346562401,3,0
1.388,-0.0006798520562401,3,0
1.39,-0.0010670762562401,3,0
1.392,-0.0011240067562401,3,0
1.394,-0.0010282715562401,3,0
1.396,-0.0009870650062401,3,0
1.398,-0.0009458584562401,3,0
1.4,-0.0009046519062401,3,0
1.402,-0.0008634453562401,3,0
1.404,-0.0006315004562401,3,0
1.406,-0.0008094914562401,3,0
1.408,-0.0009079552062401,3,0
1.41,-0.0010064189562401,3,0
1.412,-0.0010705550062401,3,0
1.414,-0.0011346910562401,3,0
1.416,-0.0010700165562401,3,0
1.418,-0.0009220093562401,3,0
1.42,-0.0005711214562401,3,0
1.422,-0.0005856898562401,3,0
1.424,-0.0009243809562401,3,0
1.426,-0.0010092443062401,3,0
1.428,-0.0010941076562401,3,0
1.43,-0.0010376793062401,3,0
1.432,-0.0009812509562401,3,0
1.434,-0.0007939792562401,3,0
1.436,-0.0006067075562401,3,0
1.438,-0.0006770932562401,3,0
1.44,-0.0008663130562401,3,0
1.442,-0.0010555328562401,3,0
1.444,-0.0010879427062401,3,0
1.446,-0.0011203525562401,3,0
1.448,-0.0008651151562401,3,0
1.45,-0.0007625797562401,3,0
1.452,-0.0006600443562401,3,0
1.454,-0.0005575089562401,3,0
1.456,-0.0006230425562401,3,0
1.458,-0.0007147121562401,3,0
1.46,-0.0008063817562401,3,0
1.462,-0.0010031882562401,3,0
1.464,-0.0011345821562401,3,0
1.466,-0.0010819350562401,3,0
1.468,-0.0009399415562401,3,0
1.47,-0.0007560094562401,3,0
1.472,-0.0005917035562401,3,0
1.474,-0.0005981044562401,3,0
1.476,-0.0009304430562401,3,0
1.478,-0.0011134313562401,3,0
1.48,-0.0011090995562401,3,0
1.482,-0.0010506868062401,3,0
1.484,-0.0009922740562401,3,0
1.486,-0.0008160617562401,3,0
1.488,-0.0005601709562401,3,0
1.49,-0.0006690830562401,3,0
1.492,-0.0010450421562401,3,0
1.494,-0.0011154883562401,3,0
1.496,-0.0010290338562401,3,0
1.498,-0.0009461307062401,3,0
1.5,-0.0008632275562401,4,0
1.502,-0.0005467157562401,4,0
1.504,-0.0005793797062401,4,0
1.506,-0.0006120436562401,4,0
1.508,-0.0008655689062401,4,0
1.51,-0.0011190941562401,4,0
1.512,-0.0010971931562401,4,0
1.514,-0.0010752921562401,4,0
1.516,-0.0010105874062401,4,0
1.518,-0.0009458826562401,4,0
1.52,-0.0007531538562401,4,0
1.522,-0.0005830762562401,4,0
1.524,-0.0006571403562401,4,0
1.526,-0.0007312044562401,4,0
1.528,-0.0009210534562401,4,0
1.53,-0.0011114348562401,4,0
1.532,-0.0009701431562401,4,0
1.534,-0.0008288514562401,4,0
1.536,-0.0006451492562401,4,0
1.538,-0.0006755323562401,4,0
1.54,-0.0008693501562401,4,0
1.542,-0.0010631679562401,4,0
1.544,-0.0010869525229067,4,0
1.546,-0.0011107370895734,4,0
1.548,-0.0011345216562401,4,0
1.55,-0.0010445944562401,4,0
1.552,-0.0008838580562401,4,0
1.554,-0.0005722104562401,4,0
1.556,-0.0006005486562401,4,0
1.558,-0.0006288868562401,4,0
1.56,-0.0009912213562401,4,0
1.562,-0.0010631316562401,4,0
1.564,-0.0011350419562401,4,0
1.566,-0.0010881544562401,4,0
1.568,-0.0007603291562401,4,0
1.57,-0.0005921633562401,4,0
1.572,-0.0007374359562401,4,0
1.574,-0.0009403892562401,4,0
1.576,-0.0011291129562401,4,0
1.578,-0.0011338077562401,4,0
1.58,-0.0010233710562401,4,0
1.582,-0.0008510186562401,4,0
1.584,-0.0007198667562401,4,0
1.586,-0.0005887148562401,4,0
1.588,-0.0006885277562401,4,0
1.59,-0.0007883406562401,4,0
1.592,-0.0008881535562401,4,0
1.594,-0.0009863208562401,4,0
1.596,-0.0010844881562401,4,0
1.598,-0.0011672158562401,4,0
1.6,-0.0010816204562401,4,0
1.602,-0.0009235218562401,4,0
1.604,-0.0007366494562401,4,0
1.606,-0.0006120678562401,4,0
1.608,-0.0006657918562401,4,0
1.61,-0.0008346957562401,4,0
1.612,-0.0010264565562401,4,0
1.614,-0.0011734594562401,4,0
1.616,-0.0011220949562401,4,0
1.618,-0.0008745168562401,4,0
1.62,-0.0006269387562401,4,0
1.622,-0.0006166900562401,4,0
1.624,-0.0007565176562401,4,0
1.626,-0.0011591088562401,4,0
1.628,-0.0011539240062401,4,0
1.63,-0.0011487391562401,4,0
1.632,-0.0010383266562401,4,0
1.634,-0.0008638204562401,4,0
1.636,-0.0006653683562401,4,0
1.638,-0.0005991692562401,4,0
1.64,-0.0008933565562401,4,0
1.642,-0.0010868960562401,4,0
1.644,-0.0011306557062401,4,0
1.646,-0.0011744153562401,4,0
1.648,-0.0010904413562401,4,0
1.65,-0.0009295234562401,4,0
1.652,-0.0007367583562401,4,0
1.654,-0.0005998831562401,4,0
1.656,-0.0006526149562401,4,0
1.658,-0.0008299646562401,4,0
1.66,-0.0011834903562401,4,0
1.662,-0.0011359131562401,4,0
1.664,-0.0009756970562401,4,0
1.666,-0.0008154809562401,4,0
1.668,-0.0007582479562401,4,0
1.67,-0.0008226804562401,4,0
1.672,-0.0008871129562401,4,0
1.674,-0.0009515454562401,4,0
1.676,-0.0011444799562401,4,0
1.678,-0.0010476073562401,4,0
1.68,-0.0008648187062401,4,0
1.682,-0.0006820300562401,4,0
1.684,-0.0006039245562401,4,0
1.686,-0.0007035317562401,4,0
1.688,-0.0007969619062401,4,0
1.69,-0.0008903920562401,4,0
1.692,-0.0010828546562401,4,0
1.694,-0.0010904776562401,4,0
1.696,-0.0009287369562401,4,0
1.698,-0.0007413442562401,4,0
1.7,-0.0006690891062401,4,0
1.702,-0.0005968339562401,4,0
1.704,-0.0006488518562401,4,0
1.706,-0.0008215551562401,4,0
1.708,-0.0009843243562401,4,0
1.71,-0.0008107135562401,4,0
1.712,-0.0007668752562401,4,0
1.714,-0.0007230369562401,4,0
1.716,-0.0006791986562401,4,0
1.718,-0.0006353603562401,4,0
1.72,-0.0006181299562401,4,0
1.722,-0.0009524529562401,4,0
1.724,-0.0011489569562401,4,0
1.726,-0.0010572510562401,4,0
1.728,-0.0009983321229067,4,0
1.73,-0.0009394131895734,4,0
1.732,-0.0008804942562401,4,0
1.734,-0.0006851397562401,4,0
1.736,-0.0006943236562401,4,0
1.738,-0.0008821882562401,4,0
1.74,-0.0010768651562401,4,0
1.742,-0.0011752744562401,4,0
1.744,-0.0009349079562401,4,0
1.746,-0.0007427720562401,4,0
1.748,-0.0006939767895734,4,0
1.75,-0.0006451815229067,4,0
1.752,-0.0005963862562401,4,0
1.754,-0.0006511629562401,4,0
1.756,-0.0008241324562401,4,0
1.758,-0.0011890079562401,4,0
1.76,-0.0011684984562401,4,0
1.762,-0.0011479889562401,4,0
1.764,-0.0010096980562401,4,0
1.766,-0.0006284633562401,4,0
1.768,-0.0007535531562401,4,0
1.77,-0.0008499538562401,4,0
1.772,-0.0009463545562401,4,0
1.774,-0.0011459198562401,4,0
1.776,-0.0011637068562401,4,0
1.778,-0.0010183677062401,4,0
1.78,-0.0008730285562401,4,0
1.782,-0.0006756533562401,4,0
1.784,-0.0006353059062401,4,0
1.786,-0.0005949584562401,4,0
1.788,-0.0008843783562401,4,0
1.79,-0.0011737982562401,4,0
1.792,-0.0010925709562401,4,0
1.794,-0.0010125415562401,4,0
1.796,-0.0009325121562401,4,0
1.798,-0.0007362259562401,4,0
1.8,-0.0005839595562401,4,0
1.802,-0.0006358080562401,4,0
1.804,-0.0008159891562401,4,0
1.806,-0.0010226087562401,4,0
1.808,-0.0011824134562401,4,0
1.81,-0.0010036722562401,4,0
1.812,-0.0008110039562401,4,0
1.814,-0.0006216268562401,4,0
1.816,-0.0006127999062401,4,0
1.818,-0.0006039729562401,4,0
1.82,-0.0007483501562401,4,0
1.822,-0.0009511461562401,4,0
1.824,-0.0011496103562401,4,0
1.826,-0.0011718017562401,4,0
1.828,-0.0010554844562401,4,0
1.83,-0.0008773361562401,4,0
1.832,-0.0006825019562401,4,0
1.834,-0.0005935427562401,4,0
1.836,-0.0006883825562401,4,0
1.838,-0.0008818373562401,4,0
1.84,-0.0011868904562401,4,0
1.842,-0.0010985483562401,4,0
1.844,-0.0009343392562401,4,0
1.846,-0.0007459301562401,4,0
1.848,-0.0005931192562401,4,0
1.85,-0.0007071738562401,4,0
1.852,-0.0008212284562401,4,0
1.854,-0.0010189303562401,4,0
1.856,-0.0011044350062401,4,0
1.858,-0.0011899396562401,4,0
1.86,-0.0011474444562401,4,0
1.862,-0.0010043014562401,4,0
1.864,-0.0008108829562401,4,0
1.866,-0.0006239137562401,4,0
1.868,-0.0006026661562401,4,0
1.87,-0.0007486042562401,4,0
1.872,-0.0011394826562401,4,0
1.874,-0.0011645417562401,4,0
1.876,-0.0011035759062401,4,0
1.878,-0.0010426100562401,4,0
1.88,-0.0008623442562401,4,0
1.882,-0.0006675947562401,4,0
1.884,-0.0006730760562401,4,0
1.886,-0.0008720968562401,4,0
1.888,-0.0010320044062401,4,0
1.89,-0.0011919119562401,4,0
1.892,-0.0011447945562401,4,0
1.894,-0.0010976771562401,4,0
1.896,-0.0009310238562401,4,0
1.898,-0.0007371818562401,4,0
1.9,-0.0005763970562401,4,0
1.902,-0.0006227642562401,4,0
1.904,-0.0008083540562401,4,0
1.906,-0.0010118760562401,4,0
1.908,-0.0011853295562401,4,0
1.91,-0.0011479647562401,4,0
1.912,-0.0010056929562401,4,0
1.914,-0.0008050628562401,4,0
1.916,-0.0005915704562401,4,0
1.918,-0.0007720238062401,4,0
1.92,-0.0009524771562401,4,0
1.922,-0.0011546923562401,4,0
1.924,-0.0011870719562401,4,0
1.926,-0.0010671851562401,4,0
1.928,-0.0008784251562401,4,0
1.93,-0.0006803723562401,4,0
1.932,-0.0005806199562401,4,0
1.934,-0.0010904413562401,4,0
1.936,-0.0011976594562401,4,0
1.938,-0.0011129715562401,4,0
1.94,-0.0010553029562401,4,0
1.942,-0.0009976343562401,4,0
1.944,-0.0009399657562401,4,0
1.946,-0.0008398987562401,4,0
1.948,-0.0007398317562401,4,0
1.95,-0.0005874564562401,4,0
1.952,-0.0006265878562401,4,0
1.954,-0.0010110532562401,4,0
1.956,-0.0011843857562401,4,0
1.958,-0.0011675788562401,4,0
1.96,-0.0011507719562401,4,0
1.962,-0.0010051605562401,4,0
1.964,-0.0008067931562401,4,0
1.966,-0.0006123945562401,4,0
1.968,-0.0005827616562401,4,0
1.97,-0.0007312044562401,4,0
1.972,-0.0009474072562401,4,0
1.974,-0.0011533371562401,4,0
1.976,-0.0011823045562401,4,0
1.978,-0.0010630711562401,4,0
1.98,-0.0008736214562401,4,0
1.982,-0.0005664992562401,4,0
1.984,-0.0006673164562401,4,0
1.986,-0.0007683938062401,4,0
1.988,-0.0008694711562401,4,0
1.99,-0.0010856497562401,4,0
1.992,-0.0012011926562401,4,0
1.994,-0.0011076717562401,4,0
1.996,-0.0009340488562401,4,0
1.998,-0.0007330436562401,4,0
2.0,-0.0005705769562401,5,0
2.002,-0.0006157220562401,5,0
2.004,-0.0007994726562401,5,0
2.006,-0.0010113194562401,5,0
2.008,-0.0011853416562401,5,0
2.01,-0.0011514374562401,5,0
2.012,-0.0010073506562401,5,0
2.014,-0.0008194255562401,5,0
2.016,-0.0006193278562401,5,0
2.018,-0.0005859802562401,5,0
2.02,-0.0011382847562401,5,0
2.022,-0.0011581953062401,5,0
2.024,-0.0011781058562401,5,0
2.026,-0.0010657694562401,5,0
2.028,-0.0006766939562401,5,0
2.03,-0.0005721378562401,5,0
2.032,-0.0006187712562401,5,0
2.034,-0.0006654046562401,5,0
2.036,-0.0008719274562401,5,0
2.038,-0.0009765743062401,5,0
2.04,-0.0010812211562401,5,0
2.042,-0.0011979377562401,5,0
2.044,-0.0009457253562401,5,0
2.046,-0.0008463541062401,5,0
2.048,-0.0007469828562401,5,0
2.05,-0.0006106037562401,5,0
2.052,-0.0007007608562401,5,0
2.054,-0.0007909179562401,5,0
2.056,-0.0011767143562401,5,0
2.058,-0.0011483277562401,5,0
2.06,-0.0010801442562401,5,0
2.062,-0.0010119607562401,5,0
2.064,-0.0005918729562401,5,0
2.066,-0.0009298259562401,5,0
2.068,-0.0011644207562401,5,0
2.07,-0.0011285160229067,5,0
2.072,-0.0010926112895734,5,0
2.074,-0.0010567065562401,5,0
2.076,-0.0009339843229067,5,0
2.078,-0.0008112620895734,5,0
2.08,-0.0006885398562401,5,0
2.082,-0.0006344044562401,5,0
2.084,-0.0005802690562401,5,0
2.086,-0.0006589190562401,5,0
2.088,-0.0011841800562401,5,0
2.09,-0.0011072240562401,5,0
2.092,-0.0010544277229067,5,0
2.094,-0.0010016313895734,5,0
2.096,-0.0009488350562401,5,0
2.098,-0.0007663307562401,5,0
2.1,-0.0005949463562401,5,0
2.102,-0.0006196182562401,5,0
2.104,-0.0009898903562401,5,0
2.106,-0.0010161110562401,5,0
2.108,-0.0009545865895734,5,0
2.11,-0.0008930621229067,5,0
2.112,-0.0008315376562401,5,0
2.114,-0.0006342713562401,5,0
2.116,-0.0005937968562401,5,0
2.118,-0.0007255174562401,5,0
2.12,-0.0011346184562401,5,0
2.122,-0.0011802354562401,5,0
2.124,-0.0011438063895734,5,0
2.126,-0.0011073773229067,5,0
2.128,-0.0010709482562401,5,0
2.13,-0.0008974100562401,5,0
2.132,-0.0008412297562401,5,0
2.134,-0.0010105813562401,5,0
2.136,-0.0011799329562401,5,0
2.138,-0.0011637431562401,5,0
2.14,-0.0011475533562401,5,0
2.142,-0.0011313635562401,5,0
2.144,-0.0011151737562401,5,0
2.146,-0.0009667188562401,5,0
2.148,-0.0007771965562401,5,0
2.15,-0.0006088734562401,5,0
2.152,-0.0007971010562401,5,0
2.154,-0.0009851229562401,5,0
2.156,-0.0011701198562401,5,0
2.158,-0.0011597804062401,5,0
2.16,-0.0011494409562401,5,0
2.162,-0.0010166797562401,5,0
2.164,-0.0005963015562401,5,0
2.166,-0.0009242357562401,5,0
2.168,-0.0011175211562401,5,0
2.17,-0.0011312667562401,5,0
2.172,-0.0011450123562401,5,0
2.174,-0.0011587579562401,5,0
2.176,-0.0011725035562401,5,0
2.178,-0.0010738280562401,5,0
2.18,-0.0009010763562401,5,0
2.182,-0.0005897191562401,5,0
2.184,-0.0006270113562401,5,0
2.186,-0.0006643035562401,5,0
2.188,-0.0008518293562401,5,0
2.19,-0.0011208365562401,5,0
2.192,-0.0009482542562401,5,0
2.194,-0.0007756719562401,5,0
2.196,-0.0006890480562401,5,0
2.198,-0.0006024241562401,5,0
2.2,-0.0006252568562401,5,0
2.202,-0.0007080208562401,5,0
2.204,-0.0007907848562401,5,0
2.206,-0.0009925039562401,5,0
2.208,-0.0011711846562401,5,0
2.21,-0.0011553699562401,5,0
2.212,-0.0010251255562401,5,0
2.214,-0.0008426575562401,5,0
2.216,-0.0006422694562401,5,0
2.218,-0.0005863069562401,5,0
2.22,-0.0007103440562401,5,0
2.222,-0.0009089292562401,5,0
2.224,-0.0011095956562401,5,0
2.226,-0.0011808525562401,5,0
2.228,-0.0010764295562401,5,0
2.23,-0.0008989346562401,5,0
2.232,-0.0007009665562401,5,0
2.234,-0.0006605525562401,5,0
2.236,-0.0011264509562401,5,0
2.238,-0.0010467543062401,5,0
2.24,-0.0009670576562401,5,0
2.242,-0.0007760833562401,5,0
2.244,-0.0006950799062401,5,0
2.246,-0.0006140764562401,5,0
2.248,-0.0006325773562401,5,0
2.25,-0.0007146698062401,5,0
2.252,-0.0007967622562401,5,0
2.254,-0.0009058014062401,5,0
2.256,-0.0010148405562401,5,0
2.258,-0.0011722494562401,5,0
2.26,-0.0011065948562401,5,0
2.262,-0.0010409402562401,5,0
2.264,-0.0008529667562401,5,0
2.266,-0.0005989393562401,5,0
2.268,-0.0007248761562401,5,0
2.27,-0.0009287611562401,5,0
2.272,-0.0011247932562401,5,0
2.274,-0.0011548617562401,5,0
2.276,-0.0011849302562401,5,0
2.278,-0.0010875736562401,5,0
2.28,-0.0006989216562401,5,0
2.282,-0.0006444535062401,5,0
2.284,-0.0005899853562401,5,0
2.286,-0.0006784968562401,5,0
2.288,-0.0010912641562401,5,0
2.29,-0.0012205284562401,5,0
2.292,-0.0009908099562401,5,0
2.294,-0.0008092736562401,5,0
2.296,-0.0007489632229067,5,0
2.298,-0.0006886527895734,5,0
2.3,-0.0006283423562401,5,0
2.302,-0.0006461172562401,5,0
2.304,-0.0010375401562401,5,0
2.306,-0.0011343764562401,5,0
2.308,-0.0012312127562401,5,0
2.31,-0.0010815599562401,5,0
2.312,-0.0009319071562401,5,0
2.314,-0.0008109253062401,5,0
2.316,-0.0006899434562401,5,0
2.318,-0.0012788504562401,5,0
2.32,-0.0013216481562401,5,0
2.322,-0.0013644458562401,5,0
2.324,-0.0013157252062401,5,0
2.326,-0.0012670045562401,5,0
2.328,-0.0010943375562401,5,0
2.33,-0.0009012820562401,5,0
2.332,-0.0007820849562401,5,0
2.334,-0.0009256393562401,5,0
2.336,-0.0010691937562401,5,0
2.338,-0.0012460836562401,5,0
2.34,-0.0014229735562401,5,0
2.342,-0.0013652323562401,5,0
2.344,-0.0010201766562401,5,0
2.346,-0.0010172363562401,5,0
2.348,-0.0012305835562401,5,0
2.35,-0.0013260586062401,5,0
2.352,-0.0014215336562401,5,0
2.354,-0.0008784856562401,5,0
2.356,-0.0008533216895734,5,0
2.358,-0.0008281577229067,5,0
2.36,-0.0008029937562401,5,0
2.362,-0.0008594342062401,5,0
2.364,-0.0009158746562401,5,0
2.366,-0.0009683705062401,5,0
2.368,-0.0010208663562401,5,0
2.37,-0.0010733622062401,5,0
2.372,-0.0011258580562401,5,0
2.374,-0.0010888078562401,5,0
2.376,-0.0010177475812401,5,0
2.378,-0.0009466873062401,5,0
2.38,-0.0008756270312401,5,0
2.382,-0.0008045667562401,5,0
2.384,-0.0008985595562401,5,0
2.386,-0.0009925523562401,5,0
2.388,-0.0010943073062401,5,0
2.39,-0.0011960622562401,5,0
2.392,-0.0012824925562401,5,0
2.394,-0.0011171823562401,5,0
2.396,-0.0010215560562401,5,0
2.398,-0.0009259297562401,5,0
2.4,-0.0007380772562401,5,0
2.402,-0.0007259772562401,5,0
2.404,-0.0010902598562401,5,0
2.406,-0.0011877314062401,5,0
2.408,-0.0012852029562401,5,0
2.41,-0.0009359122562401,5,0
2.412,-0.0008660508895734,5,0
2.414,-0.0007961895229067,5,0
2.416,-0.0007263281562401,5,0
2.418,-0.0006485009562401,5,0
2.42,-0.0007616359562401,5,0
2.422,-0.0009747532562401,5,0
2.424,-0.0011850270562401,5,0
2.426,-0.0012631083562401,5,0
2.428,-0.0011524659562401,5,0
2.43,-0.0009677231562401,5,0
2.432,-0.0006157583562401,5,0
2.434,-0.0006470247562401,5,0
2.436,-0.0006782911562401,5,0
2.438,-0.0012548077562401,5,0
2.44,-0.0011890321562401,5,0
2.442,-0.0011350137229067,5,0
2.444,-0.0010809952895734,5,0
2.446,-0.0010269768562401,5,0
2.448,-0.0006315004562401,5,0
2.45,-0.0007842387562401,5,0
2.452,-0.0009981667562401,5,0
2.454,-0.0012120947562401,5,0
2.456,-0.0012129256229067,5,0
2.458,-0.0012137564895734,5,0
2.46,-0.0012145873562401,5,0
2.462,-0.0006699542562401,5,0
2.464,-0.0006400430562401,5,0
2.466,-0.0006101318562401,5,0
2.468,-0.0005802206562401,5,0
2.47,-0.0006888302562401,5,0
2.472,-0.0009130432562401,5,0
2.474,-0.0012260944562401,5,0
2.476,-0.0011750808562401,5,0
2.478,-0.0011240672562401,5,0
2.48,-0.0009462335562401,5,0
2.482,-0.0007372665562401,5,0
2.484,-0.0005817452562401,5,0
2.486,-0.0006391476562401,5,0
2.488,-0.0010536815562401,5,0
2.49,-0.0011341465562401,5,0
2.492,-0.0012146115562401,5,0
2.494,-0.0011714145562401,5,0
2.496,-0.0010109685562401,5,0
2.498,-0.0008089832562401,5,0
2.5,-0.0006035857562401,6,0
2.502,-0.0005776917562401,6,0
2.504,-0.0007396986562401,6,0
2.506,-0.0009656540562401,6,0
2.508,-0.0011936543562401,6,0
2.51,-0.0011276972562401,6,0
2.512,-0.0010617401562401,6,0
2.514,-0.0008621143562401,6,0
2.516,-0.0005653497562401,6,0
2.518,-0.0007296556562401,6,0
2.52,-0.0008939615562401,6,0
2.522,-0.0010035754562401,6,0
2.524,-0.0011131893562401,6,0
2.526,-0.0007134053562401,6,0
2.528,-0.0006344891562401,6,0
2.53,-0.0005555729562401,6,0
2.532,-0.0012148535562401,6,0
2.534,-0.0011961227562401,6,0
2.536,-0.0011773919562401,6,0
2.538,-0.0011439136762401,6,0
2.54,-0.0011104353962401,6,0
2.542,-0.0010769571162401,6,0
2.544,-0.0010434788362401,6,0
2.546,-0.0010100005562401,6,0
2.548,-0.0007922368562401,6,0
2.55,-0.0005934822562401,6,0
2.552,-0.0005714723562401,6,0
2.554,-0.0009611528562401,6,0
2.556,-0.0011791706562401,6,0
2.558,-0.0010633978562401,6,0
2.56,-0.0009614735062401,6,0
2.562,-0.0008595491562401,6,0
2.564,-0.0007576187562401,6,0
2.566,-0.0006556883562401,6,0
2.568,-0.0008724356562401,6,0
2.57,-0.0010891829562401,6,0
2.572,-0.0011309037562401,6,0
2.574,-0.0011726245562401,6,0
2.576,-0.0012143453562401,6,0
2.578,-0.0011182834562401,6,0
2.58,-0.0009408490562401,6,0
2.582,-0.0007279858562401,6,0
2.584,-0.0005573395562401,6,0
2.586,-0.0006032348562401,6,0
2.588,-0.0008034293562401,6,0
2.59,-0.0010298929562401,6,0
2.592,-0.0012117559562401,6,0
2.594,-0.0011578020562401,6,0
2.596,-0.0009967994562401,6,0
2.598,-0.0005662330562401,6,0
2.6,-0.0006440784062401,6,0
2.602,-0.0007219237562401,6,0
2.604,-0.0011783720562401,6,0
2.606,-0.0012115139562401,6,0
2.608,-0.0011489146062401,6,0
2.61,-0.0010863152562401,6,0
2.612,-0.0009847357562401,6,0
2.614,-0.0008831562562401,6,0
2.616,-0.0006630330562401,6,0
2.618,-0.0005569886562401,6,0
2.62,-0.0008816074562401,6,0
2.622,-0.0009621813562401,6,0
2.624,-0.0010427552562401,6,0
2.626,-0.0011233291562401,6,0
2.628,-0.0009367108562401,6,0
2.63,-0.0005542177562401,6,0
2.632,-0.0005757678562401,6,0
2.634,-0.0005973179562401,6,0
2.636,-0.0010128803562401,6,0
2.638,-0.0011938600562401,6,0
2.64,-0.0011726427062401,6,0
2.642,-0.0011514253562401,6,0
2.644,-0.0009970414562401,6,0
2.646,-0.0007897684562401,6,0
2.648,-0.0005826285562401,6,0
2.65,-0.0007295588562401,6,0
2.652,-0.0008428814062401,6,0
2.654,-0.0009562039562401,6,0
2.656,-0.0011719832562401,6,0
2.658,-0.0010712144562401,6,0
2.66,-0.0009708933562401,6,0
2.662,-0.0008705722562401,6,0
2.664,-0.0006538128562401,6,0
2.666,-0.0006503159562401,6,0
2.668,-0.0007592825062401,6,0
2.67,-0.0008682490562401,6,0
2.672,-0.0010913004562401,6,0
2.674,-0.0009378966562401,6,0
2.676,-0.0006034042562401,6,0
2.678,-0.0007386620895734,6,0
2.68,-0.0008739199229067,6,0
2.682,-0.0010091777562401,6,0
2.684,-0.0010801321562401,6,0
2.686,-0.0011510865562401,6,0
2.688,-0.0011130653312401,6,0
2.69,-0.0010750441062401,6,0
2.692,-0.0010370228812401,6,0
2.694,-0.0009990016562401,6,0
2.696,-0.0007927813562401,6,0
2.698,-0.0005626030562401,6,0
2.7,-0.0006407993062401,6,0
2.702,-0.0007189955562401,6,0
2.704,-0.0009417807562401,6,0
2.706,-0.0011485334562401,6,0
2.708,-0.0011887054562401,6,0
2.71,-0.0010630469562401,6,0
2.712,-0.0008694106562401,6,0
2.714,-0.0006583866562401,6,0
2.716,-0.0005468125562401,6,0
2.718,-0.0006460688562401,6,0
2.72,-0.0008572622562401,6,0
2.722,-0.0010811001562401,6,0
2.724,-0.0011928436562401,6,0
2.726,-0.0011102127562401,6,0
2.728,-0.0009380418562401,6,0
2.73,-0.0007305147562401,6,0
2.732,-0.0005973421562401,6,0
2.734,-0.0011462586562401,6,0
2.736,-0.0010718134062401,6,0
2.738,-0.0009973681562401,6,0
2.74,-0.0008989104562401,6,0
2.742,-0.0008004527562401,6,0
2.744,-0.0005973905562401,6,0
2.746,-0.0005580534562401,6,0
2.748,-0.0006056830895734,6,0
2.75,-0.0006533127229067,6,0
2.752,-0.0007009423562401,6,0
2.754,-0.0011768474562401,6,0
2.756,-0.0010205396562401,6,0
2.758,-0.0008642318562401,6,0
2.76,-0.0005490631562401,6,0
2.762,-0.0008517688562401,6,0
2.764,-0.0010572631562401,6,0
2.766,-0.0011747783562401,6,0
2.768,-0.0011483559895734,6,0
2.77,-0.0011219336229067,6,0
2.772,-0.0010955112562401,6,0
2.774,-0.0009866193229067,6,0
2.776,-0.0008777273895734,6,0
2.778,-0.0007688354562401,6,0
2.78,-0.0008794718062401,6,0
2.782,-0.0009901081562401,6,0
2.784,-0.0010518826895734,6,0
2.786,-0.0011136572229067,6,0
2.788,-0.0011754317562401,6,0
2.79,-0.0011430037562401,6,0
2.792,-0.0006078449562401,6,0
2.794,-0.0007130705895734,6,0
2.796,-0.0008182962229067,6,0
2.798,-0.0009235218562401,6,0
2.8,-0.0009891643562401,6,0
2.802,-0.0010548068562401,6,0
2.804,-0.0008663493562401,6,0
2.806,-0.0007988394229067,6,0
2.808,-0.0007313294895734,6,0
2.81,-0.0006638195562401,6,0
2.812,-0.0006082624062401,6,0
2.814,-0.0005527052562401,6,0
2.816,-0.0008433714562401,6,0
2.818,-0.0011806831562401,6,0
2.82,-0.0011078774562401,6,0
2.822,-0.0010514107895734,6,0
2.824,-0.0009949441229067,6,0
2.826,-0.0009384774562401,6,0
2.828,-0.0005707947562401,6,0
2.83,-0.0005845161562401,6,0
2.832,-0.0005982375562401,6,0
2.834,-0.0007764463562401,6,0
2.836,-0.0009859578562401,6,0
2.838,-0.0011645175562401,6,0
2.84,-0.0011391438562401,6,0
2.842,-0.0009945367562401,6,0
2.844,-0.0006137860562401,6,0
2.846,-0.0005915765062401,6,0
2.848,-0.0005693669562401,6,0
2.85,-0.0006999622562401,6,0
2.852,-0.0010655274562401,6,0
2.854,-0.0010033818562401,6,0
2.856,-0.0009412362562401,6,0
2.858,-0.0008790906562401,6,0
2.86,-0.0005641760562401,6,0
2.862,-0.0005924779562401,6,0
2.864,-0.0006207798562401,6,0
2.866,-0.0006490817562401,6,0
2.868,-0.0008510549562401,6,0
2.87,-0.0010650071562401,6,0
2.872,-0.0011908108562401,6,0
2.874,-0.0011099344562401,6,0
2.876,-0.0009443580562401,6,0
2.878,-0.0007483259562401,6,0
2.88,-0.0005720410562401,6,0
2.882,-0.0007877719562401,6,0
2.884,-0.0008872763062401,6,0
2.886,-0.0009867806562401,6,0
2.888,-0.0011504452562401,6,0
2.89,-0.0008861389062401,6,0
2.892,-0.0006218325562401,6,0
2.894,-0.0005966948062401,6,0
2.896,-0.0005715570562401,6,0
2.898,-0.0007025274562401,6,0
2.9,-0.0008080334062401,6,0
2.902,-0.0009135393562401,6,0
2.904,-0.0011235469562401,6,0
2.906,-0.0011836597562401,6,0
2.908,-0.0010656726562401,6,0
2.91,-0.0008782436562401,6,0
2.912,-0.0006710916562401,6,0
2.914,-0.0005463406562401,6,0
2.916,-0.0008387976562401,6,0
2.918,-0.0011832725562401,6,0
2.92,-0.0011591693562401,6,0
2.922,-0.0011350661562401,6,0
2.924,-0.0011109629562401,6,0
2.926,-0.0009494279562401,6,0
2.928,-0.0007454703562401,6,0
2.93,-0.0005633048562401,6,0
2.932,-0.0005839958562401,6,0
2.934,-0.0007640680562401,6,0
2.936,-0.0009805491562401,6,0
2.938,-0.0011729754562401,6,0
2.94,-0.0011506751562401,6,0
2.942,-0.0010092624562401,6,0
2.944,-0.0006113781562401,6,0
2.946,-0.0005863795562401,6,0
2.948,-0.0005613809562401,6,0
2.95,-0.0006947350562401,6,0
2.952,-0.0009124987562401,6,0
2.954,-0.0011238978562401,6,0
2.956,-0.0011860797562401,6,0
2.958,-0.0010767683562401,6,0
2.96,-0.0008882866562401,6,0
2.962,-0.0005437754562401,6,0
2.964,-0.0006328919562401,6,0
2.966,-0.0008418952562401,6,0
2.968,-0.0009490831062401,6,0
2.97,-0.0010562709562401,6,0
2.972,-0.0012043991562401,6,0
2.974,-0.0011290403562401,6,0
2.976,-0.0007638865562401,6,0
2.978,-0.0005810192562401,6,0
2.98,-0.0005867123062401,6,0
2.982,-0.0005924053562401,6,0
2.984,-0.0007628459562401,6,0
2.986,-0.0009814566562401,6,0
2.988,-0.0011641545562401,6,0
2.99,-0.0010253917562401,6,0
2.992,-0.0006104827562401,6,0
2.994,-0.0005782786062401,6,0
2.996,-0.0005460744562401,6,0
2.998,-0.0006789203562401,6,0
3.0,-0.0007894478062401,7,0
3.002,-0.0008999752562401,7,0
3.004,-0.0011799208562401,7,0
3.006,-0.0010323492562401,7,0
3.008,-0.0008847776562401,7,0
3.01,-0.0007815767562401,7,0
3.012,-0.0006783758562401,7,0
3.014,-0.0005417426562401,7,0
3.016,-0.0008224384562401,7,0
3.018,-0.0009311690562401,7,0
3.02,-0.0010398996562401,7,0
3.022,-0.0011291250562401,7,0
3.024,-0.0010504145562401,7,0
3.026,-0.0009717040562401,7,0
3.028,-0.0007701664562401,7,0
3.03,-0.0005824228562401,7,0
3.032,-0.0006708375562401,7,0
3.034,-0.0007592522562401,7,0
3.036,-0.0011697084562401,7,0
3.038,-0.0010330389562401,7,0
3.04,-0.0009338492062401,7,0
3.042,-0.0008346594562401,7,0
3.044,-0.0005585616562401,7,0
3.046,-0.0007257836562401,7,0
3.048,-0.0008930056562401,7,0
3.05,-0.0011105394562401,7,0
3.052,-0.0011544987562401,7,0
3.054,-0.0011984580562401,7,0
3.056,-0.0010862305562401,7,0
3.058,-0.0009956923062401,7,0
3.06,-0.0009051540562401,7,0
3.062,-0.0007048627562401,7,0
3.064,-0.0005597111562401,7,0
3.066,-0.0006290320562401,7,0
3.068,-0.0008280286562401,7,0
3.07,-0.0010440015562401,7,0
3.072,-0.0011901937562401,7,0
3.074,-0.0011309158562401,7,0
3.076,-0.0009753582562401,7,0
3.078,-0.0007758171562401,7,0
3.08,-0.0005870208562401,7,0
3.082,-0.0005813096562401,7,0
3.084,-0.0007442845562401,7,0
3.086,-0.0009611649562401,7,0
3.088,-0.0011729633562401,7,0
3.09,-0.0008401770562401,7,0
3.092,-0.0005628450562401,7,0
3.094,-0.0007314041062401,7,0
3.096,-0.0008999631562401,7,0
3.098,-0.0011151495562401,7,0
3.1,-0.0012089729562401,7,0
3.102,-0.0011719227562401,7,0
3.104,-0.0011348725562401,7,0
3.106,-0.0010978223562401,7,0
3.108,-0.0010058381562401,7,0
3.11,-0.0009138539562401,7,0
3.112,-0.0007047538562401,7,0
3.114,-0.0005560690562401,7,0
3.116,-0.0008214099562401,7,0
3.118,-0.0009287551062401,7,0
3.12,-0.0010361002562401,7,0
3.122,-0.0011961348562401,7,0
3.124,-0.0011397246562401,7,0
3.126,-0.0009818075562401,7,0
3.128,-0.0005894408562401,7,0
3.13,-0.0007476483562401,7,0
3.132,-0.0008598214062401,7,0
3.134,-0.0009719944562401,7,0
3.136,-0.0011635979562401,7,0
3.138,-0.0011704344562401,7,0
3.14,-0.0010432150562401,7,0
3.142,-0.0009436018062401,7,0
3.144,-0.0008439885562401,7,0
3.146,-0.0005666565562401,7,0
3.148,-0.0006803965562401,7,0
3.15,-0.0011274552562401,7,0
3.152,-0.0012126513562401,7,0
3.154,-0.0009212228562401,7,0
3.156,-0.0008685364312401,7,0
3.158,-0.0008158500062401,7,0
3.16,-0.0007631635812401,7,0
3.162,-0.0007104771562401,7,0
3.164,-0.0005590940562401,7,0
3.166,-0.0006207798562401,7,0
3.168,-0.0008211679562401,7,0
3.17,-0.0010368625562401,7,0
3.172,-0.0012039151562401,7,0
3.174,-0.0011492231562401,7,0
3.176,-0.0009887045562401,7,0
3.178,-0.0005907597562401,7,0
3.18,-0.0007519317562401,7,0
3.182,-0.0009685822562401,7,0
3.184,-0.0010346159895734,7,0
3.186,-0.0011006497229067,7,0
3.188,-0.0011666834562401,7,0
3.19,-0.0010523384562401,7,0
3.192,-0.0009537355562401,7,0
3.194,-0.0008551326562401,7,0
3.196,-0.0006513928562401,7,0
3.198,-0.0005713271562401,7,0
3.2,-0.0006849582562401,7,0
3.202,-0.0011143872562401,7,0
3.204,-0.0012071700562401,7,0
3.206,-0.0011104063562401,7,0
3.208,-0.0010178897562401,7,0
3.21,-0.0009253731562401,7,0
3.212,-0.0005661846562401,7,0
3.214,-0.0006271323562401,7,0
3.216,-0.0008207807562401,7,0
3.218,-0.0010393067562401,7,0
3.22,-0.0011230085062401,7,0
3.222,-0.0012067102562401,7,0
3.224,-0.0011540389562401,7,0
3.226,-0.0009956983562401,7,0
3.228,-0.0007935920562401,7,0
3.23,-0.0005971485562401,7,0
3.232,-0.0005819509562401,7,0
3.234,-0.0007438126562401,7,0
3.236,-0.0011832483562401,7,0
3.238,-0.0011185920062401,7,0
3.24,-0.0010539356562401,7,0
3.242,-0.0008548906562401,7,0
3.244,-0.0007519862062401,7,0
3.246,-0.0006490817562401,7,0
3.248,-0.0006799246562401,7,0
3.25,-0.0011080831562401,7,0
3.252,-0.0011574390562401,7,0
3.254,-0.0012067949562401,7,0
3.256,-0.0011590362562401,7,0
3.258,-0.0011112775562401,7,0
3.26,-0.0009289426562401,7,0
3.262,-0.0008679042062401,7,0
3.264,-0.0008068657562401,7,0
3.266,-0.0009179074562401,7,0
3.268,-0.0010289491562401,7,0
3.27,-0.0009938470562401,7,0
3.272,-0.0008919529562401,7,0
3.274,-0.0007900588562401,7,0
3.276,-0.0005977535562401,7,0
3.278,-0.0005891867562401,7,0
3.28,-0.0005806199562401,7,0
3.282,-0.0007345198562401,7,0
3.284,-0.0009578132562401,7,0
3.286,-0.0011609480562401,7,0
3.288,-0.0011887054562401,7,0
3.29,-0.0010633010562401,7,0
3.292,-0.0008656233562401,7,0
3.294,-0.0006570435562401,7,0
3.296,-0.0005578114562401,7,0
3.298,-0.0008818978562401,7,0
3.3,-0.0011030132562401,7,0
3.302,-0.0011562895562401,7,0
3.304,-0.0012095658562401,7,0
3.306,-0.0011111686562401,7,0
3.308,-0.0009294266562401,7,0
3.31,-0.0007207016562401,7,0
3.312,-0.0005589609562401,7,0
3.314,-0.0006125397562401,7,0
3.316,-0.0008046030562401,7,0
3.318,-0.0010199104562401,7,0
3.32,-0.0011841195562401,7,0
3.322,-0.0011492836562401,7,0
3.324,-0.0009973802562401,7,0
3.326,-0.0007946084562401,7,0
3.328,-0.0006003187562401,7,0
3.33,-0.0009504201562401,7,0
3.332,-0.0010703069562401,7,0
3.334,-0.0011901937562401,7,0
3.336,-0.0010274124562401,7,0
3.338,-0.0008646311562401,7,0
3.34,-0.0007954151229067,7,0
3.342,-0.0007261990895734,7,0
3.344,-0.0006569830562401,7,0
3.346,-0.0005627361562401,7,0
3.348,-0.0008738755562401,7,0
3.35,-0.0010899452562401,7,0
3.352,-0.0009395543562401,7,0
3.354,-0.0008573499812401,7,0
3.356,-0.0007751456062401,7,0
3.358,-0.0006929412312401,7,0
3.36,-0.0006107368562401,7,0
3.362,-0.0007056976562401,7,0
3.364,-0.0008006584562401,7,0
3.366,-0.0010131223562401,7,0
3.368,-0.0010989597562401,7,0
3.37,-0.0011847971562401,7,0
3.372,-0.0011539300562401,7,0
3.374,-0.0009985418562401,7,0
3.376,-0.0007955522562401,7,0
3.378,-0.0006045900562401,7,0
3.38,-0.0007396502562401,7,0
3.382,-0.0009608624562401,7,0
3.384,-0.0010596045062401,7,0
3.386,-0.0011583465562401,7,0
3.388,-0.0011944650562401,7,0
3.39,-0.0010723760562401,7,0
3.392,-0.0008799134562401,7,0
3.394,-0.0005746304562401,7,0
3.396,-0.0006229034062401,7,0
3.398,-0.0006711763562401,7,0
3.4,-0.0008762471562401,7,0
3.402,-0.0012086341562401,7,0
3.404,-0.0011181866562401,7,0
3.406,-0.0009323911562401,7,0
3.408,-0.0007465956562401,7,0
3.41,-0.0006816489062401,7,0
3.412,-0.0006167021562401,7,0
3.414,-0.0008017111562401,7,0
3.416,-0.0010168249562401,7,0
3.418,-0.0011823045562401,7,0
3.42,-0.0010050758562401,7,0
3.422,-0.0008075675562401,7,0
3.424,-0.0006118137562401,7,0
3.426,-0.0005743884562401,7,0
3.428,-0.0006235467229067,7,0
3.43,-0.0006727049895734,7,0
3.432,-0.0007218632562401,7,0
3.434,-0.0009352225562401,7,0
3.436,-0.0011427738562401,7,0
3.438,-0.0011803080562401,7,0
3.44,-0.0010627807562401,7,0
3.442,-0.0006773836562401,7,0
3.444,-0.0006677520562401,7,0
3.446,-0.0006581204562401,7,0
3.448,-0.0007598572562401,7,0
3.45,-0.0008615940562401,7,0
3.452,-0.0011955540562401,7,0
3.454,-0.0011117736562401,7,0
3.456,-0.0010276786562401,7,0
3.458,-0.0009435836562401,7,0
3.46,-0.0007526698562401,7,0
3.462,-0.0007975003562401,7,0
3.464,-0.0009014272562401,7,0
3.466,-0.0010053541562401,7,0
3.468,-0.0011827522562401,7,0
3.47,-0.0011717412562401,7,0
3.472,-0.0011607302562401,7,0
3.474,-0.0010169217562401,7,0
3.476,-0.0008168603562401,7,0
3.478,-0.0006244098562401,7,0
3.48,-0.0005779942562401,7,0
3.482,-0.0007114935562401,7,0
3.484,-0.0011871445562401,7,0
3.486,-0.0011306254562401,7,0
3.488,-0.0010741063562401,7,0
3.49,-0.0009810634062401,7,0
3.492,-0.0008880204562401,7,0
3.494,-0.0006868579562401,7,0
3.496,-0.0008614851562401,7,0
3.498,-0.0010665922562401,7,0
3.5,-0.0011094706229067,8,0
3.502,-0.0011523489895734,8,0
3.504,-0.0011952273562401,8,0
3.506,-0.0011223974562401,8,0
3.508,-0.0009550665562401,8,0
3.51,-0.0005912316562401,8,0
3.512,-0.0007965807562401,8,0
3.514,-0.0010081129562401,8,0
3.516,-0.0010623733895734,8,0
3.518,-0.0011166338229067,8,0
3.52,-0.0011708942562401,8,0
3.522,-0.0010270494562401,8,0
3.524,-0.0008351797562401,8,0
3.526,-0.0006407811562401,8,0
3.528,-0.0005915583562401,8,0
3.53,-0.0007243679562401,8,0
3.532,-0.0009441281562401,8,0
3.534,-0.0011468636562401,8,0
3.536,-0.0011963526562401,8,0
3.538,-0.0010885658562401,8,0
3.54,-0.0009018991562401,8,0
3.542,-0.0006927990562401,8,0
3.544,-0.0005773045562401,8,0
3.546,-0.0006624038562401,8,0
3.548,-0.0010723639562401,8,0
3.55,-0.0011980587562401,8,0
3.552,-0.0011612808062401,8,0
3.554,-0.0011245028562401,8,0
3.556,-0.0009589022562401,8,0
3.558,-0.0007657983562401,8,0
3.56,-0.0005964346562401,8,0
3.562,-0.0007826173562401,8,0
3.564,-0.0009952506562401,8,0
3.566,-0.0010868960562401,8,0
3.568,-0.0011785414562401,8,0
3.57,-0.0011607544562401,8,0
3.572,-0.0010268316562401,8,0
3.574,-0.0008298920562401,8,0
3.576,-0.0006348279562401,8,0
3.578,-0.0005762397562401,8,0
3.58,-0.0007122558562401,8,0
3.582,-0.0009290878562401,8,0
3.584,-0.0011395310562401,8,0
3.586,-0.0011978288562401,8,0
3.588,-0.0010888562562401,8,0
3.59,-0.0009004955562401,8,0
3.592,-0.0007009907562401,8,0
3.594,-0.0006557609562401,8,0
3.596,-0.0008532208562401,8,0
3.598,-0.0012094085562401,8,0
3.6,-0.0011852529229067,8,0
3.602,-0.0011610972895734,8,0
3.604,-0.0011369416562401,8,0
3.606,-0.0007744619562401,8,0
3.608,-0.0006871241562401,8,0
3.61,-0.0005997863562401,8,0
3.612,-0.0007866708562401,8,0
3.614,-0.0009870045062401,8,0
3.616,-0.0011873381562401,8,0
3.618,-0.0011790375562401,8,0
3.62,-0.0011707369562401,8,0
3.622,-0.0010341884562401,8,0
3.624,-0.0006391597562401,8,0
3.626,-0.0006143850062401,8,0
3.628,-0.0005896102562401,8,0
3.63,-0.0007104650562401,8,0
3.632,-0.0009245745562401,8,0
3.634,-0.0012018581562401,8,0
3.636,-0.0010946642562401,8,0
3.638,-0.0010025651062401,8,0
3.64,-0.0009104659562401,8,0
3.642,-0.0005850122562401,8,0
3.644,-0.0007198788562401,8,0
3.646,-0.0008547454562401,8,0
3.648,-0.0009588901562401,8,0
3.65,-0.0010630348562401,8,0
3.652,-0.0012047500562401,8,0
3.654,-0.0011372562562401,8,0
3.656,-0.0007737601562401,8,0
3.658,-0.0006821329062401,8,0
3.66,-0.0005905056562401,8,0
3.662,-0.0007758171562401,8,0
3.664,-0.0009896483562401,8,0
3.666,-0.0010861337562401,8,0
3.668,-0.0011826191562401,8,0
3.67,-0.0011802959562401,8,0
3.672,-0.0008578672562401,8,0
3.674,-0.0008723721312401,8,0
3.676,-0.0008868770062401,8,0
3.678,-0.0009013818812401,8,0
3.68,-0.0009158867562401,8,0
3.682,-0.0011324888562401,8,0
3.684,-0.0012102434562401,8,0
3.686,-0.0011028317562401,8,0
3.688,-0.0009212591562401,8,0
3.69,-0.0005872870562401,8,0
3.692,-0.0006221955562401,8,0
3.694,-0.0006571040562401,8,0
3.696,-0.0008635784562401,8,0
3.698,-0.0012161966562401,8,0
3.7,-0.0011520424562401,8,0
3.702,-0.0009963396562401,8,0
3.704,-0.0008935501562401,8,0
3.706,-0.0007907606562401,8,0
3.708,-0.0006095631562401,8,0
3.71,-0.0006182751562401,8,0
3.712,-0.0007808507562401,8,0
3.714,-0.0009926975562401,8,0
3.716,-0.0011876406562401,8,0
3.718,-0.0010546979562401,8,0
3.72,-0.0008653329562401,8,0
3.722,-0.0005978503562401,8,0
3.724,-0.0006383167895734,8,0
3.726,-0.0006787832229067,8,0
3.728,-0.0007192496562401,8,0
3.73,-0.0011327066562401,8,0
3.732,-0.0012055486562401,8,0
3.734,-0.0010986088562401,8,0
3.736,-0.0009210534562401,8,0
3.738,-0.0007179307562401,8,0
3.74,-0.0005799665562401,8,0
3.742,-0.0007130726062401,8,0
3.744,-0.0008461786562401,8,0
3.746,-0.0010277270562401,8,0
3.748,-0.0012092754562401,8,0
3.75,-0.0011021118062401,8,0
3.752,-0.0009949481562401,8,0
3.754,-0.0008965630562401,8,0
3.756,-0.0007981779562401,8,0
3.758,-0.0006085104562401,8,0
3.76,-0.0006050982562401,8,0
3.762,-0.0007652296562401,8,0
3.764,-0.0009822189562401,8,0
3.766,-0.0011752018562401,8,0
3.768,-0.0008557860562401,8,0
3.77,-0.0006583382562401,8,0
3.772,-0.0006801545562401,8,0
3.774,-0.0007019708562401,8,0
3.776,-0.0009079612562401,8,0
3.778,-0.0010072982229067,8,0
3.78,-0.0011066351895734,8,0
3.782,-0.0012059721562401,8,0
3.784,-0.0011075144562401,8,0
3.786,-0.0010201766562401,8,0
3.788,-0.0009328388562401,8,0
3.79,-0.0005928288562401,8,0
3.792,-0.0006183538062401,8,0
3.794,-0.0006438787562401,8,0
3.796,-0.0010494828562401,8,0
3.798,-0.0011265538062401,8,0
3.8,-0.0012036247562401,8,0
3.802,-0.0011457504562401,8,0
3.804,-0.0009965332562401,8,0
3.806,-0.0008007915562401,8,0
3.808,-0.0006160971562401,8,0
3.81,-0.0006042633562401,8,0
3.812,-0.0007587077562401,8,0
3.814,-0.0009643714562401,8,0
3.816,-0.0011589031562401,8,0
3.818,-0.0011708821562401,8,0
3.82,-0.0010462400562401,8,0
3.822,-0.0008567298562401,8,0
3.824,-0.0005868514562401,8,0
3.826,-0.0007436190562401,8,0
3.828,-0.0009003866562401,8,0
3.83,-0.0011131046562401,8,0
3.832,-0.0012031286562401,8,0
3.834,-0.0011094141562401,8,0
3.836,-0.0010231593062401,8,0
3.838,-0.0009369044562401,8,0
3.84,-0.0007460269562401,8,0
3.842,-0.0005935064562401,8,0
3.844,-0.0006449072562401,8,0
3.846,-0.0008334978562401,8,0
3.848,-0.0010437958562401,8,0
3.85,-0.0012007449562401,8,0
3.852,-0.0011468636562401,8,0
3.854,-0.0009984813562401,8,0
3.856,-0.0008034777562401,8,0
3.858,-0.0006208645562401,8,0
3.86,-0.0007545574562401,8,0
3.862,-0.0008612613062401,8,0
3.864,-0.0009679651562401,8,0
3.866,-0.0011685105562401,8,0
3.868,-0.0011802596562401,8,0
3.87,-0.0010534758562401,8,0
3.872,-0.0008616545562401,8,0
3.874,-0.0006681634562401,8,0
3.876,-0.0005860891562401,8,0
3.878,-0.0009099819562401,8,0
3.88,-0.0010094621062401,8,0
3.882,-0.0011089422562401,8,0
3.884,-0.0012055365562401,8,0
3.886,-0.0011165047562401,8,0
3.888,-0.0009501660562401,8,0
3.89,-0.0007494996562401,8,0
3.892,-0.0006010205562401,8,0
3.894,-0.0006483799562401,8,0
3.896,-0.0009280956562401,8,0
3.898,-0.0012078113562401,8,0
3.9,-0.0011655339562401,8,0
3.902,-0.0006333275562401,8,0
3.904,-0.0006251116562401,8,0
3.906,-0.0006168957562401,8,0
3.908,-0.0006888363062401,8,0
3.91,-0.0007607768562401,8,0
3.912,-0.0009713773562401,8,0
3.914,-0.0011712693562401,8,0
3.916,-0.0010825763562401,8,0
3.918,-0.0009847297062401,8,0
3.92,-0.0008868830562401,8,0
3.922,-0.0005991934562401,8,0
3.924,-0.0011026139562401,8,0
3.926,-0.0011291613562401,8,0
3.928,-0.0011557087562401,8,0
3.93,-0.0011822561562401,8,0
3.932,-0.0012088035562401,8,0
3.934,-0.0011192877562401,8,0
3.936,-0.0009448057562401,8,0
3.938,-0.0007483380562401,8,0
3.94,-0.0006329282562401,8,0
3.942,-0.0007246704562401,8,0
3.944,-0.0008164126562401,8,0
3.946,-0.0011950095562401,8,0
3.948,-0.0011727395062401,8,0
3.95,-0.0011504694562401,8,0
3.952,-0.0006197392562401,8,0
3.954,-0.0006119468562401,8,0
3.956,-0.0006041544562401,8,0
3.958,-0.0005963620562401,8,0
3.96,-0.0007524641562401,8,0
3.962,-0.0009612012562401,8,0
3.964,-0.0011559991562401,8,0
3.966,-0.0011978651562401,8,0
3.968,-0.0010779904562401,8,0
3.97,-0.0008854794562401,8,0
3.972,-0.0006803602562401,8,0
3.974,-0.0005895981562401,8,0
3.976,-0.0006929926562401,8,0
3.978,-0.0009042102562401,8,0
3.98,-0.0011237163562401,8,0
3.982,-0.0012222466562401,8,0
3.984,-0.0011266324562401,8,0
3.986,-0.0005880251562401,8,0
3.988,-0.0006325168562401,8,0
3.99,-0.0008274357562401,8,0
3.992,-0.0010408797562401,8,0
3.994,-0.0010990323562401,8,0
3.996,-0.0011571849562401,8,0
3.998,-0.0012153375562401,8,0
4.0,-0.0010341158562401,9,0
4.002,-0.0009348051062401,9,0
4.004,-0.0008354943562401,9,0
4.006,-0.0006046142562401,9,0
4.008,-0.0007531417562401,9,0
4.01,-0.0008593858062401,9,0
4.012,-0.0009656298562401,9,0
4.014,-0.0011650983562401,9,0
4.016,-0.0011996438562401,9,0
4.018,-0.0010830966562401,9,0
4.02,-0.0008903436562401,9,0
4.022,-0.0006902943562401,9,0
4.024,-0.0006831795562401,9,0
4.026,-0.0008889158562401,9,0
4.028,-0.0009965272062401,9,0
4.03,-0.0011041385562401,9,0
4.032,-0.0012196330562401,9,0
4.034,-0.0009709296562401,9,0
4.036,-0.0007759260562401,9,0
4.038,-0.0006960539562401,9,0
4.04,-0.0006161818562401,9,0
4.042,-0.0006492632562401,9,0
4.044,-0.0010471475562401,9,0
4.046,-0.0011333298062401,9,0
4.048,-0.0012195120562401,9,0
4.05,-0.0011777428562401,9,0
4.052,-0.0010317321562401,9,0
4.054,-0.0008314650562401,9,0
4.056,-0.0006375262562401,9,0
4.058,-0.0007450105562401,9,0
4.06,-0.0009615763562401,9,0
4.062,-0.0011686678562401,9,0
4.064,-0.0011289314562401,9,0
4.066,-0.0010891950562401,9,0
4.068,-0.0009953232562401,9,0
4.07,-0.0009014514562401,9,0
4.072,-0.0006945414562401,9,0
4.074,-0.0008880204562401,9,0
4.076,-0.0009967389562401,9,0
4.078,-0.0011054574562401,9,0
4.08,-0.0011667137062401,9,0
4.082,-0.0012279699562401,9,0
4.084,-0.0011369537562401,9,0
4.086,-0.0007625676562401,9,0
4.088,-0.0005978745562401,9,0
4.09,-0.0008126616562401,9,0
4.092,-0.0008860602562401,9,0
4.094,-0.0009594588562401,9,0
4.096,-0.0010328574562401,9,0
4.098,-0.0012027172562401,9,0
4.1,-0.0011669617562401,9,0
4.102,-0.0008292265562401,9,0
4.104,-0.0006352514562401,9,0
4.106,-0.0006158309562401,9,0
4.108,-0.0005964104562401,9,0
4.11,-0.0009520415562401,9,0
4.112,-0.0010548371062401,9,0
4.114,-0.0011576326562401,9,0
4.116,-0.0012013136562401,9,0
4.118,-0.0010852262562401,9,0
4.12,-0.0008958733562401,9,0
4.122,-0.0006966952562401,9,0
4.124,-0.0005893682562401,9,0
4.126,-0.0008817889562401,9,0
4.128,-0.0010453567562401,9,0
4.13,-0.0012089245562401,9,0
4.132,-0.0011252046562401,9,0
4.134,-0.0007594216562401,9,0
4.136,-0.0007024387229067,9,0
4.138,-0.0006454557895734,9,0
4.14,-0.0005884728562401,9,0
4.142,-0.0007986498562401,9,0
4.144,-0.0010121422562401,9,0
4.146,-0.0011028620062401,9,0
4.148,-0.0011935817562401,9,0
4.15,-0.0010296509562401,9,0
4.152,-0.0008323120562401,9,0
4.154,-0.0007309019562401,9,0
4.156,-0.0006294918562401,9,0
4.158,-0.0005905298562401,9,0
4.16,-0.0007293047562401,9,0
4.162,-0.0009418775562401,9,0
4.164,-0.0012035279562401,9,0
4.166,-0.0011455508062401,9,0
4.168,-0.0010875736562401,9,0
4.17,-0.0009073441562401,9,0
4.172,-0.0007041488562401,9,0
4.174,-0.0005852179562401,9,0
4.176,-0.0006647512562401,9,0
4.178,-0.0010887715562401,9,0
4.18,-0.0012110178562401,9,0
4.182,-0.0010921656062401,9,0
4.184,-0.0009733133562401,9,0
4.186,-0.0007676254562401,9,0
4.188,-0.0006031017562401,9,0
4.19,-0.0006302662562401,9,0
4.192,-0.0008058009562401,9,0
4.194,-0.0010111621562401,9,0
4.196,-0.0011795941562401,9,0
4.198,-0.0010345393562401,9,0
4.2,-0.0006376351562401,9,0
4.202,-0.0005838143562401,9,0
4.204,-0.0007199272562401,9,0
4.206,-0.0008261894562401,9,0
4.208,-0.0009324516562401,9,0
4.21,-0.0010387138562401,9,0
4.212,-0.0011449760562401,9,0
4.214,-0.0011951305562401,9,0
4.216,-0.0010815357562401,9,0
4.218,-0.0008937074562401,9,0
4.22,-0.0006866764562401,9,0
4.222,-0.0005690402562401,9,0
4.224,-0.0006537644562401,9,0
4.226,-0.0010731504562401,9,0
4.228,-0.0012013620562401,9,0
4.23,-0.0011329849562401,9,0
4.232,-0.0010511708062401,9,0
4.234,-0.0009693566562401,9,0
4.236,-0.0007711102562401,9,0
4.238,-0.0005998710562401,9,0
4.24,-0.0010148526562401,9,0
4.242,-0.0012035400562401,9,0
4.244,-0.0011871566562401,9,0
4.246,-0.0010471112562401,9,0
4.248,-0.0009490528562401,9,0
4.25,-0.0008509944562401,9,0
4.252,-0.0006590037562401,9,0
4.254,-0.0006322143562401,9,0
4.256,-0.0006054249562401,9,0
4.258,-0.0007392509562401,9,0
4.26,-0.0009511945562401,9,0
4.262,-0.0011525627562401,9,0
4.264,-0.0012117559562401,9,0
4.266,-0.0010998672562401,9,0
4.268,-0.0009106958562401,9,0
4.27,-0.0007065446562401,9,0
4.272,-0.0005865610562401,9,0
4.274,-0.0006640373562401,9,0
4.276,-0.0008641229562401,9,0
4.278,-0.0010796118562401,9,0
4.28,-0.0012288653562401,9,0
4.282,-0.0009946577562401,9,0
4.284,-0.0007964597562401,9,0
4.286,-0.0006128180562401,9,0
4.288,-0.0007097390562401,9,0
4.29,-0.0008066600562401,9,0
4.292,-0.0010062495562401,9,0
4.294,-0.0012058390562401,9,0
4.296,-0.0011905930562401,9,0
4.298,-0.0011244121062401,9,0
4.3,-0.0010582311562401,9,0
4.302,-0.0008531966562401,9,0
4.304,-0.0006445805562401,9,0
4.306,-0.0005916793562401,9,0
4.308,-0.0009350894562401,9,0
4.31,-0.0010447033562401,9,0
4.312,-0.0011543172562401,9,0
4.314,-0.0012191127562401,9,0
4.316,-0.0011029527562401,9,0
4.318,-0.0009188754562401,9,0
4.32,-0.0005865489562401,9,0
4.322,-0.0006225343562401,9,0
4.324,-0.0006585197562401,9,0
4.326,-0.0008576494562401,9,0
4.328,-0.0010741547562401,9,0
4.33,-0.0012221619562401,9,0
4.332,-0.0011540510562401,9,0
4.334,-0.0009917658562401,9,0
4.336,-0.0006163270562401,9,0
4.338,-0.0006204955062401,9,0
4.34,-0.0006246639562401,9,0
4.342,-0.0010121180562401,9,0
4.344,-0.0011082344062401,9,0
4.346,-0.0012043507562401,9,0
4.348,-0.0011917909562401,9,0
4.35,-0.0008618965562401,9,0
4.352,-0.0006599838562401,9,0
4.354,-0.0006918068562401,9,0
4.356,-0.0007236298562401,9,0
4.358,-0.0008292084062401,9,0
4.36,-0.0009347869562401,9,0
4.362,-0.0011422898562401,9,0
4.364,-0.0012112840562401,9,0
4.366,-0.0009213801562401,9,0
4.368,-0.0007107191562401,9,0
4.37,-0.0006835123062401,9,0
4.372,-0.0006563054562401,9,0
4.374,-0.0010710571562401,9,0
4.376,-0.0012242673562401,9,0
4.378,-0.0011916336562401,9,0
4.38,-0.0011589999562401,9,0
4.382,-0.0010778997062401,9,0
4.384,-0.0009967994562401,9,0
4.386,-0.0007987466562401,9,0
4.388,-0.0006108699562401,9,0
4.39,-0.0006170530562401,9,0
4.392,-0.0007870943562401,9,0
4.394,-0.0010066246562401,9,0
4.396,-0.0012001157562401,9,0
4.398,-0.0011956750562401,9,0
4.4,-0.0010632405562401,9,0
4.402,-0.0008686483562401,9,0
4.404,-0.0006724468562401,9,0
4.406,-0.0006045658562401,9,0
4.408,-0.0012228395562401,9,0
4.41,-0.0011177268562401,9,0
4.412,-0.0009342303562401,9,0
4.414,-0.0007310592562401,9,0
4.416,-0.0005843467562401,9,0
4.418,-0.0006012141562401,9,0
4.42,-0.0006180815562401,9,0
4.422,-0.0006349489562401,9,0
4.424,-0.0006518163562401,9,0
4.426,-0.0008558223562401,9,0
4.428,-0.0010866177562401,9,0
4.43,-0.0012280304562401,9,0
4.432,-0.0010032608562401,9,0
4.434,-0.0009014030562401,9,0
4.436,-0.0007995452562401,9,0
4.438,-0.0006132778562401,9,0
4.44,-0.0006101681562401,9,0
4.442,-0.0009906405562401,9,0
4.444,-0.0010935329062401,9,0
4.446,-0.0011964252562401,9,0
4.448,-0.0011945860562401,9,0
4.45,-0.0010597315562401,9,0
4.452,-0.0008708142562401,9,0
4.454,-0.0006667114562401,9,0
4.456,-0.0005952851562401,9,0
4.458,-0.0009252642562401,9,0
4.46,-0.0012207099562401,9,0
4.462,-0.0011179930562401,9,0
4.464,-0.0009916125895734,9,0
4.466,-0.0008652321229067,9,0
4.468,-0.0007388516562401,9,0
4.47,-0.0006953037562401,9,0
4.472,-0.0006517558562401,9,0
4.474,-0.0008462391562401,9,0
4.476,-0.0009505472062401,9,0
4.478,-0.0010548552562401,9,0
4.48,-0.0012216537562401,9,0
4.482,-0.0011607302562401,9,0
4.484,-0.0010059349562401,9,0
4.486,-0.0007985772562401,9,0
4.488,-0.0006053886562401,9,0
4.49,-0.0006034768562401,9,0
4.492,-0.0007640438562401,9,0
4.494,-0.0011797272562401,9,0
4.496,-0.0011971270562401,9,0
4.498,-0.0011329244562401,9,0
4.5,-0.0010687218562401,10,0
4.502,-0.0008737787562401,10,0
4.504,-0.0005873233562401,10,0
4.506,-0.0007112394562401,10,0
4.508,-0.0011253014562401,10,0
4.51,-0.0010890208162401,10,0
4.512,-0.0010527401762401,10,0
4.514,-0.0010164595362401,10,0
4.516,-0.0009801788962401,10,0
4.518,-0.0009438982562401,10,0
4.52,-0.0007306720562401,10,0
4.522,-0.0005859076562401,10,0
4.524,-0.0006434915562401,10,0
4.526,-0.0008419920562401,10,0
4.528,-0.0010614739562401,10,0
4.53,-0.0011585280562401,10,0
4.532,-0.0010060075562401,10,0
4.534,-0.0006155889562401,10,0
4.536,-0.0006100108562401,10,0
4.538,-0.0006044327562401,10,0
4.54,-0.0007915471562401,10,0
4.542,-0.0009786615562401,10,0
4.544,-0.0011816995562401,10,0
4.546,-0.0011935696562401,10,0
4.548,-0.0010697019562401,10,0
4.55,-0.0009706937062401,10,0
4.552,-0.0008716854562401,10,0
4.554,-0.0006645092562401,10,0
4.556,-0.0006919036562401,10,0
4.558,-0.0009536085062401,10,0
4.56,-0.0012153133562401,10,0
4.562,-0.0011165047562401,10,0
4.564,-0.0009428697562401,10,0
4.566,-0.0008775095895734,10,0
4.568,-0.0008121494229067,10,0
4.57,-0.0007467892562401,10,0
4.572,-0.0005885333562401,10,0
4.574,-0.0006356991562401,10,0
4.576,-0.0010451389562401,10,0
4.578,-0.0012126029562401,10,0
4.58,-0.0011873805062401,10,0
4.582,-0.0011621580562401,10,0
4.584,-0.0010085606562401,10,0
4.586,-0.0008021588562401,10,0
4.588,-0.0006044327562401,10,0
4.59,-0.0007539282562401,10,0
4.592,-0.0009717524562401,10,0
4.594,-0.0010747113562401,10,0
4.596,-0.0011776702562401,10,0
4.598,-0.0012032012562401,10,0
4.6,-0.0008837249562401,10,0
4.602,-0.0006740440562401,10,0
4.604,-0.0006807777062401,10,0
4.606,-0.0006875113562401,10,0
4.608,-0.0011161659562401,10,0
4.61,-0.0011507437229067,10,0
4.612,-0.0011853214895734,10,0
4.614,-0.0012198992562401,10,0
4.616,-0.0011231960562401,10,0
4.618,-0.0007427962562401,10,0
4.62,-0.0006641825562401,10,0
4.622,-0.0005855688562401,10,0
4.624,-0.0006405754562401,10,0
4.626,-0.0008393058562401,10,0
4.628,-0.0012139702562401,10,0
4.63,-0.0011654976562401,10,0
4.632,-0.0010895762062401,10,0
4.634,-0.0010136547562401,10,0
4.636,-0.0008106288562401,10,0
4.638,-0.0006151775562401,10,0
4.64,-0.0005942445562401,10,0
4.642,-0.0009750073562401,10,0
4.644,-0.0010878398562401,10,0
4.646,-0.0012006723562401,10,0
4.648,-0.0010745298562401,10,0
4.65,-0.0008828537562401,10,0
4.652,-0.0007295467562401,10,0
4.654,-0.0005762397562401,10,0
4.656,-0.0006294616062401,10,0
4.658,-0.0006826834562401,10,0
4.66,-0.0008900653562401,10,0
4.662,-0.0011111686562401,10,0
4.664,-0.0012244609562401,10,0
4.666,-0.0011261121562401,10,0
4.668,-0.0009501418562401,10,0
4.67,-0.0005851211562401,10,0
4.672,-0.0006078994062401,10,0
4.674,-0.0006306776562401,10,0
4.676,-0.0008196433562401,10,0
4.678,-0.0012204074562401,10,0
4.68,-0.0011979982562401,10,0
4.682,-0.0011755890562401,10,0
4.684,-0.0010184705562401,10,0
4.686,-0.0008163158562401,10,0
4.688,-0.0006249422562401,10,0
4.69,-0.0007525488562401,10,0
4.692,-0.0011697084562401,10,0
4.694,-0.0010763327562401,10,0
4.696,-0.0008833135562401,10,0
4.698,-0.0008122784895734,10,0
4.7,-0.0007412434229067,10,0
4.702,-0.0006702083562401,10,0
4.704,-0.0006228671062401,10,0
4.706,-0.0005755258562401,10,0
4.708,-0.0006789445562401,10,0
4.71,-0.0008879478562401,10,0
4.712,-0.0011003149562401,10,0
4.714,-0.0012062988562401,10,0
4.716,-0.0011189005562401,10,0
4.718,-0.0007405577562401,10,0
4.72,-0.0005799302562401,10,0
4.722,-0.0006266967562401,10,0
4.724,-0.0008182034562401,10,0
4.726,-0.0009231286062401,10,0
4.728,-0.0010280537562401,10,0
4.73,-0.0011717775562401,10,0
4.732,-0.0010291427562401,10,0
4.734,-0.0009282227062401,10,0
4.736,-0.0008273026562401,10,0
4.738,-0.0006275195562401,10,0
4.74,-0.0005914373562401,10,0
4.742,-0.0009568694562401,10,0
4.744,-0.0011577536562401,10,0
4.746,-0.0011955419562401,10,0
4.748,-0.0010731988562401,10,0
4.75,-0.0009775967562401,10,0
4.752,-0.0008819946562401,10,0
4.754,-0.0006806506562401,10,0
4.756,-0.0005748603562401,10,0
4.758,-0.0008835192562401,10,0
4.76,-0.0009948453062401,10,0
4.762,-0.0011061713562401,10,0
4.764,-0.0012186166562401,10,0
4.766,-0.0011324041562401,10,0
4.768,-0.0009611649562401,10,0
4.77,-0.0006180936562401,10,0
4.772,-0.0008101569562401,10,0
4.774,-0.0010238066562401,10,0
4.776,-0.0010725696562401,10,0
4.778,-0.0011213326562401,10,0
4.78,-0.0011700956562401,10,0
4.782,-0.0010973202062401,10,0
4.784,-0.0010245447562401,10,0
4.786,-0.0008205387562401,10,0
4.788,-0.0006204652562401,10,0
4.79,-0.0005880372562401,10,0
4.792,-0.0009554658562401,10,0
4.794,-0.0012095537562401,10,0
4.796,-0.0011691034562401,10,0
4.798,-0.0011286531562401,10,0
4.8,-0.0010882028562401,10,0
4.802,-0.0009023831562401,10,0
4.804,-0.0005857624562401,10,0
4.806,-0.0006797189562401,10,0
4.808,-0.0008906764062401,10,0
4.81,-0.0011016338562401,10,0
4.812,-0.0011616317062401,10,0
4.814,-0.0012216295562401,10,0
4.816,-0.0009706755562401,10,0
4.818,-0.0007697671562401,10,0
4.82,-0.0006981533062401,10,0
4.822,-0.0006265394562401,10,0
4.824,-0.0007156257062401,10,0
4.826,-0.0008047119562401,10,0
4.828,-0.0010186278562401,10,0
4.83,-0.0012005634562401,10,0
4.832,-0.0011760972562401,10,0
4.834,-0.0010339222562401,10,0
4.836,-0.0008397051562401,10,0
4.838,-0.0006462866562401,10,0
4.84,-0.0007430987562401,10,0
4.842,-0.0008496997562401,10,0
4.844,-0.0009563007562401,10,0
4.846,-0.0012057785562401,10,0
4.848,-0.0011450789062401,10,0
4.85,-0.0010843792562401,10,0
4.852,-0.0006913228562401,10,0
4.854,-0.0005748603562401,10,0
4.856,-0.0006641946562401,10,0
4.858,-0.0010857465562401,10,0
4.86,-0.0011293146229067,10,0
4.862,-0.0011728826895734,10,0
4.864,-0.0012164507562401,10,0
4.866,-0.0011380064562401,10,0
4.868,-0.0009685459562401,10,0
4.87,-0.0007680973562401,10,0
4.872,-0.0005927199562401,10,0
4.874,-0.0006236596562401,10,0
4.876,-0.0010152519562401,10,0
4.878,-0.0010963643062401,10,0
4.88,-0.0011774766562401,10,0
4.882,-0.0010309940562401,10,0
4.884,-0.0008327597562401,10,0
4.886,-0.0007320998562401,10,0
4.888,-0.0006314399562401,10,0
4.89,-0.0005853268562401,10,0
4.892,-0.0009336616562401,10,0
4.894,-0.0010391313062401,10,0
4.896,-0.0011446009562401,10,0
4.898,-0.0012053913562401,10,0
4.9,-0.0010904776562401,10,0
4.902,-0.0006978084562401,10,0
4.904,-0.0005829915562401,10,0
4.906,-0.0007277015062401,10,0
4.908,-0.0008724114562401,10,0
4.91,-0.0009784377062401,10,0
4.912,-0.0010844639562401,10,0
4.914,-0.0012139460562401,10,0
4.916,-0.0011368569562401,10,0
4.918,-0.0007690411562401,10,0
4.92,-0.0006789627062401,10,0
4.922,-0.0005888842562401,10,0
4.924,-0.0006119105562401,10,0
4.926,-0.0007898047562401,10,0
4.928,-0.0011840469562401,10,0
4.93,-0.0011054211562401,10,0
4.932,-0.0010267953562401,10,0
4.934,-0.0009287611562401,10,0
4.936,-0.0008307269562401,10,0
4.938,-0.0006253415562401,10,0
4.94,-0.0005769657562401,10,0
4.942,-0.0007174830562401,10,0
4.944,-0.0011426528562401,10,0
4.946,-0.0011741552062401,10,0
4.948,-0.0012056575562401,10,0
4.95,-0.0010991775562401,10,0
4.952,-0.0009177138562401,10,0
4.954,-0.0006975664562401,10,0
4.956,-0.0006464802562401,10,0
4.958,-0.0008551689562401,10,0
4.96,-0.0012039756562401,10,0
4.962,-0.0011307948562401,10,0
4.964,-0.0010493860562401,10,0
4.966,-0.0009679772562401,10,0
4.968,-0.0007738085562401,10,0
4.97,-0.0006802332062401,10,0
4.972,-0.0005866578562401,10,0
4.974,-0.0007830529562401,10,0
4.976,-0.0008895390062401,10,0
4.978,-0.0009960250562401,10,0
4.98,-0.0011886207562401,10,0
4.982,-0.0010458044562401,10,0
4.984,-0.0009471108062401,10,0
4.986,-0.0008484171562401,10,0
4.988,-0.0006432616562401,10,0
4.99,-0.0008074747895734,10,0
4.992,-0.0009716879229067,10,0
4.994,-0.0011359010562401,10,0
4.996,-0.0011019121562401,10,0
4.998,-0.0009076466562401,10,0
5.0,-0.0007133811562401,11,0
5.002,-0.0006553132562401,11,0
5.004,-0.0008417903895734,11,0
5.006,-0.0010282675229067,11,0
5.008,-0.0012147446562401,11,0
5.01,-0.0011821896062401,11,0
5.012,-0.0011496345562401,11,0
5.014,-0.0007801005562401,11,0
5.016,-0.0006859262562401,11,0
5.018,-0.0005917519562401,11,0
5.02,-0.0006102770562401,11,0
5.022,-0.0007844081562401,11,0
5.024,-0.0011863822562401,11,0
5.026,-0.0011829821562401,11,0
5.028,-0.0011795820562401,11,0
5.03,-0.0010406740562401,11,0
5.032,-0.0006489123562401,11,0
5.034,-0.0006154740062401,11,0
5.036,-0.0005820356562401,11,0
5.038,-0.0007064599562401,11,0
5.04,-0.0011502758562401,11,0
5.042,-0.0012147083562401,11,0
5.044,-0.0011605124562401,11,0
5.046,-0.0011063165562401,11,0
5.048,-0.0009234129562401,11,0
5.05,-0.0005726339562401,11,0
5.052,-0.0007123345062401,11,0
5.054,-0.0008520350562401,11,0
5.056,-0.0010676691562401,11,0
5.058,-0.0012190038562401,11,0
5.06,-0.0011468999562401,11,0
5.062,-0.0009859215562401,11,0
5.064,-0.0008854673562401,11,0
5.066,-0.0007850131562401,11,0
5.068,-0.0006022305562401,11,0
5.07,-0.0006097446562401,11,0
5.072,-0.0007756477562401,11,0
5.074,-0.0009955894562401,11,0
5.076,-0.0011940536562401,11,0
5.078,-0.0011308977062401,11,0
5.08,-0.0010677417562401,11,0
5.082,-0.0008709836562401,11,0
5.084,-0.0006621013562401,11,0
5.086,-0.0005927804562401,11,0
5.088,-0.0009538202562401,11,0
5.09,-0.0011393011562401,11,0
5.092,-0.0012196693562401,11,0
5.094,-0.0011132014562401,11,0
5.096,-0.0007131149562401,11,0
5.098,-0.0006486340562401,11,0
5.1,-0.0007844000895734,11,0
5.102,-0.0009201661229067,11,0
5.104,-0.0010559321562401,11,0
5.106,-0.0011469846562401,11,0
5.108,-0.0009907131562401,11,0
5.11,-0.0007894780562401,11,0
5.112,-0.0007275784895734,11,0
5.114,-0.0006656789229067,11,0
5.116,-0.0006037793562401,11,0
5.118,-0.0006110756562401,11,0
5.12,-0.0007813952562401,11,0
5.122,-0.0009880027562401,11,0
5.124,-0.0011856562562401,11,0
5.126,-0.0011867573562401,11,0
5.128,-0.0010547221562401,11,0
5.13,-0.0008602751562401,11,0
5.132,-0.0005870813562401,11,0
5.134,-0.0009218399562401,11,0
5.136,-0.0009919957562401,11,0
5.138,-0.0010621515562401,11,0
5.14,-0.0011323073562401,11,0
5.142,-0.0011106725562401,11,0
5.144,-0.0010231351062401,11,0
5.146,-0.0009355976562401,11,0
5.148,-0.0007446233562401,11,0
5.15,-0.0005844435562401,11,0
5.152,-0.0006457542562401,11,0
5.154,-0.0008468078562401,11,0
5.156,-0.0010672093562401,11,0
5.158,-0.0011605971562401,11,0
5.16,-0.0010788677062401,11,0
5.162,-0.0009971382562401,11,0
5.164,-0.0007957458562401,11,0
5.166,-0.0006082079562401,11,0
5.168,-0.0006116806562401,11,0
5.17,-0.0007751637562401,11,0
5.172,-0.0011872292562401,11,0
5.174,-0.0011885481562401,11,0
5.176,-0.0011898670562401,11,0
5.178,-0.0010538509562401,11,0
5.18,-0.0008625015562401,11,0
5.182,-0.0006658765562401,11,0
5.184,-0.0007031445562401,11,0
5.186,-0.0009247802562401,11,0
5.188,-0.0010300502562401,11,0
5.19,-0.0011353202562401,11,0
5.192,-0.0012249449562401,11,0
5.194,-0.0011170734562401,11,0
5.196,-0.0009324637562401,11,0
5.198,-0.0007295467562401,11,0
5.2,-0.0005775223562401,11,0
5.202,-0.0006378771562401,11,0
5.204,-0.0008373335562401,11,0
5.206,-0.0010518544562401,11,0
5.208,-0.0011614804562401,11,0
5.21,-0.0010825340062401,11,0
5.212,-0.0010035875562401,11,0
5.214,-0.0006131568562401,11,0
5.216,-0.0006089823562401,11,0
5.218,-0.0006048078562401,11,0
5.22,-0.0007642858562401,11,0
5.222,-0.0011803201562401,11,0
5.224,-0.0010683346562401,11,0
5.226,-0.0008687209562401,11,0
5.228,-0.0006689136562401,11,0
5.23,-0.0006419024229067,11,0
5.232,-0.0006148911895734,11,0
5.234,-0.0005878799562401,11,0
5.236,-0.0009136845562401,11,0
5.238,-0.0011260879562401,11,0
5.24,-0.0012178785562401,11,0
5.242,-0.0011669194062401,11,0
5.244,-0.0011159602562401,11,0
5.246,-0.0009355492562401,11,0
5.248,-0.0005842257562401,11,0
5.25,-0.0006392565562401,11,0
5.252,-0.0010455261562401,11,0
5.254,-0.0011008715562401,11,0
5.256,-0.0011562169562401,11,0
5.258,-0.0012115623562401,11,0
5.26,-0.0010078467562401,11,0
5.262,-0.0009088748062401,11,0
5.264,-0.0008099028562401,11,0
5.266,-0.0006163270562401,11,0
5.268,-0.0007685087562401,11,0
5.27,-0.0009856795562401,11,0
5.272,-0.0011899275562401,11,0
5.274,-0.0010853230562401,11,0
5.276,-0.0010196160229067,11,0
5.278,-0.0009539089895734,11,0
5.28,-0.0008882019562401,11,0
5.282,-0.0009215132562401,11,0
5.284,-0.0009946174229067,11,0
5.286,-0.0010677215895734,11,0
5.288,-0.0011408257562401,11,0
5.29,-0.0011859587562401,11,0
5.292,-0.0012310917562401,11,0
5.294,-0.0009548729562401,11,0
5.296,-0.0008532208562401,11,0
5.298,-0.0007515687562401,11,0
5.3,-0.0005980802562401,11,0
5.302,-0.0006477991562401,11,0
5.304,-0.0012159909562401,11,0
5.306,-0.0011944892562401,11,0
5.308,-0.0011729875562401,11,0
5.31,-0.0010959105562401,11,0
5.312,-0.0010188335562401,11,0
5.314,-0.0006210944562401,11,0
5.316,-0.0009800409562401,11,0
5.318,-0.0010348539562401,11,0
5.32,-0.0010896669562401,11,0
5.322,-0.0011444799562401,11,0
5.324,-0.0011992929562401,11,0
5.326,-0.0008861328562401,11,0
5.328,-0.0006738625562401,11,0
5.33,-0.0006261764562401,11,0
5.332,-0.0005784903562401,11,0
5.334,-0.0011242003562401,11,0
5.336,-0.0012251022562401,11,0
5.338,-0.0011265598562401,11,0
5.34,-0.0010677820895734,11,0
5.342,-0.0010090043229067,11,0
5.344,-0.0009502265562401,11,0
5.346,-0.0007470433562401,11,0
5.348,-0.0005883639562401,11,0
5.35,-0.0006347190562401,11,0
5.352,-0.0008223779562401,11,0
5.354,-0.0010364753562401,11,0
5.356,-0.0012128086562401,11,0
5.358,-0.0011677724562401,11,0
5.36,-0.0008139563562401,11,0
5.362,-0.0006159761562401,11,0
5.364,-0.0007499352562401,11,0
5.366,-0.0008601783562401,11,0
5.368,-0.0009704214562401,11,0
5.37,-0.0011734352562401,11,0
5.372,-0.0012011321562401,11,0
5.374,-0.0010801200562401,11,0
5.376,-0.0008815711562401,11,0
5.378,-0.0006769117562401,11,0
5.38,-0.0005870087562401,11,0
5.382,-0.0006855753562401,11,0
5.384,-0.0007910147562401,11,0
5.386,-0.0008964541562401,11,0
5.388,-0.0011249747562401,11,0
5.39,-0.0011377644562401,11,0
5.392,-0.0010489988562401,11,0
5.394,-0.0009602332562401,11,0
5.396,-0.0007513630562401,11,0
5.398,-0.0005884607562401,11,0
5.4,-0.0006335332562401,11,0
5.402,-0.0008211558562401,11,0
5.404,-0.0012065529562401,11,0
5.406,-0.0010181801562401,11,0
5.408,-0.0008202120562401,11,0
5.41,-0.0006220624562401,11,0
5.412,-0.0007458938562401,11,0
5.414,-0.0008556529562401,11,0
5.416,-0.0009654120562401,11,0
5.418,-0.0011720921562401,11,0
5.42,-0.0012046774562401,11,0
5.422,-0.0010854077562401,11,0
5.424,-0.0009845935812401,11,0
5.426,-0.0008837794062401,11,0
5.428,-0.0007829652312401,11,0
5.43,-0.0006821510562401,11,0
5.432,-0.0005751870562401,11,0
5.434,-0.0008882140562401,11,0
5.436,-0.0009994191062401,11,0
5.438,-0.0011106241562401,11,0
5.44,-0.0011281570562401,11,0
5.442,-0.0009570751562401,11,0
5.444,-0.0008550963562401,11,0
5.446,-0.0007531175562401,11,0
5.448,-0.0006321538562401,11,0
5.45,-0.0007283125562401,11,0
5.452,-0.0008244712562401,11,0
5.454,-0.0011952273562401,11,0
5.456,-0.0011636584562401,11,0
5.458,-0.0010912883562401,11,0
5.46,-0.0010189182562401,11,0
5.462,-0.0006145967562401,11,0
5.464,-0.0005837538562401,11,0
5.466,-0.0011511833562401,11,0
5.468,-0.0011999342562401,11,0
5.47,-0.0011597703229067,11,0
5.472,-0.0011196063895734,11,0
5.474,-0.0010794424562401,11,0
5.476,-0.0009825940562401,11,0
5.478,-0.0008857456562401,11,0
5.48,-0.0006780370562401,11,0
5.482,-0.0005763486562401,11,0
5.484,-0.0008849591562401,11,0
5.486,-0.0010962493562401,11,0
5.488,-0.0011536880562401,11,0
5.49,-0.0012111267562401,11,0
5.492,-0.0011269954562401,11,0
5.494,-0.0009536508562401,11,0
5.496,-0.0005869119562401,11,0
5.498,-0.0008050144562401,11,0
5.5,-0.0010202492562401,12,0
5.502,-0.0011146292562401,12,0
5.504,-0.0012090092562401,12,0
5.506,-0.0011926137562401,12,0
5.508,-0.0011762182562401,12,0
5.51,-0.0010274245562401,12,0
5.512,-0.0006306413562401,12,0
5.514,-0.0006096720562401,12,0
5.516,-0.0005887027562401,12,0
5.518,-0.0009515938562401,12,0
5.52,-0.0011510744562401,12,0
5.522,-0.0011952031562401,12,0
5.524,-0.0011392346062401,12,0
5.526,-0.0010832660562401,12,0
5.528,-0.0006840749562401,12,0
5.53,-0.0006300182062401,12,0
5.532,-0.0005759614562401,12,0
5.534,-0.0006671712562401,12,0
5.536,-0.0008777354562401,12,0
5.538,-0.0010913488562401,12,0
5.54,-0.0012151439562401,12,0
5.542,-0.0011357679562401,12,0
5.544,-0.0007669236562401,12,0
5.546,-0.0005951520562401,12,0
5.548,-0.0006252689562401,12,0
5.55,-0.0008054863562401,12,0
5.552,-0.0010071026062401,12,0
5.554,-0.0012087188562401,12,0
5.556,-0.0011743185562401,12,0
5.558,-0.0010350475562401,12,0
5.56,-0.0009382173062401,12,0
5.562,-0.0008413870562401,12,0
5.564,-0.0006277978562401,12,0
5.566,-0.0005817694562401,12,0
5.568,-0.0007247430562401,12,0
5.57,-0.0011533855562401,12,0
5.572,-0.0011781966062401,12,0
5.574,-0.0012030076562401,12,0
5.576,-0.0010857586562401,12,0
5.578,-0.0006921577562401,12,0
5.58,-0.0005772561562401,12,0
5.582,-0.0006211731062401,12,0
5.584,-0.0006650900562401,12,0
5.586,-0.0008716854562401,12,0
5.588,-0.0011409225562401,12,0
5.59,-0.0009780565562401,12,0
5.592,-0.0007763132562401,12,0
5.594,-0.0006165327562401,12,0
5.596,-0.0008042279562401,12,0
5.598,-0.0011826554562401,12,0
5.6,-0.0010383629562401,12,0
5.602,-0.0009369347062401,12,0
5.604,-0.0008355064562401,12,0
5.606,-0.0006373568562401,12,0
5.608,-0.0006217317229067,12,0
5.61,-0.0006061065895734,12,0
5.612,-0.0005904814562401,12,0
5.614,-0.0006346343562401,12,0
5.616,-0.0006787872562401,12,0
5.618,-0.0007229401562401,12,0
5.62,-0.0009417444562401,12,0
5.622,-0.0012021364562401,12,0
5.624,-0.0010873074562401,12,0
5.626,-0.0009930424062401,12,0
5.628,-0.0008987773562401,12,0
5.63,-0.0006994419562401,12,0
5.632,-0.0005778974562401,12,0
5.634,-0.0006631056562401,12,0
5.636,-0.0008688661562401,12,0
5.638,-0.0010873558562401,12,0
5.64,-0.0011372320562401,12,0
5.642,-0.0007673108562401,12,0
5.644,-0.0005895376562401,12,0
5.646,-0.0006014198562401,12,0
5.648,-0.0006133020562401,12,0
5.65,-0.0008143133062401,12,0
5.652,-0.0010153245562401,12,0
5.654,-0.0012021848562401,12,0
5.656,-0.0011787834562401,12,0
5.658,-0.0010357009562401,12,0
5.66,-0.0009364628062401,12,0
5.662,-0.0008372246562401,12,0
5.664,-0.0005770625562401,12,0
5.666,-0.0006436004562401,12,0
5.668,-0.0007101383562401,12,0
5.67,-0.0011372441562401,12,0
5.672,-0.0012002972562401,12,0
5.674,-0.0011446554062401,12,0
5.676,-0.0010890135562401,12,0
5.678,-0.0009016692562401,12,0
5.68,-0.0005792889562401,12,0
5.682,-0.0006206165062401,12,0
5.684,-0.0006619440562401,12,0
5.686,-0.0008644496562401,12,0
5.688,-0.0010761875562401,12,0
5.69,-0.0012087793562401,12,0
5.692,-0.0009800651562401,12,0
5.694,-0.0007831981562401,12,0
5.696,-0.0006042028562401,12,0
5.698,-0.0008066419062401,12,0
5.7,-0.0010090809562401,12,0
5.702,-0.0012032859562401,12,0
5.704,-0.0011900969562401,12,0
5.706,-0.0011179930562401,12,0
5.708,-0.0010458891562401,12,0
5.71,-0.0009438982562401,12,0
5.712,-0.0008419073562401,12,0
5.714,-0.0006507878562401,12,0
5.716,-0.0007462084562401,12,0
5.718,-0.0008416290562401,12,0
5.72,-0.0009370496562401,12,0
5.722,-0.0011480252562401,12,0
5.724,-0.0012216900562401,12,0
5.726,-0.0011106725562401,12,0
5.728,-0.0009249738562401,12,0
5.73,-0.0007145185562401,12,0
5.732,-0.0005832335562401,12,0
5.734,-0.0006603710562401,12,0
5.736,-0.0010670641562401,12,0
5.738,-0.0012038667562401,12,0
5.74,-0.0011698294562401,12,0
5.742,-0.0011357921562401,12,0
5.744,-0.0009717645562401,12,0
5.746,-0.0007673834562401,12,0
5.748,-0.0005812733562401,12,0
5.75,-0.0006031622562401,12,0
5.752,-0.0007789631562401,12,0
5.754,-0.0011753228562401,12,0
5.756,-0.0011766417562401,12,0
5.758,-0.0011118402062401,12,0
5.76,-0.0010470386562401,12,0
5.762,-0.0008535959562401,12,0
5.764,-0.0005824954562401,12,0
5.766,-0.0007526033062401,12,0
5.768,-0.0009227111562401,12,0
5.77,-0.0010309396062401,12,0
5.772,-0.0011391680562401,12,0
5.774,-0.0012100619562401,12,0
5.776,-0.0009176412562401,12,0
5.778,-0.0008144645562401,12,0
5.78,-0.0007112878562401,12,0
5.782,-0.0005763486562401,12,0
5.784,-0.0006489123562401,12,0
5.786,-0.0012202017562401,12,0
5.788,-0.0009834168562401,12,0
5.79,-0.0008837189062401,12,0
5.792,-0.0007840209562401,12,0
5.794,-0.0007221012229067,12,0
5.796,-0.0006601814895734,12,0
5.798,-0.0005982617562401,12,0
5.8,-0.0006026419562401,12,0
5.802,-0.0007711465562401,12,0
5.804,-0.0009945246562401,12,0
5.806,-0.0011940899562401,12,0
5.808,-0.0011906172562401,12,0
5.81,-0.0010736223562401,12,0
5.812,-0.0008646432562401,12,0
5.814,-0.0006556399562401,12,0
5.816,-0.0005844919562401,12,0
5.818,-0.0007076941562401,12,0
5.82,-0.0009219367562401,12,0
5.822,-0.0011338682562401,12,0
5.824,-0.0012068796562401,12,0
5.826,-0.0009181615562401,12,0
5.828,-0.0008136841062401,12,0
5.83,-0.0007092066562401,12,0
5.832,-0.0005608485562401,12,0
5.834,-0.0006408537562401,12,0
5.836,-0.0008476548562401,12,0
5.838,-0.0012070006562401,12,0
5.84,-0.0011798361562401,12,0
5.842,-0.0011526716562401,12,0
5.844,-0.0009942826562401,12,0
5.846,-0.0005890294562401,12,0
5.848,-0.0005916551562401,12,0
5.85,-0.0005942808562401,12,0
5.852,-0.0007619021562401,12,0
5.854,-0.0009771732562401,12,0
5.856,-0.0011715960562401,12,0
5.858,-0.0011815785562401,12,0
5.86,-0.0010519028562401,12,0
5.862,-0.0008517809562401,12,0
5.864,-0.0006486945562401,12,0
5.866,-0.0005786355562401,12,0
5.868,-0.0006988611562401,12,0
5.87,-0.0011240793562401,12,0
5.872,-0.0012066134562401,12,0
5.874,-0.0010703856062401,12,0
5.876,-0.0009341577562401,12,0
5.878,-0.0008287607062401,12,0
5.88,-0.0007233636562401,12,0
5.882,-0.0006475329562401,12,0
5.884,-0.0008396325562401,12,0
5.886,-0.0009458766062401,12,0
5.888,-0.0010521206562401,12,0
5.89,-0.0012071700562401,12,0
5.892,-0.0011548254562401,12,0
5.894,-0.0010009497562401,12,0
5.896,-0.0007959394562401,12,0
5.898,-0.0006033558562401,12,0
5.9,-0.0007760712562401,12,0
5.902,-0.0009924918562401,12,0
5.904,-0.0010845184062401,12,0
5.906,-0.0011765449562401,12,0
5.908,-0.0011824981562401,12,0
5.91,-0.0010571542562401,12,0
5.912,-0.0008602025562401,12,0
5.914,-0.0006527843562401,12,0
5.916,-0.0006979052562401,12,0
5.918,-0.0009146283562401,12,0
5.92,-0.0010685706062401,12,0
5.922,-0.0012225128562401,12,0
5.924,-0.0011692789062401,12,0
5.926,-0.0011160449562401,12,0
5.928,-0.0009312053562401,12,0
5.93,-0.0007288328562401,12,0
5.932,-0.0006418701562401,12,0
5.934,-0.0007403823062401,12,0
5.936,-0.0008388944562401,12,0
5.938,-0.0010568638562401,12,0
5.94,-0.0012153254562401,12,0
5.942,-0.0010065883562401,12,0
5.944,-0.0009023045062401,12,0
5.946,-0.0007980206562401,12,0
5.948,-0.0005969791562401,12,0
5.95,-0.0007611277562401,12,0
5.952,-0.0008732947562401,12,0
5.954,-0.0009854617562401,12,0
5.956,-0.0011841195562401,12,0
5.958,-0.0011907503562401,12,0
5.96,-0.0010666285562401,12,0
5.962,-0.0008712377562401,12,0
5.964,-0.0006660338562401,12,0
5.966,-0.0005799302562401,12,0
5.968,-0.0009047184562401,12,0
5.97,-0.0011191425562401,12,0
5.972,-0.0010284046562401,12,0
5.974,-0.0009376667562401,12,0
5.976,-0.0008333103062401,12,0
5.978,-0.0007289538562401,12,0
5.98,-0.0006522943062401,12,0
5.982,-0.0005756347562401,12,0
5.984,-0.0006348400562401,12,0
5.986,-0.0010420655562401,12,0
5.988,-0.0011037997562401,12,0
5.99,-0.0011655339562401,12,0
5.992,-0.0010076289562401,12,0
5.994,-0.0008082209562401,12,0
5.996,-0.0005945591562401,12,0
5.998,-0.0006744312562401,12,0
6.0,-0.0007543033562401,13,0
6.002,-0.0011748267562401,13,0
6.004,-0.0010209510562401,13,0
6.006,-0.0008670753562401,13,0
6.008,-0.0006661669562401,13,0
6.01,-0.0008965630562401,13,0
6.012,-0.0009666543229067,13,0
6.014,-0.0010367455895734,13,0
6.016,-0.0011068368562401,13,0
6.018,-0.0012093238562401,13,0
6.02,-0.0011640396062401,13,0
6.022,-0.0011187553562401,13,0
6.024,-0.0010292153562401,13,0
6.026,-0.0009396753562401,13,0
6.028,-0.0005688224562401,13,0
6.03,-0.0005973966062401,13,0
6.032,-0.0006259707562401,13,0
6.034,-0.0010394156562401,13,0
6.036,-0.0012136556562401,13,0
6.038,-0.0011086639562401,13,0
6.04,-0.0010036722562401,13,0
6.042,-0.0007996118062401,13,0
6.044,-0.0005955513562401,13,0
6.046,-0.0005896284062401,13,0
6.048,-0.0005837054562401,13,0
6.05,-0.0011698778562401,13,0
6.052,-0.0011783922229067,13,0
6.054,-0.0011869065895734,13,0
6.056,-0.0011954209562401,13,0
6.058,-0.0006608550562401,13,0
6.06,-0.0006120557562401,13,0
6.062,-0.0005632564562401,13,0
6.064,-0.0006757864562401,13,0
6.066,-0.0007833191562401,13,0
6.068,-0.0008908518562401,13,0
6.07,-0.0011193966562401,13,0
6.072,-0.0010292577062401,13,0
6.074,-0.0009391187562401,13,0
6.076,-0.0008355004062401,13,0
6.078,-0.0007318820562401,13,0
6.08,-0.0005764454562401,13,0
6.082,-0.0010372739562401,13,0
6.084,-0.0012073999562401,13,0
6.086,-0.0011935010895734,13,0
6.088,-0.0011796022229067,13,0
6.09,-0.0011657033562401,13,0
6.092,-0.0010172726562401,13,0
6.094,-0.0008129762562401,13,0
6.096,-0.0006176580562401,13,0
6.098,-0.0007412958562401,13,0
6.1,-0.0009646860562401,13,0
6.102,-0.0010826126562401,13,0
6.104,-0.0012005392562401,13,0
6.106,-0.0010733682562401,13,0
6.108,-0.0008886617562401,13,0
6.11,-0.0007817945562401,13,0
6.112,-0.0006749273562401,13,0
6.114,-0.0008937679562401,13,0
6.116,-0.0010022505062401,13,0
6.118,-0.0011107330562401,13,0
6.12,-0.0012164144562401,13,0
6.122,-0.0011202799562401,13,0
6.124,-0.0009437530562401,13,0
6.126,-0.0008450231062401,13,0
6.128,-0.0007462931562401,13,0
6.13,-0.0006297822562401,13,0
6.132,-0.0007312105062401,13,0
6.134,-0.0008326387562401,13,0
6.136,-0.0010391494562401,13,0
6.138,-0.0012123609562401,13,0
6.14,-0.0011750566562401,13,0
6.142,-0.0010368262562401,13,0
6.144,-0.0006184929562401,13,0
6.146,-0.0007354152562401,13,0
6.148,-0.0009581641562401,13,0
6.15,-0.0010276988229067,13,0
6.152,-0.0010972334895734,13,0
6.154,-0.0011667681562401,13,0
6.156,-0.0011997043562401,13,0
6.158,-0.0006697243562401,13,0
6.16,-0.0005657611562401,13,0
6.162,-0.0006189648562401,13,0
6.164,-0.0006721685562401,13,0
6.166,-0.0007812258562401,13,0
6.168,-0.0008902831562401,13,0
6.17,-0.0011048887562401,13,0
6.172,-0.0011260395562401,13,0
6.174,-0.0009459915562401,13,0
6.176,-0.0007330557562401,13,0
6.178,-0.0006517135062401,13,0
6.18,-0.0005703712562401,13,0
6.182,-0.0006153227562401,13,0
6.184,-0.0007999566562401,13,0
6.186,-0.0010252223562401,13,0
6.188,-0.0011673973562401,13,0
6.19,-0.0008951897062401,13,0
6.192,-0.0006229820562401,13,0
6.194,-0.0005853631562401,13,0
6.196,-0.0009487019562401,13,0
6.198,-0.0010495373062401,13,0
6.2,-0.0011503726562401,13,0
6.202,-0.0011721466062401,13,0
6.204,-0.0011939205562401,13,0
6.206,-0.0010772039562401,13,0
6.208,-0.0008790180562401,13,0
6.21,-0.0006808321562401,13,0
6.212,-0.0005736140562401,13,0
6.214,-0.0008749524562401,13,0
6.216,-0.0009882145062401,13,0
6.218,-0.0011014765562401,13,0
6.22,-0.0012165354562401,13,0
6.222,-0.0009517269562401,13,0
6.224,-0.0007479024562401,13,0
6.226,-0.0007749943562401,13,0
6.228,-0.0008020862562401,13,0
6.23,-0.0009033178812401,13,0
6.232,-0.0010045495062401,13,0
6.234,-0.0011057811312401,13,0
6.236,-0.0012070127562401,13,0
6.238,-0.0011726850562401,13,0
6.24,-0.0010227660562401,13,0
6.242,-0.0008270969562401,13,0
6.244,-0.0006314278562401,13,0
6.246,-0.0006111119562401,13,0
6.248,-0.0005907960562401,13,0
6.25,-0.0007315069562401,13,0
6.252,-0.0009487745562401,13,0
6.254,-0.0012076903562401,13,0
6.256,-0.0010895822562401,13,0
6.258,-0.0006970824562401,13,0
6.26,-0.0005839232562401,13,0
6.262,-0.0010931517562401,13,0
6.264,-0.0011188255362401,13,0
6.266,-0.0011444993162401,13,0
6.268,-0.0011701730962401,13,0
6.27,-0.0011958468762401,13,0
6.272,-0.0012215206562401,13,0
6.274,-0.0009675174562401,13,0
6.276,-0.0007822422562401,13,0
6.278,-0.0005969670562401,13,0
6.28,-0.0006273380562401,13,0
6.282,-0.0007166723562401,13,0
6.284,-0.0008060066562401,13,0
6.286,-0.0010255248562401,13,0
6.288,-0.0012102192562401,13,0
6.29,-0.0010411943562401,13,0
6.292,-0.0009361421562401,13,0
6.294,-0.0008310899562401,13,0
6.296,-0.0006270476562401,13,0
6.298,-0.0005847218562401,13,0
6.3,-0.0007249850562401,13,0
6.302,-0.0009463545562401,13,0
6.304,-0.0011507235562401,13,0
6.306,-0.0010828546562401,13,0
6.308,-0.0008940099562401,13,0
6.31,-0.0007888912062401,13,0
6.312,-0.0006837724562401,13,0
6.314,-0.0005724403562401,13,0
6.316,-0.0010856255562401,13,0
6.318,-0.0011511773062401,13,0
6.32,-0.0012167290562401,13,0
6.322,-0.0011749961562401,13,0
6.324,-0.0011332632562401,13,0
6.326,-0.0009631372562401,13,0
6.328,-0.0007527908562401,13,0
6.33,-0.0006125881562401,13,0
6.332,-0.0008099633562401,13,0
6.334,-0.0010073385562401,13,0
6.336,-0.0011011680062401,13,0
6.338,-0.0011949974562401,13,0
6.34,-0.0011778517562401,13,0
6.342,-0.0010316716562401,13,0
6.344,-0.0008310294562401,13,0
6.346,-0.0006403213562401,13,0
6.348,-0.0005932402562401,13,0
6.35,-0.0007255537562401,13,0
6.352,-0.0009456648562401,13,0
6.354,-0.0011575721562401,13,0
6.356,-0.0012138371562401,13,0
6.358,-0.0011062076562401,13,0
6.36,-0.0009145557562401,13,0
6.362,-0.0005841168562401,13,0
6.364,-0.0006224012562401,13,0
6.366,-0.0006606856562401,13,0
6.368,-0.0010769619562401,13,0
6.37,-0.0011412008562401,13,0
6.372,-0.0012054397562401,13,0
6.374,-0.0011292944562401,13,0
6.376,-0.0009640689562401,13,0
6.378,-0.0007714127562401,13,0
6.38,-0.0005970517562401,13,0
6.382,-0.0006196666562401,13,0
6.384,-0.0010125294562401,13,0
6.386,-0.0011964615562401,13,0
6.388,-0.0011905991062401,13,0
6.39,-0.0011847366562401,13,0
6.392,-0.0010484785562401,13,0
6.394,-0.0008473402562401,13,0
6.396,-0.0005871418562401,13,0
6.398,-0.0007621986062401,13,0
6.4,-0.0009372553562401,13,0
6.402,-0.0010761452062401,13,0
6.404,-0.0012150350562401,13,0
6.406,-0.0011014160562401,13,0
6.408,-0.0009169152562401,13,0
6.41,-0.0005849517562401,13,0
6.412,-0.0006259102562401,13,0
6.414,-0.0006668687562401,13,0
6.416,-0.0009454773062401,13,0
6.418,-0.0012240858562401,13,0
6.42,-0.0011493683562401,13,0
6.422,-0.0007854003562401,13,0
6.424,-0.0006095389562401,13,0
6.426,-0.0006130993812401,13,0
6.428,-0.0006166598062401,13,0
6.43,-0.0006202202312401,13,0
6.432,-0.0006237806562401,13,0
6.434,-0.0007960604562401,13,0
6.436,-0.0010093834562401,13,0
6.438,-0.0012057785562401,13,0
6.44,-0.0011940657562401,13,0
6.442,-0.0010448364562401,13,0
6.444,-0.0008415806562401,13,0
6.446,-0.0007114814562401,13,0
6.448,-0.0008215007062401,13,0
6.45,-0.0009315199562401,13,0
6.452,-0.0010340856062401,13,0
6.454,-0.0011366512562401,13,0
6.456,-0.0012056817562401,13,0
6.458,-0.0007027331562401,13,0
6.46,-0.0005686288562401,13,0
6.462,-0.0006059271062401,13,0
6.464,-0.0006432253562401,13,0
6.466,-0.0007452223062401,13,0
6.468,-0.0008472192562401,13,0
6.47,-0.0010713112562401,13,0
6.472,-0.0012166201562401,13,0
6.474,-0.0011447582562401,13,0
6.476,-0.0009802950562401,13,0
6.478,-0.0007782492562401,13,0
6.48,-0.0005906387562401,13,0
6.482,-0.0006043359562401,13,0
6.484,-0.0007866345562401,13,0
6.486,-0.0009922377562401,13,0
6.488,-0.0011793763562401,13,0
6.49,-0.0011826675562401,13,0
6.492,-0.0008496271562401,13,0
6.494,-0.0007055887562401,13,0
6.496,-0.0008183002562401,13,0
6.498,-0.0009310117562401,13,0
6.5,-0.0010774762062401,14,1
6.502,-0.0012239406562401,14,1
6.504,-0.0010775669562401,14,1
6.506,-0.0009311932562401,14,1
6.508,-0.0007147484562401,14,1
6.51,-0.0005743521562401,14,1
6.512,-0.0006128604062401,14,1
6.514,-0.0006513686562401,14,1
6.516,-0.0008580850562401,14,1
6.518,-0.0010698108562401,14,1
6.52,-0.0011546318562401,14,1
6.522,-0.0009863208562401,14,1
6.524,-0.0007825205562401,14,1
6.526,-0.0006930834062401,14,1
6.528,-0.0006036462562401,14,1
6.53,-0.0007627007562401,14,1
6.532,-0.0008716673062401,14,1
6.534,-0.0009806338562401,14,1
6.536,-0.0011791222562401,14,1
6.538,-0.0010436506562401,14,1
6.54,-0.0009475524562401,14,1
6.542,-0.0008514542562401,14,1
6.544,-0.0006406117562401,14,1
6.546,-0.0005740012562401,14,1
6.548,-0.0007090735562401,14,1
6.55,-0.0012123972562401,14,1
6.552,-0.0010984273562401,14,1
6.554,-0.0009130916562401,14,1
6.556,-0.0007104650562401,14,1
6.558,-0.0005706253562401,14,1
6.56,-0.0006053463062401,14,1
6.562,-0.0006400672562401,14,1
6.564,-0.0008413023562401,14,1
6.566,-0.0010306915562401,14,1
6.568,-0.0012200807562401,14,1
6.57,-0.0011838412562401,14,1
6.572,-0.0011476017562401,14,1
6.574,-0.0009925523562401,14,1
6.576,-0.0007876267562401,14,1
6.578,-0.0005966403562401,14,1
6.58,-0.0007757566562401,14,1
6.582,-0.0009798413062401,14,1
6.584,-0.0011839259562401,14,1
6.586,-0.0010677054562401,14,1
6.588,-0.0009640326562401,14,1
6.59,-0.0008603598562401,14,1
6.592,-0.0006576848562401,14,1
6.594,-0.0005811160562401,14,1
6.596,-0.0006960539562401,14,1
6.598,-0.0009145799562401,14,1
6.6,-0.0010273398562401,14,1
6.602,-0.0011400997562401,14,1
6.604,-0.0011150406562401,14,1
6.606,-0.0010265836062401,14,1
6.608,-0.0009381265562401,14,1
6.61,-0.0007290627562401,14,1
6.612,-0.0008450049562401,14,1
6.614,-0.0012193547562401,14,1
6.616,-0.0011998374562401,14,1
6.618,-0.0011803201562401,14,1
6.62,-0.0011608028562401,14,1
6.622,-0.0009957346562401,14,1
6.624,-0.0008936832562401,14,1
6.626,-0.0007916318562401,14,1
6.628,-0.0005927804562401,14,1
6.63,-0.0007561546562401,14,1
6.632,-0.0008801736062401,14,1
6.634,-0.0010041925562401,14,1
6.636,-0.0012089729562401,14,1
6.638,-0.0010735981562401,14,1
6.64,-0.0009784377062401,14,1
6.642,-0.0008832772562401,14,1
6.644,-0.0006777224562401,14,1
6.646,-0.0005922117562401,14,1
6.648,-0.0007199635562401,14,1
6.65,-0.0009572566562401,14,1
6.652,-0.0012406870562401,14,1
6.654,-0.0011719187229067,14,1
6.656,-0.0011031503895734,14,1
6.658,-0.0010343820562401,14,1
6.66,-0.0007765673562401,14,1
6.662,-0.0006762825562401,14,1
6.664,-0.0009180284562401,14,1
6.666,-0.0011495135562401,14,1
6.668,-0.0012566711562401,14,1
6.67,-0.0013638287562401,14,1
6.672,-0.0013421818562401,14,1
6.674,-0.0012437725562401,14,1
6.676,-0.0010828183562401,14,1
6.678,-0.0009610923562401,14,1
6.68,-0.0010974351562401,14,1
6.682,-0.0012449462562401,14,1
6.684,-0.0014722810562401,14,1
6.686,-0.0015046062062401,14,1
6.688,-0.0015369313562401,14,1
6.69,-0.0012602890562401,14,1
6.692,-0.0011646204062401,14,1
6.694,-0.0010689517562401,14,1
6.696,-0.0011205098562401,14,1
6.698,-0.0015698675562401,14,1
6.7,-0.0014446204562401,14,1
6.702,-0.0013193733562401,14,1
6.704,-0.0011941262562401,14,1
6.706,-0.0011530255812401,14,1
6.708,-0.0011119249062401,14,1
6.71,-0.0010708242312401,14,1
6.712,-0.0010297235562401,14,1
6.714,-0.0010839194562401,14,1
6.716,-0.0012830612562401,14,1
6.718,-0.0015007523562401,14,1
6.72,-0.0016645016562401,14,1
6.722,-0.0014333311562401,14,1
6.724,-0.0010107507562401,14,1
6.726,-0.0010015305562401,14,1
6.728,-0.0009923103562401,14,1
6.73,-0.0011431489562401,14,1
6.732,-0.0012474812062401,14,1
6.734,-0.0013518134562401,14,1
6.736,-0.0015492249562401,14,1
6.738,-0.0015725779562401,14,1
6.74,-0.0012202985562401,14,1
6.742,-0.0009954200562401,14,1
6.744,-0.0010894007562401,14,1
6.746,-0.0011833814562401,14,1
6.748,-0.0012878568895734,14,1
6.75,-0.0013923323229067,14,1
6.752,-0.0014968077562401,14,1
6.754,-0.0014433862562401,14,1
6.756,-0.0013899647562401,14,1
6.758,-0.0009761568562401,14,1
6.76,-0.0008895632062401,14,1
6.762,-0.0008029695562401,14,1
6.764,-0.0010368504562401,14,1
6.766,-0.0011382121562401,14,1
6.768,-0.0012395738562401,14,1
6.77,-0.0014045573562401,14,1
6.772,-0.0013516077562401,14,1
6.774,-0.0009718613562401,14,1
6.776,-0.0008536988062401,14,1
6.778,-0.0007355362562401,14,1
6.78,-0.0009175081562401,14,1
6.782,-0.0010994800562401,14,1
6.784,-0.0013098869562401,14,1
6.786,-0.0013306989562401,14,1
6.788,-0.0012616442562401,14,1
6.79,-0.0011925895562401,14,1
6.792,-0.0009913060562401,14,1
6.794,-0.0006603710562401,14,1
6.796,-0.0007617569562401,14,1
6.798,-0.0008714858062401,14,1
6.8,-0.0009812146562401,14,1
6.802,-0.0011777670562401,14,1
6.804,-0.0010003931562401,14,1
6.806,-0.0008949598062401,14,1
6.808,-0.0007895264562401,14,1
6.81,-0.0006216510562401,14,1
6.812,-0.0007376114062401,14,1
6.814,-0.0008535717562401,14,1
6.816,-0.0010698592562401,14,1
6.818,-0.0011566586062401,14,1
6.82,-0.0012434579562401,14,1
6.822,-0.0011942835562401,14,1
6.824,-0.0010368867562401,14,1
6.826,-0.0008275567562401,14,1
6.828,-0.0006277373562401,14,1
6.83,-0.0005933491562401,14,1
6.832,-0.0007400253562401,14,1
6.834,-0.0009589748562401,14,1
6.836,-0.0011772104562401,14,1
6.838,-0.0012093722562401,14,1
6.84,-0.0010814147562401,14,1
6.842,-0.0006750120562401,14,1
6.844,-0.0006690528062401,14,1
6.846,-0.0006630935562401,14,1
6.848,-0.0008858243062401,14,1
6.85,-0.0011085550562401,14,1
6.852,-0.0011340860562401,14,1
6.854,-0.0010441709562401,14,1
6.856,-0.0009542558562401,14,1
6.858,-0.0008457370062401,14,1
6.86,-0.0007372181562401,14,1
6.862,-0.0005778611562401,14,1
6.864,-0.0006160124562401,14,1
6.866,-0.0010334382562401,14,1
6.868,-0.0011261000562401,14,1
6.87,-0.0012187618562401,14,1
6.872,-0.0011770410562401,14,1
6.874,-0.0010289007562401,14,1
6.876,-0.0008556650562401,14,1
6.878,-0.0006370543562401,14,1
6.88,-0.0006013472562401,14,1
6.882,-0.0007817824562401,14,1
6.884,-0.0009818196562401,14,1
6.886,-0.0011783720562401,14,1
6.888,-0.0012182899562401,14,1
6.89,-0.0009269461562401,14,1
6.892,-0.0008710623062401,14,1
6.894,-0.0008151784562401,14,1
6.896,-0.0009293903562401,14,1
6.898,-0.0010436022562401,14,1
6.9,-0.0012255862562401,14,1
6.902,-0.0013258589562401,14,1
6.904,-0.0012565259562401,14,1
6.906,-0.0011028075562401,14,1
6.908,-0.0008076643562401,14,1
6.91,-0.0008709352562401,14,1
6.912,-0.0010960315562401,14,1
6.914,-0.0012271108562401,14,1
6.916,-0.0013581901562401,14,1
6.918,-0.0015981815562401,14,1
6.92,-0.0015873641562401,14,1
6.922,-0.0013347524562401,14,1
6.924,-0.0011356227562401,14,1
6.926,-0.0009875792562401,14,1
6.928,-0.0009660170562401,14,1
6.93,-0.0016016421562401,14,1
6.932,-0.0016630375562401,14,1
6.934,-0.0016238537229067,14,1
6.936,-0.0015846698895734,14,1
6.938,-0.0015454860562401,14,1
6.94,-0.0011677482562401,14,1
6.942,-0.0011854747562401,14,1
6.944,-0.0015989559562401,14,1
6.946,-0.0016469687562401,14,1
6.948,-0.0016949815562401,14,1
6.95,-0.0016789611562401,14,1
6.952,-0.0016629407562401,14,1
6.954,-0.0016469203562401,14,1
6.956,-0.0013256895562401,14,1
6.958,-0.0010830603562401,14,1
6.96,-0.0011835266562401,14,1
6.962,-0.0012839929562401,14,1
6.964,-0.0017517789562401,14,1
6.966,-0.0015792450562401,14,1
6.968,-0.0014810535562401,14,1
6.97,-0.0013828620562401,14,1
6.972,-0.0012846705562401,14,1
6.974,-0.0011864790562401,14,1
6.976,-0.0011476017562401,14,1
6.978,-0.0013054583562401,14,1
6.98,-0.0015283766562401,14,1
6.982,-0.0017366781562401,14,1
6.984,-0.0017655729562401,14,1
6.986,-0.0017944677562401,14,1
6.988,-0.0016658689562401,14,1
6.99,-0.0014658680562401,14,1
6.992,-0.0011280118562401,14,1
6.994,-0.0011668649562401,14,1
6.996,-0.0012057180562401,14,1
6.998,-0.0017886597562401,14,1
7.0,-0.0016731047562401,15,0
7.002,-0.0016121489895734,15,0
7.004,-0.0015511932229067,15,0
7.006,-0.0014902374562401,15,0
7.008,-0.0012806533562401,15,0
7.01,-0.0011000245562401,15,0
7.012,-0.0011266082562401,15,0
7.014,-0.0013166750562401,15,0
7.016,-0.0017354802562401,15,0
7.018,-0.0017018422562401,15,0
7.02,-0.0016220246062401,15,0
7.022,-0.0015422069562401,15,0
7.024,-0.0013341232562401,15,0
7.026,-0.0011271406562401,15,0
7.028,-0.0010614618562401,15,0
7.03,-0.0014129305562401,15,0
7.032,-0.0015177831062401,15,0
7.034,-0.0016226356562401,15,0
7.036,-0.0016668490562401,15,0
7.038,-0.0015343298562401,15,0
7.04,-0.0013262582562401,15,0
7.042,-0.0010912883562401,15,0
7.044,-0.0009456043562401,15,0
7.046,-0.0010209510562401,15,0
7.048,-0.0014371789562401,15,0
7.05,-0.0014683364562401,15,0
7.052,-0.0010616796562401,15,0
7.054,-0.0009592773562401,15,0
7.056,-0.0008568750562401,15,0
7.058,-0.0014627825562401,15,0
7.06,-0.0012698722562401,15,0
7.062,-0.0010451752562401,15,0
7.064,-0.0008295048562401,15,0
7.066,-0.0008187580395734,15,0
7.068,-0.0008080112229067,15,0
7.07,-0.0007972644062401,15,0
7.072,-0.0007865175895734,15,0
7.074,-0.0007757707729067,15,0
7.076,-0.0007650239562401,15,0
7.078,-0.0008930419562401,15,0
7.08,-0.0011150285562401,15,0
7.082,-0.0012532771062401,15,0
7.084,-0.0013915256562401,15,0
7.086,-0.0010535726562401,15,0
7.088,-0.0009771813229067,15,0
7.09,-0.0009007899895734,15,0
7.092,-0.0008243986562401,15,0
7.094,-0.0007683151562401,15,0
7.096,-0.0008745894562401,15,0
7.098,-0.0009808637562401,15,0
7.1,-0.0012092149562401,15,0
7.102,-0.0013429199562401,15,0
7.104,-0.0012584014562401,15,0
7.106,-0.0010851052562401,15,0
7.108,-0.0008705117562401,15,0
7.11,-0.0006807595562401,15,0
7.112,-0.0006987885562401,15,0
7.114,-0.0008760777562401,15,0
7.116,-0.0011032673562401,15,0
7.118,-0.0013080598562401,15,0
7.12,-0.0012911924562401,15,0
7.122,-0.0011414186562401,15,0
7.124,-0.0009320039562401,15,0
7.126,-0.0007163093562401,15,0
7.128,-0.0006525907562401,15,0
7.13,-0.0007861505562401,15,0
7.132,-0.0010111258562401,15,0
7.134,-0.0012946046562401,15,0
7.136,-0.0012375531562401,15,0
7.138,-0.0011805016562401,15,0
7.14,-0.0009826061562401,15,0
7.142,-0.0007666090562401,15,0
7.144,-0.0006308833562401,15,0
7.146,-0.0007112878562401,15,0
7.148,-0.0009270429562401,15,0
7.15,-0.0011524054562401,15,0
7.152,-0.0012265663562401,15,0
7.154,-0.0008280891562401,15,0
7.156,-0.0008383499562401,15,0
7.158,-0.0011129594562401,15,0
7.16,-0.0008954014562401,15,0
7.162,-0.0006818243562401,15,0
7.164,-0.0009867685562401,15,0
7.166,-0.0011323557562401,15,0
7.168,-0.0012779429562401,15,0
7.17,-0.0011619886562401,15,0
7.172,-0.0010951603562401,15,0
7.174,-0.0010283320562401,15,0
7.176,-0.0009615037562401,15,0
7.178,-0.0009078886562401,15,0
7.18,-0.0008542735562401,15,0
7.182,-0.0008006584562401,15,0
7.184,-0.0007470433562401,15,0
7.186,-0.0006133141562401,15,0
7.188,-0.0011300688562401,15,0
7.19,-0.0012118285562401,15,0
7.192,-0.0012935882562401,15,0
7.194,-0.0012691381895734,15,0
7.196,-0.0012446881229067,15,0
7.198,-0.0012202380562401,15,0
7.2,-0.0011762636312401,15,0
7.202,-0.0011322892062401,15,0
7.204,-0.0010883147812401,15,0
7.206,-0.0010443403562401,15,0
7.208,-0.0008264556562401,15,0
7.21,-0.0006377803562401,15,0
7.211999999999998,-0.0007275139562401,15,0
7.214,-0.0008172475562401,15,0
7.216,-0.0010461916562401,15,0
7.218,-0.0012475477562401,15,0
7.219999999999998,-0.0012418728562401,15,0
7.222,-0.0011003633562401,15,0
7.224,-0.0008917714562401,15,0
7.226,-0.0006771295562401,15,0
7.227999999999998,-0.0006035736562401,15,0
7.23,-0.0007333582562401,15,0
7.232,-0.0009652063562401,15,0
7.234,-0.0011997406562401,15,0
7.235999999999998,-0.0011561806562401,15,0
7.238,-0.0009596524562401,15,0
7.24,-0.0007398196562401,15,0
7.242,-0.0006055338562401,15,0
7.243999999999998,-0.0006837845562401,15,0
7.246,-0.0008993097562401,15,0
7.248,-0.0010122088062401,15,0
7.25,-0.0011251078562401,15,0
7.251999999999998,-0.0012169468562401,15,0
7.253999999999999,-0.0008331106562401,15,0
7.256,-0.0010408434562401,15,0
7.258,-0.0011055179562401,15,0
7.259999999999998,-0.0008881777562401,15,0
7.261999999999999,-0.0009618909562401,15,0
7.264,-0.0011782147562401,15,0
7.266,-0.0012669440562401,15,0
7.267999999999998,-0.0012456891962401,15,0
7.269999999999999,-0.0012244343362401,15,0
7.272,-0.0012031794762401,15,0
7.274,-0.0011819246162401,15,0
7.276,-0.0011606697562401,15,0
7.277999999999999,-0.0009536629562401,15,0
7.28,-0.0007466561562401,15,0
7.282,-0.0006692161562401,15,0
7.284,-0.0007043868229067,15,0
7.285999999999999,-0.0007395574895734,15,0
7.288,-0.0007747281562401,15,0
7.29,-0.0008098988229067,15,0
7.292,-0.0008450694895734,15,0
7.293999999999999,-0.0008802401562401,15,0
7.296,-0.0009584222895734,15,0
7.298,-0.0010366044229067,15,0
7.3,-0.0011147865562401,15,0
7.301999999999999,-0.0012732844562401,15,0
7.304,-0.0012079928562401,15,0
7.306,-0.0010467603562401,15,0
7.308,-0.0008259716562401,15,0
7.309999999999999,-0.0006213122562401,15,0
7.312,-0.0006285117562401,15,0
7.314,-0.0010366689562401,15,0
7.316,-0.0011437055562401,15,0
7.317999999999999,-0.0012507421562401,15,0
7.32,-0.0012585103562401,15,0
7.322,-0.0011179930562401,15,0
7.324,-0.0009111193562401,15,0
7.325999999999999,-0.0006894231562401,15,0
7.328,-0.0006076150562401,15,0
7.33,-0.0009666583562401,15,0
7.332,-0.0012862556562401,15,0
7.333999999999999,-0.0011833007895734,15,0
7.336,-0.0010803459229067,15,0
7.338,-0.0009773910562401,15,0
7.34,-0.0010098432562401,15,0
7.341999999999999,-0.0010422954562401,15,0
7.344,-0.0010747476562401,15,0
7.346,-0.0011071998562401,15,0
7.348,-0.0010507170562401,15,0
7.349999999999999,-0.0009500874062401,15,0
7.352,-0.0008494577562401,15,0
7.354,-0.0006362436562401,15,0
7.356,-0.0008118388562401,15,0
7.357999999999999,-0.0009525013562401,15,0
7.36,-0.0010931638562401,15,0
7.362,-0.0012338263562401,15,0
7.364,-0.0012505364562401,15,0
7.365999999999999,-0.0011333197229067,15,0
7.368,-0.0010161029895734,15,0
7.37,-0.0008988862562401,15,0
7.372,-0.0007910631562401,15,0
7.373999999999999,-0.0006832400562401,15,0
7.376,-0.0005919697562401,15,0
7.378,-0.0007157527562401,15,0
7.38,-0.0011809372562401,15,0
7.381999999999999,-0.0011701198562401,15,0
7.384,-0.0010753889562401,15,0
7.386,-0.0009806580562401,15,0
7.388,-0.0008700519562401,15,0
7.389999999999999,-0.0007594458562401,15,0
7.392,-0.0005989514562401,15,0
7.394,-0.0006651747562401,15,0
7.396,-0.0008709110562401,15,0
7.397999999999999,-0.0010968180562401,15,0
7.4,-0.0012747606562401,15,0
7.402,-0.0012156763562401,15,0
7.404,-0.0010540082562401,15,0
7.405999999999999,-0.0008422582562401,15,0
7.408,-0.0006401519562401,15,0
7.41,-0.0006226311562401,15,0
7.412,-0.0007857028562401,15,0
7.413999999999999,-0.0010103756562401,15,0
7.416,-0.0012519521562401,15,0
7.418,-0.0011157303562401,15,0
7.42,-0.0009008222562401,15,0
7.421999999999999,-0.0007913838062401,15,0
7.424,-0.0006819453562401,15,0
7.426,-0.0007134537562401,15,0
7.428,-0.0008288817062401,15,0
7.429999999999999,-0.0009443096562401,15,0
7.432,-0.0011738224562401,15,0
7.434,-0.0012658187562401,15,0
7.436,-0.0009813235562401,15,0
7.437999999999999,-0.0008745410562401,15,0
7.44,-0.0007677585562401,15,0
7.442,-0.0006612180562401,15,0
7.444,-0.0007665304062401,15,0
7.445999999999999,-0.0008718427562401,15,0
7.448,-0.0010899936562401,15,0
7.45,-0.0012071216562401,15,0
7.452,-0.0011275399562401,15,0
7.453999999999998,-0.0010479582562401,15,0
7.456,-0.0008304970562401,15,0
7.458,-0.0006245066562401,15,0
7.46,-0.0007749096562401,15,0
7.461999999999998,-0.0010121180562401,15,0
7.464,-0.0011191486062401,15,0
7.466,-0.0012261791562401,15,0
7.468,-0.0012488061562401,15,0
7.469999999999998,-0.0011161054562401,15,0
7.472,-0.0009103207562401,15,0
7.474,-0.0006954126562401,15,0
7.476,-0.0005995201562401,15,0
7.477999999999998,-0.0007218269562401,15,0
7.48,-0.0009556110562401,15,0
7.482,-0.0012674159562401,15,0
7.484,-0.0010140843062401,15,0
7.485999999999998,-0.0007607526562401,15,0
7.488,-0.0009261899062401,15,0
7.49,-0.0010916271562401,15,0
7.492,-0.0011476501562401,15,0
7.493999999999998,-0.0012036731562401,15,0
7.496,-0.0012596961562401,15,0
7.498,-0.0012079081562401,15,0
7.5,-0.0011299902062401,16,0
7.501999999999998,-0.0010520722562401,16,0
7.503999999999999,-0.0008405158562401,16,0
7.506,-0.0006372963562401,16,0
7.508,-0.0007831134562401,16,0
7.509999999999998,-0.0009011308062401,16,0
7.511999999999999,-0.0010191481562401,16,0
7.514,-0.0012651048562401,16,0
7.516,-0.0010944283062401,16,0
7.517999999999998,-0.0009237517562401,16,0
7.519999999999999,-0.0008141620562401,16,0
7.522,-0.0007045723562401,16,0
7.524,-0.0005967008562401,16,0
7.526,-0.0007094728562401,16,0
7.527999999999999,-0.0009342424562401,16,0
7.53,-0.0011592177562401,16,0
7.532,-0.0009767013562401,16,0
7.534,-0.0008685757562401,16,0
7.535999999999999,-0.0007604501562401,16,0
7.538,-0.0006777406062401,16,0
7.54,-0.0005950310562401,16,0
7.542,-0.0006493479562401,16,0
7.543999999999999,-0.0008485865562401,16,0
7.546,-0.0012651411562401,16,0
7.548,-0.0012424536562401,16,0
7.55,-0.0012197661562401,16,0
7.551999999999999,-0.0010589208562401,16,0
7.554,-0.0008455615562401,16,0
7.556,-0.0006432132562401,16,0
7.558,-0.0006256319562401,16,0
7.559999999999999,-0.0007905549562401,16,0
7.562,-0.0010128924562401,16,0
7.564,-0.0012274496562401,16,0
7.566,-0.0012638585562401,16,0
7.567999999999999,-0.0011413218562401,16,0
7.57,-0.0009356460562401,16,0
7.572,-0.0007099326562401,16,0
7.574,-0.0005971606562401,16,0
7.575999999999999,-0.0007054677562401,16,0
7.578,-0.0009339883562401,16,0
7.58,-0.0011658243562401,16,0
7.582,-0.0010009134562401,16,0
7.583999999999999,-0.0008941491062401,16,0
7.586,-0.0007873847562401,16,0
7.588,-0.0006991031562401,16,0
7.59,-0.0006108215562401,16,0
7.591999999999999,-0.0006545993562401,16,0
7.594,-0.0010809912562401,16,0
7.596,-0.0011545108562401,16,0
7.598,-0.0012280304562401,16,0
7.599999999999999,-0.0008547091562401,16,0
7.602,-0.0006444111562401,16,0
7.604,-0.0006353240562401,16,0
7.606,-0.0006262369562401,16,0
7.607999999999999,-0.0006171498562401,16,0
7.61,-0.0007726106562401,16,0
7.612,-0.0010079798562401,16,0
7.614,-0.0012315031562401,16,0
7.615999999999999,-0.0012706345562401,16,0
7.618,-0.0011438386562401,16,0
7.62,-0.0007219116562401,16,0
7.622,-0.0006673890562401,16,0
7.623999999999999,-0.0006128664562401,16,0
7.626,-0.0009348595562401,16,0
7.628,-0.0011053727562401,16,0
7.63,-0.0012758859562401,16,0
7.631999999999999,-0.0010051726562401,16,0
7.634,-0.0007833433562401,16,0
7.636,-0.0006015892562401,16,0
7.638,-0.0006441570562401,16,0
7.639999999999999,-0.0010704521562401,16,0
7.642,-0.0011650741562401,16,0
7.644,-0.0012596961562401,16,0
7.646,-0.0012404753062401,16,0
7.647999999999999,-0.0012212544562401,16,0
7.65,-0.0010410733562401,16,0
7.652,-0.0008608922562401,16,0
7.654,-0.0006597539562401,16,0
7.655999999999999,-0.0006234055562401,16,0
7.658,-0.0007748370562401,16,0
7.66,-0.0008872642062401,16,0
7.662,-0.0009996913562401,16,0
7.663999999999999,-0.0012218473562401,16,0
7.666,-0.0012674522562401,16,0
7.668,-0.0011405232562401,16,0
7.67,-0.0009410789562401,16,0
7.671999999999999,-0.0007219842562401,16,0
7.674,-0.0006029081562401,16,0
7.676,-0.0009174597562401,16,0
7.678,-0.0011562774562401,16,0
7.679999999999999,-0.0012768297562401,16,0
7.682,-0.0011897702562401,16,0
7.684,-0.0011020089562401,16,0
7.686,-0.0010142476562401,16,0
7.687999999999999,-0.0006306050562401,16,0
7.69,-0.0008509218562401,16,0
7.692,-0.0009576801562401,16,0
7.694,-0.0010644384562401,16,0
7.695999999999999,-0.0012520489562401,16,0
7.698,-0.0012403664062401,16,0
7.7,-0.0012286838562401,16,0
7.702,-0.0010779057562401,16,0
7.703999999999998,-0.0006601895562401,16,0
7.706,-0.0007663912562401,16,0
7.708,-0.0009931694562401,16,0
7.71,-0.0012170920562401,16,0
7.711999999999998,-0.0012337819895734,16,0
7.714,-0.0012504719229067,16,0
7.716,-0.0012671618562401,16,0
7.718,-0.0009453139562401,16,0
7.719999999999998,-0.0007833554562401,16,0
7.722,-0.0006213969562401,16,0
7.724,-0.0007119896562401,16,0
7.726,-0.0008194618562401,16,0
7.727999999999998,-0.0009269340562401,16,0
7.73,-0.0010206727562401,16,0
7.732,-0.0008224687062401,16,0
7.734,-0.0006242646562401,16,0
7.735999999999998,-0.0006397284562401,16,0
7.738,-0.0006551922562401,16,0
7.74,-0.0007500865062401,16,0
7.742,-0.0008449807562401,16,0
7.743999999999998,-0.0009608201062401,16,0
7.746,-0.0010766594562401,16,0
7.748,-0.0012706829562401,16,0
7.75,-0.0012419212562401,16,0
7.751999999999998,-0.0011048161562401,16,0
7.753999999999999,-0.0008866410562401,16,0
7.756,-0.0006266120562401,16,0
7.758,-0.0006996053062401,16,0
7.759999999999998,-0.0007725985562401,16,0
7.761999999999999,-0.0010022202562401,16,0
7.764,-0.0012207099562401,16,0
7.766,-0.0012769265562401,16,0
7.767999999999998,-0.0011520545562401,16,0
7.769999999999999,-0.0009524045562401,16,0
7.772,-0.0007365889562401,16,0
7.774,-0.0007012811562401,16,0
7.776,-0.0009153664562401,16,0
7.777999999999999,-0.0010289128562401,16,0
7.78,-0.0011424592562401,16,0
7.782,-0.0012876471562401,16,0
7.784,-0.0012044596562401,16,0
7.785999999999999,-0.0010243753562401,16,0
7.788,-0.0008099028562401,16,0
7.79,-0.0006570314562401,16,0
7.792,-0.0007477330562401,16,0
7.793999999999999,-0.0008384346562401,16,0
7.796,-0.0010576987562401,16,0
7.798,-0.0012541906562401,16,0
7.8,-0.0012398521562401,16,0
7.801999999999999,-0.0010944706562401,16,0
7.804,-0.0008870524562401,16,0
7.806,-0.0006751572562401,16,0
7.808,-0.0006230304562401,16,0
7.809999999999999,-0.0007692952562401,16,0
7.812,-0.0009975254562401,16,0
7.814,-0.0012123730562401,16,0
7.816,-0.0012687590562401,16,0
7.817999999999999,-0.0011495861562401,16,0
7.82,-0.0007360686562401,16,0
7.822,-0.0006074577562401,16,0
7.824,-0.0006898708562401,16,0
7.825999999999999,-0.0007948625562401,16,0
7.828,-0.0008998542562401,16,0
7.83,-0.0011245875562401,16,0
7.832,-0.0012733086562401,16,0
7.833999999999999,-0.0011998495562401,16,0
7.836,-0.0010235404562401,16,0
7.838,-0.0008145250562401,16,0
7.84,-0.0006280398562401,16,0
7.841999999999999,-0.0008383741562401,16,0
7.844,-0.0010609657562401,16,0
7.846,-0.0011605669062401,16,0
7.848,-0.0012601680562401,16,0
7.849999999999999,-0.0012451277562401,16,0
7.852,-0.0011040054562401,16,0
7.854,-0.0008937437562401,16,0
7.856,-0.0006834699562401,16,0
7.857999999999999,-0.0006287053562401,16,0
7.86,-0.0007653264562401,16,0
7.862,-0.0009870589562401,16,0
7.864,-0.0012028987562401,16,0
7.865999999999999,-0.0012705619562401,16,0
7.868,-0.0010033516062401,16,0
7.87,-0.0007361412562401,16,0
7.872,-0.0006134593562401,16,0
7.873999999999999,-0.0006942268562401,16,0
7.876,-0.0009059647562401,16,0
7.878,-0.0012803387562401,16,0
7.88,-0.0011559749562401,16,0
7.881999999999999,-0.0010316111562401,16,0
7.884,-0.0009252642562401,16,0
7.886,-0.0008189173562401,16,0
7.888,-0.0008337761562401,16,0
7.889999999999999,-0.0009084250895734,16,0
7.892,-0.0009830740229067,16,0
7.894,-0.0010577229562401,16,0
7.896,-0.0012632293562401,16,0
7.897999999999999,-0.0012509599562401,16,0
7.9,-0.0011026744562401,16,0
7.902,-0.0008943729562401,16,0
7.904,-0.0006878017562401,16,0
7.905999999999999,-0.0006242767562401,16,0
7.908,-0.0007579454562401,16,0
7.91,-0.0009840218562401,16,0
7.912,-0.0012729335562401,16,0
7.913999999999999,-0.0012157610562401,16,0
7.916,-0.0011585885562401,16,0
7.918,-0.0009608019562401,16,0
7.92,-0.0007494754562401,16,0
7.921999999999999,-0.0006147540562401,16,0
7.924,-0.0006935976562401,16,0
7.926,-0.0009067754562401,16,0
7.928,-0.0011353323562401,16,0
7.929999999999999,-0.0012019912562401,16,0
7.932,-0.0011185496562401,16,0
7.934,-0.0010351080562401,16,0
7.936,-0.0008260563562401,16,0
7.937999999999999,-0.0006323716562401,16,0
7.94,-0.0006446289562401,16,0
7.942,-0.0008269638562401,16,0
7.944,-0.0010522537562401,16,0
7.945999999999999,-0.0011120398562401,16,0
7.948,-0.0010438281229067,16,0
7.95,-0.0009756163895734,16,0
7.952,-0.0009074046562401,16,0
7.953999999999998,-0.0006945898562401,16,0
7.956,-0.0007604501562401,16,0
7.958,-0.0009805491562401,16,0
7.96,-0.0011956871562401,16,0
7.961999999999998,-0.0011844946562401,16,0
7.964,-0.0011733021562401,16,0
7.966,-0.0010799083062401,16,0
7.968,-0.0009865144562401,16,0
7.969999999999998,-0.0006294071562401,16,0
7.972,-0.0006643338062401,16,0
7.974,-0.0006992604562401,16,0
7.976,-0.0011401360562401,16,0
7.977999999999998,-0.0012894621562401,16,0
7.98,-0.0012142727562401,16,0
7.982,-0.0011302503562401,16,0
7.984,-0.0010462279562401,16,0
7.985999999999998,-0.0008321426562401,16,0
7.988,-0.0006397284562401,16,0
7.99,-0.0006442659562401,16,0
7.992,-0.0008275809562401,16,0
7.993999999999998,-0.0010507049562401,16,0
7.996,-0.0012549408562401,16,0
7.998,-0.0012560661562401,16,0
8.0,-0.0006869184562401,17,0
8.002,-0.0006185655562401,17,0
8.003999999999998,-0.0006837119562401,17,0
8.006,-0.0007488583562401,17,0
8.008,-0.0008602388562401,17,0
8.009999999999998,-0.0009716193562401,17,0
8.012,-0.0012771201562401,17,0
8.013999999999998,-0.0011636584562401,17,0
8.016,-0.0009715830562401,17,0
8.018,-0.0008662767562401,17,0
8.019999999999998,-0.0007609704562401,17,0
8.022,-0.0006143063562401,17,0
8.024,-0.0009075740562401,17,0
8.026,-0.0010147377062401,17,0
8.028,-0.0011219013562401,17,0
8.029999999999998,-0.0012835089562401,17,0
8.032,-0.0012215327562401,17,0
8.034,-0.0010571300562401,17,0
8.035999999999998,-0.0006440239562401,17,0
8.038,-0.0006460809562401,17,0
8.04,-0.0006481379562401,17,0
8.042,-0.0008188084562401,17,0
8.044,-0.0010459375562401,17,0
8.045999999999998,-0.0011253982562401,17,0
8.048,-0.0009222392562401,17,0
8.05,-0.0008512243562401,17,0
8.051999999999998,-0.0007802094562401,17,0
8.054,-0.0007091945562401,17,0
8.056,-0.0006264063562401,17,0
8.058,-0.0007494996562401,17,0
8.06,-0.0009746201562401,17,0
8.061999999999998,-0.0011922023562401,17,0
8.064,-0.0012850577562401,17,0
8.066,-0.0011836839562401,17,0
8.067999999999998,-0.0009948271562401,17,0
8.07,-0.0007750185562401,17,0
8.072,-0.0006330250562401,17,0
8.074,-0.0007000348562401,17,0
8.076,-0.0009020201562401,17,0
8.077999999999998,-0.0011292339562401,17,0
8.08,-0.0012254289562401,17,0
8.082,-0.0011435361562401,17,0
8.083999999999998,-0.0010616433562401,17,0
8.086,-0.0008531724562401,17,0
8.088,-0.0006544057562401,17,0
8.09,-0.0006475208562401,17,0
8.092,-0.0008155293562401,17,0
8.093999999999998,-0.0012629147562401,17,0
8.096,-0.0011942956562401,17,0
8.098,-0.0011256765562401,17,0
8.099999999999998,-0.0009205089562401,17,0
8.102,-0.0007153413562401,17,0
8.104,-0.0006734511562401,17,0
8.106,-0.0006315609562401,17,0
8.108,-0.0007488704562401,17,0
8.109999999999998,-0.0009713410562401,17,0
8.112,-0.0012869090562401,17,0
8.114,-0.0011802717562401,17,0
8.115999999999998,-0.0009962670562401,17,0
8.118,-0.0008904646562401,17,0
8.12,-0.0007846622562401,17,0
8.122,-0.0006311616562401,17,0
8.124,-0.0006957635562401,17,0
8.125999999999998,-0.0009936050562401,17,0
8.128,-0.0012914465562401,17,0
8.13,-0.0012327978562401,17,0
8.131999999999998,-0.0010649466562401,17,0
8.134,-0.0008595007562401,17,0
8.136,-0.0006610002562401,17,0
8.138,-0.0010523989562401,17,0
8.14,-0.0012578206562401,17,0
8.141999999999998,-0.0011988029062401,17,0
8.144,-0.0011397851562401,17,0
8.146,-0.0009301163562401,17,0
8.147999999999998,-0.0003902809062401,17,0
8.15,0.0001495545437598,17,0
8.152,-0.0002351044562401,17,0
8.154,-0.0006197634562401,17,0
8.156,-0.0007418766562401,17,0
8.157999999999998,-0.0009688363562401,17,0
8.16,-0.0011959533562401,17,0
8.162,-0.0011875922562401,17,0
8.163999999999998,-0.0010945735062401,17,0
8.166,-0.0010015547562401,17,0
8.168,-0.0007762043562401,17,0
8.17,-0.0006196182562401,17,0
8.172,-0.0006779886562401,17,0
8.173999999999998,-0.0008805426562401,17,0
8.176,-0.0011078895562401,17,0
8.178,-0.0012824562562401,17,0
8.179999999999998,-0.0012333544562401,17,0
8.182,-0.0010711781562401,17,0
8.184,-0.0006517558562401,17,0
8.186,-0.0008074344562401,17,0
8.188,-0.0009565871229067,17,0
8.189999999999998,-0.0011057397895734,17,0
8.192,-0.0012548924562401,17,0
8.194,-0.0012687832562401,17,0
8.195999999999998,-0.0012011079562401,17,0
8.198,-0.0011334326562401,17,0
8.199999999999998,-0.0009307939562401,17,0
8.202,-0.0007256021562401,17,0
8.204,-0.0006337268562401,17,0
8.205999999999998,-0.0007415741562401,17,0
8.208,-0.0011868057562401,17,0
8.21,-0.0012937576562401,17,0
8.211999999999998,-0.0012434700562401,17,0
8.214,-0.0011931824562401,17,0
8.215999999999998,-0.0010084638562401,17,0
8.218,-0.0007931685562401,17,0
8.22,-0.0006319239562401,17,0
8.221999999999998,-0.0006844984562401,17,0
8.224,-0.0008858787562401,17,0
8.226,-0.0011058204562401,17,0
8.227999999999998,-0.0012812341562401,17,0
8.23,-0.0010665196562401,17,0
8.231999999999998,-0.0008637720562401,17,0
8.234,-0.0006610244562401,17,0
8.236,-0.0006479080562401,17,0
8.237999999999998,-0.0007260982562401,17,0
8.24,-0.0008042884562401,17,0
8.242,-0.0012454423562401,17,0
8.243999999999998,-0.0011427415895734,17,0
8.246,-0.0010400408229067,17,0
8.247999999999998,-0.0009373400562401,17,0
8.25,-0.0008304486562401,17,0
8.252,-0.0007235572562401,17,0
8.253999999999998,-0.0006284754562401,17,0
8.256,-0.0009641536562401,17,0
8.258,-0.0011907987562401,17,0
8.259999999999998,-0.0012407173062401,17,0
8.262,-0.0012906358562401,17,0
8.263999999999998,-0.0011981313562401,17,0
8.266,-0.0010136910562401,17,0
8.268,-0.0007957579562401,17,0
8.269999999999998,-0.0006320328562401,17,0
8.272,-0.0008849228562401,17,0
8.274,-0.0010000241062401,17,0
8.276,-0.0011151253562401,17,0
8.278,-0.0012466644562401,17,0
8.279999999999998,-0.0008763560562401,17,0
8.282,-0.0006757259562401,17,0
8.284,-0.0006526391562401,17,0
8.285999999999998,-0.0008499659562401,17,0
8.288,-0.0010472927562401,17,0
8.29,-0.0012549892562401,17,0
8.292,-0.0012638383895734,17,0
8.294,-0.0012726875229067,17,0
8.295999999999998,-0.0012815366562401,17,0
8.298,-0.0011516431562401,17,0
8.3,-0.0009508557562401,17,0
8.301999999999998,-0.0007349433562401,17,0
8.304,-0.0006352393562401,17,0
8.306,-0.0009624354562401,17,0
8.308,-0.0011908955562401,17,0
8.31,-0.0012960082562401,17,0
8.311999999999998,-0.0012455815062401,17,0
8.314,-0.0011951547562401,17,0
8.316,-0.0010105087562401,17,0
8.317999999999998,-0.0007981537562401,17,0
8.32,-0.0006365582562401,17,0
8.322,-0.0006858052562401,17,0
8.324,-0.0008863627562401,17,0
8.326,-0.0011098376562401,17,0
8.327999999999998,-0.0012461441562401,17,0
8.33,-0.0006756533562401,17,0
8.332,-0.0006499529562401,17,0
8.333999999999998,-0.0007269150062401,17,0
8.336,-0.0008038770562401,17,0
8.338,-0.0009527957895734,17,0
8.34,-0.0011017145229067,17,0
8.342,-0.0012506332562401,17,0
8.343999999999998,-0.0011753228562401,17,0
8.346,-0.0011000124562401,17,0
8.348,-0.0010247020562401,17,0
8.349999999999998,-0.0009493916562401,17,0
8.352,-0.0007341447562401,17,0
8.354,-0.0006272654562401,17,0
8.356,-0.0007310229562401,17,0
8.358,-0.0009523561562401,17,0
8.359999999999998,-0.0011723220562401,17,0
8.362,-0.0012056817562401,17,0
8.364,-0.0011161901562401,17,0
8.365999999999998,-0.0010266985562401,17,0
8.368,-0.0008122865562401,17,0
8.37,-0.0006422452562401,17,0
8.372,-0.0006879106562401,17,0
8.374,-0.0008794415562401,17,0
8.375999999999998,-0.0011013192562401,17,0
8.378,-0.0012429739562401,17,0
8.38,-0.0011672521562401,17,0
8.381999999999998,-0.0010915303562401,17,0
8.384,-0.0008833014562401,17,0
8.386,-0.0006793317562401,17,0
8.388,-0.0006462261562401,17,0
8.39,-0.0007995452562401,17,0
8.391999999999998,-0.0010264686562401,17,0
8.394,-0.0012826498562401,17,0
8.396,-0.0007362501562401,17,0
8.397999999999998,-0.0006279067562401,17,0
8.4,-0.0007348828562401,17,0
8.402,-0.0008065551895734,17,0
8.404,-0.0008782275229067,17,0
8.406,-0.0009498998562401,17,0
8.407999999999998,-0.0010634825562401,17,0
8.41,-0.0011770652562401,17,0
8.412,-0.0013059181562401,17,0
8.413999999999998,-0.0008122623562401,17,0
8.416,-0.0006385063562401,17,0
8.418,-0.0006538128562401,17,0
8.42,-0.0006691193562401,17,0
8.422,-0.0006844258562401,17,0
8.423999999999998,-0.0008756784562401,17,0
8.426,-0.0011040659562401,17,0
8.428,-0.0012926081562401,17,0
8.429999999999998,-0.0012561024562401,17,0
8.432,-0.0008899322562401,17,0
8.434,-0.0007924788562401,17,0
8.436,-0.0006950254562401,17,0
8.438,-0.0006605646562401,17,0
8.439999999999998,-0.0010495675562401,17,0
8.442,-0.0013009329562401,17,0
8.444,-0.0009717040562401,17,0
8.445999999999998,-0.0008646977062401,17,0
8.448,-0.0007576913562401,17,0
8.449999999999998,-0.0006482831562401,17,0
8.452,-0.0007443450562401,17,0
8.454,-0.0009330727895734,17,0
8.455999999999998,-0.0011218005229067,17,0
8.458,-0.0013105282562401,17,0
8.46,-0.0012824643229067,17,0
8.461999999999998,-0.0012544003895734,17,0
8.464,-0.0012263364562401,17,0
8.465999999999998,-0.0010473411562401,17,0
8.468,-0.0008317312562401,17,0
8.47,-0.0006539096562401,17,0
8.471999999999998,-0.0008818857562401,17,0
8.474,-0.0009922075062401,17,0
8.476,-0.0011025292562401,17,0
8.477999999999998,-0.0012850698562401,17,0
8.48,-0.0011154036562401,17,0
8.481999999999998,-0.0006929442562401,17,0
8.484,-0.0006798722229067,17,0
8.486,-0.0006668001895734,17,0
8.487999999999998,-0.0006537281562401,17,0
8.49,-0.0007996057562401,17,0
8.492,-0.0010255127562401,17,0
8.493999999999998,-0.0012448857562401,17,0
8.496,-0.0009741845562401,17,0
8.497999999999998,-0.0007617811562401,17,0
8.5,-0.0006972276562401,18,0
8.502,-0.0006326741562401,18,0
8.503999999999998,-0.0007870399062401,18,0
8.506,-0.0009414056562401,18,0
8.508,-0.0011692123562401,18,0
8.509999999999998,-0.0012392290062401,18,0
8.512,-0.0013092456562401,18,0
8.513999999999998,-0.0010693450062401,18,0
8.516,-0.0008294443562401,18,0
8.518,-0.0006482831562401,18,0
8.519999999999998,-0.0006839660562401,18,0
8.522,-0.0008665671562401,18,0
8.524,-0.0012883368562401,18,0
8.526,-0.0012644756562401,18,0
8.528,-0.0011898428562401,18,0
8.529999999999998,-0.0011152100562401,18,0
8.532,-0.0008985353562401,18,0
8.534,-0.0006895683562401,18,0
8.535999999999998,-0.0006463713562401,18,0
8.538,-0.0007890424562401,18,0
8.54,-0.0012362705562401,18,0
8.542,-0.0012660849562401,18,0
8.544,-0.0012958993562401,18,0
8.545999999999998,-0.0009789761562401,18,0
8.548,-0.0008748072562401,18,0
8.55,-0.0007706383562401,18,0
8.551999999999998,-0.0006368970562401,18,0
8.554,-0.0007199151562401,18,0
8.556,-0.0011617587562401,18,0
8.558,-0.0013073096562401,18,0
8.56,-0.0012647902562401,18,0
8.561999999999998,-0.0012222708562401,18,0
8.564,-0.0010425979562401,18,0
8.566,-0.0008295290562401,18,0
8.567999999999998,-0.0006815218562401,18,0
8.57,-0.0008610011562401,18,0
8.572,-0.0009758059562401,18,0
8.574,-0.0010906107562401,18,0
8.576,-0.0012891717562401,18,0
8.577999999999998,-0.0012716509562401,18,0
8.58,-0.0011192877562401,18,0
8.582,-0.0009070900562401,18,0
8.583999999999998,-0.0006973244562401,18,0
8.586,-0.0006431406562401,18,0
8.588,-0.0007870459562401,18,0
8.59,-0.0010115856562401,18,0
8.592,-0.0012286596562401,18,0
8.593999999999998,-0.0012925476562401,18,0
8.596,-0.0009867806562401,18,0
8.598,-0.0007613818562401,18,0
8.599999999999998,-0.0006306050562401,18,0
8.602,-0.0007215123562401,18,0
8.604,-0.0008304849562401,18,0
8.606,-0.0009394575562401,18,0
8.608,-0.0013013080562401,18,0
8.609999999999998,-0.0012604887062401,18,0
8.612,-0.0012196693562401,18,0
8.614,-0.0010444129562401,18,0
8.615999999999998,-0.0008354580562401,18,0
8.618,-0.0006464560562401,18,0
8.62,-0.0006715151562401,18,0
8.622,-0.0008580971562401,18,0
8.624,-0.0010925346562401,18,0
8.625999999999998,-0.0012933099562401,18,0
8.628,-0.0012664963562401,18,0
8.63,-0.0011228451562401,18,0
8.631999999999998,-0.0009124866562401,18,0
8.634,-0.0007034712562401,18,0
8.636,-0.0007780193562401,18,0
8.638,-0.0008912088062401,18,0
8.64,-0.0010043982562401,18,0
8.641999999999998,-0.0012270261562401,18,0
8.644,-0.0011718138562401,18,0
8.646,-0.0009669064062401,18,0
8.647999999999998,-0.0007619989562401,18,0
8.65,-0.0006940514062401,18,0
8.652,-0.0006261038562401,18,0
8.654,-0.0009272607562401,18,0
8.656,-0.0012952459562401,18,0
8.657999999999998,-0.0012613417562401,18,0
8.66,-0.0012274375562401,18,0
8.662,-0.0010540687562401,18,0
8.663999999999998,-0.0009511038062401,18,0
8.666,-0.0008481388562401,18,0
8.668,-0.0006572613562401,18,0
8.67,-0.0006730518562401,18,0
8.672,-0.0010854561562401,18,0
8.673999999999998,-0.0012849246562401,18,0
8.676,-0.0012826922062401,18,0
8.678,-0.0012804597562401,18,0
8.679999999999998,-0.0011396157562401,18,0
8.682,-0.0009278173562401,18,0
8.684,-0.0007088315562401,18,0
8.686,-0.0006501223562401,18,0
8.688,-0.0007828230562401,18,0
8.689999999999998,-0.0010066609562401,18,0
8.692,-0.0012323017562401,18,0
8.694,-0.0012966979562401,18,0
8.695999999999998,-0.0009826303562401,18,0
8.698,-0.0008787155562401,18,0
8.699999999999998,-0.0007748007562401,18,0
8.702,-0.0006461172562401,18,0
8.704,-0.0007238839562401,18,0
8.705999999999998,-0.0009338552562401,18,0
8.708,-0.0011559507562401,18,0
8.71,-0.0013125126562401,18,0
8.711999999999998,-0.0012404692562401,18,0
8.714,-0.0010716258562401,18,0
8.715999999999998,-0.0006662879562401,18,0
8.718,-0.0006716664062401,18,0
8.72,-0.0006770448562401,18,0
8.721999999999998,-0.0008534144562401,18,0
8.724,-0.0012701021562401,18,0
8.726,-0.0012689405562401,18,0
8.727999999999998,-0.0012677789562401,18,0
8.73,-0.0011285926562401,18,0
8.731999999999998,-0.0009300921562401,18,0
8.734,-0.0007226013562401,18,0
8.736,-0.0006433947562401,18,0
8.737999999999998,-0.0007755025562401,18,0
8.74,-0.0009988201562401,18,0
8.742,-0.0012285144562401,18,0
8.743999999999998,-0.0013116656562401,18,0
8.746,-0.0011969697562401,18,0
8.747999999999998,-0.0010041925562401,18,0
8.75,-0.0007870459562401,18,0
8.752,-0.0006478959562401,18,0
8.753999999999998,-0.0007213550562401,18,0
8.756,-0.0009282529562401,18,0
8.758,-0.0011721163562401,18,0
8.759999999999998,-0.0013203292562401,18,0
8.762,-0.0012434216562401,18,0
8.763999999999998,-0.0008604929562401,18,0
8.766,-0.0007649695062401,18,0
8.768,-0.0006694460562401,18,0
8.769999999999998,-0.0006753387562401,18,0
8.772,-0.0008464206562401,18,0
8.774,-0.0010682378562401,18,0
8.776,-0.0012707434562401,18,0
8.778,-0.0012735385562401,18,0
8.779999999999998,-0.0009313384562401,18,0
8.782,-0.0008248221562401,18,0
8.784,-0.0007183058562401,18,0
8.785999999999998,-0.0006356749562401,18,0
8.788,-0.0007660887562401,18,0
8.79,-0.0010011312562401,18,0
8.792,-0.0012252353562401,18,0
8.794,-0.0011863822562401,18,0
8.795999999999998,-0.0010899392062401,18,0
8.798,-0.0009934961562401,18,0
8.8,-0.0007726711562401,18,0
8.801999999999998,-0.0009074893562401,18,0
8.804,-0.0011296695562401,18,0
8.806,-0.0011839017562401,18,0
8.808,-0.0012381339562401,18,0
8.81,-0.0012923661562401,18,0
8.811999999999998,-0.0012272560562401,18,0
8.814,-0.0010569001562401,18,0
8.816,-0.0006603468562401,18,0
8.817999999999998,-0.0006632629562401,18,0
8.82,-0.0008347199562401,18,0
8.822,-0.0009477642062401,18,0
8.824,-0.0010608084562401,18,0
8.826,-0.0012641489562401,18,0
8.827999999999998,-0.0012743008562401,18,0
8.83,-0.0011340618562401,18,0
8.832,-0.0009265226562401,18,0
8.833999999999998,-0.0007137562562401,18,0
8.836,-0.0006337510562401,18,0
8.838,-0.0007543638562401,18,0
8.84,-0.0012102797562401,18,0
8.842,-0.0012562839562401,18,0
8.843999999999998,-0.0013022881562401,18,0
8.846,-0.0011946586562401,18,0
8.848,-0.0010010102562401,18,0
8.849999999999998,-0.0007844444562401,18,0
8.852,-0.0006413498562401,18,0
8.854,-0.0007084201562401,18,0
8.856,-0.0009154874562401,18,0
8.858,-0.0011477469562401,18,0
8.859999999999998,-0.0013138557562401,18,0
8.862,-0.0012546141562401,18,0
8.864,-0.0010873437562401,18,0
8.865999999999998,-0.0006677520562401,18,0
8.868,-0.0006620287562401,18,0
8.87,-0.0008334494562401,18,0
8.872,-0.0010592112562401,18,0
8.874,-0.0012667746562401,18,0
8.875999999999998,-0.0012749603062401,18,0
8.878,-0.0012831459562401,18,0
8.88,-0.0011531435562401,18,0
8.881999999999998,-0.0009430028562401,18,0
8.884,-0.0007319788562401,18,0
8.886,-0.0006416160562401,18,0
8.888,-0.0009875550562401,18,0
8.89,-0.0010966244562401,18,0
8.891999999999998,-0.0012056938562401,18,0
8.894,-0.0013054341562401,18,0
8.896,-0.0010038658562401,18,0
8.897999999999998,-0.0007934226562401,18,0
8.9,-0.0007118505062401,18,0
8.902,-0.0006302783562401,18,0
8.904,-0.0006953279562401,18,0
8.906,-0.0009039924562401,18,0
8.907999999999998,-0.0012974360562401,18,0
8.91,-0.0012442081562401,18,0
8.912,-0.0011642392562401,18,0
8.913999999999998,-0.0010842703562401,18,0
8.916,-0.0006708496562401,18,0
8.918,-0.0006609397562401,18,0
8.92,-0.0008264072562401,18,0
8.922,-0.0009398387062401,18,0
8.923999999999998,-0.0010532701562401,18,0
8.926,-0.0012801209562401,18,0
8.928,-0.0012110118062401,18,0
8.929999999999998,-0.0011419026562401,18,0
8.932,-0.0009325484562401,18,0
8.934,-0.0007200361562401,18,0
8.936,-0.0006300726562401,18,0
8.938,-0.0007507580562401,18,0
8.939999999999998,-0.0009763867562401,18,0
8.942,-0.0011938358562401,18,0
8.944,-0.0013033166562401,18,0
8.945999999999998,-0.0012064319562401,18,0
8.948,-0.0010180228562401,18,0
8.949999999999998,-0.0006422694562401,18,0
8.952,-0.0006917947562401,18,0
8.954,-0.0007900528062401,18,0
8.955999999999998,-0.0008883108562401,18,0
8.958,-0.0011152463562401,18,0
8.96,-0.0012919547562401,18,0
8.961999999999998,-0.0012399852562401,18,0
8.964,-0.0010783292562401,18,0
8.965999999999998,-0.0006671107562401,18,0
8.968,-0.0006531594562401,18,0
8.97,-0.0008191714562401,18,0
8.971999999999998,-0.0009320584062401,18,0
8.974,-0.0010449453562401,18,0
8.976,-0.0012580142562401,18,0
8.977999999999998,-0.0011469241562401,18,0
8.98,-0.0010471233562401,18,0
8.981999999999998,-0.0009473225562401,18,0
8.984,-0.0007366494562401,18,0
8.986,-0.0007567475562401,18,0
8.987999999999998,-0.0009803918562401,18,0
8.99,-0.0012040361562401,18,0
8.992,-0.0012523756562401,18,0
8.993999999999998,-0.0013007151562401,18,0
8.996,-0.0010210841562401,18,0
8.997999999999998,-0.0008115968562401,18,0
9.0,-0.0006364251562401,19,0
9.002,-0.0006938396562401,19,0
9.003999999999998,-0.0009036718062401,19,0
9.006,-0.0011135039562401,19,0
9.008,-0.0012479107562401,19,0
9.01,-0.0011949853562401,19,0
9.012,-0.0011420599562401,19,0
9.014,-0.0010891345562401,19,0
9.016,-0.0006724952562401,19,0
9.018,-0.0006645032062401,19,0
9.02,-0.0006565111562401,19,0
9.022,-0.0008135086562401,19,0
9.024,-0.0012577843562401,19,0
9.026,-0.0012804960562401,19,0
9.028,-0.0012162934562401,19,0
9.03,-0.0011520908562401,19,0
9.032,-0.0009503354562401,19,0
9.034,-0.0007327774562401,19,0
9.036,-0.0006323595562401,19,0
9.038,-0.0007395655562401,19,0
9.04,-0.0013048533562401,19,0
9.042,-0.0012553038562401,19,0
9.044,-0.0012057543562401,19,0
9.046,-0.0008179977562401,19,0
9.048,-0.0007627451229067,19,0
9.05,-0.0007074924895734,19,0
9.052,-0.0006522398562401,19,0
9.054,-0.0006992483562401,19,0
9.056,-0.0009070900562401,19,0
9.058,-0.0011332632562401,19,0
9.06,-0.0013023486562401,19,0
9.062,-0.0012571309562401,19,0
9.064,-0.0011003633562401,19,0
9.066,-0.0008878631562401,19,0
9.068,-0.0006873903562401,19,0
9.07,-0.0006592215562401,19,0
9.072,-0.0008149606562401,19,0
9.074,-0.0010455140562401,19,0
9.076,-0.0012886756562401,19,0
9.078,-0.0012236623562401,19,0
9.08,-0.0011586490562401,19,0
9.082,-0.0009584424562401,19,0
9.084,-0.0007454461562401,19,0
9.086,-0.0009644561562401,19,0
9.088,-0.0011870114562401,19,0
9.09,-0.0012242149229067,19,0
9.092,-0.0012614183895734,19,0
9.094,-0.0012986218562401,19,0
9.096,-0.0012090213562401,19,0
9.098,-0.0010281868562401,19,0
9.1,-0.0008157713562401,19,0
9.102,-0.0006416402562401,19,0
9.104,-0.0006862529562401,19,0
9.106,-0.0008794657562401,19,0
9.108,-0.0011055179562401,19,0
9.11,-0.0010879850562401,19,0
9.112,-0.0010158166229067,19,0
9.114,-0.0009436481895734,19,0
9.116,-0.0008714797562401,19,0
9.118,-0.0006671954562401,19,0
9.12,-0.0006371269562401,19,0
9.122,-0.0007915350562401,19,0
9.124,-0.0012428650562401,19,0
9.126,-0.0012615353562401,19,0
9.128,-0.0012802056562401,19,0
9.13,-0.0011510381562401,19,0
9.132,-0.0009481453562401,19,0
9.134,-0.0007374238562401,19,0
9.136,-0.0006313310562401,19,0
9.138000000000002,-0.0007329831562401,19,0
9.14,-0.0009514728562401,19,0
9.142,-0.0011796062562401,19,0
9.144,-0.0012935519562401,19,0
9.146,-0.0012049557562401,19,0
9.148,-0.0010293000562401,19,0
9.15,-0.0008199337562401,19,0
9.152,-0.0006468432562401,19,0
9.154000000000002,-0.0006777587562401,19,0
9.156,-0.0008665308562401,19,0
9.158,-0.0010886021562401,19,0
9.16,-0.0012840050562401,19,0
9.162,-0.0011068126562401,19,0
9.164,-0.0009986689062401,19,0
9.166,-0.0008905251562401,19,0
9.168,-0.0006779644562401,19,0
9.170000000000002,-0.0006488518562401,19,0
9.172,-0.0008026428562401,19,0
9.174,-0.0010367899562401,19,0
9.176,-0.0012972545562401,19,0
9.178,-0.0012372506562401,19,0
9.18,-0.0011772467562401,19,0
9.182,-0.0009826545562401,19,0
9.184,-0.0007555375562401,19,0
9.186000000000002,-0.0006425356562401,19,0
9.188,-0.0011759399562401,19,0
9.19,-0.0012415945562401,19,0
9.192,-0.0013072491562401,19,0
9.194,-0.0012236018562401,19,0
9.196,-0.0010268316562401,19,0
9.198,-0.0008300614562401,19,0
9.2,-0.0007393175062401,19,0
9.202000000000002,-0.0006485735562401,19,0
9.204,-0.0006850429562401,19,0
9.206,-0.0008744805562401,19,0
9.208,-0.0011031221562401,19,0
9.21,-0.0012904906562401,19,0
9.212,-0.0012588854562401,19,0
9.214,-0.0011142662562401,19,0
9.216,-0.0009043796562401,19,0
9.218000000000002,-0.0006858294562401,19,0
9.22,-0.0006413619562401,19,0
9.222,-0.0012331608562401,19,0
9.224,-0.0012489957229067,19,0
9.226,-0.0012648305895734,19,0
9.228,-0.0012806654562401,19,0
9.23,-0.0011596412562401,19,0
9.232,-0.0009650006562401,19,0
9.234000000000002,-0.0006358564562401,19,0
9.236,-0.0006845105562401,19,0
9.238,-0.0007331646562401,19,0
9.24,-0.0011732174562401,19,0
9.242,-0.0012222829562401,19,0
9.244,-0.0011620935229067,19,0
9.246,-0.0011019040895734,19,0
9.248,-0.0010417146562401,19,0
9.25,-0.0008303034562401,19,0
9.252,-0.0006594998562401,19,0
9.254,-0.0006885156562401,19,0
9.256,-0.0008717822562401,19,0
9.258,-0.0010932969562401,19,0
9.26,-0.0012887361562401,19,0
9.262,-0.0012625396562401,19,0
9.264,-0.0009065092562401,19,0
9.266,-0.0008024492562401,19,0
9.268,-0.0006983892562401,19,0
9.27,-0.0006534498562401,19,0
9.272,-0.0007970647562401,19,0
9.274,-0.0010256337562401,19,0
9.276,-0.0012343587562401,19,0
9.278,-0.0012957057562401,19,0
9.28,-0.0011815180562401,19,0
9.282,-0.0009850866562401,19,0
9.284,-0.0007758776562401,19,0
9.286,-0.0006580962562401,19,0
9.288,-0.0007440062562401,19,0
9.29,-0.0009583698562401,19,0
9.292,-0.0012356897562401,19,0
9.294,-0.0011756455229067,19,0
9.296,-0.0011156012895734,19,0
9.298,-0.0010555570562401,19,0
9.3,-0.0006723379562401,19,0
9.302,-0.0008092736562401,19,0
9.304,-0.0009462093562401,19,0
9.306,-0.0010831450562401,19,0
9.308,-0.0011804532562401,19,0
9.31,-0.0012777614562401,19,0
9.312,-0.0012605673562401,19,0
9.314,-0.0011155246562401,19,0
9.316,-0.0009057348562401,19,0
9.318,-0.0006950859562401,19,0
9.32,-0.0007870701562401,19,0
9.322,-0.0010092019562401,19,0
9.324,-0.0011205945562401,19,0
9.326,-0.0012319871562401,19,0
9.328,-0.0012932978562401,19,0
9.33,-0.0011773556562401,19,0
9.332,-0.0009851955562401,19,0
9.334,-0.0007540492562401,19,0
9.336,-0.0007207863562401,19,0
9.338,-0.0008284461062401,19,0
9.34,-0.0009361058562401,19,0
9.342,-0.0011611779562401,19,0
9.344,-0.0010557869562401,19,0
9.346,-0.0009838726229067,19,0
9.348,-0.0009119582895734,19,0
9.35,-0.0008400439562401,19,0
9.352,-0.0006499650562401,19,0
9.354,-0.0006727735562401,19,0
9.356,-0.0008601057562401,19,0
9.358,-0.0010837984562401,19,0
9.36,-0.0012848883562401,19,0
9.362,-0.0012627816562401,19,0
9.364,-0.0011168193562401,19,0
9.366,-0.0009103207562401,19,0
9.368,-0.0006988369562401,19,0
9.37,-0.0006413982562401,19,0
9.372,-0.0010090567562401,19,0
9.374,-0.0011190397062401,19,0
9.376,-0.0012290226562401,19,0
9.378,-0.0012894016562401,19,0
9.38,-0.0009885714562401,19,0
9.382,-0.0007748733562401,19,0
9.384,-0.0007178218562401,19,0
9.386,-0.0007891553895734,19,0
9.388000000000002,-0.0008604889229067,19,0
9.39,-0.0009318224562401,19,0
9.392,-0.0011564952562401,19,0
9.394,-0.0010511284562401,19,0
9.396,-0.0009442068062401,19,0
9.398,-0.0008372851562401,19,0
9.4,-0.0006443990562401,19,0
9.402,-0.0006536071562401,19,0
9.404000000000002,-0.0006628152562401,19,0
9.406,-0.0008460213562401,19,0
9.408,-0.0010745056562401,19,0
9.41,-0.0012730303562401,19,0
9.412,-0.0012608940562401,19,0
9.414,-0.0011132740562401,19,0
9.416,-0.0009038593562401,19,0
9.418,-0.0006975059562401,19,0
9.420000000000002,-0.0006393533562401,19,0
9.422,-0.0007741715562401,19,0
9.424,-0.0012888934562401,19,0
9.426,-0.0011144114562401,19,0
9.428,-0.0009399294562401,19,0
9.43,-0.0007654474562401,19,0
9.432,-0.0006259344562401,19,0
9.434,-0.0007773659562401,19,0
9.436000000000002,-0.0009287974562401,19,0
9.438,-0.0010021355562401,19,0
9.44,-0.0010754736562401,19,0
9.442,-0.0011488117562401,19,0
9.444,-0.0012190764562401,19,0
9.446,-0.0011363790062401,19,0
9.448,-0.0010536815562401,19,0
9.45,-0.0008411087562401,19,0
9.452000000000002,-0.0006531836562401,19,0
9.454,-0.0006664089562401,19,0
9.456,-0.0012717477562401,19,0
9.458,-0.0012229202229067,19,0
9.46,-0.0011740926895734,19,0
9.462,-0.0011252651562401,19,0
9.464,-0.0010189364062401,19,0
9.466,-0.0009126076562401,19,0
9.468000000000002,-0.0007012206562401,19,0
9.47,-0.0007673713562401,19,0
9.472,-0.0008829021562401,19,0
9.474,-0.0009984329562401,19,0
9.476,-0.0012278247562401,19,0
9.478,-0.0013032440562401,19,0
9.48,-0.0011865879562401,19,0
9.482,-0.0007772207562401,19,0
9.484000000000002,-0.0007060848562401,19,0
9.486,-0.0006349489562401,19,0
9.488,-0.0011408983562401,19,0
9.49,-0.0012307408562401,19,0
9.492,-0.0010588845562401,19,0
9.494,-0.0010084003312401,19,0
9.496,-0.0009579161062401,19,0
9.498,-0.0009074318812401,19,0
9.5,-0.0008569476562401,20,0
9.502,-0.0006554342562401,20,0
9.504,-0.0006609276562401,20,0
9.506,-0.0008411571562401,20,0
9.508,-0.0010615102562401,20,0
9.51,-0.0012688316562401,20,0
9.512,-0.0012725584562401,20,0
9.514,-0.0011288346562401,20,0
9.516,-0.0009195288562401,20,0
9.518,-0.0007652054562401,20,0
9.52,-0.0009869984562401,20,0
9.522,-0.0012087914562401,20,0
9.524,-0.0012966253562401,20,0
9.526,-0.0012423568562401,20,0
9.528,-0.0011880883562401,20,0
9.53,-0.0009795327562401,20,0
9.532,-0.0007709771562401,20,0
9.534,-0.0006291530562401,20,0
9.536,-0.0006673830062401,20,0
9.538,-0.0007056129562401,20,0
9.54,-0.0009160319562401,20,0
9.542,-0.0011454116562401,20,0
9.544,-0.0013025664562401,20,0
9.546,-0.0010649224562401,20,0
9.548,-0.0008490826562401,20,0
9.55,-0.0007513812062401,20,0
9.552,-0.0006536797562401,20,0
9.554,-0.0006549139562401,20,0
9.556,-0.0008291418562401,20,0
9.558,-0.0010633494562401,20,0
9.56,-0.0012691099562401,20,0
9.562,-0.0012739862562401,20,0
9.564,-0.0011352476562401,20,0
9.566,-0.0009321491562401,20,0
9.568,-0.0006451250562401,20,0
9.57,-0.0007653264562401,20,0
9.572,-0.0009912939562401,20,0
9.574,-0.0011046830562401,20,0
9.576,-0.0012180721562401,20,0
9.578,-0.0011961469562401,20,0
9.58,-0.0010052210562401,20,0
9.582,-0.0008951413062401,20,0
9.584,-0.0007850615562401,20,0
9.586,-0.0006248696562401,20,0
9.588,-0.0006948560562401,20,0
9.59,-0.0009029881562401,20,0
9.592,-0.0011320653562401,20,0
9.594,-0.0012987549562401,20,0
9.596,-0.0012332455562401,20,0
9.598,-0.0010631679562401,20,0
9.6,-0.0008500869562401,20,0
9.602,-0.0006513807562401,20,0
9.604,-0.0006515017562401,20,0
9.606,-0.0008206597562401,20,0
9.608,-0.0010449332562401,20,0
9.61,-0.0012628179562401,20,0
9.612,-0.0011945860562401,20,0
9.614,-0.0011263541562401,20,0
9.616,-0.0009171693562401,20,0
9.618,-0.0007061332562401,20,0
9.62,-0.0006247607562401,20,0
9.622,-0.0007469586562401,20,0
9.624,-0.0011944287562401,20,0
9.626,-0.0011796788562401,20,0
9.628,-0.0009948513562401,20,0
9.63,-0.0009224570562401,20,0
9.632,-0.0008500627562401,20,0
9.634,-0.0007776684562401,20,0
9.636,-0.0006234176562401,20,0
9.638000000000002,-0.0006865312562401,20,0
9.64,-0.0008959580562401,20,0
9.642,-0.0011220465562401,20,0
9.644,-0.0012949797562401,20,0
9.646,-0.0012344797562401,20,0
9.648,-0.0008534749562401,20,0
9.65,-0.0007495964562401,20,0
9.652,-0.0006457179562401,20,0
9.654000000000002,-0.0006418943562401,20,0
9.656,-0.0008186995562401,20,0
9.658,-0.0010468329562401,20,0
9.66,-0.0012598292562401,20,0
9.662,-0.0012720018562401,20,0
9.664,-0.0009289305562401,20,0
9.666,-0.0007817945562401,20,0
9.668,-0.0006346585562401,20,0
9.670000000000002,-0.0007539766562401,20,0
9.672,-0.0011994502562401,20,0
9.674,-0.0012465737062401,20,0
9.676,-0.0012936971562401,20,0
9.678,-0.0011905809562401,20,0
9.68,-0.0010949425562401,20,0
9.682,-0.0009993041562401,20,0
9.684,-0.0007892965562401,20,0
9.686000000000002,-0.0006296007562401,20,0
9.688,-0.0006938275562401,20,0
9.69,-0.0009084452562401,20,0
9.692,-0.0013071644562401,20,0
9.694,-0.0012464345562401,20,0
9.696,-0.0010766352562401,20,0
9.698,-0.0008639656562401,20,0
9.7,-0.0006622828562401,20,0
9.702000000000002,-0.0006578058562401,20,0
9.704,-0.0006533288562401,20,0
9.706,-0.0008223537562401,20,0
9.708,-0.0010626718562401,20,0
9.71,-0.0012708281562401,20,0
9.712,-0.0012812099562401,20,0
9.714,-0.0011477590562401,20,0
9.716,-0.0009411757562401,20,0
9.718000000000002,-0.0007217059562401,20,0
9.72,-0.0006310406562401,20,0
9.722,-0.0007517139562401,20,0
9.724,-0.0009794238562401,20,0
9.726,-0.0011964373562401,20,0
9.728,-0.0012993115562401,20,0
9.73,-0.0011949974562401,20,0
9.732,-0.0010026679562401,20,0
9.734000000000002,-0.0007891392562401,20,0
9.736,-0.0006281850562401,20,0
9.738,-0.0008870403562401,20,0
9.74,-0.0011152221562401,20,0
9.742,-0.0010924681062401,20,0
9.744,-0.0010697140562401,20,0
9.746,-0.0010000583895734,20,0
9.748,-0.0009304027229067,20,0
9.75,-0.0008607470562401,20,0
9.752,-0.0006637106562401,20,0
9.754,-0.0006501465562401,20,0
9.756,-0.0010385444562401,20,0
9.758,-0.0012548924562401,20,0
9.76,-0.0012816939562401,20,0
9.762,-0.0012114958062401,20,0
9.764,-0.0011412976562401,20,0
9.766,-0.0009327783562401,20,0
9.768,-0.0007202297562401,20,0
9.77,-0.0006246034562401,20,0
9.772,-0.0007398922562401,20,0
9.774,-0.0009631251562401,20,0
9.776,-0.0011983612562401,20,0
9.778,-0.0013083139562401,20,0
9.78,-0.0012062867562401,20,0
9.782,-0.0010205033562401,20,0
9.784,-0.0007991701562401,20,0
9.786,-0.0006307260562401,20,0
9.788,-0.0006857326562401,20,0
9.79,-0.0011040659562401,20,0
9.792,-0.0011949793062401,20,0
9.794,-0.0012858926562401,20,0
9.796,-0.0012398158562401,20,0
9.798,-0.0010763932562401,20,0
9.8,-0.0008710804562401,20,0
9.802,-0.0006459962562401,20,0
9.804,-0.0007298674062401,20,0
9.806,-0.0008137385562401,20,0
9.808,-0.0012588733562401,20,0
9.81,-0.0012914223562401,20,0
9.812,-0.0011612263562401,20,0
9.814,-0.0010569304062401,20,0
9.816,-0.0009526344562401,20,0
9.818,-0.0007294741562401,20,0
9.82,-0.0006282939562401,20,0
9.822,-0.0007413321562401,20,0
9.824,-0.0009600396562401,20,0
9.826,-0.0011827643562401,20,0
9.828,-0.0012955605562401,20,0
9.83,-0.0012044112562401,20,0
9.832,-0.0010198499562401,20,0
9.834,-0.0006766939562401,20,0
9.836,-0.0008859634562401,20,0
9.838,-0.0010051363562401,20,0
9.84,-0.0011243092562401,20,0
9.842,-0.0013042120562401,20,0
9.844,-0.0011982039562401,20,0
9.846,-0.0010921958562401,20,0
9.848,-0.0008755695562401,20,0
9.85,-0.0006745280562401,20,0
9.852,-0.0006506668562401,20,0
9.854,-0.0008070472562401,20,0
9.856,-0.0010433360562401,20,0
9.858,-0.0012666899562401,20,0
9.86,-0.0011554546562401,20,0
9.862,-0.0009480364562401,20,0
9.864,-0.0008395841562401,20,0
9.866,-0.0007311318562401,20,0
9.868,-0.0006306050562401,20,0
9.87,-0.0007364679562401,20,0
9.872,-0.0009604631562401,20,0
9.874,-0.0013019009562401,20,0
9.876,-0.0012591637562401,20,0
9.878,-0.0012164265562401,20,0
9.88,-0.0010295420562401,20,0
9.882,-0.0008099754562401,20,0
9.884,-0.0006821994562401,20,0
9.886,-0.0007805966562401,20,0
9.888000000000002,-0.0008789938562401,20,0
9.89,-0.0012943868562401,20,0
9.892,-0.0010956201562401,20,0
9.894,-0.0009941616562401,20,0
9.896,-0.0008927031562401,20,0
9.898,-0.0007895869562401,20,0
9.9,-0.0006864707562401,20,0
9.902,-0.0006477265562401,20,0
9.904000000000002,-0.0008038649562401,20,0
9.906,-0.0010318047562401,20,0
9.908,-0.0012469064562401,20,0
9.91,-0.0011625815562401,20,0
9.912,-0.0010613892562401,20,0
9.914,-0.0009601969562401,20,0
9.916,-0.0007441030562401,20,0
9.918,-0.0006325652562401,20,0
9.920000000000002,-0.0007338180562401,20,0
9.922,-0.0009504443562401,20,0
9.924,-0.0011949369562401,20,0
9.926,-0.0013167718562401,20,0
9.928,-0.0008113911562401,20,0
9.93,-0.0006345375562401,20,0
9.932,-0.0006500013562401,20,0
9.934,-0.0006654651562401,20,0
9.936000000000002,-0.0006809289562401,20,0
9.938,-0.0008797561562401,20,0
9.94,-0.0010984999562401,20,0
9.942,-0.0010922684562401,20,0
9.944,-0.0009857582062401,20,0
9.946,-0.0008792479562401,20,0
9.948,-0.0006360984562401,20,0
9.95,-0.0007900225562401,20,0
9.952000000000002,-0.0008666518562401,20,0
9.954,-0.0009432811562401,20,0
9.956,-0.0010199104562401,20,0
9.958,-0.0011635858562401,20,0
9.96,-0.0010964510229067,20,0
9.962,-0.0010293161895734,20,0
9.964,-0.0009621813562401,20,0
9.966,-0.0007469828562401,20,0
9.968000000000002,-0.0006306171562401,20,0
9.97,-0.0009473225562401,20,0
9.972,-0.0010615647062401,20,0
9.974,-0.0011758068562401,20,0
9.976,-0.0013051558562401,20,0
9.978,-0.0010314780562401,20,0
9.98,-0.0008089832562401,20,0
9.982,-0.0006281487562401,20,0
9.984000000000002,-0.0006662032562401,20,0
9.986,-0.0008776931062401,20,0
9.988,-0.0010891829562401,20,0
9.99,-0.0012779913562401,20,0
9.992,-0.0012521941562401,20,0
9.994,-0.0008860239562401,20,0
9.996,-0.0007780738062401,20,0
9.998,-0.0006701236562401,20,0
10.0,-0.0006509996062401,21,0
10.002,-0.0006318755562401,21,0
10.004,-0.0007884011562401,21,0
10.006,-0.0010178292562401,21,0
10.008,-0.0012838356562401,21,0
10.01,-0.0012216840062401,21,0
10.012,-0.0011595323562401,21,0
10.014,-0.0009599307562401,21,0
10.016,-0.0007286634562401,21,0
10.018,-0.0006142095562401,21,0
10.02,-0.0007196852562401,21,0
10.022,-0.0009404134562401,21,0
10.024,-0.0011677240562401,21,0
10.026,-0.0012945078562401,21,0
10.028,-0.0012117317562401,21,0
10.03,-0.0010316111562401,21,0
10.032,-0.0008193529562401,21,0
10.034,-0.0006429591562401,21,0
10.036,-0.0006772868562401,21,0
10.038,-0.0008735609562401,21,0
10.04,-0.0011054090562401,21,0
10.042,-0.0012612933562401,21,0
10.044,-0.0011845370062401,21,0
10.046,-0.0011077806562401,21,0
10.048,-0.0008961879562401,21,0
10.05,-0.0006835546562401,21,0
10.052,-0.0006399462562401,21,0
10.054,-0.0007966049562401,21,0
10.056,-0.0010325307562401,21,0
10.058,-0.0012473904562401,21,0
10.06,-0.0012931647562401,21,0
10.062,-0.0011713177562401,21,0
10.064,-0.0009714983562401,21,0
10.066,-0.0007506128562401,21,0
10.068,-0.0007229885562401,21,0
10.07,-0.0009387920562401,21,0
10.072,-0.0010505718562401,21,0
10.074,-0.0011623516562401,21,0
10.076,-0.0013051558562401,21,0
10.078,-0.0012221619562401,21,0
10.08,-0.0010440015562401,21,0
10.082,-0.0008273631562401,21,0
10.084,-0.0006460567562401,21,0
10.086,-0.0006730155562401,21,0
10.088,-0.0008657685562401,21,0
10.09,-0.0012854933562401,21,0
10.092,-0.0012625396562401,21,0
10.094,-0.0011853537562401,21,0
10.096,-0.0011081678562401,21,0
10.098,-0.0008997695562401,21,0
10.1,-0.0006865675562401,21,0
10.102,-0.0010209147562401,21,0
10.104,-0.0010934098895734,21,0
10.106,-0.0011659050229067,21,0
10.108,-0.0012384001562401,21,0
10.11,-0.0012986944562401,21,0
10.112,-0.0011805742562401,21,0
10.114,-0.0009767376562401,21,0
10.116,-0.0007570984562401,21,0
10.118,-0.0006296249562401,21,0
10.12,-0.0007197820562401,21,0
10.122,-0.0009371948562401,21,0
10.124,-0.0012987670562401,21,0
10.126,-0.0012256830562401,21,0
10.128,-0.0011476017562401,21,0
10.13,-0.0010695204562401,21,0
10.132,-0.0008294322562401,21,0
10.134,-0.0006376109562401,21,0
10.136,-0.0006691798562401,21,0
10.138,-0.0008545155562401,21,0
10.14,-0.0012808590562401,21,0
10.142,-0.0012735506562401,21,0
10.144,-0.0012662422562401,21,0
10.146,-0.0011167709562401,21,0
10.148,-0.0006988974562401,21,0
10.15,-0.0006479685562401,21,0
10.152,-0.0007980327562401,21,0
10.154,-0.0010205880562401,21,0
10.156,-0.0011274855062401,21,0
10.158,-0.0012343829562401,21,0
10.16,-0.0013054099562401,21,0
10.162,-0.0011903026562401,21,0
10.164,-0.0009903380562401,21,0
10.166,-0.0007657015562401,21,0
10.168,-0.0006268298562401,21,0
10.17,-0.0007124373562401,21,0
10.172,-0.0011506630562401,21,0
10.174,-0.0012115865562401,21,0
10.176,-0.0011537727562401,21,0
10.178,-0.0010959589562401,21,0
10.18,-0.0010381451562401,21,0
10.182,-0.0008369705562401,21,0
10.184,-0.0006511750562401,21,0
10.186,-0.0006715030562401,21,0
10.188,-0.0008605897562401,21,0
10.19,-0.0010849479562401,21,0
10.192,-0.0012866670562401,21,0
10.194,-0.0012690736562401,21,0
10.196,-0.0009116033562401,21,0
10.198,-0.0007001437562401,21,0
10.2,-0.0006461656562401,21,0
10.202,-0.0007145004062401,21,0
10.204,-0.0007828351562401,21,0
10.206,-0.0010118760562401,21,0
10.208,-0.0013006062562401,21,0
10.21,-0.0011465974562401,21,0
10.212,-0.0009925886562401,21,0
10.214,-0.0008158621062401,21,0
10.216,-0.0006391355562401,21,0
10.218,-0.0006809229062401,21,0
10.22,-0.0007227102562401,21,0
10.222,-0.0009373642562401,21,0
10.224,-0.0013116898562401,21,0
10.226,-0.0010603728562401,21,0
10.228,-0.0009256958229067,21,0
10.23,-0.0007910187895734,21,0
10.232,-0.0006563417562401,21,0
10.234,-0.0006744554562401,21,0
10.236,-0.0007662944562401,21,0
10.238,-0.0008581334562401,21,0
10.24,-0.0010828062562401,21,0
10.242,-0.0012697391562401,21,0
10.244,-0.0011956024562401,21,0
10.246,-0.0011214657562401,21,0
10.248,-0.0009214043562401,21,0
10.25,-0.0006438424562401,21,0
10.252,-0.0007852188562401,21,0
10.254,-0.0010063040062401,21,0
10.256,-0.0012273891562401,21,0
10.258,-0.0012606036562401,21,0
10.26,-0.0012938181562401,21,0
10.262,-0.0011791343562401,21,0
10.264,-0.0007776200562401,21,0
10.266,-0.0006394985562401,21,0
10.268,-0.0007163214562401,21,0
10.27,-0.0011494651562401,21,0
10.272,-0.0012324711562401,21,0
10.274,-0.0011901695562401,21,0
10.276,-0.0011478679562401,21,0
10.278,-0.0011055663562401,21,0
10.28,-0.0010632647562401,21,0
10.282,-0.0006562691562401,21,0
10.284,-0.0007570379562401,21,0
10.286,-0.0008578067562401,21,0
10.288,-0.0010664531062401,21,0
10.29,-0.0012750994562401,21,0
10.292,-0.0012711306562401,21,0
10.294,-0.0011989299562401,21,0
10.296,-0.0011267292562401,21,0
10.298,-0.0006997202562401,21,0
10.3,-0.0006340777562401,21,0
10.302,-0.0007005128062401,21,0
10.304,-0.0007669478562401,21,0
10.306,-0.0010013369562401,21,0
10.308,-0.0012329551562401,21,0
10.31,-0.0012963107562401,21,0
10.312,-0.0011904357562401,21,0
10.314,-0.0009926612562401,21,0
10.316,-0.0007718362562401,21,0
10.318,-0.0006344770562401,21,0
10.32,-0.0007145911562401,21,0
10.322,-0.0011507598562401,21,0
10.324,-0.0012291134062401,21,0
10.326,-0.0013074669562401,21,0
10.328,-0.0009863390062401,21,0
10.33,-0.0006652110562401,21,0
10.332,-0.0008460818562401,21,0
10.334,-0.0010616554562401,21,0
10.336,-0.0011665140562401,21,0
10.338,-0.0012713726562401,21,0
10.34,-0.0012731816062401,21,0
10.342,-0.0012749905562401,21,0
10.344,-0.0011301293562401,21,0
10.346,-0.0009252642562401,21,0
10.348,-0.0006348763562401,21,0
10.35,-0.0007605227562401,21,0
10.352,-0.0008720726562401,21,0
10.354,-0.0009836225562401,21,0
10.356,-0.0012120826562401,21,0
10.358,-0.0012969399562401,21,0
10.36,-0.0011850754562401,21,0
10.362,-0.0009956862562401,21,0
10.364,-0.0007762890562401,21,0
10.366,-0.0007055766562401,21,0
10.368,-0.0009183793562401,21,0
10.37,-0.0013044419562401,21,0
10.372,-0.0012714331562401,21,0
10.374,-0.0012384243562401,21,0
10.376,-0.0010739369562401,21,0
10.378,-0.0006704382562401,21,0
10.38,-0.0006762099562401,21,0
10.382,-0.0008526037562401,21,0
10.384,-0.0009654786062401,21,0
10.386,-0.0010783534562401,21,0
10.388,-0.0012841986562401,21,0
10.39,-0.0012910835562401,21,0
10.392,-0.0011479284562401,21,0
10.394,-0.0010431061562401,21,0
10.396,-0.0009382838562401,21,0
10.398,-0.0007241743562401,21,0
10.4,-0.0006456090562401,21,0
10.402,-0.0007737601562401,21,0
10.404,-0.0012145268562401,21,0
10.406,-0.0013031351562401,21,0
10.408,-0.0011946586562401,21,0
10.41,-0.0009962549562401,21,0
10.412,-0.0007716426562401,21,0
10.414,-0.0006203563562401,21,0
10.416,-0.0006598810062401,21,0
10.418,-0.0006994056562401,21,0
10.42,-0.0009089050562401,21,0
10.422,-0.0012366456562401,21,0
10.424,-0.0010701254562401,21,0
10.426,-0.0010021113562401,21,0
10.428,-0.0009340972562401,21,0
10.43,-0.0008660831562401,21,0
10.432,-0.0006672196562401,21,0
10.434,-0.0006524818562401,21,0
10.436,-0.0010644868562401,21,0
10.438,-0.0012727399562401,21,0
10.44,-0.0012790803562401,21,0
10.442,-0.0011446493562401,21,0
10.444,-0.0010409281562401,21,0
10.446,-0.0009372069562401,21,0
10.448,-0.0007230248562401,21,0
10.45,-0.0006455969562401,21,0
10.452,-0.0007653264562401,21,0
10.454,-0.0013117987562401,21,0
10.456,-0.0012539244562401,21,0
10.458,-0.0011960501562401,21,0
10.46,-0.0009920744062401,21,0
10.462,-0.0007880986562401,21,0
10.464,-0.0007102472562401,21,0
10.466,-0.0009181736562401,21,0
10.468,-0.0013059786562401,21,0
10.47,-0.0012498830562401,21,0
10.472,-0.0011674397062401,21,0
10.474,-0.0010849963562401,21,0
10.476,-0.0008703060562401,21,0
10.478,-0.0006692524562401,21,0
10.48,-0.0006614237562401,21,0
10.482,-0.0008284521562401,21,0
10.484,-0.0010577713562401,21,0
10.486,-0.0012896194562401,21,0
10.488,-0.0012192398062401,21,0
10.49,-0.0011488601562401,21,0
10.492,-0.0009440192562401,21,0
10.494,-0.0007256384562401,21,0
10.496,-0.0006405270562401,21,0
10.498,-0.0007671777562401,21,0
10.5,-0.0009907373562401,22,0
10.502,-0.0012123851562401,22,0
10.504,-0.0009284102562401,22,0
10.506,-0.0006444353562401,22,0
10.508,-0.0006751875062401,22,0
10.51,-0.0007059396562401,22,0
10.512,-0.0008099331062401,22,0
10.514,-0.0009139265562401,22,0
10.516,-0.0011384904562401,22,0
10.518,-0.0013061722562401,22,0
10.52,-0.0010860732562401,22,0
10.522,-0.0009792786562401,22,0
10.524,-0.0008724840562401,22,0
10.526,-0.0006722169562401,22,0
10.528,-0.0006591852562401,22,0
10.53,-0.0008257538562401,22,0
10.532,-0.0010609657562401,22,0
10.534,-0.0012801088562401,22,0
10.536,-0.0012886998562401,22,0
10.538,-0.0009466570562401,22,0
10.54,-0.0007271388562401,22,0
10.542,-0.0006384337562401,22,0
10.544,-0.0008110100062401,22,0
10.546,-0.0009835862562401,22,0
10.548,-0.0010947852562401,22,0
10.55,-0.0012059842562401,22,0
10.552,-0.0012100377562401,22,0
10.554,-0.0011143570062401,22,0
10.556,-0.0010186762562401,22,0
10.558,-0.0006403818562401,22,0
10.56,-0.0006701660062401,22,0
10.562,-0.0006999501562401,22,0
10.564,-0.0009051903562401,22,0
10.566,-0.0011282417562401,22,0
10.568,-0.0013050832562401,22,0
10.57,-0.0010891829562401,22,0
10.572,-0.0008795141562401,22,0
10.574,-0.0006698453562401,22,0
10.576,-0.0006617141562401,22,0
10.578,-0.0006535829562401,22,0
10.58,-0.0008190262562401,22,0
10.582,-0.0012539607562401,22,0
10.584,-0.0011448066562401,22,0
10.586,-0.0010762843562401,22,0
10.588,-0.0010077620562401,22,0
10.59,-0.0009392397562401,22,0
10.592,-0.0007255537562401,22,0
10.594,-0.0006332549562401,22,0
10.596,-0.0007471643562401,22,0
10.598,-0.0009701915562401,22,0
10.6,-0.0012050888562401,22,0
10.602,-0.0011418824895734,22,0
10.604,-0.0010786761229067,22,0
10.606,-0.0010154697562401,22,0
10.608,-0.0006379013562401,22,0
10.61,-0.0008770276062401,22,0
10.612,-0.0011161538562401,22,0
10.614,-0.0012072487062401,22,0
10.616,-0.0012983435562401,22,0
10.618,-0.0012511898562401,22,0
10.62,-0.0011724975062401,22,0
10.622,-0.0010938051562401,22,0
10.624,-0.0008808572562401,22,0
10.626,-0.0006703293562401,22,0
10.628,-0.0006451008562401,22,0
10.63,-0.0010377458562401,22,0
10.632,-0.0012883247562401,22,0
10.634,-0.0012213815062401,22,0
10.636,-0.0011544382562401,22,0
10.638,-0.0009487261562401,22,0
10.64,-0.0007339511562401,22,0
10.642,-0.0006417612562401,22,0
10.644,-0.0007568927562401,22,0
10.646,-0.0010354710562401,22,0
10.648,-0.0013140493562401,22,0
10.65,-0.0012178906562401,22,0
10.652,-0.0011217319562401,22,0
10.654,-0.0010255732562401,22,0
10.656,-0.0008135812562401,22,0
10.658,-0.0007268363562401,22,0
10.66,-0.0006400914562401,22,0
10.662,-0.0006903911562401,22,0
10.664,-0.0011194450562401,22,0
10.666,-0.0012528596562401,22,0
10.668,-0.0010928976562401,22,0
10.67,-0.0009854133562401,22,0
10.672,-0.0008779290562401,22,0
10.674,-0.0007668752562401,22,0
10.676,-0.0006558214562401,22,0
10.678,-0.0007346408562401,22,0
10.68,-0.0008134602562401,22,0
10.682,-0.0012623944562401,22,0
10.684,-0.0012761037562401,22,0
10.686,-0.0012898130562401,22,0
10.688,-0.0009558409562401,22,0
10.69,-0.0007959999562401,22,0
10.692,-0.0006361589562401,22,0
10.694,-0.0007458817562401,22,0
10.696,-0.0009662348562401,22,0
10.698,-0.0012161603562401,22,0
10.7,-0.0011552771895734,22,0
10.702,-0.0010943940229067,22,0
10.704,-0.0010335108562401,22,0
10.706,-0.0009268009562401,22,0
10.708,-0.0008200910562401,22,0
10.71,-0.0006496504562401,22,0
10.712,-0.0007006761562401,22,0
10.714,-0.0008952441562401,22,0
10.716,-0.0011120640562401,22,0
10.718,-0.0012949071562401,22,0
10.72,-0.0011026623562401,22,0
10.722,-0.0008919892562401,22,0
10.724,-0.0007895143562401,22,0
10.726,-0.0006870394562401,22,0
10.728,-0.0006593304562401,22,0
10.73,-0.0008147307562401,22,0
10.732,-0.0010419808562401,22,0
10.734,-0.0012580021562401,22,0
10.736,-0.0012962744562401,22,0
10.738,-0.0009698527562401,22,0
10.74,-0.0008630400062401,22,0
10.742,-0.0007562272562401,22,0
10.744,-0.0007574372562401,22,0
10.746,-0.0011951305562401,22,0
10.748,-0.0013167960562401,22,0
10.75,-0.0008233822562401,22,0
10.752,-0.0006977116562401,22,0
10.754,-0.0007611075895734,22,0
10.756,-0.0008245035229067,22,0
10.758,-0.0008878994562401,22,0
10.76,-0.0009915813312401,22,0
10.762,-0.0010952632062401,22,0
10.764,-0.0011989450812401,22,0
10.766,-0.0013026269562401,22,0
10.768,-0.0012639674562401,22,0
10.77,-0.0011047677562401,22,0
10.772,-0.0008889521562401,22,0
10.774,-0.0006807474562401,22,0
10.776,-0.0006519373562401,22,0
10.778,-0.0008072650562401,22,0
10.78,-0.0010393793562401,22,0
10.782,-0.0012549892562401,22,0
10.784,-0.0011643723562401,22,0
10.786,-0.0009605962562401,22,0
10.788,-0.0007461237562401,22,0
10.79,-0.0006430801562401,22,0
10.792,-0.0009633671562401,22,0
10.794,-0.0013201961562401,22,0
10.796,-0.0012744460562401,22,0
10.798,-0.0012286959562401,22,0
10.8,-0.0011385993562401,22,0
10.802,-0.0010485027562401,22,0
10.804,-0.0009408732562401,22,0
10.806,-0.0008332437562401,22,0
10.808,-0.0006547082562401,22,0
10.81,-0.0006936460562401,22,0
10.812,-0.0009976585562401,22,0
10.814,-0.0013016710562401,22,0
10.816,-0.0012841623562401,22,0
10.818,-0.0012666536562401,22,0
10.82,-0.0011111807562401,22,0
10.822,-0.0009004108562401,22,0
10.824,-0.0006568862562401,22,0
10.826,-0.0007309140562401,22,0
10.828,-0.0008049418562401,22,0
10.83,-0.0012559330562401,22,0
10.832,-0.0012738229062401,22,0
10.834,-0.0012917127562401,22,0
10.836,-0.0011682564562401,22,0
10.838,-0.0006463834562401,22,0
10.84,-0.0007397107562401,22,0
10.842,-0.0008482598562401,22,0
10.844,-0.0009568089562401,22,0
10.846,-0.0011839380562401,22,0
10.848,-0.0013104556562401,22,0
10.85,-0.0012685654562401,22,0
10.852,-0.0012266752562401,22,0
10.854,-0.0008315013562401,22,0
10.856,-0.0007427115562401,22,0
10.858,-0.0006539217562401,22,0
10.86,-0.0006864828562401,22,0
10.862,-0.0011069457562401,22,0
10.864,-0.0013022397562401,22,0
10.866,-0.0012843620062401,22,0
10.868,-0.0012664842562401,22,0
10.87,-0.0011129715562401,22,0
10.872,-0.0007013416562401,22,0
10.874,-0.0006636743562401,22,0
10.876,-0.0008521258062401,22,0
10.878,-0.0010405772562401,22,0
10.88,-0.0013179334562401,22,0
10.882,-0.0012518130062401,22,0
10.884,-0.0011856925562401,22,0
10.886,-0.0010848088062401,22,0
10.888,-0.0009839250562401,22,0
10.89,-0.0007611398562401,22,0
10.892,-0.0006473635562401,22,0
10.894,-0.0009635607562401,22,0
10.896,-0.0011879068562401,22,0
10.898,-0.0013078662562401,22,0
10.9,-0.0012665387062401,22,0
10.902,-0.0012252111562401,22,0
10.904,-0.0010498337562401,22,0
10.906,-0.0008330743562401,22,0
10.908,-0.0006517316562401,22,0
10.91,-0.0006882010562401,22,0
10.912,-0.0011019242562401,22,0
10.914,-0.0011982523562401,22,0
10.916,-0.0012945804562401,22,0
10.918,-0.0012661333562401,22,0
10.92,-0.0011114469562401,22,0
10.922,-0.0009082758562401,22,0
10.924,-0.0006575517562401,22,0
10.926,-0.0010362575562401,22,0
10.928,-0.0011080952562401,22,0
10.93,-0.0011799329562401,22,0
10.932,-0.0012517706562401,22,0
10.934,-0.0013060270562401,22,0
10.936,-0.0009838645562401,22,0
10.938,-0.0007617206562401,22,0
10.94,-0.0006423783562401,22,0
10.942,-0.0006910506062401,22,0
10.944,-0.0007397228562401,22,0
10.946,-0.0009511582562401,22,0
10.948,-0.0011824134562401,22,0
10.95,-0.0013169412562401,22,0
10.952,-0.0010512615562401,22,0
10.954,-0.0008519140562401,22,0
10.956,-0.0006525665562401,22,0
10.958,-0.0006817033562401,22,0
10.96,-0.0008760898562401,22,0
10.962,-0.0010950393562401,22,0
10.964,-0.0011150527562401,22,0
10.966,-0.0010460625895734,22,0
10.968,-0.0009770724229067,22,0
10.97,-0.0009080822562401,22,0
10.972,-0.0007879171562401,22,0
10.974,-0.0010165103562401,22,0
10.976,-0.0013036554562401,22,0
10.978,-0.0012417034562401,22,0
10.98,-0.0011797514562401,22,0
10.982,-0.0009828723562401,22,0
10.984,-0.0009287369562401,22,0
10.986,-0.0008746015562401,22,0
10.988,-0.0008204661562401,22,0
10.99,-0.0007663307562401,22,0
10.992,-0.0006397405562401,22,0
10.994,-0.0007285545562401,22,0
10.996,-0.0011745726562401,22,0
10.998,-0.0013145091562401,22,0
11.0,-0.0011866303062401,23,0
11.002,-0.0010587514562401,23,0
11.004,-0.0008487438562401,23,0
11.006,-0.0006927143562401,23,0
11.008,-0.0011032673562401,23,0
11.01,-0.0012977506562401,23,0
11.012,-0.0012773621562401,23,0
11.014,-0.0012282280895734,23,0
11.016,-0.0011790940229067,23,0
11.018,-0.0011299599562401,23,0
11.02,-0.0010247020562401,23,0
11.022,-0.0009194441562401,23,0
11.024,-0.0007049837562401,23,0
11.026,-0.0006492390562401,23,0
11.028,-0.0010211204562401,23,0
11.03,-0.0011330636062401,23,0
11.032,-0.0012450067562401,23,0
11.034,-0.0011898186562401,23,0
11.036,-0.0010892434562401,23,0
11.038,-0.0009886682562401,23,0
11.04,-0.0007634751562401,23,0
11.042,-0.0006349973562401,23,0
11.044,-0.0007240049562401,23,0
11.046,-0.0009366019562401,23,0
11.048,-0.0011610811562401,23,0
11.05,-0.0013117987562401,23,0
11.052,-0.0012388478562401,23,0
11.054,-0.0010658904562401,23,0
11.056,-0.0006573944562401,23,0
11.058,-0.0008672931562401,23,0
11.06,-0.0010068021229067,23,0
11.062,-0.0011463110895734,23,0
11.064,-0.0012858200562401,23,0
11.066,-0.0012081562062401,23,0
11.068,-0.0011304923562401,23,0
11.07,-0.0007000106562401,23,0
11.072,-0.0006797592895734,23,0
11.074,-0.0006595079229067,23,0
11.076,-0.0006392565562401,23,0
11.078,-0.0007758534562401,23,0
11.08,-0.0012332092562401,23,0
11.082,-0.0011906293562401,23,0
11.084,-0.0011247690562401,23,0
11.086,-0.0010589087562401,23,0
11.088,-0.0009930484562401,23,0
11.09,-0.0007267395562401,23,0
11.092,-0.0009462033062401,23,0
11.094,-0.0011656670562401,23,0
11.096,-0.0013157554562401,23,0
11.098,-0.0012390898562401,23,0
11.1,-0.0010676691562401,23,0
11.102,-0.0009960936229067,23,0
11.104,-0.0009245180895734,23,0
11.106,-0.0008529425562401,23,0
11.108,-0.0006553253562401,23,0
11.11,-0.0008519382562401,23,0
11.112,-0.0009668096062401,23,0
11.114,-0.0010816809562401,23,0
11.116,-0.0012778824562401,23,0
11.118,-0.0011241882562401,23,0
11.12,-0.0009158262562401,23,0
11.122,-0.0006999743562401,23,0
11.124,-0.0006350820562401,23,0
11.126,-0.0007732277562401,23,0
11.128,-0.0008871976562401,23,0
11.13,-0.0010011675562401,23,0
11.132,-0.0012949192562401,23,0
11.134,-0.0012413888562401,23,0
11.136,-0.0011878584562401,23,0
11.138,-0.0009926491562401,23,0
11.14,-0.0007682788562401,23,0
11.142,-0.0007152445562401,23,0
11.144,-0.0008198006562401,23,0
11.146,-0.0009243567562401,23,0
11.148,-0.0013141219562401,23,0
11.15,-0.0012773682062401,23,0
11.152,-0.0012406144562401,23,0
11.154,-0.0010649829562401,23,0
11.156,-0.0006628757562401,23,0
11.158,-0.0006660883062401,23,0
11.16,-0.0006693008562401,23,0
11.162,-0.0008471103562401,23,0
11.164,-0.0012792497562401,23,0
11.166,-0.0012781365562401,23,0
11.168,-0.0012089608562401,23,0
11.17,-0.0011397851562401,23,0
11.172,-0.0007018377562401,23,0
11.174,-0.0007353426562401,23,0
11.176,-0.0007688475562401,23,0
11.178,-0.0012208793562401,23,0
11.18,-0.0011892499562401,23,0
11.182,-0.0011406079562401,23,0
11.184,-0.0010919659562401,23,0
11.186,-0.0010433239562401,23,0
11.188,-0.0009946819562401,23,0
11.19,-0.0007755146562401,23,0
11.192,-0.0006265757562401,23,0
11.194,-0.0009122325562401,23,0
11.196,-0.0011386356562401,23,0
11.198,-0.0012315152562401,23,0
11.2,-0.0011513164562401,23,0
11.202,-0.0010711176562401,23,0
11.204,-0.0009629799562401,23,0
11.206,-0.0008548422562401,23,0
11.208,-0.0006550954562401,23,0
11.21,-0.0006658523562401,23,0
11.212,-0.0008423429562401,23,0
11.214,-0.0010682862562401,23,0
11.216,-0.0012801693562401,23,0
11.218,-0.0012764425562401,23,0
11.22,-0.0011348725562401,23,0
11.222,-0.0009336737562401,23,0
11.224,-0.0007301880562401,23,0
11.226,-0.0007794834562401,23,0
11.228,-0.0010087300562401,23,0
11.23,-0.0012163781562401,23,0
11.232,-0.0011931703562401,23,0
11.234,-0.0010982942562401,23,0
11.236,-0.0010034181562401,23,0
11.238,-0.0008963089562401,23,0
11.24,-0.0007891997562401,23,0
11.242,-0.0006418338562401,23,0
11.244,-0.0007137804562401,23,0
11.246,-0.0011512438562401,23,0
11.248,-0.0013038127562401,23,0
11.25,-0.0010758971562401,23,0
11.252,-0.0008638083562401,23,0
11.254,-0.0006664331562401,23,0
11.256,-0.0006679759062401,23,0
11.258,-0.0006695186562401,23,0
11.26,-0.0007543941062401,23,0
11.262,-0.0008392695562401,23,0
11.264,-0.0010709845562401,23,0
11.266,-0.0012842470562401,23,0
11.268,-0.0012122218062401,23,0
11.27,-0.0011401965562401,23,0
11.272,-0.0009325363562401,23,0
11.274,-0.0007697792562401,23,0
11.276,-0.0009972834562401,23,0
11.278,-0.0011060685062401,23,0
11.28,-0.0012148535562401,23,0
11.282,-0.0012604342562401,23,0
11.284,-0.0013060149562401,23,0
11.286,-0.0010055235562401,23,0
11.288,-0.0007856060562401,23,0
11.29,-0.0007430866562401,23,0
11.292,-0.0007005672562401,23,0
11.294,-0.0009164796562401,23,0
11.296,-0.0011323920562401,23,0
11.298,-0.0013018767562401,23,0
11.3,-0.0012392350562401,23,0
11.302,-0.0011552913062401,23,0
11.304,-0.0010713475562401,23,0
11.306,-0.0008619812562401,23,0
11.308,-0.0006667719562401,23,0
11.31,-0.0008340423562401,23,0
11.312,-0.0010546495562401,23,0
11.314,-0.0012752567562401,23,0
11.316,-0.0012302770229067,23,0
11.318,-0.0011852972895734,23,0
11.32,-0.0011403175562401,23,0
11.322,-0.0007169264562401,23,0
11.324,-0.0006443506562401,23,0
11.326,-0.0009231467562401,23,0
11.328,-0.0012019428562401,23,0
11.33,-0.0012989364562401,23,0
11.332,-0.0012470274562401,23,0
11.334,-0.0011951184562401,23,0
11.336,-0.0010986028062401,23,0
11.338,-0.0010020871562401,23,0
11.34,-0.0007847953562401,23,0
11.342,-0.0007060848562401,23,0
11.344,-0.0009084210562401,23,0
11.346,-0.0010175449062401,23,0
11.348,-0.0011266687562401,23,0
11.35,-0.0012995777562401,23,0
11.352,-0.0012494595562401,23,0
11.354,-0.0010802531562401,23,0
11.356,-0.0008669906562401,23,0
11.358,-0.0006738988562401,23,0
11.36,-0.0006639284562401,23,0
11.362,-0.0012694608562401,23,0
11.364,-0.0012866307562401,23,0
11.366,-0.0011521513562401,23,0
11.368,-0.0010829796895734,23,0
11.37,-0.0010138080229067,23,0
11.372,-0.0009446363562401,23,0
11.374,-0.0007609704562401,23,0
11.376,-0.0008357363562401,23,0
11.378,-0.0009105022562401,23,0
11.38,-0.0009852681562401,23,0
11.382,-0.0011994744562401,23,0
11.384,-0.0013015621562401,23,0
11.386,-0.0012034795562401,23,0
11.388,-0.0010098190562401,23,0
11.39,-0.0007905549562401,23,0
11.392,-0.0006290804562401,23,0
11.394,-0.0006947229562401,23,0
11.396,-0.0009089413562401,23,0
11.398,-0.0011297058562401,23,0
11.4,-0.0012538397562401,23,0
11.402,-0.0006732091562401,23,0
11.404,-0.0006670462229067,23,0
11.406,-0.0006608832895734,23,0
11.408,-0.0006547203562401,23,0
11.41,-0.0008538621562401,23,0
11.412,-0.0010530039562401,23,0
11.414,-0.0011615833062401,23,0
11.416,-0.0012701626562401,23,0
11.418,-0.0012900550562401,23,0
11.42,-0.0011610932562401,23,0
11.422,-0.0009533362562401,23,0
11.424,-0.0007351611562401,23,0
11.426,-0.0006486340562401,23,0
11.428,-0.0007610309562401,23,0
11.43,-0.0009861393562401,23,0
11.432,-0.0013167113562401,23,0
11.434,-0.0012132079562401,23,0
11.436,-0.0011195116062401,23,0
11.438,-0.0010258152562401,23,0
11.44,-0.0008099996562401,23,0
11.442,-0.0006560876562401,23,0
11.444,-0.0007115056562401,23,0
11.446,-0.0009118090562401,23,0
11.448,-0.0011355743562401,23,0
11.45,-0.0013058939562401,23,0
11.452,-0.0008809056562401,23,0
11.454,-0.0006776498562401,23,0
11.456,-0.0006696880562401,23,0
11.458,-0.0006617262562401,23,0
11.46,-0.0012622371562401,23,0
11.462,-0.0012741133062401,23,0
11.464,-0.0012859894562401,23,0
11.466,-0.0012187981562401,23,0
11.468,-0.0011516068562401,23,0
11.47,-0.0009449993562401,23,0
11.472,-0.0007315553562401,23,0
11.474,-0.0006376109562401,23,0
11.476,-0.0007479629562401,23,0
11.478,-0.0009735190562401,23,0
11.48,-0.0012107274562401,23,0
11.482,-0.0013138073562401,23,0
11.484,-0.0012168258562401,23,0
11.486,-0.0010334382562401,23,0
11.488,-0.0006385063562401,23,0
11.49,-0.0009009553562401,23,0
11.492,-0.0011245875562401,23,0
11.494,-0.0011870759895734,23,0
11.496,-0.0012495644229067,23,0
11.498,-0.0013120528562401,23,0
11.5,-0.0012582562562401,24,0
11.502,-0.0010900299562401,24,0
11.504,-0.0006795011562401,24,0
11.506,-0.0006621255562401,24,0
11.508,-0.0007438308062401,24,0
11.51,-0.0008255360562401,24,0
11.512,-0.0010609536562401,24,0
11.514,-0.0012834847562401,24,0
11.516,-0.0013000254562401,24,0
11.518,-0.0011658606562401,24,0
11.52,-0.0007441151562401,24,0
11.522,-0.0006955699562401,24,0
11.524,-0.0006470247562401,24,0
11.526,-0.0007534684562401,24,0
11.528,-0.0009734222562401,24,0
11.53,-0.0013078420562401,24,0
11.532,-0.0012145268562401,24,0
11.534,-0.0010297114562401,24,0
11.536,-0.0008079789562401,24,0
11.538,-0.0007232124062401,24,0
11.54,-0.0006384458562401,24,0
11.542,-0.0006910445562401,24,0
11.544,-0.0008931629562401,24,0
11.546,-0.0013060996562401,24,0
11.548,-0.0010983668562401,24,0
11.55,-0.0008856609562401,24,0
11.552,-0.0007824963562401,24,0
11.554,-0.0006793317562401,24,0
11.556,-0.0006670260562401,24,0
11.558,-0.0006547203562401,24,0
11.56,-0.0008089711562401,24,0
11.562,-0.0010390889562401,24,0
11.564,-0.0012914828562401,24,0
11.566,-0.0011623274562401,24,0
11.568,-0.0010585034062401,24,0
11.57,-0.0009546793562401,24,0
11.572,-0.0007336970562401,24,0
11.574,-0.0006301331562401,24,0
11.576,-0.0007394203562401,24,0
11.578,-0.0009592410562401,24,0
11.58,-0.0011850149562401,24,0
11.582,-0.0012947619562401,24,0
11.584,-0.0012015798562401,24,0
11.586,-0.0008088622562401,24,0
11.588,-0.0006400793562401,24,0
11.59,-0.0007603715062401,24,0
11.592,-0.0008806636562401,24,0
11.594,-0.0011042958562401,24,0
11.596,-0.0012547714562401,24,0
11.598,-0.0012015516229067,24,0
11.6,-0.0011483317895734,24,0
11.602,-0.0010951119562401,24,0
11.604,-0.0008846082562401,24,0
11.606,-0.0006742255562401,24,0
11.608,-0.0006476660562401,24,0
11.61,-0.0008038528562401,24,0
11.612,-0.0010320830562401,24,0
11.614,-0.0012529564562401,24,0
11.616,-0.0012900913562401,24,0
11.618,-0.0011614078562401,24,0
11.62,-0.0009629557562401,24,0
11.622,-0.0006427655562401,24,0
11.624,-0.0006954550062401,24,0
11.626,-0.0007481444562401,24,0
11.628,-0.0009751041562401,24,0
11.63,-0.0012035279562401,24,0
11.632,-0.0012250417562401,24,0
11.634,-0.0010248230562401,24,0
11.636,-0.0008246043562401,24,0
11.638,-0.0007570319062401,24,0
11.64,-0.0006894594562401,24,0
11.642,-0.0008859997562401,24,0
11.644,-0.0010016576062401,24,0
11.646,-0.0011173154562401,24,0
11.648,-0.0013127909562401,24,0
11.65,-0.0012690010562401,24,0
11.652,-0.0011125238562401,24,0
11.654,-0.0008991282562401,24,0
11.656,-0.0006971187562401,24,0
11.658,-0.0006643156562401,24,0
11.66,-0.0008141015562401,24,0
11.662,-0.0012595751562401,24,0
11.664,-0.0013007272562401,24,0
11.666,-0.0012364762562401,24,0
11.668,-0.0011722252562401,24,0
11.67,-0.0007604743562401,24,0
11.672,-0.0007534684562401,24,0
11.674,-0.0007464625562401,24,0
11.676,-0.0009597250562401,24,0
11.678,-0.0012161361562401,24,0
11.68,-0.0010819874895734,24,0
11.682,-0.0009478388229067,24,0
11.684,-0.0008136901562401,24,0
11.686,-0.0006348521562401,24,0
11.688,-0.0006577332562401,24,0
11.69,-0.0006806143562401,24,0
11.692,-0.0008798287562401,24,0
11.694,-0.0011039691562401,24,0
11.696,-0.0012955484562401,24,0
11.698,-0.0012620556562401,24,0
11.7,-0.0011045620562401,24,0
11.702,-0.0008947117562401,24,0
11.704,-0.0006893626562401,24,0
11.706,-0.0006486703562401,24,0
11.708,-0.0007991217562401,24,0
11.71,-0.0010270857562401,24,0
11.712,-0.0011746815562401,24,0
11.714,-0.0010322363229067,24,0
11.716,-0.0008897910895734,24,0
11.718,-0.0007473458562401,24,0
11.72,-0.0006353845562401,24,0
11.722,-0.0006868337562401,24,0
11.724,-0.0007382829562401,24,0
11.726,-0.0009539049562401,24,0
11.728,-0.0011719711562401,24,0
11.73,-0.0012294461562401,24,0
11.732,-0.0010515156562401,24,0
11.734,-0.0009396088062401,24,0
11.736,-0.0008277019562401,24,0
11.738,-0.0006457058562401,24,0
11.74,-0.0008763802562401,24,0
11.742,-0.0009861696062401,24,0
11.744,-0.0010959589562401,24,0
11.746,-0.0012996866562401,24,0
11.748,-0.0012752325562401,24,0
11.75,-0.0011209696562401,24,0
11.752,-0.0009063277562401,24,0
11.754,-0.0006951585562401,24,0
11.756,-0.0006473151562401,24,0
11.758,-0.0007953344562401,24,0
11.76,-0.0012390656562401,24,0
11.762,-0.0012953306562401,24,0
11.764,-0.0011305165562401,24,0
11.766,-0.0009657024562401,24,0
11.768,-0.0008020983562401,24,0
11.77,-0.0006384942562401,24,0
11.772,-0.0006846436562401,24,0
11.774,-0.0007307930562401,24,0
11.776,-0.0009418170562401,24,0
11.778,-0.0011673852562401,24,0
11.78,-0.0013003400562401,24,0
11.782,-0.0012178785562401,24,0
11.784,-0.0010386775562401,24,0
11.786,-0.0008192440562401,24,0
11.788,-0.0006309680562401,24,0
11.79,-0.0008619449562401,24,0
11.792,-0.0010880939562401,24,0
11.794,-0.0012824683562401,24,0
11.796,-0.0012711125062401,24,0
11.798,-0.0012597566562401,24,0
11.8,-0.0011042474562401,24,0
11.802,-0.0008959096562401,24,0
11.804,-0.0006907420562401,24,0
11.806,-0.0006361710562401,24,0
11.808,-0.0007820365562401,24,0
11.81,-0.0012285991562401,24,0
11.812,-0.0012021364562401,24,0
11.814,-0.0011756737562401,24,0
11.816,-0.0009753098562401,24,0
11.818,-0.0007581995562401,24,0
11.82,-0.0006327346562401,24,0
11.822,-0.0007877961562401,24,0
11.824,-0.0009428576562401,24,0
11.826,-0.0011659816562401,24,0
11.828,-0.0012371478062401,24,0
11.83,-0.0013083139562401,24,0
11.832,-0.0012287685562401,24,0
11.834,-0.0010510074562401,24,0
11.836,-0.0006441691562401,24,0
11.838,-0.0006596571562401,24,0
11.84,-0.0006751451562401,24,0
11.842,-0.0008682853562401,24,0
11.844,-0.0012847915562401,24,0
11.846,-0.0012773984562401,24,0
11.848,-0.0012700053562401,24,0
11.85,-0.0009084694562401,24,0
11.852,-0.0008014994062401,24,0
11.854,-0.0006945293562401,24,0
11.856,-0.0006401156562401,24,0
11.858,-0.0007852672562401,24,0
11.86,-0.0013009208562401,24,0
11.862,-0.0011916094562401,24,0
11.864,-0.0010822980562401,24,0
11.866,-0.0009729866562401,24,0
11.868,-0.0007144217562401,24,0
11.87,-0.0009307455562401,24,0
11.872,-0.0011116708062401,24,0
11.874,-0.0012925960562401,24,0
11.876,-0.0012645401895734,24,0
11.878,-0.0012364843229067,24,0
11.88,-0.0012084284562401,24,0
11.882,-0.0008147428562401,24,0
11.884,-0.0006261885562401,24,0
11.886,-0.0007240654562401,24,0
11.888,-0.0008219423562401,24,0
11.89,-0.0009390885062401,24,0
11.892,-0.0010562346562401,24,0
11.894,-0.0012539244562401,24,0
11.896,-0.0012433248562401,24,0
11.898,-0.0010998672562401,24,0
11.9,-0.0008815590562401,24,0
11.902,-0.0006086314562401,24,0
11.904,-0.0007958910562401,24,0
11.906,-0.0009831506562401,24,0
11.908,-0.0010899573562401,24,0
11.91,-0.0011967640562401,24,0
11.912,-0.0009761084562401,24,0
11.914,-0.0009116315895734,24,0
11.916,-0.0008471547229067,24,0
11.918,-0.0007826778562401,24,0
11.92,-0.0006470005562401,24,0
11.922,-0.0009530942562401,24,0
11.924,-0.0011949611562401,24,0
11.926,-0.0012215448562401,24,0
11.928,-0.0012481285562401,24,0
11.93,-0.0010778452562401,24,0
11.932,-0.0009738820562401,24,0
11.934,-0.0008699188562401,24,0
11.936,-0.0010332688562401,24,0
11.938,-0.0014593824562401,24,0
11.94,-0.0014386914562401,24,0
11.942,-0.0013883221812401,24,0
11.944,-0.0013379529062401,24,0
11.946,-0.0012875836312401,24,0
11.948,-0.0012372143562401,24,0
11.95,-0.0009161892562401,24,0
11.952,-0.0007713159562401,24,0
11.954,-0.0010229899062401,24,0
11.956,-0.0012746638562401,24,0
11.958,-0.0016415842562401,24,0
11.96,-0.0011705191562401,24,0
11.962,-0.0012699472762401,24,0
11.964,-0.0013693753962401,24,0
11.966,-0.0014688035162401,24,0
11.968,-0.0015682316362401,24,0
11.97,-0.0016676597562401,24,0
11.972,-0.0017683136062401,24,0
11.974,-0.0018689674562401,24,0
11.976,-0.0016193928562401,24,0
11.978,-0.0013698182562401,24,0
11.98,-0.0013916103562401,24,0
11.982,-0.0014436857312401,24,0
11.984,-0.0014957611062401,24,0
11.986,-0.0015478364812401,24,0
11.988,-0.0015999118562401,24,0
11.99,-0.0018716657562401,24,0
11.992,-0.0018207429062401,24,0
11.994,-0.0017698200562401,24,0
11.996,-0.0015540165562401,24,0
11.998,-0.0015099846562401,24,0
12.0,-0.0014659527562401,25,1
12.002,-0.0018612960562401,25,1
12.004,-0.0018512016312401,25,1
12.006,-0.0018411072062401,25,1
12.008,-0.0018310127812401,25,1
12.01,-0.0018209183562401,25,1
12.012,-0.0017049277562401,25,1
12.014,-0.0015889371562401,25,1
12.016,-0.0015163190062401,25,1
12.018,-0.0014437008562401,25,1
12.02,-0.0015134452562401,25,1
12.022,-0.0017146440562401,25,1
12.024,-0.0019801422562401,25,1
12.026,-0.0017856468562401,25,1
12.028,-0.0016689726062401,25,1
12.03,-0.0015522983562401,25,1
12.032,-0.0013315459562401,25,1
12.034,-0.0014672595562401,25,1
12.036,-0.0015911554895734,25,1
12.038,-0.0017150514229067,25,1
12.04,-0.0018389473562401,25,1
12.042,-0.0016605449562401,25,1
12.044,-0.0015395147062401,25,1
12.046,-0.0014184844562401,25,1
12.048,-0.0011799208562401,25,1
12.05,-0.0013974425562401,25,1
12.052,-0.0016149642562401,25,1
12.054,-0.0016818772562401,25,1
12.056,-0.0016394949895734,25,1
12.058,-0.0015971127229067,25,1
12.06,-0.0015547304562401,25,1
12.062,-0.0013202385062401,25,1
12.064,-0.0010857465562401,25,1
12.066,-0.0009637422562401,25,1
12.068,-0.0011643602562401,25,1
12.07,-0.0012361898895734,25,1
12.072,-0.0013080195229067,25,1
12.074,-0.0013798491562401,25,1
12.076,-0.0014475123562401,25,1
12.078,-0.0012445590562401,25,1
12.08,-0.0010416057562401,25,1
12.082,-0.0008394026562401,25,1
12.084,-0.0008374666562401,25,1
12.086,-0.0010097464562401,25,1
12.088,-0.0011179386062401,25,1
12.09,-0.0012261307562401,25,1
12.092,-0.0014109582562401,25,1
12.094,-0.0012554006562401,25,1
12.096,-0.0010310061562401,25,1
12.098,-0.0007336607562401,25,1
12.1,-0.0007738529229067,25,1
12.102,-0.0008140450895734,25,1
12.104,-0.0008542372562401,25,1
12.106,-0.0012995777562401,25,1
12.108,-0.0013401732562401,25,1
12.11,-0.0013807687562401,25,1
12.112,-0.0008564394562401,25,1
12.114,-0.0007752847562401,25,1
12.116,-0.0007921219062401,25,1
12.118,-0.0008089590562401,25,1
12.12,-0.0008790422562401,25,1
12.122,-0.0009491254562401,25,1
12.124,-0.0011818568562401,25,1
12.126,-0.0013223257562401,25,1
12.128,-0.0012687832562401,25,1
12.13,-0.0007606074562401,25,1
12.132,-0.0010208421562401,25,1
12.134,-0.0012173824562401,25,1
12.136,-0.0013019977562401,25,1
12.138,-0.0013866130562401,25,1
12.14,-0.0013818214562401,25,1
12.142,-0.0008370794562401,25,1
12.144,-0.0009153906562401,25,1
12.146,-0.0009834592062401,25,1
12.148,-0.0010515277562401,25,1
12.15,-0.0011195963062401,25,1
12.152,-0.0011876648562401,25,1
12.154,-0.0013552498562401,25,1
12.156,-0.0015228348562401,25,1
12.158,-0.0016293088062401,25,1
12.16,-0.0017357827562401,25,1
12.162,-0.0017131920562401,25,1
12.164,-0.0015042371562401,25,1
12.166,-0.0010740579562401,25,1
12.168,-0.0011980769062401,25,1
12.17,-0.0013220958562401,25,1
12.172,-0.0014779196562401,25,1
12.174,-0.0016337434562401,25,1
12.176,-0.0018582710562401,25,1
12.178,-0.0018718956562401,25,1
12.18,-0.0017108567562401,25,1
12.182,-0.0015044186562401,25,1
12.184,-0.0013170864562401,25,1
12.186,-0.0013512447562401,25,1
12.188,-0.0015269367562401,25,1
12.19,-0.0018289406562401,25,1
12.192,-0.0017838197562401,25,1
12.194,-0.0017386988562401,25,1
12.196,-0.0016935779562401,25,1
12.198,-0.0015238633562401,25,1
12.2,-0.0014965899562401,25,1
12.202,-0.0015662678062401,25,1
12.204,-0.0016359456562401,25,1
12.206,-0.0016071385812401,25,1
12.208,-0.0015783315062401,25,1
12.21,-0.0015495244312401,25,1
12.212,-0.0015207173562401,25,1
12.214,-0.0015539318562401,25,1
12.216,-0.0016845755562401,25,1
12.218,-0.0018152192562401,25,1
12.22,-0.0017581768312401,25,1
12.222,-0.0017011344062401,25,1
12.224,-0.0016440919812401,25,1
12.226,-0.0015870495562401,25,1
12.228,-0.0015819433562401,25,1
12.23,-0.0016183111162401,25,1
12.232,-0.0016546788762401,25,1
12.234,-0.0016910466362401,25,1
12.236,-0.0017274143962401,25,1
12.238,-0.0017637821562401,25,1
12.24,-0.0017800009962401,25,1
12.242,-0.0017962198362401,25,1
12.244,-0.0018124386762401,25,1
12.246,-0.0018286575162401,25,1
12.248,-0.0018448763562401,25,1
12.25,-0.0015975765562401,25,1
12.252,-0.0015838551562401,25,1
12.254,-0.0018046317562401,25,1
12.256,-0.0018633651562401,25,1
12.258,-0.0019220985562401,25,1
12.26,-0.0019808319562401,25,1
12.262,-0.0018653374562401,25,1
12.264,-0.0017498429562401,25,1
12.266,-0.0014898260562401,25,1
12.268,-0.0012833879562401,25,1
12.27,-0.0013169896562401,25,1
12.272,-0.0015098757562401,25,1
12.274,-0.0017362062562401,25,1
12.276,-0.0019047834562401,25,1
12.278,-0.0018304652562401,25,1
12.28,-0.0013579239562401,25,1
12.282,-0.0012932373562401,25,1
12.284,-0.0012285507562401,25,1
12.286,-0.0014620686562401,25,1
12.288,-0.0015370765562401,25,1
12.29,-0.0016120844562401,25,1
12.292,-0.0016870923562401,25,1
12.294,-0.0016907949562401,25,1
12.296,-0.0015245167562401,25,1
12.298,-0.0012605552562401,25,1
12.3,-0.0014843205562401,25,1
12.302,-0.0015377844062401,25,1
12.304,-0.0015912482562401,25,1
12.306,-0.0015611132062401,25,1
12.308,-0.0015309781562401,25,1
12.31,-0.0015008431062401,25,1
12.312,-0.0014707080562401,25,1
12.314,-0.0012533194562401,25,1
12.316,-0.0008124438562401,25,1
12.318,-0.0010714080562401,25,1
12.32,-0.0011936785562401,25,1
12.322,-0.0013159490562401,25,1
12.324,-0.0015121868562401,25,1
12.326,-0.0014444389562401,25,1
12.328,-0.0012588975562401,25,1
12.33,-0.0010313449562401,25,1
12.332,-0.0008037560562401,25,1
12.334,-0.0007728889562401,25,1
12.336,-0.0009442007562401,25,1
12.338,-0.0014079695562401,25,1
12.34,-0.0014313346562401,25,1
12.342,-0.0013816117229067,25,1
12.344,-0.0013318887895734,25,1
12.346,-0.0012821658562401,25,1
12.348,-0.0010562709562401,25,1
12.35,-0.0008239146562401,25,1
12.352,-0.0007184873562401,25,1
12.354,-0.0008317191562401,25,1
12.356,-0.0010634341562401,25,1
12.358,-0.0013044782562401,25,1
12.36,-0.0013064142562401,25,1
12.362,-0.0012051433062401,25,1
12.364,-0.0011038723562401,25,1
12.366,-0.0006965742562401,25,1
12.368,-0.0007262374062401,25,1
12.37,-0.0007559005562401,25,1
12.372,-0.0011975747562401,25,1
12.374,-0.0009383927562401,25,1
12.376,-0.0007300791562401,25,1
12.378,-0.0007255392362401,25,1
12.38,-0.0007209993162401,25,1
12.382,-0.0007164593962401,25,1
12.384,-0.0007119194762401,25,1
12.386,-0.0007073795562401,25,1
12.388,-0.0008746862562401,25,1
12.39,-0.0013303843562401,25,1
12.392,-0.0013466407062401,25,1
12.394,-0.0013628970562401,25,1
12.396,-0.0012180963562401,25,1
12.398,-0.0009981062562401,25,1
12.4,-0.0007687991562401,25,1
12.402,-0.0006667356562401,25,1
12.404,-0.0007822180562401,25,1
12.406,-0.0012532952562401,25,1
12.408,-0.0011607484062401,25,1
12.41,-0.0010682015562401,25,1
12.412,-0.0008433593562401,25,1
12.414,-0.0006712126562401,25,1
12.416,-0.0006953642562401,25,1
12.418,-0.0007195158562401,25,1
12.42,-0.0008207081562401,25,1
12.422,-0.0009219004562401,25,1
12.424,-0.0011498160562401,25,1
12.426,-0.0013411896562401,25,1
12.428,-0.0012962623562401,25,1
12.43,-0.0008947359562401,25,1
12.432,-0.0006850671562401,25,1
12.434,-0.0006726767562401,25,1
12.436,-0.0006602863562401,25,1
12.438,-0.0008236363562401,25,1
12.44,-0.0012864371562401,25,1
12.442,-0.0013249151562401,25,1
12.444,-0.0011520727062401,25,1
12.446,-0.0009792302562401,25,1
12.448,-0.0007492092562401,25,1
12.45,-0.0006934766562401,25,1
12.452,-0.0006377440562401,25,1
12.454,-0.0007495964562401,25,1
12.456,-0.0009781049562401,25,1
12.458,-0.0012193668562401,25,1
12.46,-0.0013431256562401,25,1
12.462,-0.0012361495562401,25,1
12.464,-0.0009375639062401,25,1
12.466,-0.0006389782562401,25,1
12.468,-0.0006887576562401,25,1
12.47,-0.0008897507562401,25,1
12.472,-0.0011264509562401,25,1
12.474,-0.0013249998562401,25,1
12.476,-0.0012793102562401,25,1
12.478,-0.0011132982562401,25,1
12.48,-0.0006769238562401,25,1
12.482,-0.0006628697062401,25,1
12.484,-0.0006488155562401,25,1
12.486,-0.0008102658562401,25,1
12.488,-0.0010511526562401,25,1
12.49,-0.0012754866562401,25,1
12.492,-0.0013140372562401,25,1
12.494,-0.0011770047562401,25,1
12.496,-0.0009612859562401,25,1
12.498,-0.0007430503562401,25,1
12.5,-0.0007332009562401,26,0
12.502,-0.0008470619562401,26,0
12.504,-0.0009609229562401,26,0
12.506,-0.0011941504562401,26,0
12.508,-0.0013256290562401,26,0
12.51,-0.0012293735562401,26,0
12.512,-0.0008139442562401,26,0
12.514,-0.0006368607562401,26,0
12.516,-0.0006783395562401,26,0
12.518,-0.0008816074562401,26,0
12.52,-0.0009984511062401,26,0
12.522,-0.0011152947562401,26,0
12.524,-0.0013162757562401,26,0
12.526,-0.0011163595562401,26,0
12.528,-0.0008966840562401,26,0
12.53,-0.0006770085562401,26,0
12.532,-0.0006592760062401,26,0
12.534,-0.0006415434562401,26,0
12.536,-0.0007990249562401,26,0
12.538,-0.0010408797562401,26,0
12.54,-0.0012612691562401,26,0
12.542,-0.0011686920562401,26,0
12.544,-0.0009596282562401,26,0
12.546,-0.0007374601562401,26,0
12.548,-0.0006772808062401,26,0
12.55,-0.0006171014562401,26,0
12.552,-0.0007295467562401,26,0
12.554,-0.0009493674562401,26,0
12.556,-0.0011777186562401,26,0
12.558,-0.0013116051562401,26,0
12.56,-0.0012229242562401,26,0
12.562,-0.0010374796562401,26,0
12.564,-0.0008145008562401,26,0
12.566,-0.0008657080562401,26,0
12.568,-0.0009831809062401,26,0
12.57,-0.0011006537562401,26,0
12.572,-0.0012684565562401,26,0
12.574,-0.0011100433562401,26,0
12.576,-0.0010358501895734,26,0
12.578,-0.0009616570229067,26,0
12.58,-0.0008874638562401,26,0
12.582,-0.0006649327562401,26,0
12.584,-0.0006323232562401,26,0
12.586,-0.0007928781562401,26,0
12.588,-0.0012543479562401,26,0
12.59,-0.0012133229062401,26,0
12.592,-0.0011722978562401,26,0
12.594,-0.0009567484562401,26,0
12.596,-0.0007411990562401,26,0
12.598,-0.0006825140562401,26,0
12.6,-0.0006238290562401,26,0
12.602,-0.0007216454562401,26,0
12.604,-0.0011765449562401,26,0
12.606,-0.0011979559062401,26,0
12.608,-0.0012193668562401,26,0
12.61,-0.0010192570562401,26,0
12.612,-0.0008191472562401,26,0
12.614,-0.0006317061562401,26,0
12.616,-0.0006665904562401,26,0
12.618,-0.0008632275562401,26,0
12.62,-0.0009764593562401,26,0
12.622,-0.0010896911562401,26,0
12.624,-0.0012926081562401,26,0
12.626,-0.0008910091562401,26,0
12.628,-0.0006738262562401,26,0
12.63,-0.0006534317062401,26,0
12.632,-0.0006330371562401,26,0
12.634,-0.0010116219562401,26,0
12.636,-0.0012348306562401,26,0
12.638,-0.0012560782562401,26,0
12.64,-0.0012773258562401,26,0
12.642,-0.0012985734562401,26,0
12.644,-0.0011748025562401,26,0
12.646,-0.0009699374562401,26,0
12.648,-0.0007447685562401,26,0
12.65,-0.0007249608562401,26,0
12.652,-0.0008382955062401,26,0
12.654,-0.0009516301562401,26,0
12.656,-0.0011659937562401,26,0
12.658,-0.0013070797562401,26,0
12.66,-0.0010499789562401,26,0
12.662,-0.0008213736562401,26,0
12.664,-0.0010837984562401,26,0
12.666,-0.0012857232562401,26,0
12.668,-0.0012645966562401,26,0
12.67,-0.0011119914562401,26,0
12.672,-0.0009027824562401,26,0
12.674,-0.0008477970312401,26,0
12.676,-0.0007928116062401,26,0
12.678,-0.0007378261812401,26,0
12.68,-0.0006828407562401,26,0
12.682,-0.0007339874562401,26,0
12.684,-0.0007851341562401,26,0
12.686,-0.0009012397062401,26,0
12.688,-0.0010173452562401,26,0
12.69,-0.0012324832562401,26,0
12.692,-0.0012905511562401,26,0
12.694,-0.0011729028562401,26,0
12.696,-0.0009729019562401,26,0
12.698,-0.0007532506562401,26,0
12.7,-0.0008149041895734,26,0
12.702,-0.0008765577229067,26,0
12.704,-0.0009382112562401,26,0
12.706,-0.0011769079562401,26,0
12.708,-0.0013048170562401,26,0
12.71,-0.0012227427562401,26,0
12.712,-0.0008295411562401,26,0
12.714,-0.0006401519562401,26,0
12.716,-0.0006666025562401,26,0
12.718,-0.0008773603562401,26,0
12.72,-0.0010881181562401,26,0
12.722,-0.0012850456562401,26,0
12.724,-0.0012790622062401,26,0
12.726,-0.0012730787562401,26,0
12.728,-0.0011396157562401,26,0
12.73,-0.0009063398562401,26,0
12.732,-0.0006743344562401,26,0
12.734,-0.0006265152562401,26,0
12.736,-0.0007756840562401,26,0
12.738,-0.0010121664562401,26,0
12.74,-0.0013016468562401,26,0
12.742,-0.0012412497062401,26,0
12.744,-0.0011808525562401,26,0
12.746,-0.0009772821562401,26,0
12.748,-0.0007585141562401,26,0
12.75,-0.0006311495562401,26,0
12.752,-0.0007244042562401,26,0
12.754,-0.0009408490562401,26,0
12.756,-0.0013163604562401,26,0
12.758,-0.0010558595562401,26,0
12.76,-0.0008414838562401,26,0
12.762,-0.0006527117562401,26,0
12.764,-0.0006729308562401,26,0
12.766,-0.0007647275062401,26,0
12.768,-0.0008565241562401,26,0
12.77,-0.0010870654562401,26,0
12.772,-0.0012875140562401,26,0
12.774,-0.0012781728562401,26,0
12.776,-0.0012688316562401,26,0
12.778,-0.0011175816562401,26,0
12.78,-0.0009052387562401,26,0
12.782,-0.0006829254562401,26,0
12.784,-0.0007720782562401,26,0
12.786,-0.0009999575562401,26,0
12.788,-0.0012278368562401,26,0
12.79,-0.0012626969562401,26,0
12.792,-0.0012975570562401,26,0
12.794,-0.0011756979562401,26,0
12.796,-0.0009749105562401,26,0
12.798,-0.0007557190562401,26,0
12.8,-0.0006167505562401,26,0
12.802,-0.0009174597562401,26,0
12.804,-0.0011560233562401,26,0
12.806,-0.0013007756562401,26,0
12.808,-0.0012627030062401,26,0
12.81,-0.0012246303562401,26,0
12.812,-0.0008321305562401,26,0
12.814,-0.0006607703562401,26,0
12.816,-0.0008488527562401,26,0
12.818,-0.0010846212562401,26,0
12.82,-0.0013053373562401,26,0
12.822,-0.0012906600562401,26,0
12.824,-0.0012383799895734,26,0
12.826,-0.0011860999229067,26,0
12.828,-0.0011338198562401,26,0
12.83,-0.0009179679562401,26,0
12.832,-0.0006965258562401,26,0
12.834,-0.0006322869562401,26,0
12.836,-0.0007724170562401,26,0
12.838,-0.0010066367562401,26,0
12.84,-0.0012292888562401,26,0
12.842,-0.0013042846562401,26,0
12.844,-0.0011977199562401,26,0
12.846,-0.0010038779562401,26,0
12.848,-0.0007724291562401,26,0
12.85,-0.0006290683562401,26,0
12.852,-0.0007089767562401,26,0
12.854,-0.0011580319562401,26,0
12.856,-0.0012487698562401,26,0
12.858,-0.0010718557562401,26,0
12.86,-0.0009633974062401,26,0
12.862,-0.0008549390562401,26,0
12.864,-0.0007638623562401,26,0
12.866,-0.0006727856562401,26,0
12.868,-0.0007654414062401,26,0
12.87,-0.0008580971562401,26,0
12.872,-0.0010876099562401,26,0
12.874,-0.0012881795562401,26,0
12.876,-0.0009300800562401,26,0
12.878,-0.0008250641562401,26,0
12.88,-0.0007200482562401,26,0
12.882,-0.0006860896062401,26,0
12.884,-0.0006521309562401,26,0
12.886,-0.0007819276562401,26,0
12.888,-0.0010123237562401,26,0
12.89,-0.0013172316562401,26,0
12.892,-0.0012026325562401,26,0
12.894,-0.0010016394562401,26,0
12.896,-0.0008932113562401,26,0
12.898,-0.0007847832562401,26,0
12.9,-0.0007155470562401,26,0
12.902,-0.0011554909562401,26,0
12.904,-0.0013159853562401,26,0
12.906,-0.0012814096062401,26,0
12.908,-0.0012468338562401,26,0
12.91,-0.0011601071062401,26,0
12.912,-0.0010733803562401,26,0
12.914,-0.0008513211562401,26,0
12.916,-0.0006532804562401,26,0
12.918,-0.0006594635562401,26,0
12.92,-0.0008350829562401,26,0
12.922,-0.0012708281562401,26,0
12.924,-0.0012753898562401,26,0
12.926,-0.0011360341562401,26,0
12.928,-0.0010330268562401,26,0
12.93,-0.0009300195562401,26,0
12.932,-0.0006363041562401,26,0
12.934,-0.0007018559062401,26,0
12.936,-0.0007674076562401,26,0
12.938,-0.0009948392562401,26,0
12.94,-0.0012238801562401,26,0
12.942,-0.0013108549562401,26,0
12.944,-0.0010145017562401,26,0
12.946,-0.0007864772562401,26,0
12.948,-0.0007114935562401,26,0
12.95,-0.0006365098562401,26,0
12.952,-0.0007075126562401,26,0
12.954,-0.0009206420562401,26,0
12.956,-0.0011488843562401,26,0
12.958,-0.0013105040562401,26,0
12.96,-0.0008531361562401,26,0
12.962,-0.0007878929562401,26,0
12.964,-0.0007226497562401,26,0
12.966,-0.0006574065562401,26,0
12.968,-0.0006603105562401,26,0
12.97,-0.0008405763562401,26,0
12.972,-0.0010777484562401,26,0
12.974,-0.0012884215562401,26,0
12.976,-0.0012923298562401,26,0
12.978,-0.0011494409562401,26,0
12.98,-0.0009374852562401,26,0
12.982,-0.0006352877562401,26,0
12.984,-0.0007014263562401,26,0
12.986,-0.0007675649562401,26,0
12.988,-0.0012197903562401,26,0
12.99,-0.0013117019562401,26,0
12.992,-0.0011608331062401,26,0
12.994,-0.0010099642562401,26,0
12.996,-0.0009004834562401,26,0
12.998,-0.0007910026562401,26,0
13.0,-0.0006418822562401,27,0
13.002,-0.0007143854562401,27,0
13.004,-0.0013338570562401,27,0
13.006,-0.0013020219562401,27,0
13.008,-0.0012701868562401,27,0
13.01,-0.0010943133562401,27,0
13.012,-0.0008728228562401,27,0
13.014,-0.0007705597062401,27,0
13.016,-0.0006682965562401,27,0
13.018,-0.0006738262562401,27,0
13.02,-0.0008506314562401,27,0
13.022,-0.0012838719562401,27,0
13.024,-0.0012183988562401,27,0
13.026,-0.0011529257562401,27,0
13.028,-0.0009410487062401,27,0
13.03,-0.0007291716562401,27,0
13.032,-0.0006484283562401,27,0
13.034,-0.0010016999562401,27,0
13.036,-0.0013294284562401,27,0
13.038,-0.0012168016562401,27,0
13.04,-0.0010188940562401,27,0
13.042,-0.0009074228062401,27,0
13.044,-0.0007959515562401,27,0
13.046,-0.0007437763562401,27,0
13.048,-0.0006916011562401,27,0
13.05,-0.0006394259562401,27,0
13.052,-0.0007089162562401,27,0
13.054,-0.0009251916562401,27,0
13.056,-0.0011514979562401,27,0
13.058,-0.0013238987562401,27,0
13.06,-0.0010899210562401,27,0
13.062,-0.0008684184562401,27,0
13.064,-0.0006627063562401,27,0
13.066,-0.0008352160562401,27,0
13.068,-0.0010737917562401,27,0
13.07,-0.0011820746562401,27,0
13.072,-0.0012903575562401,27,0
13.074,-0.0012954758562401,27,0
13.076,-0.0012242552562401,27,0
13.078,-0.0011530346562401,27,0
13.08,-0.0009366019562401,27,0
13.082,-0.0007124010562401,27,0
13.084,-0.0006303025562401,27,0
13.086,-0.0009880148562401,27,0
13.088,-0.0011008473562401,27,0
13.09,-0.0012136798562401,27,0
13.092,-0.0013070313562401,27,0
13.094,-0.0010083186562401,27,0
13.096,-0.0006370059562401,27,0
13.098,-0.0006684417562401,27,0
13.1,-0.0006998775562401,27,0
13.102,-0.0009064003562401,27,0
13.104,-0.0010199165062401,27,0
13.106,-0.0011334326562401,27,0
13.108,-0.0012544568562401,27,0
13.11,-0.0011065464562401,27,0
13.112,-0.0009939257062401,27,0
13.114,-0.0008813049562401,27,0
13.116,-0.0006832400562401,27,0
13.118,-0.0010700891562401,27,0
13.12,-0.0011790980562401,27,0
13.122,-0.0012881069562401,27,0
13.124,-0.0011594839562401,27,0
13.126,-0.0010560955062401,27,0
13.128,-0.0009527070562401,27,0
13.13,-0.0007307930562401,27,0
13.132,-0.0007695372562401,27,0
13.134,-0.0009951296562401,27,0
13.136,-0.0012207220562401,27,0
13.138,-0.0012205708062401,27,0
13.14,-0.0012204195562401,27,0
13.142,-0.0010293121562401,27,0
13.144,-0.0008095398562401,27,0
13.146,-0.0006503038562401,27,0
13.148,-0.0007805906062401,27,0
13.15,-0.0009108773562401,27,0
13.152,-0.0011399545562401,27,0
13.154,-0.0013246247562401,27,0
13.156,-0.0012702594562401,27,0
13.158,-0.0011025897562401,27,0
13.16,-0.0008910575562401,27,0
13.162,-0.0006757259562401,27,0
13.164,-0.0009821100562401,27,0
13.166,-0.0012884941562401,27,0
13.168,-0.0013016650062401,27,0
13.17,-0.0013148358562401,27,0
13.172,-0.0011741491562401,27,0
13.174,-0.0009702036562401,27,0
13.176,-0.0007624345562401,27,0
13.178,-0.0007138954062401,27,0
13.18,-0.0006653562562401,27,0
13.182,-0.0010022807562401,27,0
13.184,-0.0012348669562401,27,0
13.186,-0.0013437548562401,27,0
13.188,-0.0012383880562401,27,0
13.19,-0.0010356041562401,27,0
13.192,-0.0008328202562401,27,0
13.194,-0.0007272719562401,27,0
13.196,-0.0011569671562401,27,0
13.198,-0.0013473122562401,27,0
13.2,-0.0013286379229067,27,0
13.202,-0.0013099635895734,27,0
13.204,-0.0012912892562401,27,0
13.206,-0.0011211027562401,27,0
13.208,-0.0006952069562401,27,0
13.21,-0.0006880235895734,27,0
13.212,-0.0006808402229067,27,0
13.214,-0.0006736568562401,27,0
13.216,-0.0008394389562401,27,0
13.218,-0.0010659025562401,27,0
13.22,-0.0012801088562401,27,0
13.222,-0.0013160700562401,27,0
13.224,-0.0011784809562401,27,0
13.226,-0.0009657750562401,27,0
13.228,-0.0006488397562401,27,0
13.23,-0.0007066959062401,27,0
13.232,-0.0007645520562401,27,0
13.234,-0.0013219990562401,27,0
13.236,-0.0012239406562401,27,0
13.238,-0.0010395003562401,27,0
13.24,-0.0008242655562401,27,0
13.242,-0.0007095212562401,27,0
13.244,-0.0009095584562401,27,0
13.246,-0.0011158090062401,27,0
13.248,-0.0013220595562401,27,0
13.25,-0.0012749784562401,27,0
13.252,-0.0012204558562401,27,0
13.254,-0.0011659332562401,27,0
13.256,-0.0011114106562401,27,0
13.258,-0.0010076894562401,27,0
13.26,-0.0009039682562401,27,0
13.262,-0.0006818969562401,27,0
13.264,-0.0010719162562401,27,0
13.266,-0.0013162757562401,27,0
13.268,-0.0011781058562401,27,0
13.27,-0.0010733198562401,27,0
13.272,-0.0009685338562401,27,0
13.274,-0.0008649699562401,27,0
13.276,-0.0007614060562401,27,0
13.278,-0.0006578421562401,27,0
13.28,-0.0007703963562401,27,0
13.282,-0.0009994856562401,27,0
13.284,-0.0012164023562401,27,0
13.286,-0.0013333004562401,27,0
13.288,-0.0010630953562401,27,0
13.29,-0.0009505714062401,27,0
13.292,-0.0008380474562401,27,0
13.294,-0.0007546300562401,27,0
13.296,-0.0006712126562401,27,0
13.298,-0.0007190318562401,27,0
13.3,-0.0009124261562401,27,0
13.302,-0.0013268995562401,27,0
13.304,-0.0012840534562401,27,0
13.306,-0.0010959468562401,27,0
13.308,-0.0009078402562401,27,0
13.31,-0.0007088315562401,27,0
13.312,-0.0006798762562401,27,0
13.314,-0.0008756784562401,27,0
13.316,-0.0010714806562401,27,0
13.318,-0.0011761577562401,27,0
13.32,-0.0012808348562401,27,0
13.322,-0.0013190224562401,27,0
13.324,-0.0011882456562401,27,0
13.326,-0.0007537709562401,27,0
13.328,-0.0006532804562401,27,0
13.33,-0.0009850624562401,27,0
13.332,-0.0012142485562401,27,0
13.334,-0.0012356655562401,27,0
13.336,-0.0010484543562401,27,0
13.338,-0.0008356758562401,27,0
13.34,-0.0007038705562401,27,0
13.342,-0.0010081795062401,27,0
13.344,-0.0013124884562401,27,0
13.346,-0.0012766482562401,27,0
13.348,-0.0009067754562401,27,0
13.35,-0.0008349095229067,27,0
13.352,-0.0007630435895734,27,0
13.354,-0.0006911776562401,27,0
13.356,-0.0006811911229067,27,0
13.358,-0.0006712045895734,27,0
13.36,-0.0006612180562401,27,0
13.362,-0.0007899217229067,27,0
13.364,-0.0009186253895734,27,0
13.366,-0.0010473290562401,27,0
13.368,-0.0012627937562401,27,0
13.37,-0.0011755769562401,27,0
13.372,-0.0009678683562401,27,0
13.374,-0.0007407997562401,27,0
13.376,-0.0006327104562401,27,0
13.378,-0.0008001200062401,27,0
13.38,-0.0009675295562401,27,0
13.382,-0.0013222289562401,27,0
13.384,-0.0012395496562401,27,0
13.386,-0.0010564524562401,27,0
13.388,-0.0009542225812401,27,0
13.39,-0.0008519927062401,27,0
13.392,-0.0007497628312401,27,0
13.394,-0.0006475329562401,27,0
13.396,-0.0011267534562401,27,0
13.398,-0.0013143034562401,27,0
13.4,-0.0012947619562401,27,0
13.402,-0.0012752204562401,27,0
13.404,-0.0011196507562401,27,0
13.406,-0.0010486923229067,27,0
13.408,-0.0009777338895734,27,0
13.41,-0.0009067754562401,27,0
13.412,-0.0006964532562401,27,0
13.414,-0.0006634807562401,27,0
13.416,-0.0010553271562401,27,0
13.418,-0.0012738652562401,27,0
13.42,-0.0011872292562401,27,0
13.422,-0.0007661734562401,27,0
13.424,-0.0006525665562401,27,0
13.426,-0.0007014747562401,27,0
13.428,-0.0007503829562401,27,0
13.43,-0.0008227732229067,27,0
13.432,-0.0008951634895734,27,0
13.434,-0.0009675537562401,27,0
13.436,-0.0011966188562401,27,0
13.438,-0.0012369844562401,27,0
13.44,-0.0010489262562401,27,0
13.442,-0.0008308842562401,27,0
13.444,-0.0006506426562401,27,0
13.446,-0.0006901733562401,27,0
13.448,-0.0011192998562401,27,0
13.45,-0.0012846705562401,27,0
13.452,-0.0011270922562401,27,0
13.454,-0.0009164796562401,27,0
13.456,-0.0008091768562401,27,0
13.458,-0.0007018740562401,27,0
13.46,-0.0006833973562401,27,0
13.462,-0.0006649206562401,27,0
13.464,-0.0007409873062401,27,0
13.466,-0.0008170539562401,27,0
13.468,-0.0010539235562401,27,0
13.47,-0.0012773742562401,27,0
13.472,-0.0013254354562401,27,0
13.474,-0.0011982281562401,27,0
13.476,-0.0009881237562401,27,0
13.478,-0.0006516106562401,27,0
13.48,-0.0009818680562401,27,0
13.482,-0.0012088761562401,27,0
13.484,-0.0013457392562401,27,0
13.486,-0.0013168605895734,27,0
13.488,-0.0012879819229067,27,0
13.49,-0.0012591032562401,27,0
13.492,-0.0010748081562401,27,0
13.494,-0.0006658039562401,27,0
13.496,-0.0007026726562401,27,0
13.498,-0.0008984022562401,27,0
13.5,-0.0011104910562401,28,0
13.502,-0.0013225798562401,28,0
13.504,-0.0012973150562401,28,0
13.506,-0.0011457867562401,28,0
13.508,-0.0009281198562401,28,0
13.51,-0.0008165155062401,28,0
13.512,-0.0007049111562401,28,0
13.514,-0.0006638800562401,28,0
13.516,-0.0008174895562401,28,0
13.518,-0.0010528466562401,28,0
13.52,-0.0012714694562401,28,0
13.522,-0.0012002004562401,28,0
13.524,-0.0009954200562401,28,0
13.526,-0.0008846687562401,28,0
13.528,-0.0007739174562401,28,0
13.53,-0.0007480839562401,28,0
13.532,-0.0009685338562401,28,0
13.534,-0.0010892374062401,28,0
13.536,-0.0012099409562401,28,0
13.538,-0.0013441904562401,28,0
13.54,-0.0010712991562401,28,0
13.542,-0.0008465900562401,28,0
13.544,-0.0006599838562401,28,0
13.546,-0.0006776861562401,28,0
13.548,-0.0006953884562401,28,0
13.55,-0.0008904888562401,28,0
13.552,-0.0011132740562401,28,0
13.554,-0.0012911682562401,28,0
13.556,-0.0011348604562401,28,0
13.558,-0.0010274790062401,28,0
13.56,-0.0009200975562401,28,0
13.562,-0.0006634323562401,28,0
13.564,-0.0008106651562401,28,0
13.566,-0.0010434933562401,28,0
13.568,-0.0013263792562401,28,0
13.57,-0.0012837146562401,28,0
13.572,-0.0012410500562401,28,0
13.574,-0.0011983854562401,28,0
13.576,-0.0009953353562401,28,0
13.578,-0.0007825810562401,28,0
13.58,-0.0006534135562401,28,0
13.582,-0.0007455913562401,28,0
13.584,-0.0009651095562401,28,0
13.586,-0.0013326349562401,28,0
13.588,-0.0012502581562401,28,0
13.59,-0.0010709240562401,28,0
13.592,-0.0008471708562401,28,0
13.594,-0.0007723202562401,28,0
13.596,-0.0006974696562401,28,0
13.598,-0.0007939732062401,28,0
13.6,-0.0008904767562401,28,0
13.602,-0.0011229661562401,28,0
13.604,-0.0012958872562401,28,0
13.606,-0.0011393011562401,28,0
13.608,-0.0010286950562401,28,0
13.61,-0.0009180889562401,28,0
13.612,-0.0006971429562401,28,0
13.614,-0.0006481016562401,28,0
13.616,-0.0010253433562401,28,0
13.618,-0.0013174252562401,28,0
13.62,-0.0012782938562401,28,0
13.622,-0.0012391624562401,28,0
13.624,-0.0012000310562401,28,0
13.626,-0.0010013248562401,28,0
13.628,-0.0007932290562401,28,0
13.63,-0.0006624522562401,28,0
13.632,-0.0007450952562401,28,0
13.634,-0.0011891289562401,28,0
13.636,-0.0013355631562401,28,0
13.638,-0.0012525329562401,28,0
13.64,-0.0011624908062401,28,0
13.642,-0.0010724486562401,28,0
13.644,-0.0008560643562401,28,0
13.646,-0.0006692040562401,28,0
13.648,-0.0008816316562401,28,0
13.65,-0.0010941016062401,28,0
13.652,-0.0013065715562401,28,0
13.654,-0.0012264998062401,28,0
13.656,-0.0011464280562401,28,0
13.658,-0.0009322822562401,28,0
13.66,-0.0007163940562401,28,0
13.662,-0.0006901310062401,28,0
13.664,-0.0006638679562401,28,0
13.666,-0.0010367536562401,28,0
13.668,-0.0012560782562401,28,0
13.67,-0.0012898130562401,28,0
13.672,-0.0013235478562401,28,0
13.674,-0.0010021476562401,28,0
13.676,-0.0008944274062401,28,0
13.678,-0.0007867071562401,28,0
13.68,-0.0007431350562401,28,0
13.682,-0.0011829821562401,28,0
13.684,-0.0012201594062401,28,0
13.686,-0.0012573366562401,28,0
13.688,-0.0011703679062401,28,0
13.69,-0.0010833991562401,28,0
13.692,-0.0009719400062401,28,0
13.694,-0.0008604808562401,28,0
13.696,-0.0006709464562401,28,0
13.698,-0.0006975543562401,28,0
13.7,-0.0008825149562401,28,0
13.702,-0.0011082888562401,28,0
13.704,-0.0012955121562401,28,0
13.706,-0.0011473355562401,28,0
13.708,-0.0010422894062401,28,0
13.71,-0.0009372432562401,28,0
13.712,-0.0007217301562401,28,0
13.714,-0.0008096850562401,28,0
13.716,-0.0009222755562401,28,0
13.718,-0.0010348660562401,28,0
13.72,-0.0012578932562401,28,0
13.722,-0.0012088761562401,28,0
13.724,-0.0011088878062401,28,0
13.726,-0.0010088994562401,28,0
13.728,-0.0007921763562401,28,0
13.73,-0.0007362259562401,28,0
13.732,-0.0008440611562401,28,0
13.734,-0.0009518963562401,28,0
13.736,-0.0011840227562401,28,0
13.738,-0.0012568889562401,28,0
13.74,-0.0010771555562401,28,0
13.742,-0.0009726962562401,28,0
13.744,-0.0008682369562401,28,0
13.746,-0.0006862771562401,28,0
13.748,-0.0008951050062401,28,0
13.75,-0.0011039328562401,28,0
13.752,-0.0011472992562401,28,0
13.754,-0.0010401114062401,28,0
13.756,-0.0009329235562401,28,0
13.758,-0.0008403988895734,28,0
13.76,-0.0007478742229067,28,0
13.762,-0.0006553495562401,28,0
13.764,-0.0007256989562401,28,0
13.766,-0.0007960483562401,28,0
13.768,-0.0013277223562401,28,0
13.77,-0.0011698839062401,28,0
13.772,-0.0010120454562401,28,0
13.774,-0.0007910268562401,28,0
13.776,-0.0006554342562401,28,0
13.778,-0.0006833933229067,28,0
13.78,-0.0007113523895734,28,0
13.782,-0.0007393114562401,28,0
13.784,-0.0009536387562401,28,0
13.786,-0.0012584619562401,28,0
13.788,-0.0011997245229067,28,0
13.79,-0.0011409870895734,28,0
13.792,-0.0010822496562401,28,0
13.794,-0.0008693622562401,28,0
13.796,-0.0006750362562401,28,0
13.798,-0.0006893626562401,28,0
13.8,-0.0008680191562401,28,0
13.802,-0.0013086890562401,28,0
13.804,-0.0013098567062401,28,0
13.806,-0.0013110243562401,28,0
13.808,-0.0011677361562401,28,0
13.81,-0.0007372665562401,28,0
13.812,-0.0007027210562401,28,0
13.814,-0.0006681755562401,28,0
13.816,-0.0008039133562401,28,0
13.818,-0.0013425811562401,28,0
13.82,-0.0012180237562401,28,0
13.822,-0.0011515342562401,28,0
13.824,-0.0010850447562401,28,0
13.826,-0.0010185552562401,28,0
13.828,-0.0006555310562401,28,0
13.83,-0.0009511098562401,28,0
13.832,-0.0011476441062401,28,0
13.834,-0.0013441783562401,28,0
13.836,-0.0013213012895734,28,0
13.838,-0.0012984242229067,28,0
13.84,-0.0012755471562401,28,0
13.842,-0.0011001455562401,28,0
13.844,-0.0006814855562401,28,0
13.846,-0.0006973365562401,28,0
13.848,-0.0008795504562401,28,0
13.85,-0.0013099353562401,28,0
13.852,-0.0012618902895734,28,0
13.854,-0.0012138452229067,28,0
13.856,-0.0011658001562401,28,0
13.858,-0.0009498756562401,28,0
13.86,-0.0007326685562401,28,0
13.862,-0.0006673043562401,28,0
13.864,-0.0008005495562401,28,0
13.866,-0.0012513471562401,28,0
13.868,-0.0013361197562401,28,0
13.87,-0.0012231904562401,28,0
13.872,-0.0009394454562401,28,0
13.874,-0.0006557004562401,28,0
13.876,-0.0009380176562401,28,0
13.878,-0.0010472201562401,28,0
13.88,-0.0011564226562401,28,0
13.882,-0.0012382852062401,28,0
13.884,-0.0013201477562401,28,0
13.886,-0.0012607004562401,28,0
13.888,-0.0010852746562401,28,0
13.89,-0.0006716482562401,28,0
13.892,-0.0006820663562401,28,0
13.894,-0.0007706262562401,28,0
13.896,-0.0008591861562401,28,0
13.898,-0.0010958621562401,28,0
13.9,-0.0013040063562401,28,0
13.902,-0.0013055309562401,28,0
13.904,-0.0007354515562401,28,0
13.906,-0.0006556278562401,28,0
13.908,-0.0006972962229067,28,0
13.91,-0.0007389645895734,28,0
13.912,-0.0007806329562401,28,0
13.914,-0.0010052331562401,28,0
13.916,-0.0013222531562401,28,0
13.918,-0.0011674276062401,28,0
13.92,-0.0010126020562401,28,0
13.922,-0.0008339879062401,28,0
13.924,-0.0006553737562401,28,0
13.926,-0.0009117183062401,28,0
13.928,-0.0011680628562401,28,0
13.93,-0.0013378500562401,28,0
13.932,-0.0012570502895734,28,0
13.934,-0.0011762505229067,28,0
13.936,-0.0010954507562401,28,0
13.938,-0.0008848744562401,28,0
13.94,-0.0007853580062401,28,0
13.942,-0.0006858415562401,28,0
13.944,-0.0006856600562401,28,0
13.946,-0.0008655023562401,28,0
13.948,-0.0010984152562401,28,0
13.95,-0.0013068982562401,28,0
13.952,-0.0011744516562401,28,0
13.954,-0.0007391541562401,28,0
13.956,-0.0006596329562401,28,0
13.958,-0.0007846864562401,28,0
13.96,-0.0013463079562401,28,0
13.962,-0.0012838066162401,28,0
13.964,-0.0012213052762401,28,0
13.966,-0.0011588039362401,28,0
13.968,-0.0010963025962401,28,0
13.97,-0.0010338012562401,28,0
13.972,-0.0008137385562401,28,0
13.974,-0.0006546477562401,28,0
13.976,-0.0007227949562401,28,0
13.978,-0.0011530951562401,28,0
13.98,-0.0013264034562401,28,0
13.982,-0.0012964801562401,28,0
13.984,-0.0012665568562401,28,0
13.986,-0.0010984757562401,28,0
13.988,-0.0008824423562401,28,0
13.99,-0.0006823809562401,28,0
13.992,-0.0006803723562401,28,0
13.994,-0.0008535717562401,28,0
13.996,-0.0013159853562401,28,0
13.998,-0.0011749598562401,28,0
14.0,-0.0009618425562401,29,0
14.002,-0.0006567531562401,29,0
14.004,-0.0010058623562401,29,0
14.006,-0.0012341530562401,29,0
14.008,-0.0012693237229067,29,0
14.01,-0.0013044943895734,29,0
14.012,-0.0013396650562401,29,0
14.014,-0.0012846463562401,29,0
14.016,-0.0012296276562401,29,0
14.018,-0.0010354468562401,29,0
14.02,-0.0008165457562401,29,0
14.022,-0.0007397107562401,29,0
14.024,-0.0006628757562401,29,0
14.026,-0.0007290990562401,29,0
14.028,-0.0009370254562401,29,0
14.03,-0.0011711120562401,29,0
14.032,-0.0013413227562401,29,0
14.034,-0.0012849488562401,29,0
14.036,-0.0011156335562401,29,0
14.038,-0.0008967808562401,29,0
14.04,-0.0006893505562401,29,0
14.042,-0.0008582060562401,29,0
14.044,-0.0009721880562401,29,0
14.046,-0.0010861700562401,29,0
14.048,-0.0012957904562401,29,0
14.05,-0.0013170017562401,29,0
14.052,-0.0009675416562401,29,0
14.054,-0.0006605888562401,29,0
14.056,-0.0010065278562401,29,0
14.058,-0.0010841775895734,29,0
14.06,-0.0011618273229067,29,0
14.062,-0.0012394770562401,29,0
14.064,-0.0011439657062401,29,0
14.066,-0.0010484543562401,29,0
14.068,-0.0009741522895734,29,0
14.07,-0.0008998502229067,29,0
14.072,-0.0008255481562401,29,0
14.074,-0.0006612180562401,29,0
14.076,-0.0007212945562401,29,0
14.078,-0.0009322459562401,29,0
14.08,-0.0013405362562401,29,0
14.082,-0.0011118704562401,29,0
14.084,-0.0010387582229067,29,0
14.086,-0.0009656459895734,29,0
14.088,-0.0008925337562401,29,0
14.09,-0.0006815097562401,29,0
14.092,-0.0006683086562401,29,0
14.094,-0.0008351676562401,29,0
14.096,-0.0010722429562401,29,0
14.098,-0.0013076242562401,29,0
14.1,-0.0011684137562401,29,0
14.102,-0.0007450468562401,29,0
14.104,-0.0006953461062401,29,0
14.106,-0.0006456453562401,29,0
14.108,-0.0007053225562401,29,0
14.11,-0.0007649997562401,29,0
14.112,-0.0009947545562401,29,0
14.114,-0.0012233235562401,29,0
14.116,-0.0012271471562401,29,0
14.118,-0.0010353137562401,29,0
14.12,-0.0008173443562401,29,0
14.122,-0.0007341508062401,29,0
14.124,-0.0006509572562401,29,0
14.126,-0.0009211986562401,29,0
14.128,-0.0011247509062401,29,0
14.13,-0.0013283031562401,29,0
14.132,-0.0011179446562401,29,0
14.134,-0.0009005681562401,29,0
14.136,-0.0008301622895734,29,0
14.138,-0.0007597564229067,29,0
14.14,-0.0006893505562401,29,0
14.142,-0.0006678488562401,29,0
14.144,-0.0008360509562401,29,0
14.146,-0.0010675965562401,29,0
14.148,-0.0012886635562401,29,0
14.15,-0.0013169775562401,29,0
14.152,-0.0011813123562401,29,0
14.154,-0.0009717161562401,29,0
14.156,-0.0006489002562401,29,0
14.158,-0.0007644189562401,29,0
14.16,-0.0013427505562401,29,0
14.162,-0.0012675914062401,29,0
14.164,-0.0011924322562401,29,0
14.166,-0.0011172731062401,29,0
14.168,-0.0010421139562401,29,0
14.17,-0.0008261652562401,29,0
14.172,-0.0006591489562401,29,0
14.174,-0.0007164424562401,29,0
14.176,-0.0009275390562401,29,0
14.178,-0.0013314128562401,29,0
14.18,-0.0012826135562401,29,0
14.182,-0.0012013015562401,29,0
14.184,-0.0011199895562401,29,0
14.186,-0.0009015845562401,29,0
14.188,-0.0006849098562401,29,0
14.19,-0.0008315134562401,29,0
14.192,-0.0009492888062401,29,0
14.194,-0.0010670641562401,29,0
14.196,-0.0013210794562401,29,0
14.198,-0.0012510083562401,29,0
14.2,-0.0011809372562401,29,0
14.202,-0.0009738215562401,29,0
14.204,-0.0007590223562401,29,0
14.206,-0.0007645157562401,29,0
14.208,-0.0008806878562401,29,0
14.21,-0.0009968599562401,29,0
14.212,-0.0012229605562401,29,0
14.214,-0.0013442993562401,29,0
14.216,-0.0010528103562401,29,0
14.218,-0.0008285005562401,29,0
14.22,-0.0007699486562401,29,0
14.222,-0.0007113967562401,29,0
14.224,-0.0011474202562401,29,0
14.226,-0.0013282305562401,29,0
14.228,-0.0013130732895734,29,0
14.23,-0.0012979160229067,29,0
14.232,-0.0012827587562401,29,0
14.234,-0.0009068601562401,29,0
14.236,-0.0008042824062401,29,0
14.238,-0.0007017046562401,29,0
14.24,-0.0006751814562401,29,0
14.242,-0.0008364260562401,29,0
14.244,-0.0010704521562401,29,0
14.246,-0.0013310982562401,29,0
14.248,-0.0011957234562401,29,0
14.25,-0.0009896241562401,29,0
14.252,-0.0008786066562401,29,0
14.254,-0.0007675891562401,29,0
14.256,-0.0006677157562401,29,0
14.258,-0.0007753936562401,29,0
14.26,-0.0012279820562401,29,0
14.262,-0.0012498588562401,29,0
14.264,-0.0011565315562401,29,0
14.266,-0.0010632042562401,29,0
14.268,-0.0009525618562401,29,0
14.27,-0.0008419194562401,29,0
14.272,-0.0006657192562401,29,0
14.274,-0.0007098116562401,29,0
14.276,-0.0009139628562401,29,0
14.278,-0.0011431489562401,29,0
14.28,-0.0013302028562401,29,0
14.282,-0.0012852029562401,29,0
14.284,-0.0011300325562401,29,0
14.286,-0.0009150034562401,29,0
14.288,-0.0007037253562401,29,0
14.29,-0.0006708859562401,29,0
14.292,-0.0008266855562401,29,0
14.294,-0.0013359745562401,29,0
14.296,-0.0012669803562401,29,0
14.298,-0.0011979861562401,29,0
14.3,-0.0009899992562401,29,0
14.302,-0.0008839367062401,29,0
14.304,-0.0007778741562401,29,0
14.306,-0.0007700212562401,29,0
14.308,-0.0008833196062401,29,0
14.31,-0.0009966179562401,29,0
14.312,-0.0012212786562401,29,0
14.314,-0.0013458965562401,29,0
14.316,-0.0012539365562401,29,0
14.318,-0.0010699681562401,29,0
14.32,-0.0008437707562401,29,0
14.322,-0.0006678367562401,29,0
14.324,-0.0009037262562401,29,0
14.326,-0.0010208663562401,29,0
14.328,-0.0011380064562401,29,0
14.33,-0.0013347161562401,29,0
14.332,-0.0012951128562401,29,0
14.334,-0.0011351871562401,29,0
14.336,-0.0009238364562401,29,0
14.338,-0.0008303518562401,29,0
14.34,-0.0010626839562401,29,0
14.342,-0.0012843317562401,29,0
14.344,-0.0013072915062401,29,0
14.346,-0.0013302512562401,29,0
14.348,-0.0011996801562401,29,0
14.35,-0.0010951543062401,29,0
14.352,-0.0009906284562401,29,0
14.354,-0.0007615512562401,29,0
14.356,-0.0006468069562401,29,0
14.358,-0.0007557916562401,29,0
14.36,-0.0012130627562401,29,0
14.362,-0.0013384671562401,29,0
14.364,-0.0012907387062401,29,0
14.366,-0.0012430102562401,29,0
14.368,-0.0010605059562401,29,0
14.37,-0.0008472797562401,29,0
14.372,-0.0006705955562401,29,0
14.374,-0.0007109490562401,29,0
14.376,-0.0009055896562401,29,0
14.378,-0.0011348967562401,29,0
14.38,-0.0013263671562401,29,0
14.382,-0.0012923056562401,29,0
14.384,-0.0011337714562401,29,0
14.386,-0.0009175928562401,29,0
14.388,-0.0009862422062401,29,0
14.39,-0.0010548915562401,29,0
14.392,-0.0011668528562401,29,0
14.394,-0.0012788141562401,29,0
14.396,-0.0013038793062401,29,0
14.398,-0.0013289444562401,29,0
14.4,-0.0012005029562401,29,0
14.402,-0.0009903743562401,29,0
14.404,-0.0007727074562401,29,0
14.406,-0.0007551987562401,29,0
14.408,-0.0008666155562401,29,0
14.41,-0.0009780323562401,29,0
14.412,-0.0013401006562401,29,0
14.414,-0.0012543842562401,29,0
14.416,-0.0011634285562401,29,0
14.418,-0.0010724728562401,29,0
14.42,-0.0006717329562401,29,0
14.422,-0.0007096906562401,29,0
14.424,-0.0009023710562401,29,0
14.426,-0.0010176780062401,29,0
14.428,-0.0011329849562401,29,0
14.43,-0.0013329253562401,29,0
14.432,-0.0011408257562401,29,0
14.434,-0.0009307939562401,29,0
14.436,-0.0007260014562401,29,0
14.438,-0.0006800698562401,29,0
14.44,-0.0007576550562401,29,0
14.442,-0.0008352402562401,29,0
14.444,-0.0012765030562401,29,0
14.446,-0.0013290533562401,29,0
14.448,-0.0012048589562401,29,0
14.45,-0.0010057413562401,29,0
14.452,-0.0007797617562401,29,0
14.454,-0.0006564143562401,29,0
14.456,-0.0007564934562401,29,0
14.458,-0.0008679647062401,29,0
14.46,-0.0009794359562401,29,0
14.462,-0.0012136677562401,29,0
14.464,-0.0013466346562401,29,0
14.466,-0.0011047496062401,29,0
14.468,-0.0008628645562401,29,0
14.47,-0.0006828165562401,29,0
14.472,-0.0007151477562401,29,0
14.474,-0.0009101513562401,29,0
14.476,-0.0011316176562401,29,0
14.478,-0.0013024696562401,29,0
14.48,-0.0011445767562401,29,0
14.482,-0.0010361547062401,29,0
14.484,-0.0009277326562401,29,0
14.486,-0.0007186809562401,29,0
14.488,-0.0006725315562401,29,0
14.49,-0.0008196312562401,29,0
14.492,-0.0010539477562401,29,0
14.494,-0.0012754140562401,29,0
14.496,-0.0013339901562401,29,0
14.498,-0.0010067335562401,29,0
14.5,-0.0008995215062401,30,0
14.502,-0.0007923094562401,30,0
14.504,-0.0007545211562401,30,0
14.506,-0.0009679288562401,30,0
14.508,-0.0011949127562401,30,0
14.51,-0.0013345104562401,30,0
14.512,-0.0012915615062401,30,0
14.514,-0.0012486125562401,30,0
14.516,-0.0010683104562401,30,0
14.518,-0.0006727856562401,30,0
14.52,-0.0007803123062401,30,0
14.522,-0.0008878389562401,30,0
14.524,-0.0011173638562401,30,0
14.526,-0.0013009692562401,30,0
14.528,-0.0011789770562401,30,0
14.53,-0.0010569848562401,30,0
14.532,-0.0009349926562401,30,0
14.534,-0.0006729308562401,30,0
14.536,-0.0008145250562401,30,0
14.538,-0.0009276540062401,30,0
14.54,-0.0010407829562401,30,0
14.542,-0.0012665447562401,30,0
14.544,-0.0012380734562401,30,0
14.546,-0.0012096021562401,30,0
14.548,-0.0010091293562401,30,0
14.55,-0.0008966659062401,30,0
14.552,-0.0007842024562401,30,0
14.554,-0.0006543815562401,30,0
14.556,-0.0007446717562401,30,0
14.558,-0.0009649159562401,30,0
14.56,-0.0012071337562401,30,0
14.562,-0.0013461748562401,30,0
14.564,-0.0012638464562401,30,0
14.566,-0.0010851415562401,30,0
14.568,-0.0008680191562401,30,0
14.57,-0.0010191239562401,30,0
14.572,-0.0011702287562401,30,0
14.574,-0.0013213335562401,30,0
14.576,-0.0013007393562401,30,0
14.578,-0.0011543898562401,30,0
14.58,-0.0009432811562401,30,0
14.582,-0.0008367406562401,30,0
14.584,-0.0007302001562401,30,0
14.586,-0.0006784605562401,30,0
14.588,-0.0010496522562401,30,0
14.59,-0.0012803992562401,30,0
14.592,-0.0013452673562401,30,0
14.594,-0.0012216900562401,30,0
14.596,-0.0010235525562401,30,0
14.598,-0.0007964597562401,30,0
14.6,-0.0007760047062401,30,0
14.602,-0.0007555496562401,30,0
14.604,-0.0009727446562401,30,0
14.606,-0.0011899396562401,30,0
14.608,-0.0013434523562401,30,0
14.61,-0.0013046416062401,30,0
14.612,-0.0012658308562401,30,0
14.614,-0.0010871501562401,30,0
14.616,-0.0006808563562401,30,0
14.618,-0.0006894110562401,30,0
14.62,-0.0006979657562401,30,0
14.622,-0.0011239825562401,30,0
14.624,-0.0013344620562401,30,0
14.626,-0.0012474328062401,30,0
14.628,-0.0011604035562401,30,0
14.63,-0.0009444004062401,30,0
14.632,-0.0007283972562401,30,0
14.634,-0.0006723863562401,30,0
14.636,-0.0007437642562401,30,0
14.638,-0.0008151421562401,30,0
14.64,-0.0010497853562401,30,0
14.642,-0.0012712637562401,30,0
14.644,-0.0012180237562401,30,0
14.646,-0.0007893933562401,30,0
14.648,-0.0007206351062401,30,0
14.65,-0.0006518768562401,30,0
14.652,-0.0007420823562401,30,0
14.654,-0.0009535177562401,30,0
14.656,-0.0010667011562401,30,0
14.658,-0.0011798845562401,30,0
14.66,-0.0013269358562401,30,0
14.662,-0.0010886384562401,30,0
14.664,-0.0008698220562401,30,0
14.666,-0.0006808563562401,30,0
14.668,-0.0006870334062401,30,0
14.67,-0.0006932104562401,30,0
14.672,-0.0008775176562401,30,0
14.674,-0.0011124270562401,30,0
14.676,-0.0013254354562401,30,0
14.678,-0.0011551037562401,30,0
14.68,-0.0009480122562401,30,0
14.682,-0.0007420097562401,30,0
14.684,-0.0006724831562401,30,0
14.686,-0.0008558344562401,30,0
14.688,-0.0010391857562401,30,0
14.69,-0.0011525325062401,30,0
14.692,-0.0012658792562401,30,0
14.694,-0.0013385518562401,30,0
14.696,-0.0010232379562401,30,0
14.698,-0.0009163828562401,30,0
14.7,-0.0008095277562401,30,0
14.702,-0.0006646786562401,30,0
14.704,-0.0011933760562401,30,0
14.706,-0.0013505913562401,30,0
14.708,-0.0012828555562401,30,0
14.71,-0.0011120519562401,30,0
14.712,-0.0009997155562401,30,0
14.714,-0.0008873791562401,30,0
14.716,-0.0006917342562401,30,0
14.718,-0.0007042940562401,30,0
14.72,-0.0013187683562401,30,0
14.722,-0.0012829342062401,30,0
14.724,-0.0012471000562401,30,0
14.726,-0.0012112659062401,30,0
14.728,-0.0011754317562401,30,0
14.73,-0.0010704279562401,30,0
14.732,-0.0009654241562401,30,0
14.734,-0.0007516655562401,30,0
14.736,-0.0006786299562401,30,0
14.738,-0.0010446186562401,30,0
14.74,-0.0012597203562401,30,0
14.742,-0.0013033711062401,30,0
14.744,-0.0013470218562401,30,0
14.746,-0.0012307408562401,30,0
14.748,-0.0010337891562401,30,0
14.75,-0.0008097576562401,30,0
14.752,-0.0006652594562401,30,0
14.754,-0.0007444902562401,30,0
14.756,-0.0011902058562401,30,0
14.758,-0.0012677124062401,30,0
14.76,-0.0013452189562401,30,0
14.762,-0.0010995163562401,30,0
14.764,-0.0008868709562401,30,0
14.766,-0.0006911776562401,30,0
14.768,-0.0006947290062401,30,0
14.77,-0.0006982803562401,30,0
14.772,-0.0011122697562401,30,0
14.774,-0.0013293195562401,30,0
14.776,-0.0011767385562401,30,0
14.778,-0.0010698290062401,30,0
14.78,-0.0009629194562401,30,0
14.782,-0.0007498021562401,30,0
14.784,-0.0007122921562401,30,0
14.786,-0.0006747821562401,30,0
14.788,-0.0008054379562401,30,0
14.79,-0.0010379515562401,30,0
14.792,-0.0012634471562401,30,0
14.794,-0.0013424117562401,30,0
14.796,-0.0012290347562401,30,0
14.798,-0.0010297477562401,30,0
14.8,-0.0008069746562401,30,0
14.802,-0.0006589432562401,30,0
14.804,-0.0007372544562401,30,0
14.806,-0.0011738708562401,30,0
14.808,-0.0012719413562401,30,0
14.81,-0.0012135951562401,30,0
14.812,-0.0011552489562401,30,0
14.814,-0.0010969027562401,30,0
14.816,-0.0006835425562401,30,0
14.818,-0.0006865857062401,30,0
14.82,-0.0006896288562401,30,0
14.822,-0.0010986935562401,30,0
14.824,-0.0012037034062401,30,0
14.826,-0.0013087132562401,30,0
14.828,-0.0011616135562401,30,0
14.83,-0.0009542800562401,30,0
14.832,-0.0008482356562401,30,0
14.834,-0.0007421912562401,30,0
14.836,-0.0006628999562401,30,0
14.838,-0.0007989886562401,30,0
14.84,-0.0010332809562401,30,0
14.842,-0.0012319750562401,30,0
14.844,-0.0010396455562401,30,0
14.846,-0.0009296142062401,30,0
14.848,-0.0008195828562401,30,0
14.85,-0.0007405819562401,30,0
14.852,-0.0006615810562401,30,0
14.854,-0.0009396874562401,30,0
14.856,-0.0011767022562401,30,0
14.858,-0.0013480019562401,30,0
14.86,-0.0012741072562401,30,0
14.862,-0.0011033641562401,30,0
14.864,-0.0009939680562401,30,0
14.866,-0.0008845719562401,30,0
14.868,-0.0006860956562401,30,0
14.87,-0.0006877412562401,30,0
14.872,-0.0008698583562401,30,0
14.874,-0.0013264881562401,30,0
14.876,-0.0012780316895734,30,0
14.878,-0.0012295752229067,30,0
14.88,-0.0011811187562401,30,0
14.882,-0.0009652668562401,30,0
14.884,-0.0007398196562401,30,0
14.886,-0.0006634928562401,30,0
14.888,-0.0010234315562401,30,0
14.89,-0.0011404446062401,30,0
14.892,-0.0012574576562401,30,0
14.894,-0.0013494539562401,30,0
14.896,-0.0012391140562401,30,0
14.898,-0.0010511647562401,30,0
14.9,-0.0008329775562401,30,0
14.902,-0.0006667356562401,30,0
14.904,-0.0007350038562401,30,0
14.906,-0.0009453744562401,30,0
14.908,-0.0011715839562401,30,0
14.91,-0.0009007496562401,30,0
14.912,-0.0006991394562401,30,0
14.914,-0.0006979415562401,30,0
14.916,-0.0008693501562401,30,0
14.918,-0.0009457213229067,30,0
14.92,-0.0010220924895734,30,0
14.922,-0.0010984636562401,30,0
14.924,-0.0013081687562401,30,0
14.926,-0.0013181875562401,30,0
14.928,-0.0009678804562401,30,0
14.93,-0.0008615275062401,30,0
14.932,-0.0007551745562401,30,0
14.934,-0.0006701599562401,30,0
14.936,-0.0007334853062401,30,0
14.938,-0.0007968106562401,30,0
14.94,-0.0010291790562401,30,0
14.942,-0.0012395254562401,30,0
14.944,-0.0011446433062401,30,0
14.946,-0.0010497611562401,30,0
14.948,-0.0009383564562401,30,0
14.95,-0.0008269517562401,30,0
14.952,-0.0006708254562401,30,0
14.954,-0.0007410901562401,30,0
14.956,-0.0009481332562401,30,0
14.958,-0.0013483165562401,30,0
14.96,-0.0013192947062401,30,0
14.962,-0.0012902728562401,30,0
14.964,-0.0011183439562401,30,0
14.966,-0.0009037262562401,30,0
14.968,-0.0008647642562401,30,0
14.97,-0.0010940592562401,30,0
14.972,-0.0013090278562401,30,0
14.974,-0.0013187441562401,30,0
14.976,-0.0013284604562401,30,0
14.978,-0.0012634774062401,30,0
14.98,-0.0011984943562401,30,0
14.982,-0.0009864660562401,30,0
14.984,-0.0008893212062401,30,0
14.986,-0.0007921763562401,30,0
14.988,-0.0010164014562401,30,0
14.99,-0.0012449220562401,30,0
14.992,-0.0013490788562401,30,0
14.994,-0.0012488666562401,30,0
14.996,-0.0010587756562401,30,0
14.998,-0.0006706439562401,30,0
15.0,-0.0007022915062401,31,0
15.002,-0.0007339390562401,31,0
15.004,-0.0013543665562401,31,0
15.006,-0.0011268865562401,31,0
15.008,-0.0010738613312401,31,0
15.01,-0.0010208361062401,31,0
15.012,-0.0009678108812401,31,0
15.014,-0.0009147856562401,31,0
15.016,-0.0007019587562401,31,0
15.018,-0.0008661920562401,31,0
15.02,-0.0009823157562401,31,0
15.022,-0.0010984394562401,31,0
15.024,-0.0013091125562401,31,0
15.026,-0.0013267301562401,31,0
15.028,-0.0011914763562401,31,0
15.03,-0.0009828481562401,31,0
15.032,-0.0007669115562401,31,0
15.034,-0.0006724226562401,31,0
15.036,-0.0007875420562401,31,0
15.038,-0.0010113073562401,31,0
15.04,-0.0012433974562401,31,0
15.042,-0.0012516012562401,31,0
15.044,-0.0010606632562401,31,0
15.046,-0.0009502810062401,31,0
15.048,-0.0008398987562401,31,0
15.05,-0.0006742618562401,31,0
15.052,-0.0007261829562401,31,0
15.054,-0.0011639367562401,31,0
15.056,-0.0012245396062401,31,0
15.058,-0.0012851424562401,31,0
15.06,-0.0011222764562401,31,0
15.062,-0.0010168794062401,31,0
15.064,-0.0009114823562401,31,0
15.066,-0.0007091945562401,31,0
15.068,-0.0008588594562401,31,0
15.07,-0.0009748319062401,31,0
15.072,-0.0010908043562401,31,0
15.074,-0.0013030867562401,31,0
15.076,-0.0013262098562401,31,0
15.078,-0.0009965332562401,31,0
15.08,-0.0008321487062401,31,0
15.082,-0.0006677641562401,31,0
15.084,-0.0007274353062401,31,0
15.086,-0.0007871064562401,31,0
15.088,-0.0010079919562401,31,0
15.09,-0.0013452794562401,31,0
15.092,-0.0010549762562401,31,0
15.094,-0.0008489616562401,31,0
15.096,-0.0006795132562401,31,0
15.098,-0.0006966629895734,31,0
15.1,-0.0007138127229067,31,0
15.102,-0.0007309624562401,31,0
15.104,-0.0011617466562401,31,0
15.106,-0.0011306980562401,31,0
15.108,-0.0009151002562401,31,0
15.11,-0.0008121050562401,31,0
15.112,-0.0007091098562401,31,0
15.114,-0.0006979839062401,31,0
15.116,-0.0006868579562401,31,0
15.118,-0.0007685632062401,31,0
15.12,-0.0008502684562401,31,0
15.122,-0.0010789947562401,31,0
15.124,-0.0013013201562401,31,0
15.126,-0.0012069401562401,31,0
15.128,-0.0009961581562401,31,0
15.13,-0.0008762229562401,31,0
15.132,-0.0007562877562401,31,0
15.134,-0.0006600322562401,31,0
15.136,-0.0007775111562401,31,0
15.138,-0.0012254652562401,31,0
15.14,-0.0012356413562401,31,0
15.142,-0.0012458174562401,31,0
15.144,-0.0011508385062401,31,0
15.146,-0.0010558595562401,31,0
15.148,-0.0008434561562401,31,0
15.15,-0.0006677157562401,31,0
15.152,-0.0007126430562401,31,0
15.154,-0.0009150397562401,31,0
15.156,-0.0011444073562401,31,0
15.158,-0.0013402942562401,31,0
15.16,-0.0012974481562401,31,0
15.162,-0.0011350661562401,31,0
15.164,-0.0009131037562401,31,0
15.166,-0.0007020313562401,31,0
15.168,-0.0006836514562401,31,0
15.17,-0.0008465174562401,31,0
15.172,-0.0013024091562401,31,0
15.174,-0.0013375596562401,31,0
15.176,-0.0012006844562401,31,0
15.178,-0.0010977739562401,31,0
15.18,-0.0009948634562401,31,0
15.182,-0.0007780072562401,31,0
15.184,-0.0006678004562401,31,0
15.186,-0.0007741231562401,31,0
15.188,-0.0009990500562401,31,0
15.19,-0.0012258645562401,31,0
15.192,-0.0013446502562401,31,0
15.194,-0.0012490844562401,31,0
15.196,-0.0010604817562401,31,0
15.198,-0.0008405158562401,31,0
15.2,-0.0006696154562401,31,0
15.202,-0.0007176524562401,31,0
15.204,-0.0011445888562401,31,0
15.206,-0.0013386849562401,31,0
15.208,-0.0012989364562401,31,0
15.21,-0.0012166685562401,31,0
15.212,-0.0011344006562401,31,0
15.214,-0.0007152082562401,31,0
15.216,-0.0006999622562401,31,0
15.218,-0.0006847162562401,31,0
15.22,-0.0010731020562401,31,0
15.222,-0.0012929832562401,31,0
15.224,-0.0013112542562401,31,0
15.226,-0.0013295252562401,31,0
15.228,-0.0012000794562401,31,0
15.23,-0.0007738448562401,31,0
15.232,-0.0007171987062401,31,0
15.234,-0.0006605525562401,31,0
15.236,-0.0007728526562401,31,0
15.238,-0.0009960613562401,31,0
15.24,-0.0012265663562401,31,0
15.242,-0.0013553708562401,31,0
15.244,-0.0012618983562401,31,0
15.246,-0.0010735739562401,31,0
15.248,-0.0006791381562401,31,0
15.25,-0.0007214760562401,31,0
15.252,-0.0009261112562401,31,0
15.254,-0.0011489327562401,31,0
15.256,-0.0012265966062401,31,0
15.258,-0.0013042604562401,31,0
15.26,-0.0009232677562401,31,0
15.262,-0.0008182216062401,31,0
15.264,-0.0007131754562401,31,0
15.266,-0.0006957333062401,31,0
15.268,-0.0006782911562401,31,0
15.27,-0.0010736102562401,31,0
15.272,-0.0012952096562401,31,0
15.274,-0.0013348129562401,31,0
15.276,-0.0012691160062401,31,0
15.278,-0.0012034190562401,31,0
15.28,-0.0009967631562401,31,0
15.282,-0.0007853277562401,31,0
15.284,-0.0006713941562401,31,0
15.286,-0.0007741715562401,31,0
15.288,-0.0009983603562401,31,0
15.29,-0.0012269898562401,31,0
15.292,-0.0012563807562401,31,0
15.294,-0.0008516478562401,31,0
15.296,-0.0006763188562401,31,0
15.298,-0.0007000227562401,31,0
15.3,-0.0007237266562401,31,0
15.302,-0.0008233520062401,31,0
15.304,-0.0009229773562401,31,0
15.306,-0.0011536880562401,31,0
15.308,-0.0013433434562401,31,0
15.31,-0.0013088584562401,31,0
15.312,-0.0011520424562401,31,0
15.314,-0.0006892416562401,31,0
15.316,-0.0007398236895734,31,0
15.318,-0.0007904057229067,31,0
15.32,-0.0008409877562401,31,0
15.322,-0.0010720735562401,31,0
15.324,-0.0012998439562401,31,0
15.326,-0.0013457634562401,31,0
15.328,-0.0012133289562401,31,0
15.33,-0.0007830892562401,31,0
15.332,-0.0007735544562401,31,0
15.334,-0.0008756018229067,31,0
15.336,-0.0009776491895734,31,0
15.338,-0.0010796965562401,31,0
15.34,-0.0013588435562401,31,0
15.342,-0.0010804346562401,31,0
15.344,-0.0009685459562401,31,0
15.346,-0.0008566572562401,31,0
15.348,-0.0006709101562401,31,0
15.35,-0.0007189229562401,31,0
15.352,-0.0009164312562401,31,0
15.354,-0.0011588184562401,31,0
15.356,-0.0013566171562401,31,0
15.358,-0.0013141461562401,31,0
15.36,-0.0011578141562401,31,0
15.362,-0.0009339036562401,31,0
15.364,-0.0007205443562401,31,0
15.366,-0.0008448718562401,31,0
15.368,-0.0012979321562401,31,0
15.37,-0.0013461022562401,31,0
15.372,-0.0012150592562401,31,0
15.374,-0.0011141150062401,31,0
15.376,-0.0010131707562401,31,0
15.378,-0.0009004411062401,31,0
15.38,-0.0007877114562401,31,0
15.382,-0.0006635775562401,31,0
15.384,-0.0007625797562401,31,0
15.386,-0.0009865749562401,31,0
15.388,-0.0012117196562401,31,0
15.39,-0.0013484980562401,31,0
15.392,-0.0012626122562401,31,0
15.394,-0.0008531724562401,31,0
15.396,-0.0007607708062401,31,0
15.398,-0.0006683691562401,31,0
15.4,-0.0007008092562401,31,0
15.402,-0.0011240551562401,31,0
15.404,-0.0013209100562401,31,0
15.406,-0.0012888329562401,31,0
15.408,-0.0009232556562401,31,0
15.41,-0.0008166304562401,31,0
15.412,-0.0007100052562401,31,0
15.414,-0.0006709948562401,31,0
15.416,-0.0008198490562401,31,0
15.418,-0.0010584368562401,31,0
15.42,-0.0012788988562401,31,0
15.422,-0.0013296946562401,31,0
15.424,-0.0010061285562401,31,0
15.426,-0.0008970168062401,31,0
15.428,-0.0007879050562401,31,0
15.43,-0.0006649448562401,31,0
15.432,-0.0007640801562401,31,0
15.434,-0.0008723933062401,31,0
15.436,-0.0009807064562401,31,0
15.438,-0.0011982765562401,31,0
15.44,-0.0013367489562401,31,0
15.442,-0.0012565622562401,31,0
15.444,-0.0008586779562401,31,0
15.446,-0.0006741771562401,31,0
15.448,-0.0006921819562401,31,0
15.45,-0.0007101867562401,31,0
15.452,-0.0009037988562401,31,0
15.454,-0.0011409467562401,31,0
15.456,-0.0012992026562401,31,0
15.458,-0.0012221740562401,31,0
15.46,-0.0011451454562401,31,0
15.462,-0.0007229643562401,31,0
15.464,-0.0007004281062401,31,0
15.466,-0.0006778918562401,31,0
15.468,-0.0010572752562401,31,0
15.47,-0.0011681657062401,31,0
15.472,-0.0012790561562401,31,0
15.474,-0.0012131232562401,31,0
15.476,-0.0011098921062401,31,0
15.478,-0.0010066609562401,31,0
15.48,-0.0007911720562401,31,0
15.482,-0.0007562151562401,31,0
15.484,-0.0009750436562401,31,0
15.486,-0.0010941560562401,31,0
15.488,-0.0012132684562401,31,0
15.49,-0.0013445897562401,31,0
15.492,-0.0008728107562401,31,0
15.494,-0.0007799432562401,31,0
15.496,-0.0006870757562401,31,0
15.498,-0.0007115056562401,31,0
15.5,-0.0008999147562401,32,0
15.502,-0.0011322589562401,32,0
15.504,-0.0013371240562401,32,0
15.506,-0.0013283273562401,32,0
15.508,-0.0013195306562401,32,0
15.51,-0.0009487019562401,32,0
15.512,-0.0008400016062401,32,0
15.514,-0.0007313012562401,32,0
15.516,-0.0006839418562401,32,0
15.518,-0.0008292265562401,32,0
15.52,-0.0012823110562401,32,0
15.522,-0.0010176961562401,32,0
15.524,-0.0009060010562401,32,0
15.526,-0.0007943059562401,32,0
15.528,-0.0007257897062401,32,0
15.53,-0.0006572734562401,32,0
15.532,-0.0007509395562401,32,0
15.534,-0.0009720307562401,32,0
15.536,-0.0011950700562401,32,0
15.538,-0.0012673494062401,32,0
15.54,-0.0013396287562401,32,0
15.542,-0.0012644514562401,32,0
15.544,-0.0010972294562401,32,0
15.546,-0.0008729438562401,32,0
15.548,-0.0006857084562401,32,0
15.55,-0.0007086379562401,32,0
15.552,-0.0008883834562401,32,0
15.554,-0.0011220102562401,32,0
15.556,-0.0011625452562401,32,0
15.558,-0.0010565069062401,32,0
15.56,-0.0009504685562401,32,0
15.562,-0.0008436618562401,32,0
15.564,-0.0007368551562401,32,0
15.566,-0.0006771295562401,32,0
15.568,-0.0008202725562401,32,0
15.57,-0.0010476920562401,32,0
15.572,-0.0013363617562401,32,0
15.574,-0.0012151076562401,32,0
15.576,-0.0010160021562401,32,0
15.578,-0.0009059466062401,32,0
15.58,-0.0007958910562401,32,0
15.582,-0.0006674011562401,32,0
15.584,-0.0009691509562401,32,0
15.586,-0.0011569611062401,32,0
15.588,-0.0013447712562401,32,0
15.59,-0.0013064989562401,32,0
15.592,-0.0012682266562401,32,0
15.594,-0.0010925346562401,32,0
15.596,-0.0008811113562401,32,0
15.598,-0.0006868700562401,32,0
15.6,-0.0008897870562401,32,0
15.602,-0.0013147027562401,32,0
15.604,-0.0013136561062401,32,0
15.606,-0.0013126094562401,32,0
15.608,-0.0011648563562401,32,0
15.61,-0.0009538807562401,32,0
15.612,-0.0007382829562401,32,0
15.614,-0.0007078998562401,32,0
15.616,-0.0006775167562401,32,0
15.618,-0.0010421865562401,32,0
15.62,-0.0013375717562401,32,0
15.622,-0.0012968955895734,32,0
15.624,-0.0012562194229067,32,0
15.626,-0.0012155432562401,32,0
15.628,-0.0010164861562401,32,0
15.63,-0.0008005253562401,32,0
15.632,-0.0007462084562401,32,0
15.634,-0.0008536867062401,32,0
15.636,-0.0009611649562401,32,0
15.638,-0.0011925653562401,32,0
15.64,-0.0013401611562401,32,0
15.642,-0.0012707192562401,32,0
15.644,-0.0011010893562401,32,0
15.646,-0.0008791874562401,32,0
15.648,-0.0007007003562401,32,0
15.65,-0.0008820309562401,32,0
15.652,-0.0011170492562401,32,0
15.654,-0.0013243585562401,32,0
15.656,-0.0013223862562401,32,0
15.658,-0.0013204139562401,32,0
15.66,-0.0011725156562401,32,0
15.662,-0.0009641899562401,32,0
15.664,-0.0007540855562401,32,0
15.666,-0.0006819211562401,32,0
15.668,-0.0008166304562401,32,0
15.67,-0.0012697875562401,32,0
15.672,-0.0013495386562401,32,0
15.674,-0.0012384727562401,32,0
15.676,-0.0010347450562401,32,0
15.678,-0.0008101811562401,32,0
15.68,-0.0007413019062401,32,0
15.682,-0.0006724226562401,32,0
15.684,-0.0009710022562401,32,0
15.686,-0.0012004666562401,32,0
15.688,-0.0012771020062401,32,0
15.69,-0.0013537373562401,32,0
15.692,-0.0011000487562401,32,0
15.694,-0.0009962912562401,32,0
15.696,-0.0008925337562401,32,0
15.698,-0.0006949649562401,32,0
15.7,-0.0007119896562401,32,0
15.702,-0.0011039933562401,32,0
15.704,-0.0012102132062401,32,0
15.706,-0.0013164330562401,32,0
15.708,-0.0012447042562401,32,0
15.71,-0.0011729754562401,32,0
15.712,-0.0007450710562401,32,0
15.714,-0.0006785573562401,32,0
15.716,-0.0008115726562401,32,0
15.718,-0.0010405530562401,32,0
15.72,-0.0012642336562401,32,0
15.722,-0.0010272551562401,32,0
15.724,-0.0009170362562401,32,0
15.726,-0.0008068173562401,32,0
15.728,-0.0007328319062401,32,0
15.73,-0.0006588464562401,32,0
15.732,-0.0006976209062401,32,0
15.734,-0.0007363953562401,32,0
15.736,-0.0011873381562401,32,0
15.738,-0.0011015854562401,32,0
15.74,-0.0010282997895734,32,0
15.742,-0.0009550141229067,32,0
15.744,-0.0008817284562401,32,0
15.746,-0.0007862050062401,32,0
15.748,-0.0006906815562401,32,0
15.75,-0.0007002042562401,32,0
15.752,-0.0008812202562401,32,0
15.754,-0.0011607907562401,32,0
15.756,-0.0009519931562401,32,0
15.758,-0.0007363711562401,32,0
15.76,-0.0007188140562401,32,0
15.762,-0.0007012569562401,32,0
15.764,-0.0006836998562401,32,0
15.766,-0.0006661427562401,32,0
15.768,-0.0009466994062401,32,0
15.77,-0.0012272560562401,32,0
15.772,-0.0011625492895734,32,0
15.774,-0.0010978425229067,32,0
15.776,-0.0010331357562401,32,0
15.778,-0.0008146339562401,32,0
15.78,-0.0006685385562401,32,0
15.782,-0.0009510251562401,32,0
15.784,-0.0010573115562401,32,0
15.786,-0.0011635979562401,32,0
15.788,-0.0012698843562401,32,0
15.79,-0.0011853114062401,32,0
15.792,-0.0011007384562401,32,0
15.794,-0.0008905977562401,32,0
15.796,-0.0006961628562401,32,0
15.798,-0.0010993469562401,32,0
15.8,-0.0013041152562401,32,0
15.802,-0.0011599921562401,32,0
15.804,-0.0009539170562401,32,0
15.806,-0.0007400737562401,32,0
15.808,-0.0006765124562401,32,0
15.81,-0.0007417859062401,32,0
15.812,-0.0008070593562401,32,0
15.814,-0.0012542632562401,32,0
15.816,-0.0012827910229067,32,0
15.818,-0.0013113187895734,32,0
15.82,-0.0013398465562401,32,0
15.822,-0.0012833335062401,32,0
15.824,-0.0012268204562401,32,0
15.826,-0.0010324339562401,32,0
15.828,-0.0008174290562401,32,0
15.83,-0.0006684901562401,32,0
15.832,-0.0007380772562401,32,0
15.834,-0.0009536629562401,32,0
15.836,-0.0011928436562401,32,0
15.838,-0.0013588435562401,32,0
15.84,-0.0012868364562401,32,0
15.842,-0.0008953409562401,32,0
15.844,-0.0006946503562401,32,0
15.846,-0.0008745773562401,32,0
15.848,-0.0011873744562401,32,0
15.85,-0.0010785349562401,32,0
15.852,-0.0009696954562401,32,0
15.854,-0.0008577341562401,32,0
15.856,-0.0007457728562401,32,0
15.858,-0.0007190197562401,32,0
15.86,-0.0006922666562401,32,0
15.862,-0.0006655135562401,32,0
15.864,-0.0007289962062401,32,0
15.866,-0.0007924788562401,32,0
15.868,-0.0010262871562401,32,0
15.87,-0.0012623218562401,32,0
15.872,-0.0013484617562401,32,0
15.874,-0.0012343224562401,32,0
15.876,-0.0008162311562401,32,0
15.878,-0.0007432439562401,32,0
15.88,-0.0006702567562401,32,0
15.882,-0.0007383555562401,32,0
15.884,-0.0009496094562401,32,0
15.886,-0.0011748630562401,32,0
15.888,-0.0013315459562401,32,0
15.89,-0.0012697996562401,32,0
15.892,-0.0008838338562401,32,0
15.894,-0.0006799972562401,32,0
15.896,-0.0006719870562401,32,0
15.898,-0.0010852383562401,32,0
15.9,-0.0011951366062401,32,0
15.902,-0.0013050348562401,32,0
15.904,-0.0013085862062401,32,0
15.906,-0.0013121375562401,32,0
15.908,-0.0011639851562401,32,0
15.91,-0.0009479033562401,32,0
15.912,-0.0007327532562401,32,0
15.914,-0.0006541637562401,32,0
15.916,-0.0007761196562401,32,0
15.918,-0.0010058260562401,32,0
15.92,-0.0012349153562401,32,0
15.922,-0.0013299850562401,32,0
15.924,-0.0012255136562401,32,0
15.926,-0.0008198369562401,32,0
15.928,-0.0006614358562401,32,0
15.93,-0.0006928656062401,32,0
15.932,-0.0007242953562401,32,0
15.934,-0.0009337826562401,32,0
15.936,-0.0013280369562401,32,0
15.938,-0.0006890480562401,32,0
15.94,-0.0006845549229067,32,0
15.942,-0.0006800617895734,32,0
15.944,-0.0006755686562401,32,0
15.946,-0.0008448839562401,32,0
15.948,-0.0009612254562401,32,0
15.95,-0.0010775669562401,32,0
15.952,-0.0011794973562401,32,0
15.954,-0.0012814277562401,32,0
15.956,-0.0012946288562401,32,0
15.958,-0.0011640214562401,32,0
15.96,-0.0007420823562401,32,0
15.962,-0.0006552527562401,32,0
15.964,-0.0008313924562401,32,0
15.966,-0.0010075321562401,32,0
15.968,-0.0012282966562401,32,0
15.97,-0.0008211195562401,32,0
15.972,-0.0007400314062401,32,0
15.974,-0.0006589432562401,32,0
15.976,-0.0007218148562401,32,0
15.978,-0.0008687048229067,32,0
15.98,-0.0010155947895734,32,0
15.982,-0.0011624847562401,32,0
15.984,-0.0012028664895734,32,0
15.986,-0.0012432482229067,32,0
15.988,-0.0012836299562401,32,0
15.99,-0.0011180656562401,32,0
15.992,-0.0010057595062401,32,0
15.994,-0.0008934533562401,32,0
15.996,-0.0006789203562401,32,0
15.998,-0.0009872828062401,32,0
16.0,-0.0012956452562401,33,0
16.002,-0.0013014411562401,33,0
16.004,-0.0013072370562401,33,0
16.006,-0.0013130329562401,33,0
16.008,-0.0009678562562401,33,0
16.01,-0.0008593253062401,33,0
16.012,-0.0007507943562401,33,0
16.014,-0.0009982272562401,33,0
16.016,-0.0011092810562401,33,0
16.018,-0.0012203348562401,33,0
16.02,-0.0013313886562401,33,0
16.022,-0.0012286596562401,33,0
16.024,-0.0010347692562401,33,0
16.026,-0.0006580962562401,33,0
16.028,-0.0007211372562401,33,0
16.03,-0.0009343029562401,33,0
16.032,-0.0010445097562401,33,0
16.034,-0.0011547165562401,33,0
16.036,-0.0011364092562401,33,0
16.038,-0.0011181019562401,33,0
16.04,-0.0010088268562401,33,0
16.042,-0.0008995517562401,33,0
16.044,-0.0007955946062401,33,0
16.046,-0.0006916374562401,33,0
16.048,-0.0006757138562401,33,0
16.05,-0.0008413749562401,33,0
16.052,-0.0010788011562401,33,0
16.054,-0.0013209463562401,33,0
16.056,-0.0011844583562401,33,0
16.058,-0.0010779783562401,33,0
16.06,-0.0009714983562401,33,0
16.062,-0.0007498142562401,33,0
16.064,-0.0006518042562401,33,0
16.066,-0.0007748007562401,33,0
16.068,-0.0010092624562401,33,0
16.07,-0.0012214480562401,33,0
16.072,-0.0012340562562401,33,0
16.074,-0.0011400634562401,33,0
16.076,-0.0010460706562401,33,0
16.078,-0.0006598144562401,33,0
16.08,-0.0007113604562401,33,0
16.082,-0.0009102360562401,33,0
16.084,-0.0011417453562401,33,0
16.086,-0.0013247941562401,33,0
16.088,-0.0011106846562401,33,0
16.09,-0.0008965751562401,33,0
16.092,-0.0007920251062401,33,0
16.094,-0.0006874750562401,33,0
16.096,-0.0006694944562401,33,0
16.098,-0.0007554891562401,33,0
16.1,-0.0008414838562401,33,0
16.102,-0.0012931284562401,33,0
16.104,-0.0013183569562401,33,0
16.106,-0.0012491026062401,33,0
16.108,-0.0011798482562401,33,0
16.11,-0.0009733496562401,33,0
16.112,-0.0007599782562401,33,0
16.114,-0.0006647996562401,33,0
16.116,-0.0007756235562401,33,0
16.118,-0.0013461506562401,33,0
16.12,-0.0012364641562401,33,0
16.122,-0.0010449574562401,33,0
16.124,-0.0006609155562401,33,0
16.126,-0.0009209929562401,33,0
16.128,-0.0010328574562401,33,0
16.13,-0.0011447219562401,33,0
16.132,-0.0013202082562401,33,0
16.134,-0.0012751478562401,33,0
16.136,-0.0011968608562401,33,0
16.138,-0.0011185738562401,33,0
16.14,-0.0006948439562401,33,0
16.142,-0.0006681029562401,33,0
16.144,-0.0007680096312401,33,0
16.146,-0.0008679163062401,33,0
16.148,-0.0009678229812401,33,0
16.15,-0.0010677296562401,33,0
16.152,-0.0013137347562401,33,0
16.154,-0.0011746573562401,33,0
16.156,-0.0009645287562401,33,0
16.158,-0.0007487857562401,33,0
16.16,-0.0012140065562401,33,0
16.162,-0.0013361197562401,33,0
16.164,-0.0011702983312401,33,0
16.166,-0.0010044769062401,33,0
16.168,-0.0008386554812401,33,0
16.17,-0.0006728340562401,33,0
16.172,-0.0006841021812401,33,0
16.174,-0.0006953703062401,33,0
16.176,-0.0007066384312401,33,0
16.178,-0.0007179065562401,33,0
16.18,-0.0008181490062401,33,0
16.182,-0.0009183914562401,33,0
16.184,-0.0010358280062401,33,0
16.186,-0.0011532645562401,33,0
16.188,-0.0013488005562401,33,0
16.19,-0.0009142895562401,33,0
16.192,-0.0006864586562401,33,0
16.194,-0.0008409756562401,33,0
16.196,-0.0009591745062401,33,0
16.198,-0.0010773733562401,33,0
16.2,-0.0011509615229067,33,0
16.202,-0.0012245496895734,33,0
16.204,-0.0012981378562401,33,0
16.206,-0.0007633783562401,33,0
16.208,-0.0006573339562401,33,0
16.21,-0.0007653264562401,33,0
16.212,-0.0012217868562401,33,0
16.214,-0.0012843075562401,33,0
16.216,-0.0013468282562401,33,0
16.218,-0.0012022453562401,33,0
16.22,-0.0010576624562401,33,0
16.222,-0.0009511340562401,33,0
16.224,-0.0008446056562401,33,0
16.226,-0.0007591010062401,33,0
16.228,-0.0006735963562401,33,0
16.23,-0.0007127640562401,33,0
16.232,-0.0009122204562401,33,0
16.234,-0.0013411654562401,33,0
16.236,-0.0012951491562401,33,0
16.238,-0.0012142485562401,33,0
16.24,-0.0011333479562401,33,0
16.242,-0.0009110346562401,33,0
16.244,-0.0007055766562401,33,0
16.246,-0.0006809047562401,33,0
16.248,-0.0007586714562401,33,0
16.25,-0.0008364381562401,33,0
16.252,-0.0010712386562401,33,0
16.254,-0.0012816334562401,33,0
16.256,-0.0013213335562401,33,0
16.258,-0.0011903510562401,33,0
16.26,-0.0009788188562401,33,0
16.262,-0.0007563240562401,33,0
16.264,-0.0006446894562401,33,0
16.266,-0.0007519438562401,33,0
16.268,-0.0012206494562401,33,0
16.27,-0.0012346189062401,33,0
16.272,-0.0012485883562401,33,0
16.274,-0.0011551824062401,33,0
16.276,-0.0010617764562401,33,0
16.278,-0.0008435045562401,33,0
16.28,-0.0006707165562401,33,0
16.282,-0.0007205564562401,33,0
16.284,-0.0009189238562401,33,0
16.286,-0.0013283636562401,33,0
16.288,-0.0013131176562401,33,0
16.29,-0.0012978716562401,33,0
16.292,-0.0011408499562401,33,0
16.294,-0.0007052620562401,33,0
16.296,-0.0006764035562401,33,0
16.298,-0.0010626113562401,33,0
16.3,-0.0013332399562401,33,0
16.302,-0.0012000794562401,33,0
16.304,-0.0009931573562401,33,0
16.306,-0.0009375911312401,33,0
16.308,-0.0008820249062401,33,0
16.31,-0.0008264586812401,33,0
16.312,-0.0007708924562401,33,0
16.314,-0.0007606437562401,33,0
16.316,-0.0008730588062401,33,0
16.318,-0.0009854738562401,33,0
16.32,-0.0012157852562401,33,0
16.322,-0.0013355752562401,33,0
16.324,-0.0012442928562401,33,0
16.326,-0.0010600824562401,33,0
16.328,-0.0008457430562401,33,0
16.33,-0.0006658039562401,33,0
16.332,-0.0007102351562401,33,0
16.334,-0.0013280369562401,33,0
16.336,-0.0013113510562401,33,0
16.338,-0.0012946651562401,33,0
16.34,-0.0011373893562401,33,0
16.342,-0.0009236912562401,33,0
16.344,-0.0008232431062401,33,0
16.346,-0.0007227949562401,33,0
16.348,-0.0006777345562401,33,0
16.35,-0.0008291902562401,33,0
16.352,-0.0010608084562401,33,0
16.354,-0.0012732965562401,33,0
16.356,-0.0013189740562401,33,0
16.358,-0.0011918272562401,33,0
16.36,-0.0009855222562401,33,0
16.362,-0.0007597604562401,33,0
16.364,-0.0006442901562401,33,0
16.366,-0.0007460874562401,33,0
16.368,-0.0009697196562401,33,0
16.37,-0.0012076661562401,33,0
16.372,-0.0012430586562401,33,0
16.374,-0.0011502214062401,33,0
16.376,-0.0010573841562401,33,0
16.378,-0.0006565837562401,33,0
16.38,-0.0006977600562401,33,0
16.382,-0.0008934775562401,33,0
16.384,-0.0011215383562401,33,0
16.386,-0.0013201840562401,33,0
16.388,-0.0013082716062401,33,0
16.39,-0.0012963591562401,33,0
16.392,-0.0011415154562401,33,0
16.394,-0.0007176524562401,33,0
16.396,-0.0006746369562401,33,0
16.398,-0.0008200668562401,33,0
16.4,-0.0010556417562401,33,0
16.402,-0.0011726427062401,33,0
16.404,-0.0012896436562401,33,0
16.406,-0.0013304327562401,33,0
16.408,-0.0011983733562401,33,0
16.41,-0.0009981304562401,33,0
16.412,-0.0006575759562401,33,0
16.414,-0.0007572920562401,33,0
16.416,-0.0009832837562401,33,0
16.418,-0.0012031286562401,33,0
16.42,-0.0013435854562401,33,0
16.422,-0.0012974179062401,33,0
16.424,-0.0012512503562401,33,0
16.426,-0.0010693994562401,33,0
16.428,-0.0006608913562401,33,0
16.43,-0.0006983892562401,33,0
16.432,-0.0009118151062401,33,0
16.434,-0.0011252409562401,33,0
16.436,-0.0012237591562401,33,0
16.438,-0.0013222773562401,33,0
16.44,-0.0012883852562401,33,0
16.442,-0.0011319080562401,33,0
16.444,-0.0007165392562401,33,0
16.446,-0.0006914862062401,33,0
16.448,-0.0006664331562401,33,0
16.45,-0.0008158076562401,33,0
16.452,-0.0012647902562401,33,0
16.454,-0.0012304625562401,33,0
16.456,-0.0011961348562401,33,0
16.458,-0.0009891764562401,33,0
16.46,-0.0006431769562401,33,0
16.462,-0.0002468112062401,33,0
16.464,0.0001495545437598,33,0
16.466,-0.0004108872062401,33,0
16.468,-0.0009713289562401,33,0
16.47,-0.0011935696562401,33,0
16.472,-0.0013356478562401,33,0
16.474,-0.0010619216562401,33,0
16.476,-0.0008873912562401,33,0
16.478,-0.0009727857962401,33,0
16.48,-0.0010581803362401,33,0
16.482,-0.0011435748762401,33,0
16.484,-0.0012289694162401,33,0
16.486,-0.0013143639562401,33,0
16.488,-0.0011382121562401,33,0
16.49,-0.0009233161562401,33,0
16.492,-0.0007084201562401,33,0
16.494,-0.0006518284562401,33,0
16.496,-0.0006990789562401,33,0
16.498,-0.0007463294562401,33,0
16.5,-0.0007935799562401,34,0
16.502,-0.0012529443562401,34,0
16.504,-0.0013157796562401,34,0
16.506,-0.0011941383562401,34,0
16.508,-0.0010956020062401,34,0
16.51,-0.0009970656562401,34,0
16.512,-0.0009585392562401,34,0
16.514,-0.0010178171562401,34,0
16.516,-0.0010770950562401,34,0
16.518,-0.0011363729562401,34,0
16.52,-0.0011956508562401,34,0
16.522,-0.0013345951562401,34,0
16.524,-0.0012474630562401,34,0
16.526,-0.0010707304562401,34,0
16.528,-0.0008454284562401,34,0
16.53,-0.0006836030562401,34,0
16.532,-0.0008972467062401,34,0
16.534,-0.0011108903562401,34,0
16.536,-0.0012129901562401,34,0
16.538,-0.0013150899562401,34,0
16.54,-0.0011408499562401,34,0
16.542,-0.0009267888562401,34,0
16.544,-0.0007134295562401,34,0
16.546,-0.0008736154062401,34,0
16.548,-0.0010338012562401,34,0
16.55,-0.0011112735229067,34,0
16.552,-0.0011887457895734,34,0
16.554,-0.0012662180562401,34,0
16.556,-0.0013231969562401,34,0
16.558,-0.0011976352562401,34,0
16.56,-0.0010009134562401,34,0
16.562,-0.0007794713562401,34,0
16.564,-0.0006466375562401,34,0
16.566,-0.0009550665562401,34,0
16.568,-0.0010985967562401,34,0
16.57,-0.0012421269562401,34,0
16.572,-0.0008484050562401,34,0
16.574,-0.0008047966562401,34,0
16.576,-0.0007611882562401,34,0
16.578,-0.0007175798562401,34,0
16.58,-0.0006739714562401,34,0
16.582,-0.0008587747562401,34,0
16.584,-0.0010918449562401,34,0
16.586,-0.0011981253062401,34,0
16.588,-0.0013044056562401,34,0
16.59,-0.0012828313562401,34,0
16.592,-0.0007029388562401,34,0
16.594,-0.0006483073562401,34,0
16.596,-0.0008336249062401,34,0
16.598,-0.0010189424562401,34,0
16.6,-0.0012434458562401,34,0
16.602,-0.0012819662062401,34,0
16.604,-0.0013204865562401,34,0
16.606,-0.0012024510562401,34,0
16.608,-0.0009967147562401,34,0
16.61,-0.0007726832562401,34,0
16.612,-0.0006371148562401,34,0
16.614,-0.0007271146562401,34,0
16.616,-0.0009442491562401,34,0
16.618,-0.0011795941562401,34,0
16.62,-0.0013402942562401,34,0
16.622,-0.0012601801562401,34,0
16.624,-0.0010879003562401,34,0
16.626,-0.0008655144562401,34,0
16.628,-0.0006893626562401,34,0
16.63,-0.0011057962562401,34,0
16.632,-0.0013067288562401,34,0
16.634,-0.0012974844562401,34,0
16.636,-0.0011517520562401,34,0
16.638,-0.0010811687229067,34,0
16.64,-0.0010105853895734,34,0
16.642,-0.0009400020562401,34,0
16.644,-0.0007198183562401,34,0
16.646,-0.0006600080562401,34,0
16.648,-0.0007954796562401,34,0
16.65,-0.0010263960562401,34,0
16.652,-0.0012540454562401,34,0
16.654,-0.0013283515562401,34,0
16.656,-0.0012102071562401,34,0
16.658,-0.0010128682562401,34,0
16.66,-0.0006539580562401,34,0
16.662,-0.0006951101562401,34,0
16.664,-0.0007362622562401,34,0
16.666,-0.0011774161562401,34,0
16.668,-0.0012177636062401,34,0
16.67,-0.0012581110562401,34,0
16.672,-0.0010829998562401,34,0
16.674,-0.0008620538562401,34,0
16.676,-0.0006659007562401,34,0
16.678,-0.0008596822562401,34,0
16.68,-0.0010973020562401,34,0
16.682,-0.0011678006895734,34,0
16.684,-0.0012382993229067,34,0
16.686,-0.0013087979562401,34,0
16.688,-0.0012998318562401,34,0
16.69,-0.0009367955562401,34,0
16.692,-0.0008329049562401,34,0
16.694,-0.0007290143562401,34,0
16.696,-0.0006567773562401,34,0
16.698,-0.0007901435562401,34,0
16.7,-0.0010218343562401,34,0
16.702,-0.0012481890562401,34,0
16.704,-0.0013286298562401,34,0
16.706,-0.0009918929062401,34,0
16.708,-0.0006551559562401,34,0
16.71,-0.0006934101062401,34,0
16.712,-0.0007316642562401,34,0
16.714,-0.0009473830562401,34,0
16.716,-0.0011750929562401,34,0
16.718,-0.0013259315562401,34,0
16.72,-0.0012543237562401,34,0
16.722,-0.0010795755562401,34,0
16.724,-0.0008653329562401,34,0
16.726,-0.0006725194562401,34,0
16.728,-0.0006870152562401,34,0
16.73,-0.0011024324562401,34,0
16.732,-0.0012073334062401,34,0
16.734,-0.0013122343562401,34,0
16.736,-0.0013073096562401,34,0
16.738,-0.0011636705562401,34,0
16.74,-0.0007275865562401,34,0
16.742,-0.0006546114562401,34,0
16.744,-0.0007208166062401,34,0
16.746,-0.0007870217562401,34,0
16.748,-0.0010227539562401,34,0
16.75,-0.0012449099562401,34,0
16.752,-0.0013252297562401,34,0
16.754,-0.0012135709562401,34,0
16.756,-0.0010161231562401,34,0
16.758,-0.0006516953562401,34,0
16.76,-0.0006891630062401,34,0
16.762,-0.0007266306562401,34,0
16.764,-0.0009348232562401,34,0
16.766,-0.0011749598562401,34,0
16.768,-0.0012574334562401,34,0
16.77,-0.0010857465562401,34,0
16.772,-0.0008710804562401,34,0
16.774,-0.0006766455562401,34,0
16.776,-0.0008600694562401,34,0
16.778,-0.0010933211562401,34,0
16.78,-0.0011994079062401,34,0
16.782,-0.0013054946562401,34,0
16.784,-0.0013050167062401,34,0
16.786,-0.0013045387562401,34,0
16.788,-0.0011579714562401,34,0
16.79,-0.0009464392562401,34,0
16.792,-0.0007252754562401,34,0
16.794,-0.0012349637562401,34,0
16.796,-0.0012817000062401,34,0
16.798,-0.0013284362562401,34,0
16.8,-0.0012910069229067,34,0
16.802,-0.0012535775895734,34,0
16.804,-0.0012161482562401,34,0
16.806,-0.0010139088562401,34,0
16.808,-0.0007909542562401,34,0
16.81,-0.0006420153562401,34,0
16.812,-0.0007176887562401,34,0
16.814,-0.0009342666562401,34,0
16.816,-0.0011642271562401,34,0
16.818,-0.0013337239562401,34,0
16.82,-0.0012689647562401,34,0
16.822,-0.0006850429562401,34,0
16.824,-0.0008194820229067,34,0
16.826,-0.0009539210895734,34,0
16.828,-0.0010883601562401,34,0
16.83,-0.0013032924562401,34,0
16.832,-0.0013083139562401,34,0
16.834,-0.0011623637562401,34,0
16.836,-0.0007357540562401,34,0
16.838,-0.0007610914562401,34,0
16.84,-0.0007864288562401,34,0
16.842,-0.0010150220562401,34,0
16.844,-0.0013350549562401,34,0
16.846,-0.0013003400562401,34,0
16.848,-0.0012656251562401,34,0
16.85,-0.0012309102562401,34,0
16.852,-0.0008004406562401,34,0
16.854,-0.0007228433562401,34,0
16.856,-0.0006452460562401,34,0
16.858,-0.0007189834562401,34,0
16.86,-0.0013345104562401,34,0
16.862,-0.0012699569562401,34,0
16.864,-0.0012120261895734,34,0
16.866,-0.0011540954229067,34,0
16.868,-0.0010961646562401,34,0
16.87,-0.0008891820562401,34,0
16.872,-0.0006863497562401,34,0
16.874,-0.0008548422562401,34,0
16.876,-0.0012942295562401,34,0
16.878,-0.0006408416562401,34,0
16.88,-0.0006739684312401,34,0
16.882,-0.0007070952062401,34,0
16.884,-0.0007402219812401,34,0
16.886,-0.0007733487562401,34,0
16.888,-0.0008313198562401,34,0
16.89,-0.0008892909562401,34,0
16.892,-0.0009472620562401,34,0
16.894,-0.0010052331562401,34,0
16.896,-0.0012270382562401,34,0
16.898,-0.0013200025562401,34,0
16.9,-0.0012117317562401,34,0
16.902,-0.0010194022562401,34,0
16.904,-0.0007943422562401,34,0
16.906,-0.0007115540562401,34,0
16.908,-0.0009173266562401,34,0
16.91,-0.0011455084562401,34,0
16.912,-0.0013220353562401,34,0
16.914,-0.0012925839562401,34,0
16.916,-0.0012631325562401,34,0
16.918,-0.0008744805562401,34,0
16.92,-0.0006703656562401,34,0
16.922,-0.0006677097062401,34,0
16.924,-0.0006650537562401,34,0
16.926,-0.0008438433562401,34,0
16.928,-0.0010723760562401,34,0
16.93,-0.0012870784562401,34,0
16.932,-0.0011619160562401,34,0
16.934,-0.0009531789562401,34,0
16.936,-0.0008427846062401,34,0
16.938,-0.0007323902562401,34,0
16.94,-0.0006532199562401,34,0
16.942,-0.0007787090562401,34,0
16.944,-0.0010054509562401,34,0
16.946,-0.0012351573562401,34,0
16.948,-0.0013317758562401,34,0
16.95,-0.0012201775562401,34,0
16.952,-0.0010217012562401,34,0
16.954,-0.0008089106562401,34,0
16.956,-0.0007160673562401,34,0
16.958,-0.0011481583562401,34,0
16.96,-0.0012658066562401,34,0
16.962,-0.0010969148562401,34,0
16.964,-0.0009886077562401,34,0
16.966,-0.0008803006562401,34,0
16.968,-0.0007778862562401,34,0
16.97,-0.0006754718562401,34,0
16.972,-0.0006710372062401,34,0
16.974,-0.0006666025562401,34,0
16.976,-0.0008351918562401,34,0
16.978,-0.0010675602562401,34,0
16.98,-0.0012799757562401,34,0
16.982,-0.0012982588562401,34,0
16.984,-0.0011585643562401,34,0
16.986,-0.0009482905562401,34,0
16.988,-0.0007283609562401,34,0
16.99,-0.0006422210562401,34,0
16.992,-0.0009986628562401,34,0
16.994,-0.0011084340562401,34,0
16.996,-0.0012182052562401,34,0
16.998,-0.0013239713562401,34,0
17.0,-0.0012189312562401,35,0
17.002,-0.0008032357562401,35,0
17.004,-0.0007032534562401,35,0
17.006,-0.0009076829562401,35,0
17.008,-0.0010481236229067,35,0
17.01,-0.0011885642895734,35,0
17.012,-0.0013290049562401,35,0
17.014,-0.0012651048562401,35,0
17.016,-0.0008811597562401,35,0
17.018,-0.0006747458562401,35,0
17.02,-0.0006698393062401,35,0
17.022,-0.0006649327562401,35,0
17.024,-0.0007529300062401,35,0
17.026,-0.0008409272562401,35,0
17.028,-0.0012728488562401,35,0
17.03,-0.0012972303562401,35,0
17.032,-0.0011607060562401,35,0
17.034,-0.0010551154062401,35,0
17.036,-0.0009495247562401,35,0
17.038,-0.0007349070562401,35,0
17.04,-0.0007678069562401,35,0
17.042,-0.0008838701562401,35,0
17.044,-0.0009999333562401,35,0
17.046,-0.0012223192562401,35,0
17.048,-0.0011237889562401,35,0
17.05,-0.0010252586562401,35,0
17.052,-0.0009154995562401,35,0
17.054,-0.0008057404562401,35,0
17.056,-0.0007073190562401,35,0
17.058,-0.0008101630062401,35,0
17.06,-0.0009130069562401,35,0
17.062,-0.0011446735562401,35,0
17.064,-0.0012669319562401,35,0
17.066,-0.0010982458562401,35,0
17.068,-0.0009908160062401,35,0
17.07,-0.0008833861562401,35,0
17.072,-0.0006780612562401,35,0
17.074,-0.0006570677562401,35,0
17.076,-0.0008179977562401,35,0
17.078,-0.0012778098562401,35,0
17.08,-0.0013003037562401,35,0
17.082,-0.0012339050062401,35,0
17.084,-0.0011675062562401,35,0
17.086,-0.0007383797562401,35,0
17.088,-0.0006917463562401,35,0
17.09,-0.0006451129562401,35,0
17.092,-0.0009924313562401,35,0
17.094,-0.0012154464562401,35,0
17.096,-0.0013230033562401,35,0
17.098,-0.0010342247562401,35,0
17.1,-0.0009282227062401,35,0
17.102,-0.0008222206562401,35,0
17.104,-0.0006538612562401,35,0
17.106,-0.0007109490562401,35,0
17.108,-0.0009118816562401,35,0
17.11,-0.0011126630062401,35,0
17.112,-0.0013134443562401,35,0
17.114,-0.0012876290062401,35,0
17.116,-0.0012618136562401,35,0
17.118,-0.0010940471562401,35,0
17.12,-0.0008880930562401,35,0
17.122,-0.0006889270562401,35,0
17.124,-0.0008249794562401,35,0
17.126,-0.0010605301562401,35,0
17.128,-0.0011726124562401,35,0
17.13,-0.0009645650562401,35,0
17.132,-0.0008890166895734,35,0
17.134,-0.0008134683229067,35,0
17.136,-0.0007379199562401,35,0
17.138,-0.0006337268562401,35,0
17.14,-0.0007469828562401,35,0
17.142,-0.0009711716562401,35,0
17.144,-0.0013184537562401,35,0
17.146,-0.0011758189562401,35,0
17.148,-0.0010331841562401,35,0
17.15,-0.0009617296229067,35,0
17.152,-0.0008902750895734,35,0
17.154,-0.0008188205562401,35,0
17.156,-0.0006565837562401,35,0
17.158,-0.0007021886562401,35,0
17.16,-0.0009022016562401,35,0
17.162,-0.0013131539562401,35,0
17.164,-0.0012128994062401,35,0
17.166,-0.0011126448562401,35,0
17.168,-0.0010031943062401,35,0
17.17,-0.0008937437562401,35,0
17.172,-0.0006814371562401,35,0
17.174,-0.0006619077562401,35,0
17.176,-0.0008253908562401,35,0
17.178,-0.0012684928562401,35,0
17.18,-0.0012896376062401,35,0
17.182,-0.0013107823562401,35,0
17.184,-0.0011767990562401,35,0
17.186,-0.0009707723562401,35,0
17.188,-0.0007547873562401,35,0
17.19,-0.0006528206562401,35,0
17.192,-0.0007611156562401,35,0
17.194,-0.0009775604562401,35,0
17.196,-0.0012239527562401,35,0
17.198,-0.0010369714562401,35,0
17.2,-0.0008182276562401,35,0
17.202,-0.0007607929895734,35,0
17.204,-0.0007033583229067,35,0
17.206,-0.0006459236562401,35,0
17.208,-0.0008995759562401,35,0
17.21,-0.0010241898229067,35,0
17.212,-0.0011488036895734,35,0
17.214,-0.0012734175562401,35,0
17.216,-0.0011147986562401,35,0
17.218,-0.0006891206562401,35,0
17.22,-0.0006602379562401,35,0
17.222,-0.0008202604562401,35,0
17.224,-0.0009386468562401,35,0
17.226,-0.0010570332562401,35,0
17.228,-0.0013082897562401,35,0
17.23,-0.0012393923562401,35,0
17.232,-0.0011704949562401,35,0
17.234,-0.0009636454562401,35,0
17.236,-0.0007461963562401,35,0
17.238,-0.0007455308562401,35,0
17.24,-0.0008542372562401,35,0
17.242,-0.0009629436562401,35,0
17.244,-0.0011963889562401,35,0
17.246,-0.0013201235562401,35,0
17.248,-0.0010402505562401,35,0
17.25,-0.0009277084562401,35,0
17.252,-0.0008151663562401,35,0
17.254,-0.0006471336562401,35,0
17.256,-0.0008916867562401,35,0
17.258,-0.0011266808562401,35,0
17.26,-0.0012247392562401,35,0
17.262,-0.0013227976562401,35,0
17.264,-0.0012913497562401,35,0
17.266,-0.0011330091562401,35,0
17.268,-0.0009198434562401,35,0
17.27,-0.0006554100562401,35,0
17.272,-0.0007998598562401,35,0
17.274,-0.0010367778562401,35,0
17.276,-0.0013062085562401,35,0
17.278,-0.0012235443812401,35,0
17.28,-0.0011408802062401,35,0
17.282,-0.0010582160312401,35,0
17.284,-0.0009755518562401,35,0
17.286,-0.0006296491562401,35,0
17.288,-0.0007401826562401,35,0
17.29,-0.0009583819562401,35,0
17.292,-0.0010027042562401,35,0
17.294,-0.0010470265562401,35,0
17.296,-0.0008369826562401,35,0
17.298,-0.0007879534562401,35,0
17.3,-0.0007389242562401,35,0
17.302,-0.0006898950562401,35,0
17.304,-0.0008303639562401,35,0
17.306,-0.0009708328562401,35,0
17.308,-0.0011113017562401,35,0
17.31,-0.0012727883562401,35,0
17.312,-0.0008949416562401,35,0
17.314,-0.0007851704562401,35,0
17.316,-0.0006753992562401,35,0
17.318,-0.0010330026562401,35,0
17.32,-0.0012964438562401,35,0
17.322,-0.0009631009562401,35,0
17.324,-0.0006300726562401,35,0
17.326,-0.0007399406562401,35,0
17.328,-0.0009658113562401,35,0
17.33,-0.0010212717062401,35,0
17.332,-0.0010767320562401,35,0
17.334,-0.0011321924062401,35,0
17.336,-0.0011876527562401,35,0
17.338,-0.0013203292562401,35,0
17.34,-0.0008342964562401,35,0
17.342,-0.0006567168562401,35,0
17.344,-0.0008799013562401,35,0
17.346,-0.0011080831562401,35,0
17.348,-0.0013030746562401,35,0
17.35,-0.0012897888562401,35,0
17.352,-0.0012765030562401,35,0
17.354,-0.0011966733062401,35,0
17.356,-0.0011168435562401,35,0
17.358,-0.0010633766812401,35,0
17.36,-0.0010099098062401,35,0
17.362,-0.0009564429312401,35,0
17.364,-0.0009029760562401,35,0
17.366,-0.0007754420562401,35,0
17.368,-0.0006479080562401,35,0
17.37,-0.0007244708062401,35,0
17.372,-0.0008010335562401,35,0
17.374,-0.0010365237562401,35,0
17.376,-0.0012652984562401,35,0
17.378,-0.0012938786562401,35,0
17.38,-0.0013224588562401,35,0
17.382,-0.0011869872562401,35,0
17.384,-0.0007582237562401,35,0
17.386,-0.0006321659562401,35,0
17.388,-0.0007363590562401,35,0
17.39,-0.0009656661562401,35,0
17.392,-0.0010815660062401,35,0
17.394,-0.0011974658562401,35,0
17.396,-0.0013473848562401,35,0
17.398,-0.0012590669562401,35,0
17.4,-0.0010867871562401,35,0
17.402,-0.0006716240562401,35,0
17.404,-0.0006966468562401,35,0
17.406,-0.0007216696562401,35,0
17.408,-0.0009241631562401,35,0
17.41,-0.0011676877562401,35,0
17.412,-0.0013967649562401,35,0
17.414,-0.0013697940562401,35,0
17.416,-0.0009966179562401,35,0
17.418,-0.0008816377062401,35,0
17.42,-0.0007666574562401,35,0
17.422,-0.0007352579562401,35,0
17.424,-0.0009051782562401,35,0
17.426,-0.0011566162562401,35,0
17.428,-0.0014795531562401,35,0
17.43,-0.0013782761562401,35,0
17.432,-0.0012059358562401,35,0
17.434,-0.0010106902562401,35,0
17.436,-0.0009521686062401,35,0
17.438,-0.0008936469562401,35,0
17.44,-0.0010091777562401,35,0
17.442,-0.0012486609562401,35,0
17.444,-0.0014691955562401,35,0
17.446,-0.0016179166562401,35,0
17.448,-0.0013420850562401,35,0
17.45,-0.0012346249562401,35,0
17.452,-0.0011271648562401,35,0
17.454,-0.0009424946562401,35,0
17.456,-0.0009733859562401,35,0
17.458,-0.0014021736562401,35,0
17.46,-0.0015746712562401,35,0
17.462,-0.0014943212062401,35,0
17.464,-0.0014139711562401,35,0
17.466,-0.0013071463062401,35,0
17.468,-0.0012003214562401,35,0
17.47,-0.0009931815562401,35,0
17.472,-0.0009329114562401,35,0
17.474,-0.0012923903562401,35,0
17.476,-0.0013939577562401,35,0
17.478,-0.0014955251562401,35,0
17.48,-0.0014264341562401,35,0
17.482,-0.0012115381562401,35,0
17.484,-0.0010972415562401,35,0
17.486,-0.0009829449562401,35,0
17.488,-0.0008423792562401,35,0
17.49,-0.0009324516562401,35,0
17.492,-0.0011411645562401,35,0
17.494,-0.0013599930562401,35,0
17.496,-0.0014966625562401,35,0
17.498,-0.0013976361562401,35,0
17.5,-0.0012062262562401,36,1
17.502,-0.0009896604562401,36,1
17.504,-0.0007894901562401,36,1
17.506,-0.0012140186562401,36,1
17.508,-0.0013969585562401,36,1
17.51,-0.0013899002229067,36,1
17.512,-0.0013828418895734,36,1
17.514,-0.0013757835562401,36,1
17.516,-0.0012192458562401,36,1
17.518,-0.0007840572562401,36,1
17.52,-0.0007529602562401,36,1
17.522,-0.0007218632562401,36,1
17.524,-0.0008629855562401,36,1
17.526,-0.0010921353562401,36,1
17.528,-0.0013017678562401,36,1
17.53,-0.0013603802562401,36,1
17.532,-0.0012237954562401,36,1
17.534,-0.0010175267562401,36,1
17.536,-0.0007748249562401,36,1
17.538,-0.0006360621562401,36,1
17.54,-0.0007411990562401,36,1
17.542,-0.0009593983562401,36,1
17.544,-0.0013297793562401,36,1
17.546,-0.0012877984062401,36,1
17.548,-0.0012458174562401,36,1
17.55,-0.0010690485562401,36,1
17.552,-0.0008415080562401,36,1
17.554,-0.0006418338562401,36,1
17.556,-0.0010630711562401,36,1
17.558,-0.0012665084562401,36,1
17.56,-0.0012646027062401,36,1
17.562,-0.0012626969562401,36,1
17.564,-0.0011088696562401,36,1
17.566,-0.0008947964562401,36,1
17.568,-0.0006809531562401,36,1
17.57,-0.0006222076562401,36,1
17.572,-0.0007639107562401,36,1
17.574,-0.0012117317562401,36,1
17.576,-0.0012711306562401,36,1
17.578,-0.0011555393562401,36,1
17.58,-0.0009596524562401,36,1
17.582,-0.0008422703562401,36,1
17.584,-0.0007248882562401,36,1
17.586,-0.0005925989562401,36,1
17.588,-0.0006687321562401,36,1
17.59,-0.0008989225562401,36,1
17.592,-0.0011314119562401,36,1
17.594,-0.0012780518562401,36,1
17.596,-0.0012115018562401,36,1
17.598,-0.0010428157562401,36,1
17.6,-0.0008629008562401,36,1
17.602,-0.0006579389562401,36,1
17.604,-0.0006421363562401,36,1
17.606,-0.0010309335562401,36,1
17.608,-0.0012460715562401,36,1
17.61,-0.0013013685562401,36,1
17.612,-0.0011596170562401,36,1
17.614,-0.0010318289562401,36,1
17.616,-0.0009040408562401,36,1
17.618,-0.0006414224562401,36,1
17.62,-0.0005816363562401,36,1
17.622,-0.0010093592562401,36,1
17.624,-0.0012471242562401,36,1
17.626,-0.0013335787562401,36,1
17.628,-0.0012908415562401,36,1
17.63,-0.0012481043562401,36,1
17.632,-0.0010720372562401,36,1
17.634,-0.0008702334562401,36,1
17.636,-0.0007290143562401,36,1
17.638,-0.0008318885562401,36,1
17.64,-0.0010898121562401,36,1
17.642,-0.0013423633562401,36,1
17.644,-0.0015009217562401,36,1
17.646,-0.0014131241562401,36,1
17.648,-0.0012758859562401,36,1
17.65,-0.0010787406562401,36,1
17.652,-0.0009299590562401,36,1
17.654,-0.0009468264562401,36,1
17.656,-0.0013315338562401,36,1
17.658,-0.0015144374562401,36,1
17.66,-0.0015221754062401,36,1
17.662,-0.0015299133562401,36,1
17.664,-0.0013970311562401,36,1
17.666,-0.0011928920562401,36,1
17.668,-0.0009343392562401,36,1
17.67,-0.0011157485062401,36,1
17.672,-0.0012971577562401,36,1
17.674,-0.0014524552062401,36,1
17.676,-0.0016077526562401,36,1
17.678,-0.0014762619562401,36,1
17.68,-0.0012595388562401,36,1
17.682,-0.0011546036229067,36,1
17.684,-0.0010496683895734,36,1
17.686,-0.0009447331562401,36,1
17.688,-0.0011375224562401,36,1
17.69,-0.0013554313562401,36,1
17.692,-0.0015099846562401,36,1
17.694,-0.0014260953562401,36,1
17.696,-0.0012309344562401,36,1
17.698,-0.0010028615562401,36,1
17.7,-0.0007987224562401,36,1
17.702,-0.0008056194562401,36,1
17.704,-0.0011956387562401,36,1
17.706,-0.0013896259562401,36,1
17.708,-0.0012312127562401,36,1
17.71,-0.0009956862562401,36,1
17.712,-0.0007735665562401,36,1
17.714,-0.0007486002229067,36,1
17.716,-0.0007236338895734,36,1
17.718,-0.0006986675562401,36,1
17.72,-0.0010408192562401,36,1
17.722,-0.0011880399562401,36,1
17.724,-0.0013352606562401,36,1
17.726,-0.0012118648562401,36,1
17.728,-0.0011100494062401,36,1
17.73,-0.0010082339562401,36,1
17.732,-0.0007818792562401,36,1
17.734,-0.0006262732562401,36,1
17.736,-0.0007023701562401,36,1
17.738,-0.0009146767562401,36,1
17.74,-0.0011296332562401,36,1
17.742,-0.0012898856562401,36,1
17.744,-0.0012261186562401,36,1
17.746,-0.0010584610562401,36,1
17.748,-0.0008223053562401,36,1
17.75,-0.0006176943562401,36,1
17.752,-0.0007980327562401,36,1
17.754,-0.0010183979562401,36,1
17.756,-0.0011200984562401,36,1
17.758,-0.0012217989562401,36,1
17.76,-0.0012232993562401,36,1
17.762,-0.0008715160562401,36,1
17.764,-0.0006712610562401,36,1
17.766,-0.0006512234562401,36,1
17.768,-0.0006311858562401,36,1
17.77,-0.0007891513562401,36,1
17.772,-0.0011974537562401,36,1
17.774,-0.0010994074562401,36,1
17.776,-0.0009261838562401,36,1
17.778,-0.0007364316562401,36,1
17.78,-0.0007071093229067,36,1
17.782,-0.0006777869895734,36,1
17.784,-0.0006484646562401,36,1
17.786,-0.0007323297562401,36,1
17.788,-0.0009730592562401,36,1
17.79,-0.0012493990562401,36,1
17.792,-0.0013880771562401,36,1
17.794,-0.0013450011562401,36,1
17.796,-0.0006219656562401,36,1
17.798,-0.0006195335562401,36,1
17.8,-0.0006171014562401,36,1
17.802,-0.0006146693562401,36,1
17.804,-0.0008559191562401,36,1
17.806,-0.0011376797562401,36,1
17.808,-0.0013649177562401,36,1
17.81,-0.0013010902562401,36,1
17.812,-0.0011041869562401,36,1
17.814,-0.0010440741562401,36,1
17.816,-0.0010900541562401,36,1
17.818,-0.0011360341562401,36,1
17.82,-0.0013466528062401,36,1
17.822,-0.0015572714562401,36,1
17.824,-0.0015828508562401,36,1
17.826,-0.0015011516562401,36,1
17.828,-0.0014194524562401,36,1
17.83,-0.0012361011562401,36,1
17.832,-0.0012487033062401,36,1
17.834,-0.0012613054562401,36,1
17.836,-0.0015292841562401,36,1
17.838,-0.0017528921562401,36,1
17.84,-0.0019958601562401,36,1
17.842,-0.0019734872562401,36,1
17.844,-0.0018054182562401,36,1
17.846,-0.0016371556562401,36,1
17.848,-0.0015448447562401,36,1
17.85,-0.0014525338562401,36,1
17.852,-0.0015549301062401,36,1
17.854,-0.0016573263562401,36,1
17.856,-0.0017118408895734,36,1
17.858,-0.0017663554229067,36,1
17.86,-0.0018208699562401,36,1
17.862,-0.0017161989062401,36,1
17.864,-0.0016115278562401,36,1
17.866,-0.0016440708062401,36,1
17.868,-0.0016766137562401,36,1
17.87,-0.0018042143062401,36,1
17.872,-0.0019318148562401,36,1
17.874,-0.0019357957562401,36,1
17.876,-0.0019397766562401,36,1
17.878,-0.0016880845562401,36,1
17.88,-0.0016220871229067,36,1
17.882,-0.0015560896895734,36,1
17.884,-0.0014900922562401,36,1
17.886,-0.0015671208562401,36,1
17.888,-0.0017782416562401,36,1
17.89,-0.0019941056562401,36,1
17.892,-0.0019431586062401,36,1
17.894,-0.0018922115562401,36,1
17.896,-0.0016374460562401,36,1
17.898,-0.0015134997062401,36,1
17.9,-0.0013895533562401,36,1
17.902,-0.0013680637562401,36,1
17.904,-0.0017879821562401,36,1
17.906,-0.0016909462062401,36,1
17.908,-0.0015939102562401,36,1
17.91,-0.0015290270312401,36,1
17.912,-0.0014641438062401,36,1
17.914,-0.0013992605812401,36,1
17.916,-0.0013343773562401,36,1
17.918,-0.0013268874562401,36,1
17.92,-0.0015603327562401,36,1
17.922,-0.0018788894562401,36,1
17.924,-0.0015088714562401,36,1
17.926,-0.0013914197812401,36,1
17.928,-0.0012739681062401,36,1
17.93,-0.0011565164312401,36,1
17.932,-0.0010390647562401,36,1
17.934,-0.0010967212562401,36,1
17.936,-0.0015370160562401,36,1
17.938,-0.0017243482562401,36,1
17.94,-0.0016448149562401,36,1
17.942,-0.0014173289062401,36,1
17.944,-0.0011898428562401,36,1
17.946,-0.0009465723562401,36,1
17.948,-0.0009378845562401,36,1
17.95,-0.0009291967562401,36,1
17.952,-0.0011037997562401,36,1
17.954,-0.0015892517562401,36,1
17.956,-0.0015939042062401,36,1
17.958,-0.0015985566562401,36,1
17.96,-0.0009366987562401,36,1
17.962,-0.0008819946562401,36,1
17.964,-0.0008272905562401,36,1
17.966,-0.0008903436562401,36,1
17.968,-0.0009533967562401,36,1
17.97,-0.0011866242562401,36,1
17.972,-0.0014230582562401,36,1
17.974,-0.0015319824562401,36,1
17.976,-0.0012007812562401,36,1
17.978,-0.0009557562562401,36,1
17.98,-0.0008367527562401,36,1
17.982,-0.0009086106229067,36,1
17.984,-0.0009804684895734,36,1
17.986,-0.0010523263562401,36,1
17.988,-0.0012912892562401,36,1
17.99,-0.0014797951562401,36,1
17.992,-0.0014221628562401,36,1
17.994,-0.0012428529562401,36,1
17.996,-0.0010013369562401,36,1
17.998,-0.0007787332562401,36,1
18.0,-0.0007634509562401,37,0
18.002,-0.0011797877562401,37,0
18.004,-0.0014017985562401,37,0
18.006,-0.0014124768062401,37,0
18.008,-0.0014231550562401,37,0
18.01,-0.0012723648562401,37,0
18.012,-0.0010428641562401,37,0
18.014,-0.0008128310562401,37,0
18.016,-0.0007136352562401,37,0
18.018,-0.0010683467562401,37,0
18.02,-0.0014145156562401,37,0
18.022,-0.0013778324895734,37,0
18.024,-0.0013411493229067,37,0
18.026,-0.0013044661562401,37,0
18.028,-0.0010995526562401,37,0
18.03,-0.0008659379562401,37,0
18.032,-0.0006848251562401,37,0
18.034,-0.0007368430562401,37,0
18.036,-0.0011748872562401,37,0
18.038,-0.0013140251562401,37,0
18.04,-0.0012544286229067,37,0
18.042,-0.0011948320895734,37,0
18.044,-0.0011352355562401,37,0
18.046,-0.0009106958562401,37,0
18.048,-0.0007021523562401,37,0
18.05,-0.0008434682562401,37,0
18.052,-0.0010803015562401,37,0
18.054,-0.0011922265562401,37,0
18.056,-0.0013041515562401,37,0
18.058,-0.0011951668562401,37,0
18.06,-0.0007443450562401,37,0
18.062,-0.0006407569562401,37,0
18.064,-0.0006793236895734,37,0
18.066,-0.0007178904229067,37,0
18.068,-0.0007564571562401,37,0
18.07,-0.0009881721562401,37,0
18.072,-0.0013470097562401,37,0
18.074,-0.0012378193562401,37,0
18.076,-0.0011386659062401,37,0
18.078,-0.0010395124562401,37,0
18.08,-0.0008166425562401,37,0
18.082,-0.0006409384562401,37,0
18.084,-0.0009127528562401,37,0
18.086,-0.0010334503562401,37,0
18.088,-0.0011541478562401,37,0
18.09,-0.0012841744562401,37,0
18.092,-0.0011193845562401,37,0
18.094,-0.0010068001062401,37,0
18.096,-0.0008942156562401,37,0
18.098,-0.0006524213562401,37,0
18.1,-0.0008560099062401,37,0
18.102,-0.0010595984562401,37,0
18.104,-0.0012892564562401,37,0
18.106,-0.0011805742562401,37,0
18.108,-0.0009637059562401,37,0
18.11,-0.0007368793562401,37,0
18.112,-0.0007009786562401,37,0
18.114,-0.0006650779562401,37,0
18.116,-0.0006291772562401,37,0
18.118,-0.0007429535562401,37,0
18.12,-0.0009741966562401,37,0
18.122,-0.0012137403562401,37,0
18.124,-0.0013327680562401,37,0
18.126,-0.0012291436562401,37,0
18.128,-0.0010320346562401,37,0
18.13,-0.0008015054562401,37,0
18.132,-0.0006318150562401,37,0
18.134,-0.0009023831562401,37,0
18.136,-0.0011429916562401,37,0
18.138,-0.0013319089562401,37,0
18.14,-0.0012829039562401,37,0
18.142,-0.0011992264062401,37,0
18.144,-0.0011155488562401,37,0
18.146,-0.0008978698562401,37,0
18.148,-0.0006485977562401,37,0
18.15,-0.0010485511562401,37,0
18.152,-0.0012717235562401,37,0
18.154,-0.0012398682895734,37,0
18.156,-0.0012080130229067,37,0
18.158,-0.0011761577562401,37,0
18.16,-0.0009619635562401,37,0
18.162,-0.0007427236562401,37,0
18.164,-0.0006900402562401,37,0
18.166,-0.0006373568562401,37,0
18.168,-0.0007466077562401,37,0
18.17,-0.0009729382562401,37,0
18.172,-0.0012082348562401,37,0
18.174,-0.0013321872562401,37,0
18.176,-0.0012352783562401,37,0
18.178,-0.0010417993562401,37,0
18.18,-0.0008186511562401,37,0
18.182,-0.0006445200562401,37,0
18.184,-0.0008966840562401,37,0
18.186,-0.0011331543562401,37,0
18.188,-0.0013236446562401,37,0
18.19,-0.0012853965562401,37,0
18.192,-0.0011192635562401,37,0
18.194,-0.0010087603062401,37,0
18.196,-0.0008982570562401,37,0
18.198,-0.0006540548562401,37,0
18.2,-0.0007324689062401,37,0
18.202,-0.0008108829562401,37,0
18.204,-0.0012822626562401,37,0
18.206,-0.0009725268562401,37,0
18.208,-0.0008965872562401,37,0
18.21,-0.0008206476562401,37,0
18.212,-0.0007447080562401,37,0
18.214,-0.0006343197562401,37,0
18.216,-0.0008099815062401,37,0
18.218,-0.0009856432562401,37,0
18.22,-0.0012036126562401,37,0
18.222,-0.0012174127062401,37,0
18.224,-0.0012312127562401,37,0
18.226,-0.0010462884562401,37,0
18.228,-0.0008283069562401,37,0
18.23,-0.0007387064562401,37,0
18.232,-0.0006491059562401,37,0
18.234,-0.0006862529562401,37,0
18.236,-0.0008872097562401,37,0
18.238,-0.0011206066562401,37,0
18.24,-0.0012789351562401,37,0
18.242,-0.0011991598562401,37,0
18.244,-0.0011193845562401,37,0
18.246,-0.0008974947562401,37,0
18.248,-0.0006895441562401,37,0
18.25,-0.0006487429562401,37,0
18.252,-0.0008039375562401,37,0
18.254,-0.0010359792562401,37,0
18.256,-0.0012593452562401,37,0
18.258,-0.0013069829562401,37,0
18.26,-0.0009731681562401,37,0
18.262,-0.0008605716062401,37,0
18.264,-0.0007479750562401,37,0
18.266,-0.0007375085562401,37,0
18.268,-0.0009669608562401,37,0
18.27,-0.0011964131562401,37,0
18.272,-0.0013231727562401,37,0
18.274,-0.0012746517562401,37,0
18.276,-0.0012261307562401,37,0
18.278,-0.0010336076562401,37,0
18.28,-0.0008152873562401,37,0
18.282,-0.0006423662562401,37,0
18.284,-0.0006906089562401,37,0
18.286,-0.0008837733562401,37,0
18.288,-0.0012743250562401,37,0
18.29,-0.0011162627562401,37,0
18.292,-0.0010435135229067,37,0
18.294,-0.0009707642895734,37,0
18.296,-0.0008980150562401,37,0
18.298,-0.0006778071562401,37,0
18.3,-0.0006343560562401,37,0
18.302,-0.0007889940562401,37,0
18.304,-0.0010258999562401,37,0
18.306,-0.0013087374562401,37,0
18.308,-0.0011759641562401,37,0
18.31,-0.0007368672562401,37,0
18.312,-0.0006965621562401,37,0
18.314,-0.0006562570562401,37,0
18.316,-0.0006159519562401,37,0
18.318,-0.0007232789562401,37,0
18.32,-0.0009464876562401,37,0
18.322,-0.0012252595562401,37,0
18.324,-0.0010391252562401,37,0
18.326,-0.0008231886562401,37,0
18.328,-0.0007623417895734,37,0
18.33,-0.0007014949229067,37,0
18.332,-0.0006406480562401,37,0
18.334,-0.0006717571562401,37,0
18.336,-0.0008690113562401,37,0
18.338,-0.0012764788562401,37,0
18.34,-0.0011958021062401,37,0
18.342,-0.0011151253562401,37,0
18.344,-0.0008957886562401,37,0
18.346,-0.0007863018062401,37,0
18.348,-0.0006768149562401,37,0
18.35,-0.0006301331562401,37,0
18.352,-0.0012517343562401,37,0
18.354,-0.0013137347562401,37,0
18.356,-0.0011808162562401,37,0
18.358,-0.0011098255562401,37,0
18.36,-0.0010388348562401,37,0
18.362,-0.0009678441562401,37,0
18.364,-0.0007461237562401,37,0
18.366,-0.0007225166562401,37,0
18.368,-0.0013229912562401,37,0
18.37,-0.0012767208562401,37,0
18.372,-0.0012304504562401,37,0
18.374,-0.0011690066562401,37,0
18.376,-0.0011075628562401,37,0
18.378,-0.0010461190562401,37,0
18.38,-0.0008184454562401,37,0
18.382,-0.0006346585562401,37,0
18.384,-0.0006701357562401,37,0
18.386,-0.0010932848562401,37,0
18.388,-0.0012958993562401,37,0
18.39,-0.0012792739562401,37,0
18.392,-0.0011242366562401,37,0
18.394,-0.0009046942562401,37,0
18.396,-0.0006948439562401,37,0
18.398,-0.0006458389562401,37,0
18.4,-0.0007238476562401,37,0
18.402,-0.0008018563562401,37,0
18.404,-0.0012420301562401,37,0
18.406,-0.0012701082062401,37,0
18.408,-0.0012981862562401,37,0
18.41,-0.0009742571562401,37,0
18.412,-0.0007436916562401,37,0
18.414,-0.0006144394562401,37,0
18.416,-0.0007128850562401,37,0
18.418,-0.0011679539562401,37,0
18.42,-0.0012376802062401,37,0
18.422,-0.0013074064562401,37,0
18.424,-0.0012643425562401,37,0
18.426,-0.0012212786562401,37,0
18.428,-0.0010414968562401,37,0
18.43,-0.0006362073562401,37,0
18.432,-0.0006587012562401,37,0
18.434,-0.0008534628562401,37,0
18.436,-0.0009707905062401,37,0
18.438,-0.0010881181562401,37,0
18.44,-0.0012962381562401,37,0
18.442,-0.0012708644562401,37,0
18.444,-0.0011178599562401,37,0
18.446,-0.0006809652562401,37,0
18.448,-0.0007262495062401,37,0
18.45,-0.0007715337562401,37,0
18.452,-0.0010056082562401,37,0
18.454,-0.0012284297562401,37,0
18.456,-0.0011777065562401,37,0
18.458,-0.0007460390562401,37,0
18.46,-0.0006179000562401,37,0
18.462,-0.0007133327562401,37,0
18.464,-0.0007681608812401,37,0
18.466,-0.0008229890062401,37,0
18.468,-0.0008778171312401,37,0
18.47,-0.0009326452562401,37,0
18.472,-0.0013151504562401,37,0
18.474,-0.0012739620562401,37,0
18.476,-0.0012327736562401,37,0
18.478,-0.0010511526562401,37,0
18.48,-0.0008308116562401,37,0
18.482,-0.0006414829562401,37,0
18.484,-0.0006657071562401,37,0
18.486,-0.0008504499562401,37,0
18.488,-0.0012921846562401,37,0
18.49,-0.0012836178562401,37,0
18.492,-0.0012750510562401,37,0
18.494,-0.0011225184562401,37,0
18.496,-0.0006830343562401,37,0
18.498,-0.0006538673062401,37,0
18.5,-0.0006247002562401,38,0
18.502,-0.0007679763562401,38,0
18.504,-0.0012332092562401,38,0
18.506,-0.0013078299562401,38,0
18.508,-0.0009798231562401,38,0
18.51,-0.0007619021562401,38,0
18.512,-0.0006943297062401,38,0
18.514,-0.0006267572562401,38,0
18.516,-0.0007789571062401,38,0
18.518,-0.0009311569562401,38,0
18.52,-0.0010482426062401,38,0
18.522,-0.0011653282562401,38,0
18.524,-0.0013124521562401,38,0
18.526,-0.0012355566562401,38,0
18.528,-0.0010577350562401,38,0
18.53,-0.0008348530562401,38,0
18.532,-0.0006485130562401,38,0
18.534,-0.0006686353562401,38,0
18.536,-0.0008514421562401,38,0
18.538,-0.0012970004562401,38,0
18.54,-0.0012891959562401,38,0
18.542,-0.0012813914562401,38,0
18.544,-0.0011358889562401,38,0
18.546,-0.0009267646562401,38,0
18.548,-0.0006389540562401,38,0
18.55,-0.0007103803562401,38,0
18.552,-0.0007818066562401,38,0
18.554,-0.0010156512562401,38,0
18.556,-0.0012391745562401,38,0
18.558,-0.0013111816562401,38,0
18.56,-0.0011904357562401,38,0
18.562,-0.0009864660562401,38,0
18.564,-0.0007585867562401,38,0
18.566,-0.0006127091562401,38,0
18.568,-0.0007001195562401,38,0
18.57,-0.0009180042562401,38,0
18.572,-0.0013178366562401,38,0
18.574,-0.0012428408562401,38,0
18.576,-0.0011517883562401,38,0
18.578,-0.0010607358562401,38,0
18.58,-0.0008438796562401,38,0
18.582,-0.0006409263562401,38,0
18.584,-0.0008547938562401,38,0
18.586,-0.0010724849562401,38,0
18.588,-0.0012901760562401,38,0
18.59,-0.0012867154562401,38,0
18.592,-0.0011329365562401,38,0
18.594,-0.0006978689562401,38,0
18.596,-0.0006740037229067,38,0
18.598,-0.0006501384895734,38,0
18.6,-0.0006262732562401,38,0
18.602,-0.0007659919562401,38,0
18.604,-0.0009987112562401,38,0
18.606,-0.0012174550562401,38,0
18.608,-0.0012977627562401,38,0
18.61,-0.0011863096562401,38,0
18.612,-0.0007723565562401,38,0
18.614,-0.0007010754562401,38,0
18.616,-0.0006297943562401,38,0
18.618,-0.0007089525562401,38,0
18.62,-0.0009275511562401,38,0
18.622,-0.0013223620562401,38,0
18.624,-0.0012822384562401,38,0
18.626,-0.0012421148562401,38,0
18.628,-0.0010620063562401,38,0
18.63,-0.0008481993562401,38,0
18.632,-0.0006623554562401,38,0
18.634,-0.0007514538062401,38,0
18.636,-0.0008405521562401,38,0
18.638,-0.0010768651562401,38,0
18.64,-0.0012811252562401,38,0
18.642,-0.0011368206562401,38,0
18.644,-0.0009192747562401,38,0
18.646,-0.0007024306562401,38,0
18.648,-0.0006703959062401,38,0
18.65,-0.0006383611562401,38,0
18.652,-0.0007710013562401,38,0
18.654,-0.0013156344562401,38,0
18.656,-0.0012769104229067,38,0
18.658,-0.0012381863895734,38,0
18.66,-0.0011994623562401,38,0
18.662,-0.0009969204562401,38,0
18.664,-0.0006340777562401,38,0
18.666,-0.0006768754562401,38,0
18.668,-0.0007196731562401,38,0
18.67,-0.0009365535562401,38,0
18.672,-0.0013207406562401,38,0
18.674,-0.0010775185562401,38,0
18.676,-0.0009652850062401,38,0
18.678,-0.0008530514562401,38,0
18.68,-0.0007573102062401,38,0
18.682,-0.0006615689562401,38,0
18.684,-0.0008430447562401,38,0
18.686,-0.0010777363562401,38,0
18.688,-0.0011824255562401,38,0
18.69,-0.0012871147562401,38,0
18.692,-0.0011375587562401,38,0
18.694,-0.0010290520062401,38,0
18.696,-0.0009205452562401,38,0
18.698,-0.0006297943562401,38,0
18.7,-0.0007690532562401,38,0
18.702,-0.0010013430062401,38,0
18.704,-0.0012336327562401,38,0
18.706,-0.0012061294562401,38,0
18.708,-0.0010039384562401,38,0
18.71,-0.0009309875562401,38,0
18.712,-0.0008580366562401,38,0
18.714,-0.0007850857562401,38,0
18.716,-0.0006404544562401,38,0
18.718,-0.0008967203562401,38,0
18.72,-0.0011529862562401,38,0
18.722,-0.0013202929562401,38,0
18.724,-0.0010800958562401,38,0
18.726,-0.0009772761062401,38,0
18.728,-0.0008744563562401,38,0
18.73,-0.0006688047562401,38,0
18.732,-0.0008529425562401,38,0
18.734,-0.0010873074562401,38,0
18.736,-0.0012992994562401,38,0
18.738,-0.0011200198062401,38,0
18.74,-0.0009407401562401,38,0
18.742,-0.0007215002562401,38,0
18.744,-0.0006941542562401,38,0
18.746,-0.0006668082562401,38,0
18.748,-0.0006394622562401,38,0
18.75,-0.0010022444562401,38,0
18.752,-0.0011168556562401,38,0
18.754,-0.0012314668562401,38,0
18.756,-0.0013261614562401,38,0
18.758,-0.0012137887562401,38,0
18.76,-0.0010178655562401,38,0
18.762,-0.0007946205562401,38,0
18.764,-0.0006386273562401,38,0
18.766,-0.0007088678562401,38,0
18.768,-0.0009191416562401,38,0
18.77,-0.0013138557562401,38,0
18.772,-0.0011938540062401,38,0
18.774,-0.0010738522562401,38,0
18.776,-0.0008596459562401,38,0
18.778,-0.0007599540562401,38,0
18.78,-0.0006602621562401,38,0
18.782,-0.0006649569562401,38,0
18.784,-0.0008365470562401,38,0
18.786,-0.0012840897562401,38,0
18.788,-0.0012920878562401,38,0
18.79,-0.0011528410562401,38,0
18.792,-0.0009311690562401,38,0
18.794,-0.0008233036062401,38,0
18.796,-0.0007154381562401,38,0
18.798,-0.0006368728562401,38,0
18.8,-0.0007634872562401,38,0
18.802,-0.0012341893562401,38,0
18.804,-0.0012790561562401,38,0
18.806,-0.0013239229562401,38,0
18.808,-0.0012100982562401,38,0
18.81,-0.0010147437562401,38,0
18.812,-0.0007912809562401,38,0
18.814,-0.0009669185062401,38,0
18.816,-0.0011425560562401,38,0
18.818,-0.0013171106562401,38,0
18.82,-0.0012902547062401,38,0
18.822,-0.0012633987562401,38,0
18.824,-0.0010904534562401,38,0
18.826,-0.0008724356562401,38,0
18.828,-0.0006696275562401,38,0
18.83,-0.0006617141562401,38,0
18.832,-0.0010739248562401,38,0
18.834,-0.0012984282562401,38,0
18.836,-0.0011577657562401,38,0
18.838,-0.0009408369562401,38,0
18.84,-0.0008656394895734,38,0
18.842,-0.0007904420229067,38,0
18.844,-0.0007152445562401,38,0
18.846,-0.0006348037562401,38,0
18.848,-0.0007647698562401,38,0
18.85,-0.0009950086562401,38,0
18.852,-0.0012174429562401,38,0
18.854,-0.0013114236562401,38,0
18.856,-0.0010077318062401,38,0
18.858,-0.0007040399562401,38,0
18.86,-0.0007731874229067,38,0
18.862,-0.0008423348895734,38,0
18.864,-0.0009114823562401,38,0
18.866,-0.0013199904562401,38,0
18.868,-0.0012900308562401,38,0
18.87,-0.0012600712562401,38,0
18.872,-0.0010889651562401,38,0
18.874,-0.0008685999562401,38,0
18.876,-0.0006666025562401,38,0
18.878,-0.0006571161562401,38,0
18.88,-0.0008314529562401,38,0
18.882,-0.0010583400562401,38,0
18.884,-0.0012687469562401,38,0
18.886,-0.0011530588562401,38,0
18.888,-0.0009403348062401,38,0
18.89,-0.0007276107562401,38,0
18.892,-0.0006341261562401,38,0
18.894,-0.0007549204562401,38,0
18.896,-0.0008696950062401,38,0
18.898,-0.0009844695562401,38,0
18.9,-0.0013147148562401,38,0
18.902,-0.0012622371562401,38,0
18.904,-0.0012097594562401,38,0
18.906,-0.0010236130562401,38,0
18.908,-0.0008050144562401,38,0
18.91,-0.0006354450562401,38,0
18.912,-0.0006954126562401,38,0
18.914,-0.0009095947562401,38,0
18.916,-0.0011377765562401,38,0
18.918,-0.0012602769562401,38,0
18.92,-0.0008790422562401,38,0
18.922,-0.0006744675562401,38,0
18.924,-0.0006687261062401,38,0
18.926,-0.0006629846562401,38,0
18.928,-0.0007472490562401,38,0
18.93,-0.0008315134562401,38,0
18.932,-0.0010732714562401,38,0
18.934,-0.0012880464562401,38,0
18.936,-0.0013030504562401,38,0
18.938,-0.0011665624562401,38,0
18.94,-0.0007348707562401,38,0
18.942,-0.0006861924562401,38,0
18.944,-0.0006375141562401,38,0
18.946,-0.0009864418562401,38,0
18.948,-0.0012078113562401,38,0
18.95,-0.0013096207562401,38,0
18.952,-0.0012128570562401,38,0
18.954,-0.0009281682562401,38,0
18.956,-0.0006434794562401,38,0
18.958,-0.0006727191062401,38,0
18.96,-0.0007019587562401,38,0
18.962,-0.0009048878562401,38,0
18.964,-0.0010190271562401,38,0
18.966,-0.0011331664562401,38,0
18.968,-0.0013023607562401,38,0
18.97,-0.0012549529562401,38,0
18.972,-0.0006721564562401,38,0
18.974,-0.0006666630562401,38,0
18.976,-0.0006611696562401,38,0
18.978,-0.0006556762562401,38,0
18.98,-0.0010510800562401,38,0
18.982,-0.0011560536062401,38,0
18.984,-0.0012610271562401,38,0
18.986,-0.0012975207562401,38,0
18.988,-0.0007405214562401,38,0
18.99,-0.0007093195895734,38,0
18.992,-0.0006781177229067,38,0
18.994,-0.0006469158562401,38,0
18.996,-0.0007618053562401,38,0
18.998,-0.0009817470562401,38,0
19.0,-0.0012074241562401,39,0
19.002,-0.0008104836562401,39,0
19.004,-0.0007283428062401,39,0
19.006,-0.0006462019562401,39,0
19.008,-0.0007056734562401,39,0
19.01,-0.0007718241562401,39,0
19.012,-0.0008379748562401,39,0
19.014,-0.0009041255562401,39,0
19.016,-0.0011303471562401,39,0
19.018,-0.0013108065562401,39,0
19.02,-0.0011049976562401,39,0
19.022,-0.0010006654062401,39,0
19.024,-0.0008963331562401,39,0
19.026,-0.0006631782562401,39,0
19.028,-0.0008224263562401,39,0
19.03,-0.0010492892562401,39,0
19.032,-0.0012716388562401,39,0
19.034,-0.0011692728562401,39,0
19.036,-0.0010271865895734,39,0
19.038,-0.0008851003229067,39,0
19.04,-0.0007430140562401,39,0
19.042,-0.0007481444562401,39,0
19.044,-0.0007532748562401,39,0
19.046,-0.0008673294562401,39,0
19.048,-0.0009813840562401,39,0
19.05,-0.0012124819562401,39,0
19.052,-0.0013231969562401,39,0
19.054,-0.0010385565562401,39,0
19.056,-0.0008181792562401,39,0
19.058,-0.0007574009562401,39,0
19.06,-0.0006966226562401,39,0
19.062,-0.0009018265562401,39,0
19.064,-0.0010150523062401,39,0
19.066,-0.0011282780562401,39,0
19.068,-0.0012678636562401,39,0
19.07,-0.0008946270562401,39,0
19.072,-0.0006783758562401,39,0
19.074,-0.0007263725229067,39,0
19.076,-0.0007743691895734,39,0
19.078,-0.0008223658562401,39,0
19.08,-0.0010558595562401,39,0
19.082,-0.0012750147562401,39,0
19.084,-0.0012917793062401,39,0
19.086,-0.0013085438562401,39,0
19.088,-0.0011740160562401,39,0
19.09,-0.0009671181562401,39,0
19.092,-0.0007435827562401,39,0
19.094,-0.0006354208562401,39,0
19.096,-0.0009697801562401,39,0
19.098,-0.0011995954562401,39,0
19.1,-0.0012129901562401,39,0
19.102,-0.0012263848562401,39,0
19.104,-0.0008173201562401,39,0
19.106,-0.0007585585229067,39,0
19.108,-0.0006997968895734,39,0
19.11,-0.0006410352562401,39,0
19.112,-0.0006923634562401,39,0
19.114,-0.0008926910562401,39,0
19.116,-0.0013013927562401,39,0
19.118,-0.0012667383562401,39,0
19.12,-0.0010774943562401,39,0
19.122,-0.0008882503562401,39,0
19.124,-0.0007781524562401,39,0
19.126,-0.0006680545562401,39,0
19.128,-0.0006372721562401,39,0
19.13,-0.0007922489562401,39,0
19.132,-0.0012457932562401,39,0
19.134,-0.0012055365562401,39,0
19.136,-0.0011652798562401,39,0
19.138,-0.0006417612562401,39,0
19.14,-0.0006973607562401,39,0
19.142,-0.0007529602562401,39,0
19.144,-0.0008277705229067,39,0
19.146,-0.0009025807895734,39,0
19.148,-0.0009773910562401,39,0
19.15,-0.0012008054562401,39,0
19.152,-0.0012383396562401,39,0
19.154,-0.0010549520562401,39,0
19.156,-0.0008312714562401,39,0
19.158,-0.0007645762562401,39,0
19.16,-0.0006978810562401,39,0
19.162,-0.0008914447562401,39,0
19.164,-0.0010080827062401,39,0
19.166,-0.0011247206562401,39,0
19.168,-0.0013152593562401,39,0
19.17,-0.0012717477562401,39,0
19.172,-0.0008938647562401,39,0
19.174,-0.0006808926562401,39,0
19.176,-0.0006506063562401,39,0
19.178,-0.0007290385562401,39,0
19.18,-0.0008074707562401,39,0
19.182,-0.0010384234562401,39,0
19.184,-0.0013057003562401,39,0
19.186,-0.0009695744562401,39,0
19.188,-0.0008950142562401,39,0
19.19,-0.0008204540562401,39,0
19.192,-0.0007458938562401,39,0
19.194,-0.0007368188562401,39,0
19.196,-0.0008498752062401,39,0
19.198,-0.0009629315562401,39,0
19.2,-0.0013219627562401,39,0
19.202,-0.0012370691562401,39,0
19.204,-0.0011460469062401,39,0
19.206,-0.0010550246562401,39,0
19.208,-0.0008338608562401,39,0
19.21,-0.0006818727562401,39,0
19.212,-0.0011072119562401,39,0
19.214,-0.0011618555562401,39,0
19.216,-0.0012164991562401,39,0
19.218,-0.0012711427562401,39,0
19.22,-0.0011931280062401,39,0
19.222,-0.0011151132562401,39,0
19.224,-0.0009000236562401,39,0
19.226,-0.0006896651562401,39,0
19.228,-0.0006558335562401,39,0
19.23,-0.0008089832562401,39,0
19.232,-0.0010408434562401,39,0
19.234,-0.0013020703562401,39,0
19.236,-0.0012376378562401,39,0
19.238,-0.0011732053562401,39,0
19.24,-0.0007511331562401,39,0
19.242,-0.0006929866062401,39,0
19.244,-0.0006348400562401,39,0
19.246,-0.0007361775562401,39,0
19.248,-0.0009538202562401,39,0
19.25,-0.0011881125562401,39,0
19.252,-0.0013252176562401,39,0
19.254,-0.0012305714562401,39,0
19.256,-0.0010503056562401,39,0
19.258,-0.0008379748562401,39,0
19.26,-0.0006515985562401,39,0
19.262,-0.0013052889562401,39,0
19.264,-0.0012950523562401,39,0
19.266,-0.0012848157562401,39,0
19.268,-0.0012071458562401,39,0
19.27,-0.0011294759562401,39,0
19.272,-0.0009106595562401,39,0
19.274,-0.0008066479562401,39,0
19.276,-0.0007026363562401,39,0
19.278,-0.0006632508562401,39,0
19.28,-0.0008101811562401,39,0
19.282,-0.0012719171562401,39,0
19.284,-0.0012962563062401,39,0
19.286,-0.0013205954562401,39,0
19.288,-0.0009899145562401,39,0
19.29,-0.0008809238062401,39,0
19.292,-0.0007719330562401,39,0
19.294,-0.0006453670562401,39,0
19.296,-0.0007478298562401,39,0
19.298,-0.0009750073562401,39,0
19.3,-0.0013398586562401,39,0
19.302,-0.0012534888562401,39,0
19.304,-0.0008467594562401,39,0
19.306,-0.0007850978562401,39,0
19.308,-0.0007234362562401,39,0
19.31,-0.0006617746562401,39,0
19.312,-0.0006945414562401,39,0
19.314,-0.0008909365562401,39,0
19.316,-0.0011283869562401,39,0
19.318,-0.0013167960562401,39,0
19.32,-0.0012844527562401,39,0
19.322,-0.0006568741562401,39,0
19.324,-0.0007288631062401,39,0
19.326,-0.0008008520562401,39,0
19.328,-0.0009166611562401,39,0
19.33,-0.0010324702562401,39,0
19.332,-0.0011455326562401,39,0
19.334,-0.0012585950562401,39,0
19.336,-0.0013165298562401,39,0
19.338,-0.0011955056562401,39,0
19.34,-0.0009934598562401,39,0
19.342,-0.0007814073562401,39,0
19.344,-0.0007461479562401,39,0
19.346,-0.0009642988562401,39,0
19.348,-0.0012020638562401,39,0
19.35,-0.0013355268562401,39,0
19.352,-0.0012503670562401,39,0
19.354,-0.0010680805562401,39,0
19.356,-0.0008561853562401,39,0
19.358,-0.0007589921062401,39,0
19.36,-0.0006617988562401,39,0
19.362,-0.0006843169562401,39,0
19.364,-0.0013091851562401,39,0
19.366,-0.0012879617562401,39,0
19.368,-0.0012116228562401,39,0
19.37,-0.0011352839562401,39,0
19.372,-0.0009286946062401,39,0
19.374,-0.0007221052562401,39,0
19.376,-0.0006708859562401,39,0
19.378,-0.0008411087562401,39,0
19.38,-0.0012597929562401,39,0
19.382,-0.0013242012562401,39,0
19.384,-0.0011992324562401,39,0
19.386,-0.0009966784562401,39,0
19.388,-0.0007747402562401,39,0
19.39,-0.0006516106562401,39,0
19.392,-0.0007385007562401,39,0
19.394,-0.0011840832562401,39,0
19.396,-0.0013156102562401,39,0
19.398,-0.0011919543062401,39,0
19.4,-0.0010682983562401,39,0
19.402,-0.0009576136062401,39,0
19.404,-0.0008469288562401,39,0
19.406,-0.0006788356562401,39,0
19.408,-0.0008873610062401,39,0
19.41,-0.0010958863562401,39,0
19.412,-0.0011904055062401,39,0
19.414,-0.0012849246562401,39,0
19.416,-0.0009146041562401,39,0
19.418,-0.0008081362562401,39,0
19.42,-0.0007016683562401,39,0
19.422,-0.0006726041562401,39,0
19.424,-0.0006435399562401,39,0
19.426,-0.0007891271562401,39,0
19.428,-0.0010232742562401,39,0
19.43,-0.0012465313562401,39,0
19.432,-0.0013131297562401,39,0
19.434,-0.0011979377562401,39,0
19.436,-0.0009989532562401,39,0
19.438,-0.0007745829562401,39,0
19.44,-0.0007345319562401,39,0
19.442,-0.0009514849562401,39,0
19.444,-0.0011864790562401,39,0
19.446,-0.0012211637062401,39,0
19.448,-0.0012558483562401,39,0
19.45,-0.0010755704562401,39,0
19.452,-0.0008464932562401,39,0
19.454,-0.0007512481062401,39,0
19.456,-0.0006560029562401,39,0
19.458,-0.0006803965562401,39,0
19.46,-0.0008693138562401,39,0
19.462,-0.0013139283562401,39,0
19.464,-0.0012977264562401,39,0
19.466,-0.0012228456062401,39,0
19.468,-0.0011479647562401,39,0
19.47,-0.0009316409562401,39,0
19.472,-0.0007032292562401,39,0
19.474,-0.0006455969562401,39,0
19.476,-0.0007892965562401,39,0
19.478,-0.0010251497562401,39,0
19.48,-0.0012531016562401,39,0
19.482,-0.0013121254562401,39,0
19.484,-0.0011895524562401,39,0
19.486,-0.0009880511562401,39,0
19.488,-0.0007699970562401,39,0
19.49,-0.0007260135562401,39,0
19.492,-0.0009504141062401,39,0
19.494,-0.0011748146562401,39,0
19.496,-0.0010652814229067,39,0
19.498,-0.0009557481895734,39,0
19.5,-0.0008462149562401,40,0
19.502,-0.0006490091562401,40,0
19.504,-0.0006678246562401,40,0
19.506,-0.0008576131562401,40,0
19.508,-0.0010979675562401,40,0
19.51,-0.0012947014562401,40,0
19.512,-0.0011469846562401,40,0
19.514,-0.0009329840562401,40,0
19.516,-0.0007935497062401,40,0
19.518,-0.0006541153562401,40,0
19.52,-0.0007836458562401,40,0
19.522,-0.0010097827562401,40,0
19.524,-0.0011658183062401,40,0
19.526,-0.0013218538562401,40,0
19.528,-0.0012610453062401,40,0
19.53,-0.0012002367562401,40,0
19.532,-0.0010052210562401,40,0
19.534,-0.0007840814562401,40,0
19.536,-0.0006430922562401,40,0
19.538,-0.0007306478562401,40,0
19.54,-0.0009472741562401,40,0
19.542,-0.0011760367562401,40,0
19.544,-0.0013228218562401,40,0
19.546,-0.0010812574562401,40,0
19.548,-0.0006754113562401,40,0
19.55,-0.0006944446562401,40,0
19.552,-0.0008731011562401,40,0
19.554,-0.0009486938895734,40,0
19.556,-0.0010242866229067,40,0
19.558,-0.0010998793562401,40,0
19.56,-0.0013095118562401,40,0
19.562,-0.0013033650562401,40,0
19.564,-0.0011498765562401,40,0
19.566,-0.0007152687562401,40,0
19.568,-0.0006495899562401,40,0
19.57,-0.0007827383562401,40,0
19.572,-0.0010173150062401,40,0
19.574,-0.0012518916562401,40,0
19.576,-0.0012110057562401,40,0
19.578,-0.0010085364562401,40,0
19.58,-0.0008958552062401,40,0
19.582,-0.0007831739562401,40,0
19.584,-0.0007599540562401,40,0
19.586,-0.0007367341562401,40,0
19.588,-0.0009460399562401,40,0
19.59,-0.0010586546562401,40,0
19.592,-0.0011712693562401,40,0
19.594,-0.0012645724562401,40,0
19.596,-0.0008702697562401,40,0
19.598,-0.0006774683562401,40,0
19.6,-0.0006790292562401,40,0
19.602,-0.0006805901562401,40,0
19.604,-0.0006821510562401,40,0
19.606,-0.0008731858562401,40,0
19.608,-0.0011062439562401,40,0
19.61,-0.0013027116562401,40,0
19.612,-0.0012275706562401,40,0
19.614,-0.0011524296562401,40,0
19.616,-0.0009472378562401,40,0
19.618,-0.0007288449562401,40,0
19.62,-0.0006571403562401,40,0
19.622,-0.0010149978562401,40,0
19.624,-0.0013208374562401,40,0
19.626,-0.0012622371562401,40,0
19.628,-0.0012036368562401,40,0
19.63,-0.0011040841062401,40,0
19.632,-0.0010045313562401,40,0
19.634,-0.0007846743562401,40,0
19.636,-0.0006406843562401,40,0
19.638,-0.0007187051562401,40,0
19.64,-0.0009356581562401,40,0
19.642,-0.0011564105562401,40,0
19.644,-0.0013172074562401,40,0
19.646,-0.0012508510562401,40,0
19.648,-0.0010757882562401,40,0
19.65,-0.0006721322562401,40,0
19.652,-0.0006790534562401,40,0
19.654,-0.0007642677062401,40,0
19.656,-0.0008494819562401,40,0
19.658,-0.0010782082562401,40,0
19.66,-0.0012918458562401,40,0
19.662,-0.0012945562562401,40,0
19.664,-0.0011486786562401,40,0
19.666,-0.0009340488562401,40,0
19.668,-0.0007743409562401,40,0
19.67,-0.0008883471562401,40,0
19.672,-0.0010023533562401,40,0
19.674,-0.0011141573562401,40,0
19.676,-0.0012259613562401,40,0
19.678,-0.0011913432562401,40,0
19.68,-0.0007823269562401,40,0
19.682,-0.0009238001562401,40,0
19.684,-0.0009820465312401,40,0
19.686,-0.0010402929062401,40,0
19.688,-0.0010985392812401,40,0
19.69,-0.0011567856562401,40,0
19.692,-0.0012359075562401,40,0
19.694,-0.0013150294562401,40,0
19.696,-0.0012539970562401,40,0
19.698,-0.0010841251562401,40,0
19.7,-0.0008603598562401,40,0
19.702,-0.0006662395562401,40,0
19.704,-0.0008408183562401,40,0
19.706,-0.0009591805562401,40,0
19.708,-0.0010775427562401,40,0
19.71,-0.0012969883562401,40,0
19.712,-0.0011518246562401,40,0
19.714,-0.0009415024562401,40,0
19.716,-0.0008336007062401,40,0
19.718,-0.0007256989562401,40,0
19.72,-0.0007857028562401,40,0
19.722,-0.0010106176562401,40,0
19.724,-0.0012183383562401,40,0
19.726,-0.0010228144562401,40,0
19.728,-0.0009059466062401,40,0
19.73,-0.0007890787562401,40,0
19.732,-0.0007395010229067,40,0
19.734,-0.0006899232895734,40,0
19.736,-0.0006403455562401,40,0
19.738,-0.0007169869562401,40,0
19.74,-0.0009289547562401,40,0
19.742,-0.0011571728562401,40,0
19.744,-0.0013241528562401,40,0
19.746,-0.0010827336562401,40,0
19.748,-0.0009771490562401,40,0
19.75,-0.0008715644562401,40,0
19.752,-0.0006674495562401,40,0
19.754,-0.0006646423562401,40,0
19.756,-0.0008447024562401,40,0
19.758,-0.0012783906562401,40,0
19.76,-0.0012883550062401,40,0
19.762,-0.0012983193562401,40,0
19.764,-0.0011649289562401,40,0
19.766,-0.0009527675562401,40,0
19.768,-0.0007304784562401,40,0
19.77,-0.0006424146562401,40,0
19.772,-0.0007692710562401,40,0
19.774,-0.0010013127562401,40,0
19.776,-0.0012283813562401,40,0
19.778,-0.0013239471562401,40,0
19.78,-0.0010212535562401,40,0
19.782,-0.0008065511562401,40,0
19.784,-0.0006517195562401,40,0
19.786,-0.0006828952062401,40,0
19.788,-0.0007140708562401,40,0
19.79,-0.0009229531562401,40,0
19.792,-0.0011518730562401,40,0
19.794,-0.0013196637562401,40,0
19.796,-0.0012630357562401,40,0
19.798,-0.0008719758562401,40,0
19.8,-0.0007748491562401,40,0
19.802,-0.0006777224562401,40,0
19.804,-0.0006696759562401,40,0
19.806,-0.0010673545562401,40,0
19.808,-0.0011726911062401,40,0
19.81,-0.0012780276562401,40,0
19.812,-0.0012950402562401,40,0
19.814,-0.0011584554562401,40,0
19.816,-0.0009493916562401,40,0
19.818,-0.0006500255562401,40,0
19.82,-0.0007139438062401,40,0
19.822,-0.0007778620562401,40,0
19.824,-0.0010010828562401,40,0
19.826,-0.0012213149562401,40,0
19.828,-0.0012137282562401,40,0
19.83,-0.0010205033562401,40,0
19.832,-0.0009133155062401,40,0
19.834,-0.0008061276562401,40,0
19.836,-0.0006515501562401,40,0
19.838,-0.0007108280562401,40,0
19.84,-0.0009174839562401,40,0
19.842,-0.0011544987562401,40,0
19.844,-0.0013319452562401,40,0
19.846,-0.0011060866562401,40,0
19.848,-0.0008873912562401,40,0
19.85,-0.0006748547562401,40,0
19.852,-0.0006701236562401,40,0
19.854,-0.0008424881562401,40,0
19.856,-0.0009610137062401,40,0
19.858,-0.0010795392562401,40,0
19.86,-0.0013013443562401,40,0
19.862,-0.0009495731562401,40,0
19.864,-0.0008773482562401,40,0
19.866,-0.0008051233562401,40,0
19.868,-0.0007328984562401,40,0
19.87,-0.0007691137562401,40,0
19.872,-0.0009975133562401,40,0
19.874,-0.0011079500562401,40,0
19.876,-0.0012183867562401,40,0
19.878,-0.0013219748562401,40,0
19.88,-0.0012215569562401,40,0
19.882,-0.0010322282562401,40,0
19.884,-0.0008022435562401,40,0
19.886,-0.0006459236562401,40,0
19.888,-0.0009062914562401,40,0
19.89,-0.0013178003562401,40,0
19.892,-0.0012598171562401,40,0
19.894,-0.0010891466562401,40,0
19.896,-0.0010223425562401,40,0
19.898,-0.0009555384562401,40,0
19.9,-0.0008887343562401,40,0
19.902,-0.0006801061562401,40,0
19.904,-0.0006607945562401,40,0
19.906,-0.0010569969562401,40,0
19.908,-0.0012736958562401,40,0
19.91,-0.0013011386562401,40,0
19.912,-0.0012335662062401,40,0
19.914,-0.0011659937562401,40,0
19.916,-0.0009564096562401,40,0
19.918,-0.0007409449562401,40,0
19.92,-0.0006444837562401,40,0
19.922,-0.0007591554562401,40,0
19.924,-0.0009816381562401,40,0
19.926,-0.0013225193562401,40,0
19.928,-0.0012195846562401,40,0
19.93,-0.0011215383562401,40,0
19.932,-0.0010234920562401,40,0
19.934,-0.0008021951562401,40,0
19.936,-0.0006434431562401,40,0
19.938,-0.0011552247562401,40,0
19.94,-0.0012456238562401,40,0
19.942,-0.0013360229562401,40,0
19.944,-0.0012759343562401,40,0
19.946,-0.0011908653062401,40,0
19.948,-0.0011057962562401,40,0
19.95,-0.0008833256562401,40,0
19.952,-0.0006763914562401,40,0
19.954,-0.0006571887562401,40,0
19.956,-0.0008240598562401,40,0
19.958,-0.0010613892562401,40,0
19.96,-0.0012852634562401,40,0
19.962,-0.0011663930562401,40,0
19.964,-0.0010634281062401,40,0
19.966,-0.0009604631562401,40,0
19.968,-0.0007432802562401,40,0
19.97,-0.0006439634562401,40,0
19.972,-0.0007590707562401,40,0
19.974,-0.0009835136562401,40,0
19.976,-0.0012137645562401,40,0
19.978,-0.0013229186562401,40,0
19.98,-0.0012180842562401,40,0
19.982,-0.0010278722562401,40,0
19.984,-0.0008097213562401,40,0
19.986,-0.0006424146562401,40,0
19.988,-0.0006937791562401,40,0
19.99,-0.0011320411562401,40,0
19.992,-0.0013160337562401,40,0
19.994,-0.0012656735562401,40,0
19.996,-0.0008829505562401,40,0
19.998,-0.0008151381229067,40,0
20.0,-0.0007473256895734,41,0
20.002,-0.0006795132562401,41,0
20.004,-0.0006606977562401,41,0
20.006,-0.0008218092562401,41,0
20.008,-0.0010565613562401,41,0
20.01,-0.0012707434562401,41,0
20.012,-0.0013013080562401,41,0
20.014,-0.0009608624562401,41,0
20.016,-0.0007422033562401,41,0
20.018,-0.0006903669562401,41,0
20.02,-0.0006385305562401,41,0
20.022,-0.0011983612562401,41,0
20.024,-0.0012087067562401,41,0
20.026,-0.0012190522562401,41,0
20.028,-0.0010129287562401,41,0
20.03,-0.0008068052562401,41,0
20.032,-0.0006341745562401,41,0
20.034,-0.0006892900562401,41,0
20.036,-0.0008923159562401,41,0
20.038,-0.0011236316562401,41,0
20.04,-0.0012168258562401,41,0
20.042,-0.0013100200562401,41,0
20.044,-0.0012854510062401,41,0
20.046,-0.0012608819562401,41,0
20.048,-0.0008870040562401,41,0
20.05,-0.0006767060562401,41,0
20.052,-0.0006649630062401,41,0
20.054,-0.0006532199562401,41,0
20.056,-0.0008198369562401,41,0
20.058,-0.0012576391562401,41,0
20.06,-0.0012941085562401,41,0
20.062,-0.0012294703562401,41,0
20.064,-0.0011648321562401,41,0
20.066,-0.0009600154562401,41,0
20.068,-0.0007381861562401,41,0
20.07,-0.0006264305562401,41,0
20.072,-0.0007369640562401,41,0
20.074,-0.0009597129562401,41,0
20.076,-0.0011922023562401,41,0
20.078,-0.0013135532562401,41,0
20.08,-0.0012155190562401,41,0
20.082,-0.0006403939562401,41,0
20.084,-0.0006663182062401,41,0
20.086,-0.0006922424562401,41,0
20.088,-0.0009044159562401,41,0
20.09,-0.0006866885562401,41,0
20.092,-0.0006589432562401,41,0
20.094,-0.0009843364562401,41,0
20.096,-0.0013097296562401,41,0
20.098,-0.0011763150562401,41,0
20.1,-0.0010689759562401,41,0
20.102,-0.0009616368562401,41,0
20.104,-0.0007551503562401,41,0
20.106,-0.0007367623895734,41,0
20.108,-0.0007183744229067,41,0
20.11,-0.0006999864562401,41,0
20.112,-0.0006815984895734,41,0
20.114,-0.0006632105229067,41,0
20.116,-0.0006448225562401,41,0
20.118,-0.0006802997562401,41,0
20.12,-0.0007157769562401,41,0
20.122,-0.0007512541562401,41,0
20.124,-0.0009775846562401,41,0
20.126,-0.0013357930562401,41,0
20.128,-0.0012399731562401,41,0
20.13,-0.0011466942562401,41,0
20.132,-0.0010534153562401,41,0
20.134,-0.0008300493562401,41,0
20.136,-0.0006542363562401,41,0
20.138,-0.0007007608562401,41,0
20.14,-0.0011369779562401,41,0
20.142,-0.0013290896562401,41,0
20.144,-0.0012854086562401,41,0
20.146,-0.0011261484562401,41,0
20.148,-0.0010183677062401,41,0
20.15,-0.0009105869562401,41,0
20.152,-0.0006933314562401,41,0
20.154,-0.0006620408562401,41,0
20.156,-0.0008239751562401,41,0
20.158,-0.0012691825562401,41,0
20.16,-0.0013163846562401,41,0
20.162,-0.0012505243562401,41,0
20.164,-0.0011846640562401,41,0
20.166,-0.0009812630562401,41,0
20.168,-0.0007560215562401,41,0
20.17,-0.0006445563562401,41,0
20.172,-0.0007524883562401,41,0
20.174,-0.0009771127562401,41,0
20.176,-0.0012145389562401,41,0
20.178,-0.0012355203562401,41,0
20.18,-0.0010539356562401,41,0
20.182,-0.0009414117062401,41,0
20.184,-0.0008288877562401,41,0
20.186,-0.0006479443562401,41,0
20.188,-0.0008859513562401,41,0
20.19,-0.0010018875062401,41,0
20.192,-0.0011178236562401,41,0
20.194,-0.0013122585562401,41,0
20.196,-0.0012773258562401,41,0
20.198,-0.0011152947562401,41,0
20.2,-0.0006946624562401,41,0
20.202,-0.0006787328062401,41,0
20.204,-0.0006628031562401,41,0
20.206,-0.0008271937562401,41,0
20.208,-0.0010567912562401,41,0
20.21,-0.0011843131562401,41,0
20.212,-0.0009786131562401,41,0
20.214,-0.0008681159562401,41,0
20.216,-0.0007576187562401,41,0
20.218,-0.0006435762562401,41,0
20.22,-0.0006930592062401,41,0
20.222,-0.0007425421562401,41,0
20.224,-0.0009666946562401,41,0
20.226,-0.0011979740562401,41,0
20.228,-0.0013139767562401,41,0
20.23,-0.0012253200562401,41,0
20.232,-0.0008254755562401,41,0
20.234,-0.0006430438562401,41,0
20.236,-0.0006632448062401,41,0
20.238,-0.0006834457562401,41,0
20.24,-0.0008869072562401,41,0
20.242,-0.0011225789562401,41,0
20.244,-0.0013233058562401,41,0
20.246,-0.0012867154562401,41,0
20.248,-0.0011282659562401,41,0
20.25,-0.0009193957562401,41,0
20.252,-0.0008103384562401,41,0
20.254,-0.0010402505562401,41,0
20.256,-0.0012624065562401,41,0
20.258,-0.0013145696562401,41,0
20.26,-0.0011867089562401,41,0
20.262,-0.0009844695562401,41,0
20.264,-0.0006444716562401,41,0
20.266,-0.0007460753562401,41,0
20.268,-0.0011871324562401,41,0
20.27,-0.0013247699562401,41,0
20.272,-0.0012418849562401,41,0
20.274,-0.0011959291562401,41,0
20.276,-0.0011499733562401,41,0
20.278,-0.0011040175562401,41,0
20.28,-0.0010580617562401,41,0
20.282,-0.0008380837562401,41,0
20.284,-0.0006537523562401,41,0
20.286,-0.0006691435562401,41,0
20.288,-0.0006845347562401,41,0
20.29,-0.0008803490562401,41,0
20.292,-0.0011095109562401,41,0
20.294,-0.0013048654562401,41,0
20.296,-0.0012783422562401,41,0
20.298,-0.0011200984562401,41,0
20.3,-0.0009087598562401,41,0
20.302,-0.0007026847562401,41,0
20.304,-0.0007990128562401,41,0
20.306,-0.0012480559562401,41,0
20.308,-0.0013127667562401,41,0
20.31,-0.0007711586562401,41,0
20.312,-0.0006434068562401,41,0
20.314,-0.0011929162562401,41,0
20.316,-0.0012631809562401,41,0
20.318,-0.0013334456562401,41,0
20.32,-0.0013040265229067,41,0
20.322,-0.0012746073895734,41,0
20.324,-0.0012451882562401,41,0
20.326,-0.0011996831812401,41,0
20.328,-0.0011541781062401,41,0
20.33,-0.0011086730312401,41,0
20.332,-0.0010631679562401,41,0
20.334,-0.0006431043562401,41,0
20.336,-0.0013028326562401,41,0
20.338,-0.0012854449562401,41,0
20.34,-0.0011303955562401,41,0
20.342,-0.0010240607562401,41,0
20.344,-0.0009177259562401,41,0
20.346,-0.0007117355562401,41,0
20.348,-0.0006968081895734,41,0
20.35,-0.0006818808229067,41,0
20.352,-0.0006669534562401,41,0
20.354,-0.0007384100062401,41,0
20.356,-0.0008098665562401,41,0
20.358,-0.0010368141562401,41,0
20.36,-0.0012004908562401,41,0
20.362,-0.0010995950062401,41,0
20.364,-0.0009986991562401,41,0
20.366,-0.0008837189062401,41,0
20.368,-0.0007687386562401,41,0
20.37,-0.0006430680562401,41,0
20.372,-0.0007377384562401,41,0
20.374,-0.0009612980562401,41,0
20.376,-0.0011937027562401,41,0
20.378,-0.0013314370562401,41,0
20.38,-0.0012506695562401,41,0
20.382,-0.0010689033562401,41,0
20.384,-0.0008506072562401,41,0
20.386,-0.0013064021562401,41,0
20.388,-0.0013019090229067,41,0
20.39,-0.0012974158895734,41,0
20.392,-0.0012929227562401,41,0
20.394,-0.0011434756562401,41,0
20.396,-0.0009966542562401,41,0
20.398,-0.0008498328562401,41,0
20.4,-0.0007030114562401,41,0
20.402,-0.0007486889562401,41,0
20.404,-0.0007943664562401,41,0
20.406,-0.0009118090562401,41,0
20.408,-0.0010292516562401,41,0
20.41,-0.0012580384562401,41,0
20.412,-0.0012009264562401,41,0
20.414,-0.0010991594062401,41,0
20.416,-0.0009973923562401,41,0
20.418,-0.0007761922562401,41,0
20.42,-0.0006495778562401,41,0
20.422,-0.0007339390562401,41,0
20.424,-0.0009449872562401,41,0
20.426,-0.0013212609562401,41,0
20.428,-0.0012419091562401,41,0
20.43,-0.0010641117562401,41,0
20.432,-0.0008412539562401,41,0
20.434,-0.0006797310562401,41,0
20.436,-0.0008712014562401,41,0
20.438,-0.0011030737562401,41,0
20.44,-0.0013054220562401,41,0
20.442,-0.0012958933062401,41,0
20.444,-0.0012863645562401,41,0
20.446,-0.0011339287562401,41,0
20.448,-0.0009207509562401,41,0
20.45,-0.0008131517062401,41,0
20.452,-0.0007055524562401,41,0
20.454,-0.0007930475562401,41,0
20.456,-0.0009117425062401,41,0
20.458,-0.0010304374562401,41,0
20.46,-0.0012481043562401,41,0
20.462,-0.0013247094562401,41,0
20.464,-0.0012052945562401,41,0
20.466,-0.0010041199562401,41,0
20.468,-0.0007829561562401,41,0
20.47,-0.0006496141562401,41,0
20.472,-0.0009486051562401,41,0
20.474,-0.0011845793562401,41,0
20.476,-0.0011263420562401,41,0
20.478,-0.0010681047562401,41,0
20.48,-0.0009568876062401,41,0
20.482,-0.0008456704562401,41,0
20.484,-0.0006564748562401,41,0
20.486,-0.0006789566562401,41,0
20.488,-0.0007742320562401,41,0
20.49,-0.0008695074562401,41,0
20.492,-0.0011363729562401,41,0
20.494,-0.0009253126562401,41,0
20.496,-0.0007074037562401,41,0
20.498,-0.0006738807062401,41,0
20.5,-0.0006403576562401,42,0
20.502,-0.0007124918062401,42,0
20.504,-0.0007846259562401,42,0
20.506,-0.0008991766562401,42,0
20.508,-0.0010137273562401,42,0
20.51,-0.0012380129562401,42,0
20.512,-0.0013114236562401,42,0
20.514,-0.0009962791562401,42,0
20.516,-0.0007718241562401,42,0
20.518,-0.0007049232562401,42,0
20.52,-0.0006380223562401,42,0
20.522,-0.0009426398562401,42,0
20.524,-0.0011766054562401,42,0
20.526,-0.0012578448562401,42,0
20.528,-0.0008580971562401,42,0
20.53,-0.0006640010562401,42,0
20.532,-0.0006784484562401,42,0
20.534,-0.0011002060562401,42,0
20.536,-0.0012988033562401,42,0
20.538,-0.0012909020562401,42,0
20.54,-0.0011499370562401,42,0
20.542,-0.0010422349562401,42,0
20.544,-0.0009345328562401,42,0
20.546,-0.0008268307562401,42,0
20.548,-0.0007191286562401,42,0
20.55,-0.0007435222562401,42,0
20.552,-0.0007679158562401,42,0
20.554,-0.0007923094562401,42,0
20.556,-0.0012422479562401,42,0
20.558,-0.0013241891562401,42,0
20.56,-0.0012065166562401,42,0
20.562,-0.0010075079562401,42,0
20.564,-0.0008837693229067,42,0
20.566,-0.0007600306895734,42,0
20.568,-0.0006362920562401,42,0
20.57,-0.0009391550562401,42,0
20.572,-0.0011624847562401,42,0
20.574,-0.0012396343562401,42,0
20.576,-0.0013167839562401,42,0
20.578,-0.0010717710562401,42,0
20.58,-0.0008578309562401,42,0
20.582,-0.0007664457062401,42,0
20.584,-0.0006750604562401,42,0
20.586,-0.0007637655562401,42,0
20.588,-0.0008524706562401,42,0
20.59,-0.0010950756562401,42,0
20.592,-0.0013115083562401,42,0
20.594,-0.0012919547562401,42,0
20.596,-0.0007135505562401,42,0
20.598,-0.0006789687562401,42,0
20.6,-0.0006443869562401,42,0
20.602,-0.0008313501062401,42,0
20.604,-0.0010183132562401,42,0
20.606,-0.0011320774562401,42,0
20.608,-0.0012458416562401,42,0
20.61,-0.0010084880562401,42,0
20.612,-0.0007844807562401,42,0
20.614,-0.0006378287562401,42,0
20.616,-0.0007125341562401,42,0
20.618,-0.0010186278562401,42,0
20.62,-0.0013247215562401,42,0
20.622,-0.0012583288562401,42,0
20.624,-0.0010826126562401,42,0
20.626,-0.0010086171229067,42,0
20.628,-0.0009346215895734,42,0
20.63,-0.0008606260562401,42,0
20.632,-0.0010942649562401,42,0
20.634,-0.0012026265062401,42,0
20.636,-0.0013109880562401,42,0
20.638,-0.0013119439562401,42,0
20.64,-0.0012212332812401,42,0
20.642,-0.0011305226062401,42,0
20.644,-0.0010398119312401,42,0
20.646,-0.0009491012562401,42,0
20.648,-0.0007250092562401,42,0
20.65,-0.0006877654562401,42,0
20.652,-0.0006505216562401,42,0
20.654,-0.0010215439562401,42,0
20.656,-0.0011731751062401,42,0
20.658,-0.0013248062562401,42,0
20.66,-0.0012183020562401,42,0
20.662,-0.0010281384562401,42,0
20.664,-0.0007998719562401,42,0
20.666,-0.0007646730562401,42,0
20.668,-0.0007294741562401,42,0
20.67,-0.0009410789562401,42,0
20.672,-0.0011708579562401,42,0
20.674,-0.0012664479562401,42,0
20.676,-0.0010931396562401,42,0
20.678,-0.0008766585562401,42,0
20.68,-0.0007751032562401,42,0
20.682,-0.0006735479562401,42,0
20.684,-0.0007666211562401,42,0
20.686,-0.0008596943562401,42,0
20.688,-0.0009754006062401,42,0
20.69,-0.0010911068562401,42,0
20.692,-0.0013057003562401,42,0
20.694,-0.0011306194062401,42,0
20.696,-0.0009555384562401,42,0
20.698,-0.0007312891562401,42,0
20.7,-0.0006897498562401,42,0
20.702,-0.0006482105562401,42,0
20.704,-0.0007791446562401,42,0
20.706,-0.0010119486562401,42,0
20.708,-0.0013311708562401,42,0
20.71,-0.0012745973062401,42,0
20.712,-0.0012180237562401,42,0
20.714,-0.0010172000562401,42,0
20.716,-0.0007970647562401,42,0
20.718,-0.0006434310562401,42,0
20.72,-0.0009238001562401,42,0
20.722,-0.0013266696562401,42,0
20.724,-0.0012933281062401,42,0
20.726,-0.0012599865562401,42,0
20.728,-0.0010853714562401,42,0
20.73,-0.0008708021562401,42,0
20.732,-0.0007684240562401,42,0
20.734,-0.0006660459562401,42,0
20.736,-0.0008330380562401,42,0
20.738,-0.0012847673562401,42,0
20.74,-0.0011569429562401,42,0
20.742,-0.0010487931562401,42,0
20.744,-0.0009406433562401,42,0
20.746,-0.0006450524562401,42,0
20.748,-0.0007723565562401,42,0
20.75,-0.0010040352562401,42,0
20.752,-0.0012307529562401,42,0
20.754,-0.0012760009062401,42,0
20.756,-0.0013212488562401,42,0
20.758,-0.0011505218895734,42,0
20.76,-0.0009797949229067,42,0
20.762,-0.0008090679562401,42,0
20.764,-0.0006484767562401,42,0
20.766,-0.0009258087562401,42,0
20.768,-0.0010018249895734,42,0
20.77,-0.0010778412229067,42,0
20.772,-0.0011538574562401,42,0
20.774,-0.0013254112562401,42,0
20.776,-0.0012642336562401,42,0
20.778,-0.0008764528562401,42,0
20.78,-0.0007736754562401,42,0
20.782,-0.0006708980562401,42,0
20.784,-0.0008419073562401,42,0
20.786,-0.0012934914562401,42,0
20.788,-0.0013016347562401,42,0
20.79,-0.0009413935562401,42,0
20.792,-0.0007225408562401,42,0
20.794,-0.0006844198062401,42,0
20.796,-0.0006462987562401,42,0
20.798,-0.0007733850562401,42,0
20.8,-0.0008882382562401,42,0
20.802,-0.0010030914562401,42,0
20.804,-0.0011223067062401,42,0
20.806,-0.0012415219562401,42,0
20.808,-0.0013342079562401,42,0
20.81,-0.0010297961562401,42,0
20.812,-0.0009224147062401,42,0
20.814,-0.0008150332562401,42,0
20.816,-0.0009267404562401,42,0
20.818,-0.0011529741562401,42,0
20.82,-0.0013230517562401,42,0
20.822,-0.0012634350562401,42,0
20.824,-0.0006825987562401,42,0
20.826,-0.0008469772562401,42,0
20.828,-0.0009646558062401,42,0
20.83,-0.0010823343562401,42,0
20.832,-0.0013005941562401,42,0
20.834,-0.0013179455562401,42,0
20.836,-0.0011785656562401,42,0
20.838,-0.0011079339229067,42,0
20.84,-0.0010373021895734,42,0
20.842,-0.0009666704562401,42,0
20.844,-0.0008908599229067,42,0
20.846,-0.0008150493895734,42,0
20.848,-0.0007392388562401,42,0
20.85,-0.0006500981562401,42,0
20.852,-0.0007735302562401,42,0
20.854,-0.0012433611562401,42,0
20.856,-0.0013372813562401,42,0
20.858,-0.0012852997562401,42,0
20.86,-0.0012333181562401,42,0
20.862,-0.0010376006562401,42,0
20.864,-0.0008157108562401,42,0
20.866,-0.0006629120562401,42,0
20.868,-0.0007258199562401,42,0
20.87,-0.0009318345562401,42,0
20.872,-0.0013396408562401,42,0
20.874,-0.0012704651562401,42,0
20.876,-0.0011026744562401,42,0
20.878,-0.0009949481562401,42,0
20.88,-0.0008872218562401,42,0
20.882,-0.0006769964562401,42,0
20.884,-0.0006760526562401,42,0
20.886,-0.0012978958562401,42,0
20.888,-0.0011794247562401,42,0
20.89,-0.0010738583062401,42,0
20.892,-0.0009682918562401,42,0
20.894,-0.0008938566895734,42,0
20.896,-0.0008194215229067,42,0
20.898,-0.0007449863562401,42,0
20.9,-0.0006433342562401,42,0
20.902,-0.0007631484562401,42,0
20.904,-0.0009922498562401,42,0
20.906,-0.0012213391562401,42,0
20.908,-0.0010318652562401,42,0
20.91,-0.0009231588562401,42,0
20.912,-0.0008144524562401,42,0
20.914,-0.0007317187062401,42,0
20.916,-0.0006489849562401,42,0
20.918,-0.0007057460562401,42,0
20.92,-0.0009096189562401,42,0
20.922,-0.0011275036562401,42,0
20.924,-0.0013117140562401,42,0
20.926,-0.0012679604562401,42,0
20.928,-0.0011023235562401,42,0
20.93,-0.0008879962562401,42,0
20.932,-0.0006876565562401,42,0
20.934,-0.0006698937562401,42,0
20.936,-0.0008348409562401,42,0
20.938,-0.0012997713562401,42,0
20.94,-0.0013214787562401,42,0
20.942,-0.0011456234062401,42,0
20.944,-0.0009697680562401,42,0
20.946,-0.0007451799562401,42,0
20.948,-0.0006939969562401,42,0
20.95,-0.0006428139562401,42,0
20.952,-0.0007645641562401,42,0
20.954,-0.0009989653562401,42,0
20.956,-0.0012310070562401,42,0
20.958,-0.0010353863562401,42,0
20.96,-0.0008151663562401,42,0
20.962,-0.0006456211562401,42,0
20.964,-0.0007041488562401,42,0
20.966,-0.0009147977562401,42,0
20.968,-0.0010302741062401,42,0
20.97,-0.0011457504562401,42,0
20.972,-0.0012345826062401,42,0
20.974,-0.0013234147562401,42,0
20.976,-0.0012751962562401,42,0
20.978,-0.0011063891562401,42,0
20.98,-0.0006914801562401,42,0
20.982,-0.0006831009062401,42,0
20.984,-0.0006747216562401,42,0
20.986,-0.0010697019562401,42,0
20.988,-0.0011829882062401,42,0
20.99,-0.0012962744562401,42,0
20.992,-0.0011870719562401,42,0
20.994,-0.0009718976562401,42,0
20.996,-0.0007476725562401,42,0
20.998,-0.0006506184562401,42,0
21.0,-0.0007068108562401,43,0
21.002,-0.0007630032562401,43,0
21.004,-0.0010002842562401,43,0
21.006,-0.0012336569562401,43,0
21.008,-0.0010498216562401,43,0
21.01,-0.0009422889562401,43,0
21.012,-0.0008347562562401,43,0
21.014,-0.0006650174562401,43,0
21.016,-0.0007145790562401,43,0
21.018,-0.0008171326062401,43,0
21.02,-0.0009196861562401,43,0
21.022,-0.0011522844562401,43,0
21.024,-0.0013393141562401,43,0
21.026,-0.0012901276562401,43,0
21.028,-0.0011227846562401,43,0
21.03,-0.0009076829562401,43,0
21.032,-0.0006997807562401,43,0
21.034,-0.0006740077562401,43,0
21.036,-0.0008357484562401,43,0
21.038,-0.0010719646562401,43,0
21.04,-0.0012878649562401,43,0
21.042,-0.0011936180562401,43,0
21.044,-0.0009864660562401,43,0
21.046,-0.0008253001062401,43,0
21.048,-0.0006641341562401,43,0
21.05,-0.0007685813562401,43,0
21.052,-0.0009929879562401,43,0
21.054,-0.0013488852562401,43,0
21.056,-0.0012498225562401,43,0
21.058,-0.0011507598562401,43,0
21.06,-0.0010516971562401,43,0
21.062,-0.0008353975562401,43,0
21.064,-0.0006555794562401,43,0
21.066,-0.0007081176562401,43,0
21.068,-0.0009103691562401,43,0
21.07,-0.0013427505562401,43,0
21.072,-0.0012939270562401,43,0
21.074,-0.0012107940062401,43,0
21.076,-0.0011276609562401,43,0
21.078,-0.0009155721562401,43,0
21.08,-0.0006989458562401,43,0
21.082,-0.0006646544562401,43,0
21.084,-0.0008256086562401,43,0
21.086,-0.0012849246562401,43,0
21.088,-0.0011903873562401,43,0
21.09,-0.0011218368229067,43,0
21.092,-0.0010532862895734,43,0
21.094,-0.0009847357562401,43,0
21.096,-0.0007641043562401,43,0
21.098,-0.0007577881562401,43,0
21.1,-0.0008699733062401,43,0
21.102,-0.0009821584562401,43,0
21.104,-0.0013369909562401,43,0
21.106,-0.0012416792562401,43,0
21.108,-0.0010541897562401,43,0
21.11,-0.0006631177562401,43,0
21.112,-0.0006868035062401,43,0
21.114,-0.0007104892562401,43,0
21.116,-0.0008085537062401,43,0
21.118,-0.0009066181562401,43,0
21.12,-0.0011338924562401,43,0
21.122,-0.0013267906562401,43,0
21.124,-0.0012939875562401,43,0
21.126,-0.0011367359562401,43,0
21.128,-0.0009193715562401,43,0
21.13,-0.0006998049562401,43,0
21.132,-0.0006738141562401,43,0
21.134,-0.0008340544562401,43,0
21.136,-0.0012814398562401,43,0
21.138,-0.0013245037562401,43,0
21.14,-0.0012608517062401,43,0
21.142,-0.0011971996562401,43,0
21.144,-0.0007759381562401,43,0
21.146,-0.0006640252562401,43,0
21.148,-0.0007688112562401,43,0
21.15,-0.0008782799562401,43,0
21.152,-0.0009877486562401,43,0
21.154,-0.0012257435562401,43,0
21.156,-0.0013510995562401,43,0
21.158,-0.0012613054562401,43,0
21.16,-0.0010721824562401,43,0
21.162,-0.0008487196562401,43,0
21.164,-0.0006768391562401,43,0
21.166,-0.0009123414562401,43,0
21.168,-0.0011381153562401,43,0
21.17,-0.0012163660562401,43,0
21.172,-0.0012946167562401,43,0
21.174,-0.0009257240562401,43,0
21.176,-0.0008009791062401,43,0
21.178,-0.0006762341562401,43,0
21.18,-0.0007283165895734,43,0
21.182,-0.0007803990229067,43,0
21.184,-0.0008324814562401,43,0
21.186,-0.0012887482562401,43,0
21.188,-0.0013335666562401,43,0
21.19,-0.0012708342062401,43,0
21.192,-0.0012081017562401,43,0
21.194,-0.0006498682562401,43,0
21.196,-0.0007581188895734,43,0
21.198,-0.0008663695229067,43,0
21.2,-0.0009746201562401,43,0
21.202,-0.0010928795062401,43,0
21.204,-0.0012111388562401,43,0
21.206,-0.0013382614562401,43,0
21.208,-0.0012510930562401,43,0
21.21,-0.0010717710562401,43,0
21.212,-0.0008650425562401,43,0
21.214,-0.0006737657562401,43,0
21.216,-0.0007094002562401,43,0
21.218,-0.0009082395562401,43,0
21.22,-0.0011378491562401,43,0
21.222,-0.0013357204562401,43,0
21.224,-0.0011468394562401,43,0
21.226,-0.0010395487562401,43,0
21.228,-0.0009322580562401,43,0
21.23,-0.0007167570562401,43,0
21.232,-0.0006726041562401,43,0
21.234,-0.0008259474562401,43,0
21.236,-0.0010649345562401,43,0
21.238,-0.0013303843562401,43,0
21.24,-0.0012712335062401,43,0
21.242,-0.0012120826562401,43,0
21.244,-0.0006609155562401,43,0
21.246,-0.0007597120562401,43,0
21.248,-0.0012155311562401,43,0
21.25,-0.0013478688562401,43,0
21.252,-0.0013027782062401,43,0
21.254,-0.0012576875562401,43,0
21.256,-0.0011667802562401,43,0
21.258,-0.0010758729562401,43,0
21.26,-0.0008639656562401,43,0
21.262,-0.0006854906562401,43,0
21.264,-0.0011296816562401,43,0
21.266,-0.0011879350895734,43,0
21.268,-0.0012461885229067,43,0
21.27,-0.0013044419562401,43,0
21.272,-0.0011461739562401,43,0
21.274,-0.0009339641562401,43,0
21.276,-0.0008306967062401,43,0
21.278,-0.0007274292562401,43,0
21.28,-0.0006816912562401,43,0
21.282,-0.0008257659562401,43,0
21.284,-0.0010569001562401,43,0
21.286,-0.0012750752562401,43,0
21.288,-0.0012017129562401,43,0
21.29,-0.0010995405562401,43,0
21.292,-0.0009973681562401,43,0
21.294,-0.0007800642562401,43,0
21.296,-0.0006658402562401,43,0
21.298,-0.0007611640562401,43,0
21.3,-0.0009778871562401,43,0
21.302,-0.0012093359562401,43,0
21.304,-0.0012565501562401,43,0
21.306,-0.0010777726562401,43,0
21.308,-0.0006986191562401,43,0
21.31,-0.0007935678562401,43,0
21.312,-0.0008885165562401,43,0
21.314,-0.0011240188562401,43,0
21.316,-0.0011941464229067,43,0
21.318,-0.0012642739895734,43,0
21.32,-0.0013344015562401,43,0
21.322,-0.0011437781562401,43,0
21.324,-0.0009017842062401,43,0
21.326,-0.0006597902562401,43,0
21.328,-0.0007353850062401,43,0
21.33,-0.0008109797562401,43,0
21.332,-0.0009275209062401,43,0
21.334,-0.0010440620562401,43,0
21.336,-0.0012698117562401,43,0
21.338,-0.0013224104562401,43,0
21.34,-0.0009931694562401,43,0
21.342,-0.0007718846562401,43,0
21.344,-0.0006463713562401,43,0
21.346,-0.0006952916562401,43,0
21.348,-0.0007442119562401,43,0
21.35,-0.0009703125562401,43,0
21.352,-0.0012539607562401,43,0
21.354,-0.0008599726562401,43,0
21.356,-0.0006723258562401,43,0
21.358,-0.0006959450562401,43,0
21.36,-0.0007590102562401,43,0
21.362,-0.0008220754562401,43,0
21.364,-0.0008851406562401,43,0
21.366,-0.0010038598062401,43,0
21.368,-0.0011225789562401,43,0
21.37,-0.0013231969562401,43,0
21.372,-0.0013006425562401,43,0
21.374,-0.0011453632562401,43,0
21.376,-0.0009270550562401,43,0
21.378,-0.0007038826562401,43,0
21.38,-0.0006538733562401,43,0
21.382,-0.0008038649562401,43,0
21.384,-0.0012680693562401,43,0
21.386,-0.0013298156562401,43,0
21.388,-0.0012657824562401,43,0
21.39,-0.0012017492562401,43,0
21.392,-0.0007850978562401,43,0
21.394,-0.0006578542562401,43,0
21.396,-0.0009625080562401,43,0
21.398,-0.0011930735562401,43,0
21.4,-0.0013405604562401,43,0
21.402,-0.0012647418562401,43,0
21.404,-0.0008648610562401,43,0
21.406,-0.0006741650562401,43,0
21.408,-0.0006861259062401,43,0
21.41,-0.0006980867562401,43,0
21.412,-0.0008839911562401,43,0
21.414,-0.0009978703062401,43,0
21.416,-0.0011117494562401,43,0
21.418,-0.0012149503562401,43,0
21.42,-0.0013181512562401,43,0
21.422,-0.0011456294562401,43,0
21.424,-0.0009323548562401,43,0
21.426,-0.0008291539562401,43,0
21.428,-0.0007259530562401,43,0
21.43,-0.0006720596562401,43,0
21.432,-0.0008129762562401,43,0
21.434,-0.0010466998562401,43,0
21.436,-0.0012776767562401,43,0
21.438,-0.0012233114562401,43,0
21.44,-0.0011207458062401,43,0
21.442,-0.0010181801562401,43,0
21.444,-0.0007993032562401,43,0
21.446,-0.0006685990562401,43,0
21.448,-0.0009735190562401,43,0
21.45,-0.0013513657562401,43,0
21.452,-0.0012675006562401,43,0
21.454,-0.0011766841062401,43,0
21.456,-0.0010858675562401,43,0
21.458,-0.0009739970062401,43,0
21.46,-0.0008621264562401,43,0
21.462,-0.0006613511562401,43,0
21.464,-0.0006863860562401,43,0
21.466,-0.0011091600562401,43,0
21.468,-0.0012979079562401,43,0
21.47,-0.0011514858562401,43,0
21.472,-0.0010810114229067,43,0
21.474,-0.0010105369895734,43,0
21.476,-0.0009400625562401,43,0
21.478,-0.0007259651562401,43,0
21.48,-0.0008005011562401,43,0
21.482,-0.0010383992562401,43,0
21.484,-0.0012762973562401,43,0
21.486,-0.0012169468562401,43,0
21.488,-0.0011158150562401,43,0
21.49,-0.0010146832562401,43,0
21.492,-0.0009056864562401,43,0
21.494,-0.0007966896562401,43,0
21.496,-0.0006590642562401,43,0
21.498,-0.0007442603562401,43,0
21.5,-0.0009628105562401,44,0
21.502,-0.0011857046562401,44,0
21.504,-0.0013349339562401,44,0
21.506,-0.0012627695562401,44,0
21.508,-0.0008615335562401,44,0
21.51,-0.0006703535562401,44,0
21.512,-0.0006829920062401,44,0
21.514,-0.0006956304562401,44,0
21.516,-0.0008873065562401,44,0
21.518,-0.0013299366562401,44,0
21.52,-0.0013188772562401,44,0
21.522,-0.0010276968062401,44,0
21.524,-0.0007365163562401,44,0
21.526,-0.0007066777562401,44,0
21.528,-0.0006768391562401,44,0
21.53,-0.0008095277562401,44,0
21.532,-0.0010438805562401,44,0
21.534,-0.0011601736562401,44,0
21.536,-0.0012764667562401,44,0
21.538,-0.0013451221562401,44,0
21.54,-0.0012214117562401,44,0
21.542,-0.0007975487562401,44,0
21.544,-0.0006651021562401,44,0
21.546,-0.0008155959062401,44,0
21.548,-0.0009660896562401,44,0
21.55,-0.0012015193562401,44,0
21.552,-0.0012788383562401,44,0
21.554,-0.0013561573562401,44,0
21.556,-0.0012839324562401,44,0
21.558,-0.0011044773562401,44,0
21.56,-0.0008790422562401,44,0
21.562,-0.0006875597562401,44,0
21.564,-0.0006921214562401,44,0
21.566,-0.0008718669562401,44,0
21.568,-0.0011109750562401,44,0
21.57,-0.0013230517562401,44,0
21.572,-0.0013118471562401,44,0
21.574,-0.0011654976562401,44,0
21.576,-0.0009490286562401,44,0
21.578,-0.0006664573562401,44,0
21.58,-0.0012612449562401,44,0
21.582,-0.0013404757562401,44,0
21.584,-0.0012234082562401,44,0
21.586,-0.0010264807562401,44,0
21.588,-0.0007965686562401,44,0
21.59,-0.0007608252562401,44,0
21.592,-0.0007250818562401,44,0
21.594,-0.0006893384562401,44,0
21.596,-0.0006535950562401,44,0
21.598,-0.0007359476562401,44,0
21.6,-0.0009531668562401,44,0
21.602,-0.0011883061562401,44,0
21.604,-0.0013430046562401,44,0
21.606,-0.0010976529562401,44,0
21.608,-0.0008824786562401,44,0
21.61,-0.0007848195562401,44,0
21.612,-0.0006871604562401,44,0
21.614,-0.0006953642562401,44,0
21.616,-0.0008765617562401,44,0
21.618,-0.0013131902562401,44,0
21.62,-0.0012405539562401,44,0
21.622,-0.0011679176562401,44,0
21.624,-0.0009558893562401,44,0
21.626,-0.0007389605562401,44,0
21.628,-0.0006634565562401,44,0
21.63,-0.0007921037562401,44,0
21.632,-0.0010240970562401,44,0
21.634,-0.0011392164562401,44,0
21.636,-0.0012543358562401,44,0
21.638,-0.0013396166562401,44,0
21.64,-0.0010210236562401,44,0
21.642,-0.0009127649562401,44,0
21.644,-0.0008045062562401,44,0
21.646,-0.0006540185562401,44,0
21.648,-0.0007301396562401,44,0
21.65,-0.0009461972562401,44,0
21.652,-0.0013463321562401,44,0
21.654,-0.0011013918562401,44,0
21.656,-0.0009955955062401,44,0
21.658,-0.0008897991562401,44,0
21.66,-0.0007891453062401,44,0
21.662,-0.0006884914562401,44,0
21.664,-0.0006933798562401,44,0
21.666,-0.0008667970562401,44,0
21.668,-0.0010994921562401,44,0
21.67,-0.0013109759562401,44,0
21.672,-0.0012388115562401,44,0
21.674,-0.0011666471562401,44,0
21.676,-0.0009535298562401,44,0
21.678,-0.0007309745562401,44,0
21.68,-0.0006579268562401,44,0
21.682,-0.0007875299562401,44,0
21.684,-0.0010163772562401,44,0
21.686,-0.0012437483562401,44,0
21.688,-0.0010238792562401,44,0
21.69,-0.0009196377562401,44,0
21.692,-0.0008153962562401,44,0
21.694,-0.0007391420562401,44,0
21.696,-0.0006628878562401,44,0
21.698,-0.0007312165562401,44,0
21.7,-0.0011740886562401,44,0
21.702,-0.0011089906562401,44,0
21.704,-0.0010355396229067,44,0
21.706,-0.0009620885895734,44,0
21.708,-0.0008886375562401,44,0
21.71,-0.0007849345062401,44,0
21.712,-0.0006812314562401,44,0
21.714,-0.0006869305562401,44,0
21.716,-0.0008614004562401,44,0
21.718,-0.0010971568562401,44,0
21.72,-0.0013127425562401,44,0
21.722,-0.0013086769562401,44,0
21.724,-0.0011701319562401,44,0
21.726,-0.0009589990562401,44,0
21.728,-0.0007428446562401,44,0
21.73,-0.0006646544562401,44,0
21.732,-0.0010196079562401,44,0
21.734,-0.0012476324562401,44,0
21.736,-0.0012961534562401,44,0
21.738,-0.0013446744562401,44,0
21.74,-0.0012308497562401,44,0
21.742,-0.0006538249562401,44,0
21.744,-0.0006786017229067,44,0
21.746,-0.0007033784895734,44,0
21.748,-0.0007281552562401,44,0
21.75,-0.0009449509562401,44,0
21.752,-0.0011912464562401,44,0
21.754,-0.0013418188562401,44,0
21.756,-0.0011127900562401,44,0
21.758,-0.0009016450562401,44,0
21.76,-0.0007002647562401,44,0
21.762,-0.0006993512062401,44,0
21.764,-0.0006984376562401,44,0
21.766,-0.0008721815562401,44,0
21.768,-0.0011013918562401,44,0
21.77,-0.0013140735562401,44,0
21.772,-0.0013240681562401,44,0
21.774,-0.0011802596562401,44,0
21.776,-0.0009741361562401,44,0
21.778,-0.0007640801562401,44,0
21.78,-0.0006716240562401,44,0
21.782,-0.0012616079562401,44,0
21.784,-0.0013468645562401,44,0
21.786,-0.0013094231229067,44,0
21.788,-0.0012719816895734,44,0
21.79,-0.0012345402562401,44,0
21.792,-0.0008214099562401,44,0
21.794,-0.0007417919562401,44,0
21.796,-0.0006621739562401,44,0
21.798,-0.0007246825562401,44,0
21.8,-0.0009314836562401,44,0
21.802,-0.0011570397562401,44,0
21.804,-0.0013297067562401,44,0
21.806,-0.0012717356562401,44,0
21.808,-0.0008955103562401,44,0
21.81,-0.0006911534562401,44,0
21.812,-0.0006877412562401,44,0
21.814,-0.0006843290562401,44,0
21.816,-0.0008569960562401,44,0
21.818,-0.0010933090562401,44,0
21.82,-0.0013042362562401,44,0
21.822,-0.0013201235562401,44,0
21.824,-0.0007424937562401,44,0
21.826,-0.0006563901562401,44,0
21.828,-0.0007179610062401,44,0
21.83,-0.0007795318562401,44,0
21.832,-0.0010053541562401,44,0
21.834,-0.0012311764562401,44,0
21.836,-0.0013426779562401,44,0
21.838,-0.0012355445562401,44,0
21.84,-0.0007255053562401,44,0
21.842,-0.0009351862562401,44,0
21.844,-0.0010084315895734,44,0
21.846,-0.0010816769229067,44,0
21.848,-0.0011549222562401,44,0
21.85,-0.0013301907562401,44,0
21.852,-0.0013033590062401,44,0
21.854,-0.0012765272562401,44,0
21.856,-0.0011945860562401,44,0
21.858,-0.0011126448562401,44,0
21.86,-0.0008938526562401,44,0
21.862,-0.0006875839562401,44,0
21.864,-0.0008498691562401,44,0
21.866,-0.0010775609062401,44,0
21.868,-0.0013052526562401,44,0
21.87,-0.0013215634562401,44,0
21.872,-0.0011800660562401,44,0
21.874,-0.0010745661562401,44,0
21.876,-0.0009690662562401,44,0
21.878,-0.0007532990562401,44,0
21.88,-0.0006584592562401,44,0
21.882,-0.0007838878562401,44,0
21.884,-0.0012420906562401,44,0
21.886,-0.0012421995562401,44,0
21.888,-0.0012423084562401,44,0
21.89,-0.0010489625562401,44,0
21.892,-0.0006679940562401,44,0
21.894,-0.0007281310562401,44,0
21.896,-0.0008269396562401,44,0
21.898,-0.0009257482562401,44,0
21.9,-0.0011347999562401,44,0
21.902,-0.0013438516562401,44,0
21.904,-0.0012894016562401,44,0
21.906,-0.0011006053562401,44,0
21.908,-0.0009118090562401,44,0
21.91,-0.0008360872562401,44,0
21.912,-0.0007603654562401,44,0
21.914,-0.0006846436562401,44,0
21.916,-0.0008528941562401,44,0
21.918,-0.0010861942562401,44,0
21.92,-0.0012935156562401,44,0
21.922,-0.0013223136562401,44,0
21.924,-0.0011897823562401,44,0
21.926,-0.0009787946562401,44,0
21.928,-0.0007532143562401,44,0
21.93,-0.0006535345562401,44,0
21.932,-0.0007706262562401,44,0
21.934,-0.0009982030562401,44,0
21.936,-0.0012317088562401,44,0
21.938,-0.0013387454562401,44,0
21.94,-0.0006700268562401,44,0
21.942,-0.0009302978562401,44,0
21.944,-0.0013383461562401,44,0
21.946,-0.0013128151562401,44,0
21.948,-0.0012872841562401,44,0
21.95,-0.0012459354312401,44,0
21.952,-0.0012045867062401,44,0
21.954,-0.0011632379812401,44,0
21.956,-0.0011218892562401,44,0
21.958,-0.0009064124562401,44,0
21.96,-0.0008004890562401,44,0
21.962,-0.0006945656562401,44,0
21.964,-0.0006805296562401,44,0
21.966,-0.0008457551562401,44,0
21.968,-0.0010770224562401,44,0
21.97,-0.0012941811562401,44,0
21.972,-0.0013284483562401,44,0
21.974,-0.0011966672562401,44,0
21.976,-0.0009867564562401,44,0
21.978,-0.0007711102562401,44,0
21.98,-0.0006699058562401,44,0
21.982,-0.0007842750562401,44,0
21.984,-0.0010065278562401,44,0
21.986,-0.0012330035562401,44,0
21.988,-0.0012478865562401,44,0
21.99,-0.0011534521062401,44,0
21.992,-0.0010590176562401,44,0
21.994,-0.0008385798562401,44,0
21.996,-0.0006758106562401,44,0
21.998,-0.0007330315562401,44,0
22.0,-0.0011600163562401,45,0
22.002,-0.0013457392562401,45,0
22.004,-0.0011346426562401,45,0
22.006,-0.0009104296562401,45,0
22.008,-0.0007085411562401,45,0
22.01,-0.0007010068895734,45,0
22.012,-0.0006934726229067,45,0
22.014,-0.0006859383562401,45,0
22.016,-0.0008487680562401,45,0
22.018,-0.0012908415562401,45,0
22.02,-0.0011918151562401,45,0
22.022,-0.0010517697562401,45,0
22.024,-0.0009117243562401,45,0
22.026,-0.0007716789562401,45,0
22.028,-0.0007721750562401,45,0
22.03,-0.0007726711562401,45,0
22.032,-0.0010035633562401,45,0
22.034,-0.0012279820562401,45,0
22.036,-0.0013431619562401,45,0
22.038,-0.0012451519562401,45,0
22.04,-0.0010620668562401,45,0
22.042,-0.0008360267562401,45,0
22.044,-0.0006603589562401,45,0
22.046,-0.0009197466562401,45,0
22.048,-0.0011525143562401,45,0
22.05,-0.0012929590562401,45,0
22.052,-0.0012112659062401,45,0
22.054,-0.0011295727562401,45,0
22.056,-0.0009169031562401,45,0
22.058,-0.0007042335562401,45,0
22.06,-0.0006851760562401,45,0
22.062,-0.0008493125562401,45,0
22.064,-0.0010787648562401,45,0
22.066,-0.0011908895062401,45,0
22.068,-0.0013030141562401,45,0
22.07,-0.0013376927562401,45,0
22.072,-0.0009945609562401,45,0
22.074,-0.0007797980562401,45,0
22.076,-0.0006739593562401,45,0
22.078,-0.0007268121562401,45,0
22.08,-0.0007796649562401,45,0
22.082,-0.0009992073562401,45,0
22.084,-0.0012324348562401,45,0
22.086,-0.0012561871562401,45,0
22.088,-0.0010488597062401,45,0
22.09,-0.0008415322562401,45,0
22.092,-0.0007185841562401,45,0
22.094,-0.0009215132562401,45,0
22.096,-0.0011529862562401,45,0
22.098,-0.0013371482562401,45,0
22.1,-0.0011340981562401,45,0
22.102,-0.0010262932062401,45,0
22.104,-0.0009184882562401,45,0
22.106,-0.0008135752062401,45,0
22.108,-0.0007086621562401,45,0
22.11,-0.0006788598562401,45,0
22.112,-0.0007585565062401,45,0
22.114,-0.0008382531562401,45,0
22.116,-0.0010702827562401,45,0
22.118,-0.0013359503562401,45,0
22.12,-0.0009881721562401,45,0
22.122,-0.0007644673562401,45,0
22.124,-0.0007106768062401,45,0
22.126,-0.0006568862562401,45,0
22.128,-0.0007110035062401,45,0
22.13,-0.0007651207562401,45,0
22.132,-0.0012225249562401,45,0
22.134,-0.0012888087562401,45,0
22.136,-0.0013550925562401,45,0
22.138,-0.0012606399562401,45,0
22.14,-0.0010707788562401,45,0
22.142,-0.0008519624562401,45,0
22.144,-0.0006691556562401,45,0
22.146,-0.0007144459562401,45,0
22.148,-0.0009193352562401,45,0
22.15,-0.0011490779562401,45,0
22.152,-0.0013465499562401,45,0
22.154,-0.0011472629562401,45,0
22.156,-0.0010391918062401,45,0
22.158,-0.0009311206562401,45,0
22.16,-0.0007172652562401,45,0
22.162,-0.0008365107562401,45,0
22.164,-0.0010710934562401,45,0
22.166,-0.0012892322562401,45,0
22.168,-0.0013314007562401,45,0
22.17,-0.0012670045562401,45,0
22.172,-0.0012026083562401,45,0
22.174,-0.0010008529562401,45,0
22.176,-0.0007843113562401,45,0
22.178,-0.0006603952562401,45,0
22.18,-0.0010001995562401,45,0
22.182,-0.0011083009562401,45,0
22.184,-0.0012164023562401,45,0
22.186,-0.0013428352562401,45,0
22.188,-0.0012620556562401,45,0
22.19,-0.0010833023562401,45,0
22.192,-0.0007053225562401,45,0
22.194,-0.0007713966229067,45,0
22.196,-0.0008374706895734,45,0
22.198,-0.0009035447562401,45,0
22.2,-0.0011295606562401,45,0
22.202,-0.0013194338562401,45,0
22.204,-0.0012871752562401,45,0
22.206,-0.0007062179562401,45,0
22.208,-0.0006699784562401,45,0
22.21,-0.0008228256562401,45,0
22.212,-0.0010511163562401,45,0
22.214,-0.0012794070562401,45,0
22.216,-0.0009949723562401,45,0
22.218,-0.0009219367562401,45,0
22.22,-0.0008489011562401,45,0
22.222,-0.0007758655562401,45,0
22.224,-0.0007170958562401,45,0
22.226,-0.0006583261562401,45,0
22.228,-0.0009772700562401,45,0
22.23,-0.0012129780562401,45,0
22.232,-0.0012544810562401,45,0
22.234,-0.0008517204562401,45,0
22.236,-0.0007585323062401,45,0
22.238,-0.0006653441562401,45,0
22.24,-0.0006967678562401,45,0
22.242,-0.0011272253562401,45,0
22.244,-0.0013303480562401,45,0
22.246,-0.0013129119562401,45,0
22.248,-0.0012954758562401,45,0
22.25,-0.0011085369062401,45,0
22.252,-0.0009215979562401,45,0
22.254,-0.0008520027895734,45,0
22.256,-0.0007824076229067,45,0
22.258,-0.0007128124562401,45,0
22.26,-0.0006900947062401,45,0
22.262,-0.0006673769562401,45,0
22.264,-0.0008221480562401,45,0
22.266,-0.0010565734562401,45,0
22.268,-0.0012846100562401,45,0
22.27,-0.0010005625562401,45,0
22.272,-0.0009228805562401,45,0
22.274,-0.0008451985562401,45,0
22.276,-0.0007675165562401,45,0
22.278,-0.0006450524562401,45,0
22.28,-0.0007467529562401,45,0
22.282,-0.0009707481562401,45,0
22.284,-0.0012042418562401,45,0
22.286,-0.0010681894562401,45,0
22.288,-0.0009964283895734,45,0
22.29,-0.0009246673229067,45,0
22.292,-0.0008529062562401,45,0
22.294,-0.0009054444562401,45,0
22.296,-0.0013391568562401,45,0
22.298,-0.0013309812895734,45,0
22.3,-0.0013228057229067,45,0
22.302,-0.0013146301562401,45,0
22.304,-0.0012332818562401,45,0
22.306,-0.0011519335562401,45,0
22.308,-0.0009375820562401,45,0
22.31,-0.0007237266562401,45,0
22.312,-0.0006809773562401,45,0
22.314,-0.0008310173562401,45,0
22.316,-0.0010603365562401,45,0
22.318,-0.0012094932562401,45,0
22.32,-0.0011079137562401,45,0
22.322,-0.0010063342562401,45,0
22.324,-0.0008963936562401,45,0
22.326,-0.0007864530562401,45,0
22.328,-0.0006547566562401,45,0
22.33,-0.0007493302562401,45,0
22.332,-0.0009675053562401,45,0
22.334,-0.0012013862562401,45,0
22.336,-0.0013412501562401,45,0
22.338,-0.0008538258562401,45,0
22.34,-0.0007919545229067,45,0
22.342,-0.0007300831895734,45,0
22.344,-0.0006682118562401,45,0
22.346,-0.0006981593562401,45,0
22.348,-0.0008865442562401,45,0
22.35,-0.0011257370562401,45,0
22.352,-0.0013352243562401,45,0
22.354,-0.0013053615562401,45,0
22.356,-0.0009271276562401,45,0
22.358,-0.0008219968062401,45,0
22.36,-0.0007168659562401,45,0
22.362,-0.0006655861562401,45,0
22.364,-0.0010415936562401,45,0
22.366,-0.0011525627562401,45,0
22.368,-0.0012635318562401,45,0
22.37,-0.0013175341562401,45,0
22.372,-0.0011974416562401,45,0
22.374,-0.0010003931562401,45,0
22.376,-0.0007927450562401,45,0
22.378,-0.0009660775562401,45,0
22.38,-0.0012106669562401,45,0
22.382,-0.0012772714062401,45,0
22.384,-0.0013438758562401,45,0
22.386,-0.0013018828062401,45,0
22.388,-0.0012598897562401,45,0
22.39,-0.0010776758562401,45,0
22.392,-0.0008603719562401,45,0
22.394,-0.0006743949562401,45,0
22.396,-0.0008886496562401,45,0
22.398,-0.0010036722562401,45,0
22.4,-0.0011186948562401,45,0
22.402,-0.0013198694562401,45,0
22.404,-0.0013010297562401,45,0
22.406,-0.0011478921562401,45,0
22.408,-0.0007195884562401,45,0
22.41,-0.0006924421062401,45,0
22.412,-0.0006652957562401,45,0
22.414,-0.0008125043562401,45,0
22.416,-0.0010532580562401,45,0
22.418,-0.0012317088562401,45,0
22.42,-0.0011292400062401,45,0
22.422,-0.0010267711562401,45,0
22.424,-0.0009113674062401,45,0
22.426,-0.0007959636562401,45,0
22.428,-0.0006740440562401,45,0
22.43,-0.0007592764562401,45,0
22.432,-0.0012318056562401,45,0
22.434,-0.0012737503062401,45,0
22.436,-0.0013156949562401,45,0
22.438,-0.0012326224062401,45,0
22.44,-0.0011495498562401,45,0
22.442,-0.0009170241562401,45,0
22.444,-0.0011996559562401,45,0
22.446,-0.0013137529062401,45,0
22.448,-0.0014278498562401,45,0
22.45,-0.0014380582229067,45,0
22.452,-0.0014482665895734,45,0
22.454,-0.0014584749562401,45,0
22.456,-0.0012750752562401,45,0
22.458,-0.0010750864562401,45,0
22.46,-0.0008917351562401,45,0
22.462,-0.0008618602562401,45,0
22.464,-0.0010321314562401,45,0
22.466,-0.0012712758562401,45,0
22.468,-0.0015829960562401,45,0
22.47,-0.0015299920062401,45,0
22.472,-0.0014769879562401,45,0
22.474,-0.0013120649562401,45,0
22.476,-0.0011029648562401,45,0
22.478,-0.0009612859562401,45,0
22.48,-0.0012987428562401,45,0
22.482,-0.0014114725062401,45,0
22.484,-0.0015242021562401,45,0
22.486,-0.0016871770562401,45,0
22.488,-0.0016135485562401,45,0
22.49,-0.0010323371562401,45,0
22.492,-0.0010374675562401,45,0
22.494,-0.0010425979562401,45,0
22.496,-0.0011334931562401,45,0
22.498,-0.0012243883562401,45,0
22.5,-0.0014895961562401,46,1
22.502,-0.0016836438562401,46,1
22.504,-0.0016263987562401,46,1
22.506,-0.0012686259562401,46,1
22.508,-0.0011587035062401,46,1
22.51,-0.0010487810562401,46,1
22.512,-0.0009662953562401,46,1
22.514,-0.0011077685562401,46,1
22.516,-0.0015585177562401,46,1
22.518,-0.0016015030062401,46,1
22.52,-0.0016444882562401,46,1
22.522,-0.0015095127562401,46,1
22.524,-0.0010859159562401,46,1
22.526,-0.0009245745562401,46,1
22.528,-0.0011861039562401,46,1
22.53,-0.0014476333562401,46,1
22.532,-0.0015227259562401,46,1
22.534,-0.0015978185562401,46,1
22.536,-0.0015467444562401,46,1
22.538,-0.0014956703562401,46,1
22.54,-0.0013087495562401,46,1
22.542,-0.0010844034562401,46,1
22.544,-0.0008804942562401,46,1
22.546,-0.0009663498062401,46,1
22.548,-0.0010522053562401,46,1
22.55,-0.0012918821562401,46,1
22.552,-0.0014932261562401,46,1
22.554,-0.0014656744562401,46,1
22.556,-0.0013217086562401,46,1
22.558,-0.0011028196562401,46,1
22.56,-0.0007863320562401,46,1
22.562,-0.0008549632562401,46,1
22.564,-0.0009235944562401,46,1
22.566,-0.0011505420562401,46,1
22.568,-0.0013487642562401,46,1
22.57,-0.0010600764062401,46,1
22.572,-0.0007713885562401,46,1
22.574,-0.0010755220562401,46,1
22.576,-0.0011694946895734,46,1
22.578,-0.0012634673229067,46,1
22.58,-0.0013574399562401,46,1
22.582,-0.0014896324562401,46,1
22.584,-0.0016218249562401,46,1
22.586,-0.0015339305562401,46,1
22.588,-0.0014329742062401,46,1
22.59,-0.0013320178562401,46,1
22.592,-0.0013114660062401,46,1
22.594,-0.0012909141562401,46,1
22.596,-0.0013410353812401,46,1
22.598,-0.0013911566062401,46,1
22.6,-0.0014412778312401,46,1
22.602,-0.0014913990562401,46,1
22.604,-0.0014675499562401,46,1
22.606,-0.0014437008562401,46,1
22.608,-0.0011523086562401,46,1
22.61,-0.0011545532062401,46,1
22.612,-0.0011567977562401,46,1
22.614,-0.0012644151562401,46,1
22.616,-0.0018967369562401,46,1
22.618,-0.0019430134062401,46,1
22.62,-0.0019892898562401,46,1
22.622,-0.0018367935562401,46,1
22.624,-0.0016156902562401,46,1
22.626,-0.0014448745562401,46,1
22.628,-0.0013545722562401,46,1
22.63,-0.0014886281562401,46,1
22.632,-0.0017672427562401,46,1
22.634,-0.0017798388562401,46,1
22.636,-0.0017924349562401,46,1
22.638,-0.0018050310562401,46,1
22.64,-0.0018176271562401,46,1
22.642,-0.0018302232562401,46,1
22.644,-0.0016478641562401,46,1
22.646,-0.0016853741562401,46,1
22.648,-0.0018981526562401,46,1
22.65,-0.0018788955062401,46,1
22.652,-0.0018596383562401,46,1
22.654,-0.0018403812062401,46,1
22.656,-0.0018211240562401,46,1
22.658,-0.0018018669062401,46,1
22.66,-0.0017826097562401,46,1
22.662,-0.0016853862562401,46,1
22.664,-0.0018105970562401,46,1
22.666,-0.0017973572362401,46,1
22.668,-0.0017841174162401,46,1
22.67,-0.0017708775962401,46,1
22.672,-0.0017576377762401,46,1
22.674,-0.0017443979562401,46,1
22.676,-0.0015431628562401,46,1
22.678,-0.0017972991562401,46,1
22.68,-0.0018097016562401,46,1
22.682,-0.0018221041562401,46,1
22.684,-0.0018345066562401,46,1
22.686,-0.0018469091562401,46,1
22.688,-0.0018593116562401,46,1
22.69,-0.0015788215562401,46,1
22.692,-0.0013047323562401,46,1
22.694,-0.0016166582562401,46,1
22.696,-0.0019285841562401,46,1
22.698,-0.0019090910562401,46,1
22.7,-0.0018141605062401,46,1
22.702,-0.0017192299562401,46,1
22.704,-0.0014550869562401,46,1
22.706,-0.0011909439562401,46,1
22.708,-0.0011331725062401,46,1
22.71,-0.0010754010562401,46,1
22.712,-0.0011967035562401,46,1
22.714,-0.0016342274562401,46,1
22.716,-0.0013530718562401,46,1
22.718,-0.0010719162562401,46,1
22.72,-0.0010158085562401,46,1
22.722,-0.0009597008562401,46,1
22.724,-0.0009035931562401,46,1
22.726,-0.0011482612062401,46,1
22.728,-0.0013929292562401,46,1
22.73,-0.0015425941562401,46,1
22.732,-0.0010279932562401,46,1
22.734,-0.0009524489229067,46,1
22.736,-0.0008769045895734,46,1
22.738,-0.0008013602562401,46,1
22.74,-0.0008447357312401,46,1
22.742,-0.0008881112062401,46,1
22.744,-0.0009314866812401,46,1
22.746,-0.0009748621562401,46,1
22.748,-0.0012184956562401,46,1
22.75,-0.0014364892562401,46,1
22.752,-0.0014406395562401,46,1
22.754,-0.0012915312562401,46,1
22.756,-0.0008097697562401,46,1
22.758,-0.0007663247062401,46,1
22.76,-0.0007228796562401,46,1
22.762,-0.0013201477562401,46,1
22.764,-0.0014110671562401,46,1
22.766,-0.0013680516562401,46,1
22.768,-0.0013250361562401,46,1
22.77,-0.0012820206562401,46,1
22.772,-0.0010697503562401,46,1
22.774,-0.0008418468562401,46,1
22.776,-0.0006841838562401,46,1
22.778,-0.0007647577562401,46,1
22.78,-0.0012475477562401,46,1
22.782,-0.0014535744562401,46,1
22.784,-0.0013989006062401,46,1
22.786,-0.0013442267562401,46,1
22.788,-0.0011261363562401,46,1
22.79,-0.0007071254562401,46,1
22.792,-0.0007066656562401,46,1
22.794,-0.0008840395562401,46,1
22.796,-0.0010331720562401,46,1
22.798,-0.0011823045562401,46,1
22.8,-0.0014278377562401,46,1
22.802,-0.0014280071562401,46,1
22.804,-0.0012662664562401,46,1
22.806,-0.0010317563562401,46,1
22.808,-0.0007767004562401,46,1
22.81,-0.0007185962562401,46,1
22.812,-0.0015040435562401,46,1
22.814,-0.0015874246562401,46,1
22.816,-0.0015044307562401,46,1
22.818,-0.0014214368562401,46,1
22.82,-0.0013384429562401,46,1
22.822,-0.0011599558562401,46,1
22.824,-0.0010455987562401,46,1
22.826,-0.0008953288562401,46,1
22.828,-0.0009269945562401,46,1
22.83,-0.0015465992562401,46,1
22.832,-0.0016536479562401,46,1
22.834,-0.0014951016562401,46,1
22.836,-0.0013873793895734,46,1
22.838,-0.0012796571229067,46,1
22.84,-0.0011719348562401,46,1
22.842,-0.0012311522562401,46,1
22.844,-0.0012903696562401,46,1
22.846,-0.0014342265562401,46,1
22.848,-0.0015780834562401,46,1
22.85,-0.0018969305562401,46,1
22.852,-0.0019579508562401,46,1
22.854,-0.0017701225562401,46,1
22.856,-0.0013447107562401,46,1
22.858,-0.0013305295562401,46,1
22.86,-0.0013163483562401,46,1
22.862,-0.0016997368562401,46,1
22.864,-0.0019465163562401,46,1
22.866,-0.0019500213229067,46,1
22.868,-0.0019535262895734,46,1
22.87,-0.0019570312562401,46,1
22.872,-0.0017457410562401,46,1
22.874,-0.0015309539562401,46,1
22.876,-0.0013971642562401,46,1
22.878,-0.0017360610562401,46,1
22.88,-0.0017816538562401,46,1
22.882,-0.0018272466562401,46,1
22.884,-0.0018728394562401,46,1
22.886,-0.0019184322562401,46,1
22.888,-0.0017130468562401,46,1
22.89,-0.0015737637562401,46,1
22.892,-0.0014344806562401,46,1
22.894,-0.0014230824562401,46,1
22.896,-0.0018911951562401,46,1
22.898,-0.0018663393362401,46,1
22.9,-0.0018414835162401,46,1
22.902,-0.0018166276962401,46,1
22.904,-0.0017917718762401,46,1
22.906,-0.0017669160562401,46,1
22.908,-0.0015285218562401,46,1
22.91,-0.0014206866562401,46,1
22.912,-0.0015439493562401,46,1
22.914,-0.0018195147562401,46,1
22.916,-0.0018350088062401,46,1
22.918,-0.0018505028562401,46,1
22.92,-0.0018659969062401,46,1
22.922,-0.0018814909562401,46,1
22.924,-0.0016294237562401,46,1
22.926,-0.0015246135562401,46,1
22.928,-0.0017656092562401,46,1
22.93,-0.0018193453562401,46,1
22.932,-0.0018730814562401,46,1
22.934,-0.0019268175562401,46,1
22.936,-0.0016775817562401,46,1
22.938,-0.0015593103062401,46,1
22.94,-0.0014410388562401,46,1
22.942,-0.0014334945062401,46,1
22.944,-0.0014259501562401,46,1
22.946,-0.0016132581562401,46,1
22.948,-0.0017311081229067,46,1
22.95,-0.0018489580895734,46,1
22.952,-0.0019668080562401,46,1
22.954,-0.0018364729062401,46,1
22.956,-0.0017061377562401,46,1
22.958,-0.0014246554562401,46,1
22.96,-0.0013126941562401,46,1
22.962,-0.0014330334962401,46,1
22.964,-0.0015533728362401,46,1
22.966,-0.0016737121762401,46,1
22.968,-0.0017940515162401,46,1
22.97,-0.0019143908562401,46,1
22.972,-0.0016698377562401,46,1
22.974,-0.0014011935562401,46,1
22.976,-0.0014517231562401,46,1
22.978,-0.0017019027562401,46,1
22.98,-0.0017938506562401,46,1
22.982,-0.0018857985562401,46,1
22.984,-0.0018517068062401,46,1
22.986,-0.0018176150562401,46,1
22.988,-0.0016118182562401,46,1
22.99,-0.0013523821562401,46,1
22.992,-0.0010650192562401,46,1
22.994,-0.0012330761562401,46,1
22.996,-0.0013585168562401,46,1
22.998,-0.0014839575562401,46,1
23.0,-0.0017177174562401,47,0
23.002,-0.0015759901562401,47,0
23.004,-0.0014507128062401,47,0
23.006,-0.0013254354562401,47,0
23.008,-0.0010693631562401,47,0
23.01,-0.0009339520562401,47,0
23.012,-0.0012927412562401,47,0
23.014,-0.0014759171062401,47,0
23.016,-0.0016590929562401,47,0
23.018,-0.0015440945562401,47,0
23.02,-0.0013241528562401,47,0
23.022,-0.0010606390562401,47,0
23.024,-0.0008540436562401,47,0
23.026,-0.0009173871562401,47,0
23.028,-0.0013874116562401,47,0
23.03,-0.0015715494562401,47,0
23.032,-0.0013249756562401,47,0
23.034,-0.0010698108562401,47,0
23.036,-0.0009905074562401,47,0
23.038,-0.0009112040562401,47,0
23.04,-0.0008319006562401,47,0
23.042,-0.0009883657562401,47,0
23.044,-0.0011125964562401,47,0
23.046,-0.0012368271562401,47,0
23.048,-0.0014629156562401,47,0
23.05,-0.0011144477562401,47,0
23.052,-0.0008639535562401,47,0
23.054,-0.0007530328562401,47,0
23.056,-0.0008777112562401,47,0
23.058,-0.0011203888562401,47,0
23.06,-0.0011984096562401,47,0
23.062,-0.0012764304562401,47,0
23.064,-0.0013544512562401,47,0
23.066,-0.0014789723562401,47,0
23.068,-0.0013612151562401,47,0
23.07,-0.0007329226562401,47,0
23.072,-0.0007605832562401,47,0
23.074,-0.0007882438562401,47,0
23.076,-0.0008991948062401,47,0
23.078,-0.0010101457562401,47,0
23.08,-0.0012529927562401,47,0
23.082,-0.0014322905562401,47,0
23.084,-0.0011928436562401,47,0
23.086,-0.0009531668562401,47,0
23.088,-0.0008347986062401,47,0
23.09,-0.0007164303562401,47,0
23.092,-0.0006916737562401,47,0
23.094,-0.0008664461562401,47,0
23.096,-0.0011183681562401,47,0
23.098,-0.0013552135562401,47,0
23.1,-0.0012245214562401,47,0
23.102,-0.0009970656562401,47,0
23.104,-0.0007696098562401,47,0
23.106,-0.0007768335562401,47,0
23.108,-0.0010186641562401,47,0
23.11,-0.0012624428562401,47,0
23.112,-0.0013879077562401,47,0
23.114,-0.0013352667062401,47,0
23.116,-0.0012826256562401,47,0
23.118,-0.0008365349562401,47,0
23.12,-0.0007456760562401,47,0
23.122,-0.0006548171562401,47,0
23.124,-0.0007111547562401,47,0
23.126,-0.0009223481562401,47,0
23.128,-0.0013333609562401,47,0
23.13,-0.0012413404562401,47,0
23.132,-0.0011493199562401,47,0
23.134,-0.0010332749062401,47,0
23.136,-0.0009172298562401,47,0
23.138,-0.0006930894562401,47,0
23.14,-0.0006565353562401,47,0
23.142,-0.0008267339562401,47,0
23.144,-0.0010741547562401,47,0
23.146,-0.0013416736562401,47,0
23.148,-0.0012002125562401,47,0
23.15,-0.0010906712562401,47,0
23.152,-0.0009811299562401,47,0
23.154,-0.0007557916562401,47,0
23.156,-0.0008788728562401,47,0
23.158,-0.0010019540562401,47,0
23.16,-0.0012363310562401,47,0
23.162,-0.0013692495562401,47,0
23.164,-0.0012648144562401,47,0
23.166,-0.0008332195562401,47,0
23.168,-0.0006494689562401,47,0
23.17,-0.0007012448562401,47,0
23.172,-0.0008039375562401,47,0
23.174,-0.0009066302562401,47,0
23.176,-0.0011522118562401,47,0
23.178,-0.0013042604562401,47,0
23.18,-0.0011351629562401,47,0
23.182,-0.0009103570562401,47,0
23.184,-0.0006874387562401,47,0
23.186,-0.0006713215562401,47,0
23.188,-0.0006552043562401,47,0
23.19,-0.0010595500562401,47,0
23.192,-0.0011945679062401,47,0
23.194,-0.0013295857562401,47,0
23.196,-0.0011905567562401,47,0
23.198,-0.0010821286562401,47,0
23.2,-0.0009737005562401,47,0
23.202,-0.0007497416562401,47,0
23.204,-0.0007354152562401,47,0
23.206,-0.0009744991562401,47,0
23.208,-0.0010965216062401,47,0
23.21,-0.0012185440562401,47,0
23.212,-0.0013577424562401,47,0
23.214,-0.0012630720562401,47,0
23.216,-0.0010608326562401,47,0
23.218,-0.0006406601562401,47,0
23.22,-0.0006660883062401,47,0
23.222,-0.0006915164562401,47,0
23.224,-0.0008991645562401,47,0
23.226,-0.0013393746562401,47,0
23.228,-0.0011308432562401,47,0
23.23,-0.0008995275562401,47,0
23.232,-0.0008124438562401,47,0
23.234,-0.0007253601562401,47,0
23.236,-0.0006382764562401,47,0
23.238,-0.0008411813562401,47,0
23.24,-0.0010440862562401,47,0
23.242,-0.0012752809562401,47,0
23.244,-0.0013051679562401,47,0
23.246,-0.0013350549562401,47,0
23.248,-0.0011975989562401,47,0
23.25,-0.0007623619562401,47,0
23.252,-0.0007401463562401,47,0
23.254,-0.0008520290062401,47,0
23.256,-0.0009639116562401,47,0
23.258,-0.0010824190562401,47,0
23.26,-0.0012009264562401,47,0
23.262,-0.0012441597562401,47,0
23.264,-0.0011489932562401,47,0
23.266,-0.0010538267562401,47,0
23.268,-0.0008303155562401,47,0
23.27,-0.0006794406562401,47,0
23.272,-0.0011217924562401,47,0
23.274,-0.0011754196562401,47,0
23.276,-0.0012290468562401,47,0
23.278,-0.0012826740562401,47,0
23.28,-0.0011275520562401,47,0
23.282,-0.0009038351562401,47,0
23.284,-0.0006846436562401,47,0
23.286,-0.0006483920562401,47,0
23.288,-0.0010405288562401,47,0
23.29,-0.0012692551562401,47,0
23.292,-0.0012936729562401,47,0
23.294,-0.0013180907562401,47,0
23.296,-0.0012522909562401,47,0
23.298,-0.0011864911562401,47,0
23.3,-0.0009797626562401,47,0
23.302,-0.0007655563562401,47,0
23.304,-0.0006455727562401,47,0
23.306,-0.0007414652562401,47,0
23.308,-0.0011994139562401,47,0
23.31,-0.0013389874562401,47,0
23.312,-0.0010879790062401,47,0
23.314,-0.0008369705562401,47,0
23.316,-0.0006395106562401,47,0
23.318,-0.0006559868229067,47,0
23.32,-0.0006724629895734,47,0
23.322,-0.0006889391562401,47,0
23.324,-0.0011246480562401,47,0
23.326,-0.0012236926062401,47,0
23.328,-0.0013227371562401,47,0
23.33,-0.0012985492562401,47,0
23.332,-0.0011434998562401,47,0
23.334,-0.0009230862562401,47,0
23.336,-0.0006446168562401,47,0
23.338,-0.0008422582562401,47,0
23.34,-0.0010398996562401,47,0
23.342,-0.0012609545562401,47,0
23.344,-0.0009897088562401,47,0
23.346,-0.0007615875562401,47,0
23.348,-0.0007274171562401,47,0
23.35,-0.0009515333562401,47,0
23.352,-0.0010094512162401,47,0
23.354,-0.0010673690762401,47,0
23.356,-0.0011252869362401,47,0
23.358,-0.0011832047962401,47,0
23.36,-0.0012411226562401,47,0
23.362,-0.0010550004562401,47,0
23.364,-0.0009436623062401,47,0
23.366,-0.0008323241562401,47,0
23.368,-0.0006489607562401,47,0
23.37,-0.0006807837562401,47,0
23.372,-0.0013187804562401,47,0
23.374,-0.0012577440229067,47,0
23.376,-0.0011967075895734,47,0
23.378,-0.0011356711562401,47,0
23.38,-0.0010288644562401,47,0
23.382,-0.0009220577562401,47,0
23.384,-0.0006448709562401,47,0
23.386,-0.0007216273062401,47,0
23.388,-0.0007983836562401,47,0
23.39,-0.0010367899562401,47,0
23.392,-0.0012728851562401,47,0
23.394,-0.0009863450562401,47,0
23.396,-0.0008732947562401,47,0
23.398,-0.0007602444562401,47,0
23.4,-0.0007422941062401,47,0
23.402,-0.0007243437562401,47,0
23.404,-0.0008371641562401,47,0
23.406,-0.0009499845562401,47,0
23.408,-0.0011792916562401,47,0
23.41,-0.0012490118562401,47,0
23.412,-0.0009510917062401,47,0
23.414,-0.0006531715562401,47,0
23.416,-0.0006655256562401,47,0
23.418,-0.0006778797562401,47,0
23.42,-0.0011127658562401,47,0
23.422,-0.0011187856062401,47,0
23.424,-0.0011248053562401,47,0
23.426,-0.0008994428562401,47,0
23.428,-0.0006856963562401,47,0
23.43,-0.0006621074062401,47,0
23.432,-0.0006385184562401,47,0
23.434,-0.0007911962562401,47,0
23.436,-0.0010273519562401,47,0
23.438,-0.0011766841062401,47,0
23.44,-0.0013260162562401,47,0
23.442,-0.0009975496562401,47,0
23.444,-0.0007791809562401,47,0
23.446,-0.0007333945562401,47,0
23.448,-0.0006876081562401,47,0
23.45,-0.0006418217562401,47,0
23.452,-0.0009675174562401,47,0
23.454,-0.0012026446562401,47,0
23.456,-0.0012309828562401,47,0
23.458,-0.0012593210562401,47,0
23.46,-0.0010706336562401,47,0
23.462,-0.0008493367562401,47,0
23.464,-0.0007537588562401,47,0
23.466,-0.0006581809562401,47,0
23.468,-0.0006817154562401,47,0
23.47,-0.0008706327562401,47,0
23.472,-0.0013159127562401,47,0
23.474,-0.0012968431562401,47,0
23.476,-0.0011402691562401,47,0
23.478,-0.0006389419562401,47,0
23.48,-0.0010372981562401,47,0
23.482,-0.0011119228895734,47,0
23.484,-0.0011865476229067,47,0
23.486,-0.0012611723562401,47,0
23.488,-0.0012862354895734,47,0
23.49,-0.0013112986229067,47,0
23.492,-0.0013363617562401,47,0
23.494,-0.0012164870562401,47,0
23.496,-0.0010123842562401,47,0
23.498,-0.0007838878562401,47,0
23.5,-0.0007337817562401,48,0
23.502,-0.0010398633562401,48,0
23.504,-0.0013459449562401,48,0
23.506,-0.0011053304062401,48,0
23.508,-0.0008647158562401,48,0
23.51,-0.0008157169062401,48,0
23.512,-0.0007667179562401,48,0
23.514,-0.0007177190062401,48,0
23.516,-0.0006687200562401,48,0
23.518,-0.0006881647562401,48,0
23.52,-0.0008837370562401,48,0
23.522,-0.0011112291562401,48,0
23.524,-0.0013226040562401,48,0
23.526,-0.0013125731562401,48,0
23.528,-0.0011574027562401,48,0
23.53,-0.0006422331562401,48,0
23.532,-0.0007142100062401,48,0
23.534,-0.0007861868562401,48,0
23.536,-0.0009072897062401,48,0
23.538,-0.0010283925562401,48,0
23.54,-0.0012625275562401,48,0
23.542,-0.0013357325562401,48,0
23.544,-0.0012163055562401,48,0
23.546,-0.0010139088562401,48,0
23.548,-0.0007930717562401,48,0
23.55,-0.0006466012562401,48,0
23.552,-0.0007285545562401,48,0
23.554,-0.0009506016562401,48,0
23.556,-0.0011862370562401,48,0
23.558,-0.0013488610562401,48,0
23.56,-0.0012786447562401,48,0
23.562,-0.0010938656562401,48,0
23.564,-0.0008736456562401,48,0
23.566,-0.0006797552562401,48,0
23.568,-0.0006939969562401,48,0
23.57,-0.0008764891562401,48,0
23.572,-0.0013246126562401,48,0
23.574,-0.0013202445562401,48,0
23.576,-0.0011714871562401,48,0
23.578,-0.0009528643562401,48,0
23.58,-0.0007255053562401,48,0
23.582,-0.0006516832562401,48,0
23.584,-0.0007214458062401,48,0
23.586,-0.0007912083562401,48,0
23.588,-0.0010276907562401,48,0
23.59,-0.0012613417562401,48,0
23.592,-0.0013461748562401,48,0
23.594,-0.0012277158562401,48,0
23.596,-0.0010248351562401,48,0
23.598,-0.0007334429562401,48,0
23.6,-0.0008409212062401,48,0
23.602,-0.0009483994562401,48,0
23.604,-0.0010644445062401,48,0
23.606,-0.0011804895562401,48,0
23.608,-0.0013458723562401,48,0
23.61,-0.0010908527562401,48,0
23.612,-0.0006691193562401,48,0
23.614,-0.0006724226562401,48,0
23.616,-0.0006757259562401,48,0
23.618,-0.0007695856562401,48,0
23.62,-0.0008634453562401,48,0
23.622,-0.0011076112562401,48,0
23.624,-0.0013182238562401,48,0
23.626,-0.0011638883562401,48,0
23.628,-0.0009411515562401,48,0
23.63,-0.0006479806562401,48,0
23.632,-0.0007169990562401,48,0
23.634,-0.0007860174562401,48,0
23.636,-0.0010262266562401,48,0
23.638,-0.0012484552562401,48,0
23.64,-0.0012361435062401,48,0
23.642,-0.0012238317562401,48,0
23.644,-0.0011241822062401,48,0
23.646,-0.0010245326562401,48,0
23.648,-0.0007987829562401,48,0
23.65,-0.0006534861562401,48,0
23.652,-0.0009414661562401,48,0
23.654,-0.0013445655562401,48,0
23.656,-0.0011009683562401,48,0
23.658,-0.0008770215562401,48,0
23.66,-0.0006719507562401,48,0
23.662,-0.0006758227562401,48,0
23.664,-0.0008595612562401,48,0
23.666,-0.0009378240562401,48,0
23.668,-0.0010160868562401,48,0
23.67,-0.0010943496562401,48,0
23.672,-0.0012099651562401,48,0
23.674,-0.0013255806562401,48,0
23.676,-0.0011400513562401,48,0
23.678,-0.0009545220562401,48,0
23.68,-0.0008396144062401,48,0
23.682,-0.0007247067562401,48,0
23.684,-0.0006467585562401,48,0
23.686,-0.0010184705562401,48,0
23.688,-0.0012486488562401,48,0
23.69,-0.0012245940562401,48,0
23.692,-0.0010840969229067,48,0
23.694,-0.0009435997895734,48,0
23.696,-0.0008031026562401,48,0
23.698,-0.0006489365562401,48,0
23.7,-0.0007205564562401,48,0
23.702,-0.0009482542562401,48,0
23.704,-0.0010597194562401,48,0
23.706,-0.0011711846562401,48,0
23.708,-0.0013444082562401,48,0
23.71,-0.0011086639562401,48,0
23.712,-0.0008814622562401,48,0
23.714,-0.0006780007562401,48,0
23.716,-0.0011018879562401,48,0
23.718,-0.0012147083562401,48,0
23.72,-0.0013275287562401,48,0
23.722,-0.0013281740895734,48,0
23.724,-0.0013288194229067,48,0
23.726,-0.0013294647562401,48,0
23.728,-0.0011799450562401,48,0
23.73,-0.0007441393562401,48,0
23.732,-0.0006504369562401,48,0
23.734,-0.0008377389062401,48,0
23.736,-0.0010250408562401,48,0
23.738,-0.0011859103562401,48,0
23.74,-0.0013467798562401,48,0
23.742,-0.0012297365562401,48,0
23.744,-0.0010268074562401,48,0
23.746,-0.0008313077562401,48,0
23.748,-0.0006358080562401,48,0
23.75,-0.0007066293562401,48,0
23.752,-0.0009233887562401,48,0
23.754,-0.0011605003562401,48,0
23.756,-0.0013391326562401,48,0
23.758,-0.0012808590562401,48,0
23.76,-0.0008847413562401,48,0
23.762,-0.0008152994562401,48,0
23.764,-0.0007458575562401,48,0
23.766,-0.0006764156562401,48,0
23.768,-0.0007650421062401,48,0
23.77,-0.0008536685562401,48,0
23.772,-0.0010910584562401,48,0
23.774,-0.0013115688562401,48,0
23.776,-0.0013280853562401,48,0
23.778,-0.0011775613562401,48,0
23.78,-0.0007401584562401,48,0
23.782,-0.0008794173562401,48,0
23.784,-0.0010186762562401,48,0
23.786,-0.0012621524562401,48,0
23.788,-0.0013572221562401,48,0
23.79,-0.0012529282229067,48,0
23.792,-0.0011486342895734,48,0
23.794,-0.0010443403562401,48,0
23.796,-0.0006565837562401,48,0
23.798,-0.0007193585562401,48,0
23.8,-0.0009336253562401,48,0
23.802,-0.0011646506562401,48,0
23.804,-0.0012551344562401,48,0
23.806,-0.0013456182562401,48,0
23.808,-0.0013163181062401,48,0
23.81,-0.0012870179562401,48,0
23.812,-0.0008895450562401,48,0
23.814,-0.0006838450562401,48,0
23.816,-0.0006748426562401,48,0
23.818,-0.0007600629562401,48,0
23.82,-0.0008452832562401,48,0
23.822,-0.0013178245562401,48,0
23.824,-0.0012695536229067,48,0
23.826,-0.0012212826895734,48,0
23.828,-0.0011730117562401,48,0
23.83,-0.0007429656562401,48,0
23.832,-0.0006500981562401,48,0
23.834,-0.0007703358562401,48,0
23.836,-0.0008852616562401,48,0
23.838,-0.0010001874562401,48,0
23.84,-0.0012283087562401,48,0
23.842,-0.0013378379562401,48,0
23.844,-0.0012337900562401,48,0
23.846,-0.0008082693562401,48,0
23.848,-0.0007106707562401,48,0
23.85,-0.0007815565895734,48,0
23.852,-0.0008524424229067,48,0
23.854,-0.0009233282562401,48,0
23.856,-0.0011590120562401,48,0
23.858,-0.0013413953562401,48,0
23.86,-0.0011086518562401,48,0
23.862,-0.0008913963562401,48,0
23.864,-0.0007876570062401,48,0
23.866,-0.0006839176562401,48,0
23.868,-0.0006775288562401,48,0
23.87,-0.0010747355562401,48,0
23.872,-0.0012939149562401,48,0
23.874,-0.0011831999562401,48,0
23.876,-0.0009683765562401,48,0
23.878,-0.0007535531562401,48,0
23.88,-0.0006614963562401,48,0
23.882,-0.0007848679562401,48,0
23.884,-0.0008613601229067,48,0
23.886,-0.0009378522895734,48,0
23.888,-0.0010143444562401,48,0
23.89,-0.0012455633562401,48,0
23.892,-0.0010668947562401,48,0
23.894,-0.0006801787562401,48,0
23.896,-0.0007151356562401,48,0
23.898,-0.0007500925562401,48,0
23.9,-0.0008595552062401,48,0
23.902,-0.0009690178562401,48,0
23.904,-0.0010920022562401,48,0
23.906,-0.0012149866562401,48,0
23.908,-0.0014062755562401,48,0
23.91,-0.0013612877562401,48,0
23.912,-0.0009950812562401,48,0
23.914,-0.0007913656562401,48,0
23.916,-0.0007880200062401,48,0
23.918,-0.0007846743562401,48,0
23.92,-0.0011920087562401,48,0
23.922,-0.0014505857562401,48,0
23.924,-0.0013114720562401,48,0
23.926,-0.0010996131562401,48,0
23.928,-0.0010277915895734,48,0
23.93,-0.0009559700229067,48,0
23.932,-0.0008841484562401,48,0
23.934,-0.0007884737562401,48,0
23.936,-0.0009024436562401,48,0
23.938,-0.0011367843562401,48,0
23.94,-0.0013646394562401,48,0
23.942,-0.0014623590562401,48,0
23.944,-0.0013529992562401,48,0
23.946,-0.0011589273562401,48,0
23.948,-0.0009370254562401,48,0
23.95,-0.0007602807562401,48,0
23.952,-0.0008072287562401,48,0
23.954,-0.0010116340562401,48,0
23.956,-0.0012420422562401,48,0
23.958,-0.0014224290562401,48,0
23.96,-0.0013668174562401,48,0
23.962,-0.0011950458562401,48,0
23.964,-0.0009742450562401,48,0
23.966,-0.0007658709562401,48,0
23.968,-0.0009017176562401,48,0
23.97,-0.0013522369562401,48,0
23.972,-0.0013645245062401,48,0
23.974,-0.0013768120562401,48,0
23.976,-0.0012476203562401,48,0
23.978,-0.0011429009062401,48,0
23.98,-0.0010381814562401,48,0
23.982,-0.0006973123562401,48,0
23.984,-0.0007508730062401,48,0
23.986,-0.0008044336562401,48,0
23.988,-0.0010372497562401,48,0
23.99,-0.0013802726562401,48,0
23.992,-0.0012767934562401,48,0
23.994,-0.0011815241062401,48,0
23.996,-0.0010862547562401,48,0
23.998,-0.0008657685562401,48,0
24.0,-0.0006876444562401,49,0
24.002,-0.0007443208562401,49,0
24.004,-0.0011775734562401,49,0
24.006,-0.0012450370062401,49,0
24.008,-0.0013125005562401,49,0
24.01,-0.0011216533062401,49,0
24.012,-0.0009308060562401,49,0
24.014,-0.0006970461562401,49,0
24.016,-0.0007759381562401,49,0
24.018,-0.0008548301562401,49,0
24.02,-0.0010962735562401,49,0
24.022,-0.0013210431562401,49,0
24.024,-0.0013482197562401,49,0
24.026,-0.0012205405562401,49,0
24.028,-0.0010004657562401,49,0
24.03,-0.0007803909562401,49,0
24.032,-0.0006685385562401,49,0
24.034,-0.0007835732562401,49,0
24.036,-0.0010110532562401,49,0
24.038,-0.0012385332562401,49,0
24.04,-0.0012492054562401,49,0
24.042,-0.0012598776562401,49,0
24.044,-0.0010648740562401,49,0
24.046,-0.0008527610562401,49,0
24.048,-0.0007888186062401,49,0
24.05,-0.0007248761562401,49,0
24.052,-0.0008273813062401,49,0
24.054,-0.0009298864562401,49,0
24.056,-0.0011616135562401,49,0
24.058,-0.0013544512562401,49,0
24.06,-0.0013082171562401,49,0
24.062,-0.0011430642562401,49,0
24.064,-0.0009265105562401,49,0
24.066,-0.0007112394562401,49,0
24.068,-0.0006889875562401,49,0
24.07,-0.0010829998562401,49,0
24.072,-0.0011937814062401,49,0
24.074,-0.0013045629562401,49,0
24.076,-0.0013458118562401,49,0
24.078,-0.0012120947562401,49,0
24.08,-0.0007726590562401,49,0
24.082,-0.0007687023562401,49,0
24.084,-0.0012287201562401,49,0
24.086,-0.0012595963312401,49,0
24.088,-0.0012904725062401,49,0
24.09,-0.0013213486812401,49,0
24.092,-0.0013522248562401,49,0
24.094,-0.0012562355562401,49,0
24.096,-0.0008563547562401,49,0
24.098,-0.0006734753562401,49,0
24.1,-0.0006918552562401,49,0
24.102,-0.0007102351562401,49,0
24.104,-0.0009138539562401,49,0
24.106,-0.0011562411562401,49,0
24.108,-0.0013501073562401,49,0
24.11,-0.0011397125562401,49,0
24.112,-0.0009243991062401,49,0
24.114,-0.0007090856562401,49,0
24.116,-0.0006920609562401,49,0
24.118,-0.0006750362562401,49,0
24.12,-0.0008372246562401,49,0
24.122,-0.0010752437562401,49,0
24.124,-0.0012965043562401,49,0
24.126,-0.0012142485562401,49,0
24.128,-0.0007799432562401,49,0
24.13,-0.0007267032562401,49,0
24.132,-0.0006734632562401,49,0
24.134,-0.0007735423562401,49,0
24.136,-0.0012340078562401,49,0
24.138,-0.0013606706562401,49,0
24.14,-0.0012631446562401,49,0
24.142,-0.0010659267562401,49,0
24.144,-0.0009570751562401,49,0
24.146,-0.0008482235562401,49,0
24.148,-0.0007800945062401,49,0
24.15,-0.0007119654562401,49,0
24.152,-0.0009162860562401,49,0
24.154,-0.0011441532562401,49,0
24.156,-0.0013431377562401,49,0
24.158,-0.0011547286562401,49,0
24.16,-0.0010778654229067,49,0
24.162,-0.0010010021895734,49,0
24.164,-0.0009241389562401,49,0
24.166,-0.0007127640562401,49,0
24.168,-0.0006766939562401,49,0
24.17,-0.0008291297562401,49,0
24.172,-0.0010643416562401,49,0
24.174,-0.0013436580562401,49,0
24.176,-0.0012150350562401,49,0
24.178,-0.0011143933062401,49,0
24.18,-0.0010137515562401,49,0
24.182,-0.0006690588562401,49,0
24.184,-0.0009485204562401,49,0
24.186,-0.0012279820562401,49,0
24.188,-0.0012961897562401,49,0
24.19,-0.0013643974562401,49,0
24.192,-0.0013209100562401,49,0
24.194,-0.0012774226562401,49,0
24.196,-0.0010876704562401,49,0
24.198,-0.0008705117562401,49,0
24.2,-0.0006836877562401,49,0
24.202,-0.0007061332562401,49,0
24.204,-0.0008974463562401,49,0
24.206,-0.0011329728562401,49,0
24.208,-0.0013359745562401,49,0
24.21,-0.0011538574562401,49,0
24.212,-0.0010427673562401,49,0
24.214,-0.0009316772562401,49,0
24.216,-0.0007169143562401,49,0
24.218,-0.0008212405562401,49,0
24.22,-0.0012868485562401,49,0
24.222,-0.0010125294562401,49,0
24.224,-0.0009256877562401,49,0
24.226,-0.0008388460562401,49,0
24.228,-0.0007520043562401,49,0
24.23,-0.0006651626562401,49,0
24.232,-0.0006956506229067,49,0
24.234,-0.0007261385895734,49,0
24.236,-0.0007566265562401,49,0
24.238,-0.0013541124562401,49,0
24.24,-0.0013147995562401,49,0
24.242,-0.0012754866562401,49,0
24.244,-0.0010963824562401,49,0
24.246,-0.0006675221562401,49,0
24.248,-0.0006838148062401,49,0
24.25,-0.0007001074562401,49,0
24.252,-0.0007973733062401,49,0
24.254,-0.0008946391562401,49,0
24.256,-0.0011349935562401,49,0
24.258,-0.0013461264562401,49,0
24.26,-0.0011585643562401,49,0
24.262,-0.0009393607562401,49,0
24.264,-0.0008071017062401,49,0
24.266,-0.0006748426562401,49,0
24.268,-0.0008224505562401,49,0
24.27,-0.0009387618062401,49,0
24.272,-0.0010550730562401,49,0
24.274,-0.0013420608562401,49,0
24.276,-0.0010048822562401,49,0
24.278,-0.0007813347562401,49,0
24.28,-0.0007164485062401,49,0
24.282,-0.0006515622562401,49,0
24.284,-0.0006993088562401,49,0
24.286,-0.0007470554562401,49,0
24.288,-0.0009756365562401,49,0
24.29,-0.0012152649562401,49,0
24.292,-0.0013602955562401,49,0
24.294,-0.0012781486562401,49,0
24.296,-0.0010899331562401,49,0
24.298,-0.0008638567562401,49,0
24.3,-0.0006704382562401,49,0
24.302,-0.0007006640562401,49,0
24.304,-0.0008917472562401,49,0
24.306,-0.0011281086562401,49,0
24.308,-0.0013329374562401,49,0
24.31,-0.0013147027562401,49,0
24.312,-0.0011616619562401,49,0
24.314,-0.0007209678562401,49,0
24.316,-0.0008869254062401,49,0
24.318,-0.0010528829562401,49,0
24.32,-0.0013446260562401,49,0
24.322,-0.0012234687562401,49,0
24.324,-0.0010205154562401,49,0
24.326,-0.0007960483562401,49,0
24.328,-0.0006644850562401,49,0
24.33,-0.0009709175562401,49,0
24.332,-0.0012005392562401,49,0
24.334,-0.0013545480562401,49,0
24.336,-0.0012768660562401,49,0
24.338,-0.0010906470562401,49,0
24.34,-0.0008647521562401,49,0
24.342,-0.0007989442895734,49,0
24.344,-0.0007331364229067,49,0
24.346,-0.0006673285562401,49,0
24.348,-0.0006772626562401,49,0
24.35,-0.0006871967562401,49,0
24.352,-0.0006971308562401,49,0
24.354,-0.0008910333562401,49,0
24.356,-0.0011233412562401,49,0
24.358,-0.0013296220562401,49,0
24.36,-0.0013144244562401,49,0
24.362,-0.0009397479562401,49,0
24.364,-0.0008294262062401,49,0
24.366,-0.0007191044562401,49,0
24.368,-0.0006668082562401,49,0
24.37,-0.0008135570562401,49,0
24.372,-0.0010484906562401,49,0
24.374,-0.0012720986562401,49,0
24.376,-0.0013372450562401,49,0
24.378,-0.0012144905562401,49,0
24.38,-0.0008007189562401,49,0
24.382,-0.0007498505562401,49,0
24.384,-0.0009681466562401,49,0
24.386,-0.0013596905562401,49,0
24.388,-0.0012789230562401,49,0
24.39,-0.0008798529562401,49,0
24.392,-0.0008153720562401,49,0
24.394,-0.0007508911562401,49,0
24.396,-0.0006864102562401,49,0
24.398,-0.0006913430229067,49,0
24.4,-0.0006962757895734,49,0
24.402,-0.0007012085562401,49,0
24.404,-0.0008858424562401,49,0
24.406,-0.0013337602562401,49,0
24.408,-0.0013275408562401,49,0
24.41,-0.0013213214562401,49,0
24.412,-0.0009511219562401,49,0
24.414,-0.0008079426562401,49,0
24.416,-0.0006647633562401,49,0
24.418,-0.0009721941062401,49,0
24.42,-0.0012796248562401,49,0
24.422,-0.0013021832895734,49,0
24.424,-0.0013247417229067,49,0
24.426,-0.0013473001562401,49,0
24.428,-0.0012355445562401,49,0
24.43,-0.0010364995562401,49,0
24.432,-0.0008075554562401,49,0
24.434,-0.0006620166562401,49,0
24.436,-0.0007427357562401,49,0
24.438,-0.0009640810562401,49,0
24.44,-0.0012025478562401,49,0
24.442,-0.0013536042562401,49,0
24.444,-0.0011044410562401,49,0
24.446,-0.0008922312562401,49,0
24.448,-0.0006923755562401,49,0
24.45,-0.0006991455062401,49,0
24.452,-0.0007059154562401,49,0
24.454,-0.0011308069562401,49,0
24.456,-0.0012329370062401,49,0
24.458,-0.0013350670562401,49,0
24.46,-0.0010048520062401,49,0
24.462,-0.0006746369562401,49,0
24.464,-0.0008134239562401,49,0
24.466,-0.0010519149562401,49,0
24.468,-0.0012818875562401,49,0
24.47,-0.0013018404562401,49,0
24.472,-0.0013217933562401,49,0
24.474,-0.0013417462562401,49,0
24.476,-0.0013616991562401,49,0
24.478,-0.0012408322562401,49,0
24.48,-0.0010415331562401,49,0
24.482,-0.0008228135562401,49,0
24.484,-0.0006838571562401,49,0
24.486,-0.0009700584562401,49,0
24.488,-0.0011961469562401,49,0
24.49,-0.0013525394562401,49,0
24.492,-0.0012876229562401,49,0
24.494,-0.0011142904562401,49,0
24.496,-0.0008954014562401,49,0
24.498,-0.0007029025562401,49,0
24.5,-0.0007047296562401,50,0
24.502,-0.0008837370562401,50,0
24.504,-0.0011228814562401,50,0
24.506,-0.0013395924562401,50,0
24.508,-0.0013345225562401,50,0
24.51,-0.0009660533562401,50,0
24.512,-0.0007467650562401,50,0
24.514,-0.0006768633562401,50,0
24.516,-0.0007433286562401,50,0
24.518,-0.0008097939562401,50,0
24.52,-0.0012726189562401,50,0
24.522,-0.0013497927562401,50,0
24.524,-0.0012916038562401,50,0
24.526,-0.0012334149562401,50,0
24.528,-0.0010385323562401,50,0
24.53,-0.0008239509562401,50,0
24.532,-0.0006718055562401,50,0
24.534,-0.0007453856562401,50,0
24.536,-0.0009549697562401,50,0
24.538,-0.0013477357562401,50,0
24.54,-0.0013140070062401,50,0
24.542,-0.0012802782562401,50,0
24.544,-0.0011061108562401,50,0
24.546,-0.0008891941562401,50,0
24.548,-0.0006997686562401,50,0
24.55,-0.0008803248562401,50,0
24.552,-0.0010005686062401,50,0
24.554,-0.0011208123562401,50,0
24.556,-0.0013340264562401,50,0
24.558,-0.0013375354562401,50,0
24.56,-0.0011875559562401,50,0
24.562,-0.0009743418562401,50,0
24.564,-0.0007593611562401,50,0
24.566,-0.0006801424562401,50,0
24.568,-0.0010455019562401,50,0
24.57,-0.0012018037062401,50,0
24.572,-0.0013581054562401,50,0
24.574,-0.0010422470562401,50,0
24.576,-0.0009699495562401,50,0
24.578,-0.0008976520562401,50,0
24.58,-0.0008253545562401,50,0
24.582,-0.0006766939562401,50,0
24.584,-0.0009549213562401,50,0
24.586,-0.0013488852562401,50,0
24.588,-0.0013152775062401,50,0
24.59,-0.0012816697562401,50,0
24.592,-0.0011943682562401,50,0
24.594,-0.0011070667562401,50,0
24.596,-0.0006930047562401,50,0
24.598,-0.0007840209562401,50,0
24.6,-0.0008750371562401,50,0
24.602,-0.0009942887062401,50,0
24.604,-0.0011135402562401,50,0
24.606,-0.0013320662562401,50,0
24.608,-0.0011873502562401,50,0
24.61,-0.0009743176562401,50,0
24.612,-0.0008653571562401,50,0
24.614,-0.0007563966562401,50,0
24.616,-0.0006747821562401,50,0
24.618,-0.0010368262562401,50,0
24.62,-0.0012721833562401,50,0
24.622,-0.0012479954562401,50,0
24.624,-0.0011835589229067,50,0
24.626,-0.0011191223895734,50,0
24.628,-0.0010546858562401,50,0
24.63,-0.0008376118562401,50,0
24.632,-0.0007531659562401,50,0
24.634,-0.0011953604562401,50,0
24.636,-0.0012520166895734,50,0
24.638,-0.0013086729229067,50,0
24.64,-0.0013653291562401,50,0
24.642,-0.0013001222562401,50,0
24.644,-0.0009038835562401,50,0
24.646,-0.0007039431562401,50,0
24.648,-0.0007005309562401,50,0
24.65,-0.0013254475562401,50,0
24.652,-0.0013291320062401,50,0
24.654,-0.0013328164562401,50,0
24.656,-0.0011906535562401,50,0
24.658,-0.0010821286562401,50,0
24.66,-0.0009736037562401,50,0
24.662,-0.0007600024562401,50,0
24.664,-0.0006708738562401,50,0
24.666,-0.0007992669562401,50,0
24.668,-0.0010309093562401,50,0
24.67,-0.0012607851562401,50,0
24.672,-0.0013662487562401,50,0
24.674,-0.0012119737562401,50,0
24.676,-0.0010576987562401,50,0
24.678,-0.0006853091562401,50,0
24.68,-0.0007562272562401,50,0
24.682,-0.0008247213229067,50,0
24.684,-0.0008932153895734,50,0
24.686,-0.0009617094562401,50,0
24.688,-0.0011966793562401,50,0
24.69,-0.0013095481562401,50,0
24.692,-0.0011342191562401,50,0
24.694,-0.0009108894562401,50,0
24.696,-0.0007020797562401,50,0
24.698,-0.0007882922562401,50,0
24.7,-0.0008745047562401,50,0
24.702,-0.0009910338062401,50,0
24.704,-0.0011075628562401,50,0
24.706,-0.0013259436562401,50,0
24.708,-0.0011870114562401,50,0
24.71,-0.0010829635562401,50,0
24.712,-0.0009789156562401,50,0
24.714,-0.0007599419562401,50,0
24.716,-0.0006679335562401,50,0
24.718,-0.0010170427562401,50,0
24.72,-0.0011862249562401,50,0
24.722,-0.0013554071562401,50,0
24.724,-0.0012511293562401,50,0
24.726,-0.0010532459562401,50,0
24.728,-0.0008280286562401,50,0
24.73,-0.0007509516562401,50,0
24.732,-0.0006738746562401,50,0
24.734,-0.0007354273562401,50,0
24.736,-0.0009413088562401,50,0
24.738,-0.0011721163562401,50,0
24.74,-0.0013466346562401,50,0
24.742,-0.0011285079562401,50,0
24.744,-0.0007003978562401,50,0
24.746,-0.0008716249562401,50,0
24.748,-0.0009874038062401,50,0
24.75,-0.0011031826562401,50,0
24.752,-0.0011729230229067,50,0
24.754,-0.0012426633895734,50,0
24.756,-0.0013124037562401,50,0
24.758,-0.0013363133562401,50,0
24.76,-0.0011994502562401,50,0
24.762,-0.0009936534562401,50,0
24.764,-0.0007717031562401,50,0
24.766,-0.0006754718562401,50,0
24.768,-0.0007903492562401,50,0
24.77,-0.0013707499562401,50,0
24.772,-0.0012617531562401,50,0
24.774,-0.0010539840562401,50,0
24.776,-0.0008462149562401,50,0
24.778,-0.0007667784562401,50,0
24.78,-0.0006873419562401,50,0
24.782,-0.0007152566562401,50,0
24.784,-0.0007431713562401,50,0
24.786,-0.0009493674562401,50,0
24.788,-0.0011805621562401,50,0
24.79,-0.0013668295562401,50,0
24.792,-0.0009196619562401,50,0
24.794,-0.0008472676562401,50,0
24.796,-0.0007748733562401,50,0
24.798,-0.0007024790562401,50,0
24.8,-0.0007861263562401,50,0
24.802,-0.0008697736562401,50,0
24.804,-0.0013605133562401,50,0
24.806,-0.0012205163562401,50,0
24.808,-0.0010131707562401,50,0
24.81,-0.0007840209562401,50,0
24.812,-0.0007497698895734,50,0
24.814,-0.0007155188229067,50,0
24.816,-0.0006812677562401,50,0
24.818,-0.0007968106562401,50,0
24.82,-0.0010303527562401,50,0
24.822,-0.0012606520562401,50,0
24.824,-0.0013704232562401,50,0
24.826,-0.0012669077562401,50,0
24.828,-0.0010766715562401,50,0
24.83,-0.0006705108562401,50,0
24.832,-0.0007249971562401,50,0
24.834,-0.0008306422562401,50,0
24.836,-0.0009362873562401,50,0
24.838,-0.0011863459562401,50,0
24.84,-0.0013590371562401,50,0
24.842,-0.0013072007562401,50,0
24.844,-0.0011423745562401,50,0
24.846,-0.0009170846562401,50,0
24.848,-0.0007049232562401,50,0
24.85,-0.0006878985562401,50,0
24.852,-0.0010862305562401,50,0
24.854,-0.0013052526562401,50,0
24.856,-0.0013402942562401,50,0
24.858,-0.0012035521562401,50,0
24.86,-0.0010960497062401,50,0
24.862,-0.0009885472562401,50,0
24.864,-0.0007674560562401,50,0
24.866,-0.0006694097562401,50,0
24.868,-0.0010100610562401,50,0
24.87,-0.0011296393062401,50,0
24.872,-0.0012492175562401,50,0
24.874,-0.0013599204562401,50,0
24.876,-0.0012587886562401,50,0
24.878,-0.0010681168562401,50,0
24.88,-0.0008486712562401,50,0
24.882,-0.0006769601562401,50,0
24.884,-0.0007376174562401,50,0
24.886,-0.0009507952562401,50,0
24.888,-0.0011719711562401,50,0
24.89,-0.0013596905562401,50,0
24.892,-0.0011412129562401,50,0
24.894,-0.0009181736562401,50,0
24.896,-0.0007077788562401,50,0
24.898,-0.0006839297562401,50,0
24.9,-0.0008472676562401,50,0
24.902,-0.0010764356062401,50,0
24.904,-0.0013056035562401,50,0
24.906,-0.0013373297562401,50,0
24.908,-0.0012056938562401,50,0
24.91,-0.0009959524562401,50,0
24.912,-0.0007777289562401,50,0
24.914,-0.0007242348562401,50,0
24.916,-0.0006707407562401,50,0
24.918,-0.0007842024562401,50,0
24.92,-0.0012402635562401,50,0
24.922,-0.0013030988562401,50,0
24.924,-0.0013659341562401,50,0
24.926,-0.0012713605562401,50,0
24.928,-0.0010809670562401,50,0
24.93,-0.0008652603562401,50,0
24.932,-0.0006929200562401,50,0
24.934,-0.0007319667562401,50,0
24.936,-0.0011627872562401,50,0
24.938,-0.0012340139062401,50,0
24.94,-0.0013052405562401,50,0
24.942,-0.0011490053562401,50,0
24.944,-0.0010400932562401,50,0
24.946,-0.0009311811562401,50,0
24.948,-0.0006904637562401,50,0
24.95,-0.0008466384562401,50,0
24.952,-0.0009656903562401,50,0
24.954,-0.0010847422562401,50,0
24.956,-0.0013457997562401,50,0
24.958,-0.0012102313562401,50,0
24.96,-0.0007795681562401,50,0
24.962,-0.0010116582562401,50,0
24.964,-0.0012402635562401,50,0
24.966,-0.0010792367562401,50,0
24.968,-0.0010062374562401,50,0
24.97,-0.0009332381562401,50,0
24.972,-0.0008602388562401,50,0
24.974,-0.0006843774562401,50,0
24.976,-0.0007248156562401,50,0
24.978,-0.0009399113062401,50,0
24.98,-0.0011550069562401,50,0
24.982,-0.0013434039562401,50,0
24.984,-0.0013304771229067,50,0
24.986,-0.0013175502895734,50,0
24.988,-0.0013046234562401,50,0
24.99,-0.0012496007229067,50,0
24.992,-0.0011945779895734,50,0
24.994,-0.0011395552562401,50,0
24.996,-0.0009235944562401,50,0
24.998,-0.0007170837562401,50,0
25.0,-0.0006762462562401,51,0
25.002,-0.0010667132562401,51,0
25.004,-0.0011789589062401,51,0
25.006,-0.0012912045562401,51,0
25.008,-0.0013331673562401,51,0
25.01,-0.0012033343562401,51,0
25.012,-0.0009933267562401,51,0
25.014,-0.0006677278562401,51,0
25.016,-0.0008309568562401,51,0
25.018,-0.0009941858562401,51,0
25.02,-0.0011097953062401,51,0
25.022,-0.0012254047562401,51,0
25.024,-0.0013541124562401,51,0
25.026,-0.0012657703562401,51,0
25.028,-0.0010765142562401,51,0
25.03,-0.0006700994562401,51,0
25.032,-0.0007095454562401,51,0
25.034,-0.0011412371562401,51,0
25.036,-0.0012408625062401,51,0
25.038,-0.0013404878562401,51,0
25.04,-0.0013263671562401,51,0
25.042,-0.0013122464562401,51,0
25.044,-0.0011549464562401,51,0
25.046,-0.0009372674562401,51,0
25.048,-0.0007278890562401,51,0
25.05,-0.0006900644562401,51,0
25.052,-0.0008455736562401,51,0
25.054,-0.0010802047562401,51,0
25.056,-0.0013001343562401,51,0
25.058,-0.0013459570562401,51,0
25.06,-0.0007904823562401,51,0
25.062,-0.0007750064562401,51,0
25.064,-0.0008850741062401,51,0
25.066,-0.0009951417562401,51,0
25.068,-0.0012253442562401,51,0
25.07,-0.0013569680562401,51,0
25.072,-0.0013134927562401,51,0
25.074,-0.0012700174562401,51,0
25.076,-0.0011779364562401,51,0
25.078,-0.0010858554562401,51,0
25.08,-0.0008703907562401,51,0
25.082,-0.0006878864562401,51,0
25.084,-0.0007214034562401,51,0
25.086,-0.0011540752562401,51,0
25.088,-0.0013488368562401,51,0
25.09,-0.0011584554562401,51,0
25.092,-0.0009416839562401,51,0
25.094,-0.0008733996229067,51,0
25.096,-0.0008051152895734,51,0
25.098,-0.0007368309562401,51,0
25.1,-0.0006952190562401,51,0
25.102,-0.0008445935562401,51,0
25.104,-0.0013074911562401,51,0
25.106,-0.0012263364562401,51,0
25.108,-0.0010200314562401,51,0
25.11,-0.0008047240562401,51,0
25.112,-0.0006842685562401,51,0
25.114,-0.0007319667562401,51,0
25.116,-0.0007796649562401,51,0
25.118,-0.0010018693562401,51,0
25.12,-0.0011170795062401,51,0
25.122,-0.0012322896562401,51,0
25.124,-0.0012831459562401,51,0
25.126,-0.0011940294562401,51,0
25.128,-0.0011049129562401,51,0
25.13,-0.0008791269562401,51,0
25.132,-0.0006850550562401,51,0
25.134,-0.0007222867562401,51,0
25.136,-0.0009147251562401,51,0
25.138,-0.0011505299562401,51,0
25.14,-0.0011591330562401,51,0
25.142,-0.0009435352562401,51,0
25.144,-0.0008390033562401,51,0
25.146,-0.0007344714562401,51,0
25.148,-0.0007080571562401,51,0
25.15,-0.0006816428562401,51,0
25.152,-0.0008289240562401,51,0
25.154,-0.0010601792562401,51,0
25.156,-0.0013483649562401,51,0
25.158,-0.0010294331562401,51,0
25.16,-0.0007921037562401,51,0
25.162,-0.0006664815562401,51,0
25.164,-0.0007613576562401,51,0
25.166,-0.0009819164562401,51,0
25.168,-0.0012135104562401,51,0
25.17,-0.0012566832562401,51,0
25.172,-0.0010731625562401,51,0
25.174,-0.0008561490562401,51,0
25.176,-0.0007662823562401,51,0
25.178,-0.0006764156562401,51,0
25.18,-0.0009080822562401,51,0
25.182,-0.0009838968229067,51,0
25.184,-0.0010597113895734,51,0
25.186,-0.0011355259562401,51,0
25.188,-0.0011455387062401,51,0
25.19,-0.0011555514562401,51,0
25.192,-0.0009400141562401,51,0
25.194,-0.0008685515562401,51,0
25.196,-0.0007970889562401,51,0
25.198,-0.0007256263562401,51,0
25.2,-0.0006742860562401,51,0
25.202,-0.0010594411562401,51,0
25.204,-0.0012872357562401,51,0
25.206,-0.0013190224562401,51,0
25.208,-0.0013508091562401,51,0
25.21,-0.0010216528562401,51,0
25.212,-0.0008023282562401,51,0
25.214,-0.0006779886562401,51,0
25.216,-0.0007230067062401,51,0
25.218,-0.0007680247562401,51,0
25.22,-0.0009899508562401,51,0
25.222,-0.0012173219562401,51,0
25.224,-0.0010965639562401,51,0
25.226,-0.0008772393562401,51,0
25.228,-0.0007767972562401,51,0
25.23,-0.0006763551562401,51,0
25.232,-0.0006946080062401,51,0
25.234,-0.0007128608562401,51,0
25.236,-0.0009091591562401,51,0
25.238,-0.0011379459562401,51,0
25.24,-0.0013427868562401,51,0
25.242,-0.0013223136562401,51,0
25.244,-0.0011650862562401,51,0
25.246,-0.0009450477562401,51,0
25.248,-0.0007286029562401,51,0
25.25,-0.0006742497562401,51,0
25.252,-0.0008199579562401,51,0
25.254,-0.0012795764562401,51,0
25.256,-0.0013133294062401,51,0
25.258,-0.0013470823562401,51,0
25.26,-0.0012224886562401,51,0
25.262,-0.0010215076562401,51,0
25.264,-0.0008039738562401,51,0
25.266,-0.0006691919562401,51,0
25.268,-0.0009824609562401,51,0
25.27,-0.0012133289562401,51,0
25.272,-0.0012863645562401,51,0
25.274,-0.0013594001562401,51,0
25.276,-0.0012862677562401,51,0
25.278,-0.0008818131562401,51,0
25.28,-0.0006808079562401,51,0
25.282,-0.0006948984062401,51,0
25.284,-0.0007089888562401,51,0
25.286,-0.0008967445562401,51,0
25.288,-0.0011302382562401,51,0
25.29,-0.0013445897562401,51,0
25.292,-0.0013242254562401,51,0
25.294,-0.0011679418562401,51,0
25.296,-0.0009516059562401,51,0
25.298,-0.0007465472562401,51,0
25.3,-0.0006930289562401,51,0
25.302,-0.0008314287562401,51,0
25.304,-0.0010667858562401,51,0
25.306,-0.0012846100562401,51,0
25.308,-0.0013603681562401,51,0
25.31,-0.0008101932562401,51,0
25.312,-0.0006746490562401,51,0
25.314,-0.0007047941895734,51,0
25.316,-0.0007349393229067,51,0
25.318,-0.0007650844562401,51,0
25.32,-0.0009836346562401,51,0
25.322,-0.0012152770562401,51,0
25.324,-0.0013626792562401,51,0
25.326,-0.0012842470562401,51,0
25.328,-0.0008771546562401,51,0
25.33,-0.0006906452562401,51,0
25.332,-0.0007045179062401,51,0
25.334,-0.0007183905562401,51,0
25.336,-0.0009067875562401,51,0
25.338,-0.0013367610562401,51,0
25.34,-0.0012547412062401,51,0
25.342,-0.0011727213562401,51,0
25.344,-0.0010647591062401,51,0
25.346,-0.0009567968562401,51,0
25.348,-0.0007432802562401,51,0
25.35,-0.0006807716562401,51,0
25.352,-0.0008194739562401,51,0
25.354,-0.0010531491562401,51,0
25.356,-0.0012356413562401,51,0
25.358,-0.0010348297562401,51,0
25.36,-0.0008049055562401,51,0
25.362,-0.0007602121895734,51,0
25.364,-0.0007155188229067,51,0
25.366,-0.0006708254562401,51,0
25.368,-0.0007645278562401,51,0
25.37,-0.0009896967562401,51,0
25.372,-0.0012028503562401,51,0
25.374,-0.0013592549562401,51,0
25.376,-0.0012816697562401,51,0
25.378,-0.0011023356562401,51,0
25.38,-0.0008791269562401,51,0
25.382,-0.0006918552562401,51,0
25.384,-0.0007048869562401,51,0
25.386,-0.0011265235562401,51,0
25.388,-0.0012313398062401,51,0
25.39,-0.0013361560562401,51,0
25.392,-0.0013263429562401,51,0
25.394,-0.0011739797562401,51,0
25.396,-0.0009610439562401,51,0
25.398,-0.0007478782562401,51,0
25.4,-0.0006807716562401,51,0
25.402,-0.0008215309562401,51,0
25.404,-0.0010540445562401,51,0
25.406,-0.0012760916562401,51,0
25.408,-0.0013620621562401,51,0
25.41,-0.0012439903562401,51,0
25.412,-0.0010438321562401,51,0
25.414,-0.0006749878562401,51,0
25.416,-0.0007139256562401,51,0
25.418,-0.0007528634562401,51,0
25.42,-0.0009695260562401,51,0
25.422,-0.0012171283562401,51,0
25.424,-0.0012809195562401,51,0
25.426,-0.0011022025562401,51,0
25.428,-0.0009920139062401,51,0
25.43,-0.0008818252562401,51,0
25.432,-0.0006896651562401,51,0
25.434,-0.0007016078562401,51,0
25.436,-0.0008858424562401,51,0
25.438,-0.0011195539562401,51,0
25.44,-0.0013356599562401,51,0
25.442,-0.0011838896562401,51,0
25.444,-0.0007492576562401,51,0
25.446,-0.0007265741895734,51,0
25.448,-0.0007038907229067,51,0
25.45,-0.0006812072562401,51,0
25.452,-0.0008195465562401,51,0
25.454,-0.0010497490562401,51,0
25.456,-0.0013694068562401,51,0
25.458,-0.0012494716562401,51,0
25.46,-0.0011487633562401,51,0
25.462,-0.0010480550562401,51,0
25.464,-0.0008208049562401,51,0
25.466,-0.0006719144562401,51,0
25.468,-0.0007555133562401,51,0
25.47,-0.0009748379562401,51,0
25.472,-0.0011990872562401,51,0
25.474,-0.0012839929562401,51,0
25.476,-0.0011959957062401,51,0
25.478,-0.0011079984562401,51,0
25.48,-0.0008887827562401,51,0
25.482,-0.0006937307562401,51,0
25.484,-0.0007035559562401,51,0
25.486,-0.0011129715562401,51,0
25.488,-0.0012191732562401,51,0
25.49,-0.0013253749562401,51,0
25.492,-0.0013279280562401,51,0
25.494,-0.0011827885562401,51,0
25.496,-0.0009620724562401,51,0
25.498,-0.0007301154562401,51,0
25.5,-0.0006626579562401,52,0
25.502,-0.0010266259562401,52,0
25.504,-0.0012584619562401,52,0
25.506,-0.0013466467562401,52,0
25.508,-0.0012336448562401,52,0
25.51,-0.0008205387562401,52,0
25.512,-0.0007692347562401,52,0
25.514,-0.0007179307562401,52,0
25.516,-0.0006666267562401,52,0
25.518,-0.0007425542562401,52,0
25.52,-0.0009578374562401,52,0
25.522,-0.0011820625562401,52,0
25.524,-0.0013480866562401,52,0
25.526,-0.0012868848562401,52,0
25.528,-0.0011120761562401,52,0
25.53,-0.0008884802562401,52,0
25.532,-0.0006921456562401,52,0
25.534,-0.0007816009562401,52,0
25.536,-0.0008710562562401,52,0
25.538,-0.0011039691562401,52,0
25.54,-0.0013193249562401,52,0
25.542,-0.0013214787562401,52,0
25.544,-0.0011745726562401,52,0
25.546,-0.0009530337562401,52,0
25.548,-0.0007343746562401,52,0
25.55,-0.0006653683562401,52,0
25.552,-0.0007960604562401,52,0
25.554,-0.0010267832562401,52,0
25.556,-0.0012634955562401,52,0
25.558,-0.0012418002562401,52,0
25.56,-0.0010418961562401,52,0
25.562,-0.0009334015062401,52,0
25.564,-0.0008249068562401,52,0
25.566,-0.0006692161562401,52,0
25.568,-0.0007339390562401,52,0
25.57,-0.0011798724562401,52,0
25.572,-0.0012674280562401,52,0
25.574,-0.0013549836562401,52,0
25.576,-0.0012892443562401,52,0
25.578,-0.0011190457562401,52,0
25.58,-0.0008892546562401,52,0
25.582,-0.0006856479562401,52,0
25.584,-0.0006862287562401,52,0
25.586,-0.0008637962562401,52,0
25.588,-0.0010968301562401,52,0
25.59,-0.0013122343562401,52,0
25.592,-0.0013204260562401,52,0
25.594,-0.0011768837562401,52,0
25.596,-0.0009675779562401,52,0
25.598,-0.0007483501562401,52,0
25.6,-0.0006602500562401,52,0
25.602,-0.0012466160562401,52,0
25.604,-0.0012969762562401,52,0
25.606,-0.0013473364562401,52,0
25.608,-0.0012363068562401,52,0
25.61,-0.0011374438062401,52,0
25.612,-0.0010385807562401,52,0
25.614,-0.0008137022562401,52,0
25.616,-0.0006645576562401,52,0
25.618,-0.0007342778562401,52,0
25.62,-0.0013476389562401,52,0
25.622,-0.0012827345562401,52,0
25.624,-0.0012011079562401,52,0
25.626,-0.0011194813562401,52,0
25.628,-0.0010063040062401,52,0
25.63,-0.0008931266562401,52,0
25.632,-0.0006847525562401,52,0
25.634,-0.0006848977562401,52,0
25.636,-0.0008605292562401,52,0
25.638,-0.0013119439562401,52,0
25.64,-0.0011797877562401,52,0
25.642,-0.0011087244562401,52,0
25.644,-0.0010376611562401,52,0
25.646,-0.0009665978562401,52,0
25.648,-0.0007502135562401,52,0
25.65,-0.0006574549562401,52,0
25.652,-0.0010122027562401,52,0
25.654,-0.0011286592062401,52,0
25.656,-0.0012451156562401,52,0
25.658,-0.0013500952562401,52,0
25.66,-0.0012398642562401,52,0
25.662,-0.0010388348562401,52,0
25.664,-0.0008145976562401,52,0
25.666,-0.0006621618562401,52,0
25.668,-0.0007317247562401,52,0
25.67,-0.0013467072562401,52,0
25.672,-0.0013168626062401,52,0
25.674,-0.0012870179562401,52,0
25.676,-0.0011199774562401,52,0
25.678,-0.0010112771062401,52,0
25.68,-0.0009025767562401,52,0
25.682,-0.0007008818562401,52,0
25.684,-0.0006950133562401,52,0
25.686,-0.0008614246562401,52,0
25.688,-0.0010919296562401,52,0
25.69,-0.0013104314562401,52,0
25.692,-0.0013226524562401,52,0
25.694,-0.0009638390562401,52,0
25.696,-0.0007523431562401,52,0
25.698,-0.0007074703062401,52,0
25.7,-0.0006625974562401,52,0
25.702,-0.0007804030562401,52,0
25.704,-0.0010122995562401,52,0
25.706,-0.0013419277562401,52,0
25.708,-0.0011967640562401,52,0
25.71,-0.0010516003562401,52,0
25.712,-0.0009416355562401,52,0
25.714,-0.0008316707562401,52,0
25.716,-0.0006683570562401,52,0
25.718,-0.0007250818562401,52,0
25.72,-0.0009293903562401,52,0
25.722,-0.0013402458562401,52,0
25.724,-0.0013133899062401,52,0
25.726,-0.0012865339562401,52,0
25.728,-0.0009016813562401,52,0
25.73,-0.0007984623062401,52,0
25.732,-0.0006952432562401,52,0
25.734,-0.0008484171562401,52,0
25.736,-0.0009662106562401,52,0
25.738,-0.0010840041562401,52,0
25.74,-0.0013051558562401,52,0
25.742,-0.0013230033562401,52,0
25.744,-0.0011828611562401,52,0
25.746,-0.0009704819562401,52,0
25.748,-0.0006540911562401,52,0
25.75,-0.0007147061062401,52,0
25.752,-0.0007753210562401,52,0
25.754,-0.0012392471562401,52,0
25.756,-0.0012934975062401,52,0
25.758,-0.0013477478562401,52,0
25.76,-0.0012417034562401,52,0
25.762,-0.0010468208562401,52,0
25.764,-0.0007148694562401,52,0
25.766,-0.0008177315562401,52,0
25.768,-0.0009205936562401,52,0
25.77,-0.0011289919562401,52,0
25.772,-0.0013373902562401,52,0
25.774,-0.0013124582062401,52,0
25.776,-0.0012875261562401,52,0
25.778,-0.0009058074562401,52,0
25.78,-0.0008022133062401,52,0
25.782,-0.0006986191562401,52,0
25.784,-0.0006792349562401,52,0
25.786,-0.0008405763562401,52,0
25.788,-0.0013020824562401,52,0
25.79,-0.0013294042562401,52,0
25.792,-0.0011900122562401,52,0
25.794,-0.0007502256562401,52,0
25.796,-0.0007022310062401,52,0
25.798,-0.0006542363562401,52,0
25.8,-0.0007110821562401,52,0
25.802,-0.0007679279562401,52,0
25.804,-0.0009985781562401,52,0
25.806,-0.0013445171562401,52,0
25.808,-0.0012915494062401,52,0
25.81,-0.0012385816562401,52,0
25.812,-0.0006630088562401,52,0
25.814,-0.0009186455562401,52,0
25.816,-0.0009961016895734,52,0
25.818,-0.0010735578229067,52,0
25.82,-0.0011510139562401,52,0
25.822,-0.0013329858562401,52,0
25.824,-0.0012834000562401,52,0
25.826,-0.0009137571562401,52,0
25.828,-0.0007076699562401,52,0
25.83,-0.0006761736562401,52,0
25.832,-0.0007314141895734,52,0
25.834,-0.0007866547229067,52,0
25.836,-0.0008418952562401,52,0
25.838,-0.0010774822562401,52,0
25.84,-0.0013195064562401,52,0
25.842,-0.0011810703562401,52,0
25.844,-0.0009724905562401,52,0
25.846,-0.0007521132562401,52,0
25.848,-0.0007053346562401,52,0
25.85,-0.0006585560562401,52,0
25.852,-0.0007713643562401,52,0
25.854,-0.0010005383562401,52,0
25.856,-0.0012318419562401,52,0
25.858,-0.0013414074562401,52,0
25.86,-0.0012426835562401,52,0
25.862,-0.0010508017562401,52,0
25.864,-0.0008387008562401,52,0
25.866,-0.0006615689562401,52,0
25.868,-0.0007148210562401,52,0
25.87,-0.0009224812562401,52,0
25.872,-0.0011542809562401,52,0
25.874,-0.0012965527562401,52,0
25.876,-0.0012129841062401,52,0
25.878,-0.0011294154562401,52,0
25.88,-0.0009168910562401,52,0
25.882,-0.0006757985562401,52,0
25.884,-0.0007546784562401,52,0
25.886,-0.0008335583562401,52,0
25.888,-0.0010681047562401,52,0
25.89,-0.0012863161562401,52,0
25.892,-0.0009832595562401,52,0
25.894,-0.0007659556562401,52,0
25.896,-0.0006575033562401,52,0
25.898,-0.0007678190562401,52,0
25.9,-0.0009186294229067,52,0
25.902,-0.0010694397895734,52,0
25.904,-0.0012202501562401,52,0
25.906,-0.0012789472562401,52,0
25.908,-0.0013376443562401,52,0
25.91,-0.0012474388562401,52,0
25.912,-0.0008350103562401,52,0
25.914,-0.0006700631562401,52,0
25.916,-0.0007169627562401,52,0
25.918,-0.0009162255562401,52,0
25.92,-0.0011519819562401,52,0
25.922,-0.0012510265062401,52,0
25.924,-0.0013500710562401,52,0
25.926,-0.0013015137562401,52,0
25.928,-0.0009167942562401,52,0
25.93,-0.0007010512562401,52,0
25.932,-0.0006704624562401,52,0
25.934,-0.0007549265062401,52,0
25.936,-0.0008393905562401,52,0
25.938,-0.0012994688562401,52,0
25.94,-0.0012041087562401,52,0
25.942,-0.0010241051229067,52,0
25.944,-0.0008441014895734,52,0
25.946,-0.0006640978562401,52,0
25.948,-0.0006982763229067,52,0
25.95,-0.0007324547895734,52,0
25.952,-0.0007666332562401,52,0
25.954,-0.0009913786562401,52,0
25.956,-0.0012321444562401,52,0
25.958,-0.0013464652562401,52,0
25.96,-0.0010647046562401,52,0
25.962,-0.0008457188562401,52,0
25.964,-0.0007806087562401,52,0
25.966,-0.0007154986562401,52,0
25.968,-0.0009114581562401,52,0
25.97,-0.0010192207562401,52,0
25.972,-0.0011269833562401,52,0
25.974,-0.0007032776562401,52,0
25.976,-0.0010563798562401,52,0
25.978,-0.0012813067562401,52,0
25.98,-0.0012900974062401,52,0
25.982,-0.0012988880562401,52,0
25.984,-0.0013076787062401,52,0
25.986,-0.0013164693562401,52,0
25.988,-0.0013252600062401,52,0
25.99,-0.0013340506562401,52,0
25.992,-0.0012014588562401,52,0
25.994,-0.0009929395562401,52,0
25.996,-0.0007602323562401,52,0
25.998,-0.0007489309562401,52,0
26.0,-0.0012258766562401,53,0
26.002,-0.0013459570562401,53,0
26.004,-0.0013125126562401,53,0
26.006,-0.0012790682562401,53,0
26.008,-0.0012456238562401,53,0
26.01,-0.0011534339562401,53,0
26.012,-0.0010612440562401,53,0
26.014,-0.0008395841562401,53,0
26.016,-0.0006594877562401,53,0
26.018,-0.0009012820562401,53,0
26.02,-0.0011360462562401,53,0
26.022,-0.0012165657062401,53,0
26.024,-0.0012970851562401,53,0
26.026,-0.0012181205562401,53,0
26.028,-0.0011391559562401,53,0
26.03,-0.0007135263562401,53,0
26.032,-0.0006753387562401,53,0
26.034,-0.0012890386562401,53,0
26.036,-0.0012671981562401,53,0
26.038,-0.0012453576562401,53,0
26.04,-0.0012235171562401,53,0
26.042,-0.0012016766562401,53,0
26.044,-0.0009916327562401,53,0
26.046,-0.0008810387562401,53,0
26.048,-0.0007704447562401,53,0
26.05,-0.0006556641562401,53,0
26.052,-0.0012026325562401,53,0
26.054,-0.0012705982562401,53,0
26.056,-0.0013385639562401,53,0
26.058,-0.0013003158562401,53,0
26.06,-0.0012620677562401,53,0
26.062,-0.0008733552562401,53,0
26.064,-0.0007121953562401,53,0
26.066,-0.0011407289562401,53,0
26.068,-0.0009974730229067,53,0
26.07,-0.0008542170895734,53,0
26.072,-0.0007109611562401,53,0
26.074,-0.0006879469562401,53,0
26.076,-0.0006649327562401,53,0
26.078,-0.0008119840562401,53,0
26.08,-0.0010547221562401,53,0
26.082,-0.0012818270562401,53,0
26.084,-0.0013297672562401,53,0
26.086,-0.0007712070562401,53,0
26.088,-0.0008774662312401,53,0
26.09,-0.0009837254062401,53,0
26.092,-0.0010899845812401,53,0
26.094,-0.0011962437562401,53,0
26.096,-0.0012308316062401,53,0
26.098,-0.0012654194562401,53,0
26.1,-0.0013000073062401,53,0
26.102,-0.0013345951562401,53,0
26.104,-0.0010601792562401,53,0
26.106,-0.0006489244562401,53,0
26.108,-0.0008959459562401,53,0
26.11,-0.0013202808562401,53,0
26.112,-0.0013117221229067,53,0
26.114,-0.0013031633895734,53,0
26.116,-0.0012946046562401,53,0
26.118,-0.0011327792562401,53,0
26.12,-0.0010890208162401,53,0
26.122,-0.0010452623762401,53,0
26.124,-0.0010015039362401,53,0
26.126,-0.0009577454962401,53,0
26.128,-0.0009139870562401,53,0
26.13,-0.0008056315562401,53,0
26.132,-0.0010400932562401,53,0
26.134,-0.0011540571062401,53,0
26.136,-0.0012680209562401,53,0
26.138,-0.0013354179562401,53,0
26.14,-0.0012728186062401,53,0
26.142,-0.0012102192562401,53,0
26.144,-0.0010008408562401,53,0
26.146,-0.0009585150562401,53,0
26.148,-0.0010806343062401,53,0
26.15,-0.0012027535562401,53,0
26.152,-0.0013400643562401,53,0
26.154,-0.0012953004062401,53,0
26.156,-0.0012505364562401,53,0
26.158,-0.0009469353562401,53,0
26.16,-0.0006433342562401,53,0
26.162,-0.0008866773562401,53,0
26.164,-0.0011257975562401,53,0
26.166,-0.0012236321062401,53,0
26.168,-0.0013214666562401,53,0
26.17,-0.0013102459229067,53,0
26.172,-0.0012990251895734,53,0
26.174,-0.0012878044562401,53,0
26.176,-0.0009104659562401,53,0
26.178,-0.0007027573562401,53,0
26.18,-0.0007930596562401,53,0
26.182,-0.0009170060062401,53,0
26.184,-0.0010409523562401,53,0
26.186,-0.0011572999062401,53,0
26.188,-0.0012736474562401,53,0
26.19,-0.0012014709562401,53,0
26.192,-0.0007874694562401,53,0
26.194,-0.0007235088562401,53,0
26.196,-0.0006595482562401,53,0
26.198,-0.0007444902562401,53,0
26.2,-0.0008520713562401,53,0
26.202,-0.0009596524562401,53,0
26.204,-0.0012017734562401,53,0
26.206,-0.0012648265562401,53,0
26.208,-0.0008570323562401,53,0
26.21,-0.0006678488562401,53,0
26.212,-0.0006985828562401,53,0
26.214,-0.0008390396562401,53,0
26.216,-0.0009794964562401,53,0
26.218,-0.0011199532562401,53,0
26.22,-0.0012940480562401,53,0
26.222,-0.0012228577062401,53,0
26.224,-0.0011516673562401,53,0
26.226,-0.0010401598062401,53,0
26.228,-0.0009286522562401,53,0
26.23,-0.0007157406562401,53,0
26.232,-0.0008092010562401,53,0
26.234,-0.0010410491562401,53,0
26.236,-0.0012703078562401,53,0
26.238,-0.0013308925562401,53,0
26.24,-0.0012070611562401,53,0
26.242,-0.0010012522562401,53,0
26.244,-0.0006427655562401,53,0
26.246,-0.0006735882895734,53,0
26.248,-0.0007044110229067,53,0
26.25,-0.0007352337562401,53,0
26.252,-0.0009562160562401,53,0
26.254,-0.0011821230562401,53,0
26.256,-0.0013383098562401,53,0
26.258,-0.0012581231562401,53,0
26.26,-0.0008559433562401,53,0
26.262,-0.0007632331562401,53,0
26.264,-0.0006705229562401,53,0
26.266,-0.0006923513562401,53,0
26.268,-0.0011124512562401,53,0
26.27,-0.0013118592562401,53,0
26.272,-0.0012974602562401,53,0
26.274,-0.0011409709562401,53,0
26.276,-0.0009287974562401,53,0
26.278,-0.0006507152562401,53,0
26.28,-0.0007181727562401,53,0
26.282,-0.0007856302562401,53,0
26.284,-0.0010158932562401,53,0
26.286,-0.0011670585562401,53,0
26.288,-0.0013182238562401,53,0
26.29,-0.0012607609562401,53,0
26.292,-0.0012032980562401,53,0
26.294,-0.0007868402562401,53,0
26.296,-0.0008419718895734,53,0
26.298,-0.0008971035229067,53,0
26.3,-0.0009522351562401,53,0
26.302,-0.0011724793562401,53,0
26.304,-0.0013265486562401,53,0
26.306,-0.0012548924562401,53,0
26.308,-0.0010767804562401,53,0
26.31,-0.0008501837562401,53,0
26.312,-0.0006904758562401,53,0
26.314,-0.0011083735562401,53,0
26.316,-0.0013142066562401,53,0
26.318,-0.0013049320062401,53,0
26.32,-0.0012956573562401,53,0
26.322,-0.0009402077562401,53,0
26.324,-0.0006622465562401,53,0
26.326,-0.0008081241562401,53,0
26.328,-0.0009252219062401,53,0
26.33,-0.0010423196562401,53,0
26.332,-0.0011133224562401,53,0
26.334,-0.0011843252562401,53,0
26.336,-0.0012553280562401,53,0
26.338,-0.0013261493562401,53,0
26.34,-0.0010163167562401,53,0
26.342,-0.0009061402062401,53,0
26.344,-0.0007959636562401,53,0
26.346,-0.0006553253562401,53,0
26.348,-0.0007369277562401,53,0
26.35,-0.0009533120562401,53,0
26.352,-0.0011892741562401,53,0
26.354,-0.0013402458562401,53,0
26.356,-0.0012609787562401,53,0
26.358,-0.0011087123562401,53,0
26.36,-0.0008735609562401,53,0
26.362,-0.0006734995562401,53,0
26.364,-0.0006868821562401,53,0
26.366,-0.0011050581562401,53,0
26.368,-0.0013013685562401,53,0
26.37,-0.0011790173895734,53,0
26.372,-0.0010566662229067,53,0
26.374,-0.0009343150562401,53,0
26.376,-0.0008230918562401,53,0
26.378,-0.0007118686562401,53,0
26.38,-0.0006500134562401,53,0
26.382,-0.0008007310562401,53,0
26.384,-0.0010261782562401,53,0
26.386,-0.0012445106562401,53,0
26.388,-0.0013268269562401,53,0
26.39,-0.0012063956562401,53,0
26.392,-0.0010095649562401,53,0
26.394,-0.0007867676562401,53,0
26.396,-0.0007211372562401,53,0
26.398,-0.0009343271562401,53,0
26.4,-0.0010505597562401,53,0
26.402,-0.0011667923562401,53,0
26.404,-0.0012577238562401,53,0
26.406,-0.0009590595562401,53,0
26.408,-0.0006603952562401,53,0
26.41,-0.0007277801562401,53,0
26.412,-0.0007951650562401,53,0
26.414,-0.0008625499562401,53,0
26.416,-0.0012991663562401,53,0
26.418,-0.0011514253562401,53,0
26.42,-0.0010481518562401,53,0
26.422,-0.0009448783562401,53,0
26.424,-0.0008370734062401,53,0
26.426,-0.0007292684562401,53,0
26.428,-0.0007587319562401,53,0
26.43,-0.0007881954562401,53,0
26.432,-0.0009028853062401,53,0
26.434,-0.0010175751562401,53,0
26.436,-0.0012554974562401,53,0
26.438,-0.0012101103562401,53,0
26.44,-0.0007929265562401,53,0
26.442,-0.0007428728895734,53,0
26.444,-0.0006928192229067,53,0
26.446,-0.0006427655562401,53,0
26.448,-0.0007229038562401,53,0
26.45,-0.0009366987562401,53,0
26.452,-0.0013385276562401,53,0
26.454,-0.0010939745562401,53,0
26.456,-0.0008821398562401,53,0
26.458,-0.0007814194562401,53,0
26.46,-0.0006806990562401,53,0
26.462,-0.0007762285562401,53,0
26.464,-0.0008717580562401,53,0
26.466,-0.0009856856062401,53,0
26.468,-0.0010996131562401,53,0
26.47,-0.0009584061562401,53,0
26.472,-0.0007480113562401,53,0
26.474,-0.0007274716062401,53,0
26.476,-0.0007069318562401,53,0
26.478,-0.0006863921062401,53,0
26.48,-0.0006658523562401,53,0
26.482,-0.0007895022562401,53,0
26.484,-0.0010189787562401,53,0
26.486,-0.0012620556562401,53,0
26.488,-0.0013402821562401,53,0
26.49,-0.0012204437562401,53,0
26.492,-0.0008022314562401,53,0
26.494,-0.0007290143562401,53,0
26.496,-0.0006557972562401,53,0
26.498,-0.0007313980562401,53,0
26.5,-0.0013369425562401,54,0
26.502,-0.0011000850562401,54,0
26.504,-0.0008748314562401,54,0
26.506,-0.0008641229562401,54,0
26.508,-0.0011030495562401,54,0
26.51,-0.0011565769312401,54,0
26.512,-0.0012101043062401,54,0
26.514,-0.0012636316812401,54,0
26.516,-0.0013171590562401,54,0
26.518,-0.0011811187562401,54,0
26.52,-0.0009666946562401,54,0
26.522,-0.0008919650562401,54,0
26.524,-0.0008172354562401,54,0
26.526,-0.0007425058562401,54,0
26.528,-0.0006610486562401,54,0
26.53,-0.0007897321562401,54,0
26.532,-0.0012431312562401,54,0
26.534,-0.0012914223562401,54,0
26.536,-0.0013397134562401,54,0
26.538,-0.0010337891562401,54,0
26.54,-0.0008104594562401,54,0
26.542,-0.0007313799062401,54,0
26.544,-0.0006523003562401,54,0
26.546,-0.0007276954562401,54,0
26.548,-0.0011657638562401,54,0
26.55,-0.0012517585562401,54,0
26.552,-0.0013377532562401,54,0
26.554,-0.0013103104562401,54,0
26.556,-0.0012828676562401,54,0
26.558,-0.0008837007562401,54,0
26.56,-0.0006859988562401,54,0
26.562,-0.0013086769562401,54,0
26.564,-0.0011820746562401,54,0
26.566,-0.0009679349062401,54,0
26.568,-0.0007537951562401,54,0
26.57,-0.0006584713562401,54,0
26.572,-0.0007022491562401,54,0
26.574,-0.0007460269562401,54,0
26.576,-0.0007898047562401,54,0
26.578,-0.0009054716812401,54,0
26.58,-0.0010211386062401,54,0
26.582,-0.0011368055312401,54,0
26.584,-0.0012524724562401,54,0
26.586,-0.0012235050562401,54,0
26.588,-0.0008067084562401,54,0
26.59,-0.0006509814562401,54,0
26.592,-0.0006885398562401,54,0
26.594,-0.0007260982562401,54,0
26.596,-0.0009331776562401,54,0
26.598,-0.0010479703562401,54,0
26.6,-0.0011627630562401,54,0
26.602,-0.0013362649562401,54,0
26.604,-0.0012798668562401,54,0
26.606,-0.0006848009562401,54,0
26.608,-0.0006818425062401,54,0
26.61,-0.0006788840562401,54,0
26.612,-0.0008828356062401,54,0
26.614,-0.0010867871562401,54,0
26.616,-0.0013035828562401,54,0
26.618,-0.0011927387895734,54,0
26.62,-0.0010818947229067,54,0
26.622,-0.0009710506562401,54,0
26.624,-0.0007472006562401,54,0
26.626,-0.0006573339562401,54,0
26.628,-0.0010130860562401,54,0
26.63,-0.0013522853562401,54,0
26.632,-0.0012975328562401,54,0
26.634,-0.0012427803562401,54,0
26.636,-0.0011443468562401,54,0
26.638,-0.0010459133562401,54,0
26.64,-0.0008164489562401,54,0
26.642,-0.0006550349562401,54,0
26.644,-0.0007162972562401,54,0
26.646,-0.0009385621562401,54,0
26.648,-0.0011662236562401,54,0
26.65,-0.0012844890562401,54,0
26.652,-0.0011997164562401,54,0
26.654,-0.0011149438562401,54,0
26.656,-0.0008938768562401,54,0
26.658,-0.0006827681562401,54,0
26.66,-0.0006755323562401,54,0
26.662,-0.0008457914562401,54,0
26.664,-0.0010714685562401,54,0
26.666,-0.0012912771562401,54,0
26.668,-0.0013044782562401,54,0
26.67,-0.0007339269562401,54,0
26.672,-0.0007670809562401,54,0
26.674,-0.0012220409562401,54,0
26.676,-0.0013349097562401,54,0
26.678,-0.0010299413562401,54,0
26.68,-0.0009200370562401,54,0
26.682,-0.0008101327562401,54,0
26.684,-0.0007776442562401,54,0
26.686,-0.0007451557562401,54,0
26.688,-0.0007126672562401,54,0
26.69,-0.0006801787562401,54,0
26.692,-0.0006476902562401,54,0
26.694,-0.0009177138562401,54,0
26.696,-0.0010344728062401,54,0
26.698,-0.0011512317562401,54,0
26.7,-0.0013237172562401,54,0
26.702,-0.0011120156562401,54,0
26.704,-0.0009999575562401,54,0
26.706,-0.0008878994562401,54,0
26.708,-0.0006872209562401,54,0
26.71,-0.0008398503562401,54,0
26.712,-0.0010753163562401,54,0
26.714,-0.0012908294562401,54,0
26.716,-0.0013032319562401,54,0
26.718,-0.0013156344562401,54,0
26.72,-0.0009674811562401,54,0
26.722,-0.0007428083562401,54,0
26.724,-0.0006451613562401,54,0
26.726,-0.0009942947562401,54,0
26.728,-0.0012272076562401,54,0
26.73,-0.0012346370562401,54,0
26.732,-0.0011713863229067,54,0
26.734,-0.0011081355895734,54,0
26.736,-0.0010448848562401,54,0
26.738,-0.0008440914062401,54,0
26.74,-0.0006432979562401,54,0
26.742,-0.0007808507562401,54,0
26.744,-0.0009184035562401,54,0
26.746,-0.0011244484062401,54,0
26.748,-0.0013304932562401,54,0
26.75,-0.0012749179562401,54,0
26.752,-0.0011091358562401,54,0
26.754,-0.0010029704562401,54,0
26.756,-0.0008968050562401,54,0
26.758,-0.0006918189562401,54,0
26.76,-0.0006691556562401,54,0
26.762,-0.0010734650562401,54,0
26.764,-0.0011787774062401,54,0
26.766,-0.0012840897562401,54,0
26.768,-0.0011772951562401,54,0
26.77,-0.0009632098562401,54,0
26.772,-0.0007447806562401,54,0
26.774,-0.0007026484562401,54,0
26.776,-0.0006605162562401,54,0
26.778,-0.0007746918562401,54,0
26.78,-0.0012207220562401,54,0
26.782,-0.0012293614562401,54,0
26.784,-0.0011322408062401,54,0
26.786,-0.0010351201562401,54,0
26.788,-0.0008163158562401,54,0
26.79,-0.0007289901562401,54,0
26.792,-0.0006416644562401,54,0
26.794,-0.0006986796562401,54,0
26.796,-0.0009173750562401,54,0
26.798,-0.0013281216562401,54,0
26.8,-0.0008995759562401,54,0
26.802,-0.0006914196562401,54,0
26.804,-0.0006670018562401,54,0
26.806,-0.0007079573312401,54,0
26.808,-0.0007489128062401,54,0
26.81,-0.0007898682812401,54,0
26.812,-0.0008308237562401,54,0
26.814,-0.0010690848562401,54,0
26.816,-0.0013213577562401,54,0
26.818,-0.0012535675062401,54,0
26.82,-0.0011857772562401,54,0
26.822,-0.0009752251562401,54,0
26.824,-0.0007544001562401,54,0
26.826,-0.0006588827562401,54,0
26.828,-0.0007776563562401,54,0
26.83,-0.0013364222562401,54,0
26.832,-0.0012373111562401,54,0
26.834,-0.0008322878562401,54,0
26.836,-0.0009101876562401,54,0
26.838,-0.0011506388562401,54,0
26.84,-0.0013325381562401,54,0
26.842,-0.0012965386395734,54,0
26.844,-0.0012605391229067,54,0
26.846,-0.0012245396062401,54,0
26.848,-0.0011885400895734,54,0
26.85,-0.0011525405729067,54,0
26.852,-0.0011165410562401,54,0
26.854,-0.0009080157062401,54,0
26.856,-0.0006994903562401,54,0
26.858,-0.0008452106562401,54,0
26.86,-0.0010750259562401,54,0
26.862,-0.0012787294562401,54,0
26.864,-0.0011263723062401,54,0
26.866,-0.0009740151562401,54,0
26.868,-0.0008975350895734,54,0
26.87,-0.0008210550229067,54,0
26.872,-0.0007445749562401,54,0
26.874,-0.0006372963562401,54,0
26.876,-0.0007532385562401,54,0
26.878,-0.0009843606562401,54,0
26.88,-0.0012173582562401,54,0
26.882,-0.0013380436562401,54,0
26.884,-0.0012406749562401,54,0
26.886,-0.0010511526562401,54,0
26.888,-0.0008248100562401,54,0
26.89,-0.0006505458562401,54,0
26.892,-0.0007026000562401,54,0
26.894,-0.0009101271562401,54,0
26.896,-0.0013207285562401,54,0
26.898,-0.0013002493062401,54,0
26.9,-0.0012797700562401,54,0
26.902,-0.0011158755562401,54,0
26.904,-0.0008965388562401,54,0
26.906,-0.0006805175562401,54,0
26.908,-0.0006525423562401,54,0
26.91,-0.0008190141562401,54,0
26.912,-0.0010644384562401,54,0
26.914,-0.0013175220562401,54,0
26.916,-0.0011862854562401,54,0
26.918,-0.0007612729562401,54,0
26.92,-0.0007066112062401,54,0
26.922,-0.0006519494562401,54,0
26.924,-0.0007057521062401,54,0
26.926,-0.0007595547562401,54,0
26.928,-0.0009838524562401,54,0
26.93,-0.0012115260562401,54,0
26.932,-0.0012387147562401,54,0
26.934,-0.0011434091062401,54,0
26.936,-0.0010481034562401,54,0
26.938,-0.0008303276562401,54,0
26.94,-0.0006516106562401,54,0
26.942,-0.0006924965562401,54,0
26.944,-0.0008914931562401,54,0
26.946,-0.0011205219562401,54,0
26.948,-0.0013163604562401,54,0
26.95,-0.0011212963562401,54,0
26.952,-0.0009020867062401,54,0
26.954,-0.0006828770562401,54,0
26.956,-0.0006654288562401,54,0
26.958,-0.0006479806562401,54,0
26.96,-0.0008140894562401,54,0
26.962,-0.0010545406562401,54,0
26.964,-0.0013159490562401,54,0
26.966,-0.0012499496062401,54,0
26.968,-0.0011839501562401,54,0
26.97,-0.0009791455562401,54,0
26.972,-0.0006466012562401,54,0
26.974,-0.0006971490062401,54,0
26.976,-0.0007476967562401,54,0
26.978,-0.0009724179562401,54,0
26.98,-0.0013329132562401,54,0
26.982,-0.0012413404562401,54,0
26.984,-0.0010407164062401,54,0
26.986,-0.0008400923562401,54,0
26.988,-0.0006654288562401,54,0
26.99,-0.0006885882562401,54,0
26.992,-0.0007117476562401,54,0
26.994,-0.0009104901562401,54,0
26.996,-0.0011386235562401,54,0
26.998,-0.0011282175562401,54,0
27.0,-0.0010561741562401,55,0
27.002,-0.0009841307562401,55,0
27.004,-0.0009120873562401,55,0
27.006,-0.0007016078562401,55,0
27.008,-0.0008174411562401,55,0
27.01,-0.0010504629562401,55,0
27.012,-0.0012737563562401,55,0
27.014,-0.0012987005062401,55,0
27.016,-0.0013236446562401,55,0
27.018,-0.0011990872562401,55,0
27.02,-0.0007623982562401,55,0
27.022,-0.0006481621562401,55,0
27.024,-0.0007013053562401,55,0
27.026,-0.0007544485562401,55,0
27.028,-0.0009793391562401,55,0
27.03,-0.0012138734562401,55,0
27.032,-0.0012445711562401,55,0
27.034,-0.0008331711562401,55,0
27.036,-0.0006501102562401,55,0
27.038,-0.0006904274562401,55,0
27.04,-0.0007947113062401,55,0
27.042,-0.0008989951562401,55,0
27.044,-0.0011300809562401,55,0
27.046,-0.0013225919562401,55,0
27.048,-0.0012947014562401,55,0
27.05,-0.0011431973562401,55,0
27.052,-0.0010321980062401,55,0
27.054,-0.0009211986562401,55,0
27.056,-0.0006986070562401,55,0
27.058,-0.0006569225562401,55,0
27.06,-0.0008124801562401,55,0
27.062,-0.0010484180562401,55,0
27.064,-0.0012792376562401,55,0
27.066,-0.0011987847562401,55,0
27.068,-0.0010937325562401,55,0
27.07,-0.0009886803562401,55,0
27.072,-0.0007694888562401,55,0
27.074,-0.0006459478562401,55,0
27.076,-0.0007517502562401,55,0
27.078,-0.0009850140562401,55,0
27.08,-0.0013203776562401,55,0
27.082,-0.0011922447062401,55,0
27.084,-0.0010641117562401,55,0
27.086,-0.0008392574562401,55,0
27.088,-0.0007494149562401,55,0
27.09,-0.0006595724562401,55,0
27.092,-0.0011219981562401,55,0
27.094,-0.0011847124562401,55,0
27.096,-0.0012474267562401,55,0
27.098,-0.0013101410562401,55,0
27.1,-0.0012853481562401,55,0
27.102,-0.0011336141562401,55,0
27.104,-0.0009221061562401,55,0
27.106,-0.0007084927562401,55,0
27.108,-0.0006587254562401,55,0
27.11,-0.0008124196562401,55,0
27.112,-0.0010471233562401,55,0
27.114,-0.0012707071562401,55,0
27.116,-0.0013241286562401,55,0
27.118,-0.0012028745562401,55,0
27.12,-0.0010508783895734,55,0
27.122,-0.0008988822229067,55,0
27.124,-0.0007468860562401,55,0
27.126,-0.0009671060562401,55,0
27.128,-0.0012564775562401,55,0
27.13,-0.0011650741562401,55,0
27.132,-0.0010736707562401,55,0
27.134,-0.0008519503562401,55,0
27.136,-0.0006622344562401,55,0
27.138,-0.0006728159062401,55,0
27.14,-0.0006833973562401,55,0
27.142,-0.0011170976562401,55,0
27.144,-0.0013184658562401,55,0
27.146,-0.0012287201562401,55,0
27.148,-0.0011389744562401,55,0
27.15,-0.0009245382562401,55,0
27.152,-0.0006681392562401,55,0
27.154,-0.0007152687562401,55,0
27.156,-0.0007623982562401,55,0
27.158,-0.0008095277562401,55,0
27.16,-0.0012743734562401,55,0
27.162,-0.0013360592562401,55,0
27.164,-0.0010079072562401,55,0
27.166,-0.0007835369562401,55,0
27.168,-0.0007189774062401,55,0
27.17,-0.0006544178562401,55,0
27.172,-0.0009271155562401,55,0
27.174,-0.0011998132562401,55,0
27.176,-0.0012733510062401,55,0
27.178,-0.0013468887562401,55,0
27.18,-0.0012542269562401,55,0
27.182,-0.0010657089562401,55,0
27.184,-0.0008548906562401,55,0
27.186,-0.0007634388562401,55,0
27.188,-0.0006719870562401,55,0
27.19,-0.0008807846562401,55,0
27.192,-0.0010997644062401,55,0
27.194,-0.0013187441562401,55,0
27.196,-0.0012915554562401,55,0
27.198,-0.0012138916062401,55,0
27.2,-0.0011362277562401,55,0
27.202,-0.0006488639562401,55,0
27.204,-0.0010294210562401,55,0
27.206,-0.0012503670562401,55,0
27.208,-0.0013171953562401,55,0
27.21,-0.0012868939312401,55,0
27.212,-0.0012565925062401,55,0
27.214,-0.0012262910812401,55,0
27.216,-0.0011959896562401,55,0
27.218,-0.0007755388562401,55,0
27.22,-0.0006438787562401,55,0
27.222,-0.0007970284562401,55,0
27.224,-0.0009501781562401,55,0
27.226,-0.0010680140062401,55,0
27.228,-0.0011858498562401,55,0
27.23,-0.0013270326562401,55,0
27.232,-0.0012449220562401,55,0
27.234,-0.0010643900562401,55,0
27.236,-0.0008455252562401,55,0
27.238,-0.0006838934562401,55,0
27.24,-0.0011080589562401,55,0
27.242,-0.0013077815562401,55,0
27.244,-0.0011402207562401,55,0
27.246,-0.0007060606562401,55,0
27.248,-0.0006501828562401,55,0
27.25,-0.0007972825562401,55,0
27.252,-0.0012021969562401,55,0
27.254,-0.0010999338062401,55,0
27.256,-0.0009976706562401,55,0
27.258,-0.0008846566562401,55,0
27.26,-0.0007716426562401,55,0
27.262,-0.0007085593062401,55,0
27.264,-0.0006454759562401,55,0
27.266,-0.0007359960562401,55,0
27.268,-0.0009604026562401,55,0
27.27,-0.0011848092562401,55,0
27.272,-0.0013377774562401,55,0
27.274,-0.0010785470562401,55,0
27.276,-0.0008574195562401,55,0
27.278,-0.0006908751562401,55,0
27.28,-0.0008786671562401,55,0
27.282,-0.0012936245562401,55,0
27.284,-0.0011476138562401,55,0
27.286,-0.0009288458562401,55,0
27.288,-0.0007190923562401,55,0
27.29,-0.0006572613562401,55,0
27.292,-0.0006721981340179,55,0
27.294,-0.0006871349117956,55,0
27.296,-0.0007020716895734,55,0
27.298,-0.0007170084673512,55,0
27.3,-0.000731945245129,55,0
27.302,-0.0007468820229067,55,0
27.304,-0.0007618188006845,55,0
27.306,-0.0007767555784623,55,0
27.308,-0.0007916923562401,55,0
27.31,-0.0010207695562401,55,0
27.312,-0.0012507784562401,55,0
27.314,-0.0012050041562401,55,0
27.316,-0.0010047007562401,55,0
27.318,-0.0007829803562401,55,0
27.32,-0.0006460204562401,55,0
27.322,-0.0008013784062401,55,0
27.324,-0.0009567363562401,55,0
27.326,-0.0011879068562401,55,0
27.328,-0.0010849721562401,55,0
27.33,-0.0008620175562401,55,0
27.332,-0.0006649932562401,55,0
27.334,-0.0006699633312401,55,0
27.336,-0.0006749334062401,55,0
27.338,-0.0006799034812401,55,0
27.34,-0.0006848735562401,55,0
27.342,-0.0008674746562401,55,0
27.344,-0.0011059414562401,55,0
27.346,-0.0011522844562401,55,0
27.348,-0.0007223230562401,55,0
27.35,-0.0008804519062401,55,0
27.352,-0.0010385807562401,55,0
27.354,-0.0013395561562401,55,0
27.356,-0.0011787471562401,55,0
27.358,-0.0010179381562401,55,0
27.36,-0.0009067270562401,55,0
27.362,-0.0007955159562401,55,0
27.364,-0.0008483122895734,55,0
27.366,-0.0009011086229067,55,0
27.368,-0.0009539049562401,55,0
27.37,-0.0011590665062401,55,0
27.372,-0.0013642280562401,55,0
27.374,-0.0013378863562401,55,0
27.376,-0.0013115446562401,55,0
27.378,-0.0012852029562401,55,0
27.38,-0.0011000850562401,55,0
27.382,-0.0010284651562401,55,0
27.384,-0.0009568452562401,55,0
27.386,-0.0008852253562401,55,0
27.388,-0.0006888665562401,55,0
27.39,-0.0011155488562401,55,0
27.392,-0.0013195548562401,55,0
27.394,-0.0013119923562401,55,0
27.396,-0.0012376378562401,55,0
27.398,-0.0011632833562401,55,0
27.4,-0.0007230490562401,55,0
27.402,-0.0006918794562401,55,0
27.404,-0.0006607098562401,55,0
27.406,-0.0012535251562401,55,0
27.408,-0.0012919608062401,55,0
27.41,-0.0013303964562401,55,0
27.412,-0.0012148898562401,55,0
27.414,-0.0007894417562401,55,0
27.416,-0.0007346529562401,55,0
27.418,-0.0007777676762401,55,0
27.42,-0.0008208823962401,55,0
27.422,-0.0008639971162401,55,0
27.424,-0.0009071118362401,55,0
27.426,-0.0009502265562401,55,0
27.428,-0.0011773072562401,55,0
27.43,-0.0013383098562401,55,0
27.432,-0.0012625396562401,55,0
27.434,-0.0008635300562401,55,0
27.436,-0.0006648238562401,55,0
27.438,-0.0006778918562401,55,0
27.44,-0.0007693557562401,55,0
27.442,-0.0008608196562401,55,0
27.444,-0.0010963340562401,55,0
27.446,-0.0013084591562401,55,0
27.448,-0.0013082413562401,55,0
27.45,-0.0009420590562401,55,0
27.452,-0.0007229643562401,55,0
27.454,-0.0006880679562401,55,0
27.456,-0.0006531715562401,55,0
27.458,-0.0007868402562401,55,0
27.46,-0.0010144049562401,55,0
27.462,-0.0012461562562401,55,0
27.464,-0.0013332278562401,55,0
27.466,-0.0012161603562401,55,0
27.468,-0.0010144291562401,55,0
27.47,-0.0006489970562401,55,0
27.472,-0.0006862650562401,55,0
27.474,-0.0007235330562401,55,0
27.476,-0.0011667681562401,55,0
27.478,-0.0013197363562401,55,0
27.48,-0.0010836532562401,55,0
27.482,-0.0008574437562401,55,0
27.484,-0.0007558763562401,55,0
27.486,-0.0006543089562401,55,0
27.488,-0.0006583927062401,55,0
27.49,-0.0006624764562401,55,0
27.492,-0.0008441700562401,55,0
27.494,-0.0010753647562401,55,0
27.496,-0.0012901397562401,55,0
27.498,-0.0011456778562401,55,0
27.5,-0.0009391429562401,56,0
27.502,-0.0007121590562401,56,0
27.504,-0.0008565181062401,56,0
27.506,-0.0010008771562401,56,0
27.508,-0.0011141936562401,56,0
27.51,-0.0012275101562401,56,0
27.512,-0.0013156707562401,56,0
27.514,-0.0012030802562401,56,0
27.516,-0.0010055719562401,56,0
27.518,-0.0007814315562401,56,0
27.52,-0.0006323474562401,56,0
27.522,-0.0007142402562401,56,0
27.524,-0.0008220452062401,56,0
27.526,-0.0009298501562401,56,0
27.528,-0.0011689824562401,56,0
27.53,-0.0013374507562401,56,0
27.532,-0.0008682490562401,56,0
27.534,-0.0006678367562401,56,0
27.536,-0.0006737173562401,56,0
27.538,-0.0006795979562401,56,0
27.54,-0.0008656596562401,56,0
27.542,-0.0010840283562401,56,0
27.544,-0.0011869086062401,56,0
27.546,-0.0012897888562401,56,0
27.548,-0.0013063537562401,56,0
27.55,-0.0009488834562401,56,0
27.552,-0.0007257473562401,56,0
27.554,-0.0006458026562401,56,0
27.556,-0.0007103501062401,56,0
27.558,-0.0007748975562401,56,0
27.56,-0.0012357865562401,56,0
27.562,-0.0012823413062401,56,0
27.564,-0.0013288960562401,56,0
27.566,-0.0012196572562401,56,0
27.568,-0.0010194748562401,56,0
27.57,-0.0007927208562401,56,0
27.572,-0.0006360016562401,56,0
27.574,-0.0007094123562401,56,0
27.576,-0.0009234371562401,56,0
27.578,-0.0011525627562401,56,0
27.58,-0.0013219748562401,56,0
27.582,-0.0012640279562401,56,0
27.584,-0.0011005569562401,56,0
27.586,-0.0008778443562401,56,0
27.588,-0.0006693734562401,56,0
27.59,-0.0006667477562401,56,0
27.592,-0.0010793214562401,56,0
27.594,-0.0013048291562401,56,0
27.596,-0.0011592903562401,56,0
27.598,-0.0009463908562401,56,0
27.6,-0.0007921461062401,56,0
27.602,-0.0006379013562401,56,0
27.604,-0.0006811628895734,56,0
27.606,-0.0007244244229067,56,0
27.608,-0.0007676859562401,56,0
27.61,-0.0009996066562401,56,0
27.612,-0.0013257621562401,56,0
27.614,-0.0012718264062401,56,0
27.616,-0.0012178906562401,56,0
27.618,-0.0010203460562401,56,0
27.62,-0.0008009246562401,56,0
27.622,-0.0007123526562401,56,0
27.624,-0.0008177497062401,56,0
27.626,-0.0009231467562401,56,0
27.628,-0.0011521513562401,56,0
27.63,-0.0013272867562401,56,0
27.632,-0.0012674643562401,56,0
27.634,-0.0008762471562401,56,0
27.636,-0.0006716845562401,56,0
27.638,-0.0008354217562401,56,0
27.64,-0.0013647967562401,56,0
27.642,-0.0012221417895734,56,0
27.644,-0.0010794868229067,56,0
27.646,-0.0009368318562401,56,0
27.648,-0.0008315860562401,56,0
27.65,-0.0007263402562401,56,0
27.652,-0.0006842141062401,56,0
27.654,-0.0006420879562401,56,0
27.656,-0.0007666211562401,56,0
27.658,-0.0009944278562401,56,0
27.66,-0.0012231178562401,56,0
27.662,-0.0012211939562401,56,0
27.664,-0.0010302801562401,56,0
27.666,-0.0008121897562401,56,0
27.668,-0.0007628399062401,56,0
27.67,-0.0007134900562401,56,0
27.672,-0.0009201822562401,56,0
27.674,-0.0011465006562401,56,0
27.676,-0.0012057301562401,56,0
27.678,-0.0012649596562401,56,0
27.68,-0.0011806105562401,56,0
27.682,-0.0010962614562401,56,0
27.684,-0.0006791744562401,56,0
27.686,-0.0006721201562401,56,0
27.688,-0.0006650658562401,56,0
27.69,-0.0008377691562401,56,0
27.692,-0.0010763327562401,56,0
27.694,-0.0012966979562401,56,0
27.696,-0.0011637068562401,56,0
27.698,-0.0009546067562401,56,0
27.7,-0.0008490100562401,56,0
27.702,-0.0007434133562401,56,0
27.704,-0.0009954079562401,56,0
27.706,-0.0013254838562401,56,0
27.708,-0.0012219925562401,56,0
27.71,-0.0011263360062401,56,0
27.712,-0.0010306794562401,56,0
27.714,-0.0008102295562401,56,0
27.716,-0.0007249427062401,56,0
27.718,-0.0006396558562401,56,0
27.72,-0.0006731365562401,56,0
27.722,-0.0007066172562401,56,0
27.724,-0.0009139144562401,56,0
27.726,-0.0011450970562401,56,0
27.728,-0.0013292953562401,56,0
27.73,-0.0012728004562401,56,0
27.732,-0.0011040780562401,56,0
27.734,-0.0008864958562401,56,0
27.736,-0.0006785573562401,56,0
27.738,-0.0006639042562401,56,0
27.74,-0.0008293354562401,56,0
27.742,-0.0010693147562401,56,0
27.744,-0.0012953790562401,56,0
27.746,-0.0013187441562401,56,0
27.748,-0.0011841437562401,56,0
27.75,-0.0009704335562401,56,0
27.752,-0.0007383918562401,56,0
27.754,-0.0006367276562401,56,0
27.756,-0.0009866596562401,56,0
27.758,-0.0011005932562401,56,0
27.76,-0.0012145268562401,56,0
27.762,-0.0013241649562401,56,0
27.764,-0.0008209380562401,56,0
27.766,-0.0007657378562401,56,0
27.768,-0.0007105376562401,56,0
27.77,-0.0006553374562401,56,0
27.772,-0.0007057944562401,56,0
27.774,-0.0009095221562401,56,0
27.776,-0.0013159006562401,56,0
27.778,-0.0012661575562401,56,0
27.78,-0.0009722848562401,56,0
27.782,-0.0006784121562401,56,0
27.784,-0.0006708436062401,56,0
27.786,-0.0006632750562401,56,0
27.788,-0.0008293596562401,56,0
27.79,-0.0010582069562401,56,0
27.792,-0.0013036796562401,56,0
27.794,-0.0009607898562401,56,0
27.796,-0.0008839346895734,56,0
27.798,-0.0008070795229067,56,0
27.8,-0.0007302243562401,56,0
27.802,-0.0006390871562401,56,0
27.804,-0.0006984739562401,56,0
27.806,-0.0007578607562401,56,0
27.808,-0.0009834652562401,56,0
27.81,-0.0012062504562401,56,0
27.812,-0.0012258766562401,56,0
27.814,-0.0008161101562401,56,0
27.816,-0.0007766923895734,56,0
27.818,-0.0007372746229067,56,0
27.82,-0.0006978568562401,56,0
27.822,-0.0009030849562401,56,0
27.824,-0.0010241212562401,56,0
27.826,-0.0011451575562401,56,0
27.828,-0.0012716993562401,56,0
27.83,-0.0011085187562401,56,0
27.832,-0.0008877058562401,56,0
27.834,-0.0007824903062401,56,0
27.836,-0.0006772747562401,56,0
27.838,-0.0006567652562401,56,0
27.84,-0.0010557869562401,56,0
27.842,-0.0012764062562401,56,0
27.844,-0.0012238438562401,56,0
27.846,-0.0011712814562401,56,0
27.848,-0.0009061765062401,56,0
27.85,-0.0006410715562401,56,0
27.852,-0.0007537709562401,56,0
27.854,-0.0009808758562401,56,0
27.856,-0.0010945977062401,56,0
27.858,-0.0012083195562401,56,0
27.86,-0.0012675006562401,56,0
27.862,-0.0013266817562401,56,0
27.864,-0.0010392825562401,56,0
27.866,-0.0009346841062401,56,0
27.868,-0.0008300856562401,56,0
27.87,-0.0006514412562401,56,0
27.872,-0.0006984497562401,56,0
27.874,-0.0009060131562401,56,0
27.876,-0.0011316902562401,56,0
27.878,-0.0013244795562401,56,0
27.88,-0.0012818512562401,56,0
27.882,-0.0011149559562401,56,0
27.884,-0.0008898354562401,56,0
27.886,-0.0006605888562401,56,0
27.888,-0.0008603356562401,56,0
27.89,-0.0010600824562401,56,0
27.892,-0.0012797700562401,56,0
27.894,-0.0013120891562401,56,0
27.896,-0.0009770280562401,56,0
27.898,-0.0008684971062401,56,0
27.9,-0.0007599661562401,56,0
27.902,-0.0012141880562401,56,0
27.904,-0.0012509720562401,56,0
27.906,-0.0011599861062401,56,0
27.908,-0.0010690001562401,56,0
27.91,-0.0010155574812401,56,0
27.912,-0.0009621148062401,56,0
27.914,-0.0009086721312401,56,0
27.916,-0.0008552294562401,56,0
27.918,-0.0007191770562401,56,0
27.92,-0.0008209622562401,56,0
27.922,-0.0009227474562401,56,0
27.924,-0.0011583586562401,56,0
27.926,-0.0013186836562401,56,0
27.928,-0.0009437046562401,56,0
27.93,-0.0008730648562401,56,0
27.932,-0.0008024250562401,56,0
27.934,-0.0007317852562401,56,0
27.936,-0.0007142886562401,56,0
27.938,-0.0008778564562401,56,0
27.94,-0.0011191183562401,56,0
27.942,-0.0014017380562401,56,0
27.944,-0.0012878044562401,56,0
27.946,-0.0010603607562401,56,0
27.948,-0.0008269154562401,56,0
27.95,-0.0007747221062401,56,0
27.952,-0.0007225287562401,56,0
27.954,-0.0008511517562401,56,0
27.956,-0.0010889288562401,56,0
27.958,-0.0014646822562401,56,0
27.96,-0.0013703506562401,56,0
27.962,-0.0012835150062401,56,0
27.964,-0.0011966793562401,56,0
27.966,-0.0009934235562401,56,0
27.968,-0.0009008827562401,56,0
27.97,-0.0010060136062401,56,0
27.972,-0.0011111444562401,56,0
27.974,-0.0013512568562401,56,0
27.976,-0.0015259203562401,56,0
27.978,-0.0011818568562401,56,0
27.98,-0.0010852686062401,56,0
27.982,-0.0009886803562401,56,0
27.984,-0.0009817470562401,56,0
27.986,-0.0009748137562401,56,0
27.988,-0.0011423140562401,56,0
27.99,-0.0013814100562401,56,0
27.992,-0.0016177714562401,56,0
27.994,-0.0015700248562401,56,0
27.996,-0.0014629701062401,56,0
27.998,-0.0013559153562401,56,0
28.0,-0.0011333479562401,57,1
28.002,-0.0011393979562401,57,1
28.004,-0.0012444380562401,57,1
28.006,-0.0013494781562401,57,1
28.008,-0.0017043590562401,57,1
28.01,-0.0014223564562401,57,1
28.012,-0.0010244721562401,57,1
28.014,-0.0010807976562401,57,1
28.016,-0.0011419550895734,57,1
28.018,-0.0012031125229067,57,1
28.02,-0.0012642699562401,57,1
28.022,-0.0013793591062401,57,1
28.024,-0.0014944482562401,57,1
28.026,-0.0016803768562401,57,1
28.028,-0.0016486022562401,57,1
28.03,-0.0014924275562401,57,1
28.032,-0.0012626969562401,57,1
28.034,-0.0010339343562401,57,1
28.036,-0.0009815413562401,57,1
28.038,-0.0011307585562401,57,1
28.04,-0.0015712832562401,57,1
28.042,-0.0015874851562401,57,1
28.044,-0.0016036870562401,57,1
28.046,-0.0014509850562401,57,1
28.048,-0.0012422963562401,57,1
28.05,-0.0010257063562401,57,1
28.052,-0.0008893756562401,57,1
28.054,-0.0009812872562401,57,1
28.056,-0.0011978772562401,57,1
28.058,-0.0014122892562401,57,1
28.06,-0.0014277409562401,57,1
28.062,-0.0012205829062401,57,1
28.064,-0.0010134248562401,57,1
28.066,-0.0008066479562401,57,1
28.068,-0.0008220936062401,57,1
28.07,-0.0008375392562401,57,1
28.072,-0.0010291427562401,57,1
28.074,-0.0012373474562401,57,1
28.076,-0.0014176858562401,57,1
28.078,-0.0013840478562401,57,1
28.08,-0.0009937502562401,57,1
28.082,-0.0007716184562401,57,1
28.084,-0.0007483320062401,57,1
28.086,-0.0007250455562401,57,1
28.088,-0.0008727502562401,57,1
28.09,-0.0013117624562401,57,1
28.092,-0.0013552498562401,57,1
28.094,-0.0012186287562401,57,1
28.096,-0.0011112049562401,57,1
28.098,-0.0010037811562401,57,1
28.1,-0.0006516711562401,57,1
28.102,-0.0007401221562401,57,1
28.104,-0.0008497239562401,57,1
28.106,-0.0009593257562401,57,1
28.108,-0.0011822440562401,57,1
28.11,-0.0013072733562401,57,1
28.112,-0.0012142364562401,57,1
28.114,-0.0008091405562401,57,1
28.116,-0.0006264426562401,57,1
28.118,-0.0006355358062401,57,1
28.12,-0.0006446289562401,57,1
28.122,-0.0010490714562401,57,1
28.124,-0.0012392955562401,57,1
28.126,-0.0012259069062401,57,1
28.128,-0.0012125182562401,57,1
28.13,-0.0007849889562401,57,1
28.132,-0.0006833852562401,57,1
28.134,-0.0005817815562401,57,1
28.136,-0.0005668138562401,57,1
28.138,-0.0007456881562401,57,1
28.14,-0.0011728786562401,57,1
28.142,-0.0012200807562401,57,1
28.144,-0.0011473900062401,57,1
28.146,-0.0010746992562401,57,1
28.148,-0.0006494689562401,57,1
28.15,-0.0006359774562401,57,1
28.152,-0.0006224859562401,57,1
28.154,-0.0010206848562401,57,1
28.156,-0.0010835201562401,57,1
28.158,-0.0011463554562401,57,1
28.16,-0.0011020936562401,57,1
28.162,-0.0010578318562401,57,1
28.164,-0.0008778080562401,57,1
28.166,-0.0004963676562401,57,1
28.168,-0.0007008334562401,57,1
28.17,-0.0008922312562401,57,1
28.172,-0.0010836290562401,57,1
28.174,-0.0010757842229067,57,1
28.176,-0.0010679393895734,57,1
28.178,-0.0010600945562401,57,1
28.18,-0.0009030365562401,57,1
28.182,-0.0007175314562401,57,1
28.184,-0.0005085765562401,57,1
28.186,-0.0006356265562401,57,1
28.188,-0.0008371641562401,57,1
28.19,-0.0009160319562401,57,1
28.192,-0.0009948997562401,57,1
28.194,-0.0010473774562401,57,1
28.196,-0.0008136659562401,57,1
28.198,-0.0007119473062401,57,1
28.2,-0.0006102286562401,57,1
28.202,-0.0005020304562401,57,1
28.204,-0.0007461721562401,57,1
28.206,-0.0010948457562401,57,1
28.208,-0.0009927580562401,57,1
28.21,-0.0008906703562401,57,1
28.212,-0.0007904400062401,57,1
28.214,-0.0006902096562401,57,1
28.216,-0.0006123280062401,57,1
28.218,-0.0005344463562401,57,1
28.22,-0.0005828705562401,57,1
28.222,-0.0009598944562401,57,1
28.224,-0.0010435659562401,57,1
28.226,-0.0011272374562401,57,1
28.228,-0.0011127174562401,57,1
28.23,-0.0008008399562401,57,1
28.232,-0.0007174588562401,57,1
28.234,-0.0006340777562401,57,1
28.236,-0.0005999194562401,57,1
28.238,-0.0011357074562401,57,1
28.24,-0.0010692421562401,57,1
28.242,-0.0009036778562401,57,1
28.244,-0.0008202846562401,57,1
28.246,-0.0007368914562401,57,1
28.248,-0.0006829194062401,57,1
28.25,-0.0006289473562401,57,1
28.252,-0.0006653320562401,57,1
28.254,-0.0007017167562401,57,1
28.256,-0.0008936590562401,57,1
28.258,-0.0012059479562401,57,1
28.26,-0.0011814878062401,57,1
28.262,-0.0011570276562401,57,1
28.264,-0.0010255611562401,57,1
28.266,-0.0008539226562401,57,1
28.268,-0.0007079361562401,57,1
28.27,-0.0007380288562401,57,1
28.272,-0.0009029881562401,57,1
28.274,-0.0012347701562401,57,1
28.276,-0.0012365367562401,57,1
28.278,-0.0011181866562401,57,1
28.28,-0.0009588236062401,57,1
28.282,-0.0007994605562401,57,1
28.284,-0.0008331953562401,57,1
28.286,-0.0008669301562401,57,1
28.288,-0.0009006649562401,57,1
28.29,-0.0011113622562401,57,1
28.292,-0.0012725100562401,57,1
28.294,-0.0013212367562401,57,1
28.296,-0.0009442854562401,57,1
28.298,-0.0008679465562401,57,1
28.3,-0.0010141629562401,57,1
28.302,-0.0011603793562401,57,1
28.304,-0.0013764732562401,57,1
28.306,-0.0015308571562401,57,1
28.308,-0.0015062497895734,57,1
28.31,-0.0014816424229067,57,1
28.312,-0.0014570350562401,57,1
28.314,-0.0013028568562401,57,1
28.316,-0.0011351266562401,57,1
28.318,-0.0010768046562401,57,1
28.32,-0.0014318912562401,57,1
28.322,-0.0016006257562401,57,1
28.324,-0.0015790514562401,57,1
28.326,-0.0014050534562401,57,1
28.328,-0.0012014467562401,57,1
28.33,-0.0010398754562401,57,1
28.332,-0.0011348483562401,57,1
28.334,-0.0012225431062401,57,1
28.336,-0.0013102378562401,57,1
28.338,-0.0014461692562401,57,1
28.34,-0.0015821006562401,57,1
28.342,-0.0015346565562401,57,1
28.344,-0.0014872124562401,57,1
28.346,-0.0013981080562401,57,1
28.348,-0.0013090036562401,57,1
28.35,-0.0011710515562401,57,1
28.352,-0.0010580496562401,57,1
28.354,-0.0010931154562401,57,1
28.356,-0.0012751841562401,57,1
28.358,-0.0014765402562401,57,1
28.36,-0.0015993915562401,57,1
28.362,-0.0015378388562401,57,1
28.364,-0.0013896380562401,57,1
28.366,-0.0010508743562401,57,1
28.368,-0.0010635672562401,57,1
28.37,-0.0010762601562401,57,1
28.372,-0.0012381823562401,57,1
28.374,-0.0014239657562401,57,1
28.376,-0.0015694561562401,57,1
28.378,-0.0014537801562401,57,1
28.38,-0.0011235106562401,57,1
28.382,-0.0013971158562401,57,1
28.384,-0.0014625284562401,57,1
28.386,-0.0015279410562401,57,1
28.388,-0.0015409969562401,57,1
28.39,-0.0015540528562401,57,1
28.392,-0.0015240972895734,57,1
28.394,-0.0014941417229067,57,1
28.396,-0.0014641861562401,57,1
28.398,-0.0013152835562401,57,1
28.4,-0.0010292395562401,57,1
28.402,-0.0010629804062401,57,1
28.404,-0.0010967212562401,57,1
28.406,-0.0012881674562401,57,1
28.408,-0.0014871277562401,57,1
28.41,-0.0016111648562401,57,1
28.412,-0.0015480633562401,57,1
28.414,-0.0014047751562401,57,1
28.416,-0.0012213391562401,57,1
28.418,-0.0010609173562401,57,1
28.42,-0.0011368146062401,57,1
28.422,-0.0012127118562401,57,1
28.424,-0.0014060214562401,57,1
28.426,-0.0015772485562401,57,1
28.428,-0.0015548756562401,57,1
28.43,-0.0014302940562401,57,1
28.432,-0.0012452608562401,57,1
28.434,-0.0010513462562401,57,1
28.436,-0.0009860546562401,57,1
28.438,-0.0010916997562401,57,1
28.44,-0.0012799999562401,57,1
28.442,-0.0014701514562401,57,1
28.444,-0.0015239238562401,57,1
28.446,-0.0014026818562401,57,1
28.448,-0.0012241947562401,57,1
28.45,-0.0010388590562401,57,1
28.452,-0.0009042949562401,57,1
28.454,-0.0009558530562401,57,1
28.456,-0.0011325977562401,57,1
28.458,-0.0013064868562401,57,1
28.46,-0.0014267729562401,57,1
28.462,-0.0013574278562401,57,1
28.464,-0.0010025227562401,57,1
28.466,-0.0009139749562401,57,1
28.468,-0.0008254271562401,57,1
28.47,-0.0008228740562401,57,1
28.472,-0.0009620361562401,57,1
28.474,-0.0011530346562401,57,1
28.476,-0.0013076484562401,57,1
28.478,-0.0012420725062401,57,1
28.48,-0.0011764965562401,57,1
28.482,-0.0008230192562401,57,1
28.484,-0.0012054518562401,57,1
28.486,-0.0012283773229067,57,1
28.488,-0.0012513027895734,57,1
28.49,-0.0012742282562401,57,1
28.492,-0.0011819455895734,57,1
28.494,-0.0010896629229067,57,1
28.496,-0.0009973802562401,57,1
28.498,-0.0008015417562401,57,1
28.5,-0.0007315614062401,58,0
28.502,-0.0006615810562401,58,0
28.504,-0.0007221052562401,58,0
28.506,-0.0008983901562401,58,0
28.508,-0.0010916271562401,58,0
28.51,-0.0012240616562401,58,0
28.512,-0.0011580803562401,58,0
28.514,-0.0008174169562401,58,0
28.516,-0.0006389903562401,58,0
28.518,-0.0006367337062401,58,0
28.52,-0.0006344770562401,58,0
28.522,-0.0007821212562401,58,0
28.524,-0.0009768102562401,58,0
28.526,-0.0011493320562401,58,0
28.528,-0.0011474202562401,58,0
28.53,-0.0010193659562401,58,0
28.532,-0.0008390275562401,58,0
28.534,-0.0006564143562401,58,0
28.536,-0.0005839958562401,58,0
28.538,-0.0006916011562401,58,0
28.54,-0.0008945302562401,58,0
28.542,-0.0010835443562401,58,0
28.544,-0.0011571486562401,58,0
28.546,-0.0010584126562401,58,0
28.548,-0.0008917472562401,58,0
28.55,-0.0006866159562401,58,0
28.552,-0.0005628450562401,58,0
28.554,-0.0006299637562401,58,0
28.556,-0.0010052452562401,58,0
28.558,-0.0011446977562401,58,0
28.56,-0.0011145627062401,58,0
28.562,-0.0010844276562401,58,0
28.564,-0.0009362631562401,58,0
28.566,-0.0007512299562401,58,0
28.568,-0.0005887632562401,58,0
28.57,-0.0005872386562401,58,0
28.572,-0.0007386338562401,58,0
28.574,-0.0009375215562401,58,0
28.576,-0.0009881842562401,58,0
28.578,-0.0008092736562401,58,0
28.58,-0.0006276284562401,58,0
28.582,-0.0005631233562401,58,0
28.584,-0.0006002219562401,58,0
28.586,-0.0006373205562401,58,0
28.588,-0.0006744191562401,58,0
28.59,-0.0008677045562401,58,0
28.592,-0.0011426770562401,58,0
28.594,-0.0010276181562401,58,0
28.596,-0.0009428395062401,58,0
28.598,-0.0008580608562401,58,0
28.6,-0.0006056427562401,58,0
28.602,-0.0007904823562401,58,0
28.604,-0.0009833442562401,58,0
28.606,-0.0010555147062401,58,0
28.608,-0.0011276851562401,58,0
28.61,-0.0010977679062401,58,0
28.612,-0.0010678506562401,58,0
28.614,-0.0009206541562401,58,0
28.616,-0.0007335639562401,58,0
28.618,-0.0005706979562401,58,0
28.62,-0.0005648052562401,58,0
28.622,-0.0007135989562401,58,0
28.624,-0.0009201822562401,58,0
28.626,-0.0011012103562401,58,0
28.628,-0.0011025897562401,58,0
28.63,-0.0009767255562401,58,0
28.632,-0.0007969437562401,58,0
28.634,-0.0006114870562401,58,0
28.636,-0.0005393831562401,58,0
28.638,-0.0006485735562401,58,0
28.64,-0.0008515510562401,58,0
28.642,-0.0010348055562401,58,0
28.644,-0.0006704866562401,58,0
28.646,-0.0005406536562401,58,0
28.648,-0.0005525056062401,58,0
28.65,-0.0005643575562401,58,0
28.652,-0.0005762095062401,58,0
28.654,-0.0005880614562401,58,0
28.656,-0.0009601001562401,58,0
28.658,-0.0010320770062401,58,0
28.66,-0.0011040538562401,58,0
28.662,-0.0010482607562401,58,0
28.664,-0.0009085057562401,58,0
28.666,-0.0007206895562401,58,0
28.668,-0.0005516888562401,58,0
28.67,-0.0006953158562401,58,0
28.672,-0.0009653273562401,58,0
28.674,-0.0006019643562401,58,0
28.676,-0.0005241250562401,58,0
28.678,-0.0005773771562401,58,0
28.68,-0.0006306292562401,58,0
28.682,-0.0008193892562401,58,0
28.684,-0.0009958193562401,58,0
28.686,-0.0008404916562401,58,0
28.688,-0.0006539338562401,58,0
28.69,-0.0005665476562401,58,0
28.692,-0.0010839073562401,58,0
28.694,-0.0010654104895734,58,0
28.696,-0.0010469136229067,58,0
28.698,-0.0010284167562401,58,0
28.7,-0.0009935717812401,58,0
28.702,-0.0009587268062401,58,0
28.704,-0.0009238818312401,58,0
28.706,-0.0008890368562401,58,0
28.708,-0.0005314455562401,58,0
28.71,-0.0005286464229067,58,0
28.712,-0.0005258472895734,58,0
28.714,-0.0005230481562401,58,0
28.716,-0.0006074517062401,58,0
28.718,-0.0006918552562401,58,0
28.72,-0.0007762588062401,58,0
28.722,-0.0008606623562401,58,0
28.724,-0.0009490105062401,58,0
28.726,-0.0010373586562401,58,0
28.728,-0.0010565492562401,58,0
28.73,-0.0009355734562401,58,0
28.732,-0.0005965556562401,58,0
28.734,-0.0006936581562401,58,0
28.736,-0.0007907606562401,58,0
28.738,-0.0009822068562401,58,0
28.74,-0.0009814969895734,58,0
28.742,-0.0009807871229067,58,0
28.744,-0.0009800772562401,58,0
28.746,-0.0006344528562401,58,0
28.748,-0.0005664690062401,58,0
28.75,-0.0004984851562401,58,0
28.752,-0.0007255900562401,58,0
28.754,-0.0009199039562401,58,0
28.756,-0.0010680563562401,58,0
28.758,-0.0010198741562401,58,0
28.76,-0.0009523803562401,58,0
28.762,-0.0008848865562401,58,0
28.764,-0.0006997686562401,58,0
28.766,-0.0005132229562401,58,0
28.768,-0.0006570556562401,58,0
28.77,-0.0008558465562401,58,0
28.772,-0.0009468385562401,58,0
28.774,-0.0010378305562401,58,0
28.776,-0.0010486721562401,58,0
28.778,-0.0009361300562401,58,0
28.78,-0.0007593490562401,58,0
28.782,-0.0005788775562401,58,0
28.784,-0.0005963378562401,58,0
28.786,-0.0007909905562401,58,0
28.788,-0.0010693389562401,58,0
28.79,-0.0009800167562401,58,0
28.792,-0.0006375504562401,58,0
28.794,-0.0005651622062401,58,0
28.796,-0.0004927739562401,58,0
28.798,-0.0007247793562401,58,0
28.8,-0.0007894498229067,58,0
28.802,-0.0008541202895734,58,0
28.804,-0.0009187907562401,58,0
28.806,-0.0010588482562401,58,0
28.808,-0.0010352230062401,58,0
28.81,-0.0010115977562401,58,0
28.812,-0.0008772030562401,58,0
28.814,-0.0005192608562401,58,0
28.816,-0.0006435278562401,58,0
28.818,-0.0010257063562401,58,0
28.82,-0.0007486163562401,58,0
28.822,-0.0007740263562401,58,0
28.824,-0.0009657992562401,58,0
28.826,-0.0010137939062401,58,0
28.828,-0.0010617885562401,58,0
28.83,-0.0008098302562401,58,0
28.832,-0.0004881033562401,58,0
28.834,-0.0007016320562401,58,0
28.836,-0.0007994847562401,58,0
28.838,-0.0008973374562401,58,0
28.84,-0.0008546196162401,58,0
28.842,-0.0008119017762401,58,0
28.844,-0.0007691839362401,58,0
28.846,-0.0007264660962401,58,0
28.848,-0.0006837482562401,58,0
28.85,-0.0005164778562401,58,0
28.852,-0.0005292137784623,58,0
28.854,-0.0005419497006845,58,0
28.856,-0.0005546856229067,58,0
28.858,-0.000567421545129,58,0
28.86,-0.0005801574673512,58,0
28.862,-0.0005928933895734,58,0
28.864,-0.0006056293117956,58,0
28.866,-0.0006183652340179,58,0
28.868,-0.0006311011562401,58,0
28.87,-0.0007301457062401,58,0
28.872,-0.0008291902562401,58,0
28.874,-0.0010136184562401,58,0
28.876,-0.0009174597562401,58,0
28.878,-0.0007399406562401,58,0
28.88,-0.0005622521562401,58,0
28.882,-0.0005188010562401,58,0
28.884,-0.0004753499562401,58,0
28.886,-0.0005702623562401,58,0
28.888,-0.0007670204562401,58,0
28.89,-0.0009582609562401,58,0
28.892,-0.0009697680562401,58,0
28.894,-0.0008922070562401,58,0
28.896,-0.0008146460562401,58,0
28.898,-0.0006335090562401,58,0
28.9,-0.0005116983562401,58,0
28.902,-0.0006892295562401,58,0
28.904,-0.0008863869562401,58,0
28.906,-0.0009666523062401,58,0
28.908,-0.0010469176562401,58,0
28.91,-0.0009985902562401,58,0
28.912,-0.0005084555562401,58,0
28.914,-0.0004913703562401,58,0
28.916,-0.0005605158062401,58,0
28.918,-0.0006296612562401,58,0
28.92,-0.0007290567062401,58,0
28.922,-0.0008284521562401,58,0
28.924,-0.0010326033562401,58,0
28.926,-0.0009771853562401,58,0
28.928,-0.0009217673562401,58,0
28.93,-0.0007486647562401,58,0
28.932,-0.0004685134562401,58,0
28.934,-0.0005658579562401,58,0
28.936,-0.0006608490062401,58,0
28.938,-0.0007558400562401,58,0
28.94,-0.0009418775562401,58,0
28.942,-0.0010375643562401,58,0
28.944,-0.0009581883562401,58,0
28.946,-0.0008255360562401,58,0
28.948,-0.0006928837562401,58,0
28.95,-0.0008837491562401,58,0
28.952,-0.0010367294562401,58,0
28.954,-0.0008638688562401,58,0
28.956,-0.0007734243812401,58,0
28.958,-0.0006829799062401,58,0
28.96,-0.0005925354312401,58,0
28.962,-0.0005020909562401,58,0
28.964,-0.0004763784562401,58,0
28.966,-0.0006109909562401,58,0
28.968,-0.0008052806562401,58,0
28.97,-0.0009878938562401,58,0
28.972,-0.0010207816562401,58,0
28.974,-0.0008823939562401,58,0
28.976,-0.0007440062562401,58,0
28.978,-0.0005523422562401,58,0
28.98,-0.0006491301562401,58,0
28.982,-0.0007459180562401,58,0
28.984,-0.0008392816562401,58,0
28.986,-0.0009326452562401,58,0
28.988,-0.0009785345062401,58,0
28.99,-0.0010244237562401,58,0
28.992,-0.0009424704562401,58,0
28.994,-0.0006082563562401,58,0
28.996,-0.0004931853562401,58,0
28.998,-0.0006154235895734,58,0
29.0,-0.0007376618229067,59,0
29.002,-0.0008599000562401,59,0
29.004,-0.0010219069562401,59,0
29.006,-0.0009876034562401,59,0
29.008,-0.0008570202562401,59,0
29.01,-0.0006820179562401,59,0
29.012,-0.0004741520562401,59,0
29.014,-0.0009069690562401,59,0
29.016,-0.0008220270562401,59,0
29.018,-0.0007370850562401,59,0
29.02,-0.0006926810812401,59,0
29.022,-0.0006482771062401,59,0
29.024,-0.0006038731312401,59,0
29.026,-0.0005594691562401,59,0
29.028,-0.0005113958562401,59,0
29.03,-0.0004633225562401,59,0
29.032,-0.0005473933562401,59,0
29.034,-0.0009242357562401,59,0
29.036,-0.0009752796062401,59,0
29.038,-0.0010263234562401,59,0
29.04,-0.0009448662562401,59,0
29.042,-0.0006096357562401,59,0
29.044,-0.0004570184562401,59,0
29.046,-0.0004927618562401,59,0
29.048,-0.0005778490562401,59,0
29.05,-0.0006629362562401,59,0
29.052,-0.0008597790562401,59,0
29.054,-0.0010232500562401,59,0
29.056,-0.0008586537562401,59,0
29.058,-0.0005056362562401,59,0
29.06,-0.0007892844562401,59,0
29.062,-0.0008814441062401,59,0
29.064,-0.0009736037562401,59,0
29.066,-0.0009478186562401,59,0
29.068,-0.0009220335562401,59,0
29.07,-0.0008962484562401,59,0
29.072,-0.0007260256562401,59,0
29.074,-0.0005551615562401,59,0
29.076,-0.0005254197562401,59,0
29.078,-0.0004956779562401,59,0
29.08,-0.0004659361562401,59,0
29.082,-0.0005399881562401,59,0
29.084,-0.0007184510562401,59,0
29.086,-0.0009122809562401,59,0
29.088,-0.0010179018562401,59,0
29.09,-0.0009370859562401,59,0
29.092,-0.0006090791562401,59,0
29.094,-0.0004666379562401,59,0
29.096,-0.0004813031562401,59,0
29.098,-0.0004959683562401,59,0
29.1,-0.0006538612562401,59,0
29.102,-0.0009700221562401,59,0
29.104,-0.0008198309062401,59,0
29.106,-0.0006696396562401,59,0
29.108,-0.0005077900562401,59,0
29.11,-0.0004895856062401,59,0
29.112,-0.0004713811562401,59,0
29.114,-0.0006000525562401,59,0
29.116,-0.0007793866562401,59,0
29.118,-0.0009587207562401,59,0
29.12,-0.0009222453062401,59,0
29.122,-0.0008857698562401,59,0
29.124,-0.0008031692062401,59,0
29.126,-0.0007205685562401,59,0
29.128,-0.0005384877562401,59,0
29.13,-0.0004434543562401,59,0
29.132,-0.0005262788562401,59,0
29.134,-0.0007147847562401,59,0
29.136,-0.0010135700562401,59,0
29.138,-0.0008086263062401,59,0
29.14,-0.0006036825562401,59,0
29.142,-0.0004634798562401,59,0
29.144,-0.0004730469229067,59,0
29.146,-0.0004826139895734,59,0
29.148,-0.0004921810562401,59,0
29.15,-0.0008401528562401,59,0
29.152,-0.0009972713562401,59,0
29.154,-0.0006622465562401,59,0
29.156,-0.0006057637562401,59,0
29.158,-0.0005492809562401,59,0
29.16,-0.0004927981562401,59,0
29.162,-0.0005880493562401,59,0
29.164,-0.0006525262229067,59,0
29.166,-0.0007170030895734,59,0
29.168,-0.0007814799562401,59,0
29.17,-0.0009946940562401,59,0
29.172,-0.0009378543062401,59,0
29.174,-0.0008810145562401,59,0
29.176,-0.0007144459562401,59,0
29.178,-0.0004406108562401,59,0
29.18,-0.0004866392562401,59,0
29.182,-0.0005326676562401,59,0
29.184,-0.0007202902562401,59,0
29.186,-0.0008992976562401,59,0
29.188,-0.0010013369562401,59,0
29.19,-0.0009299348562401,59,0
29.192,-0.0007757324562401,59,0
29.194,-0.0004928344562401,59,0
29.196,-0.0005736987562401,59,0
29.198,-0.0006545630562401,59,0
29.2,-0.0007513933062401,59,0
29.202,-0.0008482235562401,59,0
29.204,-0.0009800409562401,59,0
29.206,-0.0009155600562401,59,0
29.208,-0.0008510791562401,59,0
29.21,-0.0004889140562401,59,0
29.212,-0.0005391109062401,59,0
29.214,-0.0005893077562401,59,0
29.216,-0.0006843714062401,59,0
29.218,-0.0007794350562401,59,0
29.22,-0.0009576196562401,59,0
29.222,-0.0010043377562401,59,0
29.224,-0.0008935622562401,59,0
29.226,-0.0007213792562401,59,0
29.228,-0.0005462922562401,59,0
29.23,-0.0007158495562401,59,0
29.232,-0.0010183979562401,59,0
29.234,-0.0009932097895734,59,0
29.236,-0.0009680216229067,59,0
29.238,-0.0009428334562401,59,0
29.24,-0.0008667970562401,59,0
29.242,-0.0007907606562401,59,0
29.244,-0.0004470117562401,59,0
29.246,-0.0004633286062401,59,0
29.248,-0.0004796454562401,59,0
29.25,-0.0006399946562401,59,0
29.252,-0.0008332800562401,59,0
29.254,-0.0010006230562401,59,0
29.256,-0.0008379264562401,59,0
29.258,-0.0006581325562401,59,0
29.26,-0.0004881033562401,59,0
29.262,-0.0004460800562401,59,0
29.264,-0.0007837063562401,59,0
29.266,-0.0009585029562401,59,0
29.268,-0.0009992920562401,59,0
29.27,-0.0009596847229067,59,0
29.272,-0.0009200773895734,59,0
29.274,-0.0008804700562401,59,0
29.276,-0.0004441198562401,59,0
29.278,-0.0005245485562401,59,0
29.28,-0.0005858431229067,59,0
29.282,-0.0006471376895734,59,0
29.284,-0.0007084322562401,59,0
29.286,-0.0010057171562401,59,0
29.288,-0.0009716496062401,59,0
29.29,-0.0009375820562401,59,0
29.292,-0.0007869975562401,59,0
29.294,-0.0006085588562401,59,0
29.296,-0.0004840982562401,59,0
29.298,-0.0005673765062401,59,0
29.3,-0.0006506547562401,59,0
29.302,-0.0008418347562401,59,0
29.304,-0.0009800772562401,59,0
29.306,-0.0009148461562401,59,0
29.308,-0.0008496150562401,59,0
29.31,-0.0006704019562401,59,0
29.312,-0.0005040511562401,59,0
29.314,-0.0007756114562401,59,0
29.316,-0.0008679223562401,59,0
29.318,-0.0009602332562401,59,0
29.32,-0.0009319737062401,59,0
29.322,-0.0009037141562401,59,0
29.324,-0.0008206597562401,59,0
29.326,-0.0007376053562401,59,0
29.328,-0.0004690337562401,59,0
29.33,-0.0005412949562401,59,0
29.332,-0.0006284996562401,59,0
29.334,-0.0007157043562401,59,0
29.336,-0.0009008222562401,59,0
29.338,-0.0007904944562401,59,0
29.34,-0.0007064841562401,59,0
29.342,-0.0006224738562401,59,0
29.344,-0.0004769108562401,59,0
29.346,-0.0004846911562401,59,0
29.348,-0.0004924714562401,59,0
29.35,-0.0006484646562401,59,0
29.352,-0.0009910519562401,59,0
29.354,-0.0007508851062401,59,0
29.356,-0.0005107182562401,59,0
29.358,-0.0004894585562401,59,0
29.36,-0.0004681988562401,59,0
29.362,-0.0005266297562401,59,0
29.364,-0.0005850606562401,59,0
29.366,-0.0007711465562401,59,0
29.368,-0.0009026130562401,59,0
29.37,-0.0008229406062401,59,0
29.372,-0.0007432681562401,59,0
29.374,-0.0006543271062401,59,0
29.376,-0.0005653860562401,59,0
29.378,-0.0005309494562401,59,0
29.38,-0.0006208706062401,59,0
29.382,-0.0007107917562401,59,0
29.384,-0.0010041683562401,59,0
29.386,-0.0009727930562401,59,0
29.388,-0.0009414177562401,59,0
29.39,-0.0007931927562401,59,0
29.392,-0.0006219051562401,59,0
29.394,-0.0004755435562401,59,0
29.396,-0.0004796454562401,59,0
29.398,-0.0006314520562401,59,0
29.4,-0.0009833442562401,59,0
29.402,-0.0007460027562401,59,0
29.404,-0.0005086612562401,59,0
29.406,-0.0004962194312401,59,0
29.408,-0.0004837776062401,59,0
29.41,-0.0004713357812401,59,0
29.412,-0.0004588939562401,59,0
29.414,-0.0005706616562401,59,0
29.416,-0.0007594821562401,59,0
29.418,-0.0009332018562401,59,0
29.42,-0.0009944641562401,59,0
29.422,-0.0008947722562401,59,0
29.424,-0.0007297282562401,59,0
29.426,-0.0004421233562401,59,0
29.428,-0.0004777820562401,59,0
29.43,-0.0005134407562401,59,0
29.432,-0.0006945172562401,59,0
29.434,-0.0008854673562401,59,0
29.436,-0.0010086211562401,59,0
29.438,-0.0007974519562401,59,0
29.44,-0.0006353361562401,59,0
29.442,-0.0004732203562401,59,0
29.444,-0.0004841587562401,59,0
29.446,-0.0006508483562401,59,0
29.448,-0.0008175379562401,59,0
29.45,-0.0008521560562401,59,0
29.452,-0.0008072166562401,59,0
29.454,-0.0007622772562401,59,0
29.456,-0.0007173378562401,59,0
29.458,-0.0006723984562401,59,0
29.46,-0.0005020788562401,59,0
29.462,-0.0005680480562401,59,0
29.464,-0.0006635231062401,59,0
29.466,-0.0007589981562401,59,0
29.468,-0.0009351862562401,59,0
29.47,-0.0008994186562401,59,0
29.472,-0.0007378231562401,59,0
29.474,-0.0006504914062401,59,0
29.476,-0.0005631596562401,59,0
29.478,-0.0004555422562401,59,0
29.48,-0.0005162963562401,59,0
29.482,-0.0008822124562401,59,0
29.484,-0.0009517148562401,59,0
29.486,-0.0008427704895734,59,0
29.488,-0.0007338261229067,59,0
29.49,-0.0006248817562401,59,0
29.492,-0.0004665653562401,59,0
29.494,-0.0005174861895734,59,0
29.496,-0.0005684070229067,59,0
29.498,-0.0006193278562401,59,0
29.5,-0.0008184575562401,60,0
29.502,-0.0009832958562401,60,0
29.504,-0.0008590651562401,60,0
29.506,-0.0007705839062401,60,0
29.508,-0.0006821026562401,60,0
29.51,-0.0005067615562401,60,0
29.512,-0.0004416393562401,60,0
29.514,-0.0005604250562401,60,0
29.516,-0.0007501893562401,60,0
29.518,-0.0009366503562401,60,0
29.52,-0.0010090083562401,60,0
29.522,-0.0009041134562401,60,0
29.524,-0.0007440183562401,60,0
29.526,-0.0005634379562401,60,0
29.528,-0.0004395097562401,60,0
29.53,-0.0004981705562401,60,0
29.532,-0.0006737052562401,60,0
29.534,-0.0008610858562401,60,0
29.536,-0.0010005383562401,60,0
29.538,-0.0009383201562401,60,0
29.54,-0.0007989160562401,60,0
29.542,-0.0006228247562401,60,0
29.544,-0.0006075303562401,60,0
29.546,-0.0006751572562401,60,0
29.548,-0.0007427841562401,60,0
29.55,-0.0008104110562401,60,0
29.552,-0.0009827029562401,60,0
29.554,-0.0009877607562401,60,0
29.556,-0.0008700035562401,60,0
29.558,-0.0006890722562401,60,0
29.56,-0.0004425952562401,60,0
29.562,-0.0005578719562401,60,0
29.564,-0.0007575945562401,60,0
29.566,-0.0008479452562401,60,0
29.568,-0.0009382959562401,60,0
29.57,-0.0010105450562401,60,0
29.572,-0.0009125955562401,60,0
29.574,-0.0007506733562401,60,0
29.576,-0.0004442529562401,60,0
29.578,-0.0005036397562401,60,0
29.58,-0.0006863074062401,60,0
29.582,-0.0008689750562401,60,0
29.584,-0.0010033576562401,60,0
29.586,-0.0009483752562401,60,0
29.588,-0.0006216994562401,60,0
29.59,-0.0005420693562401,60,0
29.592,-0.0004624392562401,60,0
29.594,-0.0004596623062401,60,0
29.596,-0.0004568853562401,60,0
29.598,-0.0006033437562401,60,0
29.6,-0.0007939066562401,60,0
29.602,-0.0009694776562401,60,0
29.604,-0.0009808153562401,60,0
29.606,-0.0008619933562401,60,0
29.608,-0.0006844742562401,60,0
29.61,-0.0004423290562401,60,0
29.612,-0.0005464616562401,60,0
29.614,-0.0007344593562401,60,0
29.616,-0.0008263044062401,60,0
29.618,-0.0009181494562401,60,0
29.62,-0.0009071142562401,60,0
29.622,-0.0007446596562401,60,0
29.624,-0.0005987518062401,60,0
29.626,-0.0004528439562401,60,0
29.628,-0.0004798632562401,60,0
29.63,-0.0005068825562401,60,0
29.632,-0.0006800335562401,60,0
29.634,-0.0010058139562401,60,0
29.636,-0.0009097581062401,60,0
29.638,-0.0008137022562401,60,0
29.64,-0.0006449919562401,60,0
29.642,-0.0004762816562401,60,0
29.644,-0.0005438480562401,60,0
29.646,-0.0006114144562401,60,0
29.648,-0.0008028001562401,60,0
29.65,-0.0008873791562401,60,0
29.652,-0.0009719581562401,60,0
29.654,-0.0009765682562401,60,0
29.656,-0.0008570565562401,60,0
29.658,-0.0006890480562401,60,0
29.66,-0.0005156429562401,60,0
29.662,-0.0007331162562401,60,0
29.664,-0.0009221545562401,60,0
29.666,-0.0009473790229067,60,0
29.668,-0.0009726034895734,60,0
29.67,-0.0009978279562401,60,0
29.672,-0.0005674551562401,60,0
29.674,-0.0004414578562401,60,0
29.676,-0.0005180629562401,60,0
29.678,-0.0005946680562401,60,0
29.68,-0.0006712731562401,60,0
29.682,-0.0008623926562401,60,0
29.684,-0.0010129287562401,60,0
29.686,-0.0008107498562401,60,0
29.688,-0.0007234423062401,60,0
29.69,-0.0006361347562401,60,0
29.692,-0.0004708366562401,60,0
29.694,-0.0004656094562401,60,0
29.696,-0.0006036462562401,60,0
29.698,-0.0007936283562401,60,0
29.7,-0.0009649159562401,60,0
29.702,-0.0008687814562401,60,0
29.704,-0.0005124001562401,60,0
29.706,-0.0004343551562401,60,0
29.708,-0.0004834630062401,60,0
29.71,-0.0005325708562401,60,0
29.712,-0.0007193464562401,60,0
29.714,-0.0009102965562401,60,0
29.716,-0.0009959766562401,60,0
29.718,-0.0008731072062401,60,0
29.72,-0.0007502377562401,60,0
29.722,-0.0005919334562401,60,0
29.724,-0.0004336291562401,60,0
29.726,-0.0004606605562401,60,0
29.728,-0.0004876919562401,60,0
29.73,-0.0006672922562401,60,0
29.732,-0.0008378054562401,60,0
29.734,-0.0009487382562401,60,0
29.736,-0.0007082689062401,60,0
29.738,-0.0004677995562401,60,0
29.74,-0.0004499157562401,60,0
29.742,-0.0004968597229067,60,0
29.744,-0.0005438036895734,60,0
29.746,-0.0005907476562401,60,0
29.748,-0.0007871669562401,60,0
29.75,-0.0009690057562401,60,0
29.752,-0.0009869742562401,60,0
29.754,-0.0008719516562401,60,0
29.756,-0.0006994661562401,60,0
29.758,-0.0005200473562401,60,0
29.76,-0.0004401147562401,60,0
29.762,-0.0009029155562401,60,0
29.764,-0.0009497062562401,60,0
29.766,-0.0009964969562401,60,0
29.768,-0.0009121357562401,60,0
29.77,-0.0007540976562401,60,0
29.772,-0.0005782604562401,60,0
29.774,-0.0004417119562401,60,0
29.776,-0.0004617011562401,60,0
29.778,-0.0004816903562401,60,0
29.78,-0.0006567410562401,60,0
29.782,-0.0008438675562401,60,0
29.784,-0.0009940164562401,60,0
29.786,-0.0009554900562401,60,0
29.788,-0.0008241929562401,60,0
29.79,-0.0006489244562401,60,0
29.792,-0.0004778062562401,60,0
29.794,-0.0005779337562401,60,0
29.796,-0.0006743042062401,60,0
29.798,-0.0007706746562401,60,0
29.8,-0.0009618788562401,60,0
29.802,-0.0009827997562401,60,0
29.804,-0.0008674867562401,60,0
29.806,-0.0005152073562401,60,0
29.808,-0.0004301322562401,60,0
29.81,-0.0005715086562401,60,0
29.812,-0.0007128850562401,60,0
29.814,-0.0008618058062401,60,0
29.816,-0.0010107265562401,60,0
29.818,-0.0009273212562401,60,0
29.82,-0.0008505951562401,60,0
29.822,-0.0007738690562401,60,0
29.824,-0.0005841531562401,60,0
29.826,-0.0004328668562401,60,0
29.828,-0.0004729541562401,60,0
29.83,-0.0008366801562401,60,0
29.832,-0.0009900234562401,60,0
29.834,-0.0009705545562401,60,0
29.836,-0.0009510856562401,60,0
29.838,-0.0008172354562401,60,0
29.84,-0.0006383611562401,60,0
29.842,-0.0004529891562401,60,0
29.844,-0.0004329152562401,60,0
29.846,-0.0005717990562401,60,0
29.848,-0.0007695130562401,60,0
29.85,-0.0009845300562401,60,0
29.852,-0.0009273454562401,60,0
29.854,-0.0008701608562401,60,0
29.856,-0.0006939969562401,60,0
29.858,-0.0005129204562401,60,0
29.86,-0.0006061630562401,60,0
29.862,-0.0006994056562401,60,0
29.864,-0.0009969567562401,60,0
29.866,-0.0009693889229067,60,0
29.868,-0.0009418210895734,60,0
29.87,-0.0009142532562401,60,0
29.872,-0.0007583326562401,60,0
29.874,-0.0005727912562401,60,0
29.876,-0.0004307977562401,60,0
29.878,-0.0004647261562401,60,0
29.88,-0.0006331218562401,60,0
29.882,-0.0008290208562401,60,0
29.884,-0.0009971261562401,60,0
29.886,-0.0009590958562401,60,0
29.888,-0.0008203814562401,60,0
29.89,-0.0006375383562401,60,0
29.892,-0.0004634314562401,60,0
29.894,-0.0007674923562401,60,0
29.896,-0.0008292709229067,60,0
29.898,-0.0008910494895734,60,0
29.9,-0.0009528280562401,60,0
29.902,-0.0009858247562401,60,0
29.904,-0.0008764044562401,60,0
29.906,-0.0005175789562401,60,0
29.908,-0.0004195447562401,60,0
29.91,-0.0004608178562401,60,0
29.912,-0.0005020909562401,60,0
29.914,-0.0006894594562401,60,0
29.916,-0.0008852132562401,60,0
29.918,-0.0009925644562401,60,0
29.92,-0.0009148340562401,60,0
29.922,-0.0007603654562401,60,0
29.924,-0.0005837417562401,60,0
29.926,-0.0004312575562401,60,0
29.928,-0.0004643389562401,60,0
29.93,-0.0006358927562401,60,0
29.932,-0.0008302550562401,60,0
29.934,-0.0009837435562401,60,0
29.936,-0.0008193650562401,60,0
29.938,-0.0006401277562401,60,0
29.94,-0.0004608904562401,60,0
29.942,-0.0005560690562401,60,0
29.944,-0.0006549805062401,60,0
29.946,-0.0007538919562401,60,0
29.948,-0.0009450235562401,60,0
29.95,-0.0009616429062401,60,0
29.952,-0.0009782622562401,60,0
29.954,-0.0008664340562401,60,0
29.956,-0.0006947834562401,60,0
29.958,-0.0004141481562401,60,0
29.96,-0.0004568127562401,60,0
29.962,-0.0004994773562401,60,0
29.964,-0.0006870999562401,60,0
29.966,-0.0009114097562401,60,0
29.968,-0.0007657620562401,60,0
29.97,-0.0007032978229067,60,0
29.972,-0.0006408335895734,60,0
29.974,-0.0005783693562401,60,0
29.976,-0.0004194600562401,60,0
29.978,-0.0004460195562401,60,0
29.98,-0.0006156857562401,60,0
29.982,-0.0009707723562401,60,0
29.984,-0.0009453986562401,60,0
29.986,-0.0008184212562401,60,0
29.988,-0.0006437275062401,60,0
29.99,-0.0004690337562401,60,0
29.992,-0.0004503997562401,60,0
29.994,-0.0004317657562401,60,0
29.996,-0.0005589972562401,60,0
29.998,-0.0007528392562401,60,0
30.0,-0.0009783711562401,61,0
30.002,-0.0008764770562401,61,0
30.004,-0.0007255497229067,61,0
30.006,-0.0005746223895734,61,0
30.008,-0.0004236950562401,61,0
30.01,-0.0005014254562401,61,0
30.012,-0.0006912623562401,61,0
30.014,-0.0008797198562401,61,0
30.016,-0.0009888981562401,61,0
30.018,-0.0009213438562401,61,0
30.02,-0.0007706141562401,61,0
30.022,-0.0004383360562401,61,0
30.024,-0.0004480100062401,61,0
30.026,-0.0004576839562401,61,0
30.028,-0.0006187228562401,61,0
30.03,-0.0009710627562401,61,0
30.032,-0.0008129883562401,61,0
30.034,-0.0004602128562401,61,0
30.036,-0.0004172941562401,61,0
30.038,-0.0005396251562401,61,0
30.04,-0.0005898583062401,61,0
30.042,-0.0006400914562401,61,0
30.044,-0.0006903246062401,61,0
30.046,-0.0007405577562401,61,0
30.048,-0.0009352104562401,61,0
30.05,-0.0009813477562401,61,0
30.052,-0.0008753759562401,61,0
30.054,-0.0007029146562401,61,0
30.056,-0.0005168892562401,61,0
30.058,-0.0004096469562401,61,0
30.06,-0.0004934878562401,61,0
30.062,-0.0006815339562401,61,0
30.064,-0.0008799739562401,61,0
30.066,-0.0010025953562401,61,0
30.068,-0.0009221061562401,61,0
30.07,-0.0007702874562401,61,0
30.072,-0.0005871055562401,61,0
30.074,-0.0004526745562401,61,0
30.076,-0.0005349727062401,61,0
30.078,-0.0006172708562401,61,0
30.08,-0.0008050507562401,61,0
30.082,-0.0009782138562401,61,0
30.084,-0.0009495368562401,61,0
30.086,-0.0008210832562401,61,0
30.088,-0.0006506668562401,61,0
30.09,-0.0004733050562401,61,0
30.092,-0.0004272403562401,61,0
30.094,-0.0005490631562401,61,0
30.096,-0.0007437763562401,61,0
30.098,-0.0009399173562401,61,0
30.1,-0.0009908825562401,61,0
30.102,-0.0008795504562401,61,0
30.104,-0.0007059638562401,61,0
30.106,-0.0004186735562401,61,0
30.108,-0.0004584765062401,61,0
30.11,-0.0004982794562401,61,0
30.112,-0.0006858173562401,61,0
30.114,-0.0009964727562401,61,0
30.116,-0.0007833675562401,61,0
30.118,-0.0005900579562401,61,0
30.12,-0.0005372535562401,61,0
30.122,-0.0004844491562401,61,0
30.124,-0.0004316447562401,61,0
30.126,-0.0004530980562401,61,0
30.128,-0.0006093211562401,61,0
30.13,-0.0008021225562401,61,0
30.132,-0.0009702036562401,61,0
30.134,-0.0009519931562401,61,0
30.136,-0.0006403213562401,61,0
30.138,-0.0005530017062401,61,0
30.14,-0.0004656820562401,61,0
30.142,-0.0004163503562401,61,0
30.144,-0.0005405689562401,61,0
30.146,-0.0007369761562401,61,0
30.148,-0.0009328025562401,61,0
30.15,-0.0009925886562401,61,0
30.152,-0.0008856488562401,61,0
30.154,-0.0007083233562401,61,0
30.156,-0.0005186800562401,61,0
30.158,-0.0004868570562401,61,0
30.16,-0.0006763309562401,61,0
30.162,-0.0007596999562401,61,0
30.164,-0.0008430689562401,61,0
30.166,-0.0009264379562401,61,0
30.168,-0.0007724412562401,61,0
30.17,-0.0006817457062401,61,0
30.172,-0.0005910501562401,61,0
30.174,-0.0004273250562401,61,0
30.176,-0.0004466608562401,61,0
30.178,-0.0006136045562401,61,0
30.18,-0.0009786131562401,61,0
30.182,-0.0009604268562401,61,0
30.184,-0.0008956495062401,61,0
30.186,-0.0008308721562401,61,0
30.188,-0.0006490091562401,61,0
30.19,-0.0005322078562401,61,0
30.192,-0.0007316884562401,61,0
30.194,-0.0007976052229067,61,0
30.196,-0.0008635219895734,61,0
30.198,-0.0009294387562401,61,0
30.2,-0.0009808274562401,61,0
30.202,-0.0008720242562401,61,0
30.204,-0.0004069728562401,61,0
30.206,-0.0004424561062401,61,0
30.208,-0.0004779393562401,61,0
30.21,-0.0005711880062401,61,0
30.212,-0.0006644366562401,61,0
30.214,-0.0009901444562401,61,0
30.216,-0.0007972220562401,61,0
30.218,-0.0004240822562401,61,0
30.22,-0.0004397517562401,61,0
30.222,-0.0006011294562401,61,0
30.224,-0.0006697122562401,61,0
30.226,-0.0007382950562401,61,0
30.228,-0.0008068778562401,61,0
30.23,-0.0009795327562401,61,0
30.232,-0.0009660170562401,61,0
30.234,-0.0008347562562401,61,0
30.236,-0.0006557730562401,61,0
30.238,-0.0004722644562401,61,0
30.24,-0.0004178870562401,61,0
30.242,-0.0005369510562401,61,0
30.244,-0.0009283981562401,61,0
30.246,-0.0009890917562401,61,0
30.248,-0.0009394031062401,61,0
30.25,-0.0008897144562401,61,0
30.252,-0.0007199635562401,61,0
30.254,-0.0005267507562401,61,0
30.256,-0.0004118370562401,61,0
30.258,-0.0004866876562401,61,0
30.26,-0.0006738746562401,61,0
30.262,-0.0008616545562401,61,0
30.264,-0.0009247681562401,61,0
30.266,-0.0007773538562401,61,0
30.268,-0.0006857084562401,61,0
30.27,-0.0005940630562401,61,0
30.272,-0.0004282688562401,61,0
30.274,-0.0004406592562401,61,0
30.276,-0.0005962894562401,61,0
30.278,-0.0007990975562401,61,0
30.28,-0.0009733617562401,61,0
30.282,-0.0008352886562401,61,0
30.284,-0.0006585439562401,61,0
30.286,-0.0004778788562401,61,0
30.288,-0.0004142086562401,61,0
30.29,-0.0005310583562401,61,0
30.292,-0.0007230672062401,61,0
30.294,-0.0009150760562401,61,0
30.296,-0.0008896660562401,61,0
30.298,-0.0007259530562401,61,0
30.3,-0.0006623715895734,61,0
30.302,-0.0005987901229067,61,0
30.304,-0.0005352086562401,61,0
30.306,-0.0004747691562401,61,0
30.308,-0.0006620529562401,61,0
30.31,-0.0008263467562401,61,0
30.312,-0.0009906405562401,61,0
30.314,-0.0009308302562401,61,0
30.316,-0.0008552052562401,61,0
30.318,-0.0007795802562401,61,0
30.32,-0.0005895860562401,61,0
30.322,-0.0004245178562401,61,0
30.324,-0.0004406834562401,61,0
30.326,-0.0005998468562401,61,0
30.328,-0.0007911357562401,61,0
30.33,-0.0009623023562401,61,0
30.332,-0.0009565185562401,61,0
30.334,-0.0008294564562401,61,0
30.336,-0.0006525181562401,61,0
30.338,-0.0004073842562401,61,0
30.34,-0.0005240645562401,61,0
30.342,-0.0006234600062401,61,0
30.344,-0.0007228554562401,61,0
30.346,-0.0008766343562401,61,0
30.348,-0.0007124494562401,61,0
30.35,-0.0005344221562401,61,0
30.352,-0.0004652404062401,61,0
30.354,-0.0003960586562401,61,0
30.356,-0.0004304952562401,61,0
30.358,-0.0004649318562401,61,0
30.36,-0.0006550349562401,61,0
30.362,-0.0008514784562401,61,0
30.364,-0.0009892611562401,61,0
30.366,-0.0009348837562401,61,0
30.368,-0.0007891755562401,61,0
30.37,-0.0005954061562401,61,0
30.372,-0.0004267805562401,61,0
30.374,-0.0005804747562401,61,0
30.376,-0.0006871302062401,61,0
30.378,-0.0007937856562401,61,0
30.38,-0.0009772700562401,61,0
30.382,-0.0009634397562401,61,0
30.384,-0.0008408062562401,61,0
30.386,-0.0006577816562401,61,0
30.388,-0.0004716352562401,61,0
30.39,-0.0004103487562401,61,0
30.392,-0.0005222253562401,61,0
30.394,-0.0007202660562401,61,0
30.396,-0.0009812630562401,61,0
30.398,-0.0008873912562401,61,0
30.4,-0.0007235814562401,61,0
30.402,-0.0005339260562401,61,0
30.404,-0.0004048916562401,61,0
30.406,-0.0004381243062401,61,0
30.408,-0.0004713569562401,61,0
30.41,-0.0006567894562401,61,0
30.412,-0.0008505951562401,61,0
30.414,-0.0009905679562401,61,0
30.416,-0.0009342182562401,61,0
30.418,-0.0007882801562401,61,0
30.42,-0.0006019643562401,61,0
30.422,-0.0004308098562401,61,0
30.424,-0.0004248082562401,61,0
30.426,-0.0005788412562401,61,0
30.428,-0.0007797496562401,61,0
30.43,-0.0009569541562401,61,0
30.432,-0.0008399713562401,61,0
30.434,-0.0007481626062401,61,0
30.436,-0.0006563538562401,61,0
30.438,-0.0004076020562401,61,0
30.44,-0.0005149653562401,61,0
30.442,-0.0007421186562401,61,0
30.444,-0.0008657806562401,61,0
30.446,-0.0009894426562401,61,0
30.448,-0.0007286876562401,61,0
30.45,-0.0005340470562401,61,0
30.452,-0.0004027983562401,61,0
30.454,-0.0004342341562401,61,0
30.456,-0.0004656699562401,61,0
30.458,-0.0006516711562401,61,0
30.46,-0.0008563305562401,61,0
30.462,-0.0009947303562401,61,0
30.464,-0.0009365293562401,61,0
30.466,-0.0007875783562401,61,0
30.468,-0.0006016134562401,61,0
30.47,-0.0004303863562401,61,0
30.472,-0.0005046622062401,61,0
30.474,-0.0005789380562401,61,0
30.476,-0.0007805966562401,61,0
30.478,-0.0009627258562401,61,0
30.48,-0.0009692719562401,61,0
30.482,-0.0008503773562401,61,0
30.484,-0.0006636985562401,61,0
30.486,-0.0004053272562401,61,0
30.488,-0.0007251665562401,61,0
30.49,-0.0008223900562401,61,0
30.492,-0.0009196135562401,61,0
30.494,-0.0009575168062401,61,0
30.496,-0.0009954200562401,61,0
30.498,-0.0008882382562401,61,0
30.5,-0.0007177855562401,62,0
30.502,-0.0005346641562401,62,0
30.504,-0.0004584704562401,62,0
30.506,-0.0006410836562401,62,0
30.508,-0.0007411385562401,62,0
30.51,-0.0008411934562401,62,0
30.512,-0.0009880511562401,62,0
30.514,-0.0009370980562401,62,0
30.516,-0.0006149597562401,62,0
30.518,-0.0004462252562401,62,0
30.52,-0.0004286197562401,62,0
30.522,-0.0005040511562401,62,0
30.524,-0.0005794825562401,62,0
30.526,-0.0009610076562401,62,0
30.528,-0.0008473160562401,62,0
30.53,-0.0007558582062401,62,0
30.532,-0.0006644003562401,62,0
30.534,-0.0004748901562401,62,0
30.536,-0.0004358737062401,62,0
30.538,-0.0003968572562401,62,0
30.54,-0.0005065558562401,62,0
30.542,-0.0007058912562401,62,0
30.544,-0.0009007133562401,62,0
30.546,-0.0009916327562401,62,0
30.548,-0.0008958249562401,62,0
30.55,-0.0005354264562401,62,0
30.552,-0.0003980309562401,62,0
30.554,-0.0004605274562401,62,0
30.556,-0.0005517917062401,62,0
30.558,-0.0006430559562401,62,0
30.56,-0.0008335099562401,62,0
30.562,-0.0009866596562401,62,0
30.564,-0.0009358396562401,62,0
30.566,-0.0007979601562401,62,0
30.568,-0.0006104464562401,62,0
30.57,-0.0004283656562401,62,0
30.572,-0.0004091387562401,62,0
30.574,-0.0005552946562401,62,0
30.576,-0.0007599419562401,62,0
30.578,-0.0009470563562401,62,0
30.58,-0.0009611165562401,62,0
30.582,-0.0008414838562401,62,0
30.584,-0.0006655498562401,62,0
30.586,-0.0003902990562401,62,0
30.588,-0.0005461591562401,62,0
30.59,-0.0007020192562401,62,0
30.592,-0.0009008706562401,62,0
30.594,-0.0009472439062401,62,0
30.596,-0.0009936171562401,62,0
30.598,-0.0009013304562401,62,0
30.6,-0.0007383192562401,62,0
30.602,-0.0005426138562401,62,0
30.604,-0.0004021207562401,62,0
30.606,-0.0004475320562401,62,0
30.608,-0.0006268056562401,62,0
30.61,-0.0008345021562401,62,0
30.612,-0.0009863813562401,62,0
30.614,-0.0009380055562401,62,0
30.616,-0.0007941607562401,62,0
30.618,-0.0006070221562401,62,0
30.62,-0.0004293336562401,62,0
30.622,-0.0004111352562401,62,0
30.624,-0.0005668259562401,62,0
30.626,-0.0009627984562401,62,0
30.628,-0.0008573348562401,62,0
30.63,-0.0007652901562401,62,0
30.632,-0.0006732454562401,62,0
30.634,-0.0004867723562401,62,0
30.636,-0.0004431276562401,62,0
30.638,-0.0003994829562401,62,0
30.64,-0.0005004816562401,62,0
30.642,-0.0006943599562401,62,0
30.644,-0.0008981481562401,62,0
30.646,-0.0008977488562401,62,0
30.648,-0.0005468730562401,62,0
30.65,-0.0004042624562401,62,0
30.652,-0.0004604548562401,62,0
30.654,-0.0005166472562401,62,0
30.656,-0.0005728396562401,62,0
30.658,-0.0006290320562401,62,0
30.66,-0.0008254876562401,62,0
30.662,-0.0009496578562401,62,0
30.664,-0.0006156010562401,62,0
30.666,-0.0005571499895734,62,0
30.668,-0.0004986989229067,62,0
30.67,-0.0004402478562401,62,0
30.672,-0.0007660766562401,62,0
30.674,-0.0008598758562401,62,0
30.676,-0.0009536750562401,62,0
30.678,-0.0009638935062401,62,0
30.68,-0.0009741119562401,62,0
30.682,-0.0008595612562401,62,0
30.684,-0.0006810257562401,62,0
30.686,-0.0004772254562401,62,0
30.688,-0.0003886534562401,62,0
30.69,-0.0004868207562401,62,0
30.692,-0.0006824898562401,62,0
30.694,-0.0008825391562401,62,0
30.696,-0.0009812025562401,62,0
30.698,-0.0007332009562401,62,0
30.7,-0.0006375988562401,62,0
30.702,-0.0005419967562401,62,0
30.704,-0.0003908193562401,62,0
30.706,-0.0005318287229067,62,0
30.708,-0.0006728380895734,62,0
30.71,-0.0008138474562401,62,0
30.712,-0.0009374489562401,62,0
30.714,-0.0007990491562401,62,0
30.716,-0.0007015957562401,62,0
30.718,-0.0006041423562401,62,0
30.72,-0.0004237555562401,62,0
30.722,-0.0003975832562401,62,0
30.724,-0.0005416216562401,62,0
30.726,-0.0007539766562401,62,0
30.728,-0.0009490044562401,62,0
30.73,-0.0009723211562401,62,0
30.732,-0.0008534870562401,62,0
30.734,-0.0004846306562401,62,0
30.736,-0.0003928400562401,62,0
30.738,-0.0004431881562401,62,0
30.74,-0.0004935362562401,62,0
30.742,-0.0007028662562401,62,0
30.744,-0.0008849954562401,62,0
30.746,-0.0009824367562401,62,0
30.748,-0.0008974705562401,62,0
30.75,-0.0007333219562401,62,0
30.752,-0.0005401696562401,62,0
30.754,-0.0004421233562401,62,0
30.756,-0.0006189285562401,62,0
30.758,-0.0008120324562401,62,0
30.76,-0.0009801135562401,62,0
30.762,-0.0009636817562401,62,0
30.764,-0.0009472499562401,62,0
30.766,-0.0008097697562401,62,0
30.768,-0.0004271919562401,62,0
30.77,-0.0004144990562401,62,0
30.772,-0.0004018061562401,62,0
30.774,-0.0005475506562401,62,0
30.776,-0.0007550414562401,62,0
30.778,-0.0009449025562401,62,0
30.78,-0.0009758664562401,62,0
30.782,-0.0006795979562401,62,0
30.784,-0.0005422387562401,62,0
30.786,-0.0004048795562401,62,0
30.788,-0.0005488756062401,62,0
30.79,-0.0006928716562401,62,0
30.792,-0.0007905247062401,62,0
30.794,-0.0008881777562401,62,0
30.796,-0.0009971503562401,62,0
30.798,-0.0009133336562401,62,0
30.8,-0.0007556706562401,62,0
30.802,-0.0005653013562401,62,0
30.804,-0.0004154307562401,62,0
30.806,-0.0004494922562401,62,0
30.808,-0.0006195093562401,62,0
30.81,-0.0008165094562401,62,0
30.812,-0.0009836104562401,62,0
30.814,-0.0009493190562401,62,0
30.816,-0.0008063454562401,62,0
30.818,-0.0004368356562401,62,0
30.82,-0.0004057144562401,62,0
30.822,-0.0004740310562401,62,0
30.824,-0.0005423476562401,62,0
30.826,-0.0009367592562401,62,0
30.828,-0.0009539775562401,62,0
30.83,-0.0009711958562401,62,0
30.832,-0.0008579277562401,62,0
30.834,-0.0004865182562401,62,0
30.836,-0.0003858220562401,62,0
30.838,-0.0004770076562401,62,0
30.84,-0.0005744308062401,62,0
30.842,-0.0006718539562401,62,0
30.844,-0.0008689992562401,62,0
30.846,-0.0009894910562401,62,0
30.848,-0.0009091470562401,62,0
30.85,-0.0007478782562401,62,0
30.852,-0.0005622763562401,62,0
30.854,-0.0004073721562401,62,0
30.856,-0.0004423048562401,62,0
30.858,-0.0008067447562401,62,0
30.86,-0.0008724114562401,62,0
30.862,-0.0009380781562401,62,0
30.864,-0.0008668091562401,62,0
30.866,-0.0007955401562401,62,0
30.868,-0.0006077239562401,62,0
30.87,-0.0004005719562401,62,0
30.872,-0.0004669102062401,62,0
30.874,-0.0005332484562401,62,0
30.876,-0.0007331767562401,62,0
30.878,-0.0009306729562401,62,0
30.88,-0.0009673843562401,62,0
30.882,-0.0006791260562401,62,0
30.884,-0.0004959804562401,62,0
30.886,-0.0004392314562401,62,0
30.888,-0.0003824824562401,62,0
30.89,-0.0004711996562401,62,0
30.892,-0.0006673406562401,62,0
30.894,-0.0008595128562401,62,0
30.896,-0.0009778145562401,62,0
30.898,-0.0007465109562401,62,0
30.9,-0.0004006929562401,62,0
30.902,-0.0006002340562401,62,0
30.904,-0.0007976576562401,62,0
30.906,-0.0009655935562401,62,0
30.908,-0.0009383201562401,62,0
30.91,-0.0008010335562401,62,0
30.912,-0.0006125881562401,62,0
30.914,-0.0005215417062401,62,0
30.916,-0.0004304952562401,62,0
30.918,-0.0004150314562401,62,0
30.92,-0.0003995676562401,62,0
30.922,-0.0005673704562401,62,0
30.924,-0.0007351732562401,62,0
30.926,-0.0009263411562401,62,0
30.928,-0.0009753945562401,62,0
30.93,-0.0008651635562401,62,0
30.932,-0.0006920367562401,62,0
30.934,-0.0005956179062401,62,0
30.936,-0.0004991990562401,62,0
30.938,-0.0003878306562401,62,0
30.94,-0.0004662628562401,62,0
30.942,-0.0006627426562401,62,0
30.944,-0.0008849712562401,62,0
30.946,-0.0009028187562401,62,0
30.948,-0.0007499473562401,62,0
30.95,-0.0005707463562401,62,0
30.952,-0.0003915453562401,62,0
30.954,-0.0004156485562401,62,0
30.956,-0.0005812612562401,62,0
30.958,-0.0006820845062401,62,0
30.96,-0.0007829077562401,62,0
30.962,-0.0009379329562401,62,0
30.964,-0.0006182630562401,62,0
30.966,-0.0004399453562401,62,0
30.968,-0.0003930215562401,62,0
30.97,-0.0005221648562401,62,0
30.972,-0.0006263035062401,62,0
30.974,-0.0007304421562401,62,0
30.976,-0.0008274357562401,62,0
30.978,-0.0009244293562401,62,0
30.98,-0.0008683579562401,62,0
30.982,-0.0007787877062401,62,0
30.984,-0.0006892174562401,62,0
30.986,-0.0004958352562401,62,0
30.988,-0.0003851565562401,62,0
30.99,-0.0004643268562401,62,0
30.992,-0.0006594393562401,62,0
30.994,-0.0009891280562401,62,0
30.996,-0.0009476069062401,62,0
30.998,-0.0009060857562401,62,0
31.0,-0.0007485921562401,63,0
31.002,-0.0005671526562401,63,0
31.004,-0.0004173546562401,63,0
31.006,-0.0004348754562401,63,0
31.008,-0.0009772821562401,63,0
31.01,-0.0009651761062401,63,0
31.012,-0.0009530700562401,63,0
31.014,-0.0008211679562401,63,0
31.016,-0.0004046617562401,63,0
31.018,-0.0004488186895734,63,0
31.02,-0.0004929756229067,63,0
31.022,-0.0005371325562401,63,0
31.024,-0.0007396865562401,63,0
31.026,-0.0009422405562401,63,0
31.028,-0.0009656298562401,63,0
31.03,-0.0009890191562401,63,0
31.032,-0.0008769731562401,63,0
31.034,-0.0007019103562401,63,0
31.036,-0.0005174821562401,63,0
31.038,-0.0004047464562401,63,0
31.04,-0.0004808433562401,63,0
31.042,-0.0006723016562401,63,0
31.044,-0.0008653087562401,63,0
31.046,-0.0009174476562401,63,0
31.048,-0.0007626886562401,63,0
31.05,-0.0006715817062401,63,0
31.052,-0.0005804747562401,63,0
31.054,-0.0004235498562401,63,0
31.056,-0.0004382755562401,63,0
31.058,-0.0005993628562401,63,0
31.06,-0.0009722122562401,63,0
31.062,-0.0006336784562401,63,0
31.064,-0.0004459469562401,63,0
31.066,-0.0003978252562401,63,0
31.068,-0.0005218139562401,63,0
31.07,-0.0007196429062401,63,0
31.072,-0.0009174718562401,63,0
31.074,-0.0008917230562401,63,0
31.076,-0.0008659742562401,63,0
31.078,-0.0006921577562401,63,0
31.08,-0.0004940565562401,63,0
31.082,-0.0003796268562401,63,0
31.084,-0.0004603217562401,63,0
31.086,-0.0006513202562401,63,0
31.088,-0.0008616787562401,63,0
31.09,-0.0009915722562401,63,0
31.092,-0.0009141564562401,63,0
31.094,-0.0005595054562401,63,0
31.096,-0.0004808252062401,63,0
31.098,-0.0004021449562401,63,0
31.1,-0.0004073842562401,63,0
31.102,-0.0004126235562401,63,0
31.104,-0.0004178628562401,63,0
31.106,-0.0004231021562401,63,0
31.108,-0.0005868151562401,63,0
31.11,-0.0007931080562401,63,0
31.112,-0.0009775362562401,63,0
31.114,-0.0009603179562401,63,0
31.116,-0.0006384337562401,63,0
31.118,-0.0004575266562401,63,0
31.12,-0.0007276470562401,63,0
31.122,-0.0007911559229067,63,0
31.124,-0.0008546647895734,63,0
31.126,-0.0009181736562401,63,0
31.128,-0.0009822794562401,63,0
31.13,-0.0008762834562401,63,0
31.132,-0.0007922489562401,63,0
31.134,-0.0007082144562401,63,0
31.136,-0.0005215598562401,63,0
31.138,-0.0004716957562401,63,0
31.14,-0.0006630451562401,63,0
31.142,-0.0008639535562401,63,0
31.144,-0.0009313384562401,63,0
31.146,-0.0009987233562401,63,0
31.148,-0.0009264984562401,63,0
31.15,-0.0007712917562401,63,0
31.152,-0.0004147410562401,63,0
31.154,-0.0004207063562401,63,0
31.156,-0.0004266716562401,63,0
31.158,-0.0007918133562401,63,0
31.16,-0.0009513034562401,63,0
31.162,-0.0008231644562401,63,0
31.164,-0.0006429833562401,63,0
31.166,-0.0005507934562401,63,0
31.168,-0.0004586035562401,63,0
31.17,-0.0003963611562401,63,0
31.172,-0.0005178935562401,63,0
31.174,-0.0007212703562401,63,0
31.176,-0.0009869984562401,63,0
31.178,-0.0008505830562401,63,0
31.18,-0.0007141676562401,63,0
31.182,-0.0005338655562401,63,0
31.184,-0.0004893294895734,63,0
31.186,-0.0004447934229067,63,0
31.188,-0.0004002573562401,63,0
31.19,-0.0006555068562401,63,0
31.192,-0.0007540008562401,63,0
31.194,-0.0008524948562401,63,0
31.196,-0.0007734334562401,63,0
31.198,-0.0006533328895734,63,0
31.2,-0.0005332323229067,63,0
31.202,-0.0004131317562401,63,0
31.204,-0.0004133374562401,63,0
31.206,-0.0004135431562401,63,0
31.208,-0.0005735051562401,63,0
31.21,-0.0007848437562401,63,0
31.212,-0.0009629799562401,63,0
31.214,-0.0008345384562401,63,0
31.216,-0.0006477870562401,63,0
31.218,-0.0005540302062401,63,0
31.22,-0.0004602733562401,63,0
31.222,-0.0003988537562401,63,0
31.224,-0.0005123275562401,63,0
31.226,-0.0007097027562401,63,0
31.228,-0.0009052387562401,63,0
31.23,-0.0007089162562401,63,0
31.232,-0.0006431003229067,63,0
31.234,-0.0005772843895734,63,0
31.236,-0.0005114684562401,63,0
31.238,-0.0003868505562401,63,0
31.24,-0.0004575266562401,63,0
31.242,-0.0006460325562401,63,0
31.244,-0.0008595007562401,63,0
31.246,-0.0009922982562401,63,0
31.248,-0.0009247802562401,63,0
31.25,-0.0007763253562401,63,0
31.252,-0.0005859439562401,63,0
31.254,-0.0004252317562401,63,0
31.256,-0.0005843709562401,63,0
31.258,-0.0007890424562401,63,0
31.26,-0.0008793689562401,63,0
31.262,-0.0009696954562401,63,0
31.264,-0.0009689210562401,63,0
31.266,-0.0008425365562401,63,0
31.268,-0.0006548292562401,63,0
31.27,-0.0005159333562401,63,0
31.272,-0.0009209687562401,63,0
31.274,-0.0009456608229067,63,0
31.276,-0.0009703528895734,63,0
31.278,-0.0009950449562401,63,0
31.28,-0.0009427003562401,63,0
31.282,-0.0008903557562401,63,0
31.284,-0.0005274888562401,63,0
31.286,-0.0003948002562401,63,0
31.288,-0.0004634193562401,63,0
31.29,-0.0006521551562401,63,0
31.292,-0.0007521314062401,63,0
31.294,-0.0008521076562401,63,0
31.296,-0.0009857279562401,63,0
31.298,-0.0006020732562401,63,0
31.3,-0.0004333871562401,63,0
31.302,-0.0004326611562401,63,0
31.304,-0.0004319351562401,63,0
31.306,-0.0006105432562401,63,0
31.308,-0.0007891513562401,63,0
31.31,-0.0008826117562401,63,0
31.312,-0.0009760721562401,63,0
31.314,-0.0009799925562401,63,0
31.316,-0.0004767293562401,63,0
31.318,-0.0004017214562401,63,0
31.32,-0.0004562138062401,63,0
31.322,-0.0005107061562401,63,0
31.324,-0.0006128846062401,63,0
31.326,-0.0007150630562401,63,0
31.328,-0.0009212228562401,63,0
31.33,-0.0008901379562401,63,0
31.332,-0.0007229280562401,63,0
31.334,-0.0005359346562401,63,0
31.336,-0.0004705160062401,63,0
31.338,-0.0004050973562401,63,0
31.34,-0.0004682472562401,63,0
31.342,-0.0006489728562401,63,0
31.344,-0.0009945851562401,63,0
31.346,-0.0009670939562401,63,0
31.348,-0.0009396027562401,63,0
31.35,-0.0007991217562401,63,0
31.352,-0.0006104706562401,63,0
31.354,-0.0004375253562401,63,0
31.356,-0.0004332782562401,63,0
31.358,-0.0005800996562401,63,0
31.36,-0.0007945358562401,63,0
31.362,-0.0009821100562401,63,0
31.364,-0.0009716798562401,63,0
31.366,-0.0008467594562401,63,0
31.368,-0.0006648480562401,63,0
31.37,-0.0004775037562401,63,0
31.372,-0.0004090056562401,63,0
31.374,-0.0007171321562401,63,0
31.376,-0.0009171572562401,63,0
31.378,-0.0009610923562401,63,0
31.38,-0.0010050274562401,63,0
31.382,-0.0007358508562401,63,0
31.384,-0.0005434124562401,63,0
31.386,-0.0004101551562401,63,0
31.388,-0.0004682109562401,63,0
31.39,-0.0005615019562401,63,0
31.392,-0.0006547929562401,63,0
31.394,-0.0008588594562401,63,0
31.396,-0.0010064673562401,63,0
31.398,-0.0007930717562401,63,0
31.4,-0.0006020490562401,63,0
31.402,-0.0005144087562401,63,0
31.404,-0.0004267684562401,63,0
31.406,-0.0005792163562401,63,0
31.408,-0.0006812133062401,63,0
31.41,-0.0007832102562401,63,0
31.412,-0.0009793270562401,63,0
31.414,-0.0009180526562401,63,0
31.416,-0.0008567782562401,63,0
31.418,-0.0006754234562401,63,0
31.42,-0.0004877161562401,63,0
31.422,-0.0004106633562401,63,0
31.424,-0.0005174821562401,63,0
31.426,-0.0007144580562401,63,0
31.428,-0.0009104054562401,63,0
31.43,-0.0009940043562401,63,0
31.432,-0.0008937437562401,63,0
31.434,-0.0007277559562401,63,0
31.436,-0.0005452637562401,63,0
31.438,-0.0004053393562401,63,0
31.44,-0.0004607815562401,63,0
31.442,-0.0008468199562401,63,0
31.444,-0.0009400988562401,63,0
31.446,-0.0008695679562401,63,0
31.448,-0.0007990370562401,63,0
31.45,-0.0007089707062401,63,0
31.452,-0.0006189043562401,63,0
31.454,-0.0004243363562401,63,0
31.456,-0.0005845282562401,63,0
31.458,-0.0006842625062401,63,0
31.46,-0.0007839967562401,63,0
31.462,-0.0009814203562401,63,0
31.464,-0.0009183672562401,63,0
31.466,-0.0008553141562401,63,0
31.468,-0.0006706197562401,63,0
31.47,-0.0003986964562401,63,0
31.472,-0.0004538966562401,63,0
31.474,-0.0005090968562401,63,0
31.476,-0.0007098479562401,63,0
31.478,-0.0009130674562401,63,0
31.48,-0.0009093164562401,63,0
31.482,-0.0005584890562401,63,0
31.484,-0.0004901240562401,63,0
31.486,-0.0004217590562401,63,0
31.488,-0.0004723612562401,63,0
31.49,-0.0006497835562401,63,0
31.492,-0.0008262136562401,63,0
31.494,-0.0010026437562401,63,0
31.496,-0.0008126737562401,63,0
31.498,-0.0006181541562401,63,0
31.5,-0.0004414578562401,64,0
31.502,-0.0004294909562401,64,0
31.504,-0.0005028351062401,64,0
31.506,-0.0005761792562401,64,0
31.508,-0.0007819760562401,64,0
31.51,-0.0009843364562401,64,0
31.512,-0.0009235037062401,64,0
31.514,-0.0008626709562401,64,0
31.516,-0.0006797915562401,64,0
31.518,-0.0004930643562401,64,0
31.52,-0.0004128050562401,64,0
31.522,-0.0005139005562401,64,0
31.524,-0.0009115549562401,64,0
31.526,-0.0009987475562401,64,0
31.528,-0.0009066181562401,64,0
31.53,-0.0008232431062401,64,0
31.532,-0.0007398680562401,64,0
31.534,-0.0004037421562401,64,0
31.536,-0.0007642798062401,64,0
31.538,-0.0011248174562401,64,0
31.54,-0.0008436497562401,64,0
31.542,-0.0009992557562401,64,0
31.544,-0.0009448904562401,64,0
31.546,-0.0008014086562401,64,0
31.548,-0.0004268894562401,64,0
31.55,-0.0004208515562401,64,0
31.552,-0.0004148136562401,64,0
31.554,-0.0005644664562401,64,0
31.556,-0.0007688959562401,64,0
31.558,-0.0009614795562401,64,0
31.56,-0.0009820253562401,64,0
31.562,-0.0008595491562401,64,0
31.564,-0.0006759679562401,64,0
31.566,-0.0004812063562401,64,0
31.568,-0.0003949212562401,64,0
31.57,-0.0005031194562401,64,0
31.572,-0.0009056864562401,64,0
31.574,-0.0009090442062401,64,0
31.576,-0.0009124019562401,64,0
31.578,-0.0007516050562401,64,0
31.58,-0.0005653255562401,64,0
31.582,-0.0004890411062401,64,0
31.584,-0.0004127566562401,64,0
31.586,-0.0004637218562401,64,0
31.588,-0.0006425719562401,64,0
31.59,-0.0008453921562401,64,0
31.592,-0.0010067335562401,64,0
31.594,-0.0009625806562401,64,0
31.596,-0.0006315972562401,64,0
31.598,-0.0004490082562401,64,0
31.6,-0.0004368961562401,64,0
31.602,-0.0004247840562401,64,0
31.604,-0.0005675035562401,64,0
31.606,-0.0007721024562401,64,0
31.608,-0.0009635244562401,64,0
31.61,-0.0009921772562401,64,0
31.612,-0.0008692049562401,64,0
31.614,-0.0006828407562401,64,0
31.616,-0.0004895190562401,64,0
31.618,-0.0004014794562401,64,0
31.62,-0.0005025991562401,64,0
31.622,-0.0010095165562401,64,0
31.624,-0.0009790729562401,64,0
31.626,-0.0009486293562401,64,0
31.628,-0.0009181857562401,64,0
31.63,-0.0007535168562401,64,0
31.632,-0.0004076746562401,64,0
31.634,-0.0004565223562401,64,0
31.636,-0.0006355660562401,64,0
31.638,-0.0008374666562401,64,0
31.64,-0.0010090083562401,64,0
31.642,-0.0009142169562401,64,0
31.644,-0.0008194255562401,64,0
31.646,-0.0004413852562401,64,0
31.648,-0.0004344801895734,64,0
31.65,-0.0004275751229067,64,0
31.652,-0.0004206700562401,64,0
31.654,-0.0007740505562401,64,0
31.656,-0.0008718246062401,64,0
31.658,-0.0009695986562401,64,0
31.66,-0.0009907736562401,64,0
31.662,-0.0006937186562401,64,0
31.664,-0.0005992055562401,64,0
31.666,-0.0005046924562401,64,0
31.668,-0.0004053030562401,64,0
31.67,-0.0004963676562401,64,0
31.672,-0.0006926659562401,64,0
31.674,-0.0008913963562401,64,0
31.676,-0.0009935082562401,64,0
31.678,-0.0005571338562401,64,0
31.68,-0.0004073237562401,64,0
31.682,-0.0004197464229067,64,0
31.684,-0.0004321690895734,64,0
31.686,-0.0004445917562401,64,0
31.688,-0.0006228247562401,64,0
31.69,-0.0008270122562401,64,0
31.692,-0.0009899992562401,64,0
31.694,-0.0009534088562401,64,0
31.696,-0.0006180089562401,64,0
31.698,-0.0004284503562401,64,0
31.7,-0.0004173607062401,64,0
31.702,-0.0004062710562401,64,0
31.704,-0.0005495108562401,64,0
31.706,-0.0007565176562401,64,0
31.708,-0.0009506500562401,64,0
31.71,-0.0009899266562401,64,0
31.712,-0.0008738876562401,64,0
31.714,-0.0006894594562401,64,0
31.716,-0.0004980495562401,64,0
31.718,-0.0004081223562401,64,0
31.72,-0.0005004211562401,64,0
31.722,-0.0007009544562401,64,0
31.724,-0.0009020927562401,64,0
31.726,-0.0009237033562401,64,0
31.728,-0.0007589497562401,64,0
31.73,-0.0006612785562401,64,0
31.732,-0.0005636073562401,64,0
31.734,-0.0004070454562401,64,0
31.736,-0.0004415304562401,64,0
31.738,-0.0006146209562401,64,0
31.74,-0.0008205266562401,64,0
31.742,-0.0009944641562401,64,0
31.744,-0.0008165820562401,64,0
31.746,-0.0007237811062401,64,0
31.748,-0.0006309801562401,64,0
31.75,-0.0004506054562401,64,0
31.752,-0.0007579454562401,64,0
31.754,-0.0008254271562401,64,0
31.756,-0.0008929088562401,64,0
31.758,-0.0009603905562401,64,0
31.76,-0.0010009255562401,64,0
31.762,-0.0007015352562401,64,0
31.764,-0.0005085039562401,64,0
31.766,-0.0004016367562401,64,0
31.768,-0.0004462978562401,64,0
31.77,-0.0004909589562401,64,0
31.772,-0.0006897498562401,64,0
31.774,-0.0010041199562401,64,0
31.776,-0.0007584536562401,64,0
31.778,-0.0005714602562401,64,0
31.78,-0.0005212089562401,64,0
31.782,-0.0004709576562401,64,0
31.784,-0.0004207063562401,64,0
31.786,-0.0008248584562401,64,0
31.788,-0.0009084271062401,64,0
31.79,-0.0009919957562401,64,0
31.792,-0.0009794480562401,64,0
31.794,-0.0009669003562401,64,0
31.796,-0.0008272421562401,64,0
31.798,-0.0004481491562401,64,0
31.8,-0.0004328729062401,64,0
31.802,-0.0004175966562401,64,0
31.804,-0.0005553430562401,64,0
31.806,-0.0007603170562401,64,0
31.808,-0.0009527070562401,64,0
31.81,-0.0008806152562401,64,0
31.812,-0.0007902948062401,64,0
31.814,-0.0006999743562401,64,0
31.816,-0.0004046133562401,64,0
31.818,-0.0004459167062401,64,0
31.82,-0.0004872200562401,64,0
31.822,-0.0008889400562401,64,0
31.824,-0.0010072054562401,64,0
31.826,-0.0007614786562401,64,0
31.828,-0.0006968646562401,64,0
31.83,-0.0006322506562401,64,0
31.832,-0.0005676366562401,64,0
31.834,-0.0003977768562401,64,0
31.836,-0.0004309429562401,64,0
31.838,-0.0006117169562401,64,0
31.84,-0.0009920925562401,64,0
31.842,-0.0009636817562401,64,0
31.844,-0.0008283432562401,64,0
31.846,-0.0006380586562401,64,0
31.848,-0.0004524688562401,64,0
31.85,-0.0004137488562401,64,0
31.852,-0.0004795365562401,64,0
31.854,-0.0005453242562401,64,0
31.856,-0.0007536983562401,64,0
31.858,-0.0009528280562401,64,0
31.86,-0.0009984208562401,64,0
31.862,-0.0007074763562401,64,0
31.864,-0.0005228061562401,64,0
31.866,-0.0004103487562401,64,0
31.868,-0.0004931732562401,64,0
31.87,-0.0008870403562401,64,0
31.872,-0.0009318103562401,64,0
31.874,-0.0008496755562401,64,0
31.876,-0.0007675407562401,64,0
31.878,-0.0005738076562401,64,0
31.88,-0.0005201562562401,64,0
31.882,-0.0004665048562401,64,0
31.884,-0.0004128534562401,64,0
31.886,-0.0006095147562401,64,0
31.888,-0.0007176040562401,64,0
31.89,-0.0008256933562401,64,0
31.892,-0.0010072901562401,64,0
31.894,-0.0009646497562401,64,0
31.896,-0.0008260079562401,64,0
31.898,-0.0006389903562401,64,0
31.9,-0.0004592327562401,64,0
31.902,-0.0004134100562401,64,0
31.904,-0.0005414522562401,64,0
31.906,-0.0007488704562401,64,0
31.908,-0.0009426156562401,64,0
31.91,-0.0008817163562401,64,0
31.912,-0.0006996355562401,64,0
31.914,-0.0005175547562401,64,0
31.916,-0.0004631713062401,64,0
31.918,-0.0004087878562401,64,0
31.92,-0.0006841354562401,64,0
31.922,-0.0008928725562401,64,0
31.924,-0.0010141750562401,64,0
31.926,-0.0009294266562401,64,0
31.928,-0.0007542549562401,64,0
31.93,-0.0005790832562401,64,0
31.932,-0.0004984912062401,64,0
31.934,-0.0004178991562401,64,0
31.936,-0.0004419660562401,64,0
31.938,-0.0006093090562401,64,0
31.94,-0.0008152147562401,64,0
31.942,-0.0009895999562401,64,0
31.944,-0.0009716435562401,64,0
31.946,-0.0008375392562401,64,0
31.948,-0.0004621367562401,64,0
31.95,-0.0004390681062401,64,0
31.952,-0.0004159994562401,64,0
31.954,-0.0005442957562401,64,0
31.956,-0.0007491366562401,64,0
31.958,-0.0009468869562401,64,0
31.96,-0.0009974891562401,64,0
31.962,-0.0008866894562401,64,0
31.964,-0.0005107182562401,64,0
31.966,-0.0004735228562401,64,0
31.968,-0.0006735479562401,64,0
31.97,-0.0010039142562401,64,0
31.972,-0.0009870166062401,64,0
31.974,-0.0009701189562401,64,0
31.976,-0.0009532213062401,64,0
31.978,-0.0009363236562401,64,0
31.98,-0.0005819267562401,64,0
31.982,-0.0004329394562401,64,0
31.984,-0.0006047715562401,64,0
31.986,-0.0007067503562401,64,0
31.988,-0.0008087291562401,64,0
31.99,-0.0009698043562401,64,0
31.992,-0.0006522882562401,64,0
31.994,-0.0004678600562401,64,0
31.996,-0.0004181169562401,64,0
31.998,-0.0005375439562401,64,0
32.0,-0.0005883972312401,65,0
32.002,-0.0006392505062401,65,0
32.004,-0.0006901037812401,65,0
32.006,-0.0007409570562401,65,0
32.008,-0.0009408853562401,65,0
32.01,-0.0009965090562401,65,0
32.012,-0.0008867015562401,65,0
32.014,-0.0007134537562401,65,0
32.016,-0.0004096832562401,65,0
32.018,-0.0004839167562401,65,0
32.02,-0.0005819691062401,65,0
32.022,-0.0006800214562401,65,0
32.024,-0.0008924369562401,65,0
32.026,-0.0010158206562401,65,0
32.028,-0.0009395422562401,65,0
32.03,-0.0007844928562401,65,0
32.032,-0.0005950794562401,65,0
32.034,-0.0004353836562401,65,0
32.036,-0.0006059210562401,65,0
32.038,-0.0007088376062401,65,0
32.04,-0.0008117541562401,65,0
32.042,-0.0009714136562401,65,0
32.044,-0.0006479685562401,65,0
32.046,-0.0004095138562401,65,0
32.048,-0.0004507022562401,65,0
32.05,-0.0004918906562401,65,0
32.052,-0.0005330790562401,65,0
32.054,-0.0006346706562401,65,0
32.056,-0.0007362622562401,65,0
32.058,-0.0009223118562401,65,0
32.06,-0.0009877244562401,65,0
32.062,-0.0008871008562401,65,0
32.064,-0.0007132964562401,65,0
32.066,-0.0005171312562401,65,0
32.068,-0.0004695782562401,65,0
32.07,-0.0006654651562401,65,0
32.072,-0.0007683212062401,65,0
32.074,-0.0008711772562401,65,0
32.076,-0.0010020750562401,65,0
32.078,-0.0007735423562401,65,0
32.08,-0.0005927078562401,65,0
32.082,-0.0004118733562401,65,0
32.084,-0.0004244573562401,65,0
32.086,-0.0006082321562401,65,0
32.088,-0.0007920069562401,65,0
32.09,-0.0008780258562401,65,0
32.092,-0.0009640447562401,65,0
32.094,-0.0008323604562401,65,0
32.096,-0.0004078924562401,65,0
32.098,-0.0004708185062401,65,0
32.1,-0.0005337445562401,65,0
32.102,-0.0006008672895734,65,0
32.104,-0.0006679900229067,65,0
32.106,-0.0007351127562401,65,0
32.108,-0.0009965453562401,65,0
32.11,-0.0008924127562401,65,0
32.112,-0.0006436730562401,65,0
32.114,-0.0003949333562401,65,0
32.116,-0.0004842555562401,65,0
32.118,-0.0005735777562401,65,0
32.12,-0.0006628999562401,65,0
32.122,-0.0008717701562401,65,0
32.124,-0.0007772409229067,65,0
32.126,-0.0006827116895734,65,0
32.128,-0.0005881824562401,65,0
32.13,-0.0004097679562401,65,0
32.132,-0.0004204522562401,65,0
32.134,-0.0005826164562401,65,0
32.136,-0.0007899015562401,65,0
32.138,-0.0009847841562401,65,0
32.14,-0.0009805007562401,65,0
32.142,-0.0006576969562401,65,0
32.144,-0.0005159212562401,65,0
32.146,-0.0006365794312401,65,0
32.148,-0.0007572376062401,65,0
32.15,-0.0008778957812401,65,0
32.152,-0.0009985539562401,65,0
32.154,-0.0007608555062401,65,0
32.156,-0.0005231570562401,65,0
32.158,-0.0004815370895734,65,0
32.16,-0.0004399171229067,65,0
32.162,-0.0003982971562401,65,0
32.164,-0.0004649923562401,65,0
32.166,-0.0006568983562401,65,0
32.168,-0.0009967268562401,65,0
32.17,-0.0007770029562401,65,0
32.172,-0.0006808079562401,65,0
32.174,-0.0005846129562401,65,0
32.176,-0.0004977652062401,65,0
32.178,-0.0004109174562401,65,0
32.18,-0.0004190607562401,65,0
32.182,-0.0005797245562401,65,0
32.184,-0.0007854729562401,65,0
32.186,-0.0009756849562401,65,0
32.188,-0.0009746564562401,65,0
32.19,-0.0006677157562401,65,0
32.192,-0.0004767172562401,65,0
32.194,-0.0004426920562401,65,0
32.196,-0.0004086668562401,65,0
32.198,-0.0005222616562401,65,0
32.2,-0.0007239686562401,65,0
32.202,-0.0009174476562401,65,0
32.204,-0.0008984506562401,65,0
32.206,-0.0005260368562401,65,0
32.208,-0.0003976074562401,65,0
32.21,-0.0004305678562401,65,0
32.212,-0.0004635282562401,65,0
32.214,-0.0005597716562401,65,0
32.216,-0.0006560150562401,65,0
32.218,-0.0008558344562401,65,0
32.22,-0.0010032245562401,65,0
32.222,-0.0009388041562401,65,0
32.224,-0.0005981407562401,65,0
32.226,-0.0005124485562401,65,0
32.228,-0.0004267563562401,65,0
32.23,-0.0004263691562401,65,0
32.232,-0.0005864037562401,65,0
32.234,-0.0007903492562401,65,0
32.236,-0.0009669608562401,65,0
32.238,-0.0006615326562401,65,0
32.24,-0.0003956714562401,65,0
32.242,-0.0005138279562401,65,0
32.244,-0.0005830480229067,65,0
32.246,-0.0006522680895734,65,0
32.248,-0.0007214881562401,65,0
32.25,-0.0008234730062401,65,0
32.252,-0.0009254578562401,65,0
32.254,-0.0010143807562401,65,0
32.256,-0.0007349191562401,65,0
32.258,-0.0006384337562401,65,0
32.26,-0.0005419483562401,65,0
32.262,-0.0004035606562401,65,0
32.264,-0.0004643026562401,65,0
32.266,-0.0006531110562401,65,0
32.268,-0.0008557497562401,65,0
32.27,-0.0009423978562401,65,0
32.272,-0.0007946084562401,65,0
32.274,-0.0006993875062401,65,0
32.276,-0.0006041665562401,65,0
32.278,-0.0004261029562401,65,0
32.28,-0.0004274460562401,65,0
32.282,-0.0005788896562401,65,0
32.284,-0.0007867434562401,65,0
32.286,-0.0009699616562401,65,0
32.288,-0.0009782380562401,65,0
32.29,-0.0008634090562401,65,0
32.292,-0.0006731728562401,65,0
32.294,-0.0004739342562401,65,0
32.296,-0.0003978494562401,65,0
32.298,-0.0009288579562401,65,0
32.3,-0.0010063947562401,65,0
32.302,-0.0009724744229067,65,0
32.304,-0.0009385540895734,65,0
32.306,-0.0009046337562401,65,0
32.308,-0.0007325475562401,65,0
32.31,-0.0005253713562401,65,0
32.312,-0.0004561956562401,65,0
32.314,-0.0006485614562401,65,0
32.316,-0.0007507399062401,65,0
32.318,-0.0008529183562401,65,0
32.32,-0.0010054872562401,65,0
32.322,-0.0009544857562401,65,0
32.324,-0.0008059461562401,65,0
32.326,-0.0006151049562401,65,0
32.328,-0.0004341736562401,65,0
32.33,-0.0004260666562401,65,0
32.332,-0.0005808619562401,65,0
32.334,-0.0007887036562401,65,0
32.336,-0.0009734101562401,65,0
32.338,-0.0009869016562401,65,0
32.34,-0.0006796100562401,65,0
32.342,-0.0005431644062401,65,0
32.344,-0.0004067187562401,65,0
32.346,-0.0004608723062401,65,0
32.348,-0.0005150258562401,65,0
32.35,-0.0007173015562401,65,0
32.352,-0.0010004052562401,65,0
32.354,-0.0009526586562401,65,0
32.356,-0.0009049120562401,65,0
32.358,-0.0007343988562401,65,0
32.36,-0.0004077835562401,65,0
32.362,-0.0004576234562401,65,0
32.364,-0.0008485865562401,65,0
32.366,-0.0009248528562401,65,0
32.368,-0.0010011191562401,65,0
32.37,-0.0009751646562401,65,0
32.372,-0.0009492101562401,65,0
32.374,-0.0007975245562401,65,0
32.376,-0.0004267321562401,65,0
32.378,-0.0004165197562401,65,0
32.38,-0.0004922173562401,65,0
32.382,-0.0005679149562401,65,0
32.384,-0.0007709408562401,65,0
32.386,-0.0009667793562401,65,0
32.388,-0.0009828360562401,65,0
32.39,-0.0008569718562401,65,0
32.392,-0.0006766818562401,65,0
32.394,-0.0004976623562401,65,0
32.396,-0.0004098163562401,65,0
32.398,-0.0005147354562401,65,0
32.4,-0.0009214527562401,65,0
32.402,-0.0010084638562401,65,0
32.404,-0.0009621390062401,65,0
32.406,-0.0009158141562401,65,0
32.408,-0.0007537951562401,65,0
32.41,-0.0004003420562401,65,0
32.412,-0.0004257823062401,65,0
32.414,-0.0004512225562401,65,0
32.416,-0.0006359290562401,65,0
32.418,-0.0010016636562401,65,0
32.42,-0.0009774455062401,65,0
32.422,-0.0009532273562401,65,0
32.424,-0.0008038770562401,65,0
32.426,-0.0006075182562401,65,0
32.428,-0.0004287891562401,65,0
32.43,-0.0007736391562401,65,0
32.432,-0.0008368576229067,65,0
32.434,-0.0009000760895734,65,0
32.436,-0.0009632945562401,65,0
32.438,-0.0009807669562401,65,0
32.44,-0.0008658653562401,65,0
32.442,-0.0006840386562401,65,0
32.444,-0.0003923923562401,65,0
32.446,-0.0004911283562401,65,0
32.448,-0.0006935976562401,65,0
32.45,-0.0007985772562401,65,0
32.452,-0.0009035568562401,65,0
32.454,-0.0009065939562401,65,0
32.456,-0.0007328379562401,65,0
32.458,-0.0005438601562401,65,0
32.46,-0.0003967725562401,65,0
32.462,-0.0004235922062401,65,0
32.464,-0.0004504118562401,65,0
32.466,-0.0006336784562401,65,0
32.468,-0.0008310778562401,65,0
32.47,-0.0009914270562401,65,0
32.472,-0.0006140885562401,65,0
32.474,-0.0005464858562401,65,0
32.476,-0.0004788831562401,65,0
32.478,-0.0004112804562401,65,0
32.48,-0.0007724654562401,65,0
32.482,-0.0008691263062401,65,0
32.484,-0.0009657871562401,65,0
32.486,-0.0009818196562401,65,0
32.488,-0.0008633243562401,65,0
32.49,-0.0006923513562401,65,0
32.492,-0.0004100099562401,65,0
32.494,-0.0005076206562401,65,0
32.496,-0.0006084862562401,65,0
32.498,-0.0007093518562401,65,0
32.5,-0.0009014756562401,66,0
32.502,-0.0009183914562401,66,0
32.504,-0.0005607638562401,66,0
32.506,-0.0004895493062401,66,0
32.508,-0.0004183347562401,66,0
32.51,-0.0004602612562401,66,0
32.512,-0.0005495350562401,66,0
32.514,-0.0006388088562401,66,0
32.516,-0.0008422703562401,66,0
32.518,-0.0010020871562401,66,0
32.52,-0.0009595193562401,66,0
32.522,-0.0006266604562401,66,0
32.524,-0.0004442287562401,66,0
32.526,-0.0004340768562401,66,0
32.528,-0.0004239249562401,66,0
32.53,-0.0005673099562401,66,0
32.532,-0.0007747281562401,66,0
32.534,-0.0009612617562401,66,0
32.536,-0.0009883657562401,66,0
32.538,-0.0006960297562401,66,0
32.54,-0.0006014985062401,66,0
32.542,-0.0005069672562401,66,0
32.544,-0.0005127389562401,66,0
32.546,-0.0006137134562401,66,0
32.548,-0.0007146879562401,66,0
32.55,-0.0009177259562401,66,0
32.552,-0.0009283618562401,66,0
32.554,-0.0008475641062401,66,0
32.556,-0.0007667663562401,66,0
32.558,-0.0004231384562401,66,0
32.56,-0.0004427344062401,66,0
32.562,-0.0004623303562401,66,0
32.564,-0.0006397768562401,66,0
32.566,-0.0008434319562401,66,0
32.568,-0.0010077015562401,66,0
32.57,-0.0009631614562401,66,0
32.572,-0.0008155535562401,66,0
32.574,-0.0004519364562401,66,0
32.576,-0.0004393222062401,66,0
32.578,-0.0004267079562401,66,0
32.58,-0.0005626877562401,66,0
32.582,-0.0007729252562401,66,0
32.584,-0.0009650006562401,66,0
32.586,-0.0008874275562401,66,0
32.588,-0.0007004704562401,66,0
32.59,-0.0005135133562401,66,0
32.592,-0.0004162898562401,66,0
32.594,-0.0005073181562401,66,0
32.596,-0.0007077062562401,66,0
32.598,-0.0009076950562401,66,0
32.6,-0.0009315562562401,66,0
32.602,-0.0008766182229067,66,0
32.604,-0.0008216801895734,66,0
32.606,-0.0007667421562401,66,0
32.608,-0.0005737592562401,66,0
32.61,-0.0004156364562401,66,0
32.612,-0.0004522026562401,66,0
32.614,-0.0008415685562401,66,0
32.616,-0.0009232556562401,66,0
32.618,-0.0010049427562401,66,0
32.62,-0.0009647586562401,66,0
32.622,-0.0008250278562401,66,0
32.624,-0.0006388572562401,66,0
32.626,-0.0004545984562401,66,0
32.628,-0.0004170400562401,66,0
32.63,-0.0005536127562401,66,0
32.632,-0.0007599903562401,66,0
32.634,-0.0009534693562401,66,0
32.636,-0.0009899750562401,66,0
32.638,-0.0008758357562401,66,0
32.64,-0.0006937549562401,66,0
32.642,-0.0004025200562401,66,0
32.644,-0.0004931369562401,66,0
32.646,-0.0005934157062401,66,0
32.648,-0.0006936944562401,66,0
32.65,-0.0010158690562401,66,0
32.652,-0.0009729685062401,66,0
32.654,-0.0009300679562401,66,0
32.656,-0.0007748007562401,66,0
32.658,-0.0005771230562401,66,0
32.66,-0.0004156727562401,66,0
32.662,-0.0004541749562401,66,0
32.664,-0.0006268419562401,66,0
32.666,-0.0008347562562401,66,0
32.668,-0.0010041804562401,66,0
32.67,-0.0008384588562401,66,0
32.672,-0.0006457421562401,66,0
32.674,-0.0004535094562401,66,0
32.676,-0.0004370050562401,66,0
32.678,-0.0004205006562401,66,0
32.68,-0.0005573637562401,66,0
32.682,-0.0007628338562401,66,0
32.684,-0.0009588780562401,66,0
32.686,-0.0009996429562401,66,0
32.688,-0.0007038584562401,66,0
32.69,-0.0005523543562401,66,0
32.692,-0.0004008502562401,66,0
32.694,-0.0006955215562401,66,0
32.696,-0.0009109499562401,66,0
32.698,-0.0010140177562401,66,0
32.7,-0.0005866215562401,66,0
32.702,-0.0005072455562401,66,0
32.704,-0.0004278695562401,66,0
32.706,-0.0004424621562401,66,0
32.708,-0.0004570547562401,66,0
32.71,-0.0005142030562401,66,0
32.712,-0.0005713513562401,66,0
32.714,-0.0006284996562401,66,0
32.716,-0.0010193659562401,66,0
32.718,-0.0010026498062401,66,0
32.72,-0.0009859336562401,66,0
32.722,-0.0008420162562401,66,0
32.724,-0.0004661055562401,66,0
32.726,-0.0004270830562401,66,0
32.728,-0.0004933910562401,66,0
32.73,-0.0005596990562401,66,0
32.732,-0.0007667421562401,66,0
32.734,-0.0009605115562401,66,0
32.736,-0.0010082460562401,66,0
32.738,-0.0008937679562401,66,0
32.74,-0.0007146153562401,66,0
32.742,-0.0004082070562401,66,0
32.744,-0.0005514831562401,66,0
32.746,-0.0006947592562401,66,0
32.748,-0.0008001018562401,66,0
32.75,-0.0009054444562401,66,0
32.752,-0.0010283441562401,66,0
32.754,-0.0007854487562401,66,0
32.756,-0.0005958054562401,66,0
32.758,-0.0005294551062401,66,0
32.76,-0.0004631047562401,66,0
32.762,-0.0006342229562401,66,0
32.764,-0.0007341508062401,66,0
32.766,-0.0008340786562401,66,0
32.768,-0.0010077015562401,66,0
32.77,-0.0009884867562401,66,0
32.772,-0.0008537653562401,66,0
32.774,-0.0006621255562401,66,0
32.776,-0.0004745150562401,66,0
32.778,-0.0004300838562401,66,0
32.78,-0.0005565893562401,66,0
32.782,-0.0007646730562401,66,0
32.784,-0.0009610197562401,66,0
32.786,-0.0010119365562401,66,0
32.788,-0.0009005560562401,66,0
32.79,-0.0007253238562401,66,0
32.792,-0.0005337445562401,66,0
32.794,-0.0004931490562401,66,0
32.796,-0.0006869063562401,66,0
32.798,-0.0007877538062401,66,0
32.8,-0.0008886012562401,66,0
32.802,-0.0010157117562401,66,0
32.804,-0.0009456890562401,66,0
32.806,-0.0005962531562401,66,0
32.808,-0.0004326611562401,66,0
32.81,-0.0004434180562401,66,0
32.812,-0.0004541749562401,66,0
32.814,-0.0006228005562401,66,0
32.816,-0.0008328928562401,66,0
32.818,-0.0010071328562401,66,0
32.82,-0.0009798594562401,66,0
32.822,-0.0008469651562401,66,0
32.824,-0.0006564627562401,66,0
32.826,-0.0004650407562401,66,0
32.828,-0.0004212750562401,66,0
32.83,-0.0007582479562401,66,0
32.832,-0.0009632582562401,66,0
32.834,-0.0009898056562401,66,0
32.836,-0.0010163530562401,66,0
32.838,-0.0009028066562401,66,0
32.84,-0.0007233757562401,66,0
32.842,-0.0004110263562401,66,0
32.844,-0.0004887930562401,66,0
32.846,-0.0008951836562401,66,0
32.848,-0.0009601364562401,66,0
32.85,-0.0010250892562401,66,0
32.852,-0.0009878817562401,66,0
32.854,-0.0009506742562401,66,0
32.856,-0.0004377552562401,66,0
32.858,-0.0004435793895734,66,0
32.86,-0.0004494035229067,66,0
32.862,-0.0004552276562401,66,0
32.864,-0.0006234297562401,66,0
32.866,-0.0008274236562401,66,0
32.868,-0.0010037932562401,66,0
32.87,-0.0009826908562401,66,0
32.872,-0.0006596571562401,66,0
32.874,-0.0004689611562401,66,0
32.876,-0.0004226181562401,66,0
32.878,-0.0004868328562401,66,0
32.88,-0.0005510475562401,66,0
32.882,-0.0007591191562401,66,0
32.884,-0.0010130255562401,66,0
32.886,-0.0009584969062401,66,0
32.888,-0.0009039682562401,66,0
32.89,-0.0005346762562401,66,0
32.892,-0.0005146568062401,66,0
32.894,-0.0004946373562401,66,0
32.896,-0.0006843048562401,66,0
32.898,-0.0007851523062401,66,0
32.9,-0.0008859997562401,66,0
32.902,-0.0010203823562401,66,0
32.904,-0.0009503838562401,66,0
32.906,-0.0007916560562401,66,0
32.908,-0.0005985037562401,66,0
32.91,-0.0004510289562401,66,0
32.912,-0.0006396195562401,66,0
32.914,-0.0008282101562401,66,0
32.916,-0.0009190690562401,66,0
32.918,-0.0010099279562401,66,0
32.92,-0.0009906405562401,66,0
32.922,-0.0006640010562401,66,0
32.924,-0.0005713211062401,66,0
32.926,-0.0004786411562401,66,0
32.928,-0.0004249534562401,66,0
32.93,-0.0005478652562401,66,0
32.932,-0.0007562151562401,66,0
32.934,-0.0009508557562401,66,0
32.936,-0.0010164377562401,66,0
32.938,-0.0009117969562401,66,0
32.94,-0.0007337575562401,66,0
32.942,-0.0005361403562401,66,0
32.944,-0.0004894706562401,66,0
32.946,-0.0006808321562401,66,0
32.948,-0.0008838096562401,66,0
32.95,-0.0009512006062401,66,0
32.952,-0.0010185915562401,66,0
32.954,-0.0008073134562401,66,0
32.956,-0.0006075908562401,66,0
32.958,-0.0005152860062401,66,0
32.96,-0.0004229811562401,66,0
32.962,-0.0004361822562401,66,0
32.964,-0.0006042996562401,66,0
32.966,-0.0008143919562401,66,0
32.968,-0.0010002721562401,66,0
32.97,-0.0008606381562401,66,0
32.972,-0.0006679940562401,66,0
32.974,-0.0005754835062401,66,0
32.976,-0.0004829729562401,66,0
32.978,-0.0004251712562401,66,0
32.98,-0.0005477079562401,66,0
32.982,-0.0007556222562401,66,0
32.984,-0.0009225659562401,66,0
32.986,-0.0007483380562401,66,0
32.988,-0.0006791663895734,66,0
32.99,-0.0006099947229067,66,0
32.992,-0.0005408230562401,66,0
32.994,-0.0004077835562401,66,0
32.996,-0.0004863367562401,66,0
32.998,-0.0008851043562401,66,0
33.0,-0.0009571417062401,67,0
33.002,-0.0010291790562401,67,0
33.004,-0.0008086807562401,67,0
33.006,-0.0006200417562401,67,0
33.008,-0.0005308163562401,67,0
33.01,-0.0004415909562401,67,0
33.012,-0.0004450515562401,67,0
33.014,-0.0008132666562401,67,0
33.016,-0.0009028127062401,67,0
33.018,-0.0009923587562401,67,0
33.02,-0.0008650183562401,67,0
33.022,-0.0006764882562401,67,0
33.024,-0.0004730993562401,67,0
33.026,-0.0004380335562401,67,0
33.028,-0.0004029677562401,67,0
33.03,-0.0005277066562401,67,0
33.032,-0.0007408481562401,67,0
33.034,-0.0009464634562401,67,0
33.036,-0.0007381982562401,67,0
33.038,-0.0006419972062401,67,0
33.04,-0.0005457961562401,67,0
33.042,-0.0004815935562401,67,0
33.044,-0.0004173909562401,67,0
33.046,-0.0004787621562401,67,0
33.048,-0.0006680787562401,67,0
33.05,-0.0008144464062401,67,0
33.052,-0.0009608140562401,67,0
33.054,-0.0008073013562401,67,0
33.056,-0.0006130479562401,67,0
33.058,-0.0004471811562401,67,0
33.06,-0.0004448700562401,67,0
33.062,-0.0005991450562401,67,0
33.064,-0.0008082209562401,67,0
33.066,-0.0009897088562401,67,0
33.068,-0.0008720484562401,67,0
33.07,-0.0007787030062401,67,0
33.072,-0.0006853575562401,67,0
33.074,-0.0004901845562401,67,0
33.076,-0.0004203917562401,67,0
33.078,-0.0005324377562401,67,0
33.08,-0.0007371939562401,67,0
33.082,-0.0009153906562401,67,0
33.084,-0.0005440174562401,67,0
33.086,-0.0004763784562401,67,0
33.088,-0.0004087394562401,67,0
33.09,-0.0004317536562401,67,0
33.092,-0.0004547678562401,67,0
33.094,-0.0004777820562401,67,0
33.096,-0.0006687926562401,67,0
33.098,-0.0008773603562401,67,0
33.1,-0.0010236977562401,67,0
33.102,-0.0008135086562401,67,0
33.104,-0.0006230909562401,67,0
33.106,-0.0005349969062401,67,0
33.108,-0.0004469028562401,67,0
33.11,-0.0004441924562401,67,0
33.112,-0.0005991087562401,67,0
33.114,-0.0010051726562401,67,0
33.116,-0.0009376123062401,67,0
33.118,-0.0008700519562401,67,0
33.12,-0.0007785517562401,67,0
33.122,-0.0006870515562401,67,0
33.124,-0.0005049465562401,67,0
33.126,-0.0004328668562401,67,0
33.128,-0.0005441989562401,67,0
33.13,-0.0010275334562401,67,0
33.132,-0.0007487252562401,67,0
33.134,-0.0005536369562401,67,0
33.136,-0.0005214479312401,67,0
33.138,-0.0004892589062401,67,0
33.14,-0.0004570698812401,67,0
33.142,-0.0004248808562401,67,0
33.144,-0.0004871474562401,67,0
33.146,-0.0006695307562401,67,0
33.148,-0.0008663009562401,67,0
33.15,-0.0010183616562401,67,0
33.152,-0.0008182276562401,67,0
33.154,-0.0006248575562401,67,0
33.156,-0.0005329883062401,67,0
33.158,-0.0004411190562401,67,0
33.16,-0.0005201320562401,67,0
33.162,-0.0005991450562401,67,0
33.164,-0.0008052927562401,67,0
33.166,-0.0009915964562401,67,0
33.168,-0.0009971140562401,67,0
33.17,-0.0004912977562401,67,0
33.172,-0.0004572665062401,67,0
33.174,-0.0004232352562401,67,0
33.176,-0.0005365033562401,67,0
33.178,-0.0007483501562401,67,0
33.18,-0.0009601969562401,67,0
33.182,-0.0010308488562401,67,0
33.184,-0.0007552592562401,67,0
33.186,-0.0006578905562401,67,0
33.188,-0.0005605218562401,67,0
33.19,-0.0004895069562401,67,0
33.192,-0.0004184920562401,67,0
33.194,-0.0004733776562401,67,0
33.196,-0.0006628394562401,67,0
33.198,-0.0008614730562401,67,0
33.2,-0.0010209752562401,67,0
33.202,-0.0009735311562401,67,0
33.204,-0.0008159649562401,67,0
33.206,-0.0006236233562401,67,0
33.208,-0.0004480644562401,67,0
33.21,-0.0005935790562401,67,0
33.212,-0.0007317771895734,67,0
33.214,-0.0008699753229067,67,0
33.216,-0.0010081734562401,67,0
33.218,-0.0004982794562401,67,0
33.22,-0.0004237434562401,67,0
33.222,-0.0004808433562401,67,0
33.224,-0.0005379432562401,67,0
33.226,-0.0006424388562401,67,0
33.228,-0.0007469344562401,67,0
33.23,-0.0008415443562401,67,0
33.232,-0.0009361542562401,67,0
33.234,-0.0007609946562401,67,0
33.236,-0.0004245904562401,67,0
33.238,-0.0006673043562401,67,0
33.24,-0.0007322934562401,67,0
33.242,-0.0007972825562401,67,0
33.244,-0.0008622716562401,67,0
33.246,-0.0010184100562401,67,0
33.248,-0.0008190867562401,67,0
33.25,-0.0006268540562401,67,0
33.252,-0.0005345492062401,67,0
33.254,-0.0004422443562401,67,0
33.256,-0.0004303742562401,67,0
33.258,-0.0005843951562401,67,0
33.26,-0.0007882317562401,67,0
33.262,-0.0009999212562401,67,0
33.264,-0.0006903790562401,67,0
33.266,-0.0005011108562401,67,0
33.268,-0.0004731154895734,67,0
33.27,-0.0004451201229067,67,0
33.272,-0.0004171247562401,67,0
33.274,-0.0005200110562401,67,0
33.276,-0.0007311923562401,67,0
33.278,-0.0009399778562401,67,0
33.28,-0.0010147195562401,67,0
33.282,-0.0007637776562401,67,0
33.284,-0.0006661548562401,67,0
33.286,-0.0005685320562401,67,0
33.288,-0.0004164350562401,67,0
33.29,-0.0004638307562401,67,0
33.292,-0.0006468432562401,67,0
33.294,-0.0010096980562401,67,0
33.296,-0.0009863027062401,67,0
33.298,-0.0009629073562401,67,0
33.3,-0.0006243493562401,67,0
33.302,-0.0004379004562401,67,0
33.304,-0.0004269620562401,67,0
33.306,-0.0005004756062401,67,0
33.308,-0.0005739891562401,67,0
33.31,-0.0007843597562401,67,0
33.312,-0.0009847599562401,67,0
33.314,-0.0010054025562401,67,0
33.316,-0.0008796835562401,67,0
33.318,-0.0006844379562401,67,0
33.32,-0.0003974501562401,67,0
33.322,-0.0004497766062401,67,0
33.324,-0.0005021030562401,67,0
33.326,-0.0007073069562401,67,0
33.328,-0.0009191658562401,67,0
33.33,-0.0010200556562401,67,0
33.332,-0.0009272607562401,67,0
33.334,-0.0007559489562401,67,0
33.336,-0.0004164471562401,67,0
33.338,-0.0004570063562401,67,0
33.34,-0.0008554714562401,67,0
33.342,-0.0009343029562401,67,0
33.344,-0.0010131344562401,67,0
33.346,-0.0009680498562401,67,0
33.348,-0.0008957342062401,67,0
33.35,-0.0008234185562401,67,0
33.352,-0.0006318513562401,67,0
33.354,-0.0004557600562401,67,0
33.356,-0.0005762518562401,67,0
33.358,-0.0007810867062401,67,0
33.36,-0.0009859215562401,67,0
33.362,-0.0008849107562401,67,0
33.364,-0.0006988006562401,67,0
33.366,-0.0006006817562401,67,0
33.368,-0.0005025628562401,67,0
33.37,-0.0007086621562401,67,0
33.372,-0.0008133816062401,67,0
33.374,-0.0009181010562401,67,0
33.376,-0.0010201040562401,67,0
33.378,-0.0009712321562401,67,0
33.38,-0.0009223602562401,67,0
33.382,-0.0007550777562401,67,0
33.384,-0.0005607033562401,67,0
33.386,-0.0004058596562401,67,0
33.388,-0.0004463099562401,67,0
33.39,-0.0006247728562401,67,0
33.392,-0.0008357121562401,67,0
33.394,-0.0010095165562401,67,0
33.396,-0.0008286699562401,67,0
33.398,-0.0007295286062401,67,0
33.4,-0.0006303872562401,67,0
33.402,-0.0004186372562401,67,0
33.404,-0.0005616834562401,67,0
33.406,-0.0007726106562401,67,0
33.408,-0.0008703907562401,67,0
33.41,-0.0009681708562401,67,0
33.412,-0.0009960492562401,67,0
33.414,-0.0008777838562401,67,0
33.416,-0.0006957998562401,67,0
33.418,-0.0003986964562401,67,0
33.42,-0.0006982682562401,67,0
33.422,-0.0009068238562401,67,0
33.424,-0.0010116582562401,67,0
33.426,-0.0009661320062401,67,0
33.428,-0.0009206057562401,67,0
33.43,-0.0007547510562401,67,0
33.432,-0.0005552220562401,67,0
33.434,-0.0004000879562401,67,0
33.436,-0.0004473505562401,67,0
33.438,-0.0005424928562401,67,0
33.44,-0.0006376351562401,67,0
33.442,-0.0008384588562401,67,0
33.444,-0.0010008892562401,67,0
33.446,-0.0009611891562401,67,0
33.448,-0.0008116452562401,67,0
33.45,-0.0006129511562401,67,0
33.452,-0.0004142570562401,67,0
33.454,-0.0005510838562401,67,0
33.456,-0.0007611156562401,67,0
33.458,-0.0009568815562401,67,0
33.46,-0.0009933146562401,67,0
33.462,-0.0008744079562401,67,0
33.464,-0.0004960893562401,67,0
33.466,-0.0004442771562401,67,0
33.468,-0.0003924649562401,67,0
33.47,-0.0004990659562401,67,0
33.472,-0.0007080329562401,67,0
33.474,-0.0009071989562401,67,0
33.476,-0.0010085001562401,67,0
33.478,-0.0009245261562401,67,0
33.48,-0.0007627007562401,67,0
33.482,-0.0005655554562401,67,0
33.484,-0.0004009591562401,67,0
33.486,-0.0004413247562401,67,0
33.488,-0.0006349852562401,67,0
33.49,-0.0008633969562401,67,0
33.492,-0.0008908518562401,67,0
33.494,-0.0004970573562401,67,0
33.496,-0.0004875830562401,67,0
33.498,-0.0005586403062401,67,0
33.5,-0.0006296975562401,68,1
33.502,-0.0007362925062401,68,1
33.504,-0.0008428874562401,68,1
33.506,-0.0009409882062401,68,1
33.508,-0.0010390889562401,68,1
33.51,-0.0011009441562401,68,1
33.512,-0.0010018088562401,68,1
33.514,-0.0008173322562401,68,1
33.516,-0.0006590884562401,68,1
33.518,-0.0005876863562401,68,1
33.52,-0.0006942147562401,68,1
33.522,-0.0009697922562401,68,1
33.524,-0.0013128514562401,68,1
33.526,-0.0012134862562401,68,1
33.528,-0.0011141210562401,68,1
33.53,-0.0010151672562401,68,1
33.532,-0.0009162134562401,68,1
33.534,-0.0007280342562401,68,1
33.536,-0.0007481323562401,68,1
33.538,-0.0009513639562401,68,1
33.54,-0.0011910044562401,68,1
33.542,-0.0013816036562401,68,1
33.544,-0.0013697940562401,68,1
33.546,-0.0012487577562401,68,1
33.548,-0.0010708756562401,68,1
33.55,-0.0010193780562401,68,1
33.552,-0.0012364036562401,68,1
33.554,-0.0013029375229067,68,1
33.556,-0.0013694713895734,68,1
33.558,-0.0014360052562401,68,1
33.56,-0.0014848529562401,68,1
33.562,-0.0013688018562401,68,1
33.564,-0.0011857046562401,68,1
33.566,-0.0009884504562401,68,1
33.568,-0.0008779653562401,68,1
33.57,-0.0009603663562401,68,1
33.572,-0.0011492957562401,68,1
33.574,-0.0014931172562401,68,1
33.576,-0.0010078709562401,68,1
33.578,-0.0009665978562401,68,1
33.58,-0.0009253247562401,68,1
33.582,-0.0008840516562401,68,1
33.584,-0.0008427785562401,68,1
33.586,-0.0009286583062401,68,1
33.588,-0.0010145380562401,68,1
33.59,-0.0012125545562401,68,1
33.592,-0.0013885248562401,68,1
33.594,-0.0013564235562401,68,1
33.596,-0.0012068312562401,68,1
33.598,-0.0009855101562401,68,1
33.6,-0.0008365954562401,68,1
33.602,-0.0009077515229067,68,1
33.604,-0.0009789075895734,68,1
33.606,-0.0010500636562401,68,1
33.608,-0.0012632051562401,68,1
33.61,-0.0012991905562401,68,1
33.612,-0.0011692244562401,68,1
33.614,-0.0009702762562401,68,1
33.616,-0.0007491124562401,68,1
33.618,-0.0006102649562401,68,1
33.62,-0.0006920730562401,68,1
33.622,-0.0010979070562401,68,1
33.624,-0.0011192696062401,68,1
33.626,-0.0011406321562401,68,1
33.628,-0.0007445628562401,68,1
33.63,-0.0005642002562401,68,1
33.632,-0.0005778127562401,68,1
33.634,-0.0006609579062401,68,1
33.636,-0.0007441030562401,68,1
33.638,-0.0009578616562401,68,1
33.64,-0.0010438503062401,68,1
33.642,-0.0011298389562401,68,1
33.644,-0.0010977860562401,68,1
33.646,-0.0009506500562401,68,1
33.648,-0.0007453493562401,68,1
33.65,-0.0005475385562401,68,1
33.652,-0.0004944074562401,68,1
33.654,-0.0008419194562401,68,1
33.656,-0.0009698769562401,68,1
33.658,-0.0010978344562401,68,1
33.66,-0.0010367960062401,68,1
33.662,-0.0009757575562401,68,1
33.664,-0.0007844686562401,68,1
33.666,-0.0005775707562401,68,1
33.668,-0.0004517791562401,68,1
33.67,-0.0005309978562401,68,1
33.672,-0.0007323781562401,68,1
33.674,-0.0009568573562401,68,1
33.676,-0.0010829635562401,68,1
33.678,-0.0009971866562401,68,1
33.68,-0.0008201636562401,68,1
33.682,-0.0006216994562401,68,1
33.684,-0.0004476046562401,68,1
33.686,-0.0006442296562401,68,1
33.688,-0.0009101392562401,68,1
33.69,-0.0008141136562401,68,1
33.692,-0.0007180880562401,68,1
33.694,-0.0005003243562401,68,1
33.696,-0.0004677693062401,68,1
33.698,-0.0004352142562401,68,1
33.7,-0.0004947341562401,68,1
33.702,-0.0005542540562401,68,1
33.704,-0.0007711828562401,68,1
33.706,-0.0009977069562401,68,1
33.708,-0.0010268377062401,68,1
33.71,-0.0010559684562401,68,1
33.712,-0.0009428213562401,68,1
33.714,-0.0007691621562401,68,1
33.716,-0.0004741157562401,68,1
33.718,-0.0005698630562401,68,1
33.72,-0.0007703721562401,68,1
33.722,-0.0009921167562401,68,1
33.724,-0.0011808525562401,68,1
33.726,-0.0011217198562401,68,1
33.728,-0.0008745410562401,68,1
33.73,-0.0005498859562401,68,1
33.732,-0.0006055580562401,68,1
33.734,-0.0007450428229067,68,1
33.736,-0.0008845275895734,68,1
33.738,-0.0010240123562401,68,1
33.74,-0.0012687348562401,68,1
33.742,-0.0011555514562401,68,1
33.744,-0.0010659328062401,68,1
33.746,-0.0009763141562401,68,1
33.748,-0.0008814320062401,68,1
33.75,-0.0007865498562401,68,1
33.752,-0.0007584415562401,68,1
33.754,-0.0009227232562401,68,1
33.756,-0.0011427738562401,68,1
33.758,-0.0014257081562401,68,1
33.76,-0.0013037159562401,68,1
33.762,-0.0009457495562401,68,1
33.764,-0.0008203330562401,68,1
33.766,-0.0008753033562401,68,1
33.768,-0.0013050953562401,68,1
33.77,-0.0014678282562401,68,1
33.772,-0.0014169205312401,68,1
33.774,-0.0013660128062401,68,1
33.776,-0.0013151050812401,68,1
33.778,-0.0012641973562401,68,1
33.78,-0.0009027582562401,68,1
33.782,-0.0009921470062401,68,1
33.784,-0.0010815357562401,68,1
33.786,-0.0012222627895734,68,1
33.788,-0.0013629898229067,68,1
33.79,-0.0015037168562401,68,1
33.792,-0.0013650387562401,68,1
33.794,-0.0011452422562401,68,1
33.796,-0.0008877784562401,68,1
33.798,-0.0009501600062401,68,1
33.8,-0.0010125415562401,68,1
33.802,-0.0012355082562401,68,1
33.804,-0.0015239601562401,68,1
33.806,-0.0014670175562401,68,1
33.808,-0.0014100749562401,68,1
33.81,-0.0008983659562401,68,1
33.812,-0.0009305338062401,68,1
33.814,-0.0009627016562401,68,1
33.816,-0.0011737014562401,68,1
33.818,-0.0013847012562401,68,1
33.82,-0.0014607981562401,68,1
33.822,-0.0013762191562401,68,1
33.824,-0.0012916401562401,68,1
33.826,-0.0010950333062401,68,1
33.828,-0.0008984264562401,68,1
33.83,-0.0008941430562401,68,1
33.832,-0.0009762839062401,68,1
33.834,-0.0010584247562401,68,1
33.836,-0.0012699569562401,68,1
33.838,-0.0013130329562401,68,1
33.84,-0.0011021783562401,68,1
33.842,-0.0009506319062401,68,1
33.844,-0.0007990854562401,68,1
33.846,-0.0008385637229067,68,1
33.848,-0.0008780419895734,68,1
33.85,-0.0009175202562401,68,1
33.852,-0.0011288104562401,68,1
33.854,-0.0013355026562401,68,1
33.856,-0.0014089859562401,68,1
33.858,-0.0012864855562401,68,1
33.86,-0.0010942649562401,68,1
33.862,-0.0008848139562401,68,1
33.864,-0.0007276470562401,68,1
33.866,-0.0009790124562401,68,1
33.868,-0.0010810820062401,68,1
33.87,-0.0011831515562401,68,1
33.872,-0.0013180665562401,68,1
33.874,-0.0010814873562401,68,1
33.876,-0.0008631428562401,68,1
33.878,-0.0007635961562401,68,1
33.88,-0.0006640494562401,68,1
33.882,-0.0006637711562401,68,1
33.884,-0.0008248584562401,68,1
33.886,-0.0012363552562401,68,1
33.888,-0.0012276735062401,68,1
33.89,-0.0012189917562401,68,1
33.892,-0.0008762955562401,68,1
33.894,-0.0007723565562401,68,1
33.896,-0.0006684175562401,68,1
33.898,-0.0005921149562401,68,1
33.9,-0.0007118202562401,68,1
33.902,-0.0011341102562401,68,1
33.904,-0.0011719651062401,68,1
33.906,-0.0012098199562401,68,1
33.908,-0.0010985967562401,68,1
33.91,-0.0009151365562401,68,1
33.912,-0.0007050563562401,68,1
33.914,-0.0005635831562401,68,1
33.916,-0.0006214453562401,68,1
33.918,-0.0008175379562401,68,1
33.92,-0.0010291548562401,68,1
33.922,-0.0011134555562401,68,1
33.924,-0.0007527424562401,68,1
33.926,-0.0006900321895734,68,1
33.928,-0.0006273219229067,68,1
33.93,-0.0005646116562401,68,1
33.932,-0.0005543508562401,68,1
33.934,-0.0007176645562401,68,1
33.936,-0.0009392881562401,68,1
33.938,-0.0011363245562401,68,1
33.94,-0.0011366028562401,68,1
33.942,-0.0009980215562401,68,1
33.944,-0.0005957449562401,68,1
33.946,-0.0006358080562401,68,1
33.948,-0.0010643174562401,68,1
33.95,-0.0010853351562401,68,1
33.952,-0.0011063528562401,68,1
33.954,-0.0011273705562401,68,1
33.956,-0.0011483882562401,68,1
33.958,-0.0010487205562401,68,1
33.96,-0.0008661315562401,68,1
33.962,-0.0005145539562401,68,1
33.964,-0.0005745094562401,68,1
33.966,-0.0007715942562401,68,1
33.968,-0.0009915480562401,68,1
33.97,-0.0011458956562401,68,1
33.972,-0.0010772402562401,68,1
33.974,-0.0009157536562401,68,1
33.976,-0.0007217059562401,68,1
33.978,-0.0005276582562401,68,1
33.98,-0.0006930410562401,68,1
33.982,-0.0009148824562401,68,1
33.984,-0.0009806298229067,68,1
33.986,-0.0010463771895734,68,1
33.988,-0.0011121245562401,68,1
33.99,-0.0011125359562401,68,1
33.992,-0.0009815897562401,68,1
33.994,-0.0005765664562401,68,1
33.996,-0.0005941356562401,68,1
33.998,-0.0006117048562401,68,1
34.0,-0.0008283311562401,69,0
34.002,-0.0009351015562401,69,0
34.004,-0.0010418719562401,69,0
34.006,-0.0011328397562401,69,0
34.008,-0.0010353984562401,69,0
34.01,-0.0006478475562401,69,0
34.012,-0.0005713755562401,69,0
34.014,-0.0004949035562401,69,0
34.016,-0.0007628459562401,69,0
34.018,-0.0009747411562401,69,0
34.02,-0.0009457011562401,69,0
34.022,-0.0009166611562401,69,0
34.024,-0.0007049474562401,69,0
34.026,0.0001359904437598,69,0
34.028,-0.0002704001562401,69,0
34.03,-0.0006767907562401,69,0
34.032,-0.0008954982562401,69,0
34.034,-0.0010067819562401,69,0
34.036,-0.0011180656562401,69,0
34.038,-0.0009851834562401,69,0
34.04,-0.0007919343562401,69,0
34.042,-0.0005859802562401,69,0
34.044,-0.0004946131562401,69,0
34.046,-0.0006095268562401,69,0
34.048,-0.0008275809562401,69,0
34.05,-0.0009345933562401,69,0
34.052,-0.0010416057562401,69,0
34.054,-0.0011350298562401,69,0
34.056,-0.0010363906562401,69,0
34.058,-0.0008618965562401,69,0
34.06,-0.0006469158562401,69,0
34.062,-0.0004902450562401,69,0
34.064,-0.0005437028562401,69,0
34.066,-0.0007381619562401,69,0
34.068,-0.0009703851562401,69,0
34.07,-0.0010857344562401,69,0
34.072,-0.0009218520562401,69,0
34.074,-0.0007124252562401,69,0
34.076,-0.0006170167562401,69,0
34.078,-0.0005216082562401,69,0
34.08,-0.0008993460562401,69,0
34.082,-0.0009685983895734,69,0
34.084,-0.0010378507229067,69,0
34.086,-0.0011071030562401,69,0
34.088,-0.0011189973562401,69,0
34.09,-0.0007785154562401,69,0
34.092,-0.0005698630562401,69,0
34.094,-0.0004814362562401,69,0
34.096,-0.0008180582562401,69,0
34.098,-0.0008917190229067,69,0
34.1,-0.0009653797895734,69,0
34.102,-0.0010390405562401,69,0
34.104,-0.0011293428562401,69,0
34.106,-0.0008474733562401,69,0
34.108,-0.0006677520562401,69,0
34.11,-0.0004880307562401,69,0
34.112,-0.0005433156562401,69,0
34.114,-0.0008341996562401,69,0
34.116,-0.0011250836562401,69,0
34.118,-0.0010990626062401,69,0
34.12,-0.0010730415562401,69,0
34.122,-0.0009174597562401,69,0
34.124,-0.0005197932562401,69,0
34.126,-0.0005071608562401,69,0
34.128,-0.0006634081562401,69,0
34.13,-0.0007718665062401,69,0
34.132,-0.0008803248562401,69,0
34.134,-0.0010828304562401,69,0
34.136,-0.0007880018562401,69,0
34.138,-0.0006859565062401,69,0
34.14,-0.0005839111562401,69,0
34.142,-0.0005371628062401,69,0
34.144,-0.0004904144562401,69,0
34.146,-0.0005924295562401,69,0
34.148,-0.0010231895562401,69,0
34.15,-0.0010758306062401,69,0
34.152,-0.0011284716562401,69,0
34.154,-0.0010365721562401,69,0
34.156,-0.0005473812562401,69,0
34.158,-0.0007434133562401,69,0
34.16,-0.0009638027562401,69,0
34.162,-0.0011356590562401,69,0
34.164,-0.0010353107312401,69,0
34.166,-0.0009349624062401,69,0
34.168,-0.0008346140812401,69,0
34.17,-0.0007342657562401,69,0
34.172,-0.0005341317562401,69,0
34.174,-0.0005806038229067,69,0
34.176,-0.0006270758895734,69,0
34.178,-0.0006735479562401,69,0
34.18,-0.0011103095562401,69,0
34.182,-0.0010734690895734,69,0
34.184,-0.0010366286229067,69,0
34.186,-0.0009997881562401,69,0
34.188,-0.0008997272062401,69,0
34.19,-0.0007996662562401,69,0
34.192,-0.0004949156562401,69,0
34.194,-0.0008123470562401,69,0
34.196,-0.0011469120562401,69,0
34.198,-0.0010428157562401,69,0
34.2,-0.0008621748562401,69,0
34.202,-0.0005460260562401,69,0
34.204,-0.0005773368229067,69,0
34.206,-0.0006086475895734,69,0
34.208,-0.0006399583562401,69,0
34.21,-0.0006712691229067,69,0
34.212,-0.0007025798895734,69,0
34.214,-0.0007338906562401,69,0
34.216,-0.0011401965562401,69,0
34.218,-0.0010935994562401,69,0
34.22,-0.0009366866562401,69,0
34.222,-0.0007267395562401,69,0
34.224,-0.0005335267562401,69,0
34.226,-0.0005060234562401,69,0
34.228,-0.0010936115562401,69,0
34.23,-0.0011019081229067,69,0
34.232,-0.0011102046895734,69,0
34.234,-0.0011185012562401,69,0
34.236,-0.0010522477062401,69,0
34.238,-0.0009859941562401,69,0
34.24,-0.0007934226562401,69,0
34.242,-0.0005918245562401,69,0
34.244,-0.0004909952562401,69,0
34.246,-0.0008068415562401,69,0
34.248,-0.0009243930562401,69,0
34.25,-0.0010419445562401,69,0
34.252,-0.0008645827562401,69,0
34.254,-0.0007607405562401,69,0
34.256,-0.0006568983562401,69,0
34.258,-0.0004942380562401,69,0
34.26,-0.0006179303062401,69,0
34.262,-0.0007416225562401,69,0
34.264,-0.0009537960562401,69,0
34.266,-0.0011332511562401,69,0
34.268,-0.0010953418562401,69,0
34.27,-0.0009366382562401,69,0
34.272,-0.0007361533562401,69,0
34.274,-0.0005144692562401,69,0
34.276,-0.0006633960562401,69,0
34.278,-0.0007772086562401,69,0
34.28,-0.0008910212562401,69,0
34.282,-0.0010048338562401,69,0
34.284,-0.0009555445062401,69,0
34.286,-0.0009062551562401,69,0
34.288,-0.0008569658062401,69,0
34.29,-0.0008076764562401,69,0
34.292,-0.0006014561562401,69,0
34.294,-0.0005925989562401,69,0
34.296,-0.0008109616062401,69,0
34.298,-0.0010293242562401,69,0
34.3,-0.0010561378562401,69,0
34.302,-0.0009667733062401,69,0
34.304,-0.0008774087562401,69,0
34.306,-0.0006746853562401,69,0
34.308,-0.0006066107562401,69,0
34.31,-0.0005385361562401,69,0
34.312,-0.0007452041562401,69,0
34.314,-0.0009518721562401,69,0
34.316,-0.0010456895062401,69,0
34.318,-0.0011395068562401,69,0
34.32,-0.0011010893562401,69,0
34.322,-0.0009470321562401,69,0
34.324,-0.0007448774562401,69,0
34.326,-0.0005163689562401,69,0
34.328,-0.0006605888562401,69,0
34.33,-0.0010844034562401,69,0
34.332,-0.0011016217562401,69,0
34.334,-0.0011188400562401,69,0
34.336,-0.0010585760062401,69,0
34.338,-0.0009983119562401,69,0
34.34,-0.0008062970562401,69,0
34.342,-0.0004761485562401,69,0
34.344,-0.0007485316562401,69,0
34.346,-0.0010209147562401,69,0
34.348,-0.0011560717562401,69,0
34.35,-0.0010189969062401,69,0
34.352,-0.0008819220562401,69,0
34.354,-0.0007769545562401,69,0
34.356,-0.0006719870562401,69,0
34.358,-0.0005836449562401,69,0
34.36,-0.0004953028562401,69,0
34.362,-0.0005372172562401,69,0
34.364,-0.0009364688562401,69,0
34.366,-0.0010166132062401,69,0
34.368,-0.0010967575562401,69,0
34.37,-0.0007370366562401,69,0
34.372,-0.0005396735562401,69,0
34.374,-0.0005255931895734,69,0
34.376,-0.0005115128229067,69,0
34.378,-0.0004974324562401,69,0
34.38,-0.0006411199562401,69,0
34.382,-0.0008635300562401,69,0
34.384,-0.0010808218562401,69,0
34.386,-0.0011227846562401,69,0
34.388,-0.0010007319562401,69,0
34.39,-0.0008036834562401,69,0
34.392,-0.0004861552562401,69,0
34.394,-0.0005793131562401,69,0
34.396,-0.0010142839562401,69,0
34.398,-0.0010392220562401,69,0
34.4,-0.0010641601562401,69,0
34.402,-0.0010061245229067,69,0
34.404,-0.0009480888895734,69,0
34.406,-0.0008900532562401,69,0
34.408,-0.0005381489562401,69,0
34.41,-0.0006010528229067,69,0
34.412,-0.0006639566895734,69,0
34.414,-0.0007268605562401,69,0
34.416,-0.0009457616562401,69,0
34.418,-0.0011426407562401,69,0
34.42,-0.0009581278562401,69,0
34.422,-0.0008548906562401,69,0
34.424,-0.0007516534562401,69,0
34.426,-0.0005033614562401,69,0
34.428,-0.0008576131562401,69,0
34.43,-0.0009293177562401,69,0
34.432,-0.0010010223562401,69,0
34.434,-0.0010727269562401,69,0
34.436,-0.0009177138562401,69,0
34.438,-0.0007627007562401,69,0
34.44,-0.0006076876562401,69,0
34.442,-0.0004851267562401,69,0
34.444,-0.0005759493562401,69,0
34.446,-0.0007843960562401,69,0
34.448,-0.0010035875562401,69,0
34.45,-0.0011323194562401,69,0
34.452,-0.0010590539562401,69,0
34.454,-0.0008901984562401,69,0
34.456,-0.0006807232562401,69,0
34.458,-0.0005340954562401,69,0
34.46,-0.0007344533062401,69,0
34.462,-0.0009348111562401,69,0
34.464,-0.0011299720562401,69,0
34.466,-0.0011189610562401,69,0
34.468,-0.0011079500562401,69,0
34.47,-0.0009587449562401,69,0
34.472,-0.0007540008562401,69,0
34.474,-0.0005567950562401,69,0
34.476,-0.0006454517562401,69,0
34.478,-0.0011294880562401,69,0
34.48,-0.0010908446895734,69,0
34.482,-0.0010522013229067,69,0
34.484,-0.0010135579562401,69,0
34.486,-0.0009161590062401,69,0
34.488,-0.0008187600562401,69,0
34.49,-0.0006093695562401,69,0
34.492,-0.0005755379562401,69,0
34.494,-0.0010118518562401,69,0
34.496,-0.0010593846895734,69,0
34.498,-0.0011069175229067,69,0
34.5,-0.0011544503562401,70,0
34.502,-0.0010637124562401,70,0
34.504,-0.0008870524562401,70,0
34.506,-0.0006844137562401,70,0
34.508,-0.0005362129562401,70,0
34.51,-0.0007278769562401,70,0
34.512,-0.0009386589562401,70,0
34.514,-0.0011208607562401,70,0
34.516,-0.0010448001562401,70,0
34.518,-0.0009687395562401,70,0
34.52,-0.0007384705062401,70,0
34.522,-0.0005082014562401,70,0
34.524,-0.0005742311562401,70,0
34.526,-0.0006402608562401,70,0
34.528,-0.0008836705062401,70,0
34.53,-0.0011270801562401,70,0
34.532,-0.0010262790895734,70,0
34.534,-0.0009254780229067,70,0
34.536,-0.0008246769562401,70,0
34.538,-0.0007174709562401,70,0
34.54,-0.0006102649562401,70,0
34.542,-0.0004882848562401,70,0
34.544,-0.0005771230562401,70,0
34.546,-0.0007846864562401,70,0
34.548,-0.0011429916562401,70,0
34.55,-0.0010626476562401,70,0
34.552,-0.0006907783562401,70,0
34.554,-0.0005362250562401,70,0
34.556,-0.0007087952562401,70,0
34.558,-0.0011335415562401,70,0
34.56,-0.0010998140162401,70,0
34.562,-0.0010660864762401,70,0
34.564,-0.0010323589362401,70,0
34.566,-0.0009986313962401,70,0
34.568,-0.0009649038562401,70,0
34.57,-0.0007674197562401,70,0
34.572,-0.0005699356562401,70,0
34.574,-0.0005379311562401,70,0
34.576,-0.0005059266562401,70,0
34.578,-0.0006337873562401,70,0
34.58,-0.0010655032562401,70,0
34.582,-0.0009533362562401,70,0
34.584,-0.0008411692562401,70,0
34.586,-0.0006298790562401,70,0
34.588,-0.0005781999562401,70,0
34.59,-0.0006465770562401,70,0
34.592,-0.0007149541562401,70,0
34.594,-0.0007833312562401,70,0
34.596,-0.0008977730562401,70,0
34.598,-0.0010122148562401,70,0
34.6,-0.0011561080562401,70,0
34.602,-0.0010733924562401,70,0
34.604,-0.0005221406562401,70,0
34.606,-0.0005269383062401,70,0
34.608,-0.0005317359562401,70,0
34.61,-0.0006189406562401,70,0
34.612,-0.0007061453562401,70,0
34.614,-0.0011179325562401,70,0
34.616,-0.0011069457562401,70,0
34.618,-0.0010364995562401,70,0
34.62,-0.0009660533562401,70,0
34.622,-0.0007601113562401,70,0
34.624,-0.0005578840562401,70,0
34.626,-0.0004989812562401,70,0
34.628,-0.0006273259562401,70,0
34.63,-0.0008463480562401,70,0
34.632,-0.0010702101562401,70,0
34.634,-0.0006204652562401,70,0
34.636,-0.0004929312562401,70,0
34.638,-0.0005754290562401,70,0
34.64,-0.0007786727562401,70,0
34.642,-0.0011453874562401,70,0
34.644,-0.0011122516062401,70,0
34.646,-0.0010791157562401,70,0
34.648,-0.0010235243229067,70,0
34.65,-0.0009679328895734,70,0
34.652,-0.0009123414562401,70,0
34.654,-0.0008086868062401,70,0
34.656,-0.0007050321562401,70,0
34.658,-0.0005211605562401,70,0
34.66,-0.0005348819562401,70,0
34.662,-0.0007081418562401,70,0
34.664,-0.0009291967562401,70,0
34.666,-0.0011250836562401,70,0
34.668,-0.0011223127562401,70,0
34.67,-0.0009808758562401,70,0
34.672,-0.0007453554062401,70,0
34.674,-0.0005098349562401,70,0
34.676,-0.0006398857562401,70,0
34.678,-0.0008540557562401,70,0
34.68,-0.0010648256562401,70,0
34.682,-0.0010366084562401,70,0
34.684,-0.0006407206562401,70,0
34.686,-0.0004908379562401,70,0
34.688,-0.0009845784562401,70,0
34.69,-0.0010787527562401,70,0
34.692,-0.0009156447562401,70,0
34.694,-0.0008502382062401,70,0
34.696,-0.0007848316562401,70,0
34.698,-0.0007194251062401,70,0
34.7,-0.0006540185562401,70,0
34.702,-0.0005886120062401,70,0
34.704,-0.0005232054562401,70,0
34.706,-0.0005799100895734,70,0
34.708,-0.0006366147229067,70,0
34.71,-0.0006933193562401,70,0
34.712,-0.0009172903562401,70,0
34.714,-0.0011185254562401,70,0
34.716,-0.0011108419562401,70,0
34.718,-0.0009769917562401,70,0
34.72,-0.0005001670562401,70,0
34.722,-0.0005398348895734,70,0
34.724,-0.0005795027229067,70,0
34.726,-0.0006191705562401,70,0
34.728,-0.0008396083562401,70,0
34.73,-0.0010678022562401,70,0
34.732,-0.0011427980562401,70,0
34.734,-0.0008436981562401,70,0
34.736,-0.0007363167062401,70,0
34.738,-0.0006289352562401,70,0
34.74,-0.0004889987562401,70,0
34.742,-0.0005592271562401,70,0
34.744,-0.0007639349562401,70,0
34.746,-0.0009836104562401,70,0
34.748,-0.0011396399562401,70,0
34.75,-0.0010757277562401,70,0
34.752,-0.0009171572562401,70,0
34.754,-0.0007116387562401,70,0
34.756,-0.0005310462562401,70,0
34.758,-0.0005296305562401,70,0
34.76,-0.0006936339562401,70,0
34.762,-0.0009139991562401,70,0
34.764,-0.0011176542562401,70,0
34.766,-0.0011211995562401,70,0
34.768,-0.0009853286562401,70,0
34.77,-0.0005756105562401,70,0
34.772,-0.0005374653062401,70,0
34.774,-0.0004993200562401,70,0
34.776,-0.0006225948562401,70,0
34.778,-0.0008404311562401,70,0
34.78,-0.0010467724562401,70,0
34.782,-0.0011343885562401,70,0
34.784,-0.0010348902562401,70,0
34.786,-0.0008523133562401,70,0
34.788,-0.0006363283562401,70,0
34.79,-0.0004895069562401,70,0
34.792,-0.0005544234562401,70,0
34.794,-0.0007531417562401,70,0
34.796,-0.0009768344562401,70,0
34.798,-0.0011500943562401,70,0
34.8,-0.0010847180562401,70,0
34.802,-0.0009181736562401,70,0
34.804,-0.0005234232562401,70,0
34.806,-0.0005774497562401,70,0
34.808,-0.0006314762562401,70,0
34.81,-0.0006855027562401,70,0
34.812,-0.0009159593562401,70,0
34.814,-0.0011164079562401,70,0
34.816,-0.0010059954562401,70,0
34.818,-0.0008987834062401,70,0
34.82,-0.0007915713562401,70,0
34.822,-0.0005006268562401,70,0
34.824,-0.0005573214062401,70,0
34.826,-0.0006140159562401,70,0
34.828,-0.0008303397562401,70,0
34.83,-0.0010511647562401,70,0
34.832,-0.0011416969562401,70,0
34.834,-0.0010333172562401,70,0
34.836,-0.0008518172562401,70,0
34.838,-0.0005060476562401,70,0
34.84,-0.0007573646562401,70,0
34.842,-0.0009709901562401,70,0
34.844,-0.0010539235562401,70,0
34.846,-0.0011368569562401,70,0
34.848,-0.0011115982062401,70,0
34.85,-0.0010863394562401,70,0
34.852,-0.0009328388562401,70,0
34.854,-0.0005308889562401,70,0
34.856,-0.0005258432562401,70,0
34.858,-0.0006850308562401,70,0
34.86,-0.0011209817562401,70,0
34.862,-0.0009904106562401,70,0
34.864,-0.0007933863562401,70,0
34.866,-0.0007409116812401,70,0
34.868,-0.0006884370062401,70,0
34.87,-0.0006359623312401,70,0
34.872,-0.0005834876562401,70,0
34.874,-0.0004994047562401,70,0
34.876,-0.0008257659562401,70,0
34.878,-0.0010475468562401,70,0
34.88,-0.0010995829062401,70,0
34.882,-0.0011516189562401,70,0
34.884,-0.0010486358562401,70,0
34.886,-0.0006589190562401,70,0
34.888,-0.0005592876562401,70,0
34.89,-0.0007543033562401,70,0
34.892,-0.0009771490562401,70,0
34.894,-0.0010341158562401,70,0
34.896,-0.0010910826562401,70,0
34.898,-0.0011480494562401,70,0
34.9,-0.0010926435562401,70,0
34.902,-0.0007283609562401,70,0
34.904,-0.0006234479062401,70,0
34.906,-0.0005185348562401,70,0
34.908,-0.0006785694562401,70,0
34.91,-0.0008960185562401,70,0
34.912,-0.0010935268562401,70,0
34.914,-0.0011070425562401,70,0
34.916,-0.0011205582562401,70,0
34.918,-0.0007906033562401,70,0
34.92,-0.0006914801562401,70,0
34.922,-0.0005923569562401,70,0
34.924,-0.0004977470562401,70,0
34.926,-0.0008302913562401,70,0
34.928,-0.0009361542562401,70,0
34.93,-0.0010420171562401,70,0
34.932,-0.0010451389562401,70,0
34.934,-0.0006635533562401,70,0
34.936,-0.0005573274562401,70,0
34.938,-0.0006240710562401,70,0
34.94,-0.0006908146562401,70,0
34.942,-0.0007575582562401,70,0
34.944,-0.0009712200562401,70,0
34.946,-0.0010594169562401,70,0
34.948,-0.0011476138562401,70,0
34.95,-0.0010964187562401,70,0
34.952,-0.0007384886562401,70,0
34.954,-0.0005411497562401,70,0
34.956,-0.0005235200562401,70,0
34.958,-0.0006785573562401,70,0
34.96,-0.0007909966062401,70,0
34.962,-0.0009034358562401,70,0
34.964,-0.0011306012562401,70,0
34.966,-0.0009684431062401,70,0
34.968,-0.0008062849562401,70,0
34.97,-0.0007027150062401,70,0
34.972,-0.0005991450562401,70,0
34.974,-0.0005027080562401,70,0
34.976,-0.0006075908562401,70,0
34.978,-0.0008214099562401,70,0
34.98,-0.0010403957562401,70,0
34.982,-0.0011428343562401,70,0
34.984,-0.0010448122562401,70,0
34.986,-0.0005617076562401,70,0
34.988,-0.0009622176562401,70,0
34.99,-0.0011304076562401,70,0
34.992,-0.0011081134062401,70,0
34.994,-0.0010858191562401,70,0
34.996,-0.0010348579895734,70,0
34.998,-0.0009838968229067,70,0
35.0,-0.0009329356562401,71,0
35.002,-0.0008313924562401,71,0
35.004,-0.0007298492562401,71,0
35.006,-0.0005383183562401,71,0
35.008,-0.0005171070562401,71,0
35.01,-0.0006754597562401,71,0
35.012,-0.0008924127562401,71,0
35.014,-0.0010914335562401,71,0
35.016,-0.0011219739562401,71,0
35.018,-0.0007993395562401,71,0
35.02,-0.0005923811562401,71,0
35.022,-0.0005441263562401,71,0
35.024,-0.0004958715562401,71,0
35.026,-0.0006010084562401,71,0
35.028,-0.0008158076562401,71,0
35.03,-0.0010225119562401,71,0
35.032,-0.0008659742562401,71,0
35.034,-0.0007660403562401,71,0
35.036,-0.0006661064562401,71,0
35.038,-0.0005902273562401,71,0
35.04,-0.0005143482562401,71,0
35.042,-0.0005542540562401,71,0
35.044,-0.0007440062562401,71,0
35.046,-0.0009603542562401,71,0
35.048,-0.0011366875562401,71,0
35.05,-0.0010960557562401,71,0
35.052,-0.0007466440562401,71,0
35.054,-0.0005459050562401,71,0
35.056,-0.0005183533562401,71,0
35.058,-0.0005930103562401,71,0
35.06,-0.0006676673562401,71,0
35.062,-0.0008872702562401,71,0
35.064,-0.0011004843562401,71,0
35.066,-0.0011372562562401,71,0
35.068,-0.0008161948562401,71,0
35.07,-0.0007138349062401,71,0
35.072,-0.0006114749562401,71,0
35.074,-0.0005115289562401,71,0
35.076,-0.0008177315562401,71,0
35.078,-0.0010408434562401,71,0
35.08,-0.0011543777562401,71,0
35.082,-0.0008814259562401,71,0
35.084,-0.0007759805062401,71,0
35.086,-0.0006705350562401,71,0
35.088,-0.0005896465562401,71,0
35.09,-0.0005087580562401,71,0
35.092,-0.0009548608562401,71,0
35.094,-0.0011388534562401,71,0
35.096,-0.0011022388562401,71,0
35.098,-0.0010248714562401,71,0
35.1,-0.0009475040562401,71,0
35.102,-0.0007499776062401,71,0
35.104,-0.0005524511562401,71,0
35.106,-0.0005122186562401,71,0
35.108,-0.0005849154562401,71,0
35.11,-0.0006576122562401,71,0
35.112,-0.0008721694562401,71,0
35.114,-0.0011379822562401,71,0
35.116,-0.0010752074562401,71,0
35.118,-0.0010124326562401,71,0
35.12,-0.0008178162562401,71,0
35.122,-0.0005093267562401,71,0
35.124,-0.0005545626062401,71,0
35.126,-0.0005997984562401,71,0
35.128,-0.0010188698562401,71,0
35.13,-0.0008965025562401,71,0
35.132,-0.0008233136895734,71,0
35.134,-0.0007501248229067,71,0
35.136,-0.0006769359562401,71,0
35.138,-0.0005920423562401,71,0
35.14,-0.0005071487562401,71,0
35.142,-0.0005482282562401,71,0
35.144,-0.0007322450562401,71,0
35.146,-0.0009485567562401,71,0
35.148,-0.0011325735562401,71,0
35.15,-0.0011053848562401,71,0
35.152,-0.0005528262562401,71,0
35.154,-0.0006103012562401,71,0
35.156,-0.0006677762562401,71,0
35.158,-0.0007403359229067,71,0
35.16,-0.0008128955895734,71,0
35.162,-0.0008854552562401,71,0
35.164,-0.0010951603562401,71,0
35.166,-0.0011405716562401,71,0
35.168,-0.0010161352562401,71,0
35.17,-0.0008226683562401,71,0
35.172,-0.0006145483562401,71,0
35.174,-0.0005929377562401,71,0
35.176,-0.0010244600562401,71,0
35.178,-0.0010681692895734,71,0
35.18,-0.0011118785229067,71,0
35.182,-0.0011555877562401,71,0
35.184,-0.0010712870562401,71,0
35.186,-0.0005347004562401,71,0
35.188,-0.0005584648562401,71,0
35.19,-0.0007427236562401,71,0
35.192,-0.0008757510562401,71,0
35.194,-0.0010087784562401,71,0
35.196,-0.0011418058562401,71,0
35.198,-0.0011100675562401,71,0
35.2,-0.0009643956562401,71,0
35.202,-0.0007623377562401,71,0
35.204,-0.0006614116562401,71,0
35.206,-0.0005604855562401,71,0
35.208,-0.0005159575562401,71,0
35.21,-0.0006579631562401,71,0
35.212,-0.0008742748562401,71,0
35.214,-0.0011364576562401,71,0
35.216,-0.0009781352062401,71,0
35.218,-0.0008198127562401,71,0
35.22,-0.0006129874562401,71,0
35.222,-0.0005858834562401,71,0
35.224,-0.0010128198562401,71,0
35.226,-0.0011402449562401,71,0
35.228,-0.0010987298562401,71,0
35.23,-0.0010572147562401,71,0
35.232,-0.0010006795229067,71,0
35.234,-0.0009441442895734,71,0
35.236,-0.0008876090562401,71,0
35.238,-0.0004960530562401,71,0
35.24,-0.0005140941562401,71,0
35.242,-0.0005321352562401,71,0
35.244,-0.0007132964562401,71,0
35.246,-0.0009285070562401,71,0
35.248,-0.0011124633562401,71,0
35.25,-0.0010926556562401,71,0
35.252,-0.0009460399562401,71,0
35.254,-0.0007476241562401,71,0
35.256,-0.0005525479562401,71,0
35.258,-0.0005018852562401,71,0
35.26,-0.0006522156562401,71,0
35.262,-0.0008690839562401,71,0
35.264,-0.0010728963562401,71,0
35.266,-0.0011291976562401,71,0
35.268,-0.0008180219562401,71,0
35.27,-0.0007145669562401,71,0
35.272,-0.0006111119562401,71,0
35.274,-0.0004893738562401,71,0
35.276,-0.0007888246562401,71,0
35.278,-0.0010156391562401,71,0
35.28,-0.0011437781562401,71,0
35.282,-0.0010617764562401,71,0
35.284,-0.0008919287562401,71,0
35.286,-0.0006856237562401,71,0
35.288,-0.0005963378562401,71,0
35.29,-0.0005070519562401,71,0
35.292,-0.0005311914562401,71,0
35.294,-0.0007076578562401,71,0
35.296,-0.0009227353562401,71,0
35.298,-0.0010986330562401,71,0
35.3,-0.0009290152562401,71,0
35.302,-0.0007593974562401,71,0
35.304,-0.0005571822562401,71,0
35.306,-0.0005256133562401,71,0
35.308,-0.0004940444562401,71,0
35.31,-0.0006323595562401,71,0
35.312,-0.0008556166562401,71,0
35.314,-0.0010673666562401,71,0
35.316,-0.0010138120562401,71,0
35.318,-0.0006270839562401,71,0
35.32,-0.0005624457562401,71,0
35.322,-0.0004978075562401,71,0
35.324,-0.0005837175562401,71,0
35.326,-0.0007906396562401,71,0
35.328,-0.0008966901062401,71,0
35.33,-0.0010027405562401,71,0
35.332,-0.0010712991562401,71,0
35.334,-0.0009106232562401,71,0
35.336,-0.0005244517562401,71,0
35.338,-0.0005374834562401,71,0
35.34,-0.0005961886229067,71,0
35.342,-0.0006548937895734,71,0
35.344,-0.0007135989562401,71,0
35.346,-0.0009434505562401,71,0
35.348,-0.0011445767562401,71,0
35.35,-0.0011210180562401,71,0
35.352,-0.0009791455562401,71,0
35.354,-0.0007744256562401,71,0
35.356,-0.0005694516562401,71,0
35.358,-0.0006401761562401,71,0
35.36,-0.0010732714562401,71,0
35.362,-0.0010929016895734,71,0
35.364,-0.0011125319229067,71,0
35.366,-0.0011321621562401,71,0
35.368,-0.0008363050562401,71,0
35.37,-0.0006233087562401,71,0
35.372,-0.0004912493562401,71,0
35.374,-0.0007813710562401,71,0
35.376,-0.0008897205062401,71,0
35.378,-0.0009980699562401,71,0
35.38,-0.0011424229562401,71,0
35.382,-0.0011078593062401,71,0
35.384,-0.0010732956562401,71,0
35.386,-0.0009112766562401,71,0
35.388,-0.0005242702562401,71,0
35.39,-0.0005376891562401,71,0
35.392,-0.0007120864562401,71,0
35.394,-0.0009290394562401,71,0
35.396,-0.0011168072562401,71,0
35.398,-0.0011149922562401,71,0
35.4,-0.0009774273562401,71,0
35.402,-0.0007779951562401,71,0
35.404,-0.0006743223562401,71,0
35.406,-0.0005706495562401,71,0
35.408,-0.0006424872562401,71,0
35.41,-0.0008695437562401,71,0
35.412,-0.0010853230562401,71,0
35.414,-0.0011141634062401,71,0
35.416,-0.0011430037562401,71,0
35.418,-0.0010365721562401,71,0
35.42,-0.0008496392562401,71,0
35.422,-0.0006296128562401,71,0
35.424,-0.0005006026562401,71,0
35.426,-0.0007788058562401,71,0
35.428,-0.0009662046062401,71,0
35.43,-0.0011536033562401,71,0
35.432,-0.0011158634562401,71,0
35.434,-0.0010781235562401,71,0
35.436,-0.0009128617562401,71,0
35.438,-0.0007105134562401,71,0
35.44,-0.0005312156562401,71,0
35.442,-0.0005377254562401,71,0
35.444,-0.0009317498562401,71,0
35.446,-0.0011336262562401,71,0
35.448,-0.0011283627562401,71,0
35.45,-0.0009563794062401,71,0
35.452,-0.0007843960562401,71,0
35.454,-0.0005893682562401,71,0
35.456,-0.0005235926562401,71,0
35.458,-0.0005864219062401,71,0
35.46,-0.0006492511562401,71,0
35.462,-0.0008646553562401,71,0
35.464,-0.0011538695562401,71,0
35.466,-0.0010487931562401,71,0
35.468,-0.0009552359562401,71,0
35.47,-0.0008616787562401,71,0
35.472,-0.0006568983562401,71,0
35.474,-0.0005163568562401,71,0
35.476,-0.0007589921062401,71,0
35.478,-0.0010016273562401,71,0
35.48,-0.0011439475562401,71,0
35.482,-0.0010829393562401,71,0
35.484,-0.0009217915562401,71,0
35.486,-0.0005292675562401,71,0
35.488,-0.0007072222562401,71,0
35.49,-0.0007799997229067,71,0
35.492,-0.0008527771895734,71,0
35.494,-0.0009255546562401,71,0
35.496,-0.0011274673562401,71,0
35.498,-0.0009899992562401,71,0
35.5,-0.0007951045562401,72,0
35.502,-0.0005173490562401,72,0
35.504,-0.0005798576562401,72,0
35.506,-0.0006423662562401,72,0
35.508,-0.0007493544562401,72,0
35.51,-0.0008563426562401,72,0
35.512,-0.0010598041562401,72,0
35.514,-0.0011481825562401,72,0
35.516,-0.0010423438562401,72,0
35.518,-0.0006498682562401,72,0
35.52,-0.0006140764562401,72,0
35.522,-0.0005782846562401,72,0
35.524,-0.0007730099562401,72,0
35.526,-0.0008798469062401,72,0
35.528,-0.0009866838562401,72,0
35.53,-0.0011489327562401,72,0
35.532,-0.0010895459562401,72,0
35.534,-0.0009261112562401,72,0
35.536,-0.0005402785562401,72,0
35.538,-0.0005966645562401,72,0
35.54,-0.0006530505562401,72,0
35.542,-0.0007094365562401,72,0
35.544,-0.0009194562562401,72,0
35.546,-0.0011202436562401,72,0
35.548,-0.0011234259562401,72,0
35.55,-0.0009879543562401,72,0
35.552,-0.0007891755562401,72,0
35.554,-0.0005182565562401,72,0
35.556,-0.0006315004562401,72,0
35.558,-0.0008460818562401,72,0
35.56,-0.0009550363062401,72,0
35.562,-0.0010639907562401,72,0
35.564,-0.0010478856562401,72,0
35.566,-0.0008697010562401,72,0
35.568,-0.0007643161062401,72,0
35.57,-0.0006589311562401,72,0
35.572,-0.0005162116562401,72,0
35.574,-0.0005816000562401,72,0
35.576,-0.0009877849562401,72,0
35.578,-0.0010391615562401,72,0
35.58,-0.0010905381562401,72,0
35.582,-0.0010131586562401,72,0
35.584,-0.0009357791562401,72,0
35.586,-0.0007343746562401,72,0
35.588,-0.0005411376562401,72,0
35.59,-0.0009203758562401,72,0
35.592,-0.0011240309562401,72,0
35.594,-0.0011281812562401,72,0
35.596,-0.0011323315562401,72,0
35.598,-0.0010658844062401,72,0
35.6,-0.0009994372562401,72,0
35.602,-0.0008025944562401,72,0
35.604,-0.0006002703562401,72,0
35.606,-0.0006261038562401,72,0
35.608,-0.0008398745562401,72,0
35.61,-0.0010577108562401,72,0
35.612,-0.0011058567562401,72,0
35.614,-0.0011540026562401,72,0
35.616,-0.0010496159562401,72,0
35.618,-0.0008658774562401,72,0
35.62,-0.0006614842562401,72,0
35.622,-0.0005086975562401,72,0
35.624,-0.0005691733562401,72,0
35.626,-0.0007734697562401,72,0
35.628,-0.0009875429562401,72,0
35.63,-0.0011493078562401,72,0
35.632,-0.0010941923562401,72,0
35.634,-0.0007317852562401,72,0
35.636,-0.0005355353562401,72,0
35.638,-0.0005218744562401,72,0
35.64,-0.0006836393562401,72,0
35.642,-0.0011144598562401,72,0
35.644,-0.0011276851562401,72,0
35.646,-0.0009928669562401,72,0
35.648,-0.0007935376062401,72,0
35.65,-0.0005942082562401,72,0
35.652,-0.0005052490562401,72,0
35.654,-0.0005636981062401,72,0
35.656,-0.0006221471562401,72,0
35.658,-0.0008411934562401,72,0
35.66,-0.0009943915562401,72,0
35.662,-0.0011475896562401,72,0
35.664,-0.0010992078062401,72,0
35.666,-0.0010508259562401,72,0
35.668,-0.0008739602562401,72,0
35.67,-0.0006628636562401,72,0
35.672,-0.0005125816562401,72,0
35.674,-0.0005689434562401,72,0
35.676,-0.0007621683562401,72,0
35.678,-0.0009721517562401,72,0
35.68,-0.0011434877562401,72,0
35.682,-0.0010880818562401,72,0
35.684,-0.0009343271562401,72,0
35.686,-0.0007282036562401,72,0
35.688,-0.0005286141562401,72,0
35.69,-0.0005170949562401,72,0
35.692,-0.0006806022562401,72,0
35.694,-0.0009010037562401,72,0
35.696,-0.0010931154562401,72,0
35.698,-0.0011166136562401,72,0
35.7,-0.0007906638562401,72,0
35.702,-0.0005823018562401,72,0
35.704,-0.0004909468562401,72,0
35.706,-0.0006070947562401,72,0
35.708,-0.0008293354562401,72,0
35.71,-0.0011533613562401,72,0
35.712,-0.0011016762062401,72,0
35.714,-0.0010499910562401,72,0
35.716,-0.0009612799062401,72,0
35.718,-0.0008725687562401,72,0
35.72,-0.0006659491562401,72,0
35.722,-0.0005090726562401,72,0
35.724,-0.0005602193562401,72,0
35.726,-0.0009783953562401,72,0
35.728,-0.0011463554562401,72,0
35.73,-0.0011213266062401,72,0
35.732,-0.0010962977562401,72,0
35.734,-0.0009471410562401,72,0
35.736,-0.0007334913562401,72,0
35.738,-0.0005324861562401,72,0
35.74,-0.0005224068562401,72,0
35.742,-0.0009037020562401,72,0
35.744,-0.0011095230562401,72,0
35.746,-0.0011277456562401,72,0
35.748,-0.0010620971062401,72,0
35.75,-0.0009964485562401,72,0
35.752,-0.0005918487562401,72,0
35.754,-0.0004948430562401,72,0
35.756,-0.0006045900562401,72,0
35.758,-0.0007103622062401,72,0
35.76,-0.0008161343562401,72,0
35.762,-0.0010291669562401,72,0
35.764,-0.0011345458562401,72,0
35.766,-0.0010428157562401,72,0
35.768,-0.0008690355562401,72,0
35.77,-0.0006613874562401,72,0
35.772,-0.0005602072562401,72,0
35.774,-0.0006567592062401,72,0
35.776,-0.0007533111562401,72,0
35.778,-0.0009678078562401,72,0
35.78,-0.0011433667562401,72,0
35.782,-0.0010984273562401,72,0
35.784,-0.0009419622562401,72,0
35.786,-0.0007362985562401,72,0
35.788,-0.0005453000562401,72,0
35.79,-0.0006783637562401,72,0
35.792,-0.0007873484562401,72,0
35.794,-0.0008963331562401,72,0
35.796,-0.0011362398562401,72,0
35.798,-0.0010092866562401,72,0
35.8,-0.0008064664562401,72,0
35.802,-0.0006036462562401,72,0
35.804,-0.0005064953562401,72,0
35.806,-0.0006065744562401,72,0
35.808,-0.0008213978562401,72,0
35.81,-0.0011457141562401,72,0
35.812,-0.0010529192562401,72,0
35.814,-0.0009637846062401,72,0
35.816,-0.0008746499562401,72,0
35.818,-0.0006669171562401,72,0
35.82,-0.0005064711562401,72,0
35.822,-0.0005603645562401,72,0
35.824,-0.0007466319562401,72,0
35.826,-0.0011435724562401,72,0
35.828,-0.0011229238062401,72,0
35.83,-0.0011022751562401,72,0
35.832,-0.0009516543562401,72,0
35.834,-0.0007452646562401,72,0
35.836,-0.0005413070562401,72,0
35.838,-0.0006678851562401,72,0
35.84,-0.0008855036562401,72,0
35.842,-0.0009889647062401,72,0
35.844,-0.0010924257562401,72,0
35.846,-0.0011308795562401,72,0
35.848,-0.0010059833562401,72,0
35.85,-0.0008118267562401,72,0
35.852,-0.0005057814562401,72,0
35.854,-0.0006031985562401,72,0
35.856,-0.0007093942062401,72,0
35.858,-0.0008155898562401,72,0
35.86,-0.0010211930562401,72,0
35.862,-0.0011370263562401,72,0
35.864,-0.0010575898562401,72,0
35.866,-0.0008900411562401,72,0
35.868,-0.0006827318562401,72,0
35.87,-0.0005164899562401,72,0
35.872,-0.0005553067562401,72,0
35.874,-0.0009527554562401,72,0
35.876,-0.0010425314062401,72,0
35.878,-0.0011323073562401,72,0
35.88,-0.0011047435562401,72,0
35.882,-0.0009547519562401,72,0
35.884,-0.0007653264562401,72,0
35.886,-0.0005635468562401,72,0
35.888,-0.0005190430562401,72,0
35.89,-0.0006662758562401,72,0
35.892,-0.0008827690562401,72,0
35.894,-0.0010938898562401,72,0
35.896,-0.0010165224562401,72,0
35.898,-0.0006092485562401,72,0
35.9,-0.0005041358562401,72,0
35.902,-0.0006034284562401,72,0
35.904,-0.0008096608562401,72,0
35.906,-0.0010321435562401,72,0
35.908,-0.0011450849562401,72,0
35.91,-0.0010991715062401,72,0
35.912,-0.0010532580562401,72,0
35.914,-0.0009670637062401,72,0
35.916,-0.0008808693562401,72,0
35.918,-0.0005457114562401,72,0
35.92,-0.0007366252562401,72,0
35.922,-0.0008428511562401,72,0
35.924,-0.0009490770562401,72,0
35.926,-0.0011224821562401,72,0
35.928,-0.0011100373062401,72,0
35.93,-0.0010975924562401,72,0
35.932,-0.0009537355562401,72,0
35.934,-0.0007538193562401,72,0
35.936,-0.0005541330562401,72,0
35.938,-0.0005203619562401,72,0
35.94,-0.0010918570562401,72,0
35.942,-0.0011297058562401,72,0
35.944,-0.0010260693562401,72,0
35.946,-0.0009224328562401,72,0
35.948,-0.0008187963562401,72,0
35.95,-0.0008162674562401,72,0
35.952,-0.0009787765062401,72,0
35.954,-0.0011412855562401,72,0
35.956,-0.0009110649062401,72,0
35.958,-0.0006808442562401,72,0
35.96,-0.0005173974562401,72,0
35.962,-0.0005234668162401,72,0
35.964,-0.0005295361762401,72,0
35.966,-0.0005356055362401,72,0
35.968,-0.0005416748962401,72,0
35.97,-0.0005477442562401,72,0
35.972,-0.0009452776562401,72,0
35.974,-0.0010194204062401,72,0
35.976,-0.0010935631562401,72,0
35.978,-0.0009485325562401,72,0
35.98,-0.0005534191562401,72,0
35.982,-0.0005310704562401,72,0
35.984,-0.0005087217562401,72,0
35.986,-0.0006532199562401,72,0
35.988,-0.0010840525562401,72,0
35.99,-0.0010604615895734,72,0
35.992,-0.0010368706229067,72,0
35.994,-0.0010132796562401,72,0
35.996,-0.0006163633562401,72,0
35.998,-0.0005604250562401,72,0
36.0,-0.0005044867562401,73,0
36.002,-0.0008041553562401,73,0
36.004,-0.0010288644562401,73,0
36.006,-0.0010709563229067,73,0
36.008,-0.0011130481895734,73,0
36.01,-0.0011551400562401,73,0
36.012,-0.0009397197229067,73,0
36.014,-0.0007242993895734,73,0
36.016,-0.0005088790562401,73,0
36.018,-0.0005405931562401,73,0
36.02,-0.0007228070562401,73,0
36.022,-0.0011176421562401,73,0
36.024,-0.0011033399562401,73,0
36.026,-0.0007531780562401,73,0
36.028,-0.0006280882562401,73,0
36.03,-0.0005029984562401,73,0
36.032,-0.0008622474562401,73,0
36.034,-0.0009322096562401,73,0
36.036,-0.0010021718562401,73,0
36.038,-0.0010721340562401,73,0
36.04,-0.0010425858562401,73,0
36.042,-0.0010130376562401,73,0
36.044,-0.0006088734562401,73,0
36.046,-0.0005772924562401,73,0
36.048,-0.0007909784562401,73,0
36.05,-0.0010046644562401,73,0
36.052,-0.0011363366562401,73,0
36.054,-0.0010722732062401,73,0
36.056,-0.0010082097562401,73,0
36.058,-0.0009441463062401,73,0
36.06,-0.0008800828562401,73,0
36.062,-0.0005066405562401,73,0
36.064,-0.0005407383562401,73,0
36.066,-0.0007266185562401,73,0
36.068,-0.0008389731062401,73,0
36.07,-0.0009513276562401,73,0
36.072,-0.0011327671562401,73,0
36.074,-0.0011180475062401,73,0
36.076,-0.0011033278562401,73,0
36.078,-0.0009540501562401,73,0
36.08,-0.0007456881562401,73,0
36.082,-0.0005456630562401,73,0
36.084,-0.0004977591562401,73,0
36.086,-0.0006367397562401,73,0
36.088,-0.0008609406562401,73,0
36.09,-0.0011403659562401,73,0
36.092,-0.0006279551562401,73,0
36.094,-0.0005973451812401,73,0
36.096,-0.0005667352062401,73,0
36.098,-0.0005361252312401,73,0
36.1,-0.0005055152562401,73,0
36.102,-0.0005856777562401,73,0
36.104,-0.0010200072562401,73,0
36.106,-0.0010851294562401,73,0
36.108,-0.0011502516562401,73,0
36.11,-0.0010766715562401,73,0
36.112,-0.0009103812562401,73,0
36.114,-0.0007043787562401,73,0
36.116,-0.0005196480562401,73,0
36.118,-0.0007151961562401,73,0
36.12,-0.0009309391562401,73,0
36.122,-0.0010227721062401,73,0
36.124,-0.0011146050562401,73,0
36.126,-0.0005556818562401,73,0
36.128,-0.0004999734562401,73,0
36.13,-0.0006367760562401,73,0
36.132,-0.0008559796562401,73,0
36.134,-0.0009255869229067,73,0
36.136,-0.0009951941895734,73,0
36.138,-0.0010648014562401,73,0
36.14,-0.0011013132062401,73,0
36.142,-0.0011378249562401,73,0
36.144,-0.0010251255562401,73,0
36.146,-0.0006240710562401,73,0
36.148,-0.0005991632062401,73,0
36.15,-0.0005742553562401,73,0
36.152,-0.0007891695062401,73,0
36.154,-0.0010040836562401,73,0
36.156,-0.0010748021062401,73,0
36.158,-0.0011455205562401,73,0
36.16,-0.0010737796562401,73,0
36.162,-0.0009050451562401,73,0
36.164,-0.0007002647562401,73,0
36.166,-0.0005258916562401,73,0
36.168,-0.0005395888562401,73,0
36.17,-0.0007109611562401,73,0
36.172,-0.0009381386562401,73,0
36.174,-0.0011303955562401,73,0
36.176,-0.0011188400562401,73,0
36.178,-0.0009755881562401,73,0
36.18,-0.0007775716562401,73,0
36.182,-0.0005821566562401,73,0
36.184,-0.0005148322562401,73,0
36.186,-0.0006387604562401,73,0
36.188,-0.0008546365562401,73,0
36.19,-0.0010717226562401,73,0
36.192,-0.0011400150562401,73,0
36.194,-0.0010258878562401,73,0
36.196,-0.0008377449562401,73,0
36.198,-0.0005057088562401,73,0
36.2,-0.0005843467562401,73,0
36.202,-0.0007949351562401,73,0
36.204,-0.0010002842562401,73,0
36.206,-0.0011484366562401,73,0
36.208,-0.0011124512562401,73,0
36.21,-0.0010764658562401,73,0
36.212,-0.0007009786562401,73,0
36.214,-0.0006057637562401,73,0
36.216,-0.0005105488562401,73,0
36.218,-0.0005255891562401,73,0
36.22,-0.0009215858562401,73,0
36.222,-0.0010183737562401,73,0
36.224,-0.0011151616562401,73,0
36.226,-0.0011120398562401,73,0
36.228,-0.0009676989562401,73,0
36.23,-0.0007648666562401,73,0
36.232,-0.0005579687562401,73,0
36.234,-0.0006200296562401,73,0
36.236,-0.0007299581562401,73,0
36.238,-0.0008398866562401,73,0
36.24,-0.0011378733562401,73,0
36.242,-0.0010834717562401,73,0
36.244,-0.0010290701562401,73,0
36.246,-0.0008397414562401,73,0
36.248,-0.0005661725562401,73,0
36.25,-0.0007680973562401,73,0
36.252,-0.0011364939562401,73,0
36.254,-0.0010744572562401,73,0
36.256,-0.0009102118562401,73,0
36.258,-0.0008590863312401,73,0
36.26,-0.0008079608062401,73,0
36.262,-0.0007568352812401,73,0
36.264,-0.0007057097562401,73,0
36.266,-0.0005208943562401,73,0
36.268,-0.0005306106562401,73,0
36.27,-0.0007062179562401,73,0
36.272,-0.0009206299562401,73,0
36.274,-0.0011197959562401,73,0
36.276,-0.0011183802562401,73,0
36.278,-0.0009882810562401,73,0
36.28,-0.0006191221562401,73,0
36.282,-0.0007280766062401,73,0
36.284,-0.0008370310562401,73,0
36.286,-0.0009459855062401,73,0
36.288,-0.0010549399562401,73,0
36.29,-0.0010974775062401,73,0
36.292,-0.0011400150562401,73,0
36.294,-0.0010336076562401,73,0
36.296,-0.0006432011562401,73,0
36.298,-0.0004993563562401,73,0
36.3,-0.0005324922062401,73,0
36.302,-0.0005656280562401,73,0
36.304,-0.0007703237562401,73,0
36.306,-0.0009976706562401,73,0
36.308,-0.0011436087562401,73,0
36.31,-0.0010754373562401,73,0
36.312,-0.0007065325562401,73,0
36.314,-0.0005190430562401,73,0
36.316,-0.0005173914062401,73,0
36.318,-0.0005157397562401,73,0
36.32,-0.0006869305562401,73,0
36.322,-0.0009102239562401,73,0
36.324,-0.0011070909562401,73,0
36.326,-0.0011124633562401,73,0
36.328,-0.0009762657562401,73,0
36.33,-0.0005811402562401,73,0
36.332,-0.0005052490562401,73,0
36.334,-0.0005660152562401,73,0
36.336,-0.0006267814562401,73,0
36.338,-0.0010584126562401,73,0
36.34,-0.0011394584562401,73,0
36.342,-0.0010341158562401,73,0
36.344,-0.0008503894562401,73,0
36.346,-0.0006448709562401,73,0
36.348,-0.0005109965562401,73,0
36.35,-0.0005780184562401,73,0
36.352,-0.0007762890562401,73,0
36.354,-0.0009813114562401,73,0
36.356,-0.0010593201562401,73,0
36.358,-0.0011373288562401,73,0
36.36,-0.0010807129562401,73,0
36.362,-0.0009198192562401,73,0
36.364,-0.0007164303562401,73,0
36.366,-0.0005325345562401,73,0
36.368,-0.0007224077562401,73,0
36.37,-0.0009122809562401,73,0
36.372,-0.0010159961062401,73,0
36.374,-0.0011197112562401,73,0
36.376,-0.0009816623562401,73,0
36.378,-0.0007776321562401,73,0
36.38,-0.0006751391062401,73,0
36.382,-0.0005726460562401,73,0
36.384,-0.0006166174562401,73,0
36.386,-0.0008301703562401,73,0
36.388,-0.0009358275562401,73,0
36.39,-0.0010414847562401,73,0
36.392,-0.0011295001562401,73,0
36.394,-0.0010264928562401,73,0
36.396,-0.0008467473562401,73,0
36.398,-0.0004800084562401,73,0
36.4,-0.0005122126062401,73,0
36.402,-0.0005444167562401,73,0
36.404,-0.0007434375562401,73,0
36.406,-0.0009630888562401,73,0
36.408,-0.0011393858562401,73,0
36.41,-0.0010855650562401,73,0
36.412,-0.0007196126562401,73,0
36.414,-0.0006226432562401,73,0
36.416,-0.0005256738562401,73,0
36.418,-0.0009078281562401,73,0
36.42,-0.0011210543562401,73,0
36.422,-0.0010766392895734,73,0
36.424,-0.0010322242229067,73,0
36.426,-0.0009878091562401,73,0
36.428,-0.0007911478562401,73,0
36.43,-0.0005857745562401,73,0
36.432,-0.0004948914562401,73,0
36.434,-0.0006089460562401,73,0
36.436,-0.0008218213562401,73,0
36.438,-0.0010325912562401,73,0
36.44,-0.0011251804562401,73,0
36.442,-0.0010278964562401,73,0
36.444,-0.0008464811562401,73,0
36.446,-0.0006410473562401,73,0
36.448,-0.0007460390562401,73,0
36.45,-0.0008177718895734,73,0
36.452,-0.0008895047229067,73,0
36.454,-0.0009612375562401,73,0
36.456,-0.0011264146562401,73,0
36.458,-0.0010736223562401,73,0
36.46,-0.0009188633562401,73,0
36.462,-0.0005258432562401,73,0
36.464,-0.0005150621562401,73,0
36.466,-0.0008943850562401,73,0
36.468,-0.0011000245562401,73,0
36.47,-0.0011236074562401,73,0
36.472,-0.0010801200562401,73,0
36.474,-0.0010366326562401,73,0
36.476,-0.0009931452562401,73,0
36.478,-0.0005869603562401,73,0
36.48,-0.0005416216562401,73,0
36.482,-0.0004962829562401,73,0
36.484,-0.0006098293562401,73,0
36.486,-0.0008270243562401,73,0
36.488,-0.0010395245562401,73,0
36.49,-0.0011356590562401,73,0
36.492,-0.0010357009562401,73,0
36.494,-0.0006480048562401,73,0
36.496,-0.0005999013062401,73,0
36.498,-0.0005517977562401,73,0
36.5,-0.0007475636562401,74,0
36.502,-0.0008545518562401,74,0
36.504,-0.0009615400562401,74,0
36.506,-0.0011349451562401,74,0
36.508,-0.0010894854562401,74,0
36.51,-0.0009300679562401,74,0
36.512,-0.0005088790562401,74,0
36.514,-0.0005881764062401,74,0
36.516,-0.0006674737562401,74,0
36.518,-0.0008909970562401,74,0
36.52,-0.0011128868562401,74,0
36.522,-0.0009832595562401,74,0
36.524,-0.0008853403062401,74,0
36.526,-0.0007874210562401,74,0
36.528,-0.0006866643562401,74,0
36.53,-0.0005859076562401,74,0
36.532,-0.0004920479562401,74,0
36.534,-0.0005976930562401,74,0
36.536,-0.0008082935562401,74,0
36.538,-0.0011301656562401,74,0
36.54,-0.0008543461562401,74,0
36.542,-0.0004856591562401,74,0
36.544,-0.0005444772562401,74,0
36.546,-0.0006407751062401,74,0
36.548,-0.0007370729562401,74,0
36.55,-0.0008650586895734,74,0
36.552,-0.0009930444229067,74,0
36.554,-0.0011210301562401,74,0
36.556,-0.0010729326562401,74,0
36.558,-0.0009173145562401,74,0
36.56,-0.0007153897562401,74,0
36.562,-0.0006198723562401,74,0
36.564,-0.0005243549562401,74,0
36.566,-0.0005033493562401,74,0
36.568,-0.0008791027562401,74,0
36.57,-0.0009811481062401,74,0
36.572,-0.0010831934562401,74,0
36.574,-0.0011076596562401,74,0
36.576,-0.0007818671562401,74,0
36.578,-0.0005723919562401,74,0
36.58,-0.0005233446062401,74,0
36.582,-0.0004742972562401,74,0
36.584,-0.0005855809562401,74,0
36.586,-0.0008021709562401,74,0
36.588,-0.0010112710562401,74,0
36.59,-0.0011224942562401,74,0
36.592,-0.0008693380562401,74,0
36.594,-0.0004972025562401,74,0
36.596,-0.0005114160229067,74,0
36.598,-0.0005256294895734,74,0
36.6,-0.0005398429562401,74,0
36.602,-0.0009573050562401,74,0
36.604,-0.0011331422562401,74,0
36.606,-0.0010838589562401,74,0
36.608,-0.0009262322562401,74,0
36.61,-0.0008270122562401,74,0
36.612,-0.0007277922562401,74,0
36.614,-0.0005360556562401,74,0
36.616,-0.0006538975562401,74,0
36.618,-0.0007688838562401,74,0
36.62,-0.0008838701562401,74,0
36.622,-0.0010915666562401,74,0
36.624,-0.0011151858562401,74,0
36.626,-0.0009904106562401,74,0
36.628,-0.0007962782562401,74,0
36.63,-0.0005893803562401,74,0
36.632,-0.0005866941562401,74,0
36.634,-0.0007969558562401,74,0
36.636,-0.0009613888062401,74,0
36.638,-0.0011258217562401,74,0
36.64,-0.0010399480562401,74,0
36.642,-0.0008635542562401,74,0
36.644,-0.0006581204562401,74,0
36.646,-0.0009533725562401,74,0
36.648,-0.0010133643562401,74,0
36.65,-0.0010733561562401,74,0
36.652,-0.0011333479562401,74,0
36.654,-0.0011197152895734,74,0
36.656,-0.0011060826229067,74,0
36.658,-0.0010924499562401,74,0
36.66,-0.0009312416562401,74,0
36.662,-0.0005352449562401,74,0
36.664,-0.0005943050562401,74,0
36.666,-0.0006533651562401,74,0
36.668,-0.0010860974562401,74,0
36.67,-0.0011256886562401,74,0
36.672,-0.0010830280895734,74,0
36.674,-0.0010403675229067,74,0
36.676,-0.0009977069562401,74,0
36.678,-0.0007998719562401,74,0
36.68,-0.0005926594562401,74,0
36.682,-0.0005889326562401,74,0
36.684,-0.0006945414562401,74,0
36.686,-0.0008001502562401,74,0
36.688,-0.0010125294562401,74,0
36.69,-0.0011433788562401,74,0
36.692,-0.0010568759562401,74,0
36.694,-0.0006660338562401,74,0
36.696,-0.0004916970562401,74,0
36.698,-0.0005301387562401,74,0
36.7,-0.0006233390062401,74,0
36.702,-0.0007165392562401,74,0
36.704,-0.0009392881562401,74,0
36.706,-0.0010918570562401,74,0
36.708,-0.0009443943562401,74,0
36.71,-0.0007218330062401,74,0
36.712,-0.0004992716562401,74,0
36.714,-0.0006421726562401,74,0
36.716,-0.0007524460062401,74,0
36.718,-0.0008627193562401,74,0
36.72,-0.0009969325562401,74,0
36.722,-0.0008971257062401,74,0
36.724,-0.0007973188562401,74,0
36.726,-0.0005891746562401,74,0
36.728,-0.0004807465562401,74,0
36.73,-0.0005765422562401,74,0
36.732,-0.0007907001562401,74,0
36.734,-0.0008985716562401,74,0
36.736,-0.0010064431562401,74,0
36.738,-0.0011281328562401,74,0
36.74,-0.0010476194562401,74,0
36.742,-0.0008741175562401,74,0
36.744,-0.0006731728562401,74,0
36.746,-0.0005351481562401,74,0
36.748,-0.0007331707062401,74,0
36.75,-0.0009311932562401,74,0
36.752,-0.0010863031562401,74,0
36.754,-0.0010381451562401,74,0
36.756,-0.0009899871562401,74,0
36.758,-0.0009418291562401,74,0
36.76,-0.0007436190562401,74,0
36.762,-0.0004985940562401,74,0
36.764,-0.0006426929562401,74,0
36.766,-0.0007545816562401,74,0
36.768,-0.0008664703562401,74,0
36.77,-0.0011183681562401,74,0
36.772,-0.0009946577562401,74,0
36.774,-0.0007941305062401,74,0
36.776,-0.0005936032562401,74,0
36.778,-0.0005670558562401,74,0
36.78,-0.0006728280062401,74,0
36.782,-0.0007786001562401,74,0
36.784,-0.0009968357562401,74,0
36.786,-0.0010223546562401,74,0
36.788,-0.0010478735562401,74,0
36.79,-0.0008744926562401,74,0
36.792,-0.0007703600562401,74,0
36.794,-0.0006662274562401,74,0
36.796,-0.0005225036562401,74,0
36.798,-0.0007078393562401,74,0
36.8,-0.0009209566562401,74,0
36.802,-0.0010149676062401,74,0
36.804,-0.0011089785562401,74,0
36.806,-0.0010891950562401,74,0
36.808,-0.0009436804562401,74,0
36.81,-0.0007398075562401,74,0
36.812,-0.0005370962562401,74,0
36.814,-0.0008567056562401,74,0
36.816,-0.0009609411062401,74,0
36.818,-0.0010651765562401,74,0
36.82,-0.0010904655562401,74,0
36.822,-0.0011157545562401,74,0
36.824,-0.0008039133562401,74,0
36.826,-0.0007036346062401,74,0
36.828,-0.0006033558562401,74,0
36.83,-0.0004856954562401,74,0
36.832,-0.0005750781562401,74,0
36.834,-0.0007879171562401,74,0
36.836,-0.0010033818562401,74,0
36.838,-0.0011438144562401,74,0
36.84,-0.0010623572562401,74,0
36.842,-0.0006779281562401,74,0
36.844,-0.0004954843562401,74,0
36.846,-0.0005223100562401,74,0
36.848,-0.0009241631562401,74,0
36.85,-0.0009821060229067,74,0
36.852,-0.0010400488895734,74,0
36.854,-0.0010979917562401,74,0
36.856,-0.0009497788562401,74,0
36.858,-0.0007425058562401,74,0
36.86,-0.0004859132562401,74,0
36.862,-0.0006203442562401,74,0
36.864,-0.0008358089562401,74,0
36.866,-0.0010512736562401,74,0
36.868,-0.0011090995562401,74,0
36.87,-0.0009969325562401,74,0
36.872,-0.0006069495562401,74,0
36.874,-0.0004846306562401,74,0
36.876,-0.0007773417562401,74,0
36.878,-0.0010039505562401,74,0
36.88,-0.0010496683895734,74,0
36.882,-0.0010953862229067,74,0
36.884,-0.0011411040562401,74,0
36.886,-0.0011040538562401,74,0
36.888,-0.0010670036562401,74,0
36.89,-0.0008988257562401,74,0
36.892,-0.0006900039562401,74,0
36.894,-0.0005204345562401,74,0
36.896,-0.0007014021562401,74,0
36.898,-0.0009190448562401,74,0
36.9,-0.0010089176062401,74,0
36.902,-0.0010987903562401,74,0
36.904,-0.0007562393562401,74,0
36.906,-0.0006847081895734,74,0
36.908,-0.0006131770229067,74,0
36.91,-0.0005416458562401,74,0
36.912,-0.0004859858562401,74,0
36.914,-0.0006230909562401,74,0
36.916,-0.0011273463562401,74,0
36.918,-0.0010700710062401,74,0
36.92,-0.0010127956562401,74,0
36.922,-0.0008238783562401,74,0
36.924,-0.0006555552562401,74,0
36.926,-0.0004872321562401,74,0
36.928,-0.0005625667562401,74,0
36.93,-0.0006632145562401,74,0
36.932,-0.0007638623562401,74,0
36.934,-0.0009795569562401,74,0
36.936,-0.0011207276562401,74,0
36.938,-0.0008889158562401,74,0
36.94,-0.0006834699562401,74,0
36.942,-0.0006897801062401,74,0
36.944,-0.0006960902562401,74,0
36.946,-0.0008046696062401,74,0
36.948,-0.0009132489562401,74,0
36.95,-0.0010089902062401,74,0
36.952,-0.0011047314562401,74,0
36.954,-0.0007541218562401,74,0
36.956,-0.0005462317562401,74,0
36.958,-0.0006208887562401,74,0
36.96,-0.0007318215562401,74,0
36.962,-0.0008427543562401,74,0
36.964,-0.0009157415562401,74,0
36.966,-0.0009887287562401,74,0
36.968,-0.0010617159562401,74,0
36.97,-0.0008271816562401,74,0
36.972,-0.0006185655562401,74,0
36.974,-0.0004908742562401,74,0
36.976,-0.0005273315562401,74,0
36.978,-0.0005637888562401,74,0
36.98,-0.0007721569062401,74,0
36.982,-0.0009805249562401,74,0
36.984,-0.0011281207562401,74,0
36.986,-0.0010621394562401,74,0
36.988,-0.0008967566562401,74,0
36.99,-0.0005131261562401,74,0
36.992,-0.0009061099562401,74,0
36.994,-0.0009739788562401,74,0
36.996,-0.0010418477562401,74,0
36.998,-0.0011097166562401,74,0
37.0,-0.0011103861895734,75,0
37.002,-0.0011110557229067,75,0
37.004,-0.0011117252562401,75,0
37.006,-0.0009698527562401,75,0
37.008,-0.0007704447562401,75,0
37.01,-0.0005637404562401,75,0
37.012,-0.0008365349562401,75,0
37.014,-0.0011292702562401,75,0
37.016,-0.0008431899562401,75,0
37.018,-0.0004888898562401,75,0
37.02,-0.0005614414562401,75,0
37.022,-0.0011293428562401,75,0
37.024,-0.0010662655562401,75,0
37.026,-0.0009827574062401,75,0
37.028,-0.0008992492562401,75,0
37.03,-0.0006957272562401,75,0
37.032,-0.0006075122062401,75,0
37.034,-0.0005192971562401,75,0
37.036,-0.0005208298229067,75,0
37.038,-0.0005223624895734,75,0
37.04,-0.0005238951562401,75,0
37.042,-0.0005254278229067,75,0
37.044,-0.0005269604895734,75,0
37.046,-0.0005284931562401,75,0
37.048,-0.0006946382562401,75,0
37.05,-0.0009147009562401,75,0
37.052,-0.0011109145562401,75,0
37.054,-0.0007787332562401,75,0
37.056,-0.0006765185062401,75,0
37.058,-0.0005743037562401,75,0
37.06,-0.0005383788562401,75,0
37.062,-0.0005024539562401,75,0
37.064,-0.0006299516562401,75,0
37.066,-0.0010470870562401,75,0
37.068,-0.0010291911562401,75,0
37.07,-0.0006287295562401,75,0
37.072,-0.0004899304562401,75,0
37.074,-0.0005523664562401,75,0
37.076,-0.0008443939062401,75,0
37.078,-0.0011364213562401,75,0
37.08,-0.0011145445562401,75,0
37.082,-0.0010926677562401,75,0
37.084,-0.0010707909562401,75,0
37.086,-0.0009886864062401,75,0
37.088,-0.0009065818562401,75,0
37.09,-0.0008024250562401,75,0
37.092,-0.0006982682562401,75,0
37.094,-0.0005039906562401,75,0
37.096,-0.0005088911562401,75,0
37.098,-0.0006767786562401,75,0
37.1,-0.0009064850562401,75,0
37.102,-0.0011066311562401,75,0
37.104,-0.0011057478562401,75,0
37.106,-0.0009840581562401,75,0
37.108,-0.0007800279562401,75,0
37.11,-0.0004857680562401,75,0
37.112,-0.0006062477562401,75,0
37.114,-0.0008259232562401,75,0
37.116,-0.0009333712562401,75,0
37.118,-0.0010408192562401,75,0
37.12,-0.0011293912562401,75,0
37.122,-0.0008417742562401,75,0
37.124,-0.0004945526562401,75,0
37.126,-0.0005252019562401,75,0
37.128,-0.0005558512562401,75,0
37.13,-0.0006565837562401,75,0
37.132,-0.0007573162562401,75,0
37.134,-0.0011393858562401,75,0
37.136,-0.0011112170562401,75,0
37.138,-0.0010830482562401,75,0
37.14,-0.0009212833562401,75,0
37.142,-0.0007143007562401,75,0
37.144,-0.0005141667562401,75,0
37.146,-0.0005072818562401,75,0
37.148,-0.0006696517562401,75,0
37.15,-0.0011090632562401,75,0
37.152,-0.0009759511562401,75,0
37.154,-0.0008758236562401,75,0
37.156,-0.0007756961562401,75,0
37.158,-0.0006724347562401,75,0
37.16,-0.0005691733562401,75,0
37.162,-0.0006018070562401,75,0
37.164,-0.0008158681562401,75,0
37.166,-0.0009196922062401,75,0
37.168,-0.0010235162562401,75,0
37.17,-0.0011190578562401,75,0
37.172,-0.0010239639562401,75,0
37.174,-0.0004905354562401,75,0
37.176,-0.0007449863562401,75,0
37.178,-0.0008564152562401,75,0
37.18,-0.0009678441562401,75,0
37.182,-0.0010743846562401,75,0
37.184,-0.0007150630562401,75,0
37.186,-0.0006177427562401,75,0
37.188,-0.0005204224562401,75,0
37.19,-0.0005156510229067,75,0
37.192,-0.0005108795895734,75,0
37.194,-0.0005061081562401,75,0
37.196,-0.0006690709562401,75,0
37.198,-0.0008798650562401,75,0
37.2,-0.0010906591562401,75,0
37.202,-0.0010324460562401,75,0
37.204,-0.0009742329562401,75,0
37.206,-0.0007804635562401,75,0
37.208,-0.0006930531562401,75,0
37.21,-0.0006056427562401,75,0
37.212,-0.0008254392562401,75,0
37.214,-0.0009285615062401,75,0
37.216,-0.0010316837562401,75,0
37.218,-0.0011403538562401,75,0
37.22,-0.0010431303562401,75,0
37.222,-0.0006452823562401,75,0
37.224,-0.0004937782562401,75,0
37.226,-0.0005770907895734,75,0
37.228,-0.0006604033229067,75,0
37.23,-0.0007437158562401,75,0
37.232,-0.0009376667562401,75,0
37.234,-0.0011316176562401,75,0
37.236,-0.0010810275562401,75,0
37.238,-0.0010021476562401,75,0
37.24,-0.0009232677562401,75,0
37.242,-0.0007177855562401,75,0
37.244,-0.0005175063562401,75,0
37.246,-0.0005041721562401,75,0
37.248,-0.0006626821562401,75,0
37.25,-0.0008911906562401,75,0
37.252,-0.0010940592562401,75,0
37.254,-0.0009796053562401,75,0
37.256,-0.0008799376562401,75,0
37.258,-0.0007802699562401,75,0
37.26,-0.0005706979562401,75,0
37.262,-0.0004850178562401,75,0
37.264,-0.0005963015562401,75,0
37.266,-0.0008086202562401,75,0
37.268,-0.0010243874562401,75,0
37.27,-0.0011321016562401,75,0
37.272,-0.0010345272562401,75,0
37.274,-0.0008514784562401,75,0
37.276,-0.0006454880562401,75,0
37.278,-0.0004922536562401,75,0
37.28,-0.0005404963562401,75,0
37.282,-0.0007360686562401,75,0
37.284,-0.0009533725562401,75,0
37.286,-0.0011266929562401,75,0
37.288,-0.0010829635562401,75,0
37.29,-0.0009258934562401,75,0
37.292,-0.0007170232562401,75,0
37.294,-0.0005222979562401,75,0
37.296,-0.0005007599562401,75,0
37.298,-0.0008810024562401,75,0
37.3,-0.0010849237562401,75,0
37.302,-0.0011017185562401,75,0
37.304,-0.0011185133562401,75,0
37.306,-0.0009862603562401,75,0
37.308,-0.0007846017562401,75,0
37.31,-0.0005765301562401,75,0
37.312,-0.0004814241562401,75,0
37.314,-0.0005842136562401,75,0
37.316,-0.0008005616562401,75,0
37.318,-0.0010266864562401,75,0
37.32,-0.0011384299562401,75,0
37.322,-0.0010397423562401,75,0
37.324,-0.0008573469562401,75,0
37.326,-0.0006468190562401,75,0
37.328,-0.0004882727562401,75,0
37.33,-0.0007306236562401,75,0
37.332,-0.0008472192562401,75,0
37.334,-0.0009638148562401,75,0
37.336,-0.0010804104562401,75,0
37.338,-0.0010034060562401,75,0
37.34,-0.0009264016562401,75,0
37.342,-0.0005182323562401,75,0
37.344,-0.0004880186562401,75,0
37.346,-0.0005651077562401,75,0
37.348,-0.0006421968562401,75,0
37.35,-0.0008660105562401,75,0
37.352,-0.0010765384562401,75,0
37.354,-0.0009918021562401,75,0
37.356,-0.0004930643562401,75,0
37.358,-0.0005434185062401,75,0
37.36,-0.0005937726562401,75,0
37.362,-0.0006642349895734,75,0
37.364,-0.0007346973229067,75,0
37.366,-0.0008051596562401,75,0
37.368,-0.0010254764562401,75,0
37.37,-0.0011449881562401,75,0
37.372,-0.0010537904562401,75,0
37.374,-0.0008758236562401,75,0
37.376,-0.0006682481562401,75,0
37.378,-0.0004979164562401,75,0
37.38,-0.0005347125562401,75,0
37.382,-0.0007216575562401,75,0
37.384,-0.0009413693562401,75,0
37.386,-0.0011296211562401,75,0
37.388,-0.0010877793562401,75,0
37.39,-0.0007293047562401,75,0
37.392,-0.0005309010562401,75,0
37.394,-0.0004953875562401,75,0
37.396,-0.0006474240562401,75,0
37.398,-0.0007601900062401,75,0
37.4,-0.0008729559562401,75,0
37.402,-0.0010789584562401,75,0
37.404,-0.0010009497562401,75,0
37.406,-0.0009013365062401,75,0
37.408,-0.0008017232562401,75,0
37.41,-0.0005909896562401,75,0
37.412,-0.0004833359562401,75,0
37.414,-0.0005827979562401,75,0
37.416,-0.0008001865562401,75,0
37.418,-0.0010202008562401,75,0
37.42,-0.0011471903562401,75,0
37.422,-0.0010541050562401,75,0
37.424,-0.0008694711562401,75,0
37.426,-0.0006689015562401,75,0
37.428,-0.0004984851562401,75,0
37.43,-0.0005371567562401,75,0
37.432,-0.0009521867562401,75,0
37.434,-0.0010294331562401,75,0
37.436,-0.0011066795562401,75,0
37.438,-0.0010282715562401,75,0
37.44,-0.0009498635562401,75,0
37.442,-0.0007401826562401,75,0
37.444,-0.0005353538562401,75,0
37.446,-0.0006407448562401,75,0
37.448,-0.0010842098562401,75,0
37.45,-0.0010042651562401,75,0
37.452,-0.0009550151312401,75,0
37.454,-0.0009057651062401,75,0
37.456,-0.0008565150812401,75,0
37.458,-0.0008072650562401,75,0
37.46,-0.0006029202562401,75,0
37.462,-0.0005792768562401,75,0
37.464,-0.0007986559062401,75,0
37.466,-0.0010180349562401,75,0
37.468,-0.0010564766562401,75,0
37.47,-0.0006762583562401,75,0
37.472,-0.0005906992562401,75,0
37.474,-0.0005051401562401,75,0
37.476,-0.0005388870562401,75,0
37.478,-0.0006324261062401,75,0
37.48,-0.0007259651562401,75,0
37.482,-0.0009456406562401,75,0
37.484,-0.0011361309562401,75,0
37.486,-0.0011052033562401,75,0
37.488,-0.0007539403562401,75,0
37.49,-0.0005534070562401,75,0
37.492,-0.0005315302562401,75,0
37.494,-0.0005096534562401,75,0
37.496,-0.0006499166562401,75,0
37.498,-0.0008761382562401,75,0
37.5,-0.0010983426562401,76,0
37.502,-0.0011374982562401,76,0
37.504,-0.0008111854562401,76,0
37.506,-0.0006008995562401,76,0
37.508,-0.0004878008562401,76,0
37.51,-0.0005355232562401,76,0
37.512,-0.0005832456562401,76,0
37.514,-0.0007968469562401,76,0
37.516,-0.0010159174562401,76,0
37.518,-0.0010632768562401,76,0
37.52,-0.0008912995562401,76,0
37.522,-0.0007879595062401,76,0
37.524,-0.0006846194562401,76,0
37.526,-0.0005070882562401,76,0
37.528,-0.0005396977562401,76,0
37.53,-0.0007241138562401,76,0
37.532,-0.0009404255562401,76,0
37.534,-0.0011235227562401,76,0
37.536,-0.0011031342562401,76,0
37.538,-0.0009518237562401,76,0
37.54,-0.0007480355562401,76,0
37.542,-0.0004974445562401,76,0
37.544,-0.0006408174562401,76,0
37.546,-0.0007514235562401,76,0
37.548,-0.0008620296562401,76,0
37.55,-0.0010776879562401,76,0
37.552,-0.0010211809562401,76,0
37.554,-0.0008276777562401,76,0
37.556,-0.0007189592562401,76,0
37.558,-0.0006102407562401,76,0
37.56,-0.0004912009562401,76,0
37.562,-0.0005762034562401,76,0
37.564,-0.0007874936562401,76,0
37.566,-0.0011424108562401,76,0
37.568,-0.0011017185562401,76,0
37.57,-0.0010610262562401,76,0
37.572,-0.0008950989562401,76,0
37.574,-0.0005332000562401,76,0
37.576,-0.0007137441562401,76,0
37.578,-0.0007856181562401,76,0
37.58,-0.0008574921562401,76,0
37.582,-0.0009293661562401,76,0
37.584,-0.0010988266562401,76,0
37.586,-0.0009556473562401,76,0
37.588,-0.0008553686062401,76,0
37.59,-0.0007550898562401,76,0
37.592,-0.0004845580562401,76,0
37.594,-0.0005555911062401,76,0
37.596,-0.0006266241562401,76,0
37.598,-0.0008521076562401,76,0
37.6,-0.0010609778562401,76,0
37.602,-0.0010066730562401,76,0
37.604,-0.0008168966562401,76,0
37.606,-0.0006512658062401,76,0
37.608,-0.0004856349562401,76,0
37.61,-0.0005709157562401,76,0
37.612,-0.0009956136562401,76,0
37.614,-0.0010414847562401,76,0
37.616,-0.0010873558562401,76,0
37.618,-0.0011332269562401,76,0
37.62,-0.0010602397562401,76,0
37.622,-0.0008922433562401,76,0
37.624,-0.0006874992562401,76,0
37.626,-0.0005244880562401,76,0
37.628,-0.0009318345562401,76,0
37.63,-0.0009948715229067,76,0
37.632,-0.0010579084895734,76,0
37.634,-0.0011209454562401,76,0
37.636,-0.0011053122562401,76,0
37.638,-0.0009634276562401,76,0
37.64,-0.0007625071562401,76,0
37.642,-0.0004979648562401,76,0
37.644,-0.0006326136562401,76,0
37.646,-0.0007431350562401,76,0
37.648,-0.0008536564562401,76,0
37.65,-0.0010678385562401,76,0
37.652,-0.0010166434562401,76,0
37.654,-0.0004913219562401,76,0
37.656,-0.0005310644062401,76,0
37.658,-0.0005708068562401,76,0
37.66,-0.0006724529062401,76,0
37.662,-0.0007740989562401,76,0
37.664,-0.0008855278562401,76,0
37.666,-0.0009969567562401,76,0
37.668,-0.0011460892562401,76,0
37.67,-0.0010730536562401,76,0
37.672,-0.0006945656562401,76,0
37.674,-0.0005969065562401,76,0
37.676,-0.0004992474562401,76,0
37.678,-0.0005174337562401,76,0
37.68,-0.0006955094562401,76,0
37.682,-0.0009171209562401,76,0
37.684,-0.0011107693562401,76,0
37.686,-0.0011024929562401,76,0
37.688,-0.0007612245562401,76,0
37.69,-0.0005569039562401,76,0
37.692,-0.0004921205562401,76,0
37.694,-0.0005578296062401,76,0
37.696,-0.0006235386562401,76,0
37.698,-0.0008493609562401,76,0
37.7,-0.0010194022562401,76,0
37.702,-0.0009245806062401,76,0
37.704,-0.0008297589562401,76,0
37.706,-0.0006210460562401,76,0
37.708,-0.0005552281062401,76,0
37.71,-0.0004894101562401,76,0
37.712,-0.0005682416562401,76,0
37.714,-0.0007782129562401,76,0
37.716,-0.0009901928562401,76,0
37.718,-0.0011333479562401,76,0
37.72,-0.0010684314562401,76,0
37.722,-0.0008990314562401,76,0
37.724,-0.0005162721562401,76,0
37.726,-0.0006044690562401,76,0
37.728,-0.0006926659562401,76,0
37.73,-0.0008007008062401,76,0
37.732,-0.0009087356562401,76,0
37.734,-0.0011085792562401,76,0
37.736,-0.0011055542562401,76,0
37.738,-0.0009708207562401,76,0
37.74,-0.0007702632562401,76,0
37.742,-0.0005586826562401,76,0
37.744,-0.0006167505562401,76,0
37.746,-0.0008393421562401,76,0
37.748,-0.0010575414562401,76,0
37.75,-0.0010305947562401,76,0
37.752,-0.0006270718562401,76,0
37.754,-0.0004890471562401,76,0
37.756,-0.0005132269895734,76,0
37.758,-0.0005374068229067,76,0
37.76,-0.0005615866562401,76,0
37.762,-0.0007710497562401,76,0
37.764,-0.0008807241562401,76,0
37.766,-0.0009903985562401,76,0
37.768,-0.0011470209562401,76,0
37.77,-0.0010747960562401,76,0
37.772,-0.0009012336562401,76,0
37.774,-0.0005128599562401,76,0
37.776,-0.0005147354562401,76,0
37.778,-0.0005166109562401,76,0
37.78,-0.0006853333562401,76,0
37.782,-0.0009105748562401,76,0
37.784,-0.0011145324562401,76,0
37.786,-0.0011165531562401,76,0
37.788,-0.0009786131562401,76,0
37.79,-0.0005657006562401,76,0
37.792,-0.0005909654562401,76,0
37.794,-0.0006162302562401,76,0
37.796,-0.0008355427562401,76,0
37.798,-0.0009428637062401,76,0
37.8,-0.0010501846562401,76,0
37.802,-0.0010268437562401,76,0
37.804,-0.0008297650062401,76,0
37.806,-0.0006326862562401,76,0
37.808,-0.0004887204562401,76,0
37.81,-0.0005630991562401,76,0
37.812,-0.0006654530562401,76,0
37.814,-0.0007678069562401,76,0
37.816,-0.0011414065562401,76,0
37.818,-0.0010780872562401,76,0
37.82,-0.0009983482562401,76,0
37.822,-0.0009186092562401,76,0
37.824,-0.0007078635562401,76,0
37.826,-0.0005127631562401,76,0
37.828,-0.0006791139562401,76,0
37.83,-0.0007935981062401,76,0
37.832,-0.0009080822562401,76,0
37.834,-0.0011113259562401,76,0
37.836,-0.0009793028562401,76,0
37.838,-0.0008760596062401,76,0
37.84,-0.0007728163562401,76,0
37.842,-0.0005714360562401,76,0
37.844,-0.0004951213562401,76,0
37.846,-0.0006153469562401,76,0
37.848,-0.0008366438562401,76,0
37.85,-0.0010493013562401,76,0
37.852,-0.0010382540562401,76,0
37.854,-0.0008511275562401,76,0
37.856,-0.0007489309562401,76,0
37.858,-0.0006467343562401,76,0
37.86,-0.0007613697562401,76,0
37.862,-0.0009811904562401,76,0
37.864,-0.0011472145562401,76,0
37.866,-0.0011297663562401,76,0
37.868,-0.0011123181562401,76,0
37.87,-0.0010948699562401,76,0
37.872,-0.0009300195562401,76,0
37.874,-0.0007259772562401,76,0
37.876,-0.0005334783562401,76,0
37.878,-0.0005223947562401,76,0
37.88,-0.0006866643562401,76,0
37.882,-0.0009012941562401,76,0
37.884,-0.0011043079562401,76,0
37.886,-0.0009920078562401,76,0
37.888,-0.0008888916562401,76,0
37.89,-0.0007857754562401,76,0
37.892,-0.0004936330562401,76,0
37.894,-0.0005537700562401,76,0
37.896,-0.0006139070562401,76,0
37.898,-0.0008273026562401,76,0
37.9,-0.0010400811562401,76,0
37.902,-0.0011400997562401,76,0
37.904,-0.0010395487562401,76,0
37.906,-0.0006463955562401,76,0
37.908,-0.0004997919562401,76,0
37.91,-0.0005574726562401,76,0
37.912,-0.0006589432562401,76,0
37.914,-0.0007604138562401,76,0
37.916,-0.0009860546562401,76,0
37.918,-0.0011492836562401,76,0
37.92,-0.0010831571562401,76,0
37.922,-0.0009328509562401,76,0
37.924,-0.0005312761562401,76,0
37.926,-0.0005198053562401,76,0
37.928,-0.0005996593062401,76,0
37.93,-0.0006795132562401,76,0
37.932,-0.0009067028562401,76,0
37.934,-0.0011086276562401,76,0
37.936,-0.0011269107562401,76,0
37.938,-0.0009976585562401,76,0
37.94,-0.0007996178562401,76,0
37.942,-0.0004998161562401,76,0
37.944,-0.0006174765562401,76,0
37.946,-0.0008376239562401,76,0
37.948,-0.0009408188062401,76,0
37.95,-0.0010440136562401,76,0
37.952,-0.0011429069562401,76,0
37.954,-0.0008636268562401,76,0
37.956,-0.0007625858062401,76,0
37.958,-0.0006615447562401,76,0
37.96,-0.0005058419562401,76,0
37.962,-0.0005537337562401,76,0
37.964,-0.0007533474562401,76,0
37.966,-0.0009669124562401,76,0
37.968,-0.0011305528562401,76,0
37.97,-0.0010784139562401,76,0
37.972,-0.0009199523562401,76,0
37.974,-0.0007240291562401,76,0
37.976,-0.0005336477562401,76,0
37.978,-0.0005148806562401,76,0
37.98,-0.0006706439562401,76,0
37.982,-0.0010974472562401,76,0
37.984,-0.0009954200562401,76,0
37.986,-0.0008027638562401,76,0
37.988,-0.0005935911562401,76,0
37.99,-0.0005437694062401,76,0
37.992,-0.0004939476562401,76,0
37.994,-0.0005475506562401,76,0
37.996,-0.0006011536562401,76,0
37.998,-0.0008244470562401,76,0
38.0,-0.0010474258562401,77,0
38.002,-0.0011371352562401,77,0
38.004,-0.0010434086562401,77,0
38.006,-0.0006655377562401,77,0
38.008,-0.0005842862562401,77,0
38.01,-0.0005030347562401,77,0
38.012,-0.0005480225562401,77,0
38.014,-0.0009531063562401,77,0
38.016,-0.0011348120562401,77,0
38.018,-0.0011160147062401,77,0
38.02,-0.0010972173562401,77,0
38.022,-0.0009374973562401,77,0
38.024,-0.0007322692562401,77,0
38.026,-0.0005444893562401,77,0
38.028,-0.0005171070562401,77,0
38.03,-0.0006649448562401,77,0
38.032,-0.0008856609562401,77,0
38.034,-0.0010962856562401,77,0
38.036,-0.0009981667562401,77,0
38.038,-0.0007914261562401,77,0
38.04,-0.0005846855562401,77,0
38.042,-0.0005903483562401,77,0
38.044,-0.0005960111562401,77,0
38.046,-0.0007047780562401,77,0
38.048,-0.0008135449562401,77,0
38.05,-0.0010311150562401,77,0
38.052,-0.0011432699562401,77,0
38.054,-0.0010500394562401,77,0
38.056,-0.0008704633562401,77,0
38.058,-0.0006661548562401,77,0
38.06,-0.0005392379562401,77,0
38.062,-0.0006357778062401,77,0
38.064,-0.0007323176562401,77,0
38.066,-0.0009504322562401,77,0
38.068,-0.0011343280562401,77,0
38.07,-0.0009350894562401,77,0
38.072,-0.0008335281062401,77,0
38.074,-0.0007319667562401,77,0
38.076,-0.0005272952562401,77,0
38.078,-0.0004992232562401,77,0
38.08,-0.0008705964562401,77,0
38.082,-0.0011196023562401,77,0
38.084,-0.0010569727562401,77,0
38.086,-0.0009943431562401,77,0
38.088,-0.0008962121562401,77,0
38.09,-0.0007980811562401,77,0
38.092,-0.0004855623562401,77,0
38.094,-0.0005372959062401,77,0
38.096,-0.0005890294562401,77,0
38.098,-0.0008026428562401,77,0
38.1,-0.0011364455562401,77,0
38.102,-0.0006584592562401,77,0
38.104,-0.0004922052562401,77,0
38.106,-0.0005141183562401,77,0
38.108,-0.0005360314562401,77,0
38.11,-0.0006853363812401,77,0
38.112,-0.0008346413062401,77,0
38.114,-0.0009839462312401,77,0
38.116,-0.0011332511562401,77,0
38.118,-0.0010988871562401,77,0
38.12,-0.0009433416562401,77,0
38.122,-0.0007424816562401,77,0
38.124,-0.0005366485562401,77,0
38.126,-0.0008770094562401,77,0
38.128,-0.0008439280562401,77,0
38.13,-0.0008108466562401,77,0
38.132,-0.0007071073062401,77,0
38.134,-0.0006033679562401,77,0
38.136,-0.0004863730562401,77,0
38.138,-0.0005866215562401,77,0
38.14,-0.0006963867062401,77,0
38.142,-0.0008061518562401,77,0
38.144,-0.0010250287562401,77,0
38.146,-0.0010390889562401,77,0
38.148,-0.0010531491562401,77,0
38.15,-0.0006735358562401,77,0
38.152,-0.0005057693562401,77,0
38.154,-0.0005395283562401,77,0
38.156,-0.0007360807562401,77,0
38.158,-0.0009533725562401,77,0
38.16,-0.0010454959062401,77,0
38.162,-0.0011376192562401,77,0
38.164,-0.0011222643562401,77,0
38.166,-0.0011069094562401,77,0
38.168,-0.0009599791562401,77,0
38.17,-0.0007502982562401,77,0
38.172,-0.0005474901562401,77,0
38.174,-0.0005074028562401,77,0
38.176,-0.0006492269562401,77,0
38.178,-0.0008706448562401,77,0
38.18,-0.0010888562562401,77,0
38.182,-0.0011359736562401,77,0
38.184,-0.0010128319562401,77,0
38.186,-0.0006031864562401,77,0
38.188,-0.0004843039562401,77,0
38.19,-0.0005790953562401,77,0
38.192,-0.0007942333562401,77,0
38.194,-0.0009060978562401,77,0
38.196,-0.0010179623562401,77,0
38.198,-0.0011448066562401,77,0
38.2,-0.0010594411562401,77,0
38.202,-0.0008807846562401,77,0
38.204,-0.0006770569562401,77,0
38.206,-0.0005103915562401,77,0
38.208,-0.0007267637562401,77,0
38.21,-0.0008384951562401,77,0
38.212,-0.0009502265562401,77,0
38.214,-0.0011439838562401,77,0
38.216,-0.0011121245562401,77,0
38.218,-0.0009573413562401,77,0
38.22,-0.0007531296562401,77,0
38.222,-0.0005486396562401,77,0
38.224,-0.0005034582562401,77,0
38.226,-0.0006499287562401,77,0
38.228,-0.0008750371562401,77,0
38.23,-0.0010775427562401,77,0
38.232,-0.0011359615562401,77,0
38.234,-0.0010223304562401,77,0
38.236,-0.0008297589562401,77,0
38.238,-0.0006120557562401,77,0
38.24,-0.0005885212562401,77,0
38.242,-0.0007971010562401,77,0
38.244,-0.0010125778562401,77,0
38.246,-0.0011566041562401,77,0
38.248,-0.0010689275562401,77,0
38.25,-0.0008833498562401,77,0
38.252,-0.0006977721562401,77,0
38.254,-0.0006052858062401,77,0
38.256,-0.0005127994562401,77,0
38.258,-0.0007171321562401,77,0
38.26,-0.0011220102562401,77,0
38.262,-0.0011171984895734,77,0
38.264,-0.0011123867229067,77,0
38.266,-0.0011075749562401,77,0
38.268,-0.0009691388562401,77,0
38.27,-0.0005592876562401,77,0
38.272,-0.0006452581562401,77,0
38.274,-0.0008696405562401,77,0
38.276,-0.0009426358229067,77,0
38.278,-0.0010156310895734,77,0
38.28,-0.0010886263562401,77,0
38.282,-0.0011468636562401,77,0
38.284,-0.0010255127562401,77,0
38.286,-0.0006161092562401,77,0
38.288,-0.0005538668562401,77,0
38.29,-0.0004916244562401,77,0
38.292,-0.0005806683562401,77,0
38.294,-0.0007907364562401,77,0
38.296,-0.0011490174562401,77,0
38.298,-0.0010729689562401,77,0
38.3,-0.0009876821062401,77,0
38.302,-0.0009023952562401,77,0
38.304,-0.0006949286562401,77,0
38.306,-0.0005141183562401,77,0
38.308,-0.0007149420562401,77,0
38.31,-0.0008268610062401,77,0
38.312,-0.0009387799562401,77,0
38.314,-0.0011323315562401,77,0
38.316,-0.0011170976562401,77,0
38.318,-0.0007817824562401,77,0
38.32,-0.0006801122062401,77,0
38.322,-0.0005784419562401,77,0
38.324,-0.0005156429562401,77,0
38.326,-0.0006518526562401,77,0
38.328,-0.0008728349562401,77,0
38.33,-0.0010813542562401,77,0
38.332,-0.0011434756562401,77,0
38.334,-0.0008401649562401,77,0
38.336,-0.0006311374562401,77,0
38.338,-0.0006058363562401,77,0
38.34,-0.0005805352562401,77,0
38.342,-0.0007956611562401,77,0
38.344,-0.0010121180562401,77,0
38.346,-0.0010706578562401,77,0
38.348,-0.0009014877562401,77,0
38.35,-0.0006999017562401,77,0
38.352,-0.0005148322562401,77,0
38.354,-0.0005373261562401,77,0
38.356,-0.0007132359562401,77,0
38.358,-0.0009280109562401,77,0
38.36,-0.0010281808062401,77,0
38.362,-0.0011283506562401,77,0
38.364,-0.0011261605562401,77,0
38.366,-0.0009769433562401,77,0
38.368,-0.0007731672562401,77,0
38.37,-0.0005089879562401,77,0
38.372,-0.0005746546562401,77,0
38.374,-0.0006403213562401,77,0
38.376,-0.0008622474562401,77,0
38.378,-0.0010834959562401,77,0
38.38,-0.0010408071562401,77,0
38.382,-0.0008410966562401,77,0
38.384,-0.0006413861562401,77,0
38.386,-0.0005759917062401,77,0
38.388,-0.0005105972562401,77,0
38.39,-0.0007950198562401,77,0
38.392,-0.0010096738562401,77,0
38.394,-0.0011644691562401,77,0
38.396,-0.0010907317562401,77,0
38.398,-0.0009194683562401,77,0
38.4,-0.0007124373562401,77,0
38.402,-0.0005227093562401,77,0
38.404,-0.0006160064062401,77,0
38.406,-0.0007093034562401,77,0
38.408,-0.0009232314562401,77,0
38.41,-0.0010164740562401,77,0
38.412,-0.0011097166562401,77,0
38.414,-0.0011121729562401,77,0
38.416,-0.0009797384562401,77,0
38.418,-0.0007819034562401,77,0
38.42,-0.0005742795562401,77,0
38.422,-0.0005075964562401,77,0
38.424,-0.0008608438562401,77,0
38.426,-0.0009642928062401,77,0
38.428,-0.0010677417562401,77,0
38.43,-0.0011412976562401,77,0
38.432,-0.0010333414562401,77,0
38.434,-0.0008558707562401,77,0
38.436,-0.0005073302562401,77,0
38.438,-0.0005831488562401,77,0
38.44,-0.0007861626562401,77,0
38.442,-0.0011533008562401,77,0
38.444,-0.0011200440062401,77,0
38.446,-0.0010867871562401,77,0
38.448,-0.0010049851062401,77,0
38.45,-0.0009231830562401,77,0
38.452,-0.0007195521562401,77,0
38.454,-0.0005379916562401,77,0
38.456,-0.0006212699062401,77,0
38.458,-0.0007045481562401,77,0
38.46,-0.0009192868562401,77,0
38.462,-0.0011076838562401,77,0
38.464,-0.0011066432562401,77,0
38.466,-0.0009747532562401,77,0
38.468,-0.0007759865562401,77,0
38.47,-0.0004991748562401,77,0
38.472,-0.0006154679562401,77,0
38.474,-0.0007230551062401,77,0
38.476,-0.0008306422562401,77,0
38.478,-0.0010529676562401,77,0
38.48,-0.0010396092562401,77,0
38.482,-0.0008508371562401,77,0
38.484,-0.0006397768562401,77,0
38.486,-0.0005691249562401,77,0
38.488,-0.0004984730562401,77,0
38.49,-0.0009766892562401,77,0
38.492,-0.0010685766562401,77,0
38.494,-0.0009892309062401,77,0
38.496,-0.0009098851562401,77,0
38.498,-0.0005211000562401,77,0
38.5,-0.0005205313562401,78,1
38.502,-0.0005616380812401,78,1
38.504,-0.0006027448062401,78,1
38.506,-0.0006438515312401,78,1
38.508,-0.0006849582562401,78,1
38.51,-0.0009009916562401,78,1
38.512,-0.0010926435562401,78,1
38.514,-0.0011068126562401,78,1
38.516,-0.0009762294562401,78,1
38.518,-0.0005769294562401,78,1
38.52,-0.0005393468562401,78,1
38.522,-0.0005017642562401,78,1
38.524,-0.0006218809562401,78,1
38.526,-0.0008339455562401,78,1
38.528,-0.0010362091562401,78,1
38.53,-0.0008572501562401,78,1
38.532,-0.0007914785895734,78,1
38.534,-0.0007257070229067,78,1
38.536,-0.0006599354562401,78,1
38.538,-0.0005052853562401,78,1
38.54,-0.0007823148562401,78,1
38.542,-0.0008847716062401,78,1
38.544,-0.0009872283562401,78,1
38.546,-0.0011438991562401,78,1
38.548,-0.0010881423562401,78,1
38.55,-0.0007313496562401,78,1
38.552,-0.0006347614062401,78,1
38.554,-0.0005381731562401,78,1
38.556,-0.0005287956562401,78,1
38.558,-0.0006913470562401,78,1
38.56,-0.0009117606562401,78,1
38.562,-0.0011125480562401,78,1
38.564,-0.0011300446562401,78,1
38.566,-0.0010017241562401,78,1
38.568,-0.0005941719562401,78,1
38.57,-0.0005143119562401,78,1
38.572,-0.0006243856562401,78,1
38.574,-0.0008371641562401,78,1
38.576,-0.0010506444562401,78,1
38.578,-0.0010989658062401,78,1
38.58,-0.0011472871562401,78,1
38.582,-0.0006630330562401,78,1
38.584,-0.0006103214229067,78,1
38.586,-0.0005576097895734,78,1
38.588,-0.0005048981562401,78,1
38.59,-0.0005671768562401,78,1
38.592,-0.0007651449562401,78,1
38.594,-0.0009881116562401,78,1
38.596,-0.0011531072562401,78,1
38.598,-0.0010939019562401,78,1
38.6,-0.0009403045562401,78,1
38.602,-0.0005430857562401,78,1
38.604,-0.0005286262562401,78,1
38.606,-0.0006986191562401,78,1
38.608,-0.0008076885562401,78,1
38.61,-0.0009167579562401,78,1
38.612,-0.0011241761562401,78,1
38.614,-0.0010563314562401,78,1
38.616,-0.0009884867562401,78,1
38.618,-0.0007930959562401,78,1
38.62,-0.0005887753562401,78,1
38.622,-0.0005019699562401,78,1
38.624,-0.0006110393562401,78,1
38.626,-0.0008283432562401,78,1
38.628,-0.0010517697562401,78,1
38.63,-0.0011489448562401,78,1
38.632,-0.0010486358562401,78,1
38.634,-0.0008722299562401,78,1
38.636,-0.0005087217562401,78,1
38.638,-0.0005344342562401,78,1
38.64,-0.0005601467562401,78,1
38.642,-0.0007527061562401,78,1
38.644,-0.0009715104562401,78,1
38.646,-0.0010901751562401,78,1
38.648,-0.0009343513562401,78,1
38.65,-0.0007429898562401,78,1
38.652,-0.0006408779562401,78,1
38.654,-0.0005387660562401,78,1
38.656,-0.0006895925562401,78,1
38.658,-0.0008018140062401,78,1
38.66,-0.0009140354562401,78,1
38.662,-0.0011225547562401,78,1
38.664,-0.0011358526562401,78,1
38.666,-0.0010070965562401,78,1
38.668,-0.0006030170562401,78,1
38.67,-0.0005572004062401,78,1
38.672,-0.0005113837562401,78,1
38.674,-0.0006143063562401,78,1
38.676,-0.0008243865562401,78,1
38.678,-0.0010413879562401,78,1
38.68,-0.0011446251562401,78,1
38.682,-0.0010543591562401,78,1
38.684,-0.0006775167562401,78,1
38.686,-0.0006060360062401,78,1
38.688,-0.0005345552562401,78,1
38.69,-0.0005743521562401,78,1
38.692,-0.0007631242562401,78,1
38.694,-0.0009662348562401,78,1
38.696,-0.0011334568562401,78,1
38.698,-0.0007447564562401,78,1
38.7,-0.0006824212895734,78,1
38.702,-0.0006200861229067,78,1
38.704,-0.0005577509562401,78,1
38.706,-0.0005342285562401,78,1
38.708,-0.0006837724562401,78,1
38.71,-0.0009000962562401,78,1
38.712,-0.0010919417562401,78,1
38.714,-0.0011240430562401,78,1
38.716,-0.0010087905562401,78,1
38.718,-0.0008187721562401,78,1
38.72,-0.0006112934562401,78,1
38.722,-0.0008087533562401,78,1
38.724,-0.0009152878062401,78,1
38.726,-0.0010218222562401,78,1
38.728,-0.0011366754562401,78,1
38.73,-0.0010904958062401,78,1
38.732,-0.0010443161562401,78,1
38.734,-0.0006571161562401,78,1
38.736,-0.0005932886562401,78,1
38.738,-0.0005294611562401,78,1
38.74,-0.0007118686562401,78,1
38.742,-0.0008226925562401,78,1
38.744,-0.0009335164562401,78,1
38.746,-0.0010684556562401,78,1
38.748,-0.0009238727562401,78,1
38.75,-0.0008260200562401,78,1
38.752,-0.0007281673562401,78,1
38.754,-0.0004986908562401,78,1
38.756,-0.0005693064562401,78,1
38.758,-0.0006399220562401,78,1
38.76,-0.0008591014562401,78,1
38.762,-0.0010650192562401,78,1
38.764,-0.0011079500562401,78,1
38.766,-0.0009907252562401,78,1
38.768,-0.0007870459562401,78,1
38.77,-0.0005905903562401,78,1
38.772,-0.0005901547562401,78,1
38.774,-0.0008025460562401,78,1
38.776,-0.0009088869062401,78,1
38.778,-0.0010152277562401,78,1
38.78,-0.0011314119562401,78,1
38.782,-0.0010469418562401,78,1
38.784,-0.0008762713562401,78,1
38.786,-0.0005102705562401,78,1
38.788,-0.0006203200562401,78,1
38.79,-0.0007303695562401,78,1
38.792,-0.0008377994062401,78,1
38.794,-0.0009452292562401,78,1
38.796,-0.0011380064562401,78,1
38.798,-0.0011238131562401,78,1
38.8,-0.0007823995562401,78,1
38.802,-0.0006598386562401,78,1
38.804,-0.0005372777562401,78,1
38.806,-0.0007055887562401,78,1
38.808,-0.0009509646562401,78,1
38.81,-0.0011482793562401,78,1
38.812,-0.0011704768062401,78,1
38.814,-0.0011926742562401,78,1
38.816,-0.0010841614562401,78,1
38.818,-0.0009062309562401,78,1
38.82,-0.0006023878562401,78,1
38.822,-0.0006624099062401,78,1
38.824,-0.0007224319562401,78,1
38.826,-0.0009646255562401,78,1
38.828,-0.0013487884562401,78,1
38.83,-0.0012819843562401,78,1
38.832,-0.0012181387062401,78,1
38.834,-0.0011542930562401,78,1
38.836,-0.0007779709562401,78,1
38.838,-0.0008145008562401,78,1
38.84,-0.0008510307562401,78,1
38.842,-0.0012778098562401,78,1
38.844,-0.0013730671062401,78,1
38.846,-0.0014683243562401,78,1
38.848,-0.0014381348562401,78,1
38.85,-0.0012990937562401,78,1
38.852,-0.0009093769562401,78,1
38.854,-0.0008805789562401,78,1
38.856,-0.0011701198562401,78,1
38.858,-0.0014596607562401,78,1
38.86,-0.0014844718062401,78,1
38.862,-0.0015092828562401,78,1
38.864,-0.0014474579062401,78,1
38.866,-0.0013856329562401,78,1
38.868,-0.0011993897562401,78,1
38.87,-0.0008866168562401,78,1
38.872,-0.0009294508562401,78,1
38.874,-0.0009722848562401,78,1
38.876,-0.0011838291562401,78,1
38.878,-0.0013977329562401,78,1
38.88,-0.0014280918562401,78,1
38.882,-0.0012448615562401,78,1
38.884,-0.0011358103062401,78,1
38.886,-0.0010267590562401,78,1
38.888,-0.0008485139562401,78,1
38.89,-0.0008706932562401,78,1
38.892,-0.0010595379562401,78,1
38.894,-0.0012575423562401,78,1
38.896,-0.0014417890562401,78,1
38.898,-0.0014147455562401,78,1
38.9,-0.0012485641562401,78,1
38.902,-0.0010358582562401,78,1
38.904,-0.0007751516562401,78,1
38.906,-0.0009140596562401,78,1
38.908,-0.0010208542562401,78,1
38.91,-0.0011276488562401,78,1
38.912,-0.0013210673562401,78,1
38.914,-0.0013607795562401,78,1
38.916,-0.0012401062562401,78,1
38.918,-0.0010360397562401,78,1
38.92,-0.0006871967562401,78,1
38.922,-0.0007244768562401,78,1
38.924,-0.0007617569562401,78,1
38.926,-0.0009597008562401,78,1
38.928,-0.0011714024562401,78,1
38.93,-0.0010067819562401,78,1
38.932,-0.0008990980062401,78,1
38.934,-0.0007914140562401,78,1
38.936,-0.0007006277562401,78,1
38.938,-0.0006098414562401,78,1
38.94,-0.0006323837562401,78,1
38.942,-0.0008032962562401,78,1
38.944,-0.0010034423562401,78,1
38.946,-0.0011845793562401,78,1
38.948,-0.0011633559562401,78,1
38.95,-0.0010172847562401,78,1
38.952,-0.0008058251562401,78,1
38.954,-0.0005255165562401,78,1
38.956,-0.0005943716062401,78,1
38.958,-0.0006632266562401,78,1
38.96,-0.0008742143562401,78,1
38.962,-0.0010788374562401,78,1
38.964,-0.0011167588562401,78,1
38.966,-0.0009850503562401,78,1
38.968,-0.0005824349562401,78,1
38.97,-0.0004725185562401,78,1
38.972,-0.0005507329562401,78,1
38.974,-0.0007502438062401,78,1
38.976,-0.0009497546562401,78,1
38.978,-0.0009804886562401,78,1
38.98,-0.0008103626562401,78,1
38.982,-0.0007128487562401,78,1
38.984,-0.0006153348562401,78,1
38.986,-0.0005345915562401,78,1
38.988,-0.0004538482562401,78,1
38.99,-0.0004794760562401,78,1
38.992,-0.0006525786562401,78,1
38.994,-0.0008532087562401,78,1
38.996,-0.0010217859562401,78,1
38.998,-0.0009989290562401,78,1
39.0,-0.0006777103562401,79,1
39.002,-0.0004763784562401,79,1
39.004,-0.0004485061062401,79,1
39.006,-0.0004206337562401,79,1
39.008,-0.0005573274562401,79,1
39.01,-0.0009614916562401,79,1
39.012,-0.0010105208562401,79,1
39.014,-0.0009545099562401,79,1
39.016,-0.0008984990562401,79,1
39.018,-0.0007208589562401,79,1
39.02,-0.0004149467562401,79,1
39.022,-0.0004919995562401,79,1
39.024,-0.0005856354062401,79,1
39.026,-0.0006792712562401,79,1
39.028,-0.0008728712562401,79,1
39.03,-0.0009989532562401,79,1
39.032,-0.0009373763562401,79,1
39.034,-0.0007867071562401,79,1
39.036,-0.0005960958562401,79,1
39.038,-0.0004288859562401,79,1
39.04,-0.0004520937562401,79,1
39.042,-0.0006177548562401,79,1
39.044,-0.0008144040562401,79,1
39.046,-0.0010034423562401,79,1
39.048,-0.0008551326562401,79,1
39.05,-0.0007615452062401,79,1
39.052,-0.0006679577562401,79,1
39.054,-0.0004727484562401,79,1
39.056,-0.0004215412562401,79,1
39.058,-0.0007588045562401,79,1
39.06,-0.0008627980062401,79,1
39.062,-0.0009667914562401,79,1
39.064,-0.0009231709562401,79,1
39.066,-0.0007528029562401,79,1
39.068,-0.0005824349562401,79,1
39.07,-0.0004196052562401,79,1
39.072,-0.0004611143062401,79,1
39.074,-0.0005026233562401,79,1
39.076,-0.0007022612562401,79,1
39.078,-0.0008931024562401,79,1
39.08,-0.0010512978562401,79,1
39.082,-0.0010132554562401,79,1
39.084,-0.0008378417562401,79,1
39.086,-0.0005186437562401,79,1
39.088,-0.0007134779562401,79,1
39.09,-0.0007840048229067,79,1
39.092,-0.0008545316895734,79,1
39.094,-0.0009250585562401,79,1
39.096,-0.0011372320562401,79,1
39.098,-0.0011750808562401,79,1
39.1,-0.0010589329562401,79,1
39.102,-0.0007138651562401,79,1
39.104,-0.0006860956562401,79,1
39.106,-0.0006583261562401,79,1
39.108,-0.0008099149562401,79,1
39.11,-0.0012441839562401,79,1
39.112,-0.0012236865562401,79,1
39.114,-0.0012031891562401,79,1
39.116,-0.0010325912562401,79,1
39.118,-0.0009502749562401,79,1
39.12,-0.0008679586562401,79,1
39.122,-0.0007475273562401,79,1
39.124,-0.0008188326562401,79,1
39.126,-0.0012355808562401,79,1
39.128,-0.0012766845562401,79,1
39.13,-0.0013177882562401,79,1
39.132,-0.0012158699562401,79,1
39.134,-0.0010912036562401,79,1
39.136,-0.0009068359562401,79,1
39.138,-0.0007476725562401,79,1
39.14,-0.0008337822062401,79,1
39.142,-0.0009198918562401,79,1
39.144,-0.0011319322562401,79,1
39.146,-0.0013224346562401,79,1
39.148,-0.0013299971562401,79,1
39.15,-0.0012069764562401,79,1
39.152,-0.0010171879562401,79,1
39.154,-0.0007684603562401,79,1
39.156,-0.0008248947562401,79,1
39.158,-0.0008813291562401,79,1
39.16,-0.0010904171562401,79,1
39.162,-0.0012994325562401,79,1
39.164,-0.0013728553562401,79,1
39.166,-0.0012608214562401,79,1
39.168,-0.0010740579562401,79,1
39.17,-0.0008672326562401,79,1
39.172,-0.0009757091562401,79,1
39.174,-0.0010393269229067,79,1
39.176,-0.0011029446895734,79,1
39.178,-0.0011665624562401,79,1
39.18,-0.0013052647562401,79,1
39.182,-0.0012381581562401,79,1
39.184,-0.0010730415562401,79,1
39.186,-0.0008744805562401,79,1
39.188,-0.0006845468562401,79,1
39.19,-0.0006690830562401,79,1
39.192,-0.0010035512562401,79,1
39.194,-0.0010919841062401,79,1
39.196,-0.0011804169562401,79,1
39.198,-0.0011909076562401,79,1
39.2,-0.0010623814562401,79,1
39.202,-0.0008682974562401,79,1
39.204,-0.0006689862562401,79,1
39.206,-0.0005909049562401,79,1
39.208,-0.0006969977562401,79,1
39.21,-0.0008950989562401,79,1
39.212,-0.0010892918562401,79,1
39.214,-0.0010566097562401,79,1
39.216,-0.0008710623062401,79,1
39.218,-0.0006855148562401,79,1
39.22,-0.0006313310562401,79,1
39.222,-0.0005771472562401,79,1
39.224,-0.0007740989562401,79,1
39.226,-0.0009746927562401,79,1
39.228,-0.0010534516562401,79,1
39.23,-0.0011322105562401,79,1
39.232,-0.0010657089562401,79,1
39.234,-0.0009009795562401,79,1
39.236,-0.0007022733562401,79,1
39.238,-0.0005183170562401,79,1
39.24,-0.0005039906562401,79,1
39.242,-0.0006550228562401,79,1
39.244,-0.0008595491562401,79,1
39.246,-0.0010464820562401,79,1
39.248,-0.0010535121562401,79,1
39.25,-0.0007422638562401,79,1
39.252,-0.0005431825562401,79,1
39.254,-0.0005591787562401,79,1
39.256,-0.0006589493062401,79,1
39.258,-0.0007587198562401,79,1
39.26,-0.0009712805562401,79,1
39.262,-0.0010142658062401,79,1
39.264,-0.0010572510562401,79,1
39.266,-0.0009547398562401,79,1
39.268,-0.0007812379562401,79,1
39.27,-0.0005742311562401,79,1
39.272,-0.0004886357562401,79,1
39.274,-0.0006712973562401,79,1
39.276,-0.0007748975562401,79,1
39.278,-0.0008784977562401,79,1
39.28,-0.0010383024562401,79,1
39.282,-0.0009827029562401,79,1
39.284,-0.0008335583562401,79,1
39.286,-0.0006344770562401,79,1
39.288,-0.0004445312562401,79,1
39.29,-0.0004307372562401,79,1
39.292,-0.0005804868562401,79,1
39.294,-0.0007890545562401,79,1
39.296,-0.0010091051562401,79,1
39.298,-0.0009460883562401,79,1
39.3,-0.0008830715562401,79,1
39.302,-0.0006924965562401,79,1
39.304,-0.0004112925562401,79,1
39.306,-0.0009265952562401,79,1
39.308,-0.0010082823562401,79,1
39.31,-0.0009061341562401,79,1
39.312,-0.0008632941062401,79,1
39.314,-0.0008204540562401,79,1
39.316,-0.0007776140062401,79,1
39.318,-0.0007347739562401,79,1
39.32,-0.0005472965562401,79,1
39.322,-0.0004083038562401,79,1
39.324,-0.0004658272562401,79,1
39.326,-0.0006596208562401,79,1
39.328,-0.0008621385562401,79,1
39.33,-0.0010258757562401,79,1
39.332,-0.0009710869562401,79,1
39.334,-0.0008220754562401,79,1
39.336,-0.0006339083562401,79,1
39.338,-0.0004456202562401,79,1
39.34,-0.0004286560562401,79,1
39.342,-0.0005834271562401,79,1
39.344,-0.0007931685562401,79,1
39.346,-0.0010058986562401,79,1
39.348,-0.0006850429562401,79,1
39.35,-0.0004892770562401,79,1
39.352,-0.0004447248562401,79,1
39.354,-0.0004001726562401,79,1
39.356,-0.0005571278062401,79,1
39.358,-0.0007140829562401,79,1
39.36,-0.0009141080562401,79,1
39.362,-0.0009624657062401,79,1
39.364,-0.0010108233562401,79,1
39.366,-0.0009150034562401,79,1
39.368,-0.0007441151562401,79,1
39.37,-0.0003974985562401,79,1
39.372,-0.0004470601562401,79,1
39.374,-0.0005432370062401,79,1
39.376,-0.0006394138562401,79,1
39.378,-0.0008461181562401,79,1
39.38,-0.0010062374562401,79,1
39.382,-0.0009639116562401,79,1
39.384,-0.0008181792562401,79,1
39.386,-0.0006240831562401,79,1
39.388,-0.0004428856562401,79,1
39.39,-0.0004277243562401,79,1
39.392,-0.0005702865562401,79,1
39.394,-0.0009749831562401,79,1
39.396,-0.0010010828562401,79,1
39.398,-0.0009379571562401,79,1
39.4,-0.0008748314562401,79,1
39.402,-0.0004955206562401,79,1
39.404,-0.0003979825562401,79,1
39.406,-0.0004938508562401,79,1
39.408,-0.0005978443062401,79,1
39.41,-0.0007018377562401,79,1
39.412,-0.0009195167562401,79,1
39.414,-0.0010240123562401,79,1
39.416,-0.0009201580562401,79,1
39.418,-0.0007451194562401,79,1
39.42,-0.0005572185562401,79,1
39.422,-0.0004085579562401,79,1
39.424,-0.0004492865562401,79,1
39.426,-0.0006315972562401,79,1
39.428,-0.0008372246562401,79,1
39.43,-0.0010020508562401,79,1
39.432,-0.0009556957562401,79,1
39.434,-0.0008085113562401,79,1
39.436,-0.0006194488562401,79,1
39.438,-0.0004121274562401,79,1
39.44,-0.0004847093062401,79,1
39.442,-0.0005572911562401,79,1
39.444,-0.0009488592562401,79,1
39.446,-0.0009810452562401,79,1
39.448,-0.0009215495562401,79,1
39.45,-0.0008620538562401,79,1
39.452,-0.0006764882562401,79,1
39.454,-0.0003888107562401,79,1
39.456,-0.0004388805562401,79,1
39.458,-0.0004889503562401,79,1
39.46,-0.0006894231562401,79,1
39.462,-0.0008983054562401,79,1
39.464,-0.0010049548562401,79,1
39.466,-0.0009163465562401,79,1
39.468,-0.0007527424562401,79,1
39.47,-0.0005548227562401,79,1
39.472,-0.0003997007562401,79,1
39.474,-0.0004376947562401,79,1
39.476,-0.0006165569562401,79,1
39.478,-0.0009962670562401,79,1
39.48,-0.0009778992562401,79,1
39.482,-0.0009595314562401,79,1
39.484,-0.0008208775562401,79,1
39.486,-0.0006235144562401,79,1
39.488,-0.0004379609562401,79,1
39.49,-0.0005472481562401,79,1
39.492,-0.0007591554562401,79,1
39.494,-0.0009623991562401,79,1
39.496,-0.0009960492562401,79,1
39.498,-0.0006912502562401,79,1
39.5,-0.0006256117895734,80,0
39.502,-0.0005599733229067,80,0
39.504,-0.0004943348562401,80,0
39.506,-0.0006887697562401,80,0
39.508,-0.0007903069062401,80,0
39.51,-0.0008918440562401,80,0
39.512,-0.0009483026562401,80,0
39.514,-0.0010047612562401,80,0
39.516,-0.0009219004562401,80,0
39.518,-0.0005636678562401,80,0
39.52,-0.0004054966562401,80,0
39.522,-0.0005108271562401,80,0
39.524,-0.0006161576562401,80,0
39.526,-0.0008271211562401,80,0
39.528,-0.0009724421562401,80,0
39.53,-0.0009255143229067,80,0
39.532,-0.0008785864895734,80,0
39.534,-0.0008316586562401,80,0
39.536,-0.0004501093562401,80,0
39.538,-0.0004978620062401,80,0
39.54,-0.0005456146562401,80,0
39.542,-0.0009420227562401,80,0
39.544,-0.0009629315562401,80,0
39.546,-0.0009838403562401,80,0
39.548,-0.0009282469062401,80,0
39.55,-0.0008726534562401,80,0
39.552,-0.0006919157562401,80,0
39.554,-0.0005030105562401,80,0
39.556,-0.0003935055562401,80,0
39.558,-0.0006816670562401,80,0
39.56,-0.0008897265562401,80,0
39.562,-0.0010102546562401,80,0
39.564,-0.0009686125062401,80,0
39.566,-0.0009269703562401,80,0
39.568,-0.0007595547562401,80,0
39.57,-0.0004283051562401,80,0
39.572,-0.0004862117229067,80,0
39.574,-0.0005441182895734,80,0
39.576,-0.0006020248562401,80,0
39.578,-0.0008059219562401,80,0
39.58,-0.0009613585562401,80,0
39.582,-0.0008946028562401,80,0
39.584,-0.0008278471562401,80,0
39.586,-0.0006363404562401,80,0
39.588,-0.0004416877562401,80,0
39.59,-0.0003968693562401,80,0
39.592,-0.0007410901562401,80,0
39.594,-0.0008421372562401,80,0
39.596,-0.0009431843562401,80,0
39.598,-0.0009914754562401,80,0
39.6,-0.0006978931562401,80,0
39.602,-0.0005034219562401,80,0
39.604,-0.0004882304062401,80,0
39.606,-0.0004730388562401,80,0
39.608,-0.0006703051562401,80,0
39.61,-0.0008762713562401,80,0
39.612,-0.0009418836062401,80,0
39.614,-0.0010074958562401,80,0
39.616,-0.0007795560562401,80,0
39.618,-0.0006792833562401,80,0
39.62,-0.0005790106562401,80,0
39.622,-0.0004127687562401,80,0
39.624,-0.0006041786562401,80,0
39.626,-0.0008154446562401,80,0
39.628,-0.0009013425562401,80,0
39.63,-0.0009872404562401,80,0
39.632,-0.0009712563562401,80,0
39.634,-0.0008386161562401,80,0
39.636,-0.0006354450562401,80,0
39.638,-0.0004373438562401,80,0
39.64,-0.0003899360562401,80,0
39.642,-0.0005217655562401,80,0
39.644,-0.0007369156562401,80,0
39.646,-0.0009507347562401,80,0
39.648,-0.0008815348562401,80,0
39.65,-0.0007921219062401,80,0
39.652,-0.0007027089562401,80,0
39.654,-0.0004996225562401,80,0
39.656,-0.0004685376562401,80,0
39.658,-0.0007364619062401,80,0
39.66,-0.0010043861562401,80,0
39.662,-0.0009276721562401,80,0
39.664,-0.0007674681562401,80,0
39.666,-0.0005779337562401,80,0
39.668,-0.0006074819562401,80,0
39.67,-0.0006606493562401,80,0
39.672,-0.0007138167562401,80,0
39.674,-0.0007669841562401,80,0
39.676,-0.0008201515562401,80,0
39.678,-0.0009022621562401,80,0
39.68,-0.0009843727562401,80,0
39.682,-0.0009153422562401,80,0
39.684,-0.0008463117562401,80,0
39.686,-0.0006523366562401,80,0
39.688,-0.0004013463562401,80,0
39.69,-0.0005300903562401,80,0
39.692,-0.0007456276562401,80,0
39.694,-0.0008458217062401,80,0
39.696,-0.0009460157562401,80,0
39.698,-0.0007124736562401,80,0
39.7,-0.0005245485562401,80,0
39.702,-0.0004013342562401,80,0
39.704,-0.0004401994562401,80,0
39.706,-0.0004790646562401,80,0
39.708,-0.0005771533062401,80,0
39.71,-0.0006752419562401,80,0
39.712,-0.0008795867562401,80,0
39.714,-0.0007873242562401,80,0
39.716,-0.0005919213562401,80,0
39.718,-0.0005361968229067,80,0
39.72,-0.0004804722895734,80,0
39.722,-0.0004247477562401,80,0
39.724,-0.0006116201562401,80,0
39.726,-0.0008203088562401,80,0
39.728,-0.0009135272562401,80,0
39.73,-0.0010067456562401,80,0
39.732,-0.0009978037562401,80,0
39.734,-0.0006731123562401,80,0
39.736,-0.0005728699062401,80,0
39.738,-0.0004726274562401,80,0
39.74,-0.0005373019562401,80,0
39.742,-0.0006428260562401,80,0
39.744,-0.0007483501562401,80,0
39.746,-0.0009554537562401,80,0
39.748,-0.0010179865562401,80,0
39.75,-0.0009047668562401,80,0
39.752,-0.0007219237562401,80,0
39.754,-0.0005246574562401,80,0
39.756,-0.0004004751562401,80,0
39.758,-0.0004821622562401,80,0
39.76,-0.0006742618562401,80,0
39.762,-0.0008919287562401,80,0
39.764,-0.0010311634562401,80,0
39.766,-0.0009566516562401,80,0
39.768,-0.0007991096562401,80,0
39.77,-0.0006045416562401,80,0
39.772,-0.0004323102562401,80,0
39.774,-0.0006054370562401,80,0
39.776,-0.0007091824562401,80,0
39.778,-0.0008129278562401,80,0
39.78,-0.0010059712562401,80,0
39.782,-0.0009963033562401,80,0
39.784,-0.0008581092562401,80,0
39.786,-0.0006635412562401,80,0
39.788,-0.0004740189562401,80,0
39.79,-0.0005255044562401,80,0
39.792,-0.0007373391562401,80,0
39.794,-0.0009370738562401,80,0
39.796,-0.0009744870562401,80,0
39.798,-0.0010119002562401,80,0
39.8,-0.0009068480562401,80,0
39.802,-0.0007304663562401,80,0
39.804,-0.0004737285562401,80,0
39.806,-0.0005411053895734,80,0
39.808,-0.0006084822229067,80,0
39.81,-0.0006758590562401,80,0
39.812,-0.0008828658562401,80,0
39.814,-0.0009626895562401,80,0
39.816,-0.0008819160062401,80,0
39.818,-0.0008011424562401,80,0
39.82,-0.0006001130562401,80,0
39.822,-0.0004360854562401,80,0
39.824,-0.0005174277062401,80,0
39.826,-0.0005987699562401,80,0
39.828,-0.0007973793562401,80,0
39.83,-0.0009911124562401,80,0
39.832,-0.0008575647562401,80,0
39.834,-0.0006636804062401,80,0
39.836,-0.0004697960562401,80,0
39.838,-0.0004080255562401,80,0
39.84,-0.0005324377562401,80,0
39.842,-0.0006389540562401,80,0
39.844,-0.0007454703562401,80,0
39.846,-0.0009438982562401,80,0
39.848,-0.0010255611562401,80,0
39.85,-0.0005534554562401,80,0
39.852,-0.0004852114562401,80,0
39.854,-0.0004169674562401,80,0
39.856,-0.0005426562062401,80,0
39.858,-0.0006683449562401,80,0
39.86,-0.0008729438562401,80,0
39.862,-0.0009434566062401,80,0
39.864,-0.0010139693562401,80,0
39.866,-0.0009535903562401,80,0
39.868,-0.0008087775562401,80,0
39.87,-0.0004294909562401,80,0
39.872,-0.0004241669562401,80,0
39.874,-0.0007123163562401,80,0
39.876,-0.0010004657562401,80,0
39.878,-0.0009358880562401,80,0
39.88,-0.0008713103562401,80,0
39.882,-0.0007756417062401,80,0
39.884,-0.0006799730562401,80,0
39.886,-0.0005835481562401,80,0
39.888,-0.0004871232562401,80,0
39.89,-0.0004111352562401,80,0
39.892,-0.0005211847562401,80,0
39.894,-0.0007338543562401,80,0
39.896,-0.0009456527562401,80,0
39.898,-0.0010292879562401,80,0
39.9,-0.0009292088562401,80,0
39.902,-0.0007596878562401,80,0
39.904,-0.0005478410562401,80,0
39.906,-0.0004099373562401,80,0
39.908,-0.0004740189562401,80,0
39.91,-0.0008759567562401,80,0
39.912,-0.0009528885562401,80,0
39.914,-0.0010298203562401,80,0
39.916,-0.0009705908562401,80,0
39.918,-0.0008131577562401,80,0
39.92,-0.0006163391562401,80,0
39.922,-0.0004345971562401,80,0
39.924,-0.0004368961562401,80,0
39.926,-0.0008120566562401,80,0
39.928,-0.0010010586562401,80,0
39.93,-0.0010062616562401,80,0
39.932,-0.0010114646562401,80,0
39.934,-0.0006889391562401,80,0
39.936,-0.0004038873562401,80,0
39.938,-0.0004414618895734,80,0
39.94,-0.0004790364229067,80,0
39.942,-0.0005166109562401,80,0
39.944,-0.0007224561562401,80,0
39.946,-0.0009357791562401,80,0
39.948,-0.0010334503562401,80,0
39.95,-0.0007585262562401,80,0
39.952,-0.0005876682062401,80,0
39.954,-0.0004168101562401,80,0
39.956,-0.0004442469062401,80,0
39.958,-0.0004716836562401,80,0
39.96,-0.0006641462562401,80,0
39.962,-0.0008776870562401,80,0
39.964,-0.0010390768562401,80,0
39.966,-0.0009816139562401,80,0
39.968,-0.0008262015562401,80,0
39.97,-0.0004366299562401,80,0
39.972,-0.0004310276562401,80,0
39.974,-0.0004254253562401,80,0
39.976,-0.0005766027562401,80,0
39.978,-0.0009900839562401,80,0
39.98,-0.0008396688562401,80,0
39.982,-0.0006892537562401,80,0
39.984,-0.0005933128562401,80,0
39.986,-0.0004973719562401,80,0
39.988,-0.0004032218562401,80,0
39.99,-0.0004599648062401,80,0
39.992,-0.0005167077562401,80,0
39.994,-0.0007294862562401,80,0
39.996,-0.0009352104562401,80,0
39.998,-0.0010323855562401,80,0
40.0,-0.0009400262562401,81,0
40.002,-0.0004149709562401,81,0
40.004,-0.0004429824562401,81,0
40.006,-0.0004709939562401,81,0
40.008,-0.0005654284062401,81,0
40.01,-0.0006598628562401,81,0
40.012,-0.0010312118562401,81,0
40.014,-0.0008279681562401,81,0
40.016,-0.0007271267562401,81,0
40.018,-0.0006262853562401,81,0
40.02,-0.0004382392562401,81,0
40.022,-0.0007896716562401,81,0
40.024,-0.0008541162562401,81,0
40.026,-0.0009185608562401,81,0
40.028,-0.0009830054562401,81,0
40.03,-0.0009955410562401,81,0
40.032,-0.0010080766562401,81,0
40.034,-0.0008837007562401,81,0
40.036,-0.0004936572562401,81,0
40.038,-0.0003989263562401,81,0
40.04,-0.0005048618562401,81,0
40.042,-0.0006075666562401,81,0
40.044,-0.0007102714562401,81,0
40.046,-0.0009362389562401,81,0
40.048,-0.0008490705562401,81,0
40.05,-0.0007619021562401,81,0
40.052,-0.0006658342062401,81,0
40.054,-0.0005697662562401,81,0
40.056,-0.0004223640562401,81,0
40.058,-0.0004627901562401,81,0
40.06,-0.0006486461562401,81,0
40.062,-0.0008632759562401,81,0
40.064,-0.0009949723562401,81,0
40.066,-0.0008521076562401,81,0
40.068,-0.0004590512562401,81,0
40.07,-0.0005683384562401,81,0
40.072,-0.0006776256562401,81,0
40.074,-0.0007869128562401,81,0
40.076,-0.0010027284562401,81,0
40.078,-0.0010254038562401,81,0
40.08,-0.0007043908562401,81,0
40.082,-0.0006570465812401,81,0
40.084,-0.0006097023062401,81,0
40.086,-0.0005623580312401,81,0
40.088,-0.0005150137562401,81,0
40.09,-0.0006191403062401,81,0
40.092,-0.0007232668562401,81,0
40.094,-0.0008274720562401,81,0
40.096,-0.0009316772562401,81,0
40.098,-0.0009515696562401,81,0
40.1,-0.0004287165562401,81,0
40.102,-0.0004647987562401,81,0
40.104,-0.0005101828312401,81,0
40.106,-0.0005555669062401,81,0
40.108,-0.0006009509812401,81,0
40.11,-0.0006463350562401,81,0
40.112,-0.0010344909562401,81,0
40.114,-0.0006636501562401,81,0
40.116,-0.0006165267062401,81,0
40.118,-0.0005694032562401,81,0
40.12,-0.0005222798062401,81,0
40.122,-0.0004751563562401,81,0
40.124,-0.0004382876562401,81,0
40.126,-0.0005804747562401,81,0
40.128,-0.0007922731562401,81,0
40.13,-0.0009935929562401,81,0
40.132,-0.0010350717562401,81,0
40.134,-0.0009125592562401,81,0
40.136,-0.0007221899562401,81,0
40.138,-0.0004208031562401,81,0
40.14,-0.0005714239562401,81,0
40.142,-0.0007220447562401,81,0
40.144,-0.0008300917062401,81,0
40.146,-0.0009381386562401,81,0
40.148,-0.0009574381562401,81,0
40.15,-0.0005859318562401,81,0
40.152,-0.0004236829562401,81,0
40.154,-0.0004679931562401,81,0
40.156,-0.0006559666562401,81,0
40.158,-0.0008627556562401,81,0
40.16,-0.0008556287562401,81,0
40.162,-0.0008162456762401,81,0
40.164,-0.0007768625962401,81,0
40.166,-0.0007374795162401,81,0
40.168,-0.0006980964362401,81,0
40.17,-0.0006587133562401,81,0
40.172,-0.0004339679562401,81,0
40.174,-0.0009953958562401,81,0
40.176,-0.0010120817562401,81,0
40.178,-0.0010287676562401,81,0
40.18,-0.0009877849562401,81,0
40.182,-0.0009468022562401,81,0
40.184,-0.0009058195562401,81,0
40.186,-0.0005149411562401,81,0
40.188,-0.0005157397562401,81,0
40.19,-0.0005165383562401,81,0
40.192,-0.0006194791062401,81,0
40.194,-0.0007224198562401,81,0
40.196,-0.0009291241562401,81,0
40.198,-0.0010472322562401,81,0
40.2,-0.0009599186562401,81,0
40.202,-0.0005989272562401,81,0
40.204,-0.0005175366062401,81,0
40.206,-0.0004361459562401,81,0
40.208,-0.0004732324562401,81,0
40.21,-0.0008597790562401,81,0
40.212,-0.0009520355062401,81,0
40.214,-0.0010442919562401,81,0
40.216,-0.0010121301562401,81,0
40.218,-0.0006718418562401,81,0
40.22,-0.0005778067062401,81,0
40.222,-0.0004837715562401,81,0
40.224,-0.0004479797562401,81,0
40.226,-0.0005840805562401,81,0
40.228,-0.0007970647562401,81,0
40.23,-0.0010441467562401,81,0
40.232,-0.0009853710062401,81,0
40.234,-0.0009265952562401,81,0
40.236,-0.0004393887562401,81,0
40.238,-0.0007247309562401,81,0
40.24,-0.0010555933562401,81,0
40.242,-0.0009783953562401,81,0
40.244,-0.0009039827762401,81,0
40.246,-0.0008295701962401,81,0
40.248,-0.0007551576162401,81,0
40.25,-0.0006807450362401,81,0
40.252,-0.0006063324562401,81,0
40.254,-0.0006446410562401,81,0
40.256,-0.0007143451229067,81,0
40.258,-0.0007840491895734,81,0
40.26,-0.0008537532562401,81,0
40.262,-0.0010319620562401,81,0
40.264,-0.0008838701562401,81,0
40.266,-0.0008168724562401,81,0
40.268,-0.0007498747562401,81,0
40.27,-0.0006828770562401,81,0
40.272,-0.0005638372562401,81,0
40.274,-0.0006735479562401,81,0
40.276,-0.0007832586562401,81,0
40.278,-0.0010402868562401,81,0
40.28,-0.0009397035895734,81,0
40.282,-0.0008391203229067,81,0
40.284,-0.0007385370562401,81,0
40.286,-0.0006393291562401,81,0
40.288,-0.0005401212562401,81,0
40.29,-0.0004295393562401,81,0
40.292,-0.0005145055562401,81,0
40.294,-0.0009277326562401,81,0
40.296,-0.0009513639562401,81,0
40.298,-0.0009749952562401,81,0
40.3,-0.0008950263562401,81,0
40.302,-0.0008150574562401,81,0
40.304,-0.0006210339562401,81,0
40.306,-0.0004657909562401,81,0
40.308,-0.0006597781562401,81,0
40.31,-0.0008537653562401,81,0
40.312,-0.0009498696062401,81,0
40.314,-0.0010459738562401,81,0
40.316,-0.0010223546562401,81,0
40.318,-0.0008802643562401,81,0
40.32,-0.0006849824562401,81,0
40.322,-0.0004884421562401,81,0
40.324,-0.0007795197562401,81,0
40.326,-0.0008840637562401,81,0
40.328,-0.0009886077562401,81,0
40.33,-0.0010463489562401,81,0
40.332,-0.0008948811562401,81,0
40.334,-0.0007434133562401,81,0
40.336,-0.0005825136062401,81,0
40.338,-0.0004216138562401,81,0
40.34,-0.0005005663562401,81,0
40.342,-0.0006034163562401,81,0
40.344,-0.0007062663562401,81,0
40.346,-0.0009205089562401,81,0
40.348,-0.0006158430562401,81,0
40.35,-0.0005730816562401,81,0
40.352,-0.0005303202562401,81,0
40.354,-0.0004875588562401,81,0
40.356,-0.0004447974562401,81,0
40.358,-0.0004701106562401,81,0
40.36,-0.0006372963562401,81,0
40.362,-0.0008838943562401,81,0
40.364,-0.0008352432812401,81,0
40.366,-0.0007865922062401,81,0
40.368,-0.0007379411312401,81,0
40.37,-0.0006892900562401,81,0
40.372,-0.0004301927562401,81,0
40.374,-0.0005590577562401,81,0
40.376,-0.0007655866062401,81,0
40.378,-0.0009721154562401,81,0
40.38,-0.0010064976062401,81,0
40.382,-0.0010408797562401,81,0
40.384,-0.0005613446562401,81,0
40.386,-0.0005192931229067,81,0
40.388,-0.0004772415895734,81,0
40.39,-0.0004351900562401,81,0
40.392,-0.0005091210562401,81,0
40.394,-0.0007140950562401,81,0
40.396,-0.0009263532562401,81,0
40.398,-0.0009914633562401,81,0
40.4,-0.0008334615562401,81,0
40.402,-0.0007359900062401,81,0
40.404,-0.0006385184562401,81,0
40.406,-0.0004653674562401,81,0
40.408,-0.0005508358062401,81,0
40.41,-0.0006363041562401,81,0
40.412,-0.0010250287562401,81,0
40.414,-0.0008491713895734,81,0
40.416,-0.0006733140229067,81,0
40.418,-0.0004974566562401,81,0
40.42,-0.0005605823562401,81,0
40.422,-0.0007700454562401,81,0
40.424,-0.0009712563562401,81,0
40.426,-0.0009945246562401,81,0
40.428,-0.0010177929562401,81,0
40.43,-0.0010410612562401,81,0
40.432,-0.0009345812562401,81,0
40.434,-0.0007500562562401,81,0
40.436,-0.0004208515562401,81,0
40.438,-0.0004573693562401,81,0
40.44,-0.0004938871562401,81,0
40.442,-0.0006951464562401,81,0
40.444,-0.0009028187562401,81,0
40.446,-0.0009848446562401,81,0
40.448,-0.0008287425562401,81,0
40.45,-0.0006391537062401,81,0
40.452,-0.0004495648562401,81,0
40.454,-0.0004597046562401,81,0
40.456,-0.0006249059562401,81,0
40.458,-0.0008405884562401,81,0
40.46,-0.0010430940562401,81,0
40.462,-0.0010315990562401,81,0
40.464,-0.0008984748562401,81,0
40.466,-0.0006998896562401,81,0
40.468,-0.0004971783562401,81,0
40.47,-0.0004278332562401,81,0
40.472,-0.0005501884562401,81,0
40.474,-0.0007636687562401,81,0
40.476,-0.0009707239562401,81,0
40.478,-0.0010438321562401,81,0
40.48,-0.0009440918562401,81,0
40.482,-0.0005564320562401,81,0
40.484,-0.0005224068562401,81,0
40.486,-0.0004883816562401,81,0
40.488,-0.0005845101062401,81,0
40.49,-0.0006806385562401,81,0
40.492,-0.0009871920562401,81,0
40.494,-0.0008713184229067,81,0
40.496,-0.0007554447895734,81,0
40.498,-0.0006395711562401,81,0
40.5,-0.0005448221062401,82,0
40.502,-0.0004500730562401,82,0
40.504,-0.0005324680062401,82,0
40.506,-0.0006148629562401,82,0
40.508,-0.0008260684562401,82,0
40.51,-0.0010242906562401,82,0
40.512,-0.0009621874062401,82,0
40.514,-0.0009000841562401,82,0
40.516,-0.0007072101562401,82,0
40.518,-0.0004350448562401,82,0
40.52,-0.0005482766562401,82,0
40.522,-0.0007605893062401,82,0
40.524,-0.0009729019562401,82,0
40.526,-0.0010134188062401,82,0
40.528,-0.0010539356562401,82,0
40.53,-0.0009498756562401,82,0
40.532,-0.0007716547562401,82,0
40.534,-0.0004353473562401,82,0
40.536,-0.0010555812562401,82,0
40.538,-0.0009918142562401,82,0
40.54,-0.0008355064562401,82,0
40.542,-0.0004570426562401,82,0
40.544,-0.0006032711562401,82,0
40.546,-0.0008100601562401,82,0
40.548,-0.0010168491562401,82,0
40.55,-0.0010238006062401,82,0
40.552,-0.0010307520562401,82,0
40.554,-0.0007021644562401,82,0
40.556,-0.0005069914562401,82,0
40.558,-0.0004227754562401,82,0
40.56,-0.0005379553562401,82,0
40.562,-0.0006426566562401,82,0
40.564,-0.0007473579562401,82,0
40.566,-0.0009523198562401,82,0
40.568,-0.0010393188562401,82,0
40.57,-0.0009389372562401,82,0
40.572,-0.0007618779562401,82,0
40.574,-0.0005691128562401,82,0
40.576,-0.0004273371562401,82,0
40.578,-0.0004838804562401,82,0
40.58,-0.0005843951562401,82,0
40.582,-0.0006849098562401,82,0
40.584,-0.0007368218812401,82,0
40.586,-0.0007887339062401,82,0
40.588,-0.0008406459312401,82,0
40.59,-0.0008925579562401,82,0
40.592,-0.0009713229062401,82,0
40.594,-0.0010500878562401,82,0
40.596,-0.0009929879562401,82,0
40.598,-0.0008401286562401,82,0
40.6,-0.0006445563562401,82,0
40.602,-0.0004552276562401,82,0
40.604,-0.0004482701562401,82,0
40.606,-0.0006008753562401,82,0
40.608,-0.0008114032562401,82,0
40.61,-0.0010165103562401,82,0
40.612,-0.0010337407562401,82,0
40.614,-0.0009053718562401,82,0
40.616,-0.0007179670562401,82,0
40.618,-0.0004294183562401,82,0
40.62,-0.0005431462562401,82,0
40.622,-0.0006475390062401,82,0
40.624,-0.0007519317562401,82,0
40.626,-0.0009589385562401,82,0
40.628,-0.0010533185562401,82,0
40.63,-0.0009547640562401,82,0
40.632,-0.0005783935562401,82,0
40.634,-0.0005056120562401,82,0
40.636,-0.0004328305562401,82,0
40.638,-0.0006708859562401,82,0
40.64,-0.0008556711062401,82,0
40.642,-0.0010404562562401,82,0
40.644,-0.0009954805562401,82,0
40.646,-0.0006450403562401,82,0
40.648,-0.0004555059562401,82,0
40.65,-0.0004512911229067,82,0
40.652,-0.0004470762895734,82,0
40.654,-0.0004428614562401,82,0
40.656,-0.0005958780562401,82,0
40.658,-0.0010330994562401,82,0
40.66,-0.0009148582562401,82,0
40.662,-0.0007188624562401,82,0
40.664,-0.0004262239562401,82,0
40.666,-0.0004538543062401,82,0
40.668,-0.0004814846562401,82,0
40.67,-0.0005091150062401,82,0
40.672,-0.0005367453562401,82,0
40.674,-0.0007470554562401,82,0
40.676,-0.0010503903562401,82,0
40.678,-0.0009546067562401,82,0
40.68,-0.0007832465562401,82,0
40.682,-0.0005832819562401,82,0
40.684,-0.0004393766562401,82,0
40.686,-0.0004937782562401,82,0
40.688,-0.0008893756562401,82,0
40.69,-0.0009726539062401,82,0
40.692,-0.0010559321562401,82,0
40.694,-0.0008580729562401,82,0
40.696,-0.0006676189562401,82,0
40.698,-0.0004771649562401,82,0
40.7,-0.0004589665562401,82,0
40.702,-0.0006069495562401,82,0
40.704,-0.0010147195562401,82,0
40.706,-0.0010273943062401,82,0
40.708,-0.0010400690562401,82,0
40.71,-0.0007292200562401,82,0
40.712,-0.0006324926562401,82,0
40.714,-0.0005357652562401,82,0
40.716,-0.0004390378562401,82,0
40.718,-0.0007441151562401,82,0
40.72,-0.0009568089562401,82,0
40.722,-0.0010605785562401,82,0
40.724,-0.0009674932562401,82,0
40.726,-0.0008810811062401,82,0
40.728,-0.0007946689562401,82,0
40.73,-0.0005920302562401,82,0
40.732,-0.0004808796562401,82,0
40.734,-0.0006687079562401,82,0
40.736,-0.0007750427562401,82,0
40.738,-0.0008813775562401,82,0
40.74,-0.0010088873562401,82,0
40.742,-0.0007396381562401,82,0
40.744,-0.0004703889562401,82,0
40.746,-0.0005978382562401,82,0
40.748,-0.0008112096562401,82,0
40.75,-0.0009119421562401,82,0
40.752,-0.0010126746562401,82,0
40.754,-0.0009257603562401,82,0
40.756,-0.0007376658562401,82,0
40.758,-0.0006305929562401,82,0
40.76,-0.0005235200562401,82,0
40.762,-0.0004299144562401,82,0
40.764,-0.0004832996562401,82,0
40.766,-0.0005366848562401,82,0
40.768,-0.0007410659562401,82,0
40.77,-0.0009501176562401,82,0
40.772,-0.0007968832562401,82,0
40.774,-0.0004337622562401,82,0
40.776,-0.0004570426562401,82,0
40.778,-0.0004803230562401,82,0
40.78,-0.0005719140062401,82,0
40.782,-0.0006635049562401,82,0
40.784,-0.0006795132562401,82,0
40.786,-0.0004832754562401,82,0
40.788,-0.0004722079895734,82,0
40.79,-0.0004611405229067,82,0
40.792,-0.0004500730562401,82,0
40.794,-0.0005960353562401,82,0
40.796,-0.0008053532562401,82,0
40.798,-0.0010110532562401,82,0
40.8,-0.0010197144362401,82,0
40.802,-0.0010283756162401,82,0
40.804,-0.0010370367962401,82,0
40.806,-0.0010456979762401,82,0
40.808,-0.0010543591562401,82,0
40.81,-0.0009306608562401,82,0
40.812,-0.0007389968562401,82,0
40.814,-0.0005357168562401,82,0
40.816,-0.0005278397562401,82,0
40.818,-0.0007372544562401,82,0
40.82,-0.0008560522562401,82,0
40.822,-0.0009748500562401,82,0
40.824,-0.0009195732229067,82,0
40.826,-0.0008642963895734,82,0
40.828,-0.0008090195562401,82,0
40.83,-0.0006109788562401,82,0
40.832,-0.0008648126562401,82,0
40.834,-0.0009223279895734,82,0
40.836,-0.0009798433229067,82,0
40.838,-0.0010373586562401,82,0
40.84,-0.0010254704062401,82,0
40.842,-0.0010135821562401,82,0
40.844,-0.0008688540562401,82,0
40.846,-0.0006743223562401,82,0
40.848,-0.0004474836562401,82,0
40.85,-0.0005948253562401,82,0
40.852,-0.0008078216562401,82,0
40.854,-0.0009033632562401,82,0
40.856,-0.0009989048562401,82,0
40.858,-0.0010485148562401,82,0
40.86,-0.0009361542562401,82,0
40.862,-0.0007542791562401,82,0
40.864,-0.0005564441562401,82,0
40.866,-0.0005279002562401,82,0
40.868,-0.0007340600562401,82,0
40.87,-0.0009435231562401,82,0
40.872,-0.0008833317062401,82,0
40.874,-0.0008231402562401,82,0
40.876,-0.0006305082562401,82,0
40.878,-0.0004595473562401,82,0
40.88,-0.0004859858562401,82,0
40.882,-0.0006643156562401,82,0
40.884,-0.0008585388062401,82,0
40.886,-0.0010527619562401,82,0
40.888,-0.0008851406562401,82,0
40.89,-0.0008201676895734,82,0
40.892,-0.0007551947229067,82,0
40.894,-0.0006902217562401,82,0
40.896,-0.0004914913562401,82,0
40.898,-0.0004502424562401,82,0
40.9,-0.0005194363062401,82,0
40.902,-0.0005886301562401,82,0
40.904,-0.0008047361562401,82,0
40.906,-0.0010531975562401,82,0
40.908,-0.0005510233562401,82,0
40.91,-0.0004868570562401,82,0
40.912,-0.0004226907562401,82,0
40.914,-0.0007134537562401,82,0
40.916,-0.0008825149562401,82,0
40.918,-0.0010515761562401,82,0
40.92,-0.0004457049562401,82,0
40.922,-0.0006489365562401,82,0
40.924,-0.0008610495562401,82,0
40.926,-0.0010442919562401,82,0
40.928,-0.0010363180562401,82,0
40.93,-0.0010283441562401,82,0
40.932,-0.0008893877562401,82,0
40.934,-0.0007879292562401,82,0
40.936,-0.0006864707562401,82,0
40.938,-0.0006348013362401,82,0
40.94,-0.0005831319162401,82,0
40.942,-0.0005314624962401,82,0
40.944,-0.0004797930762401,82,0
40.946,-0.0004281236562401,82,0
40.948,-0.0007911720562401,82,0
40.95,-0.0008958854562401,82,0
40.952,-0.0010005988562401,82,0
40.954,-0.0010637971562401,82,0
40.956,-0.0009445032562401,82,0
40.958,-0.0007597483562401,82,0
40.96,-0.0005577146562401,82,0
40.962,-0.0009270429562401,82,0
40.964,-0.0010704642562401,82,0
40.966,-0.0009905518229067,82,0
40.968,-0.0009106393895734,82,0
40.97,-0.0008307269562401,82,0
40.972,-0.0007293652562401,82,0
40.974,-0.0006280035562401,82,0
40.976,-0.0005405629062401,82,0
40.978,-0.0004531222562401,82,0
40.98,-0.0005445619562401,82,0
40.982,-0.0006360016562401,82,0
40.984,-0.0008530756562401,82,0
40.986,-0.0010476920562401,82,0
40.988,-0.0010266380562401,82,0
40.99,-0.0008850801562401,82,0
40.992,-0.0007881652062401,82,0
40.994,-0.0006912502562401,82,0
40.996,-0.0004928707562401,82,0
40.998,-0.0005685320562401,82,0
41.0,-0.0007828109562401,83,0
41.002,-0.0009867685562401,83,0
41.004,-0.0009458705562401,83,0
41.006,-0.0007619142562401,83,0
41.008,-0.0005535401562401,83,0
41.01,-0.0004321771562401,83,0
41.012,-0.0004727303062401,83,0
41.014,-0.0005132834562401,83,0
41.016,-0.0006125942062401,83,0
41.018,-0.0007119049562401,83,0
41.02,-0.0010722792562401,83,0
41.022,-0.0009976343562401,83,0
41.024,-0.0008375876562401,83,0
41.026,-0.0007374420062401,83,0
41.028,-0.0006372963562401,83,0
41.03,-0.0004584099562401,83,0
41.032,-0.0006346585562401,83,0
41.034,-0.0008617513562401,83,0
41.036,-0.0009579766062401,83,0
41.038,-0.0010542018562401,83,0
41.04,-0.0009029639562401,83,0
41.042,-0.0008054924062401,83,0
41.044,-0.0007080208562401,83,0
41.046,-0.0004435269562401,83,0
41.048,-0.0005700082562401,83,0
41.05,-0.0007832586562401,83,0
41.052,-0.0010632163562401,83,0
41.054,-0.0010083791562401,83,0
41.056,-0.0009535419562401,83,0
41.058,-0.0007724291562401,83,0
41.06,-0.0005639824562401,83,0
41.062,-0.0004328305562401,83,0
41.064,-0.0007021039562401,83,0
41.066,-0.0008796593562401,83,0
41.068,-0.0010572147562401,83,0
41.07,-0.0009850100229067,83,0
41.072,-0.0009128052895734,83,0
41.074,-0.0008406005562401,83,0
41.076,-0.0006375141562401,83,0
41.078,-0.0004535941562401,83,0
41.08,-0.0004574117062401,83,0
41.082,-0.0004612292562401,83,0
41.084,-0.0008517083562401,83,0
41.086,-0.0009422647562401,83,0
41.088,-0.0010328211562401,83,0
41.09,-0.0008994912562401,83,0
41.092,-0.0008034717062401,83,0
41.094,-0.0007074521562401,83,0
41.096,-0.0005083345562401,83,0
41.098,-0.0005623247562401,83,0
41.1,-0.0006724952562401,83,0
41.102,-0.0007826657562401,83,0
41.104,-0.0009965332562401,83,0
41.106,-0.0009568452562401,83,0
41.108,-0.0008667970562401,83,0
41.11,-0.0007767488562401,83,0
41.112,-0.0005745094562401,83,0
41.114,-0.0004976986562401,83,0
41.116,-0.0006975422562401,83,0
41.118,-0.0009137934562401,83,0
41.12,-0.0009904832562401,83,0
41.122,-0.0010671730562401,83,0
41.124,-0.0010005383562401,83,0
41.126,-0.0008411087562401,83,0
41.128,-0.0006421363562401,83,0
41.13,-0.0004592206562401,83,0
41.132,-0.0004616527562401,83,0
41.134,-0.0006246397562401,83,0
41.136,-0.0008396446562401,83,0
41.138,-0.0010303043562401,83,0
41.14,-0.0008982933562401,83,0
41.142,-0.0005112869562401,83,0
41.144,-0.0007676254562401,83,0
41.146,-0.0009146404562401,83,0
41.148,-0.0010616554562401,83,0
41.15,-0.0007824600562401,83,0
41.152,-0.0007245676062401,83,0
41.154,-0.0006666751562401,83,0
41.156,-0.0006087827062401,83,0
41.158,-0.0005508902562401,83,0
41.16,-0.0004929978062401,83,0
41.162,-0.0004351053562401,83,0
41.164,-0.0005056362562401,83,0
41.166,-0.0006987885562401,83,0
41.168,-0.0009149308562401,83,0
41.17,-0.0010643658562401,83,0
41.172,-0.0010015668562401,83,0
41.174,-0.0008425970562401,83,0
41.176,-0.0004648955562401,83,0
41.178,-0.0004640485562401,83,0
41.18,-0.0004632015562401,83,0
41.182,-0.0006261280562401,83,0
41.184,-0.0008386766562401,83,0
41.186,-0.0010313812562401,83,0
41.188,-0.0010464820562401,83,0
41.19,-0.0007816977562401,83,0
41.192,-0.0005169134562401,83,0
41.194,-0.0004412400562401,83,0
41.196,-0.0005540483562401,83,0
41.198,-0.0009767739562401,83,0
41.2,-0.0010699439562401,83,0
41.202,-0.0010208119062401,83,0
41.204,-0.0009716798562401,83,0
41.206,-0.0005986610562401,83,0
41.208,-0.0005219410062401,83,0
41.21,-0.0004452209562401,83,0
41.212,-0.0006927990562401,83,0
41.214,-0.0007990794062401,83,0
41.216,-0.0009053597562401,83,0
41.218,-0.0010741426562401,83,0
41.22,-0.0010190029562401,83,0
41.222,-0.0008635905562401,83,0
41.224,-0.0004825252562401,83,0
41.226,-0.0004773283062401,83,0
41.228,-0.0004721313562401,83,0
41.23,-0.0006266241562401,83,0
41.232,-0.0010328816562401,83,0
41.234,-0.0010452115562401,83,0
41.236,-0.0010575414562401,83,0
41.238,-0.0009255183562401,83,0
41.24,-0.0007387427562401,83,0
41.242,-0.0005338413562401,83,0
41.244,-0.0005521123562401,83,0
41.246,-0.0007648182562401,83,0
41.248,-0.0009135454062401,83,0
41.25,-0.0010622725562401,83,0
41.252,-0.0010149676062401,83,0
41.254,-0.0009676626562401,83,0
41.256,-0.0007935557562401,83,0
41.258,-0.0004384933562401,83,0
41.26,-0.0005605279062401,83,0
41.262,-0.0006825624562401,83,0
41.264,-0.0008956676562401,83,0
41.266,-0.0010674634562401,83,0
41.268,-0.0010428944062401,83,0
41.27,-0.0010183253562401,83,0
41.272,-0.0008581697562401,83,0
41.274,-0.0004804682562401,83,0
41.276,-0.0004620762562401,83,0
41.278,-0.0005406718062401,83,0
41.28,-0.0006192673562401,83,0
41.282,-0.0008335704562401,83,0
41.284,-0.0010243995562401,83,0
41.286,-0.0010472564562401,83,0
41.288,-0.0009227958562401,83,0
41.29,-0.0005334057562401,83,0
41.292,-0.0004460558562401,83,0
41.294,-0.0005532860562401,83,0
41.296,-0.0006592276062401,83,0
41.298,-0.0007651691562401,83,0
41.3,-0.0009757454562401,83,0
41.302,-0.0010753889562401,83,0
41.304,-0.0009782259562401,83,0
41.306,-0.0008032115562401,83,0
41.308,-0.0004550824562401,83,0
41.31,-0.0005757134062401,83,0
41.312,-0.0006963443562401,83,0
41.314,-0.0009046942562401,83,0
41.316,-0.0010770224562401,83,0
41.318,-0.0010303769562401,83,0
41.32,-0.0008788244562401,83,0
41.322,-0.0004715384562401,83,0
41.324,-0.0005486215062401,83,0
41.326,-0.0006257045562401,83,0
41.328,-0.0007322390062401,83,0
41.33,-0.0008387734562401,83,0
41.332,-0.0010350596562401,83,0
41.334,-0.0010610746562401,83,0
41.336,-0.0009359969562401,83,0
41.338,-0.0007436795562401,83,0
41.34,-0.0005468125562401,83,0
41.342,-0.0004529528562401,83,0
41.344,-0.0005535764562401,83,0
41.346,-0.0007587319562401,83,0
41.348,-0.0009610318562401,83,0
41.35,-0.0010617522562401,83,0
41.352,-0.0009758059562401,83,0
41.354,-0.0006111724562401,83,0
41.356,-0.0005339018562401,83,0
41.358,-0.0004566312562401,83,0
41.36,-0.0004987513562401,83,0
41.362,-0.0006934645562401,83,0
41.364,-0.0010781840562401,83,0
41.366,-0.0010380604562401,83,0
41.368,-0.0008879599562401,83,0
41.37,-0.0006914559562401,83,0
41.372,-0.0005907234562401,83,0
41.374,-0.0004899909562401,83,0
41.376,-0.0004617858562401,83,0
41.378,-0.0006083047562401,83,0
41.38,-0.0008252698562401,83,0
41.382,-0.0010581585562401,83,0
41.384,-0.0009406917562401,83,0
41.386,-0.0006896470062401,83,0
41.388,-0.0004386022562401,83,0
41.39,-0.0005389717562401,83,0
41.392,-0.0006065865562401,83,0
41.394,-0.0006742013562401,83,0
41.396,-0.0007418161562401,83,0
41.398,-0.0009801861562401,83,0
41.4,-0.0009237235229067,83,0
41.402,-0.0008672608895734,83,0
41.404,-0.0008107982562401,83,0
41.406,-0.0004527592562401,83,0
41.408,-0.0004898336562401,83,0
41.41,-0.0006687684562401,83,0
41.412,-0.0008808451562401,83,0
41.414,-0.0009666644062401,83,0
41.416,-0.0010524836562401,83,0
41.418,-0.0010177445562401,83,0
41.42,-0.0004796212562401,83,0
41.422,-0.0006001977562401,83,0
41.424,-0.0008149485562401,83,0
41.426,-0.0008662404562401,83,0
41.428,-0.0009175323562401,83,0
41.43,-0.0009688242562401,83,0
41.432,-0.0010201161562401,83,0
41.434,-0.0007575582562401,83,0
41.436,-0.0005983525062401,83,0
41.438,-0.0004391467562401,83,0
41.44,-0.0005365638562401,83,0
41.442,-0.0009568089562401,83,0
41.444,-0.0009943310562401,83,0
41.446,-0.0008246527562401,83,0
41.448,-0.0007863320562401,83,0
41.45,-0.0007480113562401,83,0
41.452,-0.0007096906562401,83,0
41.454,-0.0006713699562401,83,0
41.456,-0.0006330492562401,83,0
41.458,-0.0004613018562401,83,0
41.46,-0.0004886357562401,83,0
41.462,-0.0006754234562401,83,0
41.464,-0.0008826480562401,83,0
41.466,-0.0010594653562401,83,0
41.468,-0.0010335713562401,83,0
41.47,-0.0008936227562401,83,0
41.472,-0.0007002405562401,83,0
41.474,-0.0005040027562401,83,0
41.476,-0.0004553970562401,83,0
41.478,-0.0008014691562401,83,0
41.48,-0.0010048096562401,83,0
41.482,-0.0010589450562401,83,0
41.484,-0.0009442007562401,83,0
41.486,-0.0005672373562401,83,0
41.488,-0.0007634872562401,83,0
41.49,-0.0009597371562401,83,0
41.492,-0.0009840266962401,83,0
41.494,-0.0010083162362401,83,0
41.496,-0.0010326057762401,83,0
41.498,-0.0010568953162401,83,0
41.5,-0.0010811848562401,84,0
41.502,-0.0010000422562401,84,0
41.504,-0.0008331469562401,84,0
41.506,-0.0004660813562401,84,0
41.508,-0.0006724952562401,84,0
41.51,-0.0008789091562401,84,0
41.512,-0.0009673541062401,84,0
41.514,-0.0010557990562401,84,0
41.516,-0.0010391252562401,84,0
41.518,-0.0008946754562401,84,0
41.52,-0.0006997807562401,84,0
41.522,-0.0004571152562401,84,0
41.524,-0.0005994112562401,84,0
41.526,-0.0007040762562401,84,0
41.528,-0.0008087412562401,84,0
41.53,-0.0010620063562401,84,0
41.532,-0.0007690532562401,84,0
41.534,-0.0007298129562401,84,0
41.536,-0.0008415020062401,84,0
41.538,-0.0009531910562401,84,0
41.54,-0.0009685983895734,84,0
41.542,-0.0009840057229067,84,0
41.544,-0.0009994130562401,84,0
41.546,-0.0008323725562401,84,0
41.548,-0.0006351909562401,84,0
41.55,-0.0004668315562401,84,0
41.552,-0.0004737850229067,84,0
41.554,-0.0004807384895734,84,0
41.556,-0.0004876919562401,84,0
41.558,-0.0008753759562401,84,0
41.56,-0.0010605906562401,84,0
41.562,-0.0010445218562401,84,0
41.564,-0.0007109369562401,84,0
41.566,-0.0006105190562401,84,0
41.568,-0.0005101011562401,84,0
41.57,-0.0004847395562401,84,0
41.572,-0.0004593779562401,84,0
41.574,-0.0005892109562401,84,0
41.576,-0.0008004285562401,84,0
41.578,-0.0010177566562401,84,0
41.58,-0.0010775548562401,84,0
41.582,-0.0009617699562401,84,0
41.584,-0.0005770141562401,84,0
41.586,-0.0005217050562401,84,0
41.588,-0.0004663959562401,84,0
41.59,-0.0005411376562401,84,0
41.592,-0.0007331525562401,84,0
41.594,-0.0010120091562401,84,0
41.596,-0.0008608075562401,84,0
41.598,-0.0006536676562401,84,0
41.6,-0.0004700259562401,84,0
41.602,-0.0004848484562401,84,0
41.604,-0.0005700385062401,84,0
41.606,-0.0006552285562401,84,0
41.608,-0.0008682853562401,84,0
41.61,-0.0010630711562401,84,0
41.612,-0.0010495312562401,84,0
41.614,-0.0009090139562401,84,0
41.616,-0.0007151598562401,84,0
41.618,-0.0005179177562401,84,0
41.62,-0.0005928409562401,84,0
41.622,-0.0008065753562401,84,0
41.624,-0.0010682257562401,84,0
41.626,-0.0009577285562401,84,0
41.628,-0.0008978819562401,84,0
41.63,-0.0008380353562401,84,0
41.632,-0.0007781887562401,84,0
41.634,-0.0005766269562401,84,0
41.636,-0.0004495285562401,84,0
41.638,-0.0007290022562401,84,0
41.64,-0.0010768893562401,84,0
41.642,-0.0010102062562401,84,0
41.644,-0.0009556513895734,84,0
41.646,-0.0009010965229067,84,0
41.648,-0.0008465416562401,84,0
41.65,-0.0006491422562401,84,0
41.652,-0.0004746723562401,84,0
41.654,-0.0004811458562401,84,0
41.656,-0.0006535708562401,84,0
41.658,-0.0008668938562401,84,0
41.66,-0.0010498458562401,84,0
41.662,-0.0009113008562401,84,0
41.664,-0.0007182332562401,84,0
41.666,-0.0005251656562401,84,0
41.668,-0.0004941231062401,84,0
41.67,-0.0004630805562401,84,0
41.672,-0.0007924909562401,84,0
41.674,-0.0010018935562401,84,0
41.676,-0.0010749896562401,84,0
41.678,-0.0009291302062401,84,0
41.68,-0.0007832707562401,84,0
41.682,-0.0005851695562401,84,0
41.684,-0.0007210646562401,84,0
41.686,-0.0008248584562401,84,0
41.688,-0.0009286522562401,84,0
41.69,-0.0010771434562401,84,0
41.692,-0.0010143444562401,84,0
41.694,-0.0008566088562401,84,0
41.696,-0.0004773948562401,84,0
41.698,-0.0004785564562401,84,0
41.7,-0.0006454880562401,84,0
41.702,-0.0008651514562401,84,0
41.704,-0.0009643835562401,84,0
41.706,-0.0010636156562401,84,0
41.708,-0.0010629824229067,84,0
41.71,-0.0010623491895734,84,0
41.712,-0.0010617159562401,84,0
41.714,-0.0009246229562401,84,0
41.716,-0.0005324982562401,84,0
41.718,-0.0005822897562401,84,0
41.72,-0.0007938219562401,84,0
41.722,-0.0008615779229067,84,0
41.724,-0.0009293338895734,84,0
41.726,-0.0009970898562401,84,0
41.728,-0.0010785954562401,84,0
41.73,-0.0009779718562401,84,0
41.732,-0.0007978028562401,84,0
41.734,-0.0005215598562401,84,0
41.736,-0.0007219116562401,84,0
41.738,-0.0007906235229067,84,0
41.74,-0.0008593353895734,84,0
41.742,-0.0009280472562401,84,0
41.744,-0.0010788495562401,84,0
41.746,-0.0004796696562401,84,0
41.748,-0.0004839409562401,84,0
41.75,-0.0006701297062401,84,0
41.752,-0.0008563184562401,84,0
41.754,-0.0009035417312401,84,0
41.756,-0.0009507650062401,84,0
41.758,-0.0009979882812401,84,0
41.76,-0.0010452115562401,84,0
41.762,-0.0010561620562401,84,0
41.764,-0.0007349433562401,84,0
41.766,-0.0005424202562401,84,0
41.768,-0.0004615559562401,84,0
41.77,-0.0005782120562401,84,0
41.772,-0.0007865377562401,84,0
41.774,-0.0009320402562401,84,0
41.776,-0.0010775427562401,84,0
41.778,-0.0009762173562401,84,0
41.78,-0.0007982505562401,84,0
41.782,-0.0006013956562401,84,0
41.784,-0.0005294672062401,84,0
41.786,-0.0004575387562401,84,0
41.788,-0.0007091340562401,84,0
41.79,-0.0009223360562401,84,0
41.792,-0.0009737005562401,84,0
41.794,-0.0010250650562401,84,0
41.796,-0.0009451687562401,84,0
41.798,-0.0008652724562401,84,0
41.8,-0.0006679819562401,84,0
41.802,-0.0004893859562401,84,0
41.804,-0.0004760880562401,84,0
41.806,-0.0008528699562401,84,0
41.808,-0.0010440983562401,84,0
41.81,-0.0010520117562401,84,0
41.812,-0.0009891946062401,84,0
41.814,-0.0009263774562401,84,0
41.816,-0.0007373754562401,84,0
41.818,-0.0005394315562401,84,0
41.82,-0.0004554333562401,84,0
41.822,-0.0005664266562401,84,0
41.824,-0.0007794108562401,84,0
41.826,-0.0010811122562401,84,0
41.828,-0.0009399839062401,84,0
41.83,-0.0007988555562401,84,0
41.832,-0.0005989151562401,84,0
41.834,-0.0004498794562401,84,0
41.836,-0.0004793308562401,84,0
41.838,-0.0005087822562401,84,0
41.84,-0.0009098246562401,84,0
41.842,-0.0010710087562401,84,0
41.844,-0.0010427310562401,84,0
41.846,-0.0010144533562401,84,0
41.848,-0.0008650667562401,84,0
41.85,-0.0004840861562401,84,0
41.852,-0.0004725669562401,84,0
41.854,-0.0006309438562401,84,0
41.856,-0.0008439522562401,84,0
41.858,-0.0009430815062401,84,0
41.86,-0.0010422107562401,84,0
41.862,-0.0009305519562401,84,0
41.864,-0.0007419613562401,84,0
41.866,-0.0006031985562401,84,0
41.868,-0.0004644357562401,84,0
41.87,-0.0005684957562401,84,0
41.872,-0.0006725497062401,84,0
41.874,-0.0007766036562401,84,0
41.876,-0.0009767618562401,84,0
41.878,-0.0010793577562401,84,0
41.88,-0.0008134844562401,84,0
41.882,-0.0004611082562401,84,0
41.884,-0.0004873229062401,84,0
41.886,-0.0005135375562401,84,0
41.888,-0.0006984739562401,84,0
41.89,-0.0009120510562401,84,0
41.892,-0.0010711781562401,84,0
41.894,-0.0010469842062401,84,0
41.896,-0.0010227902562401,84,0
41.898,-0.0008766585562401,84,0
41.9,-0.0006791381562401,84,0
41.902,-0.0004888535562401,84,0
41.904,-0.0004704736562401,84,0
41.906,-0.0006218809562401,84,0
41.908,-0.0008390396562401,84,0
41.91,-0.0010402505562401,84,0
41.912,-0.0010628170562401,84,0
41.914,-0.0009374852562401,84,0
41.916,-0.0007427357562401,84,0
41.918,-0.0005424444562401,84,0
41.92,-0.0004500972562401,84,0
41.922,-0.0005593360562401,84,0
41.924,-0.0007667300562401,84,0
41.926,-0.0009664889562401,84,0
41.928,-0.0010755704562401,84,0
41.93,-0.0009808153562401,84,0
41.932,-0.0006088492562401,84,0
41.934,-0.0005327705062401,84,0
41.936,-0.0004566917562401,84,0
41.938,-0.0004990054562401,84,0
41.94,-0.0006877291562401,84,0
41.942,-0.0008990193562401,84,0
41.944,-0.0010706094562401,84,0
41.946,-0.0010283320562401,84,0
41.948,-0.0008744200562401,84,0
41.95,-0.0006735116562401,84,0
41.952,-0.0004618947562401,84,0
41.954,-0.0005352812562401,84,0
41.956,-0.0006086677562401,84,0
41.958,-0.0008206960562401,84,0
41.96,-0.0010266743562401,84,0
41.962,-0.0009453260562401,84,0
41.964,-0.0008502805562401,84,0
41.966,-0.0007552350562401,84,0
41.968,-0.0005560690562401,84,0
41.97,-0.0004555059562401,84,0
41.972,-0.0005469093562401,84,0
41.974,-0.0007579091562401,84,0
41.976,-0.0010786801562401,84,0
41.978,-0.0010331478562401,84,0
41.98,-0.0009876155562401,84,0
41.982,-0.0008125285562401,84,0
41.984,-0.0004450273562401,84,0
41.986,-0.0004849815562401,84,0
41.988,-0.0005791740062401,84,0
41.99,-0.0006733664562401,84,0
41.992,-0.0008834103562401,84,0
41.994,-0.0010599493562401,84,0
41.996,-0.0010262024562401,84,0
41.998,-0.0008739118562401,84,0
42.0,-0.0004876677562401,85,0
42.002,-0.0004600192562401,85,0
42.004,-0.0005319416562401,85,0
42.006,-0.0006038640562401,85,0
42.008,-0.0008206718562401,85,0
42.01,-0.0010223062562401,85,0
42.012,-0.0010569606562401,85,0
42.014,-0.0009469111562401,85,0
42.016,-0.0005565046562401,85,0
42.018,-0.0005474296562401,85,0
42.02,-0.0005383546562401,85,0
42.022,-0.0006406662062401,85,0
42.024,-0.0007429777562401,85,0
42.026,-0.0009590716562401,85,0
42.028,-0.0009905921562401,85,0
42.03,-0.0009047608062401,85,0
42.032,-0.0008189294562401,85,0
42.034,-0.0006150444562401,85,0
42.036,-0.0004519122562401,85,0
42.038,-0.0004897731562401,85,0
42.04,-0.0006725436562401,85,0
42.042,-0.0008879236562401,85,0
42.044,-0.0010654185562401,85,0
42.046,-0.0008895450562401,85,0
42.048,-0.0007906578062401,85,0
42.05,-0.0006917705562401,85,0
42.052,-0.0004900877562401,85,0
42.054,-0.0004538482562401,85,0
42.056,-0.0005949342562401,85,0
42.058,-0.0010157601562401,85,0
42.06,-0.0010592354562401,85,0
42.062,-0.0009407401562401,85,0
42.064,-0.0007537588562401,85,0
42.066,-0.0005474780562401,85,0
42.068,-0.0004413368562401,85,0
42.07,-0.0004894101562401,85,0
42.072,-0.0005374834562401,85,0
42.074,-0.0007457728562401,85,0
42.076,-0.0009683039562401,85,0
42.078,-0.0010731625562401,85,0
42.08,-0.0008308721562401,85,0
42.082,-0.0004617737562401,85,0
42.084,-0.0005283358562401,85,0
42.086,-0.0005948979562401,85,0
42.088,-0.0006614600562401,85,0
42.09,-0.0008759809562401,85,0
42.092,-0.0009691751562401,85,0
42.094,-0.0010623693562401,85,0
42.096,-0.0010313449562401,85,0
42.098,-0.0008848381562401,85,0
42.1,-0.0006901975562401,85,0
42.102,-0.0005017158562401,85,0
42.104,-0.0004578412562401,85,0
42.106,-0.0005884123562401,85,0
42.108,-0.0008043852562401,85,0
42.11,-0.0010185431562401,85,0
42.112,-0.0010679716562401,85,0
42.114,-0.0007609583562401,85,0
42.116,-0.0006609397562401,85,0
42.118,-0.0005609211562401,85,0
42.12,-0.0004463099562401,85,0
42.122,-0.0005339623562401,85,0
42.124,-0.0007353789562401,85,0
42.126,-0.0010798175562401,85,0
42.128,-0.0009999212562401,85,0
42.13,-0.0009178651062401,85,0
42.132,-0.0008358089562401,85,0
42.134,-0.0004634435562401,85,0
42.136,-0.0004941170562401,85,0
42.138,-0.0005833545562401,85,0
42.14,-0.0006725920562401,85,0
42.142,-0.0008821519562401,85,0
42.144,-0.0009029034562401,85,0
42.146,-0.0008369019895734,85,0
42.148,-0.0007709005229067,85,0
42.15,-0.0007048990562401,85,0
42.152,-0.0005971001562401,85,0
42.154,-0.0008121050562401,85,0
42.156,-0.0009143258562401,85,0
42.158,-0.0010165466562401,85,0
42.16,-0.0010440439062401,85,0
42.162,-0.0010715411562401,85,0
42.164,-0.0007763858562401,85,0
42.166,-0.0005750539562401,85,0
42.168,-0.0004542112562401,85,0
42.17,-0.0005326434562401,85,0
42.172,-0.0009441644562401,85,0
42.174,-0.0010089055062401,85,0
42.176,-0.0010736465562401,85,0
42.178,-0.0010356404562401,85,0
42.18,-0.0009976343562401,85,0
42.182,-0.0008307632562401,85,0
42.184,-0.0004718772562401,85,0
42.186,-0.0004910194562401,85,0
42.188,-0.0005767056062401,85,0
42.19,-0.0006623917562401,85,0
42.192,-0.0008734399562401,85,0
42.194,-0.0010598646562401,85,0
42.196,-0.0009047184562401,85,0
42.198,-0.0007071496562401,85,0
42.2,-0.0005125816562401,85,0
42.202,-0.0004604427562401,85,0
42.204,-0.0008058735562401,85,0
42.206,-0.0010670036562401,85,0
42.208,-0.0009196801062401,85,0
42.21,-0.0007723565562401,85,0
42.212,-0.0007066051562401,85,0
42.214,-0.0006408537562401,85,0
42.216,-0.0005751023562401,85,0
42.218,-0.0005105609562401,85,0
42.22,-0.0004460195562401,85,0
42.222,-0.0007237629562401,85,0
42.224,-0.0009361905562401,85,0
42.226,-0.0010860006562401,85,0
42.228,-0.0010123116562401,85,0
42.23,-0.0006551075562401,85,0
42.232,-0.0001630973562401,85,0
42.234,-0.0003241060062401,85,0
42.236,-0.0004851146562401,85,0
42.238,-0.0006583019562401,85,0
42.24,-0.0010548915562401,85,0
42.242,-0.0010476436562401,85,0
42.244,-0.0009796779562401,85,0
42.246,-0.0009117122562401,85,0
42.248,-0.0007214155562401,85,0
42.25,-0.0005252624562401,85,0
42.252,-0.0004564860562401,85,0
42.254,-0.0005826527562401,85,0
42.256,-0.0007982384562401,85,0
42.258,-0.0010152277562401,85,0
42.26,-0.0010850931562401,85,0
42.262,-0.0007875299562401,85,0
42.264,-0.0006883281062401,85,0
42.266,-0.0005891262562401,85,0
42.268,-0.0004596804562401,85,0
42.27,-0.0007392993562401,85,0
42.272,-0.0009420348562401,85,0
42.274,-0.0010892676562401,85,0
42.276,-0.0010172121562401,85,0
42.278,-0.0009367774062401,85,0
42.28,-0.0008563426562401,85,0
42.282,-0.0006554463562401,85,0
42.284,-0.0004810006562401,85,0
42.286,-0.0004820291562401,85,0
42.288,-0.0006492269562401,85,0
42.29,-0.0008664098562401,85,0
42.292,-0.0010575777562401,85,0
42.294,-0.0010494586562401,85,0
42.296,-0.0009167458562401,85,0
42.298,-0.0007222383562401,85,0
42.3,-0.0005771472562401,85,0
42.302,-0.0006481460229067,85,0
42.304,-0.0007191447895734,85,0
42.306,-0.0007901435562401,85,0
42.308,-0.0009930968562401,85,0
42.31,-0.0010792851562401,85,0
42.312,-0.0009724905562401,85,0
42.314,-0.0005861738562401,85,0
42.316,-0.0005559117562401,85,0
42.318,-0.0005256496562401,85,0
42.32,-0.0006252145062401,85,0
42.322,-0.0007247793562401,85,0
42.324,-0.0009353919562401,85,0
42.326,-0.0010947126562401,85,0
42.328,-0.0010282836562401,85,0
42.33,-0.0008683942562401,85,0
42.332,-0.0006698695562401,85,0
42.334,-0.0004854413562401,85,0
42.336,-0.0004923020562401,85,0
42.338,-0.0006595361562401,85,0
42.34,-0.0008710441562401,85,0
42.342,-0.0010554844562401,85,0
42.344,-0.0010564403562401,85,0
42.346,-0.0007276107562401,85,0
42.348,-0.0005243912562401,85,0
42.35,-0.0004898881062401,85,0
42.352,-0.0004553849562401,85,0
42.354,-0.0005786597562401,85,0
42.356,-0.0007969195562401,85,0
42.358,-0.0010100852562401,85,0
42.36,-0.0010828546562401,85,0
42.362,-0.0008011908562401,85,0
42.364,-0.0006978447562401,85,0
42.366,-0.0005944986562401,85,0
42.368,-0.0004546710562401,85,0
42.37,-0.0005187526562401,85,0
42.372,-0.0009318708562401,85,0
42.374,-0.0010885658562401,85,0
42.376,-0.0010617038562401,85,0
42.378,-0.0010348418562401,85,0
42.38,-0.0006749394562401,85,0
42.382,-0.0004852961562401,85,0
42.384,-0.0006510056562401,85,0
42.386,-0.0007212501895734,85,0
42.388,-0.0007914947229067,85,0
42.39,-0.0008617392562401,85,0
42.392,-0.0010539114562401,85,0
42.394,-0.0010641843562401,85,0
42.396,-0.0009372311562401,85,0
42.398,-0.0005407504562401,85,0
42.4,-0.0004513435562401,85,0
42.402,-0.0006149960562401,85,0
42.404,-0.0007786485562401,85,0
42.406,-0.0009980336562401,85,0
42.408,-0.0010432392562401,85,0
42.41,-0.0010884448562401,85,0
42.412,-0.0009850503562401,85,0
42.414,-0.0008079910562401,85,0
42.416,-0.0006052071562401,85,0
42.418,-0.0004575750562401,85,0
42.42,-0.0007140829562401,85,0
42.422,-0.0008193106062401,85,0
42.424,-0.0009245382562401,85,0
42.426,-0.0010342005562401,85,0
42.428,-0.0008852979562401,85,0
42.43,-0.0007849526562401,85,0
42.432,-0.0006846073562401,85,0
42.434,-0.0004840740562401,85,0
42.436,-0.0006372842562401,85,0
42.438,-0.0008515752562401,85,0
42.44,-0.0009485991062401,85,0
42.442,-0.0010456229562401,85,0
42.444,-0.0009254215562401,85,0
42.446,-0.0004524204562401,85,0
42.448,-0.0005581744562401,85,0
42.45,-0.0006119589562401,85,0
42.452,-0.0006657434562401,85,0
42.454,-0.0007195279562401,85,0
42.456,-0.0007733124562401,85,0
42.458,-0.0009928185562401,85,0
42.46,-0.0010833628562401,85,0
42.462,-0.0009923103562401,85,0
42.464,-0.0006053765562401,85,0
42.466,-0.0004529044562401,85,0
42.468,-0.0005101132562401,85,0
42.47,-0.0006028960562401,85,0
42.472,-0.0006956788562401,85,0
42.474,-0.0009112645562401,85,0
42.476,-0.0010348902562401,85,0
42.478,-0.0006779281562401,85,0
42.48,-0.0004849089562401,85,0
42.482,-0.0004768745562401,85,0
42.484,-0.0004688401562401,85,0
42.486,-0.0006249543562401,85,0
42.488,-0.0007351006562401,85,0
42.49,-0.0008452469562401,85,0
42.492,-0.0010409886562401,85,0
42.494,-0.0009381870562401,85,0
42.496,-0.0007405154062401,85,0
42.498,-0.0005428437562401,85,0
42.5,-0.0005577146562401,86,0
42.502,-0.0007691258562401,86,0
42.504,-0.0008469127229067,86,0
42.506,-0.0009246995895734,86,0
42.508,-0.0010024864562401,86,0
42.51,-0.0010969753562401,86,0
42.512,-0.0009966300562401,86,0
42.514,-0.0004685860562401,86,0
42.516,-0.0004846225895734,86,0
42.518,-0.0005006591229067,86,0
42.52,-0.0005166956562401,86,0
42.522,-0.0007019224562401,86,0
42.524,-0.0010783776562401,86,0
42.526,-0.0008898475562401,86,0
42.528,-0.0004683198562401,86,0
42.53,-0.0005453787062401,86,0
42.532,-0.0006224375562401,86,0
42.534,-0.0007299884062401,86,0
42.536,-0.0008375392562401,86,0
42.538,-0.0009050975895734,86,0
42.54,-0.0009726559229067,86,0
42.542,-0.0010402142562401,86,0
42.544,-0.0010654185562401,86,0
42.546,-0.0009403650562401,86,0
42.548,-0.0007456760562401,86,0
42.55,-0.0005384030562401,86,0
42.552,-0.0004440109562401,86,0
42.554,-0.0005457840562401,86,0
42.556,-0.0007569169562401,86,0
42.558,-0.0010806282562401,86,0
42.56,-0.0008117783562401,86,0
42.562,-0.0004484758562401,86,0
42.564,-0.0005000218562401,86,0
42.566,-0.0005450822562401,86,0
42.568,-0.0005901426562401,86,0
42.57,-0.0006352030562401,86,0
42.572,-0.0006802634562401,86,0
42.574,-0.0008992371562401,86,0
42.576,-0.0010255127562401,86,0
42.578,-0.0006865312562401,86,0
42.58,-0.0006232240562401,86,0
42.582,-0.0005599168562401,86,0
42.584,-0.0004966096562401,86,0
42.586,-0.0006175612562401,86,0
42.588,-0.0008368616562401,86,0
42.59,-0.0009382959562401,86,0
42.592,-0.0010397302562401,86,0
42.594,-0.0010807976562401,86,0
42.596,-0.0009613948562401,86,0
42.598,-0.0005686893562401,86,0
42.6,-0.0005178996062401,86,0
42.602,-0.0004671098562401,86,0
42.604,-0.0007674439562401,86,0
42.606,-0.0010971689562401,86,0
42.608,-0.0008390396562401,86,0
42.61,-0.0006359290562401,86,0
42.612,-0.0005805715562401,86,0
42.614,-0.0005252140562401,86,0
42.616,-0.0004698565562401,86,0
42.618,-0.0005790530062401,86,0
42.62,-0.0006882494562401,86,0
42.622,-0.0010789584562401,86,0
42.624,-0.0010180309229067,86,0
42.626,-0.0009571033895734,86,0
42.628,-0.0008961758562401,86,0
42.63,-0.0007033865562401,86,0
42.632,-0.0005100769562401,86,0
42.634,-0.0008325782562401,86,0
42.636,-0.0010452478562401,86,0
42.638,-0.0010890014562401,86,0
42.64,-0.0010477485229067,86,0
42.642,-0.0010064955895734,86,0
42.644,-0.0009652426562401,86,0
42.646,-0.0005686046562401,86,0
42.648,-0.0005145781562401,86,0
42.65,-0.0004605516562401,86,0
42.652,-0.0009706513562401,86,0
42.654,-0.0010099763562401,86,0
42.656,-0.0010493013562401,86,0
42.658,-0.0010886263562401,86,0
42.66,-0.0008338366562401,86,0
42.662,-0.0004727242562401,86,0
42.664,-0.0005067736562401,86,0
42.666,-0.0006850429562401,86,0
42.668,-0.0008946996562401,86,0
42.67,-0.0009532878562401,86,0
42.672,-0.0010118760562401,86,0
42.674,-0.0010704642562401,86,0
42.676,-0.0010442919562401,86,0
42.678,-0.0009038835562401,86,0
42.68,-0.0007060364562401,86,0
42.682,-0.0004659845562401,86,0
42.684,-0.0010348297562401,86,0
42.686,-0.0010180016812401,86,0
42.688,-0.0010011736062401,86,0
42.69,-0.0009843455312401,86,0
42.692,-0.0009675174562401,86,0
42.694,-0.0005742432562401,86,0
42.696,-0.0004626086562401,86,0
42.698,-0.0005069370062401,86,0
42.7,-0.0005512653562401,86,0
42.702,-0.0006546296062401,86,0
42.704,-0.0007579938562401,86,0
42.706,-0.0009662832562401,86,0
42.708,-0.0010925830562401,86,0
42.71,-0.0010135942562401,86,0
42.712,-0.0008440127562401,86,0
42.714,-0.0006426203562401,86,0
42.716,-0.0004683803562401,86,0
42.718,-0.0008836523562401,86,0
42.72,-0.0009748440062401,86,0
42.722,-0.0010660356562401,86,0
42.724,-0.0010539417062401,86,0
42.726,-0.0010418477562401,86,0
42.728,-0.0008987047562401,86,0
42.73,-0.0007018377562401,86,0
42.732,-0.0005078747562401,86,0
42.734,-0.0004628627562401,86,0
42.736,-0.0005993265562401,86,0
42.738,-0.0008100964562401,86,0
42.74,-0.0010196200562401,86,0
42.742,-0.0010699802562401,86,0
42.744,-0.0007779225562401,86,0
42.746,-0.0005711456562401,86,0
42.748,-0.0004469996562401,86,0
42.75,-0.0005297152562401,86,0
42.752,-0.0007410780562401,86,0
42.754,-0.0009550060562401,86,0
42.756,-0.0010910221562401,86,0
42.758,-0.0010144291562401,86,0
42.76,-0.0008435892562401,86,0
42.762,-0.0007443511062401,86,0
42.764,-0.0006451129562401,86,0
42.766,-0.0004902813562401,86,0
42.768,-0.0005800452062401,86,0
42.77,-0.0006698090562401,86,0
42.772,-0.0008868951562401,86,0
42.774,-0.0010671004562401,86,0
42.776,-0.0010530644562401,86,0
42.778,-0.0007763677062401,86,0
42.78,-0.0004996709562401,86,0
42.782,-0.0004534247562401,86,0
42.784,-0.0005905419562401,86,0
42.786,-0.0010101457562401,86,0
42.788,-0.0010717952562401,86,0
42.79,-0.0010178050562401,86,0
42.792,-0.0009638148562401,86,0
42.794,-0.0007841661562401,86,0
42.796,-0.0005795914562401,86,0
42.798,-0.0005330790562401,86,0
42.8,-0.0007386580562401,86,0
42.802,-0.0008434985062401,86,0
42.804,-0.0009483389562401,86,0
42.806,-0.0010205154562401,86,0
42.808,-0.0008525553562401,86,0
42.81,-0.0007514114562401,86,0
42.812,-0.0006502675562401,86,0
42.814,-0.0004882364562401,86,0
42.816,-0.0006618593562401,86,0
42.818,-0.0007716366062401,86,0
42.82,-0.0008814138562401,86,0
42.822,-0.0010453688562401,86,0
42.824,-0.0009086751562401,86,0
42.826,-0.0008121837062401,86,0
42.828,-0.0007156922562401,86,0
42.83,-0.0005142393562401,86,0
42.832,-0.0004488146562401,86,0
42.834,-0.0007995452562401,86,0
42.836,-0.0010187972562401,86,0
42.838,-0.0010549460062401,86,0
42.84,-0.0010910947562401,86,0
42.842,-0.0009714257562401,86,0
42.844,-0.0007811290562401,86,0
42.846,-0.0005759009562401,86,0
42.848,-0.0005224673562401,86,0
42.85,-0.0007257957562401,86,0
42.852,-0.0008301885062401,86,0
42.854,-0.0009345812562401,86,0
42.856,-0.0010836169562401,86,0
42.858,-0.0008459366562401,86,0
42.86,-0.0007464141562401,86,0
42.862,-0.0006468916562401,86,0
42.864,-0.0004858769562401,86,0
42.866,-0.0006641341562401,86,0
42.868,-0.0007677041062401,86,0
42.87,-0.0008712740562401,86,0
42.872,-0.0010611230562401,86,0
42.874,-0.0010555449562401,86,0
42.876,-0.0009195288562401,86,0
42.878,-0.0007199393562401,86,0
42.88,-0.0004545621562401,86,0
42.882,-0.0005171494062401,86,0
42.884,-0.0005797366562401,86,0
42.886,-0.0007930596562401,86,0
42.888,-0.0010019661562401,86,0
42.89,-0.0009706150562401,86,0
42.892,-0.0007761136062401,86,0
42.894,-0.0005816121562401,86,0
42.896,-0.0004434785562401,86,0
42.898,-0.0004797422562401,86,0
42.9,-0.0005160059562401,86,0
42.902,-0.0010746750562401,86,0
42.904,-0.0010437172062401,86,0
42.906,-0.0010127593562401,86,0
42.908,-0.0009341093562401,86,0
42.91,-0.0008554593562401,86,0
42.912,-0.0004779030562401,86,0
42.914,-0.0004762695562401,86,0
42.916,-0.0005575150062401,86,0
42.918,-0.0006387604562401,86,0
42.92,-0.0008519866562401,86,0
42.922,-0.0010588361562401,86,0
42.924,-0.0010595500562401,86,0
42.926,-0.0009206783562401,86,0
42.928,-0.0005277792562401,86,0
42.93,-0.0004922173562401,86,0
42.932,-0.0004566554562401,86,0
42.934,-0.0005702381562401,86,0
42.936,-0.0010666648562401,86,0
42.938,-0.0010144352062401,86,0
42.94,-0.0009622055562401,86,0
42.942,-0.0007840451562401,86,0
42.944,-0.0006820845062401,86,0
42.946,-0.0005801238562401,86,0
42.948,-0.0004413852562401,86,0
42.95,-0.0007106828562401,86,0
42.952,-0.0008148094062401,86,0
42.954,-0.0009189359562401,86,0
42.956,-0.0010738038562401,86,0
42.958,-0.0010114162562401,86,0
42.96,-0.0008485139562401,86,0
42.962,-0.0006505700562401,86,0
42.964,-0.0004602612562401,86,0
42.966,-0.0004606968562401,86,0
42.968,-0.0006190979562401,86,0
42.97,-0.0010478130562401,86,0
42.972,-0.0009407643562401,86,0
42.974,-0.0008337156562401,86,0
42.976,-0.0007266669562401,86,0
42.978,-0.0006288687062401,86,0
42.98,-0.0005310704562401,86,0
42.982,-0.0004474957562401,86,0
42.984,-0.0007750548562401,86,0
42.986,-0.0009921772562401,86,0
42.988,-0.0010853714562401,86,0
42.99,-0.0009796416562401,86,0
42.992,-0.0008890066062401,86,0
42.994,-0.0007983715562401,86,0
42.996,-0.0005916067562401,86,0
42.998,-0.0004451120562401,86,0
43.0,-0.0009212228562401,87,0
43.002,-0.0010644747562401,87,0
43.004,-0.0010066488562401,87,0
43.006,-0.0009547156562401,87,0
43.008,-0.0009027824562401,87,0
43.01,-0.0008508492562401,87,0
43.012,-0.0006529900562401,87,0
43.014,-0.0004737648562401,87,0
43.016,-0.0006254746562401,87,0
43.018,-0.0007341205562401,87,0
43.02,-0.0008427664562401,87,0
43.022,-0.0010511526562401,87,0
43.024,-0.0009873191062401,87,0
43.026,-0.0009234855562401,87,0
43.028,-0.0007317005562401,87,0
43.03,-0.0004427646562401,87,0
43.032,-0.0005526084562401,87,0
43.034,-0.0007658104562401,87,0
43.036,-0.0008716370562401,87,0
43.038,-0.0009774636562401,87,0
43.04,-0.0010780630562401,87,0
43.042,-0.0009813477562401,87,0
43.044,-0.0005919334562401,87,0
43.046,-0.0005154554062401,87,0
43.048,-0.0004389773562401,87,0
43.05,-0.0004990296562401,87,0
43.052,-0.0008994912562401,87,0
43.054,-0.0010193175562401,87,0
43.056,-0.0009703407895734,87,0
43.058,-0.0009213640229067,87,0
43.06,-0.0008723872562401,87,0
43.062,-0.0004743698562401,87,0
43.064,-0.0004707459062401,87,0
43.066,-0.0004671219562401,87,0
43.068,-0.0006165690562401,87,0
43.07,-0.0008362203562401,87,0
43.072,-0.0015604053562401,87,0
43.074,-0.0011504997062401,87,0
43.076,-0.0007405940562401,87,0
43.078,-0.0005383425562401,87,0
43.08,-0.0004931732562401,87,0
43.082,-0.0004480039562401,87,0
43.084,-0.0005532739562401,87,0
43.086,-0.0007648787562401,87,0
43.088,-0.0009765924562401,87,0
43.09,-0.0008148396562401,87,0
43.092,-0.0007128971562401,87,0
43.094,-0.0006109546562401,87,0
43.096,-0.0004487662562401,87,0
43.098,-0.0005006631562401,87,0
43.1,-0.0006897014562401,87,0
43.102,-0.0007981416562401,87,0
43.104,-0.0009065818562401,87,0
43.106,-0.0010806887562401,87,0
43.108,-0.0010349749562401,87,0
43.11,-0.0008821640562401,87,0
43.112,-0.0004879218562401,87,0
43.114,-0.0004755012062401,87,0
43.116,-0.0004630805562401,87,0
43.118,-0.0006114023562401,87,0
43.12,-0.0010347813562401,87,0
43.122,-0.0010604575562401,87,0
43.124,-0.0009978945062401,87,0
43.126,-0.0009353314562401,87,0
43.128,-0.0007453856562401,87,0
43.13,-0.0005444167562401,87,0
43.132,-0.0005503820562401,87,0
43.134,-0.0007604138562401,87,0
43.136,-0.0009704456562401,87,0
43.138,-0.0010797933562401,87,0
43.14,-0.0008149485562401,87,0
43.142,-0.0007478459895734,87,0
43.144,-0.0006807434229067,87,0
43.146,-0.0006136408562401,87,0
43.148,-0.0004513798562401,87,0
43.15,-0.0004952786562401,87,0
43.152,-0.0006803602562401,87,0
43.154,-0.0008912511562401,87,0
43.156,-0.0010705852562401,87,0
43.158,-0.0010322403562401,87,0
43.16,-0.0008795867562401,87,0
43.162,-0.0006792833562401,87,0
43.164,-0.0004652101562401,87,0
43.166,-0.0005404842562401,87,0
43.168,-0.0006157583562401,87,0
43.17,-0.0008247374562401,87,0
43.172,-0.0010269526562401,87,0
43.174,-0.0010688549562401,87,0
43.176,-0.0007503345562401,87,0
43.178,-0.0005537458562401,87,0
43.18,-0.0005507390062401,87,0
43.182,-0.0005477321562401,87,0
43.184,-0.0007517260562401,87,0
43.186,-0.0009734343562401,87,0
43.188,-0.0009847357562401,87,0
43.19,-0.0009960371562401,87,0
43.192,-0.0008229708562401,87,0
43.194,-0.0007259409562401,87,0
43.196,-0.0006289110562401,87,0
43.198,-0.0004691305562401,87,0
43.2,-0.0004933910562401,87,0
43.202,-0.0006887939562401,87,0
43.204,-0.0008903678562401,87,0
43.206,-0.0010675602562401,87,0
43.208,-0.0010368625562401,87,0
43.21,-0.0006847162562401,87,0
43.212,-0.0004882001562401,87,0
43.214,-0.0004736499062401,87,0
43.216,-0.0004590996562401,87,0
43.218,-0.0006069011562401,87,0
43.22,-0.0008209501562401,87,0
43.222,-0.0010238308562401,87,0
43.224,-0.0010661808562401,87,0
43.226,-0.0009455196562401,87,0
43.228,-0.0005363218562401,87,0
43.23,-0.0007460632562401,87,0
43.232,-0.0010864362562401,87,0
43.234,-0.0010434328562401,87,0
43.236,-0.0010004294562401,87,0
43.238,-0.0007299642062401,87,0
43.24,-0.0004594989562401,87,0
43.242,-0.0004751503062401,87,0
43.244,-0.0004908016562401,87,0
43.246,-0.0008827085562401,87,0
43.248,-0.0010713475562401,87,0
43.25,-0.0010143565562401,87,0
43.252,-0.0009573655562401,87,0
43.254,-0.0009003745562401,87,0
43.256,-0.0006978810562401,87,0
43.258,-0.0004953875562401,87,0
43.26,-0.0004765660062401,87,0
43.262,-0.0004577444562401,87,0
43.264,-0.0005988062562401,87,0
43.266,-0.0008181308562401,87,0
43.268,-0.0009214830062401,87,0
43.27,-0.0010248351562401,87,0
43.272,-0.0009894366062401,87,0
43.274,-0.0009540380562401,87,0
43.276,-0.0005695605562401,87,0
43.278,-0.0005307679562401,87,0
43.28,-0.0006334969562401,87,0
43.282,-0.0007362259562401,87,0
43.284,-0.0009498514562401,87,0
43.286,-0.0009928185562401,87,0
43.288,-0.0010357856562401,87,0
43.29,-0.0010787527562401,87,0
43.292,-0.0010028252562401,87,0
43.294,-0.0008409635562401,87,0
43.296,-0.0004519001562401,87,0
43.298,-0.0004760759562401,87,0
43.3,-0.0006540064562401,87,0
43.302,-0.0010607600562401,87,0
43.304,-0.0005021877562401,87,0
43.306,-0.0005925868562401,87,0
43.308,-0.0007020979062401,87,0
43.31,-0.0008116089562401,87,0
43.312,-0.0009443641062401,87,0
43.314,-0.0010771192562401,87,0
43.316,-0.0010164135562401,87,0
43.318,-0.0009557078562401,87,0
43.32,-0.0007581814062401,87,0
43.322,-0.0005606549562401,87,0
43.324,-0.0005313880812401,87,0
43.326,-0.0005021212062401,87,0
43.328,-0.0004728543312401,87,0
43.33,-0.0004435874562401,87,0
43.332,-0.0004875467562401,87,0
43.334,-0.0005315060562401,87,0
43.336,-0.0007373270562401,87,0
43.338,-0.0010884811562401,87,0
43.34,-0.0010475045062401,87,0
43.342,-0.0010065278562401,87,0
43.344,-0.0008424881562401,87,0
43.346,-0.0006341261562401,87,0
43.348,-0.0004588939562401,87,0
43.35,-0.0004812426562401,87,0
43.352,-0.0010543349562401,87,0
43.354,-0.0010378789562401,87,0
43.356,-0.0009912536229067,87,0
43.358,-0.0009446282895734,87,0
43.36,-0.0008980029562401,87,0
43.362,-0.0006996839562401,87,0
43.364,-0.0005017642562401,87,0
43.366,-0.0004448216562401,87,0
43.368,-0.0005769415562401,87,0
43.37,-0.0008028001562401,87,0
43.372,-0.0010075684562401,87,0
43.374,-0.0010650676562401,87,0
43.376,-0.0007653990562401,87,0
43.378,-0.0005698509562401,87,0
43.38,-0.0005095264062401,87,0
43.382,-0.0004492018562401,87,0
43.384,-0.0005251656562401,87,0
43.386,-0.0007251181562401,87,0
43.388,-0.0010802531562401,87,0
43.39,-0.0010055114562401,87,0
43.392,-0.0008223114062401,87,0
43.394,-0.0006391113562401,87,0
43.396,-0.0004647382562401,87,0
43.398,-0.0004713448562401,87,0
43.4,-0.0004779514562401,87,0
43.402,-0.0006540548562401,87,0
43.404,-0.0010464336562401,87,0
43.406,-0.0009779053062401,87,0
43.408,-0.0009093769562401,87,0
43.41,-0.0007101867562401,87,0
43.412,-0.0006100169062401,87,0
43.414,-0.0005098470562401,87,0
43.416,-0.0004476409562401,87,0
43.418,-0.0005792889562401,87,0
43.42,-0.0007922005562401,87,0
43.422,-0.0009969325562401,87,0
43.424,-0.0010717589562401,87,0
43.426,-0.0007778257562401,87,0
43.428,-0.0006074093562401,87,0
43.43,-0.0004369929562401,87,0
43.432,-0.0005804082062401,87,0
43.434,-0.0007238234562401,87,0
43.436,-0.0008277019562401,87,0
43.438,-0.0009315804562401,87,0
43.44,-0.0010094197562401,87,0
43.442,-0.0009272002562401,87,0
43.444,-0.0008449807562401,87,0
43.446,-0.0006474724562401,87,0
43.448,-0.0004657425562401,87,0
43.45,-0.0006427050562401,87,0
43.452,-0.0008588110562401,87,0
43.454,-0.0009533544062401,87,0
43.456,-0.0010478977562401,87,0
43.458,-0.0010374191562401,87,0
43.46,-0.0005150863562401,87,0
43.462,-0.0005339099229067,87,0
43.464,-0.0005527334895734,87,0
43.466,-0.0005715570562401,87,0
43.468,-0.0006818062062401,87,0
43.47,-0.0007920553562401,87,0
43.472,-0.0009936655562401,87,0
43.474,-0.0010698834562401,87,0
43.476,-0.0009679167562401,87,0
43.478,-0.0007865982562401,87,0
43.48,-0.0005817210562401,87,0
43.482,-0.0005113595562401,87,0
43.484,-0.0007094244562401,87,0
43.486,-0.0008152692062401,87,0
43.488,-0.0009211139562401,87,0
43.49,-0.0010820197562401,87,0
43.492,-0.0010199709562401,87,0
43.494,-0.0006588585562401,87,0
43.496,-0.0005675519562401,87,0
43.498,-0.0004762453562401,87,0
43.5,-0.0005578598562401,88,0
43.502,-0.0006394743562401,88,0
43.504,-0.0008534386562401,88,0
43.506,-0.0010530160562401,88,0
43.508,-0.0009860909562401,88,0
43.51,-0.0009191658562401,88,0
43.512,-0.0007196489562401,88,0
43.514,-0.0004552397562401,88,0
43.516,-0.0005739649562401,88,0
43.518,-0.0006786723062401,88,0
43.52,-0.0007833796562401,88,0
43.522,-0.0009967026562401,88,0
43.524,-0.0009737731562401,88,0
43.526,-0.0008841787062401,88,0
43.528,-0.0007945842562401,88,0
43.53,-0.0005838385562401,88,0
43.532,-0.0004416635562401,88,0
43.534,-0.0005144571562401,88,0
43.536,-0.0007096059562401,88,0
43.538,-0.0009200854562401,88,0
43.54,-0.0010148405562401,88,0
43.542,-0.0009382233562401,88,0
43.544,-0.0008616061562401,88,0
43.546,-0.0006652231562401,88,0
43.548,-0.0004782297562401,88,0
43.55,-0.0004673276562401,88,0
43.552,-0.0006299032562401,88,0
43.554,-0.0008445209562401,88,0
43.556,-0.0010382177562401,88,0
43.558,-0.0010465546562401,88,0
43.56,-0.0009179679562401,88,0
43.562,-0.0007254690562401,88,0
43.564,-0.0005279607562401,88,0
43.566,-0.0004522389562401,88,0
43.568,-0.0005655312562401,88,0
43.57,-0.0009976222562401,88,0
43.572,-0.0010863273562401,88,0
43.574,-0.0010321496062401,88,0
43.576,-0.0009779718562401,88,0
43.578,-0.0007947173562401,88,0
43.58,-0.0005908928562401,88,0
43.582,-0.0005062291562401,88,0
43.584,-0.0007033623562401,88,0
43.586,-0.0008101872062401,88,0
43.588,-0.0009170120562401,88,0
43.59,-0.0010810638562401,88,0
43.592,-0.0010269647562401,88,0
43.594,-0.0008672205562401,88,0
43.596,-0.0006722774562401,88,0
43.598,-0.0004690458562401,88,0
43.6,-0.0006254504562401,88,0
43.602,-0.0010393672562401,88,0
43.604,-0.0010483273062401,88,0
43.606,-0.0010572873562401,88,0
43.608,-0.0009935385062401,88,0
43.61,-0.0009297896562401,88,0
43.612,-0.0007345198562401,88,0
43.614,-0.0005316028562401,88,0
43.616,-0.0004442408562401,88,0
43.618,-0.0005556576562401,88,0
43.62,-0.0007680852562401,88,0
43.622,-0.0009751888562401,88,0
43.624,-0.0010695083562401,88,0
43.626,-0.0009676626562401,88,0
43.628,-0.0005888358562401,88,0
43.63,-0.0004340284562401,88,0
43.632,-0.0004945768562401,88,0
43.634,-0.0006950375562401,88,0
43.636,-0.0008009972562401,88,0
43.638,-0.0009069569562401,88,0
43.64,-0.0010824674562401,88,0
43.642,-0.0010354710562401,88,0
43.644,-0.0008751702562401,88,0
43.646,-0.0006784484562401,88,0
43.648,-0.0004628022562401,88,0
43.65,-0.0005392379562401,88,0
43.652,-0.0006156736562401,88,0
43.654,-0.0008325661562401,88,0
43.656,-0.0010361244562401,88,0
43.658,-0.0010630227562401,88,0
43.66,-0.0007452646562401,88,0
43.662,-0.0006412409562401,88,0
43.664,-0.0005372172562401,88,0
43.666,-0.0004349843562401,88,0
43.668,-0.0005471876562401,88,0
43.67,-0.0007758171562401,88,0
43.672,-0.0010815962562401,88,0
43.674,-0.0008100238562401,88,0
43.676,-0.0004425589562401,88,0
43.678,-0.0004670917062401,88,0
43.68,-0.0004916244562401,88,0
43.682,-0.0006808926562401,88,0
43.684,-0.0008755695562401,88,0
43.686,-0.0010702464562401,88,0
43.688,-0.0010480369062401,88,0
43.69,-0.0010258273562401,88,0
43.692,-0.0008726413562401,88,0
43.694,-0.0006684538562401,88,0
43.696,-0.0004664201562401,88,0
43.698,-0.0004507627562401,88,0
43.7,-0.0006029807562401,88,0
43.702,-0.0008152147562401,88,0
43.704,-0.0010166192562401,88,0
43.706,-0.0010542623562401,88,0
43.708,-0.0009286522562401,88,0
43.71,-0.0007370003562401,88,0
43.712,-0.0005375681562401,88,0
43.714,-0.0004355409562401,88,0
43.716,-0.0005399518562401,88,0
43.718,-0.0009669487562401,88,0
43.72,-0.0010782203562401,88,0
43.722,-0.0009887045562401,88,0
43.724,-0.0008173806562401,88,0
43.726,-0.0007156438562401,88,0
43.728,-0.0006139070562401,88,0
43.73,-0.0006794285562401,88,0
43.732,-0.0007499675229067,88,0
43.734,-0.0008205064895734,88,0
43.736,-0.0008910454562401,88,0
43.738,-0.0010260693562401,88,0
43.74,-0.0009537658062401,88,0
43.742,-0.0008814622562401,88,0
43.744,-0.0006808563562401,88,0
43.746,-0.0004538361562401,88,0
43.748,-0.0005998105562401,88,0
43.75,-0.0007076639062401,88,0
43.752,-0.0008155172562401,88,0
43.754,-0.0010648135562401,88,0
43.756,-0.0009479154562401,88,0
43.758,-0.0007614544562401,88,0
43.76,-0.0006596087562401,88,0
43.762,-0.0005577630562401,88,0
43.764,-0.0005464253562401,88,0
43.766,-0.0006484283562401,88,0
43.768,-0.0007504313562401,88,0
43.77,-0.0009616247562401,88,0
43.772,-0.0009987475562401,88,0
43.774,-0.0008300251562401,88,0
43.776,-0.0006279914562401,88,0
43.778,-0.0004931732562401,88,0
43.78,-0.0006745643562401,88,0
43.782,-0.0007819942062401,88,0
43.784,-0.0008894240562401,88,0
43.786,-0.0010645594562401,88,0
43.788,-0.0010366084562401,88,0
43.79,-0.0008937074562401,88,0
43.792,-0.0007965989062401,88,0
43.794,-0.0006994903562401,88,0
43.796,-0.0004992474562401,88,0
43.798,-0.0004602249562401,88,0
43.8,-0.0006050740562401,88,0
43.802,-0.0010174904562401,88,0
43.804,-0.0010437535062401,88,0
43.806,-0.0010700165562401,88,0
43.808,-0.0009545825562401,88,0
43.81,-0.0004548767562401,88,0
43.812,-0.0005398429562401,88,0
43.814,-0.0006417370562401,88,0
43.816,-0.0007436311562401,88,0
43.818,-0.0009126258062401,88,0
43.82,-0.0010816204562401,88,0
43.822,-0.0009540441062401,88,0
43.824,-0.0008264677562401,88,0
43.826,-0.0006303872562401,88,0
43.828,-0.0005447495062401,88,0
43.83,-0.0004591117562401,88,0
43.832,-0.0006763672562401,88,0
43.834,-0.0010718799562401,88,0
43.836,-0.0010620708895734,88,0
43.838,-0.0010522618229067,88,0
43.84,-0.0010424527562401,88,0
43.842,-0.0008947722562401,88,0
43.844,-0.0007033018562401,88,0
43.846,-0.0005109239562401,88,0
43.848,-0.0004617616562401,88,0
43.85,-0.0006005486562401,88,0
43.852,-0.0008100964562401,88,0
43.854,-0.0010699802562401,88,0
43.856,-0.0009484599562401,88,0
43.858,-0.0007616359562401,88,0
43.86,-0.0006638679562401,88,0
43.862,-0.0005660999562401,88,0
43.864,-0.0004523357562401,88,0
43.866,-0.0005369631562401,88,0
43.868,-0.0007434617562401,88,0
43.87,-0.0010726664562401,88,0
43.872,-0.0009950328562401,88,0
43.874,-0.0009088990062401,88,0
43.876,-0.0008227651562401,88,0
43.878,-0.0006277494562401,88,0
43.88,-0.0004624997562401,88,0
43.882,-0.0004826099562401,88,0
43.884,-0.0006539822562401,88,0
43.886,-0.0008693017562401,88,0
43.888,-0.0010599614562401,88,0
43.89,-0.0010482970562401,88,0
43.892,-0.0007119775562401,88,0
43.894,-0.0005201441562401,88,0
43.896,-0.0004931793062401,88,0
43.898,-0.0004662144562401,88,0
43.9,-0.0005955634562401,88,0
43.902,-0.0008096124562401,88,0
43.904,-0.0010754978562401,88,0
43.906,-0.0009581399562401,88,0
43.908,-0.0007638502562401,88,0
43.91,-0.0005695605562401,88,0
43.912,-0.0004401026562401,88,0
43.914,-0.0005211726562401,88,0
43.916,-0.0007288812562401,88,0
43.918,-0.0008440430062401,88,0
43.92,-0.0009592047562401,88,0
43.922,-0.0010876704562401,88,0
43.924,-0.0010108112562401,88,0
43.926,-0.0008476790562401,88,0
43.928,-0.0006450282562401,88,0
43.93,-0.0004733897562401,88,0
43.932,-0.0006595603562401,88,0
43.934,-0.0007683333062401,88,0
43.936,-0.0008771062562401,88,0
43.938,-0.0010707183562401,88,0
43.94,-0.0009239574562401,88,0
43.942,-0.0007183784562401,88,0
43.944,-0.0005187647562401,88,0
43.946,-0.0005772561562401,88,0
43.948,-0.0007986498562401,88,0
43.95,-0.0009042344562401,88,0
43.952,-0.0010098190562401,88,0
43.954,-0.0010378366062401,88,0
43.956,-0.0010658541562401,88,0
43.958,-0.0009591926562401,88,0
43.96,-0.0005756468562401,88,0
43.962,-0.0004532674562401,88,0
43.964,-0.0005234958562401,88,0
43.966,-0.0007243921562401,88,0
43.968,-0.0009390461562401,88,0
43.97,-0.0010831934562401,88,0
43.972,-0.0010481942062401,88,0
43.974,-0.0010131949562401,88,0
43.976,-0.0008501111562401,88,0
43.978,-0.0004834932562401,88,0
43.98,-0.0004858406562401,88,0
43.982,-0.0004881880562401,88,0
43.984,-0.0006587254562401,88,0
43.986,-0.0008682006562401,88,0
43.988,-0.0010561741562401,88,0
43.99,-0.0009236186562401,88,0
43.992,-0.0007282339062401,88,0
43.994,-0.0005328491562401,88,0
43.996,-0.0005925747562401,88,0
43.998,-0.0007003434062401,88,0
44.0,-0.0008081120562401,89,0
44.002,-0.0010153487562401,89,0
44.004,-0.0010885295562401,89,0
44.006,-0.0009816381562401,89,0
44.008,-0.0008907429562401,89,0
44.01,-0.0007998477562401,89,0
44.012,-0.0004570184562401,89,0
44.014,-0.0005265934562401,89,0
44.016,-0.0006275498062401,89,0
44.018,-0.0007285061562401,89,0
44.02,-0.0009418896562401,89,0
44.022,-0.0010883359562401,89,0
44.024,-0.0010261056562401,89,0
44.026,-0.0008629371562401,89,0
44.028,-0.0006666025562401,89,0
44.03,-0.0004775400562401,89,0
44.032,-0.0004817387562401,89,0
44.034,-0.0006489486562401,89,0
44.036,-0.0008623805562401,89,0
44.038,-0.0010534395562401,89,0
44.04,-0.0009165401562401,89,0
44.042,-0.0005230239562401,89,0
44.044,-0.0004537756562401,89,0
44.046,-0.0005650472562401,89,0
44.048,-0.0006763188562401,89,0
44.05,-0.0007875904562401,89,0
44.052,-0.0009947666562401,89,0
44.054,-0.0010760302562401,89,0
44.056,-0.0009723090562401,89,0
44.058,-0.0007939066562401,89,0
44.06,-0.0005940630562401,89,0
44.062,-0.0004579017562401,89,0
44.064,-0.0005194786562401,89,0
44.066,-0.0007168780562401,89,0
44.068,-0.0010701375562401,89,0
44.07,-0.0010107870562401,89,0
44.072,-0.0004726153562401,89,0
44.074,-0.0004735470562401,89,0
44.076,-0.0004744787562401,89,0
44.078,-0.0004754104562401,89,0
44.08,-0.0008502563562401,89,0
44.082,-0.0009178106562401,89,0
44.084,-0.0009853649562401,89,0
44.086,-0.0010529192562401,89,0
44.088,-0.0010603970562401,89,0
44.09,-0.0009265347562401,89,0
44.092,-0.0007271630562401,89,0
44.094,-0.0005210637562401,89,0
44.096,-0.0004457291562401,89,0
44.098,-0.0009962065562401,89,0
44.1,-0.0010356102062401,89,0
44.102,-0.0010750138562401,89,0
44.104,-0.0009796174562401,89,0
44.106,-0.0008905917062401,89,0
44.108,-0.0008015659562401,89,0
44.11,-0.0006003550562401,89,0
44.112,-0.0004518759562401,89,0
44.114,-0.0005111780562401,89,0
44.116,-0.0009207146562401,89,0
44.118,-0.0010003931562401,89,0
44.12,-0.0010800716562401,89,0
44.122,-0.0010262992562401,89,0
44.124,-0.0006727130562401,89,0
44.126,-0.0004873047562401,89,0
44.128,-0.0008454284562401,89,0
44.13,-0.0010426947562401,89,0
44.132,-0.0010580738562401,89,0
44.134,-0.0009278536562401,89,0
44.136,-0.0007363953562401,89,0
44.138,-0.0005340470562401,89,0
44.14,-0.0006178839229067,89,0
44.142,-0.0007017207895734,89,0
44.144,-0.0007855576562401,89,0
44.146,-0.0008934836062401,89,0
44.148,-0.0010014095562401,89,0
44.15,-0.0010897879562401,89,0
44.152,-0.0009956257562401,89,0
44.154,-0.0008211800562401,89,0
44.156,-0.0006135319562401,89,0
44.158,-0.0005598644229067,89,0
44.16,-0.0005061968895734,89,0
44.162,-0.0004525293562401,89,0
44.164,-0.0005067615562401,89,0
44.166,-0.0007028783562401,89,0
44.168,-0.0009186092562401,89,0
44.17,-0.0010364753562401,89,0
44.172,-0.0008574195562401,89,0
44.174,-0.0006783637562401,89,0
44.176,-0.0004946615562401,89,0
44.178,-0.0004818718562401,89,0
44.18,-0.0006348279562401,89,0
44.182,-0.0008396325562401,89,0
44.184,-0.0010444371562401,89,0
44.186,-0.0010629864562401,89,0
44.188,-0.0009370254562401,89,0
44.19,-0.0004441319562401,89,0
44.192,-0.0004995015562401,89,0
44.194,-0.0005548711562401,89,0
44.196,-0.0006260030229067,89,0
44.198,-0.0006971348895734,89,0
44.2,-0.0007682667562401,89,0
44.202,-0.0009767255562401,89,0
44.204,-0.0010776637562401,89,0
44.206,-0.0009788309562401,89,0
44.208,-0.0008013481562401,89,0
44.21,-0.0005986852562401,89,0
44.212,-0.0004472053562401,89,0
44.214,-0.0005004816562401,89,0
44.216,-0.0006889391562401,89,0
44.218,-0.0008910091562401,89,0
44.22,-0.0010671972562401,89,0
44.222,-0.0006709585562401,89,0
44.224,-0.0004711028562401,89,0
44.226,-0.0004547799562401,89,0
44.228,-0.0008267823562401,89,0
44.23,-0.0010327848562401,89,0
44.232,-0.0010576987562401,89,0
44.234,-0.0009265226562401,89,0
44.236,-0.0007359234562401,89,0
44.238,-0.0004365573562401,89,0
44.24,-0.0005420209562401,89,0
44.242,-0.0006129471229067,89,0
44.244,-0.0006838732895734,89,0
44.246,-0.0007547994562401,89,0
44.248,-0.0008252980895734,89,0
44.25,-0.0008957967229067,89,0
44.252,-0.0009662953562401,89,0
44.254,-0.0010831087562401,89,0
44.256,-0.0009888497562401,89,0
44.258,-0.0006075545562401,89,0
44.26,-0.0005275735562401,89,0
44.262,-0.0004475925562401,89,0
44.264,-0.0004889987562401,89,0
44.266,-0.0006730881562401,89,0
44.268,-0.0008935501562401,89,0
44.27,-0.0010696656562401,89,0
44.272,-0.0006789566562401,89,0
44.274,-0.0005789259562401,89,0
44.276,-0.0004788952562401,89,0
44.278,-0.0004480160562401,89,0
44.28,-0.0005995564562401,89,0
44.282,-0.0007073735062401,89,0
44.284,-0.0008151905562401,89,0
44.286,-0.0010115977562401,89,0
44.288,-0.0010521811562401,89,0
44.29,-0.0009352225562401,89,0
44.292,-0.0007427599562401,89,0
44.294,-0.0005333573562401,89,0
44.296,-0.0004359160562401,89,0
44.298,-0.0007383918562401,89,0
44.3,-0.0008453740062401,89,0
44.302,-0.0009523561562401,89,0
44.304,-0.0010680563562401,89,0
44.306,-0.0009795569562401,89,0
44.308,-0.0008075917562401,89,0
44.31,-0.0004431034562401,89,0
44.312,-0.0004796817562401,89,0
44.314,-0.0005719563562401,89,0
44.316,-0.0006642309562401,89,0
44.318,-0.0008737545562401,89,0
44.32,-0.0010487689562401,89,0
44.322,-0.0010203702562401,89,0
44.324,-0.0008756784562401,89,0
44.326,-0.0004815209562401,89,0
44.328,-0.0004412884562401,89,0
44.33,-0.0005158305062401,89,0
44.332,-0.0005903725562401,89,0
44.334,-0.0008070230562401,89,0
44.336,-0.0010463489562401,89,0
44.338,-0.0009907494562401,89,0
44.34,-0.0009351499562401,89,0
44.342,-0.0007489067562401,89,0
44.344,-0.0004425952562401,89,0
44.346,-0.0004860826562401,89,0
44.348,-0.0005295700562401,89,0
44.35,-0.0007323902562401,89,0
44.352,-0.0009431117562401,89,0
44.354,-0.0010676691562401,89,0
44.356,-0.0009884262562401,89,0
44.358,-0.0006170893562401,89,0
44.36,-0.0004496011562401,89,0
44.362,-0.0004829850562401,89,0
44.364,-0.0005723435562401,89,0
44.366,-0.0006617020562401,89,0
44.368,-0.0008736093562401,89,0
44.37,-0.0010535000562401,89,0
44.372,-0.0008791753562401,89,0
44.374,-0.0007779528062401,89,0
44.376,-0.0006767302562401,89,0
44.378,-0.0005807288562401,89,0
44.38,-0.0007991217562401,89,0
44.382,-0.0009008585562401,89,0
44.384,-0.0010025953562401,89,0
44.386,-0.0010277875562401,89,0
44.388,-0.0010529797562401,89,0
44.39,-0.0009382959562401,89,0
44.392,-0.0007515324562401,89,0
44.394,-0.0004302653562401,89,0
44.396,-0.0004739705562401,89,0
44.398,-0.0005176757562401,89,0
44.4,-0.0007269331562401,89,0
44.402,-0.0009834773562401,89,0
44.404,-0.0009009493062401,89,0
44.406,-0.0008184212562401,89,0
44.408,-0.0004412521562401,89,0
44.41,-0.0004505409229067,89,0
44.412,-0.0004598296895734,89,0
44.414,-0.0004691184562401,89,0
44.416,-0.0006492632562401,89,0
44.418,-0.0008583754562401,89,0
44.42,-0.0010348539562401,89,0
44.422,-0.0010199588562401,89,0
44.424,-0.0008810871562401,89,0
44.426,-0.0004921447562401,89,0
44.428,-0.0004413247562401,89,0
44.43,-0.0005112204062401,89,0
44.432,-0.0005811160562401,89,0
44.434,-0.0007941244562401,89,0
44.436,-0.0010031519562401,89,0
44.438,-0.0010554844562401,89,0
44.44,-0.0009329598562401,89,0
44.442,-0.0007470312562401,89,0
44.444,-0.0005469940562401,89,0
44.446,-0.0004292247562401,89,0
44.448,-0.0005099075562401,89,0
44.45,-0.0007184268562401,89,0
44.452,-0.0009418291562401,89,0
44.454,-0.0010747355562401,89,0
44.456,-0.0008456462562401,89,0
44.458,-0.0006301452562401,89,0
44.46,-0.0004520695562401,89,0
44.462,-0.0004917817562401,89,0
44.464,-0.0006903911562401,89,0
44.466,-0.0007791930562401,89,0
44.468,-0.0008679949562401,89,0
44.47,-0.0010301712562401,89,0
44.472,-0.0009655149062401,89,0
44.474,-0.0009008585562401,89,0
44.476,-0.0007154018562401,89,0
44.478,-0.0005257222562401,89,0
44.48,-0.0006231272562401,89,0
44.482,-0.0008386403562401,89,0
44.484,-0.0009899629562401,89,0
44.486,-0.0011412855562401,89,0
44.488,-0.0011055542562401,89,0
44.49,-0.0010698229562401,89,0
44.492,-0.0006339930562401,89,0
44.494,-0.0006020611562401,89,0
44.496,-0.0006657071562401,89,0
44.498,-0.0007293531562401,89,0
44.5,-0.0007929991562401,90,1
44.502,-0.0010199588562401,90,1
44.504,-0.0011835629562401,90,1
44.506,-0.0011818689562401,90,1
44.508,-0.0008449081562401,90,1
44.51,-0.0007958789562401,90,1
44.512,-0.0007468497562401,90,1
44.514,-0.0009271034562401,90,1
44.516,-0.0011734836562401,90,1
44.518,-0.0014247159562401,90,1
44.52,-0.0013813535895734,90,1
44.522,-0.0013379912229067,90,1
44.524,-0.0012946288562401,90,1
44.526,-0.0009227958562401,90,1
44.528,-0.0008964904562401,90,1
44.53,-0.0008701850562401,90,1
44.532,-0.0010125173562401,90,1
44.534,-0.0013496959562401,90,1
44.536,-0.0015303247562401,90,1
44.538,-0.0014235059562401,90,1
44.54,-0.0012384001562401,90,1
44.542,-0.0010295299562401,90,1
44.544,-0.0008900290562401,90,1
44.546,-0.0009559740562401,90,1
44.548,-0.0013655106562401,90,1
44.55,-0.0014396655062401,90,1
44.552,-0.0015138203562401,90,1
44.554,-0.0014323994562401,90,1
44.556,-0.0008340786562401,90,1
44.558,-0.0008305333562401,90,1
44.56,-0.0012067949562401,90,1
44.562,-0.0013001101562401,90,1
44.564,-0.0013934253562401,90,1
44.566,-0.0013906423562401,90,1
44.568,-0.0013878593562401,90,1
44.57,-0.0013850763562401,90,1
44.572,-0.0010260693562401,90,1
44.574,-0.0009126500062401,90,1
44.576,-0.0007992306562401,90,1
44.578,-0.0007051531562401,90,1
44.58,-0.0008240235562401,90,1
44.582,-0.0010413516562401,90,1
44.584,-0.0012503186562401,90,1
44.586,-0.0012041571562401,90,1
44.588,-0.0009946456562401,90,1
44.59,-0.0007851341562401,90,1
44.592,-0.0007072706562401,90,1
44.594,-0.0006294071562401,90,1
44.596,-0.0006897619562401,90,1
44.598,-0.0008866289562401,90,1
44.6,-0.0011787229562401,90,1
44.602,-0.0008055347562401,90,1
44.604,-0.0006023394562401,90,1
44.606,-0.0005966645562401,90,1
44.608,-0.0009684370562401,90,1
44.61,-0.0009994009562401,90,1
44.612,-0.0010303648562401,90,1
44.614,-0.0009269340562401,90,1
44.616,-0.0008235032562401,90,1
44.618,-0.0007705324812401,90,1
44.62,-0.0007175617062401,90,1
44.622,-0.0006645909312401,90,1
44.624,-0.0006116201562401,90,1
44.626,-0.0005734023062401,90,1
44.628,-0.0005351844562401,90,1
44.63,-0.0008663372562401,90,1
44.632,-0.0010886747562401,90,1
44.634,-0.0010646199562401,90,1
44.636,-0.0006616294562401,90,1
44.638,-0.0006247093312401,90,1
44.64,-0.0005877892062401,90,1
44.642,-0.0005508690812401,90,1
44.644,-0.0005139489562401,90,1
44.646,-0.0005770504562401,90,1
44.648,-0.0007823148562401,90,1
44.65,-0.0010017967562401,90,1
44.652,-0.0010953176562401,90,1
44.654,-0.0009303341562401,90,1
44.656,-0.0007172410562401,90,1
44.658,-0.0005269927562401,90,1
44.66,-0.0005999981062401,90,1
44.662,-0.0006730034562401,90,1
44.664,-0.0008972648562401,90,1
44.666,-0.0010045071562401,90,1
44.668,-0.0011117494562401,90,1
44.67,-0.0009935082562401,90,1
44.672,-0.0007938340562401,90,1
44.674,-0.0005756105562401,90,1
44.676,-0.0006003308562401,90,1
44.678,-0.0008223174562401,90,1
44.68,-0.0009305277562401,90,1
44.682,-0.0010387380562401,90,1
44.684,-0.0011336262562401,90,1
44.686,-0.0010299292562401,90,1
44.688,-0.0008426212562401,90,1
44.69,-0.0006326136562401,90,1
44.692,-0.0005560932562401,90,1
44.694,-0.0004795728562401,90,1
44.696,-0.0005446708562401,90,1
44.698,-0.0009840823562401,90,1
44.7,-0.0008460455562401,90,1
44.702,-0.0007080087562401,90,1
44.704,-0.0006568923062401,90,1
44.706,-0.0006057758562401,90,1
44.708,-0.0005546594062401,90,1
44.71,-0.0005035429562401,90,1
44.712,-0.0006493358562401,90,1
44.714,-0.0008731132562401,90,1
44.716,-0.0010968906562401,90,1
44.718,-0.0011110900062401,90,1
44.72,-0.0011252893562401,90,1
44.722,-0.0007748249562401,90,1
44.724,-0.0006762099562401,90,1
44.726,-0.0005775949562401,90,1
44.728,-0.0004933063562401,90,1
44.73,-0.0006027992562401,90,1
44.732,-0.0008285610562401,90,1
44.734,-0.0010518302562401,90,1
44.736,-0.0011473718562401,90,1
44.738,-0.0008843299562401,90,1
44.74,-0.0005441626562401,90,1
44.742,-0.0005533828562401,90,1
44.744,-0.0005626030562401,90,1
44.746,-0.0005718232562401,90,1
44.748,-0.0007928418562401,90,1
44.75,-0.0010242180562401,90,1
44.752,-0.0011965099562401,90,1
44.754,-0.0011395855062401,90,1
44.756,-0.0010826610562401,90,1
44.758,-0.0006794769562401,90,1
44.76,-0.0010973867562401,90,1
44.762,-0.0011287112362401,90,1
44.764,-0.0011600357162401,90,1
44.766,-0.0011913601962401,90,1
44.768,-0.0012226846762401,90,1
44.77,-0.0012540091562401,90,1
44.772,-0.0010754615562401,90,1
44.774,-0.0008772635562401,90,1
44.776,-0.0008032720562401,90,1
44.778,-0.0009468748562401,90,1
44.78,-0.0011808162562401,90,1
44.782,-0.0014066990562401,90,1
44.784,-0.0015482569562401,90,1
44.786,-0.0014768064562401,90,1
44.788,-0.0010164982562401,90,1
44.79,-0.0008747467562401,90,1
44.792,-0.0009224812562401,90,1
44.794,-0.0010295299562401,90,1
44.796,-0.0011365786562401,90,1
44.798,-0.0015274812562401,90,1
44.8,-0.0014828443562401,90,1
44.802,-0.0008939131562401,90,1
44.804,-0.0008684547562401,90,1
44.806,-0.0009069388062401,90,1
44.808,-0.0009454228562401,90,1
44.81,-0.0009839069062401,90,1
44.812,-0.0010223909562401,90,1
44.814,-0.0012473057562401,90,1
44.816,-0.0014664851562401,90,1
44.818,-0.0014902374562401,90,1
44.82,-0.0013557338562401,90,1
44.822,-0.0009231467562401,90,1
44.824,-0.0008063817562401,90,1
44.826,-0.0008541525562401,90,1
44.828,-0.0009019233562401,90,1
44.83,-0.0013116414562401,90,1
44.832,-0.0013705442562401,90,1
44.834,-0.0014294470562401,90,1
44.836,-0.0013359261562401,90,1
44.838,-0.0009178590562401,90,1
44.84,-0.0008304910062401,90,1
44.842,-0.0007431229562401,90,1
44.844,-0.0009589748562401,90,1
44.846,-0.0011630171562401,90,1
44.848,-0.0013670594562401,90,1
44.85,-0.0013249030562401,90,1
44.852,-0.0011688493562401,90,1
44.854,-0.0007260377562401,90,1
44.856,-0.0007065204562401,90,1
44.858,-0.0006870031562401,90,1
44.86,-0.0008351555562401,90,1
44.862,-0.0009469051062401,90,1
44.864,-0.0010586546562401,90,1
44.866,-0.0011799934562401,90,1
44.868,-0.0010799930062401,90,1
44.87,-0.0009799925562401,90,1
44.872,-0.0008718790562401,90,1
44.874,-0.0007637655562401,90,1
44.876,-0.0006419427562401,90,1
44.878,-0.0011708095562401,90,1
44.88,-0.0012337295562401,90,1
44.882,-0.0012966495562401,90,1
44.884,-0.0012507421562401,90,1
44.886,-0.0012048347562401,90,1
44.888,-0.0010231411562401,90,1
44.89,-0.0008049176562401,90,1
44.892,-0.0006252447562401,90,1
44.894,-0.0008409393562401,90,1
44.896,-0.0010598162562401,90,1
44.898,-0.0012152044562401,90,1
44.9,-0.0011369719062401,90,1
44.902,-0.0010587393562401,90,1
44.904,-0.0005946559562401,90,1
44.906,-0.0007371092562401,90,1
44.908,-0.0009543042562401,90,1
44.91,-0.0012124577562401,90,1
44.912,-0.0011881827362401,90,1
44.914,-0.0011639077162401,90,1
44.916,-0.0011396326962401,90,1
44.918,-0.0011153576762401,90,1
44.92,-0.0010910826562401,90,1
44.922,-0.0008883108562401,90,1
44.924,-0.0005607517562401,90,1
44.926,-0.0007082991562401,90,1
44.928,-0.0008558465562401,90,1
44.93,-0.0009662530062401,90,1
44.932,-0.0010766594562401,90,1
44.934,-0.0012131837562401,90,1
44.936,-0.0011240672562401,90,1
44.938,-0.0009461609562401,90,1
44.94,-0.0007364437562401,90,1
44.942,-0.0005566740562401,90,1
44.944,-0.0005822171562401,90,1
44.946,-0.0009946456562401,90,1
44.948,-0.0011899154562401,90,1
44.95,-0.0011639730562401,90,1
44.952,-0.0005880130562401,90,1
44.954,-0.0005422992562401,90,1
44.956,-0.0011260637562401,90,1
44.958,-0.0011405535062401,90,1
44.96,-0.0011550432562401,90,1
44.962,-0.0011695330062401,90,1
44.964,-0.0011840227562401,90,1
44.966,-0.0011250352562401,90,1
44.968,-0.0010660477562401,90,1
44.97,-0.0008718064562401,90,1
44.972,-0.0006599838562401,90,1
44.974,-0.0005325587562401,90,1
44.976,-0.0008277987562401,90,1
44.978,-0.0010505597562401,90,1
44.98,-0.0011886691562401,90,1
44.982,-0.0011484427062401,90,1
44.984,-0.0011082162562401,90,1
44.986,-0.0009376546562401,90,1
44.988,-0.0007293773562401,90,1
44.99,-0.0005636920562401,90,1
44.992,-0.0007472248562401,90,1
44.994,-0.0009576196562401,90,1
44.996,-0.0011680144562401,90,1
44.998,-0.0011594658062401,90,1
45.0,-0.0011509171562401,91,0
45.002,-0.0007992548562401,91,0
45.004,-0.0005912558562401,91,0
45.006,-0.0006740440562401,91,0
45.008,-0.0008989951562401,91,0
45.01,-0.0009994977562401,91,0
45.012,-0.0011000003562401,91,0
45.014,-0.0012005029562401,91,0
45.016,-0.0010763448562401,91,0
45.018,-0.0006511024562401,91,0
45.02,-0.0005185590562401,91,0
45.022,-0.0008146702562401,91,0
45.024,-0.0010435659562401,91,0
45.026,-0.0010761512562401,91,0
45.028,-0.0011087365562401,91,0
45.03,-0.0011413218562401,91,0
45.032,-0.0011739071562401,91,0
45.034,-0.0011042111562401,91,0
45.036,-0.0009340004562401,91,0
45.038,-0.0005282390562401,91,0
45.04,-0.0005475627562401,91,0
45.042,-0.0007292079562401,91,0
45.044,-0.0008454405562401,91,0
45.046,-0.0009616731562401,91,0
45.048,-0.0011652072562401,91,0
45.05,-0.0011501185562401,91,0
45.052,-0.0008018079562401,91,0
45.054,-0.0005880130562401,91,0
45.056,-0.0005568374062401,91,0
45.058,-0.0005256617562401,91,0
45.06,-0.0008893635562401,91,0
45.062,-0.0011153431562401,91,0
45.064,-0.0008701971562401,91,0
45.066,-0.0006930108062401,91,0
45.068,-0.0005158244562401,91,0
45.07,-0.0005566498562401,91,0
45.072,-0.0005974752562401,91,0
45.074,-0.0006684054562401,91,0
45.076,-0.0007393356562401,91,0
45.078,-0.0008102658562401,91,0
45.08,-0.0011873381562401,91,0
45.082,-0.0011505602062401,91,0
45.084,-0.0011137822562401,91,0
45.086,-0.0009355250562401,91,0
45.088,-0.0005292917562401,91,0
45.09,-0.0005343556062401,91,0
45.092,-0.0005394194562401,91,0
45.094,-0.0007269452562401,91,0
45.096,-0.0009534088562401,91,0
45.098,-0.0011583828562401,91,0
45.1,-0.0011582134562401,91,0
45.102,-0.0010106902562401,91,0
45.104,-0.0008046151562401,91,0
45.106,-0.0005984069562401,91,0
45.108,-0.0005321473562401,91,0
45.11,-0.0008797561562401,91,0
45.112,-0.0010308730562401,91,0
45.114,-0.0011819899562401,91,0
45.116,-0.0011263844062401,91,0
45.118,-0.0010707788562401,91,0
45.12,-0.0008802522562401,91,0
45.122,-0.0006667477562401,91,0
45.124,-0.0005235926562401,91,0
45.126,-0.0005961805562401,91,0
45.128,-0.0008099754562401,91,0
45.13,-0.0010238671562401,91,0
45.132,-0.0011762908562401,91,0
45.134,-0.0009476613562401,91,0
45.136,-0.0007300670562401,91,0
45.138,-0.0005343374562401,91,0
45.14,-0.0005413373062401,91,0
45.142,-0.0005483371562401,91,0
45.144,-0.0007233999562401,91,0
45.146,-0.0009480485562401,91,0
45.148,-0.0011456536562401,91,0
45.15,-0.0011537848562401,91,0
45.152,-0.0010108596562401,91,0
45.154,-0.0008025460562401,91,0
45.156,-0.0007281613062401,91,0
45.158,-0.0006537765562401,91,0
45.16,-0.0008715644562401,91,0
45.162,-0.0011788802562401,91,0
45.164,-0.0010764053562401,91,0
45.166,-0.0009838645562401,91,0
45.168,-0.0008913237562401,91,0
45.17,-0.0006722895562401,91,0
45.172,-0.0005178209562401,91,0
45.174,-0.0005840079562401,91,0
45.176,-0.0007859327562401,91,0
45.178,-0.0010140177562401,91,0
45.18,-0.0011774282562401,91,0
45.182,-0.0011100433562401,91,0
45.184,-0.0009437772562401,91,0
45.186,-0.0005389596562401,91,0
45.188,-0.0005339623562401,91,0
45.19,-0.0006163573062401,91,0
45.192,-0.0006987522562401,91,0
45.194,-0.0009261838562401,91,0
45.196,-0.0011581287562401,91,0
45.198,-0.0010290701562401,91,0
45.2,-0.0008176710562401,91,0
45.202,-0.0007075852562401,91,0
45.204,-0.0005974994562401,91,0
45.206,-0.0005149169562401,91,0
45.208,-0.0007956672062401,91,0
45.21,-0.0010764174562401,91,0
45.212,-0.0011713782562401,91,0
45.214,-0.0010712023562401,91,0
45.216,-0.0008852374562401,91,0
45.218,-0.0006721806562401,91,0
45.22,-0.0005161632562401,91,0
45.222,-0.0007727195562401,91,0
45.224,-0.0009940043562401,91,0
45.226,-0.0010787346062401,91,0
45.228,-0.0011634648562401,91,0
45.23,-0.0011131651562401,91,0
45.232,-0.0009534693562401,91,0
45.234,-0.0007402915562401,91,0
45.236,-0.0005404963562401,91,0
45.238,-0.0006976027562401,91,0
45.24,-0.0008103929062401,91,0
45.242,-0.0009231830562401,91,0
45.244,-0.0011304318562401,91,0
45.246,-0.0011479526562401,91,0
45.248,-0.0010169459562401,91,0
45.25,-0.0008159649562401,91,0
45.252,-0.0006231756562401,91,0
45.254,-0.0010730415562401,91,0
45.256,-0.0011735199562401,91,0
45.258,-0.0008830594562401,91,0
45.26,-0.0007760168062401,91,0
45.262,-0.0006689741562401,91,0
45.264,-0.0006289776062401,91,0
45.266,-0.0005889810562401,91,0
45.268,-0.0005489845062401,91,0
45.27,-0.0005089879562401,91,0
45.272,-0.0005668138562401,91,0
45.274,-0.0007707835562401,91,0
45.276,-0.0009906768562401,91,0
45.278,-0.0011663567562401,91,0
45.28,-0.0011191788562401,91,0
45.282,-0.0009583335562401,91,0
45.284,-0.0007610914562401,91,0
45.286,-0.0005639945562401,91,0
45.288,-0.0005449612562401,91,0
45.29,-0.0009308665562401,91,0
45.292,-0.0010410552062401,91,0
45.294,-0.0011512438562401,91,0
45.296,-0.0011724067562401,91,0
45.298,-0.0006068890562401,91,0
45.3,-0.0006296854562401,91,0
45.302,-0.0010725212562401,91,0
45.304,-0.0011298994562401,91,0
45.306,-0.0011872776562401,91,0
45.308,-0.0011613352562401,91,0
45.31,-0.0011353928562401,91,0
45.312,-0.0011094504562401,91,0
45.314,-0.0010835080562401,91,0
45.316,-0.0009038472562401,91,0
45.318,-0.0006896893562401,91,0
45.32,-0.0005740738562401,91,0
45.322,-0.0006706923562401,91,0
45.324,-0.0007673108562401,91,0
45.326,-0.0009947787562401,91,0
45.328,-0.0011420357562401,91,0
45.33,-0.0007727316562401,91,0
45.332,-0.0005645511562401,91,0
45.334,-0.0005397219562401,91,0
45.336,-0.0006982319562401,91,0
45.338,-0.0009180768562401,91,0
45.34,-0.0010248654062401,91,0
45.342,-0.0011316539562401,91,0
45.344,-0.0011456657562401,91,0
45.346,-0.0011596775562401,91,0
45.348,-0.0010291790562401,91,0
45.35,-0.0006111361562401,91,0
45.352,-0.0006158793562401,91,0
45.354,-0.0006206225562401,91,0
45.356,-0.0007325233562401,91,0
45.358,-0.0008444241562401,91,0
45.36,-0.0010736102562401,91,0
45.362,-0.0011864064562401,91,0
45.364,-0.0009043191562401,91,0
45.366,-0.0006964411562401,91,0
45.368,-0.0005782604562401,91,0
45.37,-0.0007172249229067,91,0
45.372,-0.0008561893895734,91,0
45.374,-0.0009951538562401,91,0
45.376,-0.0010858796562401,91,0
45.378,-0.0011766054562401,91,0
45.38,-0.0011411524562401,91,0
45.382,-0.0009861272562401,91,0
45.384,-0.0005386934562401,91,0
45.386,-0.0005903846562401,91,0
45.388,-0.0006420758562401,91,0
45.39,-0.0006937670562401,91,0
45.392,-0.0009251916562401,91,0
45.394,-0.0011449276562401,91,0
45.396,-0.0011783720562401,91,0
45.398,-0.0010460464562401,91,0
45.4,-0.0008428632562401,91,0
45.402,-0.0005193334562401,91,0
45.404,-0.0005698872562401,91,0
45.406,-0.0006204410562401,91,0
45.408,-0.0010572026562401,91,0
45.41,-0.0011175272062401,91,0
45.412,-0.0011778517562401,91,0
45.414,-0.0008973011562401,91,0
45.416,-0.0006878743562401,91,0
45.418,-0.0006250814062401,91,0
45.42,-0.0005622884562401,91,0
45.422,-0.0007533474562401,91,0
45.424,-0.0008674262562401,91,0
45.426,-0.0009815050562401,91,0
45.428,-0.0011711120562401,91,0
45.43,-0.0009842033562401,91,0
45.432,-0.0007750790562401,91,0
45.434,-0.0005659547562401,91,0
45.436,-0.0005451125062401,91,0
45.438,-0.0005242702562401,91,0
45.44,-0.0006799367562401,91,0
45.442,-0.0009071505562401,91,0
45.444,-0.0011188884562401,91,0
45.446,-0.0011675183562401,91,0
45.448,-0.0010439773562401,91,0
45.45,-0.0005132834562401,91,0
45.452,-0.0005442796229067,91,0
45.454,-0.0005752757895734,91,0
45.456,-0.0006062719562401,91,0
45.458,-0.0008194376562401,91,0
45.46,-0.0010963340562401,91,0
45.462,-0.0010370722895734,91,0
45.464,-0.0009778105229067,91,0
45.466,-0.0009185487562401,91,0
45.468,-0.0007133690562401,91,0
45.47,-0.0005376165562401,91,0
45.472,-0.0005693185562401,91,0
45.474,-0.0007571831562401,91,0
45.476,-0.0009722001562401,91,0
45.478,-0.0011663930562401,91,0
45.48,-0.0011412129562401,91,0
45.482,-0.0009916085562401,91,0
45.484,-0.0005832456562401,91,0
45.486,-0.0006293527062401,91,0
45.488,-0.0006754597562401,91,0
45.49,-0.0011156698562401,91,0
45.492,-0.0011336948229067,91,0
45.494,-0.0011517197895734,91,0
45.496,-0.0011697447562401,91,0
45.498,-0.0010479461562401,91,0
45.5,-0.0008609527562401,92,0
45.502,-0.0005295337562401,92,0
45.504,-0.0006778918562401,92,0
45.506,-0.0008262499562401,92,0
45.508,-0.0010071570562401,92,0
45.51,-0.0011880641562401,92,0
45.512,-0.0010608750062401,92,0
45.514,-0.0009336858562401,92,0
45.516,-0.0007226860562401,92,0
45.518,-0.0006310890562401,92,0
45.52,-0.0005394920562401,92,0
45.522,-0.0005712666562401,92,0
45.524,-0.0009736279562401,92,0
45.526,-0.0010022686562401,92,0
45.528,-0.0008846808562401,92,0
45.53,-0.0007670930562401,92,0
45.532,-0.0006495052562401,92,0
45.534,-0.0005319174562401,92,0
45.536,-0.0006688168562401,92,0
45.538,-0.0007416709562401,92,0
45.54,-0.0008145250562401,92,0
45.542,-0.0008873791562401,92,0
45.544,-0.0011055663562401,92,0
45.546,-0.0010529192562401,92,0
45.548,-0.0008601783562401,92,0
45.55,-0.0006889210062401,92,0
45.552,-0.0005176636562401,92,0
45.554,-0.0005598503062401,92,0
45.556,-0.0006020369562401,92,0
45.558,-0.0008119477562401,92,0
45.56,-0.0010346845562401,92,0
45.562,-0.0011788560562401,92,0
45.564,-0.0011050823562401,92,0
45.566,-0.0009422163562401,92,0
45.568,-0.0005531892562401,92,0
45.57,-0.0007326927562401,92,0
45.572,-0.0009625322562401,92,0
45.574,-0.0010298606895734,92,0
45.576,-0.0010971891229067,92,0
45.578,-0.0011645175562401,92,0
45.58,-0.0011461860562401,92,0
45.582,-0.0009972955562401,92,0
45.584,-0.0007891634562401,92,0
45.586,-0.0006682118562401,92,0
45.588,-0.0007799311562401,92,0
45.59,-0.0008916504562401,92,0
45.592,-0.0011097771562401,92,0
45.594,-0.0011844220562401,92,0
45.596,-0.0010286103562401,92,0
45.598,-0.0008727986562401,92,0
45.6,-0.0006619682562401,92,0
45.602,-0.0005244759562401,92,0
45.604,-0.0005649504562401,92,0
45.606,-0.0006054249562401,92,0
45.608,-0.0008149122562401,92,0
45.61,-0.0010303769562401,92,0
45.612,-0.0011770894562401,92,0
45.614,-0.0011092205562401,92,0
45.616,-0.0005415611562401,92,0
45.618,-0.0005500856062401,92,0
45.62,-0.0005586100562401,92,0
45.622,-0.0006478657062401,92,0
45.624,-0.0007371213562401,92,0
45.626,-0.0009587933562401,92,0
45.628,-0.0011582981562401,92,0
45.63,-0.0011604882562401,92,0
45.632,-0.0010221973562401,92,0
45.634,-0.0006039729562401,92,0
45.636,-0.0006730397562401,92,0
45.638,-0.0007477532229067,92,0
45.64,-0.0008224666895734,92,0
45.642,-0.0008971801562401,92,0
45.644,-0.0011921297562401,92,0
45.646,-0.0010746871562401,92,0
45.648,-0.0008846687562401,92,0
45.65,-0.0007794350562401,92,0
45.652,-0.0006742013562401,92,0
45.654,-0.0005270290562401,92,0
45.656,-0.0008188084562401,92,0
45.658,-0.0010304011562401,92,0
45.66,-0.0011883787562401,92,0
45.662,-0.0011565678562401,92,0
45.664,-0.0011247569562401,92,0
45.666,-0.0009559014562401,92,0
45.668,-0.0007408360562401,92,0
45.67,-0.0005484339562401,92,0
45.672,-0.0005586342562401,92,0
45.674,-0.0009575712562401,92,0
45.676,-0.0011600284562401,92,0
45.678,-0.0010888139062401,92,0
45.68,-0.0010175993562401,92,0
45.682,-0.0009147856562401,92,0
45.684,-0.0008119719562401,92,0
45.686,-0.0006535587562401,92,0
45.688,-0.0007277156229067,92,0
45.69,-0.0008018724895734,92,0
45.692,-0.0008760293562401,92,0
45.694,-0.0011898065562401,92,0
45.696,-0.0011334024062401,92,0
45.698,-0.0010769982562401,92,0
45.7,-0.0008860965562401,92,0
45.702,-0.0006721201562401,92,0
45.704,-0.0005939662562401,92,0
45.706,-0.0007941849562401,92,0
45.708,-0.0009041981562401,92,0
45.71,-0.0010142113562401,92,0
45.712,-0.0011765691562401,92,0
45.714,-0.0011168677562401,92,0
45.716,-0.0009573171562401,92,0
45.718,-0.0005478531562401,92,0
45.72,-0.0005491115562401,92,0
45.722,-0.0005503699562401,92,0
45.724,-0.0011509897562401,92,0
45.726,-0.0010872651062401,92,0
45.728,-0.0010235404562401,92,0
45.73,-0.0009547438895734,92,0
45.732,-0.0008859473229067,92,0
45.734,-0.0008171507562401,92,0
45.736,-0.0005955513562401,92,0
45.738,-0.0005154130562401,92,0
45.74,-0.0006394864562401,92,0
45.742,-0.0010916271562401,92,0
45.744,-0.0011358042562401,92,0
45.746,-0.0011799813562401,92,0
45.748,-0.0010722792562401,92,0
45.75,-0.0005776312562401,92,0
45.752,-0.0006452137895734,92,0
45.754,-0.0007127963229067,92,0
45.756,-0.0007803788562401,92,0
45.758,-0.0008924974562401,92,0
45.76,-0.0010046160562401,92,0
45.762,-0.0011742096562401,92,0
45.764,-0.0011216956562401,92,0
45.766,-0.0009589627562401,92,0
45.768,-0.0005602072562401,92,0
45.77,-0.0007203386562401,92,0
45.772,-0.0007942454562401,92,0
45.774,-0.0008681522562401,92,0
45.776,-0.0009420590562401,92,0
45.778,-0.0011657517562401,92,0
45.78,-0.0008200668562401,92,0
45.782,-0.0007118868062401,92,0
45.784,-0.0006037067562401,92,0
45.786,-0.0005601588562401,92,0
45.788,-0.0005166109562401,92,0
45.79,-0.0008537774562401,92,0
45.792,-0.0010138544062401,92,0
45.794,-0.0011739313562401,92,0
45.796,-0.0010756188562401,92,0
45.798,-0.0009811541562401,92,0
45.8,-0.0008866894562401,92,0
45.802,-0.0005193576562401,92,0
45.804,-0.0005731784562401,92,0
45.806,-0.0008771849062401,92,0
45.808,-0.0011811913562401,92,0
45.81,-0.0011530588562401,92,0
45.812,-0.0011249263562401,92,0
45.814,-0.0009616731562401,92,0
45.816,-0.0007559368562401,92,0
45.818,-0.0006559061562401,92,0
45.82,-0.0005558754562401,92,0
45.822,-0.0007046328562401,92,0
45.824,-0.0008148033562401,92,0
45.826,-0.0009249738562401,92,0
45.828,-0.0011345821562401,92,0
45.83,-0.0010358824562401,92,0
45.832,-0.0008290753062401,92,0
45.834,-0.0006222681562401,92,0
45.836,-0.0005231691562401,92,0
45.838,-0.0005791377062401,92,0
45.84,-0.0006351062562401,92,0
45.842,-0.0008533418562401,92,0
45.844,-0.0010768167562401,92,0
45.846,-0.0011848334562401,92,0
45.848,-0.0010862426562401,92,0
45.85,-0.0008998300562401,92,0
45.852,-0.0005312035562401,92,0
45.854,-0.0005834876562401,92,0
45.856,-0.0006824475062401,92,0
45.858,-0.0007814073562401,92,0
45.86,-0.0011818810562401,92,0
45.862,-0.0009760237562401,92,0
45.864,-0.0008714071562401,92,0
45.866,-0.0007667905562401,92,0
45.868,-0.0005402301562401,92,0
45.87,-0.0005916349895734,92,0
45.872,-0.0006430398229067,92,0
45.874,-0.0006944446562401,92,0
45.876,-0.0009182583562401,92,0
45.878,-0.0011349814562401,92,0
45.88,-0.0011709426562401,92,0
45.882,-0.0010459375562401,92,0
45.884,-0.0006222923562401,92,0
45.886,-0.0006297459562401,92,0
45.888,-0.0009070719062401,92,0
45.89,-0.0011843978562401,92,0
45.892,-0.0009133336562401,92,0
45.894,-0.0008089167062401,92,0
45.896,-0.0007044997562401,92,0
45.898,-0.0005422629562401,92,0
45.9,-0.0005555406895734,92,0
45.902,-0.0005688184229067,92,0
45.904,-0.0005820961562401,92,0
45.906,-0.0007735907562401,92,0
45.908,-0.0008847534562401,92,0
45.91,-0.0009959161562401,92,0
45.912,-0.0011782510562401,92,0
45.914,-0.0011367601562401,92,0
45.916,-0.0007774990562401,92,0
45.918,-0.0005418273562401,92,0
45.92,-0.0007410498229067,92,0
45.922,-0.0009402722895734,92,0
45.924,-0.0011394947562401,92,0
45.926,-0.0010906349562401,92,0
45.928,-0.0010417751562401,92,0
45.93,-0.0009408974562401,92,0
45.932,-0.0008400197562401,92,0
45.934,-0.0005245727562401,92,0
45.936,-0.0005574686229067,92,0
45.938,-0.0005903644895734,92,0
45.94,-0.0006232603562401,92,0
45.942,-0.0010646320562401,92,0
45.944,-0.0010820258062401,92,0
45.946,-0.0010994195562401,92,0
45.948,-0.0009159593562401,92,0
45.95,-0.0007274595062401,92,0
45.952,-0.0005389596562401,92,0
45.954,-0.0005574061062401,92,0
45.956,-0.0005758525562401,92,0
45.958,-0.0009917900562401,92,0
45.96,-0.0010841433062401,92,0
45.962,-0.0011764965562401,92,0
45.964,-0.0011460892562401,92,0
45.966,-0.0009976827562401,92,0
45.968,-0.0005712787562401,92,0
45.97,-0.0006298125062401,92,0
45.972,-0.0006883462562401,92,0
45.974,-0.0008015538562401,92,0
45.976,-0.0009147614562401,92,0
45.978,-0.0011803443562401,92,0
45.98,-0.0011147926062401,92,0
45.982,-0.0010492408562401,92,0
45.984,-0.0006365703562401,92,0
45.986,-0.0005211000562401,92,0
45.988,-0.0006219293562401,92,0
45.99,-0.0007307567562401,92,0
45.992,-0.0008395841562401,92,0
45.994,-0.0010566218562401,92,0
45.996,-0.0011830305562401,92,0
45.998,-0.0011047677562401,92,0
46.0,-0.0007116266562401,93,0
46.002,-0.0006259828562401,93,0
46.004,-0.0005403390562401,93,0
46.006,-0.0007591433562401,93,0
46.008,-0.0009809484562401,93,0
46.01,-0.0011771983562401,93,0
46.012,-0.0010844518562401,93,0
46.014,-0.0009917053562401,93,0
46.016,-0.0007792777562401,93,0
46.018,-0.0006741287562401,93,0
46.02,-0.0007859448562401,93,0
46.022,-0.0008977609562401,93,0
46.024,-0.0011167588562401,93,0
46.026,-0.0011462344562401,93,0
46.028,-0.0011757100562401,93,0
46.03,-0.0008589804562401,93,0
46.032,-0.0005252503562401,93,0
46.034,-0.0006188801562401,93,0
46.036,-0.0008314529562401,93,0
46.038,-0.0011974174562401,93,0
46.04,-0.0011551098062401,93,0
46.042,-0.0011128021562401,93,0
46.044,-0.0010237764062401,93,0
46.046,-0.0009347506562401,93,0
46.048,-0.0007228554562401,93,0
46.05,-0.0006434492062401,93,0
46.052,-0.0005640429562401,93,0
46.054,-0.0006993532229067,93,0
46.056,-0.0008346634895734,93,0
46.058,-0.0009699737562401,93,0
46.06,-0.0011647111562401,93,0
46.062,-0.0011377644562401,93,0
46.064,-0.0009892732562401,93,0
46.066,-0.0005744489562401,93,0
46.068,-0.0005323288562401,93,0
46.07,-0.0006769843562401,93,0
46.072,-0.0009032301562401,93,0
46.074,-0.0011151979562401,93,0
46.076,-0.0011789649562401,93,0
46.078,-0.0010536694562401,93,0
46.08,-0.0009532213062401,93,0
46.082,-0.0008527731562401,93,0
46.084,-0.0005284810562401,93,0
46.086,-0.0005703349562401,93,0
46.088,-0.0006121888562401,93,0
46.09,-0.0008255602562401,93,0
46.092,-0.0011717412562401,93,0
46.094,-0.0011018879562401,93,0
46.096,-0.0008194739562401,93,0
46.098,-0.0005370599562401,93,0
46.1,-0.0005575815562401,93,0
46.102,-0.0007472490562401,93,0
46.104,-0.0008205831229067,93,0
46.106,-0.0008939171895734,93,0
46.108,-0.0009672512562401,93,0
46.11,-0.0011673852562401,93,0
46.112,-0.0011522481562401,93,0
46.114,-0.0010050032562401,93,0
46.116,-0.0008026549562401,93,0
46.118,-0.0005992297562401,93,0
46.12,-0.0005381126562401,93,0
46.122,-0.0006689620562401,93,0
46.124,-0.0008898596562401,93,0
46.126,-0.0011049976562401,93,0
46.128,-0.0011692607562401,93,0
46.13,-0.0010569606562401,93,0
46.132,-0.0008674625562401,93,0
46.134,-0.0005160906562401,93,0
46.136,-0.0005575936562401,93,0
46.138,-0.0005990966562401,93,0
46.14,-0.0010348781562401,93,0
46.142,-0.0011756737562401,93,0
46.144,-0.0011081920562401,93,0
46.146,-0.0009473104562401,93,0
46.148,-0.0008375574062401,93,0
46.15,-0.0007278043562401,93,0
46.152,-0.0005388991562401,93,0
46.154,-0.0005626272562401,93,0
46.156,-0.0007393719562401,93,0
46.158,-0.0009581883562401,93,0
46.16,-0.0011529862562401,93,0
46.162,-0.0010140782562401,93,0
46.164,-0.0009098367562401,93,0
46.166,-0.0008055952562401,93,0
46.168,-0.0006021095562401,93,0
46.17,-0.0006638437562401,93,0
46.172,-0.0007765673562401,93,0
46.174,-0.0008892909562401,93,0
46.176,-0.0011182834562401,93,0
46.178,-0.0010776032562401,93,0
46.18,-0.0008758962562401,93,0
46.182,-0.0006741892562401,93,0
46.184,-0.0006026177562401,93,0
46.186,-0.0005310462562401,93,0
46.188,-0.0008167393562401,93,0
46.19,-0.0009317922062401,93,0
46.192,-0.0010468450562401,93,0
46.194,-0.0011367117562401,93,0
46.196,-0.0010486358562401,93,0
46.198,-0.0009605599562401,93,0
46.2,-0.0007385370562401,93,0
46.202,-0.0005459413562401,93,0
46.204,-0.0005592755562401,93,0
46.206,-0.0007372907562401,93,0
46.208,-0.0009664284562401,93,0
46.21,-0.0011663083562401,93,0
46.212,-0.0008245680562401,93,0
46.214,-0.0006168715562401,93,0
46.216,-0.0005825257062401,93,0
46.218,-0.0005481798562401,93,0
46.22,-0.0006118621562401,93,0
46.222,-0.0006755444562401,93,0
46.224,-0.0011179930562401,93,0
46.226,-0.0010096194062401,93,0
46.228,-0.0009012457562401,93,0
46.23,-0.0006941663562401,93,0
46.232,-0.0006572432062401,93,0
46.234,-0.0006203200562401,93,0
46.236,-0.0007224017062401,93,0
46.238,-0.0008244833562401,93,0
46.24,-0.0010494344562401,93,0
46.242,-0.0011386114562401,93,0
46.244,-0.0010564948062401,93,0
46.246,-0.0009743781562401,93,0
46.248,-0.0007694767562401,93,0
46.25,-0.0005788412562401,93,0
46.252,-0.0005734204562401,93,0
46.254,-0.0007368067562401,93,0
46.256,-0.0011625936562401,93,0
46.258,-0.0011726366562401,93,0
46.26,-0.0008254755562401,93,0
46.262,-0.0007236903562401,93,0
46.264,-0.0006219051562401,93,0
46.266,-0.0006504490562401,93,0
46.268,-0.0006789929562401,93,0
46.27,-0.0009055412562401,93,0
46.272,-0.0011114590562401,93,0
46.274,-0.0011980587562401,93,0
46.276,-0.0009435050062401,93,0
46.278,-0.0006889512562401,93,0
46.28,-0.0007283851562401,93,0
46.282,-0.0007678190562401,93,0
46.284,-0.0008072529562401,93,0
46.286,-0.0010273761562401,93,0
46.288,-0.0011896492562401,93,0
46.29,-0.0011344369562401,93,0
46.292,-0.0009652063562401,93,0
46.294,-0.0007540855562401,93,0
46.296,-0.0005572790562401,93,0
46.298,-0.0005507571562401,93,0
46.3,-0.0009369165562401,93,0
46.302,-0.0010499971062401,93,0
46.304,-0.0011630776562401,93,0
46.306,-0.0011796788562401,93,0
46.308,-0.0010378547562401,93,0
46.31,-0.0006194609562401,93,0
46.312,-0.0005778430062401,93,0
46.314,-0.0005362250562401,93,0
46.316,-0.0006566563562401,93,0
46.318,-0.0008831199562401,93,0
46.32,-0.0011168919562401,93,0
46.322,-0.0010889530562401,93,0
46.324,-0.0009067996562401,93,0
46.326,-0.0008003983062401,93,0
46.328,-0.0006939969562401,93,0
46.33,-0.0005971606562401,93,0
46.332,-0.0008002349562401,93,0
46.334,-0.0009147554062401,93,0
46.336,-0.0010292758562401,93,0
46.338,-0.0012015193562401,93,0
46.34,-0.0011336383562401,93,0
46.342,-0.0009725026562401,93,0
46.344,-0.0007713401562401,93,0
46.346,-0.0005745941562401,93,0
46.348,-0.0005641155562401,93,0
46.35,-0.0009627500562401,93,0
46.352,-0.0011649410562401,93,0
46.354,-0.0011734231562401,93,0
46.356,-0.0008407941562401,93,0
46.358,-0.0006277010562401,93,0
46.36,-0.0005820719562401,93,0
46.362,-0.0005364428562401,93,0
46.364,-0.0005962410562401,93,0
46.366,-0.0006560392562401,93,0
46.368,-0.0008768037562401,93,0
46.37,-0.0011916094562401,93,0
46.372,-0.0011468999562401,93,0
46.374,-0.0011021904562401,93,0
46.376,-0.0009190327562401,93,0
46.378,-0.0007007124562401,93,0
46.38,-0.0005503820562401,93,0
46.382,-0.0006099503562401,93,0
46.384,-0.0010187730562401,93,0
46.386,-0.0012029834562401,93,0
46.388,-0.0011540268562401,93,0
46.39,-0.0010720009562401,93,0
46.392,-0.0009899750562401,93,0
46.394,-0.0007751879562401,93,0
46.396,-0.0005612599562401,93,0
46.398,-0.0009319434562401,93,0
46.4,-0.0010348781562401,93,0
46.402,-0.0011378128562401,93,0
46.404,-0.0011493623062401,93,0
46.406,-0.0011609117562401,93,0
46.408,-0.0010340553562401,93,0
46.41,-0.0008418347562401,93,0
46.412,-0.0006324200562401,93,0
46.414,-0.0005363944562401,93,0
46.416,-0.0006449556562401,93,0
46.418,-0.0010865693562401,93,0
46.42,-0.0011423866562401,93,0
46.422,-0.0011982039562401,93,0
46.424,-0.0010982337562401,93,0
46.426,-0.0009126802562401,93,0
46.428,-0.0007028783562401,93,0
46.43,-0.0005389838562401,93,0
46.432,-0.0005909291562401,93,0
46.434,-0.0007932532562401,93,0
46.436,-0.0010202855562401,93,0
46.438,-0.0011965341562401,93,0
46.44,-0.0009912576562401,93,0
46.442,-0.0007822180562401,93,0
46.444,-0.0006794346062401,93,0
46.446,-0.0005766511562401,93,0
46.448,-0.0005515315562401,93,0
46.45,-0.0007145548562401,93,0
46.452,-0.0009342787562401,93,0
46.454,-0.0011396399562401,93,0
46.456,-0.0010460464562401,93,0
46.458,-0.0008450412562401,93,0
46.46,-0.0007340177062401,93,0
46.462,-0.0006229941562401,93,0
46.464,-0.0005228908562401,93,0
46.466,-0.0008545034562401,93,0
46.468,-0.0010822133562401,93,0
46.47,-0.0011956871562401,93,0
46.472,-0.0011466700562401,93,0
46.474,-0.0010976529562401,93,0
46.476,-0.0009116275562401,93,0
46.478,-0.0006973607562401,93,0
46.48,-0.0005339381562401,93,0
46.482,-0.0005886301562401,93,0
46.484,-0.0007909421562401,93,0
46.486,-0.0010110653562401,93,0
46.488,-0.0011954693562401,93,0
46.49,-0.0011584312562401,93,0
46.492,-0.0009968962562401,93,0
46.494,-0.0005829068562401,93,0
46.496,-0.0005523543562401,93,0
46.498,-0.0006296310062401,93,0
46.5,-0.0007069076562401,94,0
46.502,-0.0009358396562401,94,0
46.504,-0.0011513648562401,94,0
46.506,-0.0010612198562401,94,0
46.508,-0.0008573832562401,94,0
46.51,-0.0006467706562401,94,0
46.512,-0.0007531841062401,94,0
46.514,-0.0008595975562401,94,0
46.516,-0.0009348474562401,94,0
46.518,-0.0010100973562401,94,0
46.52,-0.0010853472562401,94,0
46.522,-0.0012025720562401,94,0
46.524,-0.0009305035562401,94,0
46.526,-0.0008243623562401,94,0
46.528,-0.0007182211562401,94,0
46.53,-0.0005449249562401,94,0
46.532,-0.0005835239562401,94,0
46.534,-0.0007723444562401,94,0
46.536,-0.0010020266562401,94,0
46.538,-0.0011917546562401,94,0
46.54,-0.0011613594562401,94,0
46.542,-0.0007940881562401,94,0
46.544,-0.0005933249562401,94,0
46.546,-0.0005730514062401,94,0
46.548,-0.0005527778562401,94,0
46.55,-0.0006949649562401,94,0
46.552,-0.0009197345562401,94,0
46.554,-0.0010636277562401,94,0
46.556,-0.0008664945562401,94,0
46.558,-0.0005391290562401,94,0
46.56,-0.0008540194562401,94,0
46.562,-0.0010874768562401,94,0
46.564,-0.0010938196762401,94,0
46.566,-0.0011001624962401,94,0
46.568,-0.0011065053162401,94,0
46.57,-0.0011128481362401,94,0
46.572,-0.0011191909562401,94,0
46.574,-0.0009364446562401,94,0
46.576,-0.0007279132562401,94,0
46.578,-0.0005836691562401,94,0
46.58,-0.0006773715562401,94,0
46.582,-0.0007710739562401,94,0
46.584,-0.0009909430562401,94,0
46.586,-0.0011831273562401,94,0
46.588,-0.0011592903562401,94,0
46.59,-0.0009998970562401,94,0
46.592,-0.0005927562562401,94,0
46.594,-0.0005720047562401,94,0
46.596,-0.0005512532562401,94,0
46.598,-0.0006981593562401,94,0
46.6,-0.0009223239562401,94,0
46.602,-0.0010738643562401,94,0
46.604,-0.0008662344062401,94,0
46.606,-0.0006586044562401,94,0
46.608,-0.0006192592895734,94,0
46.61,-0.0005799141229067,94,0
46.612,-0.0005405689562401,94,0
46.614,-0.0006381191562401,94,0
46.616,-0.0008640987562401,94,0
46.618,-0.0010652612562401,94,0
46.62,-0.0011197838562401,94,0
46.622,-0.0009482542562401,94,0
46.624,-0.0007409086562401,94,0
46.626,-0.0005602072562401,94,0
46.628,-0.0005713816062401,94,0
46.63,-0.0005825559562401,94,0
46.632,-0.0007730946562401,94,0
46.634,-0.0009919957562401,94,0
46.636,-0.0011818810562401,94,0
46.638,-0.0011601615562401,94,0
46.64,-0.0010085969562401,94,0
46.642,-0.0008003075562401,94,0
46.644,-0.0005929619562401,94,0
46.646,-0.0005408472562401,94,0
46.648,-0.0006809531562401,94,0
46.65,-0.0009096673562401,94,0
46.652,-0.0011297300562401,94,0
46.654,-0.0008740328562401,94,0
46.656,-0.0006633597562401,94,0
46.658,-0.0006010931562401,94,0
46.66,-0.0005388265562401,94,0
46.662,-0.0006171982562401,94,0
46.664,-0.0007243316562401,94,0
46.666,-0.0008314650562401,94,0
46.668,-0.0010621031562401,94,0
46.67,-0.0011997769562401,94,0
46.672,-0.0009463424562401,94,0
46.674,-0.0008428814062401,94,0
46.676,-0.0007394203562401,94,0
46.678,-0.0005541814562401,94,0
46.68,-0.0005755016562401,94,0
46.682,-0.0007545453562401,94,0
46.684,-0.0009689573562401,94,0
46.686,-0.0011635132562401,94,0
46.688,-0.0011519335562401,94,0
46.69,-0.0010093350562401,94,0
46.692,-0.0008062365562401,94,0
46.694,-0.0005976083562401,94,0
46.696,-0.0005401575562401,94,0
46.698,-0.0009009674562401,94,0
46.7,-0.0011930009562401,94,0
46.702,-0.0010803257562401,94,0
46.704,-0.0009408369562401,94,0
46.706,-0.0008013481562401,94,0
46.708,-0.0006618593562401,94,0
46.71,-0.0006367881562401,94,0
46.712,-0.0006117169562401,94,0
46.714,-0.0008207202562401,94,0
46.716,-0.0009335830062401,94,0
46.718,-0.0010464457562401,94,0
46.72,-0.0012034795562401,94,0
46.722,-0.0011244302562401,94,0
46.724,-0.0007388879562401,94,0
46.726,-0.0006437517062401,94,0
46.728,-0.0005486154562401,94,0
46.73,-0.0007439699562401,94,0
46.732,-0.0011737014562401,94,0
46.734,-0.0011744960229067,94,0
46.736,-0.0011752905895734,94,0
46.738,-0.0011760851562401,94,0
46.74,-0.0008225957562401,94,0
46.742,-0.0005439327562401,94,0
46.744,-0.0006734269562401,94,0
46.746,-0.0008950989562401,94,0
46.748,-0.0011112291562401,94,0
46.75,-0.0011503363562401,94,0
46.752,-0.0011894435562401,94,0
46.754,-0.0011337472562401,94,0
46.756,-0.0010780509562401,94,0
46.758,-0.0008904404562401,94,0
46.76,-0.0006810741562401,94,0
46.762,-0.0005425049562401,94,0
46.764,-0.0006153590562401,94,0
46.766,-0.0008258143562401,94,0
46.768,-0.0010436748562401,94,0
46.77,-0.0011323436562401,94,0
46.772,-0.0009649643562401,94,0
46.774,-0.0007602323562401,94,0
46.776,-0.0005741827562401,94,0
46.778,-0.0005704075562401,94,0
46.78,-0.0007404851562401,94,0
46.782,-0.0008513635062401,94,0
46.784,-0.0009622418562401,94,0
46.786,-0.0011676514562401,94,0
46.788,-0.0011698173562401,94,0
46.79,-0.0010305100562401,94,0
46.792,-0.0008309810562401,94,0
46.794,-0.0006206104562401,94,0
46.796,-0.0005452032562401,94,0
46.798,-0.0006695670562401,94,0
46.8,-0.0008888190562401,94,0
46.802,-0.0011952031562401,94,0
46.804,-0.0010904776562401,94,0
46.806,-0.0009936655562401,94,0
46.808,-0.0008968534562401,94,0
46.81,-0.0006798762562401,94,0
46.812,-0.0005346520562401,94,0
46.814,-0.0006118863562401,94,0
46.816,-0.0008156745562401,94,0
46.818,-0.0010361728562401,94,0
46.82,-0.0011918877562401,94,0
46.822,-0.0011294759562401,94,0
46.824,-0.0009655451562401,94,0
46.826,-0.0007623498562401,94,0
46.828,-0.0005646842562401,94,0
46.83,-0.0005643938562401,94,0
46.832,-0.0007450589562401,94,0
46.834,-0.0009598339562401,94,0
46.836,-0.0011631381562401,94,0
46.838,-0.0011756616562401,94,0
46.84,-0.0010393430562401,94,0
46.842,-0.0008338608562401,94,0
46.844,-0.0006251479562401,94,0
46.846,-0.0005505635562401,94,0
46.848,-0.0006732454562401,94,0
46.85,-0.0011142057562401,94,0
46.852,-0.0011583284062401,94,0
46.854,-0.0012024510562401,94,0
46.856,-0.0010914335562401,94,0
46.858,-0.0009015361562401,94,0
46.86,-0.0005447555562401,94,0
46.862,-0.0005766814062401,94,0
46.864,-0.0006086072562401,94,0
46.866,-0.0008162190562401,94,0
46.868,-0.0010328695562401,94,0
46.87,-0.0012026204562401,94,0
46.872,-0.0011443952562401,94,0
46.874,-0.0009806338562401,94,0
46.876,-0.0007702148562401,94,0
46.878,-0.0005817452562401,94,0
46.88,-0.0005729001562401,94,0
46.882,-0.0007369277562401,94,0
46.884,-0.0011785777562401,94,0
46.886,-0.0011790315062401,94,0
46.888,-0.0011794852562401,94,0
46.89,-0.0010423438562401,94,0
46.892,-0.0008406852562401,94,0
46.894,-0.0006226190562401,94,0
46.896,-0.0005368905562401,94,0
46.898,-0.0006564748562401,94,0
46.9,-0.0008767311562401,94,0
46.902,-0.0010999398562401,94,0
46.904,-0.0012014951562401,94,0
46.906,-0.0010988871562401,94,0
46.908,-0.0009104054562401,94,0
46.91,-0.0005447071562401,94,0
46.912,-0.0005719987062401,94,0
46.914,-0.0005992902562401,94,0
46.916,-0.0007974761562401,94,0
46.918,-0.0010249440562401,94,0
46.92,-0.0012023542562401,94,0
46.922,-0.0011492352562401,94,0
46.924,-0.0009861998562401,94,0
46.926,-0.0007749822562401,94,0
46.928,-0.0005837296562401,94,0
46.93,-0.0005702381562401,94,0
46.932,-0.0007298371562401,94,0
46.934,-0.0009534451562401,94,0
46.936,-0.0011557934562401,94,0
46.938,-0.0011742701562401,94,0
46.94,-0.0006256077562401,94,0
46.942,-0.0006335735895734,94,0
46.944,-0.0006415394229067,94,0
46.946,-0.0006495052562401,94,0
46.948,-0.0010856860562401,94,0
46.95,-0.0011393677062401,94,0
46.952,-0.0011930493562401,94,0
46.954,-0.0010975319562401,94,0
46.956,-0.0006993451562401,94,0
46.958,-0.0005392137562401,94,0
46.96,-0.0005642002562401,94,0
46.962,-0.0005891867562401,94,0
46.964,-0.0007898168562401,94,0
46.966,-0.0010152519562401,94,0
46.968,-0.0011894435562401,94,0
46.97,-0.0009754308562401,94,0
46.972,-0.0007678311562401,94,0
46.974,-0.0005425654562401,94,0
46.976,-0.0006241799562401,94,0
46.978,-0.0007057944562401,94,0
46.98,-0.0008175803062401,94,0
46.982,-0.0009293661562401,94,0
46.984,-0.0011431731562401,94,0
46.986,-0.0011809493562401,94,0
46.988,-0.0010528950562401,94,0
46.99,-0.0006439150562401,94,0
46.992,-0.0005417910562401,94,0
46.994,-0.0005949705562401,94,0
46.996,-0.0006481500562401,94,0
46.998,-0.0008676198562401,94,0
47.0,-0.0010852504562401,95,0
47.002,-0.0012034190562401,95,0
47.004,-0.0011093778562401,95,0
47.006,-0.0009305761562401,95,0
47.008,-0.0005511322562401,95,0
47.01,-0.0006796100562401,95,0
47.012,-0.0008080878562401,95,0
47.014,-0.0010211446562401,95,0
47.016,-0.0010877007062401,95,0
47.018,-0.0011542567562401,95,0
47.02,-0.0007913293562401,95,0
47.022,-0.0005825075562401,95,0
47.024,-0.0005721297895734,95,0
47.026,-0.0005617520229067,95,0
47.028,-0.0005513742562401,95,0
47.03,-0.0007058065562401,95,0
47.032,-0.0009358880562401,95,0
47.034,-0.0011556482562401,95,0
47.036,-0.0011908834562401,95,0
47.038,-0.0010574567562401,95,0
47.04,-0.0008535959562401,95,0
47.042,-0.0006444716562401,95,0
47.044,-0.0005439448562401,95,0
47.046,-0.0010898363562401,95,0
47.048,-0.0012029834562401,95,0
47.05,-0.0011581650562401,95,0
47.052,-0.0011133466562401,95,0
47.054,-0.0010219674562401,95,0
47.056,-0.0009305882562401,95,0
47.058,-0.0007190318562401,95,0
47.06,-0.0005522212562401,95,0
47.062,-0.0009937865562401,95,0
47.064,-0.0010569041895734,95,0
47.066,-0.0011200218229067,95,0
47.068,-0.0011831394562401,95,0
47.07,-0.0011539784562401,95,0
47.072,-0.0007956248562401,95,0
47.074,-0.0006921033062401,95,0
47.076,-0.0005885817562401,95,0
47.078,-0.0007018014562401,95,0
47.08,-0.0009240421562401,95,0
47.082,-0.0011383331562401,95,0
47.084,-0.0011621641062401,95,0
47.086,-0.0011859950562401,95,0
47.088,-0.0010723155562401,95,0
47.09,-0.0008760051562401,95,0
47.092,-0.0006476418562401,95,0
47.094,-0.0005365880562401,95,0
47.096,-0.0006340777562401,95,0
47.098,-0.0008522891562401,95,0
47.1,-0.0009816442062401,95,0
47.102,-0.0011109992562401,95,0
47.104,-0.0009295476562401,95,0
47.106,-0.0007239444562401,95,0
47.108,-0.0005786234562401,95,0
47.11,-0.0006746732562401,95,0
47.112,-0.0007707230562401,95,0
47.114,-0.0009932299562401,95,0
47.116,-0.0011834056562401,95,0
47.118,-0.0010040594562401,95,0
47.12,-0.0005901789562401,95,0
47.122,-0.0006953642562401,95,0
47.124,-0.0007706746562401,95,0
47.126,-0.0008459850562401,95,0
47.128,-0.0009212954562401,95,0
47.13,-0.0010286466562401,95,0
47.132,-0.0011359978562401,95,0
47.134,-0.0011800539562401,95,0
47.136,-0.0010609415562401,95,0
47.138,-0.0008596217562401,95,0
47.14,-0.0005322562562401,95,0
47.142,-0.0006286811562401,95,0
47.144,-0.0007374178062401,95,0
47.146,-0.0008461544562401,95,0
47.148,-0.0012055123562401,95,0
47.15,-0.0011651830562401,95,0
47.152,-0.0011248537562401,95,0
47.154,-0.0007378594562401,95,0
47.156,-0.0005594691562401,95,0
47.158,-0.0005718474562401,95,0
47.16,-0.0005842257562401,95,0
47.162,-0.0009923950562401,95,0
47.164,-0.0010883662062401,95,0
47.166,-0.0011843373562401,95,0
47.168,-0.0008033083562401,95,0
47.17,-0.0005998952562401,95,0
47.172,-0.0005734507062401,95,0
47.174,-0.0005470061562401,95,0
47.176,-0.0006227279562401,95,0
47.178,-0.0006984497562401,95,0
47.18,-0.0009336495562401,95,0
47.182,-0.0011481220562401,95,0
47.184,-0.0012025478562401,95,0
47.186,-0.0010812695562401,95,0
47.188,-0.0006716482562401,95,0
47.19,-0.0005488211562401,95,0
47.192,-0.0006345375562401,95,0
47.194,-0.0008513332562401,95,0
47.196,-0.0010681289562401,95,0
47.198,-0.0011387385062401,95,0
47.2,-0.0012093480562401,95,0
47.202,-0.0009567726562401,95,0
47.204,-0.0008501656062401,95,0
47.206,-0.0007435585562401,95,0
47.208,-0.0005655433562401,95,0
47.21,-0.0007734697562401,95,0
47.212,-0.0009935566562401,95,0
47.214,-0.0011878947562401,95,0
47.216,-0.0011780816562401,95,0
47.218,-0.0011682685562401,95,0
47.22,-0.0010224998562401,95,0
47.222,-0.0008156382562401,95,0
47.224,-0.0006154074562401,95,0
47.226,-0.0005634500562401,95,0
47.228,-0.0009222634562401,95,0
47.23,-0.0011383089562401,95,0
47.232,-0.0010733440562401,95,0
47.234,-0.0010094560562401,95,0
47.236,-0.0009455680562401,95,0
47.238,-0.0008816800562401,95,0
47.24,-0.0006712247562401,95,0
47.242,-0.0005345794562401,95,0
47.244,-0.0008347078562401,95,0
47.246,-0.0010551456562401,95,0
47.248,-0.0012003940562401,95,0
47.25,-0.0011311215562401,95,0
47.252,-0.0007420097562401,95,0
47.254,-0.0005740496562401,95,0
47.256,-0.0006196908562401,95,0
47.258,-0.0006653320562401,95,0
47.26,-0.0007109732562401,95,0
47.262,-0.0007566144562401,95,0
47.264,-0.0009943552562401,95,0
47.266,-0.0011885844562401,95,0
47.268,-0.0010299050562401,95,0
47.27,-0.0008246164562401,95,0
47.272,-0.0006095994562401,95,0
47.274,-0.0005805836562401,95,0
47.276,-0.0005515678562401,95,0
47.278,-0.0011172186562401,95,0
47.28,-0.0011927589562401,95,0
47.282,-0.0010423680562401,95,0
47.284,-0.0008919771562401,95,0
47.286,-0.0006846678562401,95,0
47.288,-0.0005491720562401,95,0
47.29,-0.0006252084562401,95,0
47.292,-0.0006956022229067,95,0
47.294,-0.0007659959895734,95,0
47.296,-0.0008363897562401,95,0
47.298,-0.0010599614562401,95,0
47.3,-0.0011442863562401,95,0
47.302,-0.0009735190562401,95,0
47.304,-0.0007634267562401,95,0
47.306,-0.0005661846562401,95,0
47.308,-0.0005714602562401,95,0
47.31,-0.0009739062562401,95,0
47.312,-0.0010248351562401,95,0
47.314,-0.0008143677562401,95,0
47.316,-0.0006025693562401,95,0
47.318,-0.0006378771562401,95,0
47.32,-0.0006731849562401,95,0
47.322,-0.0008959701562401,95,0
47.324,-0.0010431787562401,95,0
47.326,-0.0011903873562401,95,0
47.328,-0.0006832037562401,95,0
47.33,-0.0006368647895734,95,0
47.332,-0.0005905258229067,95,0
47.334,-0.0005441868562401,95,0
47.336,-0.0005585785962401,95,0
47.338,-0.0005729703362401,95,0
47.34,-0.0005873620762401,95,0
47.342,-0.0006017538162401,95,0
47.344,-0.0006161455562401,95,0
47.346,-0.0008220512562401,95,0
47.348,-0.0010413758562401,95,0
47.35,-0.0011272858562401,95,0
47.352,-0.0010429367562401,95,0
47.354,-0.0009585876562401,95,0
47.356,-0.0007507096562401,95,0
47.358,-0.0005590214562401,95,0
47.36,-0.0009669971562401,95,0
47.362,-0.0010700468062401,95,0
47.364,-0.0011730964562401,95,0
47.366,-0.0011738950562401,95,0
47.368,-0.0011746936562401,95,0
47.37,-0.0008309931562401,95,0
47.372,-0.0007296314562401,95,0
47.374,-0.0006282697562401,95,0
47.376,-0.0008772877562401,95,0
47.378,-0.0011015491562401,95,0
47.38,-0.0011444799562401,95,0
47.382,-0.0011874107562401,95,0
47.384,-0.0011348846562401,95,0
47.386,-0.0010823585562401,95,0
47.388,-0.0008915778562401,95,0
47.39,-0.0005335630562401,95,0
47.392,-0.0006816005062401,95,0
47.394,-0.0008296379562401,95,0
47.396,-0.0009313384562401,95,0
47.398,-0.0010330389562401,95,0
47.4,-0.0011971149562401,95,0
47.402,-0.0011384178562401,95,0
47.404,-0.0007640317562401,95,0
47.406,-0.0006631782562401,95,0
47.408,-0.0005623247562401,95,0
47.41,-0.0009618425562401,95,0
47.412,-0.0011810219562401,95,0
47.414,-0.0011826594895734,95,0
47.416,-0.0011842970229067,95,0
47.418,-0.0011859345562401,95,0
47.42,-0.0010456350562401,95,0
47.422,-0.0008363897562401,95,0
47.424,-0.0006263337562401,95,0
47.426,-0.0005392137562401,95,0
47.428,-0.0006608671562401,95,0
47.43,-0.0008870040562401,95,0
47.432,-0.0011032552562401,95,0
47.434,-0.0010997704562401,95,0
47.436,-0.0008970954562401,95,0
47.438,-0.0006944204562401,95,0
47.44,-0.0006008269562401,95,0
47.442,-0.0007428244895734,95,0
47.444,-0.0008848220229067,95,0
47.446,-0.0010268195562401,95,0
47.448,-0.0011115014062401,95,0
47.45,-0.0011961832562401,95,0
47.452,-0.0011323315562401,95,0
47.454,-0.0007630516562401,95,0
47.456,-0.0005570975562401,95,0
47.458,-0.0006368910062401,95,0
47.46,-0.0007166844562401,95,0
47.462,-0.0009396753562401,95,0
47.464,-0.0011626662562401,95,0
47.466,-0.0011796546562401,95,0
47.468,-0.0011115256062401,95,0
47.47,-0.0010433965562401,95,0
47.472,-0.0006302420562401,95,0
47.474,-0.0006448346562401,95,0
47.476,-0.0009195228062401,95,0
47.478,-0.0011942109562401,95,0
47.48,-0.0011612505562401,95,0
47.482,-0.0011282901562401,95,0
47.484,-0.0010953297562401,95,0
47.486,-0.0007001679562401,95,0
47.488,-0.0005424928562401,95,0
47.49,-0.0005589367562401,95,0
47.492,-0.0005753806562401,95,0
47.494,-0.0005918245562401,95,0
47.496,-0.0007932411562401,95,0
47.498,-0.0012036005562401,95,0
47.5,-0.0011753470562401,96,0
47.502,-0.0011470935562401,96,0
47.504,-0.0009826908562401,96,0
47.506,-0.0007669357562401,96,0
47.508,-0.0007158979562401,96,0
47.51,-0.0009422405562401,96,0
47.512,-0.0009896604562401,96,0
47.514,-0.0010370803562401,96,0
47.516,-0.0009696752895734,96,0
47.518,-0.0009022702229067,96,0
47.52,-0.0008348651562401,96,0
47.522,-0.0007297585062401,96,0
47.524,-0.0006246518562401,96,0
47.526,-0.0005270653562401,96,0
47.528,-0.0010855529562401,96,0
47.53,-0.0011238897895734,96,0
47.532,-0.0011622266229067,96,0
47.534,-0.0012005634562401,96,0
47.536,-0.0010939624562401,96,0
47.538,-0.0009079370562401,96,0
47.54,-0.0006932104562401,96,0
47.542,-0.0005275009562401,96,0
47.544,-0.0005838869562401,96,0
47.546,-0.0010089115562401,96,0
47.548,-0.0011810582562401,96,0
47.55,-0.0011412008562401,96,0
47.552,-0.0009827876562401,96,0
47.554,-0.0007755872562401,96,0
47.556,-0.0007462508062401,96,0
47.558,-0.0007169143562401,96,0
47.56,-0.0007910712229067,96,0
47.562,-0.0008652280895734,96,0
47.564,-0.0009393849562401,96,0
47.566,-0.0011570034562401,96,0
47.568,-0.0011825465562401,96,0
47.57,-0.0008435529562401,96,0
47.572,-0.0006317666562401,96,0
47.574,-0.0005809345562401,96,0
47.576,-0.0005301024562401,96,0
47.578,-0.0006362073562401,96,0
47.58,-0.0010874889562401,96,0
47.582,-0.0011964010562401,96,0
47.584,-0.0011494228062401,96,0
47.586,-0.0011024445562401,96,0
47.588,-0.0009232919562401,96,0
47.59,-0.0007131391562401,96,0
47.592,-0.0005462317562401,96,0
47.594,-0.0005900942562401,96,0
47.596,-0.0007857633562401,96,0
47.598,-0.0010086937562401,96,0
47.6,-0.0009935566562401,96,0
47.602,-0.0008899080562401,96,0
47.604,-0.0007862594562401,96,0
47.606,-0.0006822902062401,96,0
47.608,-0.0005783209562401,96,0
47.61,-0.0005460502562401,96,0
47.612,-0.0009396148562401,96,0
47.614,-0.0010614679062401,96,0
47.616,-0.0011833209562401,96,0
47.618,-0.0009106111562401,96,0
47.62,-0.0006379013562401,96,0
47.622,-0.0006021982895734,96,0
47.624,-0.0005664952229067,96,0
47.626,-0.0005307921562401,96,0
47.628,-0.0006302420562401,96,0
47.63,-0.0008435287562401,96,0
47.632,-0.0010669431562401,96,0
47.634,-0.0011916941562401,96,0
47.636,-0.0009502931062401,96,0
47.638,-0.0007088920562401,96,0
47.64,-0.0005362492562401,96,0
47.642,-0.0005842378562401,96,0
47.644,-0.0010024017562401,96,0
47.646,-0.0010966244562401,96,0
47.648,-0.0011908471562401,96,0
47.65,-0.0011533976562401,96,0
47.652,-0.0007874694562401,96,0
47.654,-0.0006822418062401,96,0
47.656,-0.0005770141562401,96,0
47.658,-0.0005444409562401,96,0
47.66,-0.0006952190562401,96,0
47.662,-0.0009227111562401,96,0
47.664,-0.0011413460562401,96,0
47.666,-0.0011805016562401,96,0
47.668,-0.0010549278562401,96,0
47.67,-0.0008522407562401,96,0
47.672,-0.0005273799562401,96,0
47.674,-0.0006842867062401,96,0
47.676,-0.0008411934562401,96,0
47.678,-0.0009564278062401,96,0
47.68,-0.0010716621562401,96,0
47.682,-0.0011958444562401,96,0
47.684,-0.0009251916562401,96,0
47.686,-0.0005302839562401,96,0
47.688,-0.0007589255562401,96,0
47.69,-0.0009911850562401,96,0
47.692,-0.0010447880562401,96,0
47.694,-0.0010983910562401,96,0
47.696,-0.0011519940562401,96,0
47.698,-0.0009983845562401,96,0
47.7,-0.0007750730062401,96,0
47.702,-0.0005517614562401,96,0
47.704,-0.0011321500562401,96,0
47.706,-0.0011173614362401,96,0
47.708,-0.0011025728162401,96,0
47.71,-0.0010877841962401,96,0
47.712,-0.0010729955762401,96,0
47.714,-0.0010582069562401,96,0
47.716,-0.0006507757562401,96,0
47.718,-0.0005288319562401,96,0
47.72,-0.0006826532062401,96,0
47.722,-0.0008364744562401,96,0
47.724,-0.0009137611895734,96,0
47.726,-0.0009910479229067,96,0
47.728,-0.0010683346562401,96,0
47.73,-0.0011138306562401,96,0
47.732,-0.0010250469062401,96,0
47.734,-0.0009362631562401,96,0
47.736,-0.0007278285562401,96,0
47.738,-0.0005494261562401,96,0
47.74,-0.0005793010562401,96,0
47.742,-0.0009876276562401,96,0
47.744,-0.0010893947062401,96,0
47.746,-0.0011911617562401,96,0
47.748,-0.0011666955562401,96,0
47.75,-0.0010158811562401,96,0
47.752,-0.0008057888562401,96,0
47.754,-0.0006829012562401,96,0
47.756,-0.0009095826562401,96,0
47.758,-0.0010469418562401,96,0
47.76,-0.0011843010562401,96,0
47.762,-0.0011441250229067,96,0
47.764,-0.0011039489895734,96,0
47.766,-0.0010637729562401,96,0
47.768,-0.0008721331562401,96,0
47.77,-0.0006589432562401,96,0
47.772,-0.0005308284562401,96,0
47.774,-0.0006256440562401,96,0
47.776,-0.0008418710562401,96,0
47.778,-0.0010599735562401,96,0
47.78,-0.0011971754562401,96,0
47.782,-0.0011173517562401,96,0
47.784,-0.0007302969562401,96,0
47.786,-0.0005559117562401,96,0
47.788,-0.0007684119562401,96,0
47.79,-0.0009046539229067,96,0
47.792,-0.0010408958895734,96,0
47.794,-0.0011771378562401,96,0
47.796,-0.0011691881562401,96,0
47.798,-0.0010208179562401,96,0
47.8,-0.0008085355562401,96,0
47.802,-0.0006823688562401,96,0
47.804,-0.0007591231895734,96,0
47.806,-0.0008358775229067,96,0
47.808,-0.0009126318562401,96,0
47.81,-0.0011281328562401,96,0
47.812,-0.0012000189562401,96,0
47.814,-0.0006782548562401,96,0
47.816,-0.0006187954562401,96,0
47.818,-0.0006738565062401,96,0
47.82,-0.0007289175562401,96,0
47.822,-0.0007839786062401,96,0
47.824,-0.0008390396562401,96,0
47.826,-0.0012019791562401,96,0
47.828,-0.0009624112562401,96,0
47.83,-0.0007615391562401,96,0
47.832,-0.0006708496562401,96,0
47.834,-0.0005801601562401,96,0
47.836,-0.0006648238562401,96,0
47.838,-0.0007494875562401,96,0
47.84,-0.0009696107562401,96,0
47.842,-0.0010166797562401,96,0
47.844,-0.0009653636562401,96,0
47.846,-0.0009140475562401,96,0
47.848,-0.0008627314562401,96,0
47.85,-0.0008114153562401,96,0
47.852,-0.0005290618562401,96,0
47.854,-0.0006689015562401,96,0
47.856,-0.0007841117062401,96,0
47.858,-0.0008993218562401,96,0
47.86,-0.0007160189562401,96,0
47.862,-0.0005327160562401,96,0
47.864,-0.0005707403062401,96,0
47.866,-0.0006087645562401,96,0
47.868,-0.0007591635229067,96,0
47.87,-0.0009095624895734,96,0
47.872,-0.0010599614562401,96,0
47.874,-0.0012116712562401,96,0
47.876,-0.0009506621562401,96,0
47.878,-0.0008824060562401,96,0
47.88,-0.0008141499562401,96,0
47.882,-0.0007458938562401,96,0
47.884,-0.0005486759562401,96,0
47.886,-0.0007329226562401,96,0
47.888,-0.0009591926562401,96,0
47.89,-0.0010646683562401,96,0
47.892,-0.0011701440562401,96,0
47.894,-0.0010276181562401,96,0
47.896,-0.0005951520562401,96,0
47.898,-0.0005724806895734,96,0
47.9,-0.0005498093229067,96,0
47.902,-0.0005271379562401,96,0
47.904,-0.0006616657562401,96,0
47.906,-0.0011114590562401,96,0
47.908,-0.0011503847562401,96,0
47.91,-0.0011893104562401,96,0
47.912,-0.0010772523562401,96,0
47.914,-0.0008813412562401,96,0
47.916,-0.0006020732562401,96,0
47.918,-0.0007064478562401,96,0
47.92,-0.0008108224562401,96,0
47.922,-0.0010309335562401,96,0
47.924,-0.0011102611562401,96,0
47.926,-0.0011895887562401,96,0
47.928,-0.0011275036562401,96,0
47.93,-0.0009637664562401,96,0
47.932,-0.0007532748562401,96,0
47.934,-0.0005601951562401,96,0
47.936,-0.0006462685062401,96,0
47.938,-0.0007323418562401,96,0
47.94,-0.0011645296562401,96,0
47.942,-0.0010179865562401,96,0
47.944,-0.0009160864062401,96,0
47.946,-0.0008141862562401,96,0
47.948,-0.0007147545062401,96,0
47.95,-0.0006153227562401,96,0
47.952,-0.0005366485562401,96,0
47.954,-0.0006548776562401,96,0
47.956,-0.0011984217562401,96,0
47.958,-0.0010459254562401,96,0
47.96,-0.0008934291562401,96,0
47.962,-0.0008238138229067,96,0
47.964,-0.0007541984895734,96,0
47.966,-0.0006845831562401,96,0
47.968,-0.0005954545562401,96,0
47.97,-0.0008035261562401,96,0
47.972,-0.0009145134062401,96,0
47.974,-0.0010255006562401,96,0
47.976,-0.0011903510562401,96,0
47.978,-0.0011355138562401,96,0
47.98,-0.0009633913562401,96,0
47.982,-0.0005571701562401,96,0
47.984,-0.0005513621562401,96,0
47.986,-0.0007185115562401,96,0
47.988,-0.0009369165562401,96,0
47.99,-0.0011553215562401,96,0
47.992,-0.0010211809562401,96,0
47.994,-0.0009202004062401,96,0
47.996,-0.0008192198562401,96,0
47.998,-0.0006054612562401,96,0
48.0,-0.0006501465562401,97,0
48.002,-0.0007614484062401,97,0
48.004,-0.0008727502562401,97,0
48.006,-0.0011857409562401,97,0
48.008,-0.0008921707562401,97,0
48.01,-0.0007864833062401,97,0
48.012,-0.0006807958562401,97,0
48.014,-0.0005278639562401,97,0
48.016,-0.0005882913562401,97,0
48.018,-0.0006945354062401,97,0
48.02,-0.0008007794562401,97,0
48.022,-0.0010257184562401,97,0
48.024,-0.0011862491562401,97,0
48.026,-0.0011327792562401,97,0
48.028,-0.0009667430562401,97,0
48.03,-0.0008659319062401,97,0
48.032,-0.0007651207562401,97,0
48.034,-0.0005607154562401,97,0
48.036,-0.0007261950562401,97,0
48.038,-0.0008379204062401,97,0
48.04,-0.0009496457562401,97,0
48.042,-0.0011695269562401,97,0
48.044,-0.0010340795562401,97,0
48.046,-0.0008319611562401,97,0
48.048,-0.0006779765562401,97,0
48.05,-0.0005239919562401,97,0
48.052,-0.0008669180562401,97,0
48.054,-0.0010821528562401,97,0
48.056,-0.0011176824895734,97,0
48.058,-0.0011532121229067,97,0
48.06,-0.0011887417562401,97,0
48.062,-0.0010900299562401,97,0
48.064,-0.0009008706562401,97,0
48.066,-0.0005908444562401,97,0
48.068,-0.0011867452562401,97,0
48.07,-0.0007619142562401,97,0
48.072,-0.0007137320562401,97,0
48.074,-0.0009398326562401,97,0
48.076,-0.0010190594229067,97,0
48.078,-0.0010982861895734,97,0
48.08,-0.0011775129562401,97,0
48.082,-0.0011099284062401,97,0
48.084,-0.0010423438562401,97,0
48.086,-0.0008365349562401,97,0
48.088,-0.0005242218562401,97,0
48.09,-0.0005515829812401,97,0
48.092,-0.0005789441062401,97,0
48.094,-0.0006063052312401,97,0
48.096,-0.0006336663562401,97,0
48.098,-0.0008580366562401,97,0
48.1,-0.0009685459562401,97,0
48.102,-0.0010790552562401,97,0
48.104,-0.0011908592562401,97,0
48.106,-0.0010540022062401,97,0
48.108,-0.0009171451562401,97,0
48.11,-0.0005935790562401,97,0
48.112,-0.0007914987562401,97,0
48.114,-0.0011458109562401,97,0
48.116,-0.0009885593562401,97,0
48.118,-0.0009365081812401,97,0
48.12,-0.0008844570062401,97,0
48.122,-0.0008324058312401,97,0
48.124,-0.0007803546562401,97,0
48.126,-0.0007270662562401,97,0
48.128,-0.0006737778562401,97,0
48.13,-0.0006204894562401,97,0
48.132,-0.0005672010562401,97,0
48.134,-0.0005554943062401,97,0
48.136,-0.0005437875562401,97,0
48.138,-0.0007044150562401,97,0
48.14,-0.0009259902562401,97,0
48.142,-0.0011455689562401,97,0
48.144,-0.0008508008562401,97,0
48.146,-0.0006296612562401,97,0
48.148,-0.0006302057562401,97,0
48.15,-0.0006307502562401,97,0
48.152,-0.0006312947562401,97,0
48.154,-0.0008500869562401,97,0
48.156,-0.0010159174562401,97,0
48.158,-0.0011817479562401,97,0
48.16,-0.0009090139562401,97,0
48.162,-0.0005294611562401,97,0
48.164,-0.0005513198062401,97,0
48.166,-0.0005731784562401,97,0
48.168,-0.0006396679562401,97,0
48.17,-0.0007061574562401,97,0
48.172,-0.0007726469562401,97,0
48.174,-0.0011798482562401,97,0
48.176,-0.0011580198562401,97,0
48.178,-0.0011361914562401,97,0
48.18,-0.0007749822562401,97,0
48.182,-0.0006600020062401,97,0
48.184,-0.0005450217562401,97,0
48.186,-0.0006214635062401,97,0
48.188,-0.0006979052562401,97,0
48.19,-0.0009208961562401,97,0
48.192,-0.0011358163562401,97,0
48.194,-0.0011776823562401,97,0
48.196,-0.0010479582562401,97,0
48.198,-0.0008436134562401,97,0
48.2,-0.0006290320562401,97,0
48.202,-0.0005178693562401,97,0
48.204,-0.0006164843562401,97,0
48.206,-0.0010618127562401,97,0
48.208,-0.0011799813562401,97,0
48.21,-0.0011320048562401,97,0
48.212,-0.0010840283562401,97,0
48.214,-0.0009095584562401,97,0
48.216,-0.0007024306562401,97,0
48.218,-0.0005695968562401,97,0
48.22,-0.0009789882562401,97,0
48.222,-0.0011722736562401,97,0
48.224,-0.0011411887562401,97,0
48.226,-0.0010647954062401,97,0
48.228,-0.0009884020562401,97,0
48.23,-0.0005274767562401,97,0
48.232,-0.0009059163562401,97,0
48.234,-0.0010159416562401,97,0
48.236,-0.0011259669562401,97,0
48.238,-0.0011439596562401,97,0
48.24,-0.0011619523562401,97,0
48.242,-0.0011799450562401,97,0
48.244,-0.0006410715562401,97,0
48.246,-0.0006024201229067,97,0
48.248,-0.0005637686895734,97,0
48.25,-0.0005251172562401,97,0
48.252,-0.0006155042562401,97,0
48.254,-0.0010596226562401,97,0
48.256,-0.0011870477562401,97,0
48.258,-0.0010978707562401,97,0
48.26,-0.0009235823562401,97,0
48.262,-0.0007106344562401,97,0
48.264,-0.0006228066062401,97,0
48.266,-0.0005349787562401,97,0
48.268,-0.0007482049562401,97,0
48.27,-0.0008642197562401,97,0
48.272,-0.0009802345562401,97,0
48.274,-0.0011486423562401,97,0
48.276,-0.0010726362062401,97,0
48.278,-0.0009966300562401,97,0
48.28,-0.0005742069562401,97,0
48.282,-0.0005259279562401,97,0
48.284,-0.0005965919562401,97,0
48.286,-0.0006672559562401,97,0
48.288,-0.0008968534562401,97,0
48.29,-0.0011215020562401,97,0
48.292,-0.0011735078562401,97,0
48.294,-0.0008480783562401,97,0
48.296,-0.0006327588562401,97,0
48.298,-0.0006112087562401,97,0
48.3,-0.0010467724562401,97,0
48.302,-0.0011186464562401,97,0
48.304,-0.0011905204562401,97,0
48.306,-0.0009265347562401,97,0
48.308,-0.0008589723895734,97,0
48.31,-0.0007914100229067,97,0
48.312,-0.0007238476562401,97,0
48.314,-0.0005404237562401,97,0
48.316,-0.0005617197562401,97,0
48.318,-0.0007482775562401,97,0
48.32,-0.0008605050562401,97,0
48.322,-0.0009727325562401,97,0
48.324,-0.0011690429562401,97,0
48.326,-0.0007939308562401,97,0
48.328,-0.0006886548062401,97,0
48.33,-0.0005833787562401,97,0
48.332,-0.0005576481062401,97,0
48.334,-0.0005319174562401,97,0
48.336,-0.0006737778562401,97,0
48.338,-0.0009035205562401,97,0
48.34,-0.0011259306562401,97,0
48.342,-0.0011847124562401,97,0
48.344,-0.0010598646562401,97,0
48.346,-0.0008622595562401,97,0
48.348,-0.0006581446562401,97,0
48.35,-0.0005298725562401,97,0
48.352,-0.0006146935562401,97,0
48.354,-0.0008441700562401,97,0
48.356,-0.0012029592562401,97,0
48.358,-0.0011642332062401,97,0
48.36,-0.0011255071562401,97,0
48.362,-0.0009505532562401,97,0
48.364,-0.0007457002562401,97,0
48.366,-0.0005609332562401,97,0
48.368,-0.0007500925562401,97,0
48.37,-0.0009727446562401,97,0
48.372,-0.0011672884562401,97,0
48.374,-0.0010895036062401,97,0
48.376,-0.0010117187562401,97,0
48.378,-0.0008059461562401,97,0
48.38,-0.0007016925562401,97,0
48.382,-0.0005974389562401,97,0
48.384,-0.0009003503562401,97,0
48.386,-0.0011103337562401,97,0
48.388,-0.0011487875562401,97,0
48.39,-0.0011872413562401,97,0
48.392,-0.0010317745062401,97,0
48.394,-0.0008763076562401,97,0
48.396,-0.0005344342562401,97,0
48.398,-0.0006128422562401,97,0
48.4,-0.0008288877562401,97,0
48.402,-0.0010523868562401,97,0
48.404,-0.0011949611562401,97,0
48.406,-0.0011587519062401,97,0
48.408,-0.0011225426562401,97,0
48.41,-0.0007409691562401,97,0
48.412,-0.0006459599562401,97,0
48.414,-0.0005509507562401,97,0
48.416,-0.0007540492562401,97,0
48.418,-0.0008628343062401,97,0
48.42,-0.0009716193562401,97,0
48.422,-0.0011605971562401,97,0
48.424,-0.0010879729562401,97,0
48.426,-0.0010153487562401,97,0
48.428,-0.0008150453562401,97,0
48.43,-0.0005419604562401,97,0
48.432,-0.0006726404562401,97,0
48.434,-0.0009001204562401,97,0
48.436,-0.0010492953062401,97,0
48.438,-0.0011984701562401,97,0
48.44,-0.0010821649562401,97,0
48.442,-0.0005276340562401,97,0
48.444,-0.0008161101562401,97,0
48.446,-0.0008688964062401,97,0
48.448,-0.0009216826562401,97,0
48.45,-0.0009744689062401,97,0
48.452,-0.0010272551562401,97,0
48.454,-0.0010006109562401,97,0
48.456,-0.0009739667562401,97,0
48.458,-0.0009473225562401,97,0
48.46,-0.0007423001562401,97,0
48.462,-0.0005592997562401,97,0
48.464,-0.0005691854562401,97,0
48.466,-0.0007405940562401,97,0
48.468,-0.0009635849562401,97,0
48.47,-0.0011731811562401,97,0
48.472,-0.0008194981562401,97,0
48.474,-0.0007523270229067,97,0
48.476,-0.0006851558895734,97,0
48.478,-0.0006179847562401,97,0
48.48,-0.0005449612562401,97,0
48.482,-0.0008897991562401,97,0
48.484,-0.0009842759562401,97,0
48.486,-0.0010787527562401,97,0
48.488,-0.0009428778229067,97,0
48.49,-0.0008070028895734,97,0
48.492,-0.0006711279562401,97,0
48.494,-0.0005974329062401,97,0
48.496,-0.0005237378562401,97,0
48.498,-0.0005947648562401,97,0
48.5,-0.0007994363562401,98,0
48.502,-0.0010249803562401,98,0
48.504,-0.0011822440562401,98,0
48.506,-0.0009640024062401,98,0
48.508,-0.0007457607562401,98,0
48.51,-0.0005460744562401,98,0
48.512,-0.0007171805562401,98,0
48.514,-0.0008324572562401,98,0
48.516,-0.0009477339562401,98,0
48.518,-0.0011506509562401,98,0
48.52,-0.0011571365562401,98,0
48.522,-0.0010189666562401,98,0
48.524,-0.0008139684562401,98,0
48.526,-0.0008735609562401,98,0
48.528,-0.0011087728562401,98,0
48.53,-0.0011350379229067,98,0
48.532,-0.0011613029895734,98,0
48.534,-0.0011875680562401,98,0
48.536,-0.0011325735562401,98,0
48.538,-0.0010775790562401,98,0
48.54,-0.0008913237562401,98,0
48.542,-0.0006737052562401,98,0
48.544,-0.0005230844562401,98,0
48.546,-0.0005892472562401,98,0
48.548,-0.0007937130562401,98,0
48.55,-0.0010148405562401,98,0
48.552,-0.0011860071562401,98,0
48.554,-0.0011284111562401,98,0
48.556,-0.0009657992562401,98,0
48.558,-0.0007510605562401,98,0
48.56,-0.0007161520562401,98,0
48.562,-0.0011470693562401,98,0
48.564,-0.0011620854562401,98,0
48.566,-0.0010291427562401,98,0
48.568,-0.0009311375962401,98,0
48.57,-0.0008331324362401,98,0
48.572,-0.0007351272762401,98,0
48.574,-0.0006371221162401,98,0
48.576,-0.0005391169562401,98,0
48.578,-0.0006536434562401,98,0
48.58,-0.0010850689562401,98,0
48.582,-0.0011376918562401,98,0
48.584,-0.0011903147562401,98,0
48.586,-0.0008987410562401,98,0
48.588,-0.0005227577562401,98,0
48.59,-0.0005898038562401,98,0
48.592,-0.0010097101562401,98,0
48.594,-0.0011209091562401,98,0
48.596,-0.0009675295562401,98,0
48.598,-0.0007559368562401,98,0
48.6,-0.0006539762062401,98,0
48.602,-0.0005520155562401,98,0
48.604,-0.0007097753562401,98,0
48.606,-0.0007653083062401,98,0
48.608,-0.0008208412562401,98,0
48.61,-0.0008763742062401,98,0
48.612,-0.0009319071562401,98,0
48.614,-0.0011397730562401,98,0
48.616,-0.0010362938562401,98,0
48.618,-0.0009355432062401,98,0
48.62,-0.0008347925562401,98,0
48.622,-0.0005293643562401,98,0
48.624,-0.0005854902062401,98,0
48.626,-0.0006416160562401,98,0
48.628,-0.0008632517562401,98,0
48.63,-0.0010923289562401,98,0
48.632,-0.0010900541562401,98,0
48.634,-0.0009983361562401,98,0
48.636,-0.0009066181562401,98,0
48.638,-0.0006937428562401,98,0
48.64,-0.0005873959562401,98,0
48.642,-0.0007828956562401,98,0
48.644,-0.0008941491062401,98,0
48.646,-0.0010054025562401,98,0
48.648,-0.0011896976562401,98,0
48.65,-0.0009893216562401,98,0
48.652,-0.0008830352562401,98,0
48.654,-0.0007767488562401,98,0
48.656,-0.0005785629562401,98,0
48.658,-0.0005608243562401,98,0
48.66,-0.0007142886562401,98,0
48.662,-0.0009359364562401,98,0
48.664,-0.0009959827062401,98,0
48.666,-0.0010560289562401,98,0
48.668,-0.0008568266562401,98,0
48.67,-0.0006390024562401,98,0
48.672,-0.0006376956562401,98,0
48.674,-0.0007483925062401,98,0
48.676,-0.0008590893562401,98,0
48.678,-0.0010735860562401,98,0
48.68,-0.0011841679562401,98,0
48.682,-0.0010935873562401,98,0
48.684,-0.0009124866562401,98,0
48.686,-0.0007084443562401,98,0
48.688,-0.0005444046562401,98,0
48.69,-0.0005893682562401,98,0
48.692,-0.0007785033562401,98,0
48.694,-0.0011893709562401,98,0
48.696,-0.0011673973562401,98,0
48.698,-0.0011454237562401,98,0
48.7,-0.0007785275562401,98,0
48.702,-0.0006787025562401,98,0
48.704,-0.0005788775562401,98,0
48.706,-0.0005496560562401,98,0
48.708,-0.0007002526562401,98,0
48.71,-0.0009297775562401,98,0
48.712,-0.0011517036562401,98,0
48.714,-0.0010486963562401,98,0
48.716,-0.0008462149562401,98,0
48.718,-0.0007390150062401,98,0
48.72,-0.0006318150562401,98,0
48.722,-0.0006276526562401,98,0
48.724,-0.0007364740062401,98,0
48.726,-0.0008452953562401,98,0
48.728,-0.0010732835562401,98,0
48.73,-0.0011889837562401,98,0
48.732,-0.0010945432562401,98,0
48.734,-0.0007012569562401,98,0
48.736,-0.0006448891062401,98,0
48.738,-0.0005885212562401,98,0
48.74,-0.0006858718062401,98,0
48.742,-0.0007832223562401,98,0
48.744,-0.0011889958562401,98,0
48.746,-0.0011509534562401,98,0
48.748,-0.0009698346062401,98,0
48.75,-0.0007887157562401,98,0
48.752,-0.0006678791062401,98,0
48.754,-0.0005470424562401,98,0
48.756,-0.0006222681562401,98,0
48.758,-0.0006974938562401,98,0
48.76,-0.0011267897562401,98,0
48.762,-0.0011724188562401,98,0
48.764,-0.0010469539562401,98,0
48.766,-0.0009483026562401,98,0
48.768,-0.0008496513562401,98,0
48.77,-0.0005241371562401,98,0
48.772,-0.0006261764562401,98,0
48.774,-0.0007327835062401,98,0
48.776,-0.0008393905562401,98,0
48.778,-0.0011922144562401,98,0
48.78,-0.0011468213062401,98,0
48.782,-0.0011014281562401,98,0
48.784,-0.0009177622562401,98,0
48.786,-0.0007030598562401,98,0
48.788,-0.0007634872562401,98,0
48.79,-0.0009870105562401,98,0
48.792,-0.0011783357562401,98,0
48.794,-0.0011159360562401,98,0
48.796,-0.0010535363562401,98,0
48.798,-0.0009911366562401,98,0
48.8,-0.0007867192562401,98,0
48.802,-0.0005823018562401,98,0
48.804,-0.0005408351562401,98,0
48.806,-0.0006884067562401,98,0
48.808,-0.0007990975562401,98,0
48.81,-0.0009097883562401,98,0
48.812,-0.0011226394562401,98,0
48.814,-0.0011739918562401,98,0
48.816,-0.0010521206562401,98,0
48.818,-0.0008586416562401,98,0
48.82,-0.0005236773562401,98,0
48.822,-0.0005703954562401,98,0
48.824,-0.0006171135562401,98,0
48.826,-0.0008314771562401,98,0
48.828,-0.0010532822562401,98,0
48.83,-0.0011836234562401,98,0
48.832,-0.0009245745562401,98,0
48.834,-0.0007144580562401,98,0
48.836,-0.0006240952562401,98,0
48.838,-0.0005337324562401,98,0
48.84,-0.0007554044562401,98,0
48.842,-0.0008660952562401,98,0
48.844,-0.0009767860562401,98,0
48.846,-0.0011743548562401,98,0
48.848,-0.0009938470562401,98,0
48.85,-0.0008901137562401,98,0
48.852,-0.0007863804562401,98,0
48.854,-0.0005279607562401,98,0
48.856,-0.0006021519062401,98,0
48.858,-0.0006763430562401,98,0
48.86,-0.0009018628562401,98,0
48.862,-0.0011694422562401,98,0
48.864,-0.0010117006062401,98,0
48.866,-0.0008539589562401,98,0
48.868,-0.0005203377562401,98,0
48.87,-0.0005647205562401,98,0
48.872,-0.0006091033562401,98,0
48.874,-0.0008217487562401,98,0
48.876,-0.0010462521562401,98,0
48.878,-0.0011857288562401,98,0
48.88,-0.0011043684562401,98,0
48.882,-0.0009256272562401,98,0
48.884,-0.0007198183562401,98,0
48.886,-0.0005393710562401,98,0
48.888,-0.0009729745562401,98,0
48.89,-0.0011692244562401,98,0
48.892,-0.0011628719562401,98,0
48.894,-0.0011565194562401,98,0
48.896,-0.0010829756562401,98,0
48.898,-0.0010094318562401,98,0
48.9,-0.0008036350562401,98,0
48.902,-0.0005997137562401,98,0
48.904,-0.0005446829562401,98,0
48.906,-0.0006891569562401,98,0
48.908,-0.0009127528562401,98,0
48.91,-0.0011249384562401,98,0
48.912,-0.0011889837562401,98,0
48.914,-0.0008707537562401,98,0
48.916,-0.0006538007562401,98,0
48.918,-0.0005286383562401,98,0
48.92,-0.0006757743562401,98,0
48.922,-0.0008229103562401,98,0
48.924,-0.0010063887062401,98,0
48.926,-0.0011898670562401,98,0
48.928,-0.0011538635062401,98,0
48.93,-0.0011178599562401,98,0
48.932,-0.0005468972562401,98,0
48.934,-0.0005547380562401,98,0
48.936,-0.0005625788562401,98,0
48.938,-0.0007380772562401,98,0
48.94,-0.0008487075562401,98,0
48.942,-0.0009593378562401,98,0
48.944,-0.0011649289562401,98,0
48.946,-0.0011532645562401,98,0
48.948,-0.0010106297562401,98,0
48.95,-0.0008037681562401,98,0
48.952,-0.0006722290562401,98,0
48.954,-0.0008931750562401,98,0
48.956,-0.0009655733895734,98,0
48.958,-0.0010379717229067,98,0
48.96,-0.0011103700562401,98,0
48.962,-0.0011843010562401,98,0
48.964,-0.0010705247562401,98,0
48.966,-0.0008823576562401,98,0
48.968,-0.0005332121562401,98,0
48.97,-0.0006115354562401,98,0
48.972,-0.0008236363562401,98,0
48.974,-0.0010357372562401,98,0
48.976,-0.0011964373562401,98,0
48.978,-0.0011250352562401,98,0
48.98,-0.0009568936562401,98,0
48.982,-0.0007417314562401,98,0
48.984,-0.0005511927562401,98,0
48.986,-0.0005631838562401,98,0
48.988,-0.0009676868562401,98,0
48.99,-0.0010330591229067,98,0
48.992,-0.0010984313895734,98,0
48.994,-0.0011638036562401,98,0
48.996,-0.0010206727562401,98,0
48.998,-0.0009185971562401,98,0
49.0,-0.0008165215562401,99,0
49.002,-0.0005408230562401,99,0
49.004,-0.0006681271562401,99,0
49.006,-0.0011975747562401,99,0
49.008,-0.0011369174562401,99,0
49.01,-0.0010762601562401,99,0
49.012,-0.0008830715562401,99,0
49.014,-0.0008131093562401,99,0
49.016,-0.0007431471562401,99,0
49.018,-0.0006731849562401,99,0
49.02,-0.0006134109562401,99,0
49.022,-0.0010474379562401,99,0
49.024,0.0001359783437598,99,0
49.026,-0.0002309622229067,99,0
49.028,-0.0005979027895734,99,0
49.03,-0.0009648433562401,99,0
49.032,-0.0007673108562401,99,0
49.034,-0.0005697783562401,99,0
49.036,-0.0007403520562401,99,0
49.038,-0.0008507343062401,99,0
49.04,-0.0009611165562401,99,0
49.042,-0.0010655335062401,99,0
49.044,-0.0011699504562401,99,0
49.046,-0.0011780332562401,99,0
49.048,-0.0010348418562401,99,0
49.05,-0.0008238057562401,99,0
49.052,-0.0006153953562401,99,0
49.054,-0.0005420572562401,99,0
49.056,-0.0006708254562401,99,0
49.058,-0.0008921344562401,99,0
49.06,-0.0011016459562401,99,0
49.062,-0.0011894072562401,99,0
49.064,-0.0010811606562401,99,0
49.066,-0.0008934049562401,99,0
49.068,-0.0006793801562401,99,0
49.07,-0.0005324861562401,99,0
49.072,-0.0006057153562401,99,0
49.074,-0.0008097697562401,99,0
49.076,-0.0010330510562401,99,0
49.078,-0.0012005634562401,99,0
49.08,-0.0011435240562401,99,0
49.082,-0.0005608001562401,99,0
49.084,-0.0005589428062401,99,0
49.086,-0.0005570854562401,99,0
49.088,-0.0006420577062401,99,0
49.09,-0.0007270299562401,99,0
49.092,-0.0011658727562401,99,0
49.094,-0.0011641061562401,99,0
49.096,-0.0011623395562401,99,0
49.098,-0.0010246536562401,99,0
49.1,-0.0006123582562401,99,0
49.102,-0.0005729485562401,99,0
49.104,-0.0005335388562401,99,0
49.106,-0.0006507152562401,99,0
49.108,-0.0008695921562401,99,0
49.11,-0.0010975319562401,99,0
49.112,-0.0010805677562401,99,0
49.114,-0.0008771546562401,99,0
49.116,-0.0006737415562401,99,0
49.118,-0.0005950734062401,99,0
49.12,-0.0005164052562401,99,0
49.122,-0.0005853994562401,99,0
49.124,-0.0007891513562401,99,0
49.126,-0.0011794731562401,99,0
49.128,-0.0011247327562401,99,0
49.13,-0.0009714378562401,99,0
49.132,-0.0008600755062401,99,0
49.134,-0.0007487131562401,99,0
49.136,-0.0005485428562401,99,0
49.138,-0.0005424081562401,99,0
49.14,-0.0009375699562401,99,0
49.142,-0.0010455261562401,99,0
49.144,-0.0011534823562401,99,0
49.146,-0.0010299776562401,99,0
49.148,-0.0009265105562401,99,0
49.15,-0.0008230434562401,99,0
49.152,-0.0006082926562401,99,0
49.154,-0.0005212573562401,99,0
49.156,-0.0006380586562401,99,0
49.158,-0.0008617634562401,99,0
49.16,-0.0010794545562401,99,0
49.162,-0.0011778154562401,99,0
49.164,-0.0010914093562401,99,0
49.166,-0.0005316149562401,99,0
49.168,-0.0005608727562401,99,0
49.17,-0.0005901305562401,99,0
49.172,-0.0007901435562401,99,0
49.174,-0.0009025767562401,99,0
49.176,-0.0010150099562401,99,0
49.178,-0.0011891168562401,99,0
49.18,-0.0011356953562401,99,0
49.182,-0.0009752493562401,99,0
49.184,-0.0007682183562401,99,0
49.186,-0.0005750902562401,99,0
49.188,-0.0007168659562401,99,0
49.19,-0.0008292749562401,99,0
49.192,-0.0009416839562401,99,0
49.194,-0.0011461376562401,99,0
49.196,-0.0010383387562401,99,0
49.198,-0.0008336430562401,99,0
49.2,-0.0006255109562401,99,0
49.202,-0.0005308042562401,99,0
49.204,-0.0006359774562401,99,0
49.206,-0.0007466743062401,99,0
49.208,-0.0008573711562401,99,0
49.21,-0.0010832297562401,99,0
49.212,-0.0011800055562401,99,0
49.214,-0.0010833144562401,99,0
49.216,-0.0006954005562401,99,0
49.218,-0.0005755016562401,99,0
49.22,-0.0006425679229067,99,0
49.222,-0.0007096341895734,99,0
49.224,-0.0007767004562401,99,0
49.226,-0.0010040715562401,99,0
49.228,-0.0011387808562401,99,0
49.23,-0.0009771369562401,99,0
49.232,-0.0008731253562401,99,0
49.234,-0.0007691137562401,99,0
49.236,-0.0005547743562401,99,0
49.238,-0.0007106102562401,99,0
49.24,-0.0009353314562401,99,0
49.242,-0.0010411641062401,99,0
49.244,-0.0011469967562401,99,0
49.246,-0.0010464457562401,99,0
49.248,-0.0008490826562401,99,0
49.25,-0.0006371753562401,99,0
49.252,-0.0005840321562401,99,0
49.254,-0.0005308889562401,99,0
49.256,-0.0008519624562401,99,0
49.258,-0.0009619877562401,99,0
49.26,-0.0010720130562401,99,0
49.262,-0.0009154874562401,99,0
49.264,-0.0007898168562401,99,0
49.266,-0.0006641462562401,99,0
49.268,-0.0005384756562401,99,0
49.27,-0.0005638614562401,99,0
49.272,-0.0005892472562401,99,0
49.274,-0.0007853398562401,99,0
49.276,-0.0011874107562401,99,0
49.278,-0.0010839194562401,99,0
49.28,-0.0009804281562401,99,0
49.282,-0.0007752484562401,99,0
49.284,-0.0005715570562401,99,0
49.286,-0.0005449491562401,99,0
49.288,-0.0006967557562401,99,0
49.29,-0.0009212228562401,99,0
49.292,-0.0010295239062401,99,0
49.294,-0.0011378249562401,99,0
49.296,-0.0011766054562401,99,0
49.298,-0.0005221890562401,99,0
49.3,-0.0005574081229067,99,0
49.302,-0.0005926271895734,99,0
49.304,-0.0006278462562401,99,0
49.306,-0.0008431415562401,99,0
49.308,-0.0009556171062401,99,0
49.31,-0.0010680926562401,99,0
49.312,-0.0011818447562401,99,0
49.314,-0.0009144589562401,99,0
49.316,-0.0006986433562401,99,0
49.318,-0.0005249115562401,99,0
49.32,-0.0005679754562401,99,0
49.322,-0.0006665178562401,99,0
49.324,-0.0007650602562401,99,0
49.326,-0.0011713903562401,99,0
49.328,-0.0011552308062401,99,0
49.33,-0.0011390712562401,99,0
49.332,-0.0007735060562401,99,0
49.334,-0.0006694097562401,99,0
49.336,-0.0005653134562401,99,0
49.338,-0.0009187665562401,99,0
49.34,-0.0011304560562401,99,0
49.342,-0.0011450486562401,99,0
49.344,-0.0011596412562401,99,0
49.346,-0.0011742338562401,99,0
49.348,-0.0010516608562401,99,0
49.35,-0.0008520955562401,99,0
49.352,-0.0005296789562401,99,0
49.354,-0.0005790348562401,99,0
49.356,-0.0006283907562401,99,0
49.358,-0.0008389428562401,99,0
49.36,-0.0011897460562401,99,0
49.362,-0.0011018274562401,99,0
49.364,-0.0007178944562401,99,0
49.366,-0.0006313008062401,99,0
49.368,-0.0005447071562401,99,0
49.37,-0.0005604674062401,99,0
49.372,-0.0005762276562401,99,0
49.374,-0.0009812630562401,99,0
49.376,-0.0011684863562401,99,0
49.378,-0.0011513104062401,99,0
49.38,-0.0011341344562401,99,0
49.382,-0.0009848083562401,99,0
49.384,-0.0005736745562401,99,0
49.386,-0.0005256012562401,99,0
49.388,-0.0007109248562401,99,0
49.39,-0.0008962484562401,99,0
49.392,-0.0010044769062401,99,0
49.394,-0.0011127053562401,99,0
49.396,-0.0011647716562401,99,0
49.398,-0.0008504983562401,99,0
49.4,-0.0007461358562401,99,0
49.402,-0.0006417733562401,99,0
49.404,-0.0005108634562401,99,0
49.406,-0.0006102528562401,99,0
49.408,-0.0010360881562401,99,0
49.41,-0.0011727334562401,99,0
49.412,-0.0011344672062401,99,0
49.414,-0.0010962009562401,99,0
49.416,-0.0009251190562401,99,0
49.418,-0.0005675519562401,99,0
49.42,-0.0007545574562401,99,0
49.422,-0.0008654660562401,99,0
49.424,-0.0009763746562401,99,0
49.426,-0.0010742636562401,99,0
49.428,-0.0011721526562401,99,0
49.43,-0.0011446856562401,99,0
49.432,-0.0007930233562401,99,0
49.434,-0.0005854720562401,99,0
49.436,-0.0006925691562401,99,0
49.438,-0.0008031087062401,99,0
49.44,-0.0009136482562401,99,0
49.442,-0.0010198136562401,99,0
49.444,-0.0011259790562401,99,0
49.446,-0.0011787834562401,99,0
49.448,-0.0008586900562401,99,0
49.45,-0.0007532325062401,99,0
49.452,-0.0006477749562401,99,0
49.454,-0.0005250446562401,99,0
49.456,-0.0006112087562401,99,0
49.458,-0.0010428641562401,99,0
49.46,-0.0011163535062401,99,0
49.462,-0.0011898428562401,99,0
49.464,-0.0007189350562401,99,0
49.466,-0.0006247063062401,99,0
49.468,-0.0005304775562401,99,0
49.47,-0.0007452828062401,99,0
49.472,-0.0009600880562401,99,0
49.474,-0.0011500338562401,99,0
49.476,-0.0011429614062401,99,0
49.478,-0.0011358889562401,99,0
49.48,-0.0010636338062401,99,0
49.482,-0.0009913786562401,99,0
49.484,-0.0005813096562401,99,0
49.486,-0.0005254802562401,99,0
49.488,-0.0005927139062401,99,0
49.49,-0.0006599475562401,99,0
49.492,-0.0008860844562401,99,0
49.494,-0.0011021299562401,99,0
49.496,-0.0011648079562401,99,0
49.498,-0.0010588724562401,99,0
49.5,-0.0008769005562401,100,1
49.502,-0.0006550833562401,100,1
49.504,-0.0005250446562401,100,1
49.506,-0.0006060057562401,100,1
49.508,-0.0008210590562401,100,1
49.51,-0.0010498700562401,100,1
49.512,-0.0011898912562401,100,1
49.514,-0.0011171944562401,100,1
49.516,-0.0005471755562401,100,1
49.518,-0.0005576541562401,100,1
49.52,-0.0006889835229067,100,1
49.522,-0.0008203128895734,100,1
49.524,-0.0009516422562401,100,1
49.526,-0.0010493739562401,100,1
49.528,-0.0011471056562401,100,1
49.53,-0.0011392648562401,100,1
49.532,-0.0009982877562401,100,1
49.534,-0.0007994847562401,100,1
49.536,-0.0005260489562401,100,1
49.538,-0.0006595845562401,100,1
49.54,-0.0007719149062401,100,1
49.542,-0.0008842452562401,100,1
49.544,-0.0011088696562401,100,1
49.546,-0.0011828611562401,100,1
49.548,-0.0010628533562401,100,1
49.55,-0.0008681038562401,100,1
49.552,-0.0005113474562401,100,1
49.554,-0.0005875895562401,100,1
49.556,-0.0006942994562401,100,1
49.558,-0.0008010093562401,100,1
49.56,-0.0010288281562401,100,1
49.562,-0.0011065101562401,100,1
49.564,-0.0009439708562401,100,1
49.566,-0.0007300549562401,100,1
49.568,-0.0005343616562401,100,1
49.57,-0.0005490147562401,100,1
49.572,-0.0007529784062401,100,1
49.574,-0.0009569420562401,100,1
49.576,-0.0011630413562401,100,1
49.578,-0.0011613352562401,100,1
49.58,-0.0011596291562401,100,1
49.582,-0.0010141387562401,100,1
49.584,-0.0005925263562401,100,1
49.586,-0.0005220317562401,100,1
49.588,-0.0006491059562401,100,1
49.59,-0.0008754848562401,100,1
49.592,-0.0010902356562401,100,1
49.594,-0.0011708095562401,100,1
49.596,-0.0011196507562401,100,1
49.598,-0.0010684919562401,100,1
49.6,-0.0006626458562401,100,1
49.602,-0.0005896526062401,100,1
49.604,-0.0005166593562401,100,1
49.606,-0.0005872144562401,100,1
49.608,-0.0007967985562401,100,1
49.61,-0.0011783478562401,100,1
49.612,-0.0010625569062401,100,1
49.614,-0.0009467659562401,100,1
49.616,-0.0007324144562401,100,1
49.618,-0.0006360077062401,100,1
49.62,-0.0005396009562401,100,1
49.622,-0.0007162004562401,100,1
49.624,-0.0008295593062401,100,1
49.626,-0.0009429181562401,100,1
49.628,-0.0011568340562401,100,1
49.63,-0.0011620249562401,100,1
49.632,-0.0008108708562401,100,1
49.634,-0.0007026968562401,100,1
49.636,-0.0005945228562401,100,1
49.638,-0.0005149290562401,100,1
49.64,-0.0006402729562401,100,1
49.642,-0.0010931033562401,100,1
49.644,-0.0011809614562401,100,1
49.646,-0.0010283562562401,100,1
49.648,-0.0008757510562401,100,1
49.65,-0.0006647270562401,100,1
49.652,-0.0006269690062401,100,1
49.654,-0.0005892109562401,100,1
49.656,-0.0007999203562401,100,1
49.658,-0.0009895878562401,100,1
49.66,-0.0011792553562401,100,1
49.662,-0.0011459077562401,100,1
49.664,-0.0011125601562401,100,1
49.666,-0.0005293522562401,100,1
49.668,-0.0005338655562401,100,1
49.67,-0.0006196848062401,100,1
49.672,-0.0007055040562401,100,1
49.674,-0.0009200068062401,100,1
49.676,-0.0011345095562401,100,1
49.678,-0.0011449276562401,100,1
49.68,-0.0010066246562401,100,1
49.682,-0.0009038956562401,100,1
49.684,-0.0008011666562401,100,1
49.686,-0.0005955392562401,100,1
49.688,-0.0006394985562401,100,1
49.69,-0.0008643286562401,100,1
49.692,-0.0009758785562401,100,1
49.694,-0.0010874284562401,100,1
49.696,-0.0011888627562401,100,1
49.698,-0.0010775669562401,100,1
49.7,-0.0008857819562401,100,1
49.702,-0.0005198416562401,100,1
49.704,-0.0005846855562401,100,1
49.706,-0.0006930350062401,100,1
49.708,-0.0008013844562401,100,1
49.71,-0.0010044224562401,100,1
49.712,-0.0009484478562401,100,1
49.714,-0.0005470787562401,100,1
49.716,-0.0007055887562401,100,1
49.718,-0.0009338310562401,100,1
49.72,-0.0010436506562401,100,1
49.722,-0.0011534702562401,100,1
49.724,-0.0011569853062401,100,1
49.726,-0.0011605003562401,100,1
49.728,-0.0011640154062401,100,1
49.73,-0.0011675304562401,100,1
49.732,-0.0010245447562401,100,1
49.734,-0.0008233943562401,100,1
49.736,-0.0006203926562401,100,1
49.738,-0.0005234474562401,100,1
49.74,-0.0006280519562401,100,1
49.742,-0.0008415080562401,100,1
49.744,-0.0010630469562401,100,1
49.746,-0.0010781840562401,100,1
49.748,-0.0009854920062401,100,1
49.75,-0.0008927999562401,100,1
49.752,-0.0006796705562401,100,1
49.754,-0.0005248510562401,100,1
49.756,-0.0005770867562401,100,1
49.758,-0.0009943068562401,100,1
49.76,-0.0010848330062401,100,1
49.762,-0.0011753591562401,100,1
49.764,-0.0011234622562401,100,1
49.766,-0.0009663679562401,100,1
49.768,-0.0007640196562401,100,1
49.77,-0.0005516646562401,100,1
49.772,-0.0005351118562401,100,1
49.774,-0.0006852365562401,100,1
49.776,-0.0009089413562401,100,1
49.778,-0.0011255676562401,100,1
49.78,-0.0011502879562401,100,1
49.782,-0.0010417993562401,100,1
49.784,-0.0008614488562401,100,1
49.786,-0.0006411078562401,100,1
49.788,-0.0006324321562401,100,1
49.79,-0.0007606256062401,100,1
49.792,-0.0008888190562401,100,1
49.794,-0.0011173880562401,100,1
49.796,-0.0012201896562401,100,1
49.798,-0.0009354040562401,100,1
49.8,-0.0005932765562401,100,1
49.802,-0.0009066060562401,100,1
49.804,-0.0009637422562401,100,1
49.806,-0.0010208784562401,100,1
49.808,-0.0010780146562401,100,1
49.81,-0.0011665019562401,100,1
49.812,-0.0012549892562401,100,1
49.814,-0.0012727036562401,100,1
49.816,-0.0011233049562401,100,1
49.818,-0.0007471885562401,100,1
49.82,-0.0007624829562401,100,1
49.822,-0.0009475161562401,100,1
49.824,-0.0011915852562401,100,1
49.826,-0.0013135835062401,100,1
49.828,-0.0014355817562401,100,1
49.83,-0.0015046606562401,100,1
49.832,-0.0014019195562401,100,1
49.834,-0.0012316967562401,100,1
49.836,-0.0009457737562401,100,1
49.838,-0.0010054449062401,100,1
49.84,-0.0010651160562401,100,1
49.842,-0.0013010660562401,100,1
49.844,-0.0015567995562401,100,1
49.846,-0.0015999602562401,100,1
49.848,-0.0014108977562401,100,1
49.85,-0.0010188093562401,100,1
49.852,-0.0011645619229067,100,1
49.854,-0.0013103144895734,100,1
49.856,-0.0014560670562401,100,1
49.858,-0.0015489708562401,100,1
49.86,-0.0016418746562401,100,1
49.862,-0.0015881990562401,100,1
49.864,-0.0015026157562401,100,1
49.866,-0.0014170324562401,100,1
49.868,-0.0011964252562401,100,1
49.87,-0.0009710869562401,100,1
49.872,-0.0009310843562401,100,1
49.874,-0.0010768046562401,100,1
49.876,-0.0012952217562401,100,1
49.878,-0.0015054350562401,100,1
49.88,-0.0014013992562401,100,1
49.882,-0.0011754559562401,100,1
49.884,-0.0010614255562401,100,1
49.886,-0.0009473951562401,100,1
49.888,-0.0009147493562401,100,1
49.89,-0.0013250845562401,100,1
49.892,-0.0014406758562401,100,1
49.894,-0.0013947745062401,100,1
49.896,-0.0013488731562401,100,1
49.898,-0.0012536098562401,100,1
49.9,-0.0011583465562401,100,1
49.902,-0.0007248761562401,100,1
49.904,-0.0007629790562401,100,1
49.906,-0.0009518358562401,100,1
49.908,-0.0011746089562401,100,1
49.91,-0.0012705317062401,100,1
49.912,-0.0013664544562401,100,1
49.914,-0.0013229912562401,100,1
49.916,-0.0009404739562401,100,1
49.918,-0.0008272240062401,100,1
49.92,-0.0007139740562401,100,1
49.922,-0.0010281505562401,100,1
49.924,-0.0011574753562401,100,1
49.926,-0.0009490770562401,100,1
49.928,-0.0007202297562401,100,1
49.93,-0.0009093527562401,100,1
49.932,-0.0011355622562401,100,1
49.934,-0.0012720744562401,100,1
49.936,-0.0011777549562401,100,1
49.938,-0.0011150809895734,100,1
49.94,-0.0010524070229067,100,1
49.942,-0.0009897330562401,100,1
49.944,-0.0008838399062401,100,1
49.946,-0.0007779467562401,100,1
49.948,-0.0005931918562401,100,1
49.95,-0.0006247607562401,100,1
49.952,-0.0008161343562401,100,1
49.954,-0.0009205815562401,100,1
49.956,-0.0010250287562401,100,1
49.958,-0.0011294759562401,100,1
49.96,-0.0012339231562401,100,1
49.962,-0.0011900122562401,100,1
49.964,-0.0011155065062401,100,1
49.966,-0.0010410007562401,100,1
49.968,-0.0008265645562401,100,1
49.97,-0.0005580776562401,100,1
49.972,-0.0006326197062401,100,1
49.974,-0.0007071617562401,100,1
49.976,-0.0009427366562401,100,1
49.978,-0.0011652435562401,100,1
49.98,-0.0012191006562401,100,1
49.982,-0.0008806152562401,100,1
49.984,-0.0006581930562401,100,1
49.986,-0.0005945531062401,100,1
49.988,-0.0005309131562401,100,1
49.99,-0.0006317908562401,100,1
49.992,-0.0008524464562401,100,1
49.994,-0.0010759697562401,100,1
49.996,-0.0009500571562401,100,1
49.998,-0.0008462210062401,100,1
50.0,-0.0007423848562401,101,1
50.002,-0.0006490212562401,101,1
50.004,-0.0005556576562401,101,1
50.006,-0.0007605590562401,101,1
50.008,-0.0011907866562401,101,1
50.01,-0.0008321184562401,101,1
50.012,-0.0005252987562401,101,1
50.014,-0.0006772505562401,101,1
50.016,-0.0009086993562401,101,1
50.018,-0.0011988210562401,101,1
50.02,-0.0011446251562401,101,1
50.022,-0.0010904292562401,101,1
50.024,-0.0010424164562401,101,1
50.026,-0.0009944036562401,101,1
50.028,-0.0009463908562401,101,1
50.03,-0.0008983780562401,101,1
50.032,-0.0008017051062401,101,1
50.034,-0.0007050321562401,101,1
50.036,-0.0005609816562401,101,1
50.038,-0.0005906266562401,101,1
50.04,-0.0006202716562401,101,1
50.042,-0.0011101643562401,101,1
50.044,-0.0011480010562401,101,1
50.046,-0.0008798529562401,101,1
50.048,-0.0006117048562401,101,1
50.05,-0.0006515743562401,101,1
50.052,-0.0008344053562401,101,1
50.054,-0.0011047677562401,101,1
50.056,-0.0012260097562401,101,1
50.058,-0.0013472517562401,101,1
50.06,-0.0012594420562401,101,1
50.062,-0.0010129529562401,101,1
50.064,-0.0008846929562401,101,1
50.066,-0.0007564329562401,101,1
50.068,-0.0011864548562401,101,1
50.07,-0.0012669924562401,101,1
50.072,-0.0013475300562401,101,1
50.074,-0.0014280676562401,101,1
50.076,-0.0014620404229067,101,1
50.078,-0.0014960131895734,101,1
50.08,-0.0015299859562401,101,1
50.082,-0.0010526772562401,101,1
50.084,-0.0009387315562401,101,1
50.086,-0.0010665317562401,101,1
50.088,-0.0011362701062401,101,1
50.09,-0.0012060084562401,101,1
50.092,-0.0014257928562401,101,1
50.094,-0.0015191564562401,101,1
50.096,-0.0016125200562401,101,1
50.098,-0.0015278321562401,101,1
50.1,-0.0012435063562401,101,1
50.102,-0.0009591805562401,101,1
50.104,-0.0009922498562401,101,1
50.106,-0.0014258049562401,101,1
50.108,-0.0016279475562401,101,1
50.11,-0.0016215829562401,101,1
50.112,-0.0010669673562401,101,1
50.114,-0.0009880027562401,101,1
50.116,-0.0010611472562401,101,1
50.118,-0.0011342917562401,101,1
50.12,-0.0013513536562401,101,1
50.122,-0.0015800920562401,101,1
50.124,-0.0016608716562401,101,1
50.126,-0.0013585168562401,101,1
50.128,-0.0012841341229067,101,1
50.13,-0.0012097513895734,101,1
50.132,-0.0011353686562401,101,1
50.134,-0.0010603486562401,101,1
50.136,-0.0009853286562401,101,1
50.138,-0.0014973643562401,101,1
50.14,-0.0015790151562401,101,1
50.142,-0.0016606659562401,101,1
50.144,-0.0016205786562401,101,1
50.146,-0.0015804913562401,101,1
50.148,-0.0013932075562401,101,1
50.15,-0.0011689824562401,101,1
50.152,-0.0009665857562401,101,1
50.154,-0.0009663195562401,101,1
50.156,-0.0011568824562401,101,1
50.158,-0.0015711380562401,101,1
50.16,-0.0014132209562401,101,1
50.162,-0.0012054034562401,101,1
50.164,-0.0009937381562401,101,1
50.166,-0.0009664970229067,101,1
50.168,-0.0009392558895734,101,1
50.17,-0.0009120147562401,101,1
50.172,-0.0012754261562401,101,1
50.174,-0.0014971465562401,101,1
50.176,-0.0015800920562401,101,1
50.178,-0.0014601931562401,101,1
50.18,-0.0010302922562401,101,1
50.182,-0.0009781291562401,101,1
50.184,-0.0009259660562401,101,1
50.186,-0.0008738029562401,101,1
50.188,-0.0011560959562401,101,1
50.19,-0.0015355761562401,101,1
50.192,-0.0014562001562401,101,1
50.194,-0.0013929010229067,101,1
50.196,-0.0013296018895734,101,1
50.198,-0.0012663027562401,101,1
50.2,-0.0010455745562401,101,1
50.202,-0.0008393905562401,101,1
50.204,-0.0010009497562401,101,1
50.206,-0.0012197359062401,101,1
50.208,-0.0014385220562401,101,1
50.21,-0.0014352792562401,101,1
50.212,-0.0014320364562401,101,1
50.214,-0.0012762489562401,101,1
50.216,-0.0008175379562401,101,1
50.218,-0.0007301154562401,101,1
50.22,-0.0008509339562401,101,1
50.222,-0.0009622539562401,101,1
50.224,-0.0010735739562401,101,1
50.226,-0.0013851489562401,101,1
50.228,-0.0013261191062401,101,1
50.23,-0.0012670892562401,101,1
50.232,-0.0010587393562401,101,1
50.234,-0.0006525665562401,101,1
50.236,-0.0007224440562401,101,1
50.238,-0.0011489206562401,101,1
50.24,-0.0012341893562401,101,1
50.242,-0.0013194580562401,101,1
50.244,-0.0012831036062401,101,1
50.246,-0.0012467491562401,101,1
50.248,-0.0010714322562401,101,1
50.25,-0.0006338599562401,101,1
50.252,-0.0006317364062401,101,1
50.254,-0.0006296128562401,101,1
50.256,-0.0008047119562401,101,1
50.258,-0.0010310787562401,101,1
50.26,-0.0012435426562401,101,1
50.262,-0.0011240430562401,101,1
50.264,-0.0009030607562401,101,1
50.266,-0.0007890303562401,101,1
50.268,-0.0006749999562401,101,1
50.27,-0.0005806199562401,101,1
50.272,-0.0009313021562401,101,1
50.274,-0.0011658485562401,101,1
50.276,-0.0012085252562401,101,1
50.278,-0.0012512019562401,101,1
50.28,-0.0011396641562401,101,1
50.282,-0.0009421679562401,101,1
50.284,-0.0006233450562401,101,1
50.286,-0.0006953763562401,101,1
50.288,-0.0007674076562401,101,1
50.29,-0.0008394389562401,101,1
50.292,-0.0010652007562401,101,1
50.294,-0.0012332576562401,101,1
50.296,-0.0011707732562401,101,1
50.298,-0.0010008529562401,101,1
50.3,-0.0007833554562401,101,1
50.302,-0.0005881098562401,101,1
50.304,-0.0005768447562401,101,1
50.306,-0.0007417072562401,101,1
50.308,-0.0009740030562401,101,1
50.31,-0.0010594048562401,101,1
50.312,-0.0009888860562401,101,1
50.314,-0.0009183672562401,101,1
50.316,-0.0008478484562401,101,1
50.318,-0.0006319239562401,101,1
50.32,-0.0008951473562401,101,1
50.322,-0.0010561015562401,101,1
50.324,-0.0012170557562401,101,1
50.326,-0.0011140968562401,101,1
50.328,-0.0009246713562401,101,1
50.33,-0.0007045965562401,101,1
50.332,-0.0006242525562401,101,1
50.334,-0.0005439085562401,101,1
50.336,-0.0005737532062401,101,1
50.338,-0.0006035978562401,101,1
50.34,-0.0008088017562401,101,1
50.342,-0.0012173582562401,101,1
50.344,-0.0011900364562401,101,1
50.346,-0.0011627146562401,101,1
50.348,-0.0009960613562401,101,1
50.35,-0.0007744619562401,101,1
50.352,-0.0005694153562401,101,1
50.354,-0.0005586947562401,101,1
50.356,-0.0007264370562401,101,1
50.358,-0.0009574865562401,101,1
50.36,-0.0010614860562401,101,1
50.362,-0.0008523859562401,101,1
50.364,-0.0006286690562401,101,1
50.366,-0.0005813157062401,101,1
50.368,-0.0005339623562401,101,1
50.37,-0.0005962168562401,101,1
50.372,-0.0006584713562401,101,1
50.374,-0.0008913842562401,101,1
50.376,-0.0011177389562401,101,1
50.378,-0.0012224886562401,101,1
50.38,-0.0011184044562401,101,1
50.382,-0.0007122800562401,101,1
50.384,-0.0006555008062401,101,1
50.386,-0.0005987215562401,101,1
50.388,-0.0008102356062401,101,1
50.39,-0.0010217496562401,101,1
50.392,-0.0011116466062401,101,1
50.394,-0.0012015435562401,101,1
50.396,-0.0011504210562401,101,1
50.398,-0.0005619617562401,101,1
50.4,-0.0005509507562401,101,1
50.402,-0.0006061630562401,101,1
50.404,-0.0006613753562401,101,1
50.406,-0.0007165876562401,101,1
50.408,-0.0009559256562401,101,1
50.41,-0.0011836718562401,101,1
50.412,-0.0010546979562401,101,1
50.414,-0.0009511038062401,101,1
50.416,-0.0008475096562401,101,1
50.418,-0.0005383183562401,101,1
50.42,-0.0008652603562401,101,1
50.422,-0.0009405586562401,101,1
50.424,-0.0010158569562401,101,1
50.426,-0.0010911552562401,101,1
50.428,-0.0012034795562401,101,1
50.43,-0.0011007747562401,101,1
50.432,-0.0009137208562401,101,1
50.434,-0.0006984739562401,101,1
50.436,-0.0005305864562401,101,1
50.438,-0.0005797366562401,101,1
50.44,-0.0007737964562401,101,1
50.442,-0.0010078709562401,101,1
50.444,-0.0011933155562401,101,1
50.446,-0.0010001027562401,101,1
50.448,-0.0005734930562401,101,1
50.45,-0.0005474538562401,101,1
50.452,-0.0006252810562401,101,1
50.454,-0.0007031082562401,101,1
50.456,-0.0008161101562401,101,1
50.458,-0.0009291120562401,101,1
50.46,-0.0011451212562401,101,1
50.462,-0.0010616433562401,101,1
50.464,-0.0009577346062401,101,1
50.466,-0.0008538258562401,101,1
50.468,-0.0005235442562401,101,1
50.47,-0.0005791437562401,101,1
50.472,-0.0006347432562401,101,1
50.474,-0.0008598153562401,101,1
50.476,-0.0010892313562401,101,1
50.478,-0.0011178357562401,101,1
50.48,-0.0009308786562401,101,1
50.482,-0.0008204843062401,101,1
50.484,-0.0007100899562401,101,1
50.486,-0.0005341317562401,101,1
50.488,-0.0005789864562401,101,1
50.49,-0.0009999817562401,101,1
50.492,-0.0011909197562401,101,1
50.494,-0.0011734352562401,101,1
50.496,-0.0011559507562401,101,1
50.498,-0.0009993767562401,101,1
50.5,-0.0005524269562401,102,0
50.502,-0.0006999380562401,102,0
50.504,-0.0008139745062401,102,0
50.506,-0.0009280109562401,102,0
50.508,-0.0011585280562401,102,0
50.51,-0.0011797333062401,102,0
50.512,-0.0012009385562401,102,0
50.514,-0.0010720009562401,102,0
50.516,-0.0006463713562401,102,0
50.518,-0.0005881885062401,102,0
50.52,-0.0005300056562401,102,0
50.522,-0.0006254746562401,102,0
50.524,-0.0008456099562401,102,0
50.526,-0.0012015556562401,102,0
50.528,-0.0011614986062401,102,0
50.53,-0.0011214415562401,102,0
50.532,-0.0009374126562401,102,0
50.534,-0.0007153776562401,102,0
50.536,-0.0005722467562401,102,0
50.538,-0.0007697066562401,102,0
50.54,-0.0008858666562401,102,0
50.542,-0.0010020266562401,102,0
50.544,-0.0012049436562401,102,0
50.546,-0.0011690671562401,102,0
50.548,-0.0005860286562401,102,0
50.55,-0.0007003736562401,102,0
50.552,-0.0008139926562401,102,0
50.554,-0.0009276116562401,102,0
50.556,-0.0011385267562401,102,0
50.558,-0.0010609173562401,102,0
50.56,-0.0006475692562401,102,0
50.562,-0.0005303081562401,102,0
50.564,-0.0005774376562401,102,0
50.566,-0.0006245671562401,102,0
50.568,-0.0008461907562401,102,0
50.57,-0.0009026312062401,102,0
50.572,-0.0009590716562401,102,0
50.574,-0.0010155121062401,102,0
50.576,-0.0010719525562401,102,0
50.578,-0.0012055849562401,102,0
50.58,-0.0011171218562401,102,0
50.582,-0.0009382596562401,102,0
50.584,-0.0007246341562401,102,0
50.586,-0.0005488090562401,102,0
50.588,-0.0007698276562401,102,0
50.59,-0.0010020145562401,102,0
50.592,-0.0011675909562401,102,0
50.594,-0.0010884327562401,102,0
50.596,-0.0010092745562401,102,0
50.598,-0.0009071626562401,102,0
50.6,-0.0008050507562401,102,0
50.602,-0.0005914494562401,102,0
50.604,-0.0005392863562401,102,0
50.606,-0.0006841838562401,102,0
50.608,-0.0011450244562401,102,0
50.61,-0.0010789221562401,102,0
50.612,-0.0008752186562401,102,0
50.614,-0.0006535103562401,102,0
50.616,-0.0005311672562401,102,0
50.618,-0.0005624013895734,102,0
50.62,-0.0005936355229067,102,0
50.622,-0.0006248696562401,102,0
50.624,-0.0008462028562401,102,0
50.626,-0.0010612077562401,102,0
50.628,-0.0012036247562401,102,0
50.63,-0.0011271164562401,102,0
50.632,-0.0009513639562401,102,0
50.634,-0.0005504788562401,102,0
50.636,-0.0006583382562401,102,0
50.638,-0.0007661976562401,102,0
50.64,-0.0008790241062401,102,0
50.642,-0.0009918505562401,102,0
50.644,-0.0011859708562401,102,0
50.646,-0.0011684500562401,102,0
50.648,-0.0010156512562401,102,0
50.65,-0.0005899006562401,102,0
50.652,-0.0005278397562401,102,0
50.654,-0.0006019764562401,102,0
50.656,-0.0006761131562401,102,0
50.658,-0.0011305407562401,102,0
50.66,-0.0010799627562401,102,0
50.662,-0.0008791390562401,102,0
50.664,-0.0006558819562401,102,0
50.666,-0.0006335332562401,102,0
50.668,-0.0006111845562401,102,0
50.67,-0.0007207561062401,102,0
50.672,-0.0008303276562401,102,0
50.674,-0.0009459915562401,102,0
50.676,-0.0010616554562401,102,0
50.678,-0.0012048105562401,102,0
50.68,-0.0011298873562401,102,0
50.682,-0.0009504201562401,102,0
50.684,-0.0007299097562401,102,0
50.686,-0.0005367211562401,102,0
50.688,-0.0007507943562401,102,0
50.69,-0.0009768949562401,102,0
50.692,-0.0011834177562401,102,0
50.694,-0.0011774645562401,102,0
50.696,-0.0011715113562401,102,0
50.698,-0.0010218101562401,102,0
50.7,-0.0008129036562401,102,0
50.702,-0.0005922843562401,102,0
50.704,-0.0005319416562401,102,0
50.706,-0.0006735842562401,102,0
50.708,-0.0009035084562401,102,0
50.71,-0.0011264146562401,102,0
50.712,-0.0011928194562401,102,0
50.714,-0.0010757761562401,102,0
50.716,-0.0008737424562401,102,0
50.718,-0.0006593304562401,102,0
50.72,-0.0005221648562401,102,0
50.722,-0.0006021095562401,102,0
50.724,-0.0008188931562401,102,0
50.726,-0.0010517697562401,102,0
50.728,-0.0012118285562401,102,0
50.73,-0.0011341102562401,102,0
50.732,-0.0009619998562401,102,0
50.734,-0.0007439336562401,102,0
50.736,-0.0005414280562401,102,0
50.738,-0.0007417919562401,102,0
50.74,-0.0008607168062401,102,0
50.742,-0.0009796416562401,102,0
50.744,-0.0011699625562401,102,0
50.746,-0.0010263839562401,102,0
50.748,-0.0009211744562401,102,0
50.75,-0.0008159649562401,102,0
50.752,-0.0005939662562401,102,0
50.754,-0.0005208943562401,102,0
50.756,-0.0006565111562401,102,0
50.758,-0.0008856367562401,102,0
50.76,-0.0011130683562401,102,0
50.762,-0.0010773007562401,102,0
50.764,-0.0006654167562401,102,0
50.766,-0.0007452646562401,102,0
50.768,-0.0008251125562401,102,0
50.77,-0.0010347571562401,102,0
50.772,-0.0011914158562401,102,0
50.774,-0.0011710071895734,102,0
50.776,-0.0011505985229067,102,0
50.778,-0.0011301898562401,102,0
50.78,-0.0009617457562401,102,0
50.782,-0.0008519806062401,102,0
50.784,-0.0007422154562401,102,0
50.786,-0.0005553914562401,102,0
50.788,-0.0007353910562401,102,0
50.79,-0.0011603551562401,102,0
50.792,-0.0011133910229067,102,0
50.794,-0.0010664268895734,102,0
50.796,-0.0010194627562401,102,0
50.798,-0.0008195223562401,102,0
50.8,-0.0006734269562401,102,0
50.802,-0.0005273315562401,102,0
50.804,-0.0006570677562401,102,0
50.806,-0.0007697066562401,102,0
50.808,-0.0008823455562401,102,0
50.81,-0.0012004182562401,102,0
50.812,-0.0010903082562401,102,0
50.814,-0.0008854431562401,102,0
50.816,-0.0006805780562401,102,0
50.818,-0.0006060662562401,102,0
50.82,-0.0007099568562401,102,0
50.822,-0.0008138474562401,102,0
50.824,-0.0009266073562401,102,0
50.826,-0.0010393672562401,102,0
50.828,-0.0011395068562401,102,0
50.83,-0.0010556296562401,102,0
50.832,-0.0009717524562401,102,0
50.834,-0.0007709650562401,102,0
50.836,-0.0005659426562401,102,0
50.838,-0.0005560327562401,102,0
50.84,-0.0007307688562401,102,0
50.842,-0.0009568452562401,102,0
50.844,-0.0011663567562401,102,0
50.846,-0.0011752381562401,102,0
50.848,-0.0010346361562401,102,0
50.85,-0.0005349061562401,102,0
50.852,-0.0006596813562401,102,0
50.854,-0.0008456704562401,102,0
50.856,-0.0010316595562401,102,0
50.858,-0.0012176486562401,102,0
50.86,-0.0011038602562401,102,0
50.862,-0.0009086872562401,102,0
50.864,-0.0007848598895734,102,0
50.866,-0.0006610325229067,102,0
50.868,-0.0005372051562401,102,0
50.87,-0.0008109434562401,102,0
50.872,-0.0010321556562401,102,0
50.874,-0.0011949853562401,102,0
50.876,-0.0009784982062401,102,0
50.878,-0.0007620110562401,102,0
50.88,-0.0005605702562401,102,0
50.882,-0.0007209678562401,102,0
50.884,-0.0009491738562401,102,0
50.886,-0.0010531794062401,102,0
50.888,-0.0011571849562401,102,0
50.89,-0.0011660905562401,102,0
50.892,-0.0011749961562401,102,0
50.894,-0.0008333163562401,102,0
50.896,-0.0006186381562401,102,0
50.898,-0.0005349908562401,102,0
50.9,-0.0006513323562401,102,0
50.902,-0.0008754606562401,102,0
50.904,-0.0011006537562401,102,0
50.906,-0.0011519638062401,102,0
50.908,-0.0012032738562401,102,0
50.91,-0.0011004359562401,102,0
50.912,-0.0006923634562401,102,0
50.914,-0.0005906266562401,102,0
50.916,-0.0006580881895734,102,0
50.918,-0.0007255497229067,102,0
50.92,-0.0007930112562401,102,0
50.922,-0.0010251376562401,102,0
50.924,-0.0011407410562401,102,0
50.926,-0.0009511885062401,102,0
50.928,-0.0007616359562401,102,0
50.93,-0.0005458687562401,102,0
50.932,-0.0006293769062401,102,0
50.934,-0.0007128850562401,102,0
50.936,-0.0009371041062401,102,0
50.938,-0.0011613231562401,102,0
50.94,-0.0011718017562401,102,0
50.942,-0.0011822803562401,102,0
50.944,-0.0008487559562401,102,0
50.946,-0.0007405880062401,102,0
50.948,-0.0006324200562401,102,0
50.95,-0.0005325708562401,102,0
50.952,-0.0010932606562401,102,0
50.954,-0.0011279473229067,102,0
50.956,-0.0011626339895734,102,0
50.958,-0.0011973206562401,102,0
50.96,-0.0009106232562401,102,0
50.962,-0.0006916374562401,102,0
50.964,-0.0005885938562401,102,0
50.966,-0.0007933863562401,102,0
50.968,-0.0010204670562401,102,0
50.97,-0.0012050404562401,102,0
50.972,-0.0011802596562401,102,0
50.974,-0.0011554788562401,102,0
50.976,-0.0009941495562401,102,0
50.978,-0.0007760954562401,102,0
50.98,-0.0007116024562401,102,0
50.982,-0.0008301764062401,102,0
50.984,-0.0009487503562401,102,0
50.986,-0.0010503540562401,102,0
50.988,-0.0009823883562401,102,0
50.99,-0.0009144226562401,102,0
50.992,-0.0008464569562401,102,0
50.994,-0.0007776603895734,102,0
50.996,-0.0007088638229067,102,0
50.998,-0.0006400672562401,102,0
51.0,-0.0005465947562401,103,0
51.002,-0.0006551801562401,103,0
51.004,-0.0008832046562401,103,0
51.006,-0.0011062923562401,103,0
51.008,-0.0011141331562401,103,0
51.01,-0.0009232677562401,103,0
51.012,-0.0007102351562401,103,0
51.014,-0.0006249543562401,103,0
51.016,-0.0005396735562401,103,0
51.018,-0.0010126988562401,103,0
51.02,-0.0011942351562401,103,0
51.022,-0.0011738587562401,103,0
51.024,-0.0011534823562401,103,0
51.026,-0.0010719586062401,103,0
51.028,-0.0009904348562401,103,0
51.03,-0.0007780677562401,103,0
51.032,-0.0005392258562401,103,0
51.034,-0.0007027331562401,103,0
51.036,-0.0008193832062401,103,0
51.038,-0.0009360332562401,103,0
51.04,-0.0011937632562401,103,0
51.042,-0.0010591023562401,103,0
51.044,-0.0008579398562401,103,0
51.046,-0.0008727768762401,103,0
51.048,-0.0008876138962401,103,0
51.05,-0.0009024509162401,103,0
51.052,-0.0009172879362401,103,0
51.054,-0.0009321249562401,103,0
51.056,-0.0008788577312401,103,0
51.058,-0.0008255905062401,103,0
51.06,-0.0007723232812401,103,0
51.062,-0.0007190560562401,103,0
51.064,-0.0005393710562401,103,0
51.066,-0.0007895627562401,103,0
51.068,-0.0009000115562401,103,0
51.07,-0.0010104603562401,103,0
51.072,-0.0011664777562401,103,0
51.074,-0.0010854319562401,103,0
51.076,-0.0010043861562401,103,0
51.078,-0.0005966282562401,103,0
51.08,-0.0005619617562401,103,0
51.082,-0.0007118323562401,103,0
51.084,-0.0009352528062401,103,0
51.086,-0.0011586732562401,103,0
51.088,-0.0011785293562401,103,0
51.09,-0.0011983854562401,103,0
51.092,-0.0010707425562401,103,0
51.094,-0.0008703786562401,103,0
51.096,-0.0006504732562401,103,0
51.098,-0.0005361645562401,103,0
51.1,-0.0006364735562401,103,0
51.102,-0.0008527489562401,103,0
51.104,-0.0010777121562401,103,0
51.106,-0.0012076661562401,103,0
51.108,-0.0011155004562401,103,0
51.11,-0.0009347264562401,103,0
51.112,-0.0005515436562401,103,0
51.114,-0.0006660096562401,103,0
51.116,-0.0007804756562401,103,0
51.118,-0.0008918198562401,103,0
51.12,-0.0010031640562401,103,0
51.122,-0.0012003577562401,103,0
51.124,-0.0005949463562401,103,0
51.126,-0.0006211156312401,103,0
51.128,-0.0006472849062401,103,0
51.13,-0.0006734541812401,103,0
51.132,-0.0006996234562401,103,0
51.134,-0.0009244414562401,103,0
51.136,-0.0011508082562401,103,0
51.138,-0.0010687460562401,103,0
51.14,-0.0009685822562401,103,0
51.142,-0.0008684184562401,103,0
51.144,-0.0006575033562401,103,0
51.146,-0.0005988849062401,103,0
51.148,-0.0005402664562401,103,0
51.15,-0.0008450896562401,103,0
51.152,-0.0012152286562401,103,0
51.154,-0.0011302866562401,103,0
51.156,-0.0009526949562401,103,0
51.158,-0.0008814420895734,103,0
51.16,-0.0008101892229067,103,0
51.162,-0.0007389363562401,103,0
51.164,-0.0005844314562401,103,0
51.166,-0.0006791442062401,103,0
51.168,-0.0007738569562401,103,0
51.17,-0.0009942221562401,103,0
51.172,-0.0011669012562401,103,0
51.174,-0.0010118034562401,103,0
51.176,-0.0009068178062401,103,0
51.178,-0.0008018321562401,103,0
51.18,-0.0005461954562401,103,0
51.182,-0.0006923392562401,103,0
51.184,-0.0011347152562401,103,0
51.186,-0.0011549827562401,103,0
51.188,-0.0011752502562401,103,0
51.19,-0.0011955177562401,103,0
51.192,-0.0010751590562401,103,0
51.194,-0.0008779774562401,103,0
51.196,-0.0006663847562401,103,0
51.198,-0.0005438601562401,103,0
51.2,-0.0008473039562401,103,0
51.202,-0.0010750622562401,103,0
51.204,-0.0011445344062401,103,0
51.206,-0.0012140065562401,103,0
51.208,-0.0011256402562401,103,0
51.21,-0.0009491496562401,103,0
51.212,-0.0005562626562401,103,0
51.214,-0.0005703531062401,103,0
51.216,-0.0005844435562401,103,0
51.218,-0.0009896241562401,103,0
51.22,-0.0011840106562401,103,0
51.222,-0.0011025474062401,103,0
51.224,-0.0010210841562401,103,0
51.226,-0.0009154874562401,103,0
51.228,-0.0008098907562401,103,0
51.23,-0.0006015650562401,103,0
51.232,-0.0005458082562401,103,0
51.234,-0.0006896167562401,103,0
51.236,-0.0009167337562401,103,0
51.238,-0.0011353081562401,103,0
51.24,-0.0011946102562401,103,0
51.242,-0.0010716742562401,103,0
51.244,-0.0008811234562401,103,0
51.246,-0.0005423476562401,103,0
51.248,-0.0008415443562401,103,0
51.25,-0.0009157939895734,103,0
51.252,-0.0009900436229067,103,0
51.254,-0.0010642932562401,103,0
51.256,-0.0011288951562401,103,0
51.258,-0.0009563975562401,103,0
51.26,-0.0005533344562401,103,0
51.262,-0.0005702986562401,103,0
51.264,-0.0007758897562401,103,0
51.266,-0.0009814808562401,103,0
51.268,-0.0011615530562401,103,0
51.27,-0.0010169822562401,103,0
51.272,-0.0009132973562401,103,0
51.274,-0.0008096124562401,103,0
51.276,-0.0006024725562401,103,0
51.278,-0.0005434850562401,103,0
51.28,-0.0006651182895734,103,0
51.282,-0.0007867515229067,103,0
51.284,-0.0009083847562401,103,0
51.286,-0.0011285805562401,103,0
51.288,-0.0011611658562401,103,0
51.29,-0.0011937511562401,103,0
51.292,-0.0008663070062401,103,0
51.294,-0.0005388628562401,103,0
51.296,-0.0008373577562401,103,0
51.298,-0.0012105459562401,103,0
51.3,-0.0010879548062401,103,0
51.302,-0.0009653636562401,103,0
51.304,-0.0007704810562401,103,0
51.306,-0.0005755984562401,103,0
51.308,-0.0007545453562401,103,0
51.31,-0.0008324290229067,103,0
51.312,-0.0009103126895734,103,0
51.314,-0.0009881963562401,103,0
51.316,-0.0010898847562401,103,0
51.318,-0.0011915731562401,103,0
51.32,-0.0011124391562401,103,0
51.322,-0.0010333051562401,103,0
51.324,-0.0009280109562401,103,0
51.326,-0.0008227167562401,103,0
51.328,-0.0005365759562401,103,0
51.33,-0.0006706439562401,103,0
51.332,-0.0007853701062401,103,0
51.334,-0.0009000962562401,103,0
51.336,-0.0011290766562401,103,0
51.338,-0.0012097231562401,103,0
51.34,-0.0009065092562401,103,0
51.342,-0.0005419241562401,103,0
51.344,-0.0006144031562401,103,0
51.346,-0.0007182695562401,103,0
51.348,-0.0008221359562401,103,0
51.35,-0.0010160929062401,103,0
51.352,-0.0012100498562401,103,0
51.354,-0.0009699495562401,103,0
51.356,-0.0007607647562401,103,0
51.358,-0.0005713029562401,103,0
51.36,-0.0005755984562401,103,0
51.362,-0.0007733548062401,103,0
51.364,-0.0009711111562401,103,0
51.366,-0.0010751530062401,103,0
51.368,-0.0011791948562401,103,0
51.37,-0.0008294564562401,103,0
51.372,-0.0007278467062401,103,0
51.374,-0.0006262369562401,103,0
51.376,-0.0005920847062401,103,0
51.378,-0.0005579324562401,103,0
51.38,-0.0006798762562401,103,0
51.382,-0.0009041376562401,103,0
51.384,-0.0011196749562401,103,0
51.386,-0.0010966002562401,103,0
51.388,-0.0009058558562401,103,0
51.39,-0.0006948681562401,103,0
51.392,-0.0005464616562401,103,0
51.394,-0.0008212042562401,103,0
51.396,-0.0010474258562401,103,0
51.398,-0.0011290827062401,103,0
51.4,-0.0012107395562401,103,0
51.402,-0.0011480010562401,103,0
51.404,-0.0009562100062401,103,0
51.406,-0.0007644189562401,103,0
51.408,-0.0005737350562401,103,0
51.41,-0.0005749995062401,103,0
51.412,-0.0005762639562401,103,0
51.414,-0.0007441030562401,103,0
51.416,-0.0011794005562401,103,0
51.418,-0.0011835085062401,103,0
51.42,-0.0011876164562401,103,0
51.422,-0.0010498095562401,103,0
51.424,-0.0006325531562401,103,0
51.426,-0.0005588157562401,103,0
51.428,-0.0009026251562401,103,0
51.43,-0.0012190280562401,103,0
51.432,-0.0011097045562401,103,0
51.434,-0.0010086362812401,103,0
51.436,-0.0009075680062401,103,0
51.438,-0.0008064997312401,103,0
51.44,-0.0007054314562401,103,0
51.442,-0.0005606307562401,103,0
51.444,-0.0006231756562401,103,0
51.446,-0.0008348712062401,103,0
51.448,-0.0010465667562401,103,0
51.45,-0.0012168500562401,103,0
51.452,-0.0011533250562401,103,0
51.454,-0.0005821687562401,103,0
51.456,-0.0005731421562401,103,0
51.458,-0.0006285238562401,103,0
51.46,-0.0006839055562401,103,0
51.462,-0.0007392872562401,103,0
51.464,-0.0011862007562401,103,0
51.466,-0.0011921600062401,103,0
51.468,-0.0011981192562401,103,0
51.47,-0.0008522286562401,103,0
51.472,-0.0007638321062401,103,0
51.474,-0.0006754355562401,103,0
51.476,-0.0007489632229067,103,0
51.478,-0.0008224908895734,103,0
51.48,-0.0008960185562401,103,0
51.482,-0.0012072063562401,103,0
51.484,-0.0011019363562401,103,0
51.486,-0.0009218883562401,103,0
51.488,-0.0007248277562401,103,0
51.49,-0.0006694702562401,103,0
51.492,-0.0006141127562401,103,0
51.494,-0.0008253424562401,103,0
51.496,-0.0010423559562401,103,0
51.498,-0.0011642755562401,103,0
51.5,-0.0007877840562401,104,0
51.502,-0.0006780975562401,104,0
51.504,-0.0005684110562401,104,0
51.506,-0.0006241436562401,104,0
51.508,-0.0006798762562401,104,0
51.51,-0.0007356088562401,104,0
51.512,-0.0011745605562401,104,0
51.514,-0.0010564282562401,104,0
51.516,-0.0009561495062401,104,0
51.518,-0.0008558707562401,104,0
51.52,-0.0007531175562401,104,0
51.522,-0.0006503643562401,104,0
51.524,-0.0006644003562401,104,0
51.526,-0.0008881172562401,104,0
51.528,-0.0009992376062401,104,0
51.53,-0.0011103579562401,104,0
51.532,-0.0012239769562401,104,0
51.534,-0.0011194571562401,104,0
51.536,-0.0009319555562401,104,0
51.538,-0.0007133327562401,104,0
51.54,-0.0005443683562401,104,0
51.542,-0.0006015892562401,104,0
51.544,-0.0012030923562401,104,0
51.546,-0.0011309723229067,104,0
51.548,-0.0010588522895734,104,0
51.55,-0.0009867322562401,104,0
51.552,-0.0007763011562401,104,0
51.554,-0.0005830157562401,104,0
51.556,-0.0009450719562401,104,0
51.558,-0.0010190916895734,104,0
51.56,-0.0010931114229067,104,0
51.562,-0.0011671311562401,104,0
51.564,-0.0010674029562401,104,0
51.566,-0.0008570928562401,104,0
51.568,-0.0006453670562401,104,0
51.57,-0.0005512169562401,104,0
51.572,-0.0006069072062401,104,0
51.574,-0.0006625974562401,104,0
51.576,-0.0011190820562401,104,0
51.578,-0.0011692123562401,104,0
51.58,-0.0012193426562401,104,0
51.582,-0.0009362026562401,104,0
51.584,-0.0007456639562401,104,0
51.586,-0.0005551252562401,104,0
51.588,-0.0007898894562401,104,0
51.59,-0.0010246536562401,104,0
51.592,-0.0011127840062401,104,0
51.594,-0.0012009143562401,104,0
51.596,-0.0011816269562401,104,0
51.598,-0.0011623395562401,104,0
51.6,-0.0010122753562401,104,0
51.602,-0.0008016143562401,104,0
51.604,-0.0005909049562401,104,0
51.606,-0.0007242711562401,104,0
51.608,-0.0009465360562401,104,0
51.61,-0.0011588910562401,104,0
51.612,-0.0011945739562401,104,0
51.614,-0.0010668584562401,104,0
51.616,-0.0008033688562401,104,0
51.618,-0.0005398792562401,104,0
51.62,-0.0005773852229067,104,0
51.622,-0.0006148911895734,104,0
51.624,-0.0006523971562401,104,0
51.626,-0.0008736214562401,104,0
51.628,-0.0010930065562401,104,0
51.63,-0.0012172614562401,104,0
51.632,-0.0011291734562401,104,0
51.634,-0.0009395543562401,104,0
51.636,-0.0007189713562401,104,0
51.638,-0.0005488090562401,104,0
51.64,-0.0007997388562401,104,0
51.642,-0.0009065213562401,104,0
51.644,-0.0010133038562401,104,0
51.646,-0.0011963405562401,104,0
51.648,-0.0011616498562401,104,0
51.65,-0.0010043377562401,104,0
51.652,-0.0007961088562401,104,0
51.654,-0.0005874927562401,104,0
51.656,-0.0007126793562401,104,0
51.658,-0.0009396632562401,104,0
51.66,-0.0010435296562401,104,0
51.662,-0.0011473960562401,104,0
51.664,-0.0011871203562401,104,0
51.666,-0.0010642206562401,104,0
51.668,-0.0008677045562401,104,0
51.67,-0.0006606009562401,104,0
51.672,-0.0005500069562401,104,0
51.674,-0.0006453428562401,104,0
51.676,-0.0008637357562401,104,0
51.678,-0.0010888562562401,104,0
51.68,-0.0012174187562401,104,0
51.682,-0.0011235590562401,104,0
51.684,-0.0007312770562401,104,0
51.686,-0.0006462564062401,104,0
51.688,-0.0005612357562401,104,0
51.69,-0.0007893933562401,104,0
51.692,-0.0010119244562401,104,0
51.694,-0.0011068731562401,104,0
51.696,-0.0012018218562401,104,0
51.698,-0.0011738950562401,104,0
51.7,-0.0010195111562401,104,0
51.702,-0.0005936274562401,104,0
51.704,-0.0007636808562401,104,0
51.706,-0.0009337342562401,104,0
51.708,-0.0011508687562401,104,0
51.71,-0.0011680063895734,104,0
51.712,-0.0011851440229067,104,0
51.714,-0.0012022816562401,104,0
51.716,-0.0010742031562401,104,0
51.718,-0.0008758841562401,104,0
51.72,-0.0006593304562401,104,0
51.722,-0.0005450580562401,104,0
51.724,-0.0010877793562401,104,0
51.726,-0.0011501427562401,104,0
51.728,-0.0012125061562401,104,0
51.73,-0.0011695995562401,104,0
51.732,-0.0011266929562401,104,0
51.734,-0.0009557804562401,104,0
51.736,-0.0005481072562401,104,0
51.738,-0.0007784428562401,104,0
51.74,-0.0010036117562401,104,0
51.742,-0.0010680805562401,104,0
51.744,-0.0011325493562401,104,0
51.746,-0.0011970181562401,104,0
51.748,-0.0011705191562401,104,0
51.75,-0.0008018321562401,104,0
51.752,-0.0005920302562401,104,0
51.754,-0.0005504304562401,104,0
51.756,-0.0007002889562401,104,0
51.758,-0.0011392648562401,104,0
51.76,-0.0011979619562401,104,0
51.762,-0.0010757035562401,104,0
51.764,-0.0008973535895734,104,0
51.766,-0.0007190036229067,104,0
51.768,-0.0005406536562401,104,0
51.77,-0.0006325047562401,104,0
51.772,-0.0010799385562401,104,0
51.774,-0.0012171888562401,104,0
51.776,-0.0009553448562401,104,0
51.778,-0.0007503587562401,104,0
51.78,-0.0005893803562401,104,0
51.782,-0.0005300994312401,104,0
51.784,-0.0004708185062401,104,0
51.786,-0.0004115375812401,104,0
51.788,-0.0003522566562401,104,0
51.79,-0.0006767786562401,104,0
51.792,-0.0010013006562401,104,0
51.794,-0.0011679660562401,104,0
51.796,-0.0010932425062401,104,0
51.798,-0.0010185189562401,104,0
51.8,-0.0008095398562401,104,0
51.802,-0.0006096236562401,104,0
51.804,-0.0005590214562401,104,0
51.806,-0.0011399787562401,104,0
51.808,-0.0010843913562401,104,0
51.81,-0.0008872339562401,104,0
51.812,-0.0006676915562401,104,0
51.814,-0.0005401575562401,104,0
51.816,-0.0010651523562401,104,0
51.818,-0.0011140323229067,104,0
51.82,-0.0011629122895734,104,0
51.822,-0.0012117922562401,104,0
51.824,-0.0011847931229067,104,0
51.826,-0.0011577939895734,104,0
51.828,-0.0011307948562401,104,0
51.83,-0.0007425542562401,104,0
51.832,-0.0006485191062401,104,0
51.834,-0.0005544839562401,104,0
51.836,-0.0005647447562401,104,0
51.838,-0.0005750055562401,104,0
51.84,-0.0009971019562401,104,0
51.842,-0.0011818689562401,104,0
51.844,-0.0011698294562401,104,0
51.846,-0.0010994256062401,104,0
51.848,-0.0010290217562401,104,0
51.85,-0.0006037793562401,104,0
51.852,-0.0005525721562401,104,0
51.854,-0.0006218507062401,104,0
51.856,-0.0006911292562401,104,0
51.858,-0.0009149187562401,104,0
51.86,-0.0011320895562401,104,0
51.862,-0.0012037941562401,104,0
51.864,-0.0008884197562401,104,0
51.866,-0.0006772989562401,104,0
51.868,-0.0005414885562401,104,0
51.87,-0.0006259707562401,104,0
51.872,-0.0008449081562401,104,0
51.874,-0.0009561676562401,104,0
51.876,-0.0010674271562401,104,0
51.878,-0.0012117559562401,104,0
51.88,-0.0007500199562401,104,0
51.882,-0.0006859786895734,104,0
51.884,-0.0006219374229067,104,0
51.886,-0.0005578961562401,104,0
51.888,-0.0005752475562401,104,0
51.89,-0.0007570137562401,104,0
51.892,-0.0009833200562401,104,0
51.894,-0.0011790133562401,104,0
51.896,-0.0008241082562401,104,0
51.898,-0.0006052676562401,104,0
51.9,-0.0005751205062401,104,0
51.902,-0.0005449733562401,104,0
51.904,-0.0006788961562401,104,0
51.906,-0.0007937191062401,104,0
51.908,-0.0009085420562401,104,0
51.91,-0.0011367843562401,104,0
51.912,-0.0012054518562401,104,0
51.914,-0.0010886263562401,104,0
51.916,-0.0008950263562401,104,0
51.918,-0.0006765245562401,104,0
51.92,-0.0008283916562401,104,0
51.922,-0.0010541776562401,104,0
51.924,-0.0012023421562401,104,0
51.926,-0.0011774161562401,104,0
51.928,-0.0011524901562401,104,0
51.93,-0.0011275641562401,104,0
51.932,-0.0009593499562401,104,0
51.934,-0.0007535894562401,104,0
51.936,-0.0005761913562401,104,0
51.938,-0.0007566144562401,104,0
51.94,-0.0009790124562401,104,0
51.942,-0.0011806468562401,104,0
51.944,-0.0011097832062401,104,0
51.946,-0.0010389195562401,104,0
51.948,-0.0009345389062401,104,0
51.95,-0.0008301582562401,104,0
51.952,-0.0009055654562401,104,0
51.954,-0.0011371836562401,104,0
51.956,-0.0011595323562401,104,0
51.958,-0.0011818810562401,104,0
51.96,-0.0012042297562401,104,0
51.962,-0.0009048394562401,104,0
51.964,-0.0006892779562401,104,0
51.966,-0.0006430035229067,104,0
51.968,-0.0005967290895734,104,0
51.97,-0.0005504546562401,104,0
51.972,-0.0006201748562401,104,0
51.974,-0.0010605180562401,104,0
51.976,-0.0012210124562401,104,0
51.978,-0.0011862612562401,104,0
51.98,-0.0011515100562401,104,0
51.982,-0.0009759148562401,104,0
51.984,-0.0007636808562401,104,0
51.986,-0.0005731542562401,104,0
51.988,-0.0007646609562401,104,0
51.99,-0.0009822794562401,104,0
51.992,-0.0011802838562401,104,0
51.994,-0.0011851238562401,104,0
51.996,-0.0011169464062401,104,0
51.998,-0.0010487689562401,104,0
52.0,-0.0005418394562401,105,0
52.002,-0.0006733906562401,105,0
52.004,-0.0007857089062401,105,0
52.006,-0.0008980271562401,105,0
52.008,-0.0010514854062401,105,0
52.01,-0.0012049436562401,105,0
52.012,-0.0010997220562401,105,0
52.014,-0.0008987047562401,105,0
52.016,-0.0006976874562401,105,0
52.018,-0.0006249059562401,105,0
52.02,-0.0005521244562401,105,0
52.022,-0.0006198602562401,105,0
52.024,-0.0008229950562401,105,0
52.026,-0.0010480308562401,105,0
52.028,-0.0012153859562401,105,0
52.03,-0.0009764472562401,105,0
52.032,-0.0005774618562401,105,0
52.034,-0.0007089323895734,105,0
52.036,-0.0008404029229067,105,0
52.038,-0.0009718734562401,105,0
52.04,-0.0010460908229067,105,0
52.042,-0.0011203081895734,105,0
52.044,-0.0011945255562401,105,0
52.046,-0.0011192575062401,105,0
52.048,-0.0010439894562401,105,0
52.05,-0.0009687214062401,105,0
52.052,-0.0008934533562401,105,0
52.054,-0.0009488441312401,105,0
52.056,-0.0010042349062401,105,0
52.058,-0.0010596256812401,105,0
52.06,-0.0011150164562401,105,0
52.062,-0.0012073152562401,105,0
52.064,-0.0007068713562401,105,0
52.066,-0.0005449491562401,105,0
52.068,-0.0005651198562401,105,0
52.07,-0.0005852905562401,105,0
52.072,-0.0006054612562401,105,0
52.074,-0.0008087412562401,105,0
52.076,-0.0010278722562401,105,0
52.078,-0.0011399424562401,105,0
52.08,-0.0010600824562401,105,0
52.082,-0.0009802224562401,105,0
52.084,-0.0007729494562401,105,0
52.086,-0.0007239202562401,105,0
52.088,-0.0008349740562401,105,0
52.09,-0.0009460278562401,105,0
52.092,-0.0010544559562401,105,0
52.094,-0.0011628840562401,105,0
52.096,-0.0011858740562401,105,0
52.098,-0.0010455503562401,105,0
52.1,-0.0005493535562401,105,0
52.102,-0.0006736084562401,105,0
52.104,-0.0007469626895734,105,0
52.106,-0.0008203169229067,105,0
52.108,-0.0008936711562401,105,0
52.11,-0.0011229177562401,105,0
52.112,-0.0009301526562401,105,0
52.114,-0.0007376235062401,105,0
52.116,-0.0005450943562401,105,0
52.118,-0.0006043843562401,105,0
52.12,-0.0008164066062401,105,0
52.122,-0.0010284288562401,105,0
52.124,-0.0012017492562401,105,0
52.126,-0.0011762001062401,105,0
52.128,-0.0011506509562401,105,0
52.13,-0.0009892611562401,105,0
52.132,-0.0007898410562401,105,0
52.134,-0.0007583629062401,105,0
52.136,-0.0007268847562401,105,0
52.138,-0.0009464029562401,105,0
52.14,-0.0011659211562401,105,0
52.142,-0.0011897581562401,105,0
52.144,-0.0010537420562401,105,0
52.146,-0.0009518661062401,105,0
52.148,-0.0008499901562401,105,0
52.15,-0.0007463415562401,105,0
52.152,-0.0006426929562401,105,0
52.154,-0.0005437754562401,105,0
52.156,-0.0006569104562401,105,0
52.158,-0.0012106669562401,105,0
52.16,-0.0011623940062401,105,0
52.162,-0.0011141210562401,105,0
52.164,-0.0010181499062401,105,0
52.166,-0.0009221787562401,105,0
52.168,-0.0007110337562401,105,0
52.17,-0.0005410529562401,105,0
52.172,-0.0010154939562401,105,0
52.174,-0.0009968115562401,105,0
52.176,-0.0009249819229067,105,0
52.178,-0.0008531522895734,105,0
52.18,-0.0007813226562401,105,0
52.182,-0.0007179307562401,105,0
52.184,-0.0007750064562401,105,0
52.186,-0.0008320821562401,105,0
52.188,-0.0008891578562401,105,0
52.19,-0.0009462335562401,105,0
52.192,-0.0010530947062401,105,0
52.194,-0.0011599558562401,105,0
52.196,-0.0010568396562401,105,0
52.198,-0.0009550968062401,105,0
52.2,-0.0008533539562401,105,0
52.202,-0.0006427897562401,105,0
52.204,-0.0005425775562401,105,0
52.206,-0.0008738634562401,105,0
52.208,-0.0010890982562401,105,0
52.21,-0.0011472569062401,105,0
52.212,-0.0012054155562401,105,0
52.214,-0.0011105636562401,105,0
52.216,-0.0005461712562401,105,0
52.218,-0.0005637767562401,105,0
52.22,-0.0005813822562401,105,0
52.222,-0.0005989877562401,105,0
52.224,-0.0007996178562401,105,0
52.226,-0.0010147437562401,105,0
52.228,-0.0012001520562401,105,0
52.23,-0.0010023654562401,105,0
52.232,-0.0005953577562401,105,0
52.234,-0.0005874322562401,105,0
52.236,-0.0005795067562401,105,0
52.238,-0.0005715812562401,105,0
52.24,-0.0009477460562401,105,0
52.242,-0.0009839694229067,105,0
52.244,-0.0010201927895734,105,0
52.246,-0.0010564161562401,105,0
52.248,-0.0006517316562401,105,0
52.25,-0.0006012686062401,105,0
52.252,-0.0005508055562401,105,0
52.254,-0.0008693743562401,105,0
52.256,-0.0009779476562401,105,0
52.258,-0.0010865209562401,105,0
52.26,-0.0012023905562401,105,0
52.262,-0.0011152584562401,105,0
52.264,-0.0005527415562401,105,0
52.266,-0.0005753443562401,105,0
52.268,-0.0005979471562401,105,0
52.27,-0.0007959757562401,105,0
52.272,-0.0009100001062401,105,0
52.274,-0.0010240244562401,105,0
52.276,-0.0012038304562401,105,0
52.278,-0.0010112105562401,105,0
52.28,-0.0007981537562401,105,0
52.282,-0.0006811649062401,105,0
52.284,-0.0005641760562401,105,0
52.286,-0.0006387120562401,105,0
52.288,-0.0007132480562401,105,0
52.29,-0.0009440918562401,105,0
52.292,-0.0011684863562401,105,0
52.294,-0.0010773491562401,105,0
52.296,-0.0006714667562401,105,0
52.298,-0.0006652110562401,105,0
52.3,-0.0006589553562401,105,0
52.302,-0.0006526996562401,105,0
52.304,-0.0008676319562401,105,0
52.306,-0.0009825033062401,105,0
52.308,-0.0010973746562401,105,0
52.31,-0.0012186892562401,105,0
52.312,-0.0011170855562401,105,0
52.314,-0.0007384160562401,105,0
52.316,-0.0005699235562401,105,0
52.318,-0.0006069374562401,105,0
52.32,-0.0007976576562401,105,0
52.322,-0.0010224030562401,105,0
52.324,-0.0011171642062401,105,0
52.326,-0.0012119253562401,105,0
52.328,-0.0011815664562401,105,0
52.33,-0.0006170288562401,105,0
52.332,-0.0006015327895734,105,0
52.334,-0.0005860367229067,105,0
52.336,-0.0005705406562401,105,0
52.338,-0.0007176161562401,105,0
52.34,-0.0009427124562401,105,0
52.342,-0.0011609722562401,105,0
52.344,-0.0012092996562401,105,0
52.346,-0.0008873670562401,105,0
52.348,-0.0006754960562401,105,0
52.35,-0.0005441263562401,105,0
52.352,-0.0007002526562401,105,0
52.354,-0.0008563789562401,105,0
52.356,-0.0010765142562401,105,0
52.358,-0.0012061778562401,105,0
52.36,-0.0011640638062401,105,0
52.362,-0.0011219497562401,105,0
52.364,-0.0005631233562401,105,0
52.366,-0.0005732712229067,105,0
52.368,-0.0005834190895734,105,0
52.37,-0.0005935669562401,105,0
52.372,-0.0007817945562401,105,0
52.374,-0.0011930251562401,105,0
52.376,-0.0008067326562401,105,0
52.378,-0.0007542005062401,105,0
52.38,-0.0007016683562401,105,0
52.382,-0.0006491362062401,105,0
52.384,-0.0005966040562401,105,0
52.386,-0.0005549558562401,105,0
52.388,-0.0007003857562401,105,0
52.39,-0.0011503605562401,105,0
52.392,-0.0011780453562401,105,0
52.394,-0.0012057301562401,105,0
52.396,-0.0010801926562401,105,0
52.398,-0.0008781226562401,105,0
52.4,-0.0006339446562401,105,0
52.402,-0.0007405275062401,105,0
52.404,-0.0008471103562401,105,0
52.406,-0.0010733077562401,105,0
52.408,-0.0012109936562401,105,0
52.41,-0.0011249989562401,105,0
52.412,-0.0010362515062401,105,0
52.414,-0.0009475040562401,105,0
52.416,-0.0005563957562401,105,0
52.418,-0.0005859076562401,105,0
52.42,-0.0009906163562401,105,0
52.422,-0.0011862491562401,105,0
52.424,-0.0010634986895734,105,0
52.426,-0.0009407482229067,105,0
52.428,-0.0008179977562401,105,0
52.43,-0.0007323821895734,105,0
52.432,-0.0006467666229067,105,0
52.434,-0.0005611510562401,105,0
52.436,-0.0007419734562401,105,0
52.438,-0.0009227958562401,105,0
52.44,-0.0010352169562401,105,0
52.442,-0.0011476380562401,105,0
52.444,-0.0012095779562401,105,0
52.446,-0.0008877542562401,105,0
52.448,-0.0005429284562401,105,0
52.45,-0.0006342592562401,105,0
52.452,-0.0008553383562401,105,0
52.454,-0.0012096021562401,105,0
52.456,-0.0011327187562401,105,0
52.458,-0.0009626532562401,105,0
52.46,-0.0008905654895734,105,0
52.462,-0.0008184777229067,105,0
52.464,-0.0007463899562401,105,0
52.466,-0.0006558759062401,105,0
52.468,-0.0005653618562401,105,0
52.47,-0.0007630395562401,105,0
52.472,-0.0008787095062401,105,0
52.474,-0.0009943794562401,105,0
52.476,-0.0011947554562401,105,0
52.478,-0.0010256216562401,105,0
52.48,-0.0009230983562401,105,0
52.482,-0.0008205750562401,105,0
52.484,-0.0006148992562401,105,0
52.486,-0.0005566982562401,105,0
52.488,-0.0006951343562401,105,0
52.49,-0.0011381032562401,105,0
52.492,-0.0012082590562401,105,0
52.494,-0.0008851164562401,105,0
52.496,-0.0006779402562401,105,0
52.498,-0.0006309075562401,105,0
52.5,-0.0007393296062401,106,0
52.502,-0.0008477516562401,106,0
52.504,-0.0009561737062401,106,0
52.506,-0.0010645957562401,106,0
52.508,-0.0012118769562401,106,0
52.51,-0.0011715900062401,106,0
52.512,-0.0011313030562401,106,0
52.514,-0.0007609825562401,106,0
52.516,-0.0006634202562401,106,0
52.518,-0.0005658579562401,106,0
52.52,-0.0009797747562401,106,0
52.522,-0.0010476960895734,106,0
52.524,-0.0011156174229067,106,0
52.526,-0.0011835387562401,106,0
52.528,-0.0011768716562401,106,0
52.53,-0.0010321072562401,106,0
52.532,-0.0006181662562401,106,0
52.534,-0.0005523543562401,106,0
52.536,-0.0006870636562401,106,0
52.538,-0.0011242366562401,106,0
52.54,-0.0010855166562401,106,0
52.542,-0.0005467399562401,106,0
52.544,-0.0006187228562401,106,0
52.546,-0.0008227167562401,106,0
52.548,-0.0009170453312401,106,0
52.55,-0.0010113739062401,106,0
52.552,-0.0011057024812401,106,0
52.554,-0.0012000310562401,106,0
52.556,-0.0010787951062401,106,0
52.558,-0.0009575591562401,106,0
52.56,-0.0007599298562401,106,0
52.562,-0.0005623005562401,106,0
52.564,-0.0006247486562401,106,0
52.566,-0.0006871967562401,106,0
52.568,-0.0007496448562401,106,0
52.57,-0.0008619510062401,106,0
52.572,-0.0009742571562401,106,0
52.574,-0.0011805621562401,106,0
52.576,-0.0011128989562401,106,0
52.578,-0.0010452357562401,106,0
52.58,-0.0008352644562401,106,0
52.582,-0.0006102528562401,106,0
52.584,-0.0005368421562401,106,0
52.586,-0.0006690225562401,106,0
52.588,-0.0008978577562401,106,0
52.59,-0.0011257128562401,106,0
52.592,-0.0011955903562401,106,0
52.594,-0.0008893272562401,106,0
52.596,-0.0007859025062401,106,0
52.598,-0.0006824777562401,106,0
52.6,-0.0006054007562401,106,0
52.602,-0.0010477767562401,106,0
52.604,-0.0011275944062401,106,0
52.606,-0.0012074120562401,106,0
52.608,-0.0011773617062401,106,0
52.61,-0.0011473113562401,106,0
52.612,-0.0009836709562401,106,0
52.614,-0.0005733357562401,106,0
52.616,-0.0005758525562401,106,0
52.618,-0.0006603650062401,106,0
52.62,-0.0007448774562401,106,0
52.622,-0.0009680014562401,106,0
52.624,-0.0011815422562401,106,0
52.626,-0.0011883424562401,106,0
52.628,-0.0010453567562401,106,0
52.63,-0.0006332912562401,106,0
52.632,-0.0005524995562401,106,0
52.634,-0.0006731849562401,106,0
52.636,-0.0008927757562401,106,0
52.638,-0.0010462642562401,106,0
52.64,-0.0011997527562401,106,0
52.642,-0.0009009795562401,106,0
52.644,-0.0006161092562401,106,0
52.646,-0.0008224505562401,106,0
52.648,-0.0010402142562401,106,0
52.65,-0.0012057422562401,106,0
52.652,-0.0007724896562401,106,0
52.654,-0.0006733120062401,106,0
52.656,-0.0005741343562401,106,0
52.658,-0.0005681206562401,106,0
52.66,-0.0007380288562401,106,0
52.662,-0.0008509097562401,106,0
52.664,-0.0009637906562401,106,0
52.666,-0.0011818447562401,106,0
52.668,-0.0011116103062401,106,0
52.67,-0.0010413758562401,106,0
52.672,-0.0009374247562401,106,0
52.674,-0.0008334736562401,106,0
52.676,-0.0007305510562401,106,0
52.678,-0.0006276284562401,106,0
52.68,-0.0005453121562401,106,0
52.682,-0.0006066289062401,106,0
52.684,-0.0006679456562401,106,0
52.686,-0.0011163958562401,106,0
52.688,-0.0007059880562401,106,0
52.69,-0.0005596627562401,106,0
52.692,-0.0005691350395734,106,0
52.694,-0.0005786073229067,106,0
52.696,-0.0005880796062401,106,0
52.698,-0.0005975518895734,106,0
52.7,-0.0006070241729067,106,0
52.702,-0.0006164964562401,106,0
52.704,-0.0008089711562401,106,0
52.706,-0.0010301954562401,106,0
52.708,-0.0011435119562401,106,0
52.71,-0.0010595924062401,106,0
52.712,-0.0009756728562401,106,0
52.714,-0.0007642253562401,106,0
52.716,-0.0005620101562401,106,0
52.718,-0.0007306357562401,106,0
52.72,-0.0009469716562401,106,0
52.722,-0.0011633075562401,106,0
52.724,-0.0011838170562401,106,0
52.726,-0.0011184468062401,106,0
52.728,-0.0010530765562401,106,0
52.73,-0.0006338962562401,106,0
52.732,-0.0008844388562401,106,0
52.734,-0.0011100554562401,106,0
52.736,-0.0012097715562401,106,0
52.738,-0.0011065222562401,106,0
52.74,-0.0009178832562401,106,0
52.742,-0.0008094975062401,106,0
52.744,-0.0007011117562401,106,0
52.746,-0.0005464979562401,106,0
52.748,-0.0006093937562401,106,0
52.75,-0.0008080636562401,106,0
52.752,-0.0010316837562401,106,0
52.754,-0.0010910261895734,106,0
52.756,-0.0011503686229067,106,0
52.758,-0.0012097110562401,106,0
52.76,-0.0011494167562401,106,0
52.762,-0.0009853286562401,106,0
52.764,-0.0007818066562401,106,0
52.766,-0.0005828705562401,106,0
52.768,-0.0005667170562401,106,0
52.77,-0.0011670827562401,106,0
52.772,-0.0011293468895734,106,0
52.774,-0.0010916110229067,106,0
52.776,-0.0010538751562401,106,0
52.778,-0.0008509702562401,106,0
52.78,-0.0006521551562401,106,0
52.782,-0.0007646186062401,106,0
52.784,-0.0008770820562401,106,0
52.786,-0.0011043200562401,106,0
52.788,-0.0012119374562401,106,0
52.79,-0.0009286159562401,106,0
52.792,-0.0008578874229067,106,0
52.794,-0.0007871588895734,106,0
52.796,-0.0007164303562401,106,0
52.798,-0.0005578356562401,106,0
52.8,-0.0006076029562401,106,0
52.802,-0.0007033805062401,106,0
52.804,-0.0007991580562401,106,0
52.806,-0.0012032738562401,106,0
52.808,-0.0009946335562401,106,0
52.81,-0.0005667896562401,106,0
52.812,-0.0006446289562401,106,0
52.814,-0.0007224682562401,106,0
52.816,-0.0009505169562401,106,0
52.818,-0.0010253272229067,106,0
52.82,-0.0011001374895734,106,0
52.822,-0.0011749477562401,106,0
52.824,-0.0010200919562401,106,0
52.826,-0.0008652361562401,106,0
52.828,-0.0005517493562401,106,0
52.83,-0.0006560271562401,106,0
52.832,-0.0008765738562401,106,0
52.834,-0.0010971205562401,106,0
52.836,-0.0011523268062401,106,0
52.838,-0.0012075330562401,106,0
52.84,-0.0011170048895734,106,0
52.842,-0.0010264767229067,106,0
52.844,-0.0009359485562401,106,0
52.846,-0.0008317978062401,106,0
52.848,-0.0007276470562401,106,0
52.85,-0.0005668259562401,106,0
52.852,-0.0006079054562401,106,0
52.854,-0.0010207211562401,106,0
52.856,-0.0012095416562401,106,0
52.858,-0.0011857651562401,106,0
52.86,-0.0011619886562401,106,0
52.862,-0.0010032366562401,106,0
52.864,-0.0007955885562401,106,0
52.866,-0.0005624578562401,106,0
52.868,-0.0009446726562401,106,0
52.87,-0.0011568461562401,106,0
52.872,-0.0010653943562401,106,0
52.874,-0.0008629250562401,106,0
52.876,-0.0005446829562401,106,0
52.878,-0.0005808337229067,106,0
52.88,-0.0006169844895734,106,0
52.882,-0.0006531352562401,106,0
52.884,-0.0007969276229067,106,0
52.886,-0.0009407199895734,106,0
52.888,-0.0010845123562401,106,0
52.89,-0.0011442561062401,106,0
52.892,-0.0012039998562401,106,0
52.894,-0.0009332381562401,106,0
52.896,-0.0008293475562401,106,0
52.898,-0.0007254569562401,106,0
52.9,-0.0005555245562401,106,0
52.902,-0.0005926352562401,106,0
52.904,-0.0010119365562401,106,0
52.906,-0.0011091782062401,106,0
52.908,-0.0012064198562401,106,0
52.91,-0.0011658606562401,106,0
52.912,-0.0010125052562401,106,0
52.914,-0.0005580171562401,106,0
52.916,-0.0006342532062401,106,0
52.918,-0.0007104892562401,106,0
52.92,-0.0011878221562401,106,0
52.922,-0.0011554516312401,106,0
52.924,-0.0011230811062401,106,0
52.926,-0.0010907105812401,106,0
52.928,-0.0010583400562401,106,0
52.93,-0.0008637599562401,106,0
52.932,-0.0006588101562401,106,0
52.934,-0.0005414522562401,106,0
52.936,-0.0006405512562401,106,0
52.938,-0.0008627919562401,106,0
52.94,-0.0012095295562401,106,0
52.942,-0.0011237405562401,106,0
52.944,-0.0010349628562401,106,0
52.946,-0.0009461851562401,106,0
52.948,-0.0005569644562401,106,0
52.95,-0.0005733902062401,106,0
52.952,-0.0005898159562401,106,0
52.954,-0.0007761075562401,106,0
52.956,-0.0009969446562401,106,0
52.958,-0.0011915005562401,106,0
52.96,-0.0011587458562401,106,0
52.962,-0.0010061043562401,106,0
52.964,-0.0007952739562401,106,0
52.966,-0.0005457114562401,106,0
52.968,-0.0006189951062401,106,0
52.97,-0.0006922787562401,106,0
52.972,-0.0009204121562401,106,0
52.974,-0.0011370747562401,106,0
52.976,-0.0011849544562401,106,0
52.978,-0.0006450766562401,106,0
52.98,-0.0006319481562401,106,0
52.982,-0.0007385733562401,106,0
52.984,-0.0008451985562401,106,0
52.986,-0.0009351338229067,106,0
52.988,-0.0010250690895734,106,0
52.99,-0.0011150043562401,106,0
52.992,-0.0010563475895734,106,0
52.994,-0.0009976908229067,106,0
52.996,-0.0009390340562401,106,0
52.998,-0.0007265217562401,106,0
53.0,-0.0005442957562401,107,0
53.002,-0.0007708319562401,107,0
53.004,-0.0009856916562401,107,0
53.006,-0.0010814994562401,107,0
53.008,-0.0011773072562401,107,0
53.01,-0.0010167765562401,107,0
53.012,-0.0008079547562401,107,0
53.014,-0.0005942808562401,107,0
53.016,-0.0006916011562401,107,0
53.018,-0.0008381079562401,107,0
53.02,-0.0009846147562401,107,0
53.022,-0.0011311215562401,107,0
53.024,-0.0011023538062401,107,0
53.026,-0.0010735860562401,107,0
53.028,-0.0008759930562401,107,0
53.03,-0.0007675407562401,107,0
53.032,-0.0006590884562401,107,0
53.034,-0.0005416216562401,107,0
53.036,-0.0008488769562401,107,0
53.038,-0.0010661929562401,107,0
53.04,-0.0011992203562401,107,0
53.042,-0.0011568945562401,107,0
53.044,-0.0011145687562401,107,0
53.046,-0.0007390210562401,107,0
53.048,-0.0005823018562401,107,0
53.05,-0.0006731244562401,107,0
53.052,-0.0007639470562401,107,0
53.054,-0.0009736219062401,107,0
53.056,-0.0011832967562401,107,0
53.058,-0.0011700109562401,107,0
53.06,-0.0010266017562401,107,0
53.062,-0.0006129269562401,107,0
53.064,-0.0005600983562401,107,0
53.066,-0.0006271626062401,107,0
53.068,-0.0006942268562401,107,0
53.07,-0.0009253126562401,107,0
53.072,-0.0011426770562401,107,0
53.074,-0.0010811606562401,107,0
53.076,-0.0009846631562401,107,0
53.078,-0.0008881656562401,107,0
53.08,-0.0006733180562401,107,0
53.082,-0.0005449491562401,107,0
53.084,-0.0006298185562401,107,0
53.086,-0.0008452348562401,107,0
53.088,-0.0012230089562401,107,0
53.09,-0.0011862552062401,107,0
53.092,-0.0011495014562401,107,0
53.094,-0.0009790245562401,107,0
53.096,-0.0007558037562401,107,0
53.098,-0.0005749450562401,107,0
53.1,-0.0007825931562401,107,0
53.102,-0.0009902412562401,107,0
53.104,-0.0011918151562401,107,0
53.106,-0.0011773919562401,107,0
53.108,-0.0008307027562401,107,0
53.11,-0.0006200175562401,107,0
53.112,-0.0005896526062401,107,0
53.114,-0.0005592876562401,107,0
53.116,-0.0006918310562401,107,0
53.118,-0.0009186213562401,107,0
53.12,-0.0011340618562401,107,0
53.122,-0.0012050041562401,107,0
53.124,-0.0010861216562401,107,0
53.126,-0.0008876937562401,107,0
53.128,-0.0006763188562401,107,0
53.13,-0.0006276042562401,107,0
53.132,-0.0008354943562401,107,0
53.134,-0.0009463848062401,107,0
53.136,-0.0010572752562401,107,0
53.138,-0.0012129901562401,107,0
53.14,-0.0011367480562401,107,0
53.142,-0.0009673722562401,107,0
53.144,-0.0007492213562401,107,0
53.146,-0.0005644785562401,107,0
53.148,-0.0007532385562401,107,0
53.15,-0.0009701915562401,107,0
53.152,-0.0011871445562401,107,0
53.154,-0.0011878705562401,107,0
53.156,-0.0008976823062401,107,0
53.158,-0.0006074940562401,107,0
53.16,-0.0005756045062401,107,0
53.162,-0.0005437149562401,107,0
53.164,-0.0006650295562401,107,0
53.166,-0.0007863441562401,107,0
53.168,-0.0009076587562401,107,0
53.17,-0.0011267171562401,107,0
53.172,-0.0012049073562401,107,0
53.174,-0.0010901630562401,107,0
53.176,-0.0008933202562401,107,0
53.178,-0.0005327644562401,107,0
53.18,-0.0006088734562401,107,0
53.182,-0.0007158193062401,107,0
53.184,-0.0008227651562401,107,0
53.186,-0.0010430940562401,107,0
53.188,-0.0012009385562401,107,0
53.19,-0.0011340134562401,107,0
53.192,-0.0007556706562401,107,0
53.194,-0.0006578482062401,107,0
53.196,-0.0005600257562401,107,0
53.198,-0.0007457728562401,107,0
53.2,-0.0008578975062401,107,0
53.202,-0.0009700221562401,107,0
53.204,-0.0011698778562401,107,0
53.206,-0.0010973383562401,107,0
53.208,-0.0010247988562401,107,0
53.21,-0.0008146702562401,107,0
53.212,-0.0005379674562401,107,0
53.214,-0.0006008572062401,107,0
53.216,-0.0006637469562401,107,0
53.218,-0.0008896781562401,107,0
53.22,-0.0011204009562401,107,0
53.222,-0.0012013015562401,107,0
53.224,-0.0010867992562401,107,0
53.226,-0.0008946996562401,107,0
53.228,-0.0005364065562401,107,0
53.23,-0.0006054733562401,107,0
53.232,-0.0008151300562401,107,0
53.234,-0.0009290394562401,107,0
53.236,-0.0010429488562401,107,0
53.238,-0.0012073394562401,107,0
53.24,-0.0011428343562401,107,0
53.242,-0.0007595789562401,107,0
53.244,-0.0006645213562401,107,0
53.246,-0.0005694637562401,107,0
53.248,-0.0005663540562401,107,0
53.25,-0.0011718259562401,107,0
53.252,-0.0011753047062401,107,0
53.254,-0.0011787834562401,107,0
53.256,-0.0008248100562401,107,0
53.258,-0.0005356200562401,107,0
53.26,-0.0005755944229067,107,0
53.262,-0.0006155687895734,107,0
53.264,-0.0006555431562401,107,0
53.266,-0.0007677464562401,107,0
53.268,-0.0008799497562401,107,0
53.27,-0.0011015733562401,107,0
53.272,-0.0011893467562401,107,0
53.274,-0.0010848148562401,107,0
53.276,-0.0006830101562401,107,0
53.278,-0.0005307679562401,107,0
53.28,-0.0005995322562401,107,0
53.282,-0.0007064115562401,107,0
53.284,-0.0008132908562401,107,0
53.286,-0.0010348781562401,107,0
53.288,-0.0011988089562401,107,0
53.29,-0.0011412129562401,107,0
53.292,-0.0007705052562401,107,0
53.294,-0.0006758651062401,107,0
53.296,-0.0005812249562401,107,0
53.298,-0.0005712061562401,107,0
53.3,-0.0009587570562401,107,0
53.302,-0.0010594351062401,107,0
53.304,-0.0011601131562401,107,0
53.306,-0.0010392341562401,107,0
53.308,-0.0008348288562401,107,0
53.31,-0.0006199207562401,107,0
53.312,-0.0005785206062401,107,0
53.314,-0.0005371204562401,107,0
53.316,-0.0006603952562401,107,0
53.318,-0.0008830957562401,107,0
53.32,-0.0011053727562401,107,0
53.322,-0.0012004182562401,107,0
53.324,-0.0011040659562401,107,0
53.326,-0.0005461107562401,107,0
53.328,-0.0005746123062401,107,0
53.33,-0.0006031138562401,107,0
53.332,-0.0007025879562401,107,0
53.334,-0.0008020620562401,107,0
53.336,-0.0010358219562401,107,0
53.338,-0.0011457625562401,107,0
53.34,-0.0008583089062401,107,0
53.342,-0.0005708552562401,107,0
53.344,-0.0006501647062401,107,0
53.346,-0.0007294741562401,107,0
53.348,-0.0009481816562401,107,0
53.35,-0.0010520662062401,107,0
53.352,-0.0011559507562401,107,0
53.354,-0.0011788681562401,107,0
53.356,-0.0008431294562401,107,0
53.358,-0.0006309922562401,107,0
53.36,-0.0006610244562401,107,0
53.362,-0.0007349554562401,107,0
53.364,-0.0008088864562401,107,0
53.366,-0.0008828174562401,107,0
53.368,-0.0011005690562401,107,0
53.37,-0.0011891652562401,107,0
53.372,-0.0009047910562401,107,0
53.374,-0.0006948197562401,107,0
53.376,-0.0006182086062401,107,0
53.378,-0.0005415974562401,107,0
53.38,-0.0006003308562401,107,0
53.382,-0.0008147186562401,107,0
53.384,-0.0010252102562401,107,0
53.386,-0.0011484366562401,107,0
53.388,-0.0010675844562401,107,0
53.39,-0.0009867322562401,107,0
53.392,-0.0005722830562401,107,0
53.394,-0.0005596264562401,107,0
53.396,-0.0009452413562401,107,0
53.398,-0.0010499184562401,107,0
53.4,-0.0011545955562401,107,0
53.402,-0.0011784809562401,107,0
53.404,-0.0008469530562401,107,0
53.406,-0.0006295523562401,107,0
53.408,-0.0005812733562401,107,0
53.41,-0.0005329943562401,107,0
53.412,-0.0006472425562401,107,0
53.414,-0.0008695921562401,107,0
53.416,-0.0010988871562401,107,0
53.418,-0.0011526898062401,107,0
53.42,-0.0012064924562401,107,0
53.422,-0.0011060745562401,107,0
53.424,-0.0009219730562401,107,0
53.426,-0.0007097874562401,107,0
53.428,-0.0005404479562401,107,0
53.43,-0.0010273519562401,107,0
53.432,-0.0012032496562401,107,0
53.434,-0.0011866968562401,107,0
53.436,-0.0011701440562401,107,0
53.438,-0.0011535912562401,107,0
53.44,-0.0010002479562401,107,0
53.442,-0.0007911599562401,107,0
53.444,-0.0005872749562401,107,0
53.446,-0.0005613930562401,107,0
53.448,-0.0007191286562401,107,0
53.45,-0.0009487019562401,107,0
53.452,-0.0011673973562401,107,0
53.454,-0.0011945134562401,107,0
53.456,-0.0010604575562401,107,0
53.458,-0.0005431462562401,107,0
53.46,-0.0008793084562401,107,0
53.462,-0.0009813175062401,107,0
53.464,-0.0010833265562401,107,0
53.466,-0.0011226112229067,107,0
53.468,-0.0011618958895734,107,0
53.47,-0.0012011805562401,107,0
53.472,-0.0009232919562401,107,0
53.474,-0.0008208896562401,107,0
53.476,-0.0007184873562401,107,0
53.478,-0.0005461712562401,107,0
53.48,-0.0005938089562401,107,0
53.482,-0.0010145743562401,107,0
53.484,-0.0010809126062401,107,0
53.486,-0.0011472508562401,107,0
53.488,-0.0009923224562401,107,0
53.49,-0.0008879599562401,107,0
53.492,-0.0007835974562401,107,0
53.494,-0.0005834876562401,107,0
53.496,-0.0005517251562401,107,0
53.498,-0.0009420832562401,107,0
53.5,-0.0011570276562401,108,0
53.502,-0.0011997769562401,108,0
53.504,-0.0010682620562401,108,0
53.506,-0.0009674993062401,108,0
53.508,-0.0008667365562401,108,0
53.51,-0.0006518405562401,108,0
53.512,-0.0005460260562401,108,0
53.514,-0.0006493721562401,108,0
53.516,-0.0008689266562401,108,0
53.518,-0.0011176784562401,108,0
53.52,-0.0009381023562401,108,0
53.522,-0.0007218632562401,108,0
53.524,-0.0005476474562401,108,0
53.526,-0.0005895013562401,108,0
53.528,-0.0006546316229067,108,0
53.53,-0.0007197618895734,108,0
53.532,-0.0007848921562401,108,0
53.534,-0.0010043982562401,108,0
53.536,-0.0011949006562401,108,0
53.538,-0.0011561685562401,108,0
53.54,-0.0009985781562401,108,0
53.542,-0.0007899620562401,108,0
53.544,-0.0005532739562401,108,0
53.546,-0.0009337342562401,108,0
53.548,-0.0011549827562401,108,0
53.55,-0.0011975142562401,108,0
53.552,-0.0011557692562401,108,0
53.554,-0.0011140242562401,108,0
53.556,-0.0010722792562401,108,0
53.558,-0.0008676440562401,108,0
53.56,-0.0005419241562401,108,0
53.562,-0.0006397163562401,108,0
53.564,-0.0008542251562401,108,0
53.566,-0.0010775306562401,108,0
53.568,-0.0011440080562401,108,0
53.57,-0.0012104854562401,108,0
53.572,-0.0011211269562401,108,0
53.574,-0.0009419259562401,108,0
53.576,-0.0007354515562401,108,0
53.578,-0.0005881340562401,108,0
53.58,-0.0007924667562401,108,0
53.582,-0.0009915904062401,108,0
53.584,-0.0011907140562401,108,0
53.586,-0.0009950873062401,108,0
53.588,-0.0007994605562401,108,0
53.59,-0.0005540604562401,108,0
53.592,-0.0006274167062401,108,0
53.594,-0.0007007729562401,108,0
53.596,-0.0008112762062401,108,0
53.598,-0.0009217794562401,108,0
53.6,-0.0010283199562401,108,0
53.602,-0.0011348604562401,108,0
53.604,-0.0011939084562401,108,0
53.606,-0.0010712144562401,108,0
53.608,-0.0008683458562401,108,0
53.61,-0.0006501949562401,108,0
53.612,-0.0005347972562401,108,0
53.614,-0.0006293345562401,108,0
53.616,-0.0008395841562401,108,0
53.618,-0.0010819350562401,108,0
53.62,-0.0012133047562401,108,0
53.622,-0.0011248416562401,108,0
53.624,-0.0009454228562401,108,0
53.626,-0.0007285182562401,108,0
53.628,-0.0005400486562401,108,0
53.63,-0.0005716175562401,108,0
53.632,-0.0007633299562401,108,0
53.634,-0.0009966542562401,108,0
53.636,-0.0011899033562401,108,0
53.638,-0.0011636100562401,108,0
53.64,-0.0007978633562401,108,0
53.642,-0.0005892109562401,108,0
53.644,-0.0005646177062401,108,0
53.646,-0.0005400244562401,108,0
53.648,-0.0009150760562401,108,0
53.65,-0.0010206122562401,108,0
53.652,-0.0011261484562401,108,0
53.654,-0.0011884271562401,108,0
53.656,-0.0006652231562401,108,0
53.658,-0.0005315907562401,108,0
53.66,-0.0006191342562401,108,0
53.662,-0.0006906573562401,108,0
53.664,-0.0007621804562401,108,0
53.666,-0.0008337035562401,108,0
53.668,-0.0010554965562401,108,0
53.67,-0.0011972359562401,108,0
53.672,-0.0011098134562401,108,0
53.674,-0.0007294862562401,108,0
53.676,-0.0005744852562401,108,0
53.678,-0.0009836951562401,108,0
53.68,-0.0010495151229067,108,0
53.682,-0.0011153350895734,108,0
53.684,-0.0011811550562401,108,0
53.686,-0.0011738708562401,108,0
53.688,-0.0011665866562401,108,0
53.69,-0.0010185794562401,108,0
53.692,-0.0008108224562401,108,0
53.694,-0.0006121404562401,108,0
53.696,-0.0005588157562401,108,0
53.698,-0.0006920367562401,108,0
53.7,-0.0009160924562401,108,0
53.702,-0.0011353444562401,108,0
53.704,-0.0011966793562401,108,0
53.706,-0.0010779904562401,108,0
53.708,-0.0008843904562401,108,0
53.71,-0.0006675826562401,108,0
53.712,-0.0005387660562401,108,0
53.714,-0.0006293103562401,108,0
53.716,-0.0008436739562401,108,0
53.718,-0.0010593927562401,108,0
53.72,-0.0011281086562401,108,0
53.722,-0.0009320342062401,108,0
53.724,-0.0007359597562401,108,0
53.726,-0.0005496802562401,108,0
53.728,-0.0005583922562401,108,0
53.73,-0.0005671042562401,108,0
53.732,-0.0007474668562401,108,0
53.734,-0.0009743781562401,108,0
53.736,-0.0011746694562401,108,0
53.738,-0.0011654613562401,108,0
53.74,-0.0008143072562401,108,0
53.742,-0.0006023757562401,108,0
53.744,-0.0006354027062401,108,0
53.746,-0.0006684296562401,108,0
53.748,-0.0007802820562401,108,0
53.75,-0.0008921344562401,108,0
53.752,-0.0011974658562401,108,0
53.754,-0.0010792972562401,108,0
53.756,-0.0008830352562401,108,0
53.758,-0.0006741529562401,108,0
53.76,-0.0008374182562401,108,0
53.762,-0.0009315986062401,108,0
53.764,-0.0010257789562401,108,0
53.766,-0.0011199593062401,108,0
53.768,-0.0012141396562401,108,0
53.77,-0.0011409104562401,108,0
53.772,-0.0009678441562401,108,0
53.774,-0.0005662451562401,108,0
53.776,-0.0006595422062401,108,0
53.778,-0.0007528392562401,108,0
53.78,-0.0008307995562401,108,0
53.782,-0.0009087598562401,108,0
53.784,-0.0009867201562401,108,0
53.786,-0.0011885239562401,108,0
53.788,-0.0010359187562401,108,0
53.79,-0.0009334620062401,108,0
53.792,-0.0008310052562401,108,0
53.794,-0.0006826229562401,108,0
53.796,-0.0007591151229067,108,0
53.798,-0.0008356072895734,108,0
53.8,-0.0009120994562401,108,0
53.802,-0.0011297784562401,108,0
53.804,-0.0012044354562401,108,0
53.806,-0.0009035205562401,108,0
53.808,-0.0007220024062401,108,0
53.81,-0.0005404842562401,108,0
53.812,-0.0006165085562401,108,0
53.814,-0.0007224259062401,108,0
53.816,-0.0008283432562401,108,0
53.818,-0.0012052824562401,108,0
53.82,-0.0009755397562401,108,0
53.822,-0.0007585625562401,108,0
53.824,-0.0006950899895734,108,0
53.826,-0.0006316174229067,108,0
53.828,-0.0005681448562401,108,0
53.83,-0.0007483864562401,108,0
53.832,-0.0009630767562401,108,0
53.834,-0.0011777670562401,108,0
53.836,-0.0011288790229067,108,0
53.838,-0.0010799909895734,108,0
53.84,-0.0010311029562401,108,0
53.842,-0.0008243623562401,108,0
53.844,-0.0006164601562401,108,0
53.846,-0.0006774683562401,108,0
53.848,-0.0008997695562401,108,0
53.85,-0.0010125415562401,108,0
53.852,-0.0011253135562401,108,0
53.854,-0.0012100256562401,108,0
53.856,-0.0011016822562401,108,0
53.858,-0.0009099698562401,108,0
53.86,-0.0005431825562401,108,0
53.862,-0.0005798879062401,108,0
53.864,-0.0006165932562401,108,0
53.866,-0.0010520964562401,108,0
53.868,-0.0011480615562401,108,0
53.87,-0.0007698639562401,108,0
53.872,-0.0006719568062401,108,0
53.874,-0.0005740496562401,108,0
53.876,-0.0005692580562401,108,0
53.878,-0.0006286609895734,108,0
53.88,-0.0006880639229067,108,0
53.882,-0.0007474668562401,108,0
53.884,-0.0011774524562401,108,0
53.886,-0.0010417509562401,108,0
53.888,-0.0006277736562401,108,0
53.89,-0.0005413796562401,108,0
53.892,-0.0008921465562401,108,0
53.894,-0.0009374707362401,108,0
53.896,-0.0009827949162401,108,0
53.898,-0.0010281190962401,108,0
53.9,-0.0010734432762401,108,0
53.902,-0.0011187674562401,108,0
53.904,-0.0012043023562401,108,0
53.906,-0.0008995033562401,108,0
53.908,-0.0005428921562401,108,0
53.91,-0.0005643454562401,108,0
53.912,-0.0005857987562401,108,0
53.914,-0.0006072520562401,108,0
53.916,-0.0012010837562401,108,0
53.918,-0.0011244665562401,108,0
53.92,-0.0010478493562401,108,0
53.922,-0.0009712321562401,108,0
53.924,-0.0008625076062401,108,0
53.926,-0.0007537830562401,108,0
53.928,-0.0005503699562401,108,0
53.93,-0.0005522454562401,108,0
53.932,-0.0009671302562401,108,0
53.934,-0.0010729689562401,108,0
53.936,-0.0011788076562401,108,0
53.938,-0.0011776823562401,108,0
53.94,-0.0008341875562401,108,0
53.942,-0.0005356926562401,108,0
53.944,-0.0005985461062401,108,0
53.946,-0.0006613995562401,108,0
53.948,-0.0008860723562401,108,0
53.95,-0.0010000362062401,108,0
53.952,-0.0011140000562401,108,0
53.954,-0.0012065892562401,108,0
53.956,-0.0010981369562401,108,0
53.958,-0.0009048394562401,108,0
53.96,-0.0006973728562401,108,0
53.962,-0.0005443441562401,108,0
53.964,-0.0006044327562401,108,0
53.966,-0.0008071440562401,108,0
53.968,-0.0010372376562401,108,0
53.97,-0.0012172614562401,108,0
53.972,-0.0011585643562401,108,0
53.974,-0.0005742069562401,108,0
53.976,-0.0007311923562401,108,0
53.978,-0.0009499966562401,108,0
53.98,-0.0011688009562401,108,0
53.982,-0.0011828127562401,108,0
53.984,-0.0011486937812401,108,0
53.986,-0.0011145748062401,108,0
53.988,-0.0010804558312401,108,0
53.99,-0.0010463368562401,108,0
53.992,-0.0006304840562401,108,0
53.994,-0.0005418394562401,108,0
53.996,-0.0006005728562401,108,0
53.998,-0.0006593062562401,108,0
54.0,-0.0011104063562401,109,0
54.002,-0.0012157489562401,109,0
54.004,-0.0011116889562401,109,0
54.006,-0.0010170004062401,109,0
54.008,-0.0009223118562401,109,0
54.01,-0.0007040520562401,109,0
54.012,-0.0005530924562401,109,0
54.014,-0.0006094784562401,109,0
54.016,-0.0008093341562401,109,0
54.018,-0.0012156642562401,109,0
54.02,-0.0011891652562401,109,0
54.022,-0.0011626662562401,109,0
54.024,-0.0010007198562401,109,0
54.026,-0.0007885705562401,109,0
54.028,-0.0005871781562401,109,0
54.03,-0.0005688224562401,109,0
54.032,-0.0011679660562401,109,0
54.034,-0.0011868541562401,109,0
54.036,-0.0010547826562401,109,0
54.038,-0.0009860143229067,109,0
54.04,-0.0009172459895734,109,0
54.042,-0.0008484776562401,109,0
54.044,-0.0006352998562401,109,0
54.046,-0.0005404721562401,109,0
54.048,-0.0006546356562401,109,0
54.05,-0.0008764286562401,109,0
54.052,-0.0011108782562401,109,0
54.054,-0.0012182657562401,109,0
54.056,-0.0009217068562401,109,0
54.058,-0.0008169390062401,109,0
54.06,-0.0007121711562401,109,0
54.062,-0.0005513621562401,109,0
54.064,-0.0006034163562401,109,0
54.066,-0.0010242785562401,109,0
54.068,-0.0012065287562401,109,0
54.07,-0.0011802294062401,109,0
54.072,-0.0011539300562401,109,0
54.074,-0.0009891159562401,109,0
54.076,-0.0005784419562401,109,0
54.078,-0.0005632685562401,109,0
54.08,-0.0006440300062401,109,0
54.082,-0.0007247914562401,109,0
54.084,-0.0009539170562401,109,0
54.086,-0.0011713903562401,109,0
54.088,-0.0012010958562401,109,0
54.09,-0.0010647288562401,109,0
54.092,-0.0008585569562401,109,0
54.094,-0.0005370357562401,109,0
54.096,-0.0006420274562401,109,0
54.098,-0.0008674383562401,109,0
54.1,-0.0010906107562401,109,0
54.102,-0.0011988210562401,109,0
54.104,-0.0011014402562401,109,0
54.106,-0.0010077076062401,109,0
54.108,-0.0009139749562401,109,0
54.11,-0.0005367090562401,109,0
54.112,-0.0005620525062401,109,0
54.114,-0.0005873959562401,109,0
54.116,-0.0007844928562401,109,0
54.118,-0.0010100368562401,109,0
54.12,-0.0011910770562401,109,0
54.122,-0.0011539905562401,109,0
54.124,-0.0010045434562401,109,0
54.126,-0.0007778499562401,109,0
54.128,-0.0005433035562401,109,0
54.13,-0.0007015473562401,109,0
54.132,-0.0008126374562401,109,0
54.134,-0.0009237275562401,109,0
54.136,-0.0011821109562401,109,0
54.138,-0.0010486963562401,109,0
54.14,-0.0007927753062401,109,0
54.142,-0.0005368542562401,109,0
54.144,-0.0008574921562401,109,0
54.146,-0.0009302736562401,109,0
54.148,-0.0010030551562401,109,0
54.15,-0.0010758366562401,109,0
54.152,-0.0011388474062401,109,0
54.154,-0.0012018581562401,109,0
54.156,-0.0011182592562401,109,0
54.158,-0.0009351983562401,109,0
54.16,-0.0007182211562401,109,0
54.162,-0.0005474780562401,109,0
54.164,-0.0010048943562401,109,0
54.166,-0.0010690848562401,109,0
54.168,-0.0011332753562401,109,0
54.17,-0.0011974658562401,109,0
54.172,-0.0011655218562401,109,0
54.174,-0.0010042409562401,109,0
54.176,-0.0006019280562401,109,0
54.178,-0.0005640187562401,109,0
54.18,-0.0009340609562401,109,0
54.182,-0.0011445646562401,109,0
54.184,-0.0011698294562401,109,0
54.186,-0.0011950942562401,109,0
54.188,-0.0011334084562401,109,0
54.19,-0.0010717226562401,109,0
54.192,-0.0008722541562401,109,0
54.194,-0.0006582414562401,109,0
54.196,-0.0005392258562401,109,0
54.198,-0.0006367034562401,109,0
54.2,-0.0008580487562401,109,0
54.202,-0.0010796360562401,109,0
54.204,-0.0012081380562401,109,0
54.206,-0.0009348474562401,109,0
54.208,-0.0007252875562401,109,0
54.21,-0.0005491478562401,109,0
54.212,-0.0005832940562401,109,0
54.214,-0.0006791744562401,109,0
54.216,-0.0007750548562401,109,0
54.218,-0.0010069392562401,109,0
54.22,-0.0012014588562401,109,0
54.222,-0.0011662720562401,109,0
54.224,-0.0007965081562401,109,0
54.226,-0.0005423960562401,109,0
54.228,-0.0006903548562401,109,0
54.23,-0.0009355250562401,109,0
54.232,-0.0011806952562401,109,0
54.234,-0.0010572510562401,109,0
54.236,-0.0009580250062401,109,0
54.238,-0.0008587989562401,109,0
54.24,-0.0007492213562401,109,0
54.242,-0.0006396437562401,109,0
54.244,-0.0005843467562401,109,0
54.246,-0.0005290497562401,109,0
54.248,-0.0006277978562401,109,0
54.25,-0.0008394994562401,109,0
54.252,-0.0010662292562401,109,0
54.254,-0.0012053913562401,109,0
54.256,-0.0011230629562401,109,0
54.258,-0.0009431722562401,109,0
54.26,-0.0007315311562401,109,0
54.262,-0.0005475143562401,109,0
54.264,-0.0005890899562401,109,0
54.266,-0.0007946689562401,109,0
54.268,-0.0011928920562401,109,0
54.27,-0.0011667439562401,109,0
54.272,-0.0010907620062401,109,0
54.274,-0.0010147800562401,109,0
54.276,-0.0008083540562401,109,0
54.278,-0.0005530077562401,109,0
54.28,-0.0006991515562401,109,0
54.282,-0.0008114819062401,109,0
54.284,-0.0009238122562401,109,0
54.286,-0.0011385146562401,109,0
54.288,-0.0011951184562401,109,0
54.29,-0.0010700770562401,109,0
54.292,-0.0008766464562401,109,0
54.294,-0.0005376528562401,109,0
54.296,-0.0008479089562401,109,0
54.298,-0.0009224610895734,109,0
54.3,-0.0009970132229067,109,0
54.302,-0.0010715653562401,109,0
54.304,-0.0012157489562401,109,0
54.306,-0.0011309400562401,109,0
54.308,-0.0009532152562401,109,0
54.31,-0.0007454098562401,109,0
54.312,-0.0005599289562401,109,0
54.314,-0.0005842862562401,109,0
54.316,-0.0007720177562401,109,0
54.318,-0.0009958677562401,109,0
54.32,-0.0011845793562401,109,0
54.322,-0.0011720558562401,109,0
54.324,-0.0010194627562401,109,0
54.326,-0.0008104473562401,109,0
54.328,-0.0006090549562401,109,0
54.33,-0.0005531166562401,109,0
54.332,-0.0009172177562401,109,0
54.334,-0.0010300260562401,109,0
54.336,-0.0011428343562401,109,0
54.338,-0.0012080049562401,109,0
54.34,-0.0010825037562401,109,0
54.342,-0.0008810024562401,109,0
54.344,-0.0006654409562401,109,0
54.346,-0.0005391290562401,109,0
54.348,-0.0006270960562401,109,0
54.35,-0.0012017613562401,109,0
54.352,-0.0011757503895734,109,0
54.354,-0.0011497394229067,109,0
54.356,-0.0011237284562401,109,0
54.358,-0.0007356572562401,109,0
54.36,-0.0006474361562401,109,0
54.362,-0.0005592150562401,109,0
54.364,-0.0005774134562401,109,0
54.366,-0.0007594942562401,109,0
54.368,-0.0009811178562401,109,0
54.37,-0.0011792432562401,109,0
54.372,-0.0011683411562401,109,0
54.374,-0.0010212414562401,109,0
54.376,-0.0008179614562401,109,0
54.378,-0.0006182509562401,109,0
54.38,-0.0006925328562401,109,0
54.382,-0.0008056860062401,109,0
54.384,-0.0009188391562401,109,0
54.386,-0.0010028192062401,109,0
54.388,-0.0010867992562401,109,0
54.39,-0.0008965993562401,109,0
54.392,-0.0006768149562401,109,0
54.394,-0.0005407867562401,109,0
54.396,-0.0006224617562401,109,0
54.398,-0.0008353249562401,109,0
54.4,-0.0010668342562401,109,0
54.402,-0.0012157731562401,109,0
54.404,-0.0011414791562401,109,0
54.406,-0.0009690178562401,109,0
54.408,-0.0007520890562401,109,0
54.41,-0.0005579203562401,109,0
54.412,-0.0005831004562401,109,0
54.414,-0.0007629185562401,109,0
54.416,-0.0009802950562401,109,0
54.418,-0.0011751776562401,109,0
54.42,-0.0011730480562401,109,0
54.422,-0.0010302075562401,109,0
54.424,-0.0008222448562401,109,0
54.426,-0.0006109183562401,109,0
54.428,-0.0005447797562401,109,0
54.43,-0.0009066060562401,109,0
54.432,-0.0012031407562401,109,0
54.434,-0.0011491626562401,109,0
54.436,-0.0010951845562401,109,0
54.438,-0.0009074409562401,109,0
54.44,-0.0006805659562401,109,0
54.442,-0.0005449249562401,109,0
54.444,-0.0006208887562401,109,0
54.446,-0.0007249366562401,109,0
54.448,-0.0008289845562401,109,0
54.45,-0.0010557748562401,109,0
54.452,-0.0012156158562401,109,0
54.454,-0.0011449881562401,109,0
54.456,-0.0007625313562401,109,0
54.458,-0.0005665839562401,109,0
54.46,-0.0005790590562401,109,0
54.462,-0.0007575582562401,109,0
54.464,-0.0008705359562401,109,0
54.466,-0.0009835136562401,109,0
54.468,-0.0011855836562401,109,0
54.47,-0.0011811550562401,109,0
54.472,-0.0008352281562401,109,0
54.474,-0.0006211549562401,109,0
54.476,-0.0005523906562401,109,0
54.478,-0.0006789203562401,109,0
54.48,-0.0009018991562401,109,0
54.482,-0.0010146227562401,109,0
54.484,-0.0011273463562401,109,0
54.486,-0.0012112114562401,109,0
54.488,-0.0009028792562401,109,0
54.49,-0.0006150565562401,109,0
54.492,-0.0006698514062401,109,0
54.494,-0.0007246462562401,109,0
54.496,-0.0007794411062401,109,0
54.498,-0.0008342359562401,109,0
54.5,-0.0010443645562401,110,0
54.502,-0.0012119253562401,110,0
54.504,-0.0011466579562401,110,0
54.506,-0.0007734576562401,110,0
54.508,-0.0005816968562401,110,0
54.51,-0.0005775949562401,110,0
54.512,-0.0007773901562401,110,0
54.514,-0.0009771853562401,110,0
54.516,-0.0010820318562401,110,0
54.518,-0.0011868783562401,110,0
54.52,-0.0010438563562401,110,0
54.522,-0.0008330743562401,110,0
54.524,-0.0006239258562401,110,0
54.526,-0.0005496560562401,110,0
54.528,-0.0006714546562401,110,0
54.53,-0.0008938284562401,110,0
54.532,-0.0011120156562401,110,0
54.534,-0.0012011926562401,110,0
54.536,-0.0010959105562401,110,0
54.538,-0.0006934282562401,110,0
54.54,-0.0006579208062401,110,0
54.542,-0.0006224133562401,110,0
54.544,-0.0008273752562401,110,0
54.546,-0.0010494707562401,110,0
54.548,-0.0011291734562401,110,0
54.55,-0.0012088761562401,110,0
54.552,-0.0010016999562401,110,0
54.554,-0.0007838394562401,110,0
54.556,-0.0005844919562401,110,0
54.558,-0.0005784540562401,110,0
54.56,-0.0007451073562401,110,0
54.562,-0.0009653152562401,110,0
54.564,-0.0010710753062401,110,0
54.566,-0.0011768353562401,110,0
54.568,-0.0010483212562401,110,0
54.57,-0.0008395962562401,110,0
54.572,-0.0006905545062401,110,0
54.574,-0.0005415127562401,110,0
54.576,-0.0006685143562401,110,0
54.578,-0.0008914084562401,110,0
54.58,-0.0010025409062401,110,0
54.582,-0.0011136733562401,110,0
54.584,-0.0012060205562401,110,0
54.586,-0.0009101392562401,110,0
54.588,-0.0006887818562401,110,0
54.59,-0.0005336235562401,110,0
54.592,-0.0006028597562401,110,0
54.594,-0.0007063752562401,110,0
54.596,-0.0008098907562401,110,0
54.598,-0.0010313086562401,110,0
54.6,-0.0011949732562401,110,0
54.602,-0.0009823399562401,110,0
54.604,-0.0007797617562401,110,0
54.606,-0.0006798581062401,110,0
54.608,-0.0005799544562401,110,0
54.61,-0.0005672131562401,110,0
54.612,-0.0009561555562401,110,0
54.614,-0.0011762908562401,110,0
54.616,-0.0010480913562401,110,0
54.618,-0.0008481146562401,110,0
54.62,-0.0007385915062401,110,0
54.622,-0.0006290683562401,110,0
54.624,-0.0006602984562401,110,0
54.626,-0.0008904888562401,110,0
54.628,-0.0011133587562401,110,0
54.63,-0.0011145929562401,110,0
54.632,-0.0010178353062401,110,0
54.634,-0.0009210776562401,110,0
54.636,-0.0007159100562401,110,0
54.638,-0.0005489905562401,110,0
54.64,-0.0005691773895734,110,0
54.642,-0.0005893642229067,110,0
54.644,-0.0006095510562401,110,0
54.646,-0.0012109573562401,110,0
54.648,-0.0011628598562401,110,0
54.65,-0.0010801200562401,110,0
54.652,-0.0009973802562401,110,0
54.654,-0.0008920860562401,110,0
54.656,-0.0007867918562401,110,0
54.658,-0.0005835723562401,110,0
54.66,-0.0005711214562401,110,0
54.662,-0.0007327895562401,110,0
54.664,-0.0009630767562401,110,0
54.666,-0.0011858377562401,110,0
54.668,-0.0010197531562401,110,0
54.67,-0.0008536685562401,110,0
54.672,-0.0006965500562401,110,0
54.674,-0.0005394315562401,110,0
54.676,-0.0007076094562401,110,0
54.678,-0.0008757873562401,110,0
54.68,-0.0012069764562401,110,0
54.682,-0.0009599549562401,110,0
54.684,-0.0007129334562401,110,0
54.686,-0.0005514105562401,110,0
54.688,-0.0008062365562401,110,0
54.69,-0.0008782396229067,110,0
54.692,-0.0009502426895734,110,0
54.694,-0.0010222457562401,110,0
54.696,-0.0011111021062401,110,0
54.698,-0.0011999584562401,110,0
54.7,-0.0011612868562401,110,0
54.702,-0.0010033939562401,110,0
54.704,-0.0005959264562401,110,0
54.706,-0.0005844012062401,110,0
54.708,-0.0005728759562401,110,0
54.71,-0.0007292200562401,110,0
54.712,-0.0009573050562401,110,0
54.714,-0.0011696963562401,110,0
54.716,-0.0012017613562401,110,0
54.718,-0.0008757147562401,110,0
54.72,-0.0007151235562401,110,0
54.722,-0.0005545323562401,110,0
54.724,-0.0008780137562401,110,0
54.726,-0.0011057357562401,110,0
54.728,-0.0011431933229067,110,0
54.73,-0.0011806508895734,110,0
54.732,-0.0012181084562401,110,0
54.734,-0.0011159965562401,110,0
54.736,-0.0009340125562401,110,0
54.738,-0.0007270057562401,110,0
54.74,-0.0005554398562401,110,0
54.742,-0.0006033921562401,110,0
54.744,-0.0008027154562401,110,0
54.746,-0.0010241091562401,110,0
54.748,-0.0012085736562401,110,0
54.75,-0.0011615409562401,110,0
54.752,-0.0008026307562401,110,0
54.754,-0.0006955760062401,110,0
54.756,-0.0005885212562401,110,0
54.758,-0.0005642244562401,110,0
54.76,-0.0007242469562401,110,0
54.762,-0.0009433658562401,110,0
54.764,-0.0011532040562401,110,0
54.766,-0.0010721703562401,110,0
54.768,-0.0006563417562401,110,0
54.77,-0.0006491906562401,110,0
54.772,-0.0008739965562401,110,0
54.774,-0.0010979675562401,110,0
54.776,-0.0011372885229067,110,0
54.778,-0.0011766094895734,110,0
54.78,-0.0012159304562401,110,0
54.782,-0.0009382596562401,110,0
54.784,-0.0008307511562401,110,0
54.786,-0.0007232426562401,110,0
54.788,-0.0006343016062401,110,0
54.79,-0.0005453605562401,110,0
54.792,-0.0005910622562401,110,0
54.794,-0.0010196684562401,110,0
54.796,-0.0011093778562401,110,0
54.798,-0.0011990872562401,110,0
54.8,-0.0010014821562401,110,0
54.802,-0.0005905298562401,110,0
54.804,-0.0005551857562401,110,0
54.806,-0.0006070140895734,110,0
54.808,-0.0006588424229067,110,0
54.81,-0.0007106707562401,110,0
54.812,-0.0011551279562401,110,0
54.814,-0.0011183379062401,110,0
54.816,-0.0010815478562401,110,0
54.818,-0.0009801680062401,110,0
54.82,-0.0008787881562401,110,0
54.822,-0.0006448346562401,110,0
54.824,-0.0008005898895734,110,0
54.826,-0.0009563451229067,110,0
54.828,-0.0011121003562401,110,0
54.83,-0.0012238801562401,110,0
54.832,-0.0011766417562401,110,0
54.834,-0.0011294033562401,110,0
54.836,-0.0009493795562401,110,0
54.838,-0.0007358629562401,110,0
54.84,-0.0005992176562401,110,0
54.842,-0.0007933258562401,110,0
54.844,-0.0012015314562401,110,0
54.846,-0.0010251618562401,110,0
54.848,-0.0008106046562401,110,0
54.85,-0.0006024120562401,110,0
54.852,-0.0006399301229067,110,0
54.854,-0.0006774481895734,110,0
54.856,-0.0007149662562401,110,0
54.858,-0.0011601736562401,110,0
54.86,-0.0011707581312401,110,0
54.862,-0.0011813426062401,110,0
54.864,-0.0011919270812401,110,0
54.866,-0.0012025115562401,110,0
54.868,-0.0008724719562401,110,0
54.87,-0.0006584713562401,110,0
54.872,-0.0005398187562401,110,0
54.874,-0.0005893501062401,110,0
54.876,-0.0006388814562401,110,0
54.878,-0.0008542977562401,110,0
54.88,-0.0010711539562401,110,0
54.882,-0.0012064440562401,110,0
54.884,-0.0011255434562401,110,0
54.886,-0.0007343625562401,110,0
54.888,-0.0005663782562401,110,0
54.89,-0.0005779156062401,110,0
54.892,-0.0005894529562401,110,0
54.894,-0.0010019661562401,110,0
54.896,-0.0010870775562401,110,0
54.898,-0.0011721889562401,110,0
54.9,-0.0005557665562401,110,0
54.902,-0.0006286932562401,110,0
54.904,-0.0007016199562401,110,0
54.906,-0.0008157532062401,110,0
54.908,-0.0009298864562401,110,0
54.91,-0.0011452422562401,110,0
54.912,-0.0011110537062401,110,0
54.914,-0.0010768651562401,110,0
54.916,-0.0008783041562401,110,0
54.918,-0.0006615326562401,110,0
54.92,-0.0006000888562401,110,0
54.922,-0.0005386450562401,110,0
54.924,-0.0006350336562401,110,0
54.926,-0.0010823222562401,110,0
54.928,-0.0011301253229067,110,0
54.93,-0.0011779283895734,110,0
54.932,-0.0012257314562401,110,0
54.934,-0.0011443710562401,110,0
54.936,-0.0009700705562401,110,0
54.938,-0.0007559247562401,110,0
54.94,-0.0005755863562401,110,0
54.942,-0.0007765068562401,110,0
54.944,-0.0012027051562401,110,0
54.946,-0.0011925411562401,110,0
54.948,-0.0011823771562401,110,0
54.95,-0.0010332688562401,110,0
54.952,-0.0009282953062401,110,0
54.954,-0.0008233217562401,110,0
54.956,-0.0006127454562401,110,0
54.958,-0.0006948076562401,110,0
54.96,-0.0009205210562401,110,0
54.962,-0.0010285196062401,110,0
54.964,-0.0011365181562401,110,0
54.966,-0.0012023663562401,110,0
54.968,-0.0010879003562401,110,0
54.97,-0.0008911059562401,110,0
54.972,-0.0006681029562401,110,0
54.974,-0.0005333573562401,110,0
54.976,-0.0006239258562401,110,0
54.978,-0.0008357363562401,110,0
54.98,-0.0010587877562401,110,0
54.982,-0.0012092996562401,110,0
54.984,-0.0011300688562401,110,0
54.986,-0.0007490882562401,110,0
54.988,-0.0005790953562401,110,0
54.99,-0.0009868532562401,110,0
54.992,-0.0010895762062401,110,0
54.994,-0.0011922991562401,110,0
54.996,-0.0010320104562401,110,0
54.998,-0.0009261173062401,110,0
55.0,-0.0008202241562401,111,0
55.002,-0.0007143310062401,111,0
55.004,-0.0006084378562401,111,0
55.006,-0.0005500432562401,111,0
55.008,-0.0006889028562401,111,0
55.01,-0.0009157052562401,111,0
55.012,-0.0011322226562401,111,0
55.014,-0.0012058148562401,111,0
55.016,-0.0010850568562401,111,0
55.018,-0.0008870282562401,111,0
55.02,-0.0006743707562401,111,0
55.022,-0.0005347851562401,111,0
55.024,-0.0006205015562401,111,0
55.026,-0.0008371157562401,111,0
55.028,-0.0010627081562401,111,0
55.03,-0.0011406805562401,111,0
55.032,-0.0009688605562401,111,0
55.034,-0.0007598572562401,111,0
55.036,-0.0005668501562401,111,0
55.038,-0.0007657257562401,111,0
55.04,-0.0009919594562401,111,0
55.042,-0.0011883908562401,111,0
55.044,-0.0011840893062401,111,0
55.046,-0.0011797877562401,111,0
55.048,-0.0011055845062401,111,0
55.05,-0.0010313812562401,111,0
55.052,-0.0008213857562401,111,0
55.054,-0.0006144636562401,111,0
55.056,-0.0005506482562401,111,0
55.058,-0.0006831432562401,111,0
55.06,-0.0009041376562401,111,0
55.062,-0.0011241398562401,111,0
55.064,-0.0012033948562401,111,0
55.066,-0.0010855166562401,111,0
55.068,-0.0006723863562401,111,0
55.07,-0.0006056064562401,111,0
55.072,-0.0005388265562401,111,0
55.074,-0.0008314045562401,111,0
55.076,-0.0010627323562401,111,0
55.078,-0.0011416243562401,111,0
55.08,-0.0012205163562401,111,0
55.082,-0.0011516794562401,111,0
55.084,-0.0009812872562401,111,0
55.086,-0.0007683998562401,111,0
55.088,-0.0005778369562401,111,0
55.09,-0.0005862464562401,111,0
55.092,-0.0007640801562401,111,0
55.094,-0.0009875671562401,111,0
55.096,-0.0010401416562401,111,0
55.098,-0.0008366196562401,111,0
55.1,-0.0006215663562401,111,0
55.102,-0.0005869361562401,111,0
55.104,-0.0005523059562401,111,0
55.106,-0.0006223891562401,111,0
55.108,-0.0006924723562401,111,0
55.11,-0.0011305165562401,111,0
55.112,-0.0012081622562401,111,0
55.114,-0.0011526535062401,111,0
55.116,-0.0010971447562401,111,0
55.118,-0.0009149429562401,111,0
55.12,-0.0005439448562401,111,0
55.122,-0.0008330380562401,111,0
55.124,-0.0010581101562401,111,0
55.126,-0.0011350601062401,111,0
55.128,-0.0012120100562401,111,0
55.13,-0.0011795578562401,111,0
55.132,-0.0011471056562401,111,0
55.134,-0.0009803676562401,111,0
55.136,-0.0007668147562401,111,0
55.138,-0.0005641397562401,111,0
55.14,-0.0005680843562401,111,0
55.142,-0.0007498505562401,111,0
55.144,-0.0011724067562401,111,0
55.146,-0.0011821835562401,111,0
55.148,-0.0010426100562401,111,0
55.15,-0.0009353617062401,111,0
55.152,-0.0008281133562401,111,0
55.154,-0.0006144636562401,111,0
55.156,-0.0005467520562401,111,0
55.158,-0.0009026977562401,111,0
55.16,-0.0010103454062401,111,0
55.162,-0.0011179930562401,111,0
55.164,-0.0012026809562401,111,0
55.166,-0.0011001092562401,111,0
55.168,-0.0009106716562401,111,0
55.17,-0.0006901975562401,111,0
55.172,-0.0006115354562401,111,0
55.174,-0.0008186995562401,111,0
55.176,-0.0009311630062401,111,0
55.178,-0.0010436264562401,111,0
55.18,-0.0012162813562401,111,0
55.182,-0.0011508082562401,111,0
55.184,-0.0009812872562401,111,0
55.186,-0.0007674439562401,111,0
55.188,-0.0005762518562401,111,0
55.19,-0.0005751265562401,111,0
55.192,-0.0007425300562401,111,0
55.194,-0.0009673117562401,111,0
55.196,-0.0011671674562401,111,0
55.198,-0.0011804653562401,111,0
55.2,-0.0006259344562401,111,0
55.202,-0.0005449491562401,111,0
55.204,-0.0006680182562401,111,0
55.206,-0.0007423001562401,111,0
55.208,-0.0008165820562401,111,0
55.21,-0.0008908639562401,111,0
55.212,-0.0012000189562401,111,0
55.214,-0.0011474323562401,111,0
55.216,-0.0010948457562401,111,0
55.218,-0.0009008101562401,111,0
55.22,-0.0006951464562401,111,0
55.222,-0.0005453484562401,111,0
55.224,-0.0006106279562401,111,0
55.226,-0.0008220028562401,111,0
55.228,-0.0010367899562401,111,0
55.23,-0.0011999947562401,111,0
55.232,-0.0011480373562401,111,0
55.234,-0.0009823036562401,111,0
55.236,-0.0007705778562401,111,0
55.238,-0.0005711577562401,111,0
55.24,-0.0005564925562401,111,0
55.242,-0.0007338906562401,111,0
55.244,-0.0009594588562401,111,0
55.246,-0.0011643239562401,111,0
55.248,-0.0011743427562401,111,0
55.25,-0.0010366689562401,111,0
55.252,-0.0006308591562401,111,0
55.254,-0.0005833001062401,111,0
55.256,-0.0005357410562401,111,0
55.258,-0.0006542726562401,111,0
55.26,-0.0008816074562401,111,0
55.262,-0.0011000971562401,111,0
55.264,-0.0011092205562401,111,0
55.266,-0.0010192328562401,111,0
55.268,-0.0009292451562401,111,0
55.27,-0.0005573879562401,111,0
55.272,-0.0006835002062401,111,0
55.274,-0.0008096124562401,111,0
55.276,-0.0009412483562401,111,0
55.278,-0.0010728842562401,111,0
55.28,-0.0012045201562401,111,0
55.282,-0.0011482551562401,111,0
55.284,-0.0009871920562401,111,0
55.286,-0.0007833554562401,111,0
55.288,-0.0005718232562401,111,0
55.29,-0.0005533344562401,111,0
55.292,-0.0007229280562401,111,0
55.294,-0.0011552489562401,111,0
55.296,-0.0010471596562401,111,0
55.298,-0.0009454652062401,111,0
55.3,-0.0008437707562401,111,0
55.302,-0.0005322199562401,111,0
55.304,-0.0006406964562401,111,0
55.306,-0.0008674625562401,111,0
55.308,-0.0009430673895734,111,0
55.31,-0.0010186722229067,111,0
55.312,-0.0010942770562401,111,0
55.314,-0.0011959170562401,111,0
55.316,-0.0009156810562401,111,0
55.318,-0.0005315907562401,111,0
55.32,-0.0005493777562401,111,0
55.322,-0.0005671647562401,111,0
55.324,-0.0005849517562401,111,0
55.326,-0.0007899499562401,111,0
55.328,-0.0010117550562401,111,0
55.33,-0.0011779122562401,111,0
55.332,-0.0011394100562401,111,0
55.334,-0.0009775120562401,111,0
55.336,-0.0007627249562401,111,0
55.338,-0.0005586342562401,111,0
55.34,-0.0005433640562401,111,0
55.342,-0.0007018256562401,111,0
55.344,-0.0009277810562401,111,0
55.346,-0.0011414670562401,111,0
55.348,-0.0010412548562401,111,0
55.35,-0.0006218083562401,111,0
55.352,-0.0005223221562401,111,0
55.354,-0.0006384458562401,111,0
55.356,-0.0008541041562401,111,0
55.358,-0.0010924257562401,111,0
55.36,-0.0011251441562401,111,0
55.362,-0.0011578625562401,111,0
55.364,-0.0011905809562401,111,0
55.366,-0.0010990686562401,111,0
55.368,-0.0009145799562401,111,0
55.37,-0.0007009665562401,111,0
55.372,-0.0005359225562401,111,0
55.374,-0.0005843467562401,111,0
55.376,-0.0007841661562401,111,0
55.378,-0.0010006835562401,111,0
55.38,-0.0011804653562401,111,0
55.382,-0.0011379338562401,111,0
55.384,-0.0009735190562401,111,0
55.386,-0.0007618537562401,111,0
55.388,-0.0005703712562401,111,0
55.39,-0.0006975422562401,111,0
55.392,-0.0009220577562401,111,0
55.394,-0.0011299599562401,111,0
55.396,-0.0010874526562401,111,0
55.398,-0.0010449453562401,111,0
55.4,-0.0006323474562401,111,0
55.402,-0.0005211121562401,111,0
55.404,-0.0005594691562401,111,0
55.406,-0.0005978261562401,111,0
55.408,-0.0006361831562401,111,0
55.41,-0.0008640987562401,111,0
55.412,-0.0010785712562401,111,0
55.414,-0.0012008054562401,111,0
55.416,-0.0011031221562401,111,0
55.418,-0.0009196135562401,111,0
55.42,-0.0007110216562401,111,0
55.422,-0.0005361282562401,111,0
55.424,-0.0005786839562401,111,0
55.426,-0.0007700817562401,111,0
55.428,-0.0009850140562401,111,0
55.43,-0.0011768837562401,111,0
55.432,-0.0011472508562401,111,0
55.434,-0.0009883173562401,111,0
55.436,-0.0007724170562401,111,0
55.438,-0.0005324135562401,111,0
55.44,-0.0006103436062401,111,0
55.442,-0.0006882736562401,111,0
55.444,-0.0009213075562401,111,0
55.446,-0.0011371836562401,111,0
55.448,-0.0011782510562401,111,0
55.45,-0.0010518544562401,111,0
55.452,-0.0008511275562401,111,0
55.454,-0.0006407811562401,111,0
55.456,-0.0005323167562401,111,0
55.458,-0.0006509209562401,111,0
55.46,-0.0008541888562401,111,0
55.462,-0.0010628291562401,111,0
55.464,-0.0011830668562401,111,0
55.466,-0.0010999761562401,111,0
55.468,-0.0009184519562401,111,0
55.47,-0.0006959813562401,111,0
55.472,-0.0005690523562401,111,0
55.474,-0.0006660278062401,111,0
55.476,-0.0007630032562401,111,0
55.478,-0.0009987354562401,111,0
55.48,-0.0011632954562401,111,0
55.482,-0.0010902840562401,111,0
55.484,-0.0010172726562401,111,0
55.486,-0.0008148517562401,111,0
55.488,-0.0006182993562401,111,0
55.49,-0.0005880130562401,111,0
55.492,-0.0007156680562401,111,0
55.494,-0.0009373158562401,111,0
55.496,-0.0011580682562401,111,0
55.498,-0.0012212060562401,111,0
55.5,-0.0011308069562401,112,1
55.502,-0.0009302010562401,112,1
55.504,-0.0005847218562401,112,1
55.506,-0.0007060606562401,112,1
55.508,-0.0008085295062401,112,1
55.51,-0.0009109983562401,112,1
55.512,-0.0011532645562401,112,1
55.514,-0.0012924629562401,112,1
55.516,-0.0012263364562401,112,1
55.518,-0.0010650555562401,112,1
55.52,-0.0008664219562401,112,1
55.522,-0.0007318336562401,112,1
55.524,-0.0007707956562401,112,1
55.526,-0.0009605236562401,112,1
55.528,-0.0012003335562401,112,1
55.53,-0.0014192346562401,112,1
55.532,-0.0014064933562401,112,1
55.534,-0.0012736958562401,112,1
55.536,-0.0010539235562401,112,1
55.538,-0.0008436497562401,112,1
55.54,-0.0009759027562401,112,1
55.542,-0.0014379896562401,112,1
55.544,-0.0014562848562401,112,1
55.546,-0.0014745800562401,112,1
55.548,-0.0014928752562401,112,1
55.55,-0.0013623646562401,112,1
55.552,-0.0009495368562401,112,1
55.554,-0.0008217729562401,112,1
55.556,-0.0008628524562401,112,1
55.558,-0.0009039319562401,112,1
55.56,-0.0011104668562401,112,1
55.562,-0.0014534292562401,112,1
55.564,-0.0013615297562401,112,1
55.566,-0.0012692188562401,112,1
55.568,-0.0011769079562401,112,1
55.57,-0.0007569169562401,112,1
55.572,-0.0007754057562401,112,1
55.574,-0.0009480485562401,112,1
55.576,-0.0011618797562401,112,1
55.578,-0.0013535800562401,112,1
55.58,-0.0013378319062401,112,1
55.582,-0.0013220837562401,112,1
55.584,-0.0011611295562401,112,1
55.586,-0.0007329468562401,112,1
55.588,-0.0006729187562401,112,1
55.59,-0.0007326322562401,112,1
55.592,-0.0007923457562401,112,1
55.594,-0.0010179381562401,112,1
55.596,-0.0012924871562401,112,1
55.598,-0.0012320053062401,112,1
55.6,-0.0011715234562401,112,1
55.602,-0.0009649764562401,112,1
55.604,-0.0007420581562401,112,1
55.606,-0.0006110877562401,112,1
55.608,-0.0006929805562401,112,1
55.61,-0.0009015482562401,112,1
55.612,-0.0011181382562401,112,1
55.614,-0.0012549287562401,112,1
55.616,-0.0010014821562401,112,1
55.618,-0.0007961754062401,112,1
55.62,-0.0005908686562401,112,1
55.622,-0.0006009479562401,112,1
55.624,-0.0006110272562401,112,1
55.626,-0.0007831134562401,112,1
55.628,-0.0009988806562401,112,1
55.63,-0.0011975142562401,112,1
55.632,-0.0011761577562401,112,1
55.634,-0.0010268316562401,112,1
55.636,-0.0008177315562401,112,1
55.638,-0.0006825624562401,112,1
55.64,-0.0009058558562401,112,1
55.642,-0.0009783832562401,112,1
55.644,-0.0010509106562401,112,1
55.646,-0.0011234380562401,112,1
55.648,-0.0011931340562401,112,1
55.65,-0.0008862296562401,112,1
55.652,-0.0006506910562401,112,1
55.654,-0.0005067857562401,112,1
55.656,-0.0005858229562401,112,1
55.658,-0.0006956909562401,112,1
55.66,-0.0008055589562401,112,1
55.662,-0.0011768353562401,112,1
55.664,-0.0009420772062401,112,1
55.666,-0.0007073190562401,112,1
55.668,-0.0006495576895734,112,1
55.67,-0.0005917963229067,112,1
55.672,-0.0005340349562401,112,1
55.674,-0.0007189955562401,112,1
55.676,-0.0008264677562401,112,1
55.678,-0.0009339399562401,112,1
55.68,-0.0011354412562401,112,1
55.682,-0.0011277940562401,112,1
55.684,-0.0009827029562401,112,1
55.686,-0.0007677222562401,112,1
55.688,-0.0005527657562401,112,1
55.69,-0.0006230183562401,112,1
55.692,-0.0010125173562401,112,1
55.694,-0.0011411282562401,112,1
55.696,-0.0009859941562401,112,1
55.698,-0.0008308600562401,112,1
55.7,-0.0005515678562401,112,1
55.702,-0.0007682062562401,112,1
55.704,-0.0009512611062401,112,1
55.706,-0.0011343159562401,112,1
55.708,-0.0011105273562401,112,1
55.71,-0.0010867387562401,112,1
55.712,-0.0010629501562401,112,1
55.714,-0.0008962242562401,112,1
55.716,-0.0006891811562401,112,1
55.718,-0.0005998650062401,112,1
55.72,-0.0005105488562401,112,1
55.722,-0.0006804449562401,112,1
55.724,-0.0009037020562401,112,1
55.726,-0.0011090511562401,112,1
55.728,-0.0011064496562401,112,1
55.73,-0.0011038481562401,112,1
55.732,-0.0009610923562401,112,1
55.734,-0.0005612962562401,112,1
55.736,-0.0005210395562401,112,1
55.738,-0.0004807828562401,112,1
55.74,-0.0006092243562401,112,1
55.742,-0.0008377691562401,112,1
55.744,-0.0010550609562401,112,1
55.746,-0.0011383331562401,112,1
55.748,-0.0010209510562401,112,1
55.75,-0.0008248100562401,112,1
55.752,-0.0006144152562401,112,1
55.754,-0.0005524390562401,112,1
55.756,-0.0006583080062401,112,1
55.758,-0.0007641769562401,112,1
55.76,-0.0009730592562401,112,1
55.762,-0.0010712507562401,112,1
55.764,-0.0009041376562401,112,1
55.766,-0.0006938638562401,112,1
55.768,-0.0005063138562401,112,1
55.77,-0.0005148201562401,112,1
55.772,-0.0006024423062401,112,1
55.774,-0.0006900644562401,112,1
55.776,-0.0009198918562401,112,1
55.778,-0.0011466458562401,112,1
55.78,-0.0011692728562401,112,1
55.782,-0.0010322161562401,112,1
55.784,-0.0008389307562401,112,1
55.786,-0.0006270476562401,112,1
55.788,-0.0005100285562401,112,1
55.79,-0.0006307381562401,112,1
55.792,-0.0008808572562401,112,1
55.794,-0.0011445888562401,112,1
55.796,-0.0012473662562401,112,1
55.798,-0.0009711474562401,112,1
55.8,-0.0006710069562401,112,1
55.802,-0.0006959369895734,112,1
55.804,-0.0007208670229067,112,1
55.806,-0.0007457970562401,112,1
55.808,-0.0009308060562401,112,1
55.81,-0.0011909318562401,112,1
55.812,-0.0013644458562401,112,1
55.814,-0.0013309409562401,112,1
55.816,-0.0011911980562401,112,1
55.818,-0.0010021960562401,112,1
55.82,-0.0008285610562401,112,1
55.822,-0.0008274478562401,112,1
55.824,-0.0012423810562401,112,1
55.826,-0.0014564784562401,112,1
55.828,-0.0014743622562401,112,1
55.83,-0.0008525916562401,112,1
55.832,-0.0008761140562401,112,1
55.834,-0.0008996364562401,112,1
55.836,-0.0009231588562401,112,1
55.838,-0.0009466812562401,112,1
55.84,-0.0009702036562401,112,1
55.842,-0.0011877979562401,112,1
55.844,-0.0014952226562401,112,1
55.846,-0.0013901099562401,112,1
55.848,-0.0012957602062401,112,1
55.85,-0.0012014104562401,112,1
55.852,-0.0008066358562401,112,1
55.854,-0.0008621748562401,112,1
55.856,-0.0014347831562401,112,1
55.858,-0.0014185691562401,112,1
55.86,-0.0014023551562401,112,1
55.862,-0.0013861411562401,112,1
55.864,-0.0013699271562401,112,1
55.866,-0.0011992324562401,112,1
55.868,-0.0009793149562401,112,1
55.87,-0.0007707472562401,112,1
55.872,-0.0008996243562401,112,1
55.874,-0.0011117434062401,112,1
55.876,-0.0013238624562401,112,1
55.878,-0.0012628361062401,112,1
55.88,-0.0012018097562401,112,1
55.882,-0.0010945190562401,112,1
55.884,-0.0009872283562401,112,1
55.886,-0.0007625434562401,112,1
55.888,-0.0008336914562401,112,1
55.89,-0.0009048394562401,112,1
55.892,-0.0009759874562401,112,1
55.894,-0.0011930856562401,112,1
55.896,-0.0012927654562401,112,1
55.898,-0.0011892499562401,112,1
55.9,-0.0007851462562401,112,1
55.902,-0.0007024488062401,112,1
55.904,-0.0006197513562401,112,1
55.906,-0.0006709343562401,112,1
55.908,-0.0010321798562401,112,1
55.91,-0.0005947890562401,112,1
55.912,-0.0007600508562401,112,1
55.914,-0.0008717399062401,112,1
55.916,-0.0009834289562401,112,1
55.918,-0.0010876341562401,112,1
55.92,-0.0011918393562401,112,1
55.922,-0.0012204437562401,112,1
55.924,-0.0011050944562401,112,1
55.926,-0.0009897451562401,112,1
55.928,-0.0008743958562401,112,1
55.93,-0.0006593425562401,112,1
55.932,-0.0005536490562401,112,1
55.934,-0.0006643761562401,112,1
55.936,-0.0007183814812401,112,1
55.938,-0.0007723868062401,112,1
55.94,-0.0008263921312401,112,1
55.942,-0.0008803974562401,112,1
55.944,-0.0012150592562401,112,1
55.946,-0.0011210422562401,112,1
55.948,-0.0010250106062401,112,1
55.95,-0.0009289789562401,112,1
55.952,-0.0007119170562401,112,1
55.954,-0.0007925151562401,112,1
55.956,-0.0010163530562401,112,1
55.958,-0.0011083251562401,112,1
55.96,-0.0012002972562401,112,1
55.962,-0.0011551037562401,112,1
55.964,-0.0010741366062401,112,1
55.966,-0.0009931694562401,112,1
55.968,-0.0007802820562401,112,1
55.97,-0.0005825196562401,112,1
55.972,-0.0007146153562401,112,1
55.974,-0.0009446000562401,112,1
55.976,-0.0010654548562401,112,1
55.978,-0.0011863096562401,112,1
55.98,-0.0008516599562401,112,1
55.982,-0.0005264845562401,112,1
55.984,-0.0006296612562401,112,1
55.986,-0.0007431471562401,112,1
55.988,-0.0008566330562401,112,1
55.99,-0.0011951426562401,112,1
55.992,-0.0011041869562401,112,1
55.994,-0.0009224691562401,112,1
55.996,-0.0008111552062401,112,1
55.998,-0.0006998412562401,112,1
56.0,-0.0006444797229067,113,0
56.002,-0.0005891181895734,113,0
56.004,-0.0005337566562401,113,0
56.006,-0.0005833666562401,113,0
56.008,-0.0009978763562401,113,0
56.01,-0.0010877854062401,113,0
56.012,-0.0011776944562401,113,0
56.014,-0.0011389986562401,113,0
56.016,-0.0007760470562401,113,0
56.018,-0.0006556944062401,113,0
56.02,-0.0005353417562401,113,0
56.022,-0.0006907783562401,113,0
56.024,-0.0011307706562401,113,0
56.026,-0.0010341279562401,113,0
56.028,-0.0009374852562401,113,0
56.03,-0.0008408425562401,113,0
56.032,-0.0007695090229067,113,0
56.034,-0.0006981754895734,113,0
56.036,-0.0006268419562401,113,0
56.038,-0.0010829272562401,113,0
56.04,-0.0011102581312401,113,0
56.042,-0.0011375890062401,113,0
56.044,-0.0011649198812401,113,0
56.046,-0.0011922507562401,113,0
56.048,-0.0007076336562401,113,0
56.05,-0.0006629201229067,113,0
56.052,-0.0006182065895734,113,0
56.054,-0.0005734930562401,113,0
56.056,-0.0006687382062401,113,0
56.058,-0.0007639833562401,113,0
56.06,-0.0011873986562401,113,0
56.062,-0.0009932057562401,113,0
56.064,-0.0008866108062401,113,0
56.066,-0.0007800158562401,113,0
56.068,-0.0007331828062401,113,0
56.07,-0.0006863497562401,113,0
56.072,-0.0008010698562401,113,0
56.074,-0.0009157899562401,113,0
56.076,-0.0010251860562401,113,0
56.078,-0.0011345821562401,113,0
56.08,-0.0006302057562401,113,0
56.082,-0.0006027054812401,113,0
56.084,-0.0005752052062401,113,0
56.086,-0.0005477049312401,113,0
56.088,-0.0005202046562401,113,0
56.09,-0.0006200659562401,113,0
56.092,-0.0008403948562401,113,0
56.094,-0.0011969697562401,113,0
56.096,-0.0011091479562401,113,0
56.098,-0.0010196200562401,113,0
56.1,-0.0009300921562401,113,0
56.102,-0.0007078514562401,113,0
56.104,-0.0005682174562401,113,0
56.106,-0.0006628031562401,113,0
56.108,-0.0007573888562401,113,0
56.11,-0.0011531314562401,113,0
56.112,-0.0010052089562401,113,0
56.114,-0.0009337060229067,113,0
56.116,-0.0008622030895734,113,0
56.118,-0.0007907001562401,113,0
56.12,-0.0005723677562401,113,0
56.122,-0.0005328128562401,113,0
56.124,-0.0009212470562401,113,0
56.126,-0.0010338194062401,113,0
56.128,-0.0011463917562401,113,0
56.13,-0.0011795820562401,113,0
56.132,-0.0010548915562401,113,0
56.134,-0.0008529667562401,113,0
56.136,-0.0005214872562401,113,0
56.138,-0.0005671587062401,113,0
56.14,-0.0006128301562401,113,0
56.142,-0.0008295895562401,113,0
56.144,-0.0010501967562401,113,0
56.146,-0.0011884755562401,113,0
56.148,-0.0009263169562401,113,0
56.15,-0.0008174290562401,113,0
56.152,-0.0007085411562401,113,0
56.154,-0.0005213541562401,113,0
56.156,-0.0005543387562401,113,0
56.158,-0.0009650732562401,113,0
56.16,-0.0011394100562401,113,0
56.162,-0.0010646986062401,113,0
56.164,-0.0009899871562401,113,0
56.166,-0.0005763244562401,113,0
56.168,-0.0006069656895734,113,0
56.17,-0.0006376069229067,113,0
56.172,-0.0006682481562401,113,0
56.174,-0.0007829259062401,113,0
56.176,-0.0008976036562401,113,0
56.178,-0.0006567894562401,113,0
56.18,-0.0005294611562401,113,0
56.182,-0.0005514861812401,113,0
56.184,-0.0005735112062401,113,0
56.186,-0.0005955362312401,113,0
56.188,-0.0006175612562401,113,0
56.19,-0.0007234423062401,113,0
56.192,-0.0008293233562401,113,0
56.194,-0.0010571421562401,113,0
56.196,-0.0011971875562401,113,0
56.198,-0.0011074418562401,113,0
56.2,-0.0009300437562401,113,0
56.202,-0.0005565530562401,113,0
56.204,-0.0006179121562401,113,0
56.206,-0.0006792712562401,113,0
56.208,-0.0007406303562401,113,0
56.21,-0.0011681838562401,113,0
56.212,-0.0010046160562401,113,0
56.214,-0.0009383564562401,113,0
56.216,-0.0008720968562401,113,0
56.218,-0.0008058372562401,113,0
56.22,-0.0005962168562401,113,0
56.222,-0.0005286746562401,113,0
56.224,-0.0006735116562401,113,0
56.226,-0.0011092447562401,113,0
56.228,-0.0011739313562401,113,0
56.23,-0.0011149317562401,113,0
56.232,-0.0010559321562401,113,0
56.234,-0.0008609769562401,113,0
56.236,-0.0006507999562401,113,0
56.238,-0.0005219712562401,113,0
56.24,-0.0006087040562401,113,0
56.242,-0.0008235032562401,113,0
56.244,-0.0010421381562401,113,0
56.246,-0.0011280723562401,113,0
56.248,-0.0010396576562401,113,0
56.25,-0.0009512429562401,113,0
56.252,-0.0007455308562401,113,0
56.254,-0.0005609211562401,113,0
56.256,-0.0005707100562401,113,0
56.258,-0.0007443208562401,113,0
56.26,-0.0011674820562401,113,0
56.262,-0.0005911832562401,113,0
56.264,-0.0006695065562401,113,0
56.266,-0.0011129473562401,113,0
56.268,-0.0011767022562401,113,0
56.27,-0.0011384823895734,113,0
56.272,-0.0011002625229067,113,0
56.274,-0.0010620426562401,113,0
56.276,-0.0009834579962401,113,0
56.278,-0.0009048733362401,113,0
56.28,-0.0008262886762401,113,0
56.282,-0.0007477040162401,113,0
56.284,-0.0006691193562401,113,0
56.286,-0.0005337203562401,113,0
56.288,-0.0005709581062401,113,0
56.29,-0.0006081958562401,113,0
56.292,-0.0008191956562401,113,0
56.294,-0.0010440983562401,113,0
56.296,-0.0011963405562401,113,0
56.298,-0.0011183923562401,113,0
56.3,-0.0009459310562401,113,0
56.302,-0.0007438973562401,113,0
56.304,-0.0005505514562401,113,0
56.306,-0.0005567345562401,113,0
56.308,-0.0007333340562401,113,0
56.31,-0.0009581762562401,113,0
56.312,-0.0011620007562401,113,0
56.314,-0.0010923894562401,113,0
56.316,-0.0010227781562401,113,0
56.318,-0.0008189778562401,113,0
56.32,-0.0006084499562401,113,0
56.322,-0.0005390080562401,113,0
56.324,-0.0006686474562401,113,0
56.326,-0.0008954982562401,113,0
56.328,-0.0011169403562401,113,0
56.33,-0.0011872534562401,113,0
56.332,-0.0010744088562401,113,0
56.334,-0.0008843299562401,113,0
56.336,-0.0006740319562401,113,0
56.338,-0.0005287593562401,113,0
56.34,-0.0006048441562401,113,0
56.342,-0.0008130125562401,113,0
56.344,-0.0010322887562401,113,0
56.346,-0.0011923717562401,113,0
56.348,-0.0009464271562401,113,0
56.35,-0.0007358145562401,113,0
56.352,-0.0005535643562401,113,0
56.354,-0.0007292079562401,113,0
56.356,-0.0009563854562401,113,0
56.358,-0.0010588603562401,113,0
56.36,-0.0011613352562401,113,0
56.362,-0.0008098181562401,113,0
56.364,-0.0006096357562401,113,0
56.366,-0.0005404842562401,113,0
56.368,-0.0006560634562401,113,0
56.37,-0.0010989718562401,113,0
56.372,-0.0011418845062401,113,0
56.374,-0.0011847971562401,113,0
56.376,-0.0010748202562401,113,0
56.378,-0.0009790850562401,113,0
56.38,-0.0008833498562401,113,0
56.382,-0.0005283842562401,113,0
56.384,-0.0005650593562401,113,0
56.386,-0.0006017344562401,113,0
56.388,-0.0007447282229067,113,0
56.39,-0.0008877219895734,113,0
56.392,-0.0010307157562401,113,0
56.394,-0.0011858861562401,113,0
56.396,-0.0011172186562401,113,0
56.398,-0.0005476837562401,113,0
56.4,-0.0005527657562401,113,0
56.402,-0.0007514054062401,113,0
56.404,-0.0009500450562401,113,0
56.406,-0.0010541232062401,113,0
56.408,-0.0011582013562401,113,0
56.41,-0.0011609238562401,113,0
56.412,-0.0010210115562401,113,0
56.414,-0.0008159649562401,113,0
56.416,-0.0006133625562401,113,0
56.418,-0.0008834345562401,113,0
56.42,-0.0010345454062401,113,0
56.422,-0.0011856562562401,113,0
56.424,-0.0011292400062401,113,0
56.426,-0.0010728237562401,113,0
56.428,-0.0010094237895734,113,0
56.43,-0.0009460238229067,113,0
56.432,-0.0008826238562401,113,0
56.434,-0.0006726041562401,113,0
56.436,-0.0005247179562401,113,0
56.438,-0.0007866950562401,113,0
56.44,-0.0010133643562401,113,0
56.442,-0.0011265114562401,113,0
56.444,-0.0009638874562401,113,0
56.446,-0.0007569411562401,113,0
56.448,-0.0005499948562401,113,0
56.45,-0.0009405465562401,113,0
56.452,-0.0011521876562401,113,0
56.454,-0.0011730359562401,113,0
56.456,-0.0010385565562401,113,0
56.458,-0.0008300977562401,113,0
56.46,-0.0006153348562401,113,0
56.462,-0.0005323046562401,113,0
56.464,-0.0005919879062401,113,0
56.466,-0.0006516711562401,113,0
56.468,-0.0008738997562401,113,0
56.47,-0.0009886259062401,113,0
56.472,-0.0011033520562401,113,0
56.474,-0.0011947675562401,113,0
56.476,-0.0011439717562401,113,0
56.478,-0.0010931759562401,113,0
56.48,-0.0009112403562401,113,0
56.482,-0.0007216636062401,113,0
56.484,-0.0005320868562401,113,0
56.486,-0.0005950310562401,113,0
56.488,-0.0007944874562401,113,0
56.49,-0.0011352113562401,113,0
56.492,-0.0009720549562401,113,0
56.494,-0.0007589860562401,113,0
56.496,-0.0005624215562401,113,0
56.498,-0.0005532376562401,113,0
56.5,-0.0007153292562401,114,0
56.502,-0.0007914906895734,114,0
56.504,-0.0008676521229067,114,0
56.506,-0.0009438135562401,114,0
56.508,-0.0011627146562401,114,0
56.51,-0.0011762182562401,114,0
56.512,-0.0010402142562401,114,0
56.514,-0.0008363897562401,114,0
56.516,-0.0006231272562401,114,0
56.518,-0.0005264119562401,114,0
56.52,-0.0008548422562401,114,0
56.522,-0.0009668277562401,114,0
56.524,-0.0010788132562401,114,0
56.526,-0.0011847003562401,114,0
56.528,-0.0010837379562401,114,0
56.53,-0.0008996606562401,114,0
56.532,-0.0006854422562401,114,0
56.534,-0.0005270895562401,114,0
56.536,-0.0005812975562401,114,0
56.538,-0.0010060922562401,114,0
56.54,-0.0010931517562401,114,0
56.542,-0.0011802112562401,114,0
56.544,-0.0011323920562401,114,0
56.546,-0.0009730592562401,114,0
56.548,-0.0007637171562401,114,0
56.55,-0.0005706495562401,114,0
56.552,-0.0005507087562401,114,0
56.554,-0.0007088073562401,114,0
56.556,-0.0009425793562401,114,0
56.558,-0.0010457923562401,114,0
56.56,-0.0009409398062401,114,0
56.562,-0.0008360872562401,114,0
56.564,-0.0007251121062401,114,0
56.566,-0.0006141369562401,114,0
56.568,-0.0005097986562401,114,0
56.57,-0.0006230788562401,114,0
56.572,-0.0010848148562401,114,0
56.574,-0.0011841558562401,114,0
56.576,-0.0011348483562401,114,0
56.578,-0.0010855408562401,114,0
56.58,-0.0009010158562401,114,0
56.582,-0.0006898950562401,114,0
56.584,-0.0005254681562401,114,0
56.586,-0.0005755984562401,114,0
56.588,-0.0007726469562401,114,0
56.59,-0.0009950570562401,114,0
56.592,-0.0011799934562401,114,0
56.594,-0.0011368327562401,114,0
56.596,-0.0009739546562401,114,0
56.598,-0.0007623861562401,114,0
56.6,-0.0005586221562401,114,0
56.602,-0.0006890480562401,114,0
56.604,-0.0009167579562401,114,0
56.606,-0.0011341223562401,114,0
56.608,-0.0011693938562401,114,0
56.61,-0.0011053425062401,114,0
56.612,-0.0010412911562401,114,0
56.614,-0.0006206104562401,114,0
56.616,-0.0005694274562401,114,0
56.618,-0.0005182444562401,114,0
56.62,-0.0006271928562401,114,0
56.622,-0.0010734529562401,114,0
56.624,-0.0011953120562401,114,0
56.626,-0.0011489569562401,114,0
56.628,-0.0011026018562401,114,0
56.63,-0.0009155116562401,114,0
56.632,-0.0005397824562401,114,0
56.634,-0.0005609695562401,114,0
56.636,-0.0005821566562401,114,0
56.638,-0.0009975617562401,114,0
56.64,-0.0010932606562401,114,0
56.642,-0.0011889595562401,114,0
56.644,-0.0011476743562401,114,0
56.646,-0.0009923708562401,114,0
56.648,-0.0007804877562401,114,0
56.65,-0.0005766632562401,114,0
56.652,-0.0005444409562401,114,0
56.654,-0.0006946019562401,114,0
56.656,-0.0011407531562401,114,0
56.658,-0.0011828974562401,114,0
56.66,-0.0011183379062401,114,0
56.662,-0.0010537783562401,114,0
56.664,-0.0005347851562401,114,0
56.666,-0.0008718669562401,114,0
56.668,-0.0009734888062401,114,0
56.67,-0.0010751106562401,114,0
56.672,-0.0011937269562401,114,0
56.674,-0.0011638722229067,114,0
56.676,-0.0011340174895734,114,0
56.678,-0.0011041627562401,114,0
56.68,-0.0009218399562401,114,0
56.682,-0.0007062179562401,114,0
56.684,-0.0005721499562401,114,0
56.686,-0.0006660580562401,114,0
56.688,-0.0007599661562401,114,0
56.69,-0.0009859094562401,114,0
56.692,-0.0011741007562401,114,0
56.694,-0.0011409104562401,114,0
56.696,-0.0009876034562401,114,0
56.698,-0.0007769061562401,114,0
56.7,-0.0005415732562401,114,0
56.702,-0.0006167808062401,114,0
56.704,-0.0006919883562401,114,0
56.706,-0.0009211502562401,114,0
56.708,-0.0011470693562401,114,0
56.71,-0.0010652612562401,114,0
56.712,-0.0008630581562401,114,0
56.714,-0.0006517195562401,114,0
56.716,-0.0005961563562401,114,0
56.718,-0.0005405931562401,114,0
56.72,-0.0006363041562401,114,0
56.722,-0.0008543461562401,114,0
56.724,-0.0012039514562401,114,0
56.726,-0.0011168798562401,114,0
56.728,-0.0009205210562401,114,0
56.73,-0.0007241622562401,114,0
56.732,-0.0005421782562401,114,0
56.734,-0.0005581442062401,114,0
56.736,-0.0005741101562401,114,0
56.738,-0.0007639591562401,114,0
56.74,-0.0009915601562401,114,0
56.742,-0.0011886570562401,114,0
56.744,-0.0010084517562401,114,0
56.746,-0.0009053718562401,114,0
56.748,-0.0008022919562401,114,0
56.75,-0.0006002219562401,114,0
56.752,-0.0005480709562401,114,0
56.754,-0.0006929321562401,114,0
56.756,-0.0009194320562401,114,0
56.758,-0.0011361672562401,114,0
56.76,-0.0010731867562401,114,0
56.762,-0.0009759269562401,114,0
56.764,-0.0008786671562401,114,0
56.766,-0.0006564143562401,114,0
56.768,-0.0005378827562401,114,0
56.77,-0.0006327346562401,114,0
56.772,-0.0010624661562401,114,0
56.774,-0.0009406675562401,114,0
56.776,-0.0007285182562401,114,0
56.778,-0.0005406294562401,114,0
56.78,-0.0005679270562401,114,0
56.782,-0.0007688233562401,114,0
56.784,-0.0009931210562401,114,0
56.786,-0.0010153608562401,114,0
56.788,-0.0008102053562401,114,0
56.79,-0.0007424614895734,114,0
56.792,-0.0006747176229067,114,0
56.794,-0.0006069737562401,114,0
56.796,-0.0005794039062401,114,0
56.798,-0.0005518340562401,114,0
56.8,-0.0005986045895734,114,0
56.802,-0.0006453751229067,114,0
56.804,-0.0006921456562401,114,0
56.806,-0.0009193594562401,114,0
56.808,-0.0011288709562401,114,0
56.81,-0.0011829216562401,114,0
56.812,-0.0010641722562401,114,0
56.814,-0.0006564627562401,114,0
56.816,-0.0005302234562401,114,0
56.818,-0.0010487689562401,114,0
56.82,-0.0011182411062401,114,0
56.822,-0.0011877132562401,114,0
56.824,-0.0010673727062401,114,0
56.826,-0.0009470321562401,114,0
56.828,-0.0005493293562401,114,0
56.83,-0.0005554247312401,114,0
56.832,-0.0005615201062401,114,0
56.834,-0.0005676154812401,114,0
56.836,-0.0005737108562401,114,0
56.838,-0.0007602081562401,114,0
56.84,-0.0009779355562401,114,0
56.842,-0.0011537727562401,114,0
56.844,-0.0006073609562401,114,0
56.846,-0.0005489421562401,114,0
56.848,-0.0006815218562401,114,0
56.85,-0.0009025525562401,114,0
56.852,-0.0010093955562401,114,0
56.854,-0.0011162385562401,114,0
56.856,-0.0011508566562401,114,0
56.858,-0.0011854747562401,114,0
56.86,-0.0010684798562401,114,0
56.862,-0.0008696284562401,114,0
56.864,-0.0006577937562401,114,0
56.866,-0.0005364549562401,114,0
56.868,-0.0006211549562401,114,0
56.87,-0.0008345021562401,114,0
56.872,-0.0010554723562401,114,0
56.874,-0.0011274734062401,114,0
56.876,-0.0011994744562401,114,0
56.878,-0.0011201105562401,114,0
56.88,-0.0009504080562401,114,0
56.882,-0.0007453251562401,114,0
56.884,-0.0005603766562401,114,0
56.886,-0.0005730453562401,114,0
56.888,-0.0007491971562401,114,0
56.89,-0.0009783953562401,114,0
56.892,-0.0011740644562401,114,0
56.894,-0.0010193659562401,114,0
56.896,-0.0008144766562401,114,0
56.898,-0.0006796161062401,114,0
56.9,-0.0005447555562401,114,0
56.902,-0.0009047789562401,114,0
56.904,-0.0011190941562401,114,0
56.906,-0.0011562895562401,114,0
56.908,-0.0011934849562401,114,0
56.91,-0.0010808702562401,114,0
56.912,-0.0008931508562401,114,0
56.914,-0.0006764398562401,114,0
56.916,-0.0005373866562401,114,0
56.918,-0.0006191826562401,114,0
56.92,-0.0008227167562401,114,0
56.922,-0.0010507049562401,114,0
56.924,-0.0012038183562401,114,0
56.926,-0.0011367359562401,114,0
56.928,-0.0009749831562401,114,0
56.93,-0.0007587077562401,114,0
56.932,-0.0005643817562401,114,0
56.934,-0.0007535894562401,114,0
56.936,-0.0009727809562401,114,0
56.938,-0.0010762541062401,114,0
56.94,-0.0011797272562401,114,0
56.942,-0.0011750808562401,114,0
56.944,-0.0010341037562401,114,0
56.946,-0.0008315860562401,114,0
56.948,-0.0006250995562401,114,0
56.95,-0.0006857084562401,114,0
56.952,-0.0007943967062401,114,0
56.954,-0.0009030849562401,114,0
56.956,-0.0011253619562401,114,0
56.958,-0.0012051130562401,114,0
56.96,-0.0009055654562401,114,0
56.962,-0.0007995876062401,114,0
56.964,-0.0006936097562401,114,0
56.966,-0.0006174039562401,114,0
56.968,-0.0007183421562401,114,0
56.97,-0.0008192803562401,114,0
56.972,-0.0010401537562401,114,0
56.974,-0.0011985790562401,114,0
56.976,-0.0009652184562401,114,0
56.978,-0.0007557069562401,114,0
56.98,-0.0006609881562401,114,0
56.982,-0.0005662693562401,114,0
56.984,-0.0007395292562401,114,0
56.986,-0.0008463299062401,114,0
56.988,-0.0009531305562401,114,0
56.99,-0.0011587337562401,114,0
56.992,-0.0010295420562401,114,0
56.994,-0.0008293354562401,114,0
56.996,-0.0006908933062401,114,0
56.998,-0.0005524511562401,114,0
57.0,-0.0006778071562401,115,0
57.002,-0.0007895990562401,115,0
57.004,-0.0009013909562401,115,0
57.006,-0.0011187190562401,115,0
57.008,-0.0010928613562401,115,0
57.01,-0.0006842685562401,115,0
57.012,-0.0006136408562401,115,0
57.014,-0.0007134295562401,115,0
57.016,-0.0008132182562401,115,0
57.018,-0.0008855843229067,115,0
57.02,-0.0009579503895734,115,0
57.022,-0.0010303164562401,115,0
57.024,-0.0012029108562401,115,0
57.026,-0.0009747895562401,115,0
57.028,-0.0008716733562401,115,0
57.03,-0.0007685571562401,115,0
57.032,-0.0005665597562401,115,0
57.034,-0.0007398922562401,115,0
57.036,-0.0009608019562401,115,0
57.038,-0.0010650374062401,115,0
57.04,-0.0011692728562401,115,0
57.042,-0.0011747541562401,115,0
57.044,-0.0010429125562401,115,0
57.046,-0.0008398745562401,115,0
57.048,-0.0006677520562401,115,0
57.05,-0.0008836765562401,115,0
57.052,-0.0009926552062401,115,0
57.054,-0.0011016338562401,115,0
57.056,-0.0011887659562401,115,0
57.058,-0.0010462340062401,115,0
57.06,-0.0009037020562401,115,0
57.062,-0.0007213732062401,115,0
57.064,-0.0005390443562401,115,0
57.066,-0.0005701655562401,115,0
57.068,-0.0006012867562401,115,0
57.07,-0.0008107861562401,115,0
57.072,-0.0011370747562401,115,0
57.074,-0.0009738336562401,115,0
57.076,-0.0007620352562401,115,0
57.078,-0.0005589609562401,115,0
57.08,-0.0005506482562401,115,0
57.082,-0.0009375215562401,115,0
57.084,-0.0010529192562401,115,0
57.086,-0.0011683169562401,115,0
57.088,-0.0011038905062401,115,0
57.09,-0.0010394640562401,115,0
57.092,-0.0009728414562401,115,0
57.094,-0.0009062188562401,115,0
57.096,-0.0008395962562401,115,0
57.098,-0.0006212759562401,115,0
57.1,-0.0005387055562401,115,0
57.102,-0.0006581204562401,115,0
57.104,-0.0008760777562401,115,0
57.106,-0.0010920506562401,115,0
57.108,-0.0012055123562401,115,0
57.11,-0.0011018879562401,115,0
57.112,-0.0009138055562401,115,0
57.114,-0.0007127761562401,115,0
57.116,-0.0005471271562401,115,0
57.118,-0.0005955029562401,115,0
57.12,-0.0007964597562401,115,0
57.122,-0.0010176235562401,115,0
57.124,-0.0011365181562401,115,0
57.126,-0.0007660887562401,115,0
57.128,-0.0006947471562401,115,0
57.13,-0.0006234055562401,115,0
57.132,-0.0005520639562401,115,0
57.134,-0.0006333941062401,115,0
57.136,-0.0007147242562401,115,0
57.138,-0.0009408974562401,115,0
57.14,-0.0011674336562401,115,0
57.142,-0.0011022086062401,115,0
57.144,-0.0010369835562401,115,0
57.146,-0.0008381321562401,115,0
57.148,-0.0006294192562401,115,0
57.15,-0.0005320384562401,115,0
57.152,-0.0006443748562401,115,0
57.154,-0.0008584117562401,115,0
57.156,-0.0010772039562401,115,0
57.158,-0.0011907624562401,115,0
57.16,-0.0010927766562401,115,0
57.162,-0.0007050442562401,115,0
57.164,-0.0006248031062401,115,0
57.166,-0.0005445619562401,115,0
57.168,-0.0006016981562401,115,0
57.17,-0.0011823771562401,115,0
57.172,-0.0009831506562401,115,0
57.174,-0.0009126197562401,115,0
57.176,-0.0008420888562401,115,0
57.178,-0.0007715579562401,115,0
57.18,-0.0006707770562401,115,0
57.182,-0.0005699961562401,115,0
57.184,-0.0005478894562401,115,0
57.186,-0.0007018135562401,115,0
57.188,-0.0009286401562401,115,0
57.19,-0.0011463312562401,115,0
57.192,-0.0011813002562401,115,0
57.194,-0.0010517939562401,115,0
57.196,-0.0008483687562401,115,0
57.198,-0.0006354813562401,115,0
57.2,-0.0005342406562401,115,0
57.202,-0.0006350457562401,115,0
57.204,-0.0008494940562401,115,0
57.206,-0.0010777242562401,115,0
57.208,-0.0011968850562401,115,0
57.21,-0.0011057962562401,115,0
57.212,-0.0008251791062401,115,0
57.214,-0.0005445619562401,115,0
57.216,-0.0007839604562401,115,0
57.218,-0.0008986805562401,115,0
57.22,-0.0010134006562401,115,0
57.222,-0.0011492110562401,115,0
57.224,-0.0009651095562401,115,0
57.226,-0.0007810080562401,115,0
57.228,-0.0005775949562401,115,0
57.23,-0.0005494745562401,115,0
57.232,-0.0006991152562401,115,0
57.234,-0.0011464038562401,115,0
57.236,-0.0011661813062401,115,0
57.238,-0.0011859587562401,115,0
57.24,-0.0010548794562401,115,0
57.242,-0.0008566209562401,115,0
57.244,-0.0005392258562401,115,0
57.246,-0.0006981956562401,115,0
57.248,-0.0008571654562401,115,0
57.25,-0.0010781235562401,115,0
57.252,-0.0011911375562401,115,0
57.254,-0.0011008957562401,115,0
57.256,-0.0009103570562401,115,0
57.258,-0.0007198183562401,115,0
57.26,-0.0005844072562401,115,0
57.262,-0.0007749701562401,115,0
57.264,-0.0009917537562401,115,0
57.266,-0.0011772830562401,115,0
57.268,-0.0011622548562401,115,0
57.27,-0.0011472266562401,115,0
57.272,-0.0009678260062401,115,0
57.274,-0.0007884253562401,115,0
57.276,-0.0005832940562401,115,0
57.278,-0.0005481193562401,115,0
57.28,-0.0007028783562401,115,0
57.282,-0.0009306971562401,115,0
57.284,-0.0010366568562401,115,0
57.286,-0.0011426165562401,115,0
57.288,-0.0010597315562401,115,0
57.29,-0.0008564515562401,115,0
57.292,-0.0006936097562401,115,0
57.294,-0.0005307679562401,115,0
57.296,-0.0006295886562401,115,0
57.298,-0.0007375146062401,115,0
57.3,-0.0008454405562401,115,0
57.302,-0.0010631437562401,115,0
57.304,-0.0011889353562401,115,0
57.306,-0.0009211502562401,115,0
57.308,-0.0008163219062401,115,0
57.31,-0.0007114935562401,115,0
57.312,-0.0005746304562401,115,0
57.314,-0.0006747156062401,115,0
57.316,-0.0007748007562401,115,0
57.318,-0.0011792190562401,115,0
57.32,-0.0011544624562401,115,0
57.322,-0.0010096859562401,115,0
57.324,-0.0009020020062401,115,0
57.326,-0.0007943180562401,115,0
57.328,-0.0005830157562401,115,0
57.33,-0.0006930894562401,115,0
57.332,-0.0011267655562401,115,0
57.334,-0.0009941556062401,115,0
57.336,-0.0008615456562401,115,0
57.338,-0.0008089651062401,115,0
57.34,-0.0007563845562401,115,0
57.342,-0.0007038040062401,115,0
57.344,-0.0006512234562401,115,0
57.346,-0.0006278825562401,115,0
57.348,-0.0008455494562401,115,0
57.35,-0.0010619700562401,115,0
57.352,-0.0011027591562401,115,0
57.354,-0.0009261354562401,115,0
57.356,-0.0008185846062401,115,0
57.358,-0.0007110337562401,115,0
57.36,-0.0006221169062401,115,0
57.362,-0.0005332000562401,115,0
57.364,-0.0005615866562401,115,0
57.366,-0.0009741240562401,115,0
57.368,-0.0011678087562401,115,0
57.37,-0.0011445767562401,115,0
57.372,-0.0009949481562401,115,0
57.374,-0.0007887944062401,115,0
57.376,-0.0005826406562401,115,0
57.378,-0.0005405810562401,115,0
57.38,-0.0008322394562401,115,0
57.382,-0.0011238978562401,115,0
57.384,-0.0011854747562401,115,0
57.386,-0.0011462747895734,115,0
57.388,-0.0011070748229067,115,0
57.39,-0.0010678748562401,115,0
57.392,-0.0006507757562401,115,0
57.394,-0.0006405028562401,115,0
57.396,-0.0006302299562401,115,0
57.398,-0.0010574083562401,115,0
57.4,-0.0011965341562401,115,0
57.402,-0.0010664591562401,115,0
57.404,-0.0009363841562401,115,0
57.406,-0.0007304179562401,115,0
57.408,-0.0005524753562401,115,0
57.41,-0.0005766269562401,115,0
57.412,-0.0009835257562401,115,0
57.414,-0.0011525506562401,115,0
57.416,-0.0010793154062401,115,0
57.418,-0.0010060801562401,115,0
57.42,-0.0009045974562401,115,0
57.422,-0.0008031147562401,115,0
57.424,-0.0005431462562401,115,0
57.426,-0.0006844016562401,115,0
57.428,-0.0011256039562401,115,0
57.43,-0.0011459803562401,115,0
57.432,-0.0011663567562401,115,0
57.434,-0.0011867331562401,115,0
57.436,-0.0010642448562401,115,0
57.438,-0.0008672689562401,115,0
57.44,-0.0006606856562401,115,0
57.442,-0.0005375802562401,115,0
57.444,-0.0006203563562401,115,0
57.446,-0.0008303034562401,115,0
57.448,-0.0010550972562401,115,0
57.45,-0.0011981313562401,115,0
57.452,-0.0011281933562401,115,0
57.454,-0.0007458454562401,115,0
57.456,-0.0005612962562401,115,0
57.458,-0.0005730151062401,115,0
57.46,-0.0005847339562401,115,0
57.462,-0.0007599419562401,115,0
57.464,-0.0009740151562401,115,0
57.466,-0.0011750687562401,115,0
57.468,-0.0011644933562401,115,0
57.47,-0.0010225724562401,115,0
57.472,-0.0006109183562401,115,0
57.474,-0.0005820780062401,115,0
57.476,-0.0005532376562401,115,0
57.478,-0.0006881284562401,115,0
57.48,-0.0009148461562401,115,0
57.482,-0.0012013378562401,115,0
57.484,-0.0010890982562401,115,0
57.486,-0.0009928004062401,115,0
57.488,-0.0008965025562401,115,0
57.49,-0.0006751814562401,115,0
57.492,-0.0005469335562401,115,0
57.494,-0.0006295160562401,115,0
57.496,-0.0008325298562401,115,0
57.498,-0.0010502209562401,115,0
57.5,-0.0012010837562401,116,0
57.502,-0.0011285805562401,116,0
57.504,-0.0009578011562401,116,0
57.506,-0.0007506491562401,116,0
57.508,-0.0005526810562401,116,0
57.51,-0.0007448048562401,116,0
57.512,-0.0008548785562401,116,0
57.514,-0.0009649522562401,116,0
57.516,-0.0011633196562401,116,0
57.518,-0.0011664898562401,116,0
57.52,-0.0010272793562401,116,0
57.522,-0.0008239146562401,116,0
57.524,-0.0006128543562401,116,0
57.526,-0.0005506603562401,116,0
57.528,-0.0008965630562401,116,0
57.53,-0.0011090874562401,116,0
57.532,-0.0011833330562401,116,0
57.534,-0.0011281812562401,116,0
57.536,-0.0010730294562401,116,0
57.538,-0.0008842815562401,116,0
57.54,-0.0006699663562401,116,0
57.542,-0.0006029444562401,116,0
57.544,-0.0008098907562401,116,0
57.546,-0.0011947070562401,116,0
57.548,-0.0011618797562401,116,0
57.55,-0.0011290524562401,116,0
57.552,-0.0009583335562401,116,0
57.554,-0.0008551266062401,116,0
57.556,-0.0007519196562401,116,0
57.558,-0.0005691128562401,116,0
57.56,-0.0006605707062401,116,0
57.562,-0.0007520285562401,116,0
57.564,-0.0009678683562401,116,0
57.566,-0.0011687041562401,116,0
57.568,-0.0011658001562401,116,0
57.57,-0.0010316716562401,116,0
57.572,-0.0008235032562401,116,0
57.574,-0.0005339865562401,116,0
57.576,-0.0006643156562401,116,0
57.578,-0.0008898717562401,116,0
57.58,-0.0009971745562401,116,0
57.582,-0.0011044773562401,116,0
57.584,-0.0011923233562401,116,0
57.586,-0.0010792488562401,116,0
57.588,-0.0008884076562401,116,0
57.59,-0.0005361282562401,116,0
57.592,-0.0005726521062401,116,0
57.594,-0.0006091759562401,116,0
57.596,-0.0008178404562401,116,0
57.598,-0.0010315022562401,116,0
57.6,-0.0011911980562401,116,0
57.602,-0.0011313030562401,116,0
57.604,-0.0009638027562401,116,0
57.606,-0.0007517260562401,116,0
57.608,-0.0005584527562401,116,0
57.61,-0.0005529956562401,116,0
57.612,-0.0007249124562401,116,0
57.614,-0.0009557441562401,116,0
57.616,-0.0011666229562401,116,0
57.618,-0.0011676635562401,116,0
57.62,-0.0008226562562401,116,0
57.622,-0.0006192552562401,116,0
57.624,-0.0005326918562401,116,0
57.626,-0.0005918003562401,116,0
57.628,-0.0006509088562401,116,0
57.63,-0.0008711046562401,116,0
57.632,-0.0011884755562401,116,0
57.634,-0.0011362519562401,116,0
57.636,-0.0010840283562401,116,0
57.638,-0.0008935864562401,116,0
57.64,-0.0006868095562401,116,0
57.642,-0.0005421540562401,116,0
57.644,-0.0006028597562401,116,0
57.646,-0.0010232863562401,116,0
57.648,-0.0011794489562401,116,0
57.65,-0.0011528955062401,116,0
57.652,-0.0011263420562401,116,0
57.654,-0.0009676263562401,116,0
57.656,-0.0007605953562401,116,0
57.658,-0.0005671163562401,116,0
57.66,-0.0005556939562401,116,0
57.662,-0.0007195884562401,116,0
57.664,-0.0011581287562401,116,0
57.666,-0.0011726729562401,116,0
57.668,-0.0011035880062401,116,0
57.67,-0.0010345030562401,116,0
57.672,-0.0008351797562401,116,0
57.674,-0.0006279551562401,116,0
57.676,-0.0005392258562401,116,0
57.678,-0.0006542242562401,116,0
57.68,-0.0008737182562401,116,0
57.682,-0.0010986693562401,116,0
57.684,-0.0010925709562401,116,0
57.686,-0.0008951897062401,116,0
57.688,-0.0006978084562401,116,0
57.69,-0.0005501279562401,116,0
57.692,-0.0006058363562401,116,0
57.694,-0.0008026065562401,116,0
57.696,-0.0009132368562401,116,0
57.698,-0.0010238671562401,116,0
57.7,-0.0011394463562401,116,0
57.702,-0.0010594290562401,116,0
57.704,-0.0009794117562401,116,0
57.706,-0.0007667421562401,116,0
57.708,-0.0005732510562401,116,0
57.71,-0.0005619133562401,116,0
57.712,-0.0007204717562401,116,0
57.714,-0.0009462819562401,116,0
57.716,-0.0011825707562401,116,0
57.718,-0.0010434691562401,116,0
57.72,-0.0008404916562401,116,0
57.722,-0.0005358257562401,116,0
57.724,-0.0006527238562401,116,0
57.726,-0.0008709473562401,116,0
57.728,-0.0009451606895734,116,0
57.73,-0.0010193740229067,116,0
57.732,-0.0010935873562401,116,0
57.734,-0.0012025962562401,116,0
57.736,-0.0011060866562401,116,0
57.738,-0.0007060001562401,116,0
57.74,-0.0006515683062401,116,0
57.742,-0.0005971364562401,116,0
57.744,-0.0006944386062401,116,0
57.746,-0.0007917407562401,116,0
57.748,-0.0010169217562401,116,0
57.75,-0.0011956024562401,116,0
57.752,-0.0011430642562401,116,0
57.754,-0.0009798352562401,116,0
57.756,-0.0005755379562401,116,0
57.758,-0.0005484702562401,116,0
57.76,-0.0006293164062401,116,0
57.762,-0.0007101625562401,116,0
57.764,-0.0011494772562401,116,0
57.766,-0.0010465667562401,116,0
57.768,-0.0006327467562401,116,0
57.77,-0.0005313124562401,116,0
57.772,-0.0005844738062401,116,0
57.774,-0.0006376351562401,116,0
57.776,-0.0008592829562401,116,0
57.778,-0.0009319515229067,116,0
57.78,-0.0010046200895734,116,0
57.782,-0.0010772886562401,116,0
57.784,-0.0011982039562401,116,0
57.786,-0.0011049613562401,116,0
57.788,-0.0009252400562401,116,0
57.79,-0.0007017288562401,116,0
57.792,-0.0005803900562401,116,0
57.794,-0.0007788300562401,116,0
57.796,-0.0008883229562401,116,0
57.798,-0.0009978158562401,116,0
57.8,-0.0011820988562401,116,0
57.802,-0.0011428464562401,116,0
57.804,-0.0009834773562401,116,0
57.806,-0.0007737722562401,116,0
57.808,-0.0005477563562401,116,0
57.81,-0.0009326573562401,116,0
57.812,-0.0011430642562401,116,0
57.814,-0.0011817237562401,116,0
57.816,-0.0008444362562401,116,0
57.818,-0.0005211726562401,116,0
57.82,-0.0007975729562401,116,0
57.822,-0.0010739732562401,116,0
57.824,-0.0010876281062401,116,0
57.826,-0.0011012829562401,116,0
57.828,-0.0009704416229067,116,0
57.83,-0.0008396002895734,116,0
57.832,-0.0007087589562401,116,0
57.834,-0.0006288263562401,116,0
57.836,-0.0005488937562401,116,0
57.838,-0.0005620262895734,116,0
57.84,-0.0005751588229067,116,0
57.842,-0.0005882913562401,116,0
57.844,-0.0007804393562401,116,0
57.846,-0.0009960976562401,116,0
57.848,-0.0011821593562401,116,0
57.85,-0.0007775111562401,116,0
57.852,-0.0005721136562401,116,0
57.854,-0.0005567527062401,116,0
57.856,-0.0005413917562401,116,0
57.858,-0.0006218446562401,116,0
57.86,-0.0007022975562401,116,0
57.862,-0.0011338198562401,116,0
57.864,-0.0011747783562401,116,0
57.866,-0.0010519028562401,116,0
57.868,-0.0008519503562401,116,0
57.87,-0.0007418403562401,116,0
57.872,-0.0006317303562401,116,0
57.874,-0.0005181960562401,116,0
57.876,-0.0010672698562401,116,0
57.878,-0.0011920329562401,116,0
57.88,-0.0011475049562401,116,0
57.882,-0.0011029769562401,116,0
57.884,-0.0010128380062401,116,0
57.886,-0.0009226990562401,116,0
57.888,-0.0007147484562401,116,0
57.89,-0.0005417910562401,116,0
57.892,-0.0005820840562401,116,0
57.894,-0.0007734818562401,116,0
57.896,-0.0009968478562401,116,0
57.898,-0.0011443347562401,116,0
57.9,-0.0009663316562401,116,0
57.902,-0.0007883285562401,116,0
57.904,-0.0005389112562401,116,0
57.906,-0.0006867248562401,116,0
57.908,-0.0007996057562401,116,0
57.91,-0.0009124866562401,116,0
57.912,-0.0011319564562401,116,0
57.914,-0.0011805863562401,116,0
57.916,-0.0010531975562401,116,0
57.918,-0.0008566935562401,116,0
57.92,-0.0005263635562401,116,0
57.922,-0.0006205378562401,116,0
57.924,-0.0007286271562401,116,0
57.926,-0.0008367164562401,116,0
57.928,-0.0010561741562401,116,0
57.93,-0.0011861886562401,116,0
57.932,-0.0011045257562401,116,0
57.934,-0.0009313868562401,116,0
57.936,-0.0007251665562401,116,0
57.938,-0.0005475506562401,116,0
57.94,-0.0005760582562401,116,0
57.942,-0.0007612124562401,116,0
57.944,-0.0011720921562401,116,0
57.946,-0.0011615712062401,116,0
57.948,-0.0011510502562401,116,0
57.95,-0.0010037569562401,116,0
57.952,-0.0007948383562401,116,0
57.954,-0.0005507329562401,116,0
57.956,-0.0006946866562401,116,0
57.958,-0.0008060853062401,116,0
57.96,-0.0009174839562401,116,0
57.962,-0.0011318717562401,116,0
57.964,-0.0011889837562401,116,0
57.966,-0.0010686855562401,116,0
57.968,-0.0008771909562401,116,0
57.97,-0.0006633234562401,116,0
57.972,-0.0005405689562401,116,0
57.974,-0.0006277615562401,116,0
57.976,-0.0008380111562401,116,0
57.978,-0.0010565734562401,116,0
57.98,-0.0011982523562401,116,0
57.982,-0.0011175453562401,116,0
57.984,-0.0009426640562401,116,0
57.986,-0.0007303816562401,116,0
57.988,-0.0005542056562401,116,0
57.99,-0.0005730453562401,116,0
57.992,-0.0007527182562401,116,0
57.994,-0.0011689461562401,116,0
57.996,-0.0011601192062401,116,0
57.998,-0.0011512922562401,116,0
58.0,-0.0008006100562401,117,0
58.002,-0.0005908807562401,117,0
58.004,-0.0005645995562401,117,0
58.006,-0.0005383183562401,117,0
58.008,-0.0006780370562401,117,0
58.01,-0.0011210180562401,117,0
58.012,-0.0011514435062401,117,0
58.014,-0.0011818689562401,117,0
58.016,-0.0008667970562401,117,0
58.018,-0.0006570677562401,117,0
58.02,-0.0005322078562401,117,0
58.022,-0.0005728336062401,117,0
58.024,-0.0006134593562401,117,0
58.026,-0.0008257296562401,117,0
58.028,-0.0010417993562401,117,0
58.03,-0.0011821109562401,117,0
58.032,-0.0011106967562401,117,0
58.034,-0.0007303332562401,117,0
58.036,-0.0005517735562401,117,0
58.038,-0.0005613265062401,117,0
58.04,-0.0005708794562401,117,0
58.042,-0.0009728414562401,117,0
58.044,-0.0011727334562401,117,0
58.046,-0.0011612566062401,117,0
58.048,-0.0011497797562401,117,0
58.05,-0.0007985530562401,117,0
58.052,-0.0005914252562401,117,0
58.054,-0.0005628874062401,117,0
58.056,-0.0005343495562401,117,0
58.058,-0.0006688168562401,117,0
58.06,-0.0008956918562401,117,0
58.062,-0.0011151616562401,117,0
58.064,-0.0011798361562401,117,0
58.066,-0.0010623814562401,117,0
58.068,-0.0008714192562401,117,0
58.07,-0.0006659491562401,117,0
58.072,-0.0005312519562401,117,0
58.074,-0.0006043722562401,117,0
58.076,-0.0008120687562401,117,0
58.078,-0.0010406377562401,117,0
58.08,-0.0011873139562401,117,0
58.082,-0.0009538202562401,117,0
58.084,-0.0005572306562401,117,0
58.086,-0.0005703712562401,117,0
58.088,-0.0007451315562401,117,0
58.09,-0.0008610435062401,117,0
58.092,-0.0009769554562401,117,0
58.094,-0.0010715109062401,117,0
58.096,-0.0011660663562401,117,0
58.098,-0.0011543172562401,117,0
58.1,-0.0010157843562401,117,0
58.102,-0.0008152752562401,117,0
58.104,-0.0006003066562401,117,0
58.106,-0.0005290497562401,117,0
58.108,-0.0006602500562401,117,0
58.11,-0.0008852253562401,117,0
58.112,-0.0011147623562401,117,0
58.114,-0.0011983733562401,117,0
58.116,-0.0008892304562401,117,0
58.118,-0.0006695912562401,117,0
58.12,-0.0005301871562401,117,0
58.122,-0.0006098172562401,117,0
58.124,-0.0007122074562401,117,0
58.126,-0.0008145976562401,117,0
58.128,-0.0010381693562401,117,0
58.13,-0.0009666946562401,117,0
58.132,-0.0008935985562401,117,0
58.134,-0.0008205024562401,117,0
58.136,-0.0007474063562401,117,0
58.138,-0.0005535764562401,117,0
58.14,-0.0005639461562401,117,0
58.142,-0.0007366615562401,117,0
58.144,-0.0009620603562401,117,0
58.146,-0.0011758189562401,117,0
58.148,-0.0011723704562401,117,0
58.15,-0.0010270252562401,117,0
58.152,-0.0008210348562401,117,0
58.154,-0.0006064292562401,117,0
58.156,-0.0005411376562401,117,0
58.158,-0.0008938647562401,117,0
58.16,-0.0009990924062401,117,0
58.162,-0.0011043200562401,117,0
58.164,-0.0011918030562401,117,0
58.166,-0.0006710795562401,117,0
58.168,-0.0005956300062401,117,0
58.17,-0.0005201804562401,117,0
58.172,-0.0005947406562401,117,0
58.174,-0.0006994661562401,117,0
58.176,-0.0008041916562401,117,0
58.178,-0.0010254401562401,117,0
58.18,-0.0011915005562401,117,0
58.182,-0.0011230508562401,117,0
58.184,-0.0009545099562401,117,0
58.186,-0.0005626514562401,117,0
58.188,-0.0006459115562401,117,0
58.19,-0.0007291716562401,117,0
58.192,-0.0008432383562401,117,0
58.194,-0.0009573050562401,117,0
58.196,-0.0011663930562401,117,0
58.198,-0.0010304616562401,117,0
58.2,-0.0008269880562401,117,0
58.202,-0.0007227707562401,117,0
58.204,-0.0006185534562401,117,0
58.206,-0.0005342527562401,117,0
58.208,-0.0008769731562401,117,0
58.21,-0.0011800418562401,117,0
58.212,-0.0011467950895734,117,0
58.214,-0.0011135483229067,117,0
58.216,-0.0010803015562401,117,0
58.218,-0.0008922433562401,117,0
58.22,-0.0006806264562401,117,0
58.222,-0.0005325587562401,117,0
58.224,-0.0005939057562401,117,0
58.226,-0.0007918859562401,117,0
58.228,-0.0010189061562401,117,0
58.23,-0.0009604389562401,117,0
58.232,-0.0005632806562401,117,0
58.234,-0.0005568374062401,117,0
58.236,-0.0005503941562401,117,0
58.238,-0.0006063122895734,117,0
58.24,-0.0006622304229067,117,0
58.242,-0.0007181485562401,117,0
58.244,-0.0009454107562401,117,0
58.246,-0.0011722857562401,117,0
58.248,-0.0011048585062401,117,0
58.25,-0.0010374312562401,117,0
58.252,-0.0008369705562401,117,0
58.254,-0.0006247365562401,117,0
58.256,-0.0006627789562401,117,0
58.258,-0.0011016217562401,117,0
58.26,-0.0011953846562401,117,0
58.262,-0.0011611537562401,117,0
58.264,-0.0011269228562401,117,0
58.266,-0.0010926919562401,117,0
58.268,-0.0009059284562401,117,0
58.27,-0.0007021039562401,117,0
58.272,-0.0005425291562401,117,0
58.274,-0.0005909291562401,117,0
58.276,-0.0007874210562401,117,0
58.278,-0.0010197773562401,117,0
58.28,-0.0011923959562401,117,0
58.282,-0.0011350177562401,117,0
58.284,-0.0009808516562401,117,0
58.286,-0.0007741594562401,117,0
58.288,-0.0007185720562401,117,0
58.29,-0.0011502274562401,117,0
58.292,-0.0010424043562401,117,0
58.294,-0.0009749347562401,117,0
58.296,-0.0009074651562401,117,0
58.298,-0.0008399955562401,117,0
58.3,-0.0007361957062401,117,0
58.302,-0.0006323958562401,117,0
58.304,-0.0005382336562401,117,0
58.306,-0.0005927199562401,117,0
58.308,-0.0006472062562401,117,0
58.31,-0.0008645464562401,117,0
58.312,-0.0010844155562401,117,0
58.314,-0.0011933639562401,117,0
58.316,-0.0010976892562401,117,0
58.318,-0.0009096310562401,117,0
58.32,-0.0005407383562401,117,0
58.322,-0.0005933854562401,117,0
58.324,-0.0006909961562401,117,0
58.326,-0.0007886068562401,117,0
58.328,-0.0010109685562401,117,0
58.33,-0.0011910044562401,117,0
58.332,-0.0011416001562401,117,0
58.334,-0.0009819890562401,117,0
58.336,-0.0005797487562401,117,0
58.338,-0.0007097390562401,117,0
58.34,-0.0009334438562401,117,0
58.342,-0.0010036198229067,117,0
58.344,-0.0010737957895734,117,0
58.346,-0.0011439717562401,117,0
58.348,-0.0011769684562401,117,0
58.35,-0.0008462149562401,117,0
58.352,-0.0006304961562401,117,0
58.354,-0.0006409505562401,117,0
58.356,-0.0007151033895734,117,0
58.358,-0.0007892562229067,117,0
58.36,-0.0008634090562401,117,0
58.362,-0.0010964187562401,117,0
58.364,-0.0011971633562401,117,0
58.366,-0.0011074176562401,117,0
58.368,-0.0007025274562401,117,0
58.37,-0.0005336235562401,117,0
58.372,-0.0005593300062401,117,0
58.374,-0.0005850364562401,117,0
58.376,-0.0010129166562401,117,0
58.378,-0.0011019908062401,117,0
58.38,-0.0011910649562401,117,0
58.382,-0.0007832223562401,117,0
58.384,-0.0005460139562401,117,0
58.386,-0.0005982859562401,117,0
58.388,-0.0006505579562401,117,0
58.39,-0.0007028299562401,117,0
58.392,-0.0009229531562401,117,0
58.394,-0.0011430763562401,117,0
58.396,-0.0011758068562401,117,0
58.398,-0.0010502330562401,117,0
58.4,-0.0009515999062401,117,0
58.402,-0.0008529667562401,117,0
58.404,-0.0006346948562401,117,0
58.406,-0.0006365340562401,117,0
58.408,-0.0008531603562401,117,0
58.41,-0.0010761754562401,117,0
58.412,-0.0011046951562401,117,0
58.414,-0.0009731479895734,117,0
58.416,-0.0008416008229067,117,0
58.418,-0.0007100536562401,117,0
58.42,-0.0005342043562401,117,0
58.422,-0.0005834634562401,117,0
58.424,-0.0007787211562401,117,0
58.426,-0.0008869012062401,117,0
58.428,-0.0009950812562401,117,0
58.43,-0.0011827885562401,117,0
58.432,-0.0011485576562401,117,0
58.434,-0.0007802457562401,117,0
58.436,-0.0006803844562401,117,0
58.438,-0.0005805231562401,117,0
58.44,-0.0005438722562401,117,0
58.442,-0.0006940332562401,117,0
58.444,-0.0011244423562401,117,0
58.446,-0.0011468334062401,117,0
58.448,-0.0011692244562401,117,0
58.45,-0.0010485874562401,117,0
58.452,-0.0008534144562401,117,0
58.454,-0.0005283358562401,117,0
58.456,-0.0006263216562401,117,0
58.458,-0.0008428632562401,117,0
58.46,-0.0009539110062401,117,0
58.462,-0.0010649587562401,117,0
58.464,-0.0011982281562401,117,0
58.466,-0.0011076838562401,117,0
58.468,-0.0009238848562401,117,0
58.47,-0.0007072222562401,117,0
58.472,-0.0005286141562401,117,0
58.474,-0.0005749329562401,117,0
58.476,-0.0009895031562401,117,0
58.478,-0.0011797877562401,117,0
58.48,-0.0010005988562401,117,0
58.482,-0.0007916742062401,117,0
58.484,-0.0005827495562401,117,0
58.486,-0.0005695484562401,117,0
58.488,-0.0005563473562401,117,0
58.49,-0.0005431462562401,117,0
58.492,-0.0006901128562401,117,0
58.494,-0.0009158504562401,117,0
58.496,-0.0011345821562401,117,0
58.498,-0.0011882819562401,117,0
58.5,-0.0008588473562401,118,0
58.502,-0.0007515143062401,118,0
58.504,-0.0006441812562401,118,0
58.506,-0.0005192487562401,118,0
58.508,-0.0006157583562401,118,0
58.51,-0.0010525199562401,118,0
58.512,-0.0011184044562401,118,0
58.514,-0.0011842889562401,118,0
58.516,-0.0011022751562401,118,0
58.518,-0.0009252158562401,118,0
58.52,-0.0007170595562401,118,0
58.522,-0.0005397703562401,118,0
58.524,-0.0005676971562401,118,0
58.526,-0.0007769908562401,118,0
58.528,-0.0011702408562401,118,0
58.53,-0.0011470330562401,118,0
58.532,-0.0009941616562401,118,0
58.534,-0.0005788654562401,118,0
58.536,-0.0005635387895734,118,0
58.538,-0.0005482121229067,118,0
58.54,-0.0005328854562401,118,0
58.542,-0.0011819173562401,118,0
58.544,-0.0010607600562401,118,0
58.546,-0.0010104270812401,118,0
58.548,-0.0009600941062401,118,0
58.55,-0.0009097611312401,118,0
58.552,-0.0008594281562401,118,0
58.554,-0.0005192003562401,118,0
58.556,-0.0006168473562401,118,0
58.558,-0.0007260196062401,118,0
58.56,-0.0008351918562401,118,0
58.562,-0.0010542623562401,118,0
58.564,-0.0011088091562401,118,0
58.566,-0.0010203339562401,118,0
58.568,-0.0009318587562401,118,0
58.57,-0.0007205443562401,118,0
58.572,-0.0005411255562401,118,0
58.574,-0.0007573041562401,118,0
58.576,-0.0008384709562401,118,0
58.578,-0.0009196377562401,118,0
58.58,-0.0010008045562401,118,0
58.582,-0.0008960911562401,118,0
58.584,-0.0007913777562401,118,0
58.586,-0.0006600020062401,118,0
58.588,-0.0005286262562401,118,0
58.59,-0.0006719023562401,118,0
58.592,-0.0007831497562401,118,0
58.594,-0.0008943971562401,118,0
58.596,-0.0011069457562401,118,0
58.598,-0.0011713419562401,118,0
58.6,-0.0010536089562401,118,0
58.602,-0.0008564636562401,118,0
58.604,-0.0006427776562401,118,0
58.606,-0.0005194181562401,118,0
58.608,-0.0006065018562401,118,0
58.61,-0.0008232491562401,118,0
58.612,-0.0011893951562401,118,0
58.614,-0.0011124875562401,118,0
58.616,-0.0009370496562401,118,0
58.618,-0.0007285303562401,118,0
58.62,-0.0005426501562401,118,0
58.622,-0.0005586221562401,118,0
58.624,-0.0007395050562401,118,0
58.626,-0.0009785647562401,118,0
58.628,-0.0010772342062401,118,0
58.63,-0.0011759036562401,118,0
58.632,-0.0011550553562401,118,0
58.634,-0.0007982021562401,118,0
58.636,-0.0005380884562401,118,0
58.638,-0.0006751814562401,118,0
58.64,-0.0008978093562401,118,0
58.642,-0.0011029285562401,118,0
58.644,-0.0011739676562401,118,0
58.646,-0.0011391640229067,118,0
58.648,-0.0011043603895734,118,0
58.65,-0.0010695567562401,118,0
58.652,-0.0008722783562401,118,0
58.654,-0.0005221527562401,118,0
58.656,-0.0005642970562401,118,0
58.658,-0.0006064413562401,118,0
58.66,-0.0008176105562401,118,0
58.662,-0.0011869993562401,118,0
58.664,-0.0011522602562401,118,0
58.666,-0.0011175211562401,118,0
58.668,-0.0009535903562401,118,0
58.67,-0.0007333824562401,118,0
58.672,-0.0005372777562401,118,0
58.674,-0.0005515194562401,118,0
58.676,-0.0007306720562401,118,0
58.678,-0.0009554658562401,118,0
58.68,-0.0011613957562401,118,0
58.682,-0.0011544624562401,118,0
58.684,-0.0010089841562401,118,0
58.686,-0.0008067689562401,118,0
58.688,-0.0005952488562401,118,0
58.69,-0.0006582898562401,118,0
58.692,-0.0008820309562401,118,0
58.694,-0.0009905982062401,118,0
58.696,-0.0010991654562401,118,0
58.698,-0.0011771257562401,118,0
58.7,-0.0010734045562401,118,0
58.702,-0.0006628878562401,118,0
58.704,-0.0005237136562401,118,0
58.706,-0.0005602738062401,118,0
58.708,-0.0005968339562401,118,0
58.71,-0.0008028727562401,118,0
58.712,-0.0010309456562401,118,0
58.714,-0.0011848939562401,118,0
58.716,-0.0011160449562401,118,0
58.718,-0.0009474435562401,118,0
58.72,-0.0007445991562401,118,0
58.722,-0.0005526447562401,118,0
58.724,-0.0005508660562401,118,0
58.726,-0.0007310834562401,118,0
58.728,-0.0009596161562401,118,0
58.73,-0.0011742943562401,118,0
58.732,-0.0011689461562401,118,0
58.734,-0.0010234557562401,118,0
58.736,-0.0005988425562401,118,0
58.738,-0.0005241371562401,118,0
58.74,-0.0006585439562401,118,0
58.742,-0.0007756417062401,118,0
58.744,-0.0008927394562401,118,0
58.746,-0.0011057962562401,118,0
58.748,-0.0011846035562401,118,0
58.75,-0.0010750501562401,118,0
58.752,-0.0008901500562401,118,0
58.754,-0.0006829012562401,118,0
58.756,-0.0005269080562401,118,0
58.758,-0.0005960474562401,118,0
58.76,-0.0007992306562401,118,0
58.762,-0.0011230145562401,118,0
58.764,-0.0010693994562401,118,0
58.766,-0.0010157843562401,118,0
58.768,-0.0009621692562401,118,0
58.77,-0.0007568564562401,118,0
58.772,-0.0005527899562401,118,0
58.774,-0.0005474296562401,118,0
58.776,-0.0007345440562401,118,0
58.778,-0.0011550674562401,118,0
58.78,-0.0011687162562401,118,0
58.782,-0.0010333414562401,118,0
58.784,-0.0008223658562401,118,0
58.786,-0.0006113902562401,118,0
58.788,-0.0005300782562401,118,0
58.79,-0.0005926171062401,118,0
58.792,-0.0006551559562401,118,0
58.794,-0.0011004722562401,118,0
58.796,-0.0011920450562401,118,0
58.798,-0.0011419571062401,118,0
58.8,-0.0010918691562401,118,0
58.802,-0.0009012457562401,118,0
58.804,-0.0006892295562401,118,0
58.806,-0.0005412465562401,118,0
58.808,-0.0008085476562401,118,0
58.81,-0.0009184701062401,118,0
58.812,-0.0010283925562401,118,0
58.814,-0.0011995107562401,118,0
58.816,-0.0011447098562401,118,0
58.818,-0.0009761689562401,118,0
58.82,-0.0007637292562401,118,0
58.822,-0.0005732389562401,118,0
58.824,-0.0007324144562401,118,0
58.826,-0.0009606567562401,118,0
58.828,-0.0011795941562401,118,0
58.83,-0.0010456471562401,118,0
58.832,-0.0008402012562401,118,0
58.834,-0.0007307749062401,118,0
58.836,-0.0006213485562401,118,0
58.838,-0.0006512839562401,118,0
58.84,-0.0007613032062401,118,0
58.842,-0.0008713224562401,118,0
58.844,-0.0010921716562401,118,0
58.846,-0.0011436390062401,118,0
58.848,-0.0011951063562401,118,0
58.85,-0.0010925951562401,118,0
58.852,-0.0006881647562401,118,0
58.854,-0.0006117714062401,118,0
58.856,-0.0005353780562401,118,0
58.858,-0.0005927562562401,118,0
58.86,-0.0007932895562401,118,0
58.862,-0.0011987847562401,118,0
58.864,-0.0011706643562401,118,0
58.866,-0.0011425439562401,118,0
58.868,-0.0007664880562401,118,0
58.87,-0.0006638256062401,118,0
58.872,-0.0005611631562401,118,0
58.874,-0.0006431527562401,118,0
58.876,-0.0007251423562401,118,0
58.878,-0.0009551149562401,118,0
58.88,-0.0011850875562401,118,0
58.882,-0.0008391122562401,118,0
58.884,-0.0007329408062401,118,0
58.886,-0.0006267693562401,118,0
58.888,-0.0005357289562401,118,0
58.89,-0.0006529779562401,118,0
58.892,-0.0008784856562401,118,0
58.894,-0.0011025534562401,118,0
58.896,-0.0011971149562401,118,0
58.898,-0.0010970963562401,118,0
58.9,-0.0009122567562401,118,0
58.902,-0.0006953037562401,118,0
58.904,-0.0005830399562401,118,0
58.906,-0.0007960725562401,118,0
58.908,-0.0010091051562401,118,0
58.91,-0.0010934058562401,118,0
58.912,-0.0011777065562401,118,0
58.914,-0.0011336504562401,118,0
58.916,-0.0005549195562401,118,0
58.918,-0.0005357531562401,118,0
58.92,-0.0007326383062401,118,0
58.922,-0.0009295234562401,118,0
58.924,-0.0010348418562401,118,0
58.926,-0.0011401602562401,118,0
58.928,-0.0011552973562401,118,0
58.93,-0.0011704344562401,118,0
58.932,-0.0010393914562401,118,0
58.934,-0.0008380111562401,118,0
58.936,-0.0005309736562401,118,0
58.938,-0.0005887935062401,118,0
58.94,-0.0006466133562401,118,0
58.942,-0.0010856981562401,118,0
58.944,-0.0011448308562401,118,0
58.946,-0.0012039635562401,118,0
58.948,-0.0011051186562401,118,0
58.95,-0.0009273938562401,118,0
58.952,-0.0006998170562401,118,0
58.954,-0.0005348577562401,118,0
58.956,-0.0007818066562401,118,0
58.958,-0.0011840590562401,118,0
58.96,-0.0011696761895734,118,0
58.962,-0.0011552933229067,118,0
58.964,-0.0011409104562401,118,0
58.966,-0.0007765794562401,118,0
58.968,-0.0005736987562401,118,0
58.97,-0.0005445014562401,118,0
58.972,-0.0006256138062401,118,0
58.974,-0.0007067261562401,118,0
58.976,-0.0009275632562401,118,0
58.978,-0.0011384299562401,118,0
58.98,-0.0011812155562401,118,0
58.982,-0.0010542018562401,118,0
58.984,-0.0005181113562401,118,0
58.986,-0.0005725976562401,118,0
58.988,-0.0006270839562401,118,0
58.99,-0.0008490282062401,118,0
58.992,-0.0010709724562401,118,0
58.994,-0.0011348725562401,118,0
58.996,-0.0011987726562401,118,0
58.998,-0.0011022872562401,118,0
59.0,-0.0009184761562401,119,0
59.002,-0.0005307558562401,119,0
59.004,-0.0006481742562401,119,0
59.006,-0.0007655926562401,119,0
59.008,-0.0011745121562401,119,0
59.01,-0.0011576447562401,119,0
59.012,-0.0011407773562401,119,0
59.014,-0.0009827634562401,119,0
59.016,-0.0007783944562401,119,0
59.018,-0.0005815032562401,119,0
59.02,-0.0005470182562401,119,0
59.022,-0.0006988974562401,119,0
59.024,-0.0009220698562401,119,0
59.026,-0.0011365302562401,119,0
59.028,-0.0011773314562401,119,0
59.03,-0.0010535847562401,119,0
59.032,-0.0008519382562401,119,0
59.034,-0.0006375504562401,119,0
59.036,-0.0005288924562401,119,0
59.038,-0.0006305929562401,119,0
59.04,-0.0008528820562401,119,0
59.042,-0.0010796239562401,119,0
59.044,-0.0010010889062401,119,0
59.046,-0.0009225538562401,119,0
59.048,-0.0007116629562401,119,0
59.05,-0.0005463406562401,119,0
59.052,-0.0005838385562401,119,0
59.054,-0.0007751032562401,119,0
59.056,-0.0009985902562401,119,0
59.058,-0.0011880520562401,119,0
59.06,-0.0011600042562401,119,0
59.062,-0.0010122148562401,119,0
59.064,-0.0007959515562401,119,0
59.066,-0.0005893803562401,119,0
59.068,-0.0005517856562401,119,0
59.07,-0.0006957998562401,119,0
59.072,-0.0011391075562401,119,0
59.074,-0.0011842284562401,119,0
59.076,-0.0011224882062401,119,0
59.078,-0.0010607479562401,119,0
59.08,-0.0008646069562401,119,0
59.082,-0.0006400914562401,119,0
59.084,-0.0005267144562401,119,0
59.086,-0.0006193883562401,119,0
59.088,-0.0008351313562401,119,0
59.09,-0.0010650434562401,119,0
59.092,-0.0011926379562401,119,0
59.094,-0.0009330445562401,119,0
59.096,-0.0008253787562401,119,0
59.098,-0.0007177129562401,119,0
59.1,-0.0005716175562401,119,0
59.102,-0.0009774878562401,119,0
59.104,-0.0010460948562401,119,0
59.106,-0.0011147018562401,119,0
59.108,-0.0011833088562401,119,0
59.11,-0.0011589515562401,119,0
59.112,-0.0008016385562401,119,0
59.114,-0.0005454815562401,119,0
59.116,-0.0007313799062401,119,0
59.118,-0.0009172782562401,119,0
59.12,-0.0010258757562401,119,0
59.122,-0.0011344732562401,119,0
59.124,-0.0011629506062401,119,0
59.126,-0.0011914279562401,119,0
59.128,-0.0010703916562401,119,0
59.13,-0.0008749524562401,119,0
59.132,-0.0006214332562401,119,0
59.134,-0.0007271691062401,119,0
59.136,-0.0008329049562401,119,0
59.138,-0.0009429423562401,119,0
59.14,-0.0010529797562401,119,0
59.142,-0.0011221554562401,119,0
59.144,-0.0007323781562401,119,0
59.146,-0.0006391476562401,119,0
59.148,-0.0005459171562401,119,0
59.15,-0.0005687619562401,119,0
59.152,-0.0007529844562401,119,0
59.154,-0.0008650002062401,119,0
59.156,-0.0009770159562401,119,0
59.158,-0.0011736167562401,119,0
59.16,-0.0011537122562401,119,0
59.162,-0.0007925998562401,119,0
59.164,-0.0005833545562401,119,0
59.166,-0.0005561477062401,119,0
59.168,-0.0005289408562401,119,0
59.17,-0.0006699421562401,119,0
59.172,-0.0008873307562401,119,0
59.174,-0.0011105394562401,119,0
59.176,-0.0010665559562401,119,0
59.178,-0.0009677594562401,119,0
59.18,-0.0008689629562401,119,0
59.182,-0.0005199021562401,119,0
59.184,-0.0006088129562401,119,0
59.186,-0.0008255481562401,119,0
59.188,-0.0010080827062401,119,0
59.19,-0.0011906172562401,119,0
59.192,-0.0011174243562401,119,0
59.194,-0.0009490407562401,119,0
59.196,-0.0007375085562401,119,0
59.198,-0.0005478410562401,119,0
59.2,-0.0005539757562401,119,0
59.202,-0.0005601104562401,119,0
59.204,-0.0007400253562401,119,0
59.206,-0.0009651095562401,119,0
59.208,-0.0011710273562401,119,0
59.21,-0.0011572212562401,119,0
59.212,-0.0010138604562401,119,0
59.214,-0.0008122018562401,119,0
59.216,-0.0005406536562401,119,0
59.218,-0.0006063445562401,119,0
59.22,-0.0006720354562401,119,0
59.222,-0.0011163111562401,119,0
59.224,-0.0010783655562401,119,0
59.226,-0.0010142194229067,119,0
59.228,-0.0009500732895734,119,0
59.23,-0.0008859271562401,119,0
59.232,-0.0006671228562401,119,0
59.234,-0.0005289650562401,119,0
59.236,-0.0008197764562401,119,0
59.238,-0.0010388227562401,119,0
59.24,-0.0011166741562401,119,0
59.242,-0.0011945255562401,119,0
59.244,-0.0011216956562401,119,0
59.246,-0.0009518600562401,119,0
59.248,-0.0007388274562401,119,0
59.25,-0.0005491841562401,119,0
59.252,-0.0005581502562401,119,0
59.254,-0.0009587086562401,119,0
59.256,-0.0011562290562401,119,0
59.258,-0.0011567856562401,119,0
59.26,-0.0010181801562401,119,0
59.262,-0.0008095519562401,119,0
59.264,-0.0005269322562401,119,0
59.266,-0.0008840879562401,119,0
59.268,-0.0011031342562401,119,0
59.27,-0.0011892862562401,119,0
59.272,-0.0010739732562401,119,0
59.274,-0.0008773119562401,119,0
59.276,-0.0006608308562401,119,0
59.278,-0.0005218139562401,119,0
59.28,-0.0005968339562401,119,0
59.282,-0.0006994903562401,119,0
59.284,-0.0008021467562401,119,0
59.286,-0.0009177925062401,119,0
59.288,-0.0010334382562401,119,0
59.29,-0.0011102430062401,119,0
59.292,-0.0011870477562401,119,0
59.294,-0.0011163958562401,119,0
59.296,-0.0009426761562401,119,0
59.298,-0.0007489672562401,119,0
59.3,-0.0005552583562401,119,0
59.302,-0.0007314222562401,119,0
59.304,-0.0009619877562401,119,0
59.306,-0.0011635858562401,119,0
59.308,-0.0011648684562401,119,0
59.31,-0.0010238671562401,119,0
59.312,-0.0008163884562401,119,0
59.314,-0.0005989635562401,119,0
59.316,-0.0005255649562401,119,0
59.318,-0.0010971326562401,119,0
59.32,-0.0011362156562401,119,0
59.322,-0.0011752986562401,119,0
59.324,-0.0010749654562401,119,0
59.326,-0.0009805975562401,119,0
59.328,-0.0008862296562401,119,0
59.33,-0.0006635291562401,119,0
59.332,-0.0005955029562401,119,0
59.334,-0.0011926379562401,119,0
59.336,-0.0011255071562401,119,0
59.338,-0.0005537337562401,119,0
59.34,-0.0009466570562401,119,0
59.342,-0.0010485330062401,119,0
59.344,-0.0011504089562401,119,0
59.346,-0.0010185068562401,119,0
59.348,-0.0006066954562401,119,0
59.35,-0.0006424751562401,119,0
59.352,-0.0006994903562401,119,0
59.354,-0.0007565055562401,119,0
59.356,-0.0008135207562401,119,0
59.358,-0.0008705359562401,119,0
59.36,-0.0009296777312401,119,0
59.362,-0.0009888195062401,119,0
59.364,-0.0010479612812401,119,0
59.366,-0.0011071030562401,119,0
59.368,-0.0011366351229067,119,0
59.37,-0.0011661671895734,119,0
59.372,-0.0011956992562401,119,0
59.374,-0.0010846212562401,119,0
59.376,-0.0008962242562401,119,0
59.378,-0.0006822236562401,119,0
59.38,-0.0006047473562401,119,0
59.382,-0.0005272710562401,119,0
59.384,-0.0005910138562401,119,0
59.386,-0.0007954554562401,119,0
59.388,-0.0010178413562401,119,0
59.39,-0.0011881246562401,119,0
59.392,-0.0011292823562401,119,0
59.394,-0.0009646981562401,119,0
59.396,-0.0007577155562401,119,0
59.398,-0.0005615019562401,119,0
59.4,-0.0007270541562401,119,0
59.402,-0.0009507347562401,119,0
59.404,-0.0011724309562401,119,0
59.406,-0.0011267574895734,119,0
59.408,-0.0010810840229067,119,0
59.41,-0.0010354105562401,119,0
59.412,-0.0008362203562401,119,0
59.414,-0.0005352933562401,119,0
59.416,-0.0005932523562401,119,0
59.418,-0.0006512113562401,119,0
59.42,-0.0008734883562401,119,0
59.422,-0.0011973327562401,119,0
59.424,-0.0010945190562401,119,0
59.426,-0.0006958482562401,119,0
59.428,-0.0005854478562401,119,0
59.43,-0.0010097343562401,119,0
59.432,-0.0011913553562401,119,0
59.434,-0.0011391922562401,119,0
59.436,-0.0009483268562401,119,0
59.438,-0.0007574614562401,119,0
59.44,-0.0005528625562401,119,0
59.442,-0.0005417910562401,119,0
59.444,-0.0006223105062401,119,0
59.446,-0.0007028299562401,119,0
59.448,-0.0009268251562401,119,0
59.45,-0.0011647837562401,119,0
59.452,-0.0011207760562401,119,0
59.454,-0.0010767683562401,119,0
59.456,-0.0010327606562401,119,0
59.458,-0.0009655854895734,119,0
59.46,-0.0008984103229067,119,0
59.462,-0.0008312351562401,119,0
59.464,-0.0006160124562401,119,0
59.466,-0.0005171070562401,119,0
59.468,-0.0006322385562401,119,0
59.47,-0.0008544671562401,119,0
59.472,-0.0010754494562401,119,0
59.474,-0.0011932187562401,119,0
59.476,-0.0008979545562401,119,0
59.478,-0.0007904521062401,119,0
59.48,-0.0006829496562401,119,0
59.482,-0.0005234111562401,119,0
59.484,-0.0005777522562401,119,0
59.486,-0.0010022686562401,119,0
59.488,-0.0010936720562401,119,0
59.49,-0.0011850754562401,119,0
59.492,-0.0011419510562401,119,0
59.494,-0.0009803313562401,119,0
59.496,-0.0006996476562401,119,0
59.498,-0.0009239816562401,119,0
59.5,-0.0011415033562401,120,0
59.502,-0.0011094464229067,120,0
59.504,-0.0010773894895734,120,0
59.506,-0.0010453325562401,120,0
59.508,-0.0009433961062401,120,0
59.51,-0.0008414596562401,120,0
59.512,-0.0007322632062401,120,0
59.514,-0.0006230667562401,120,0
59.516,-0.0005255286562401,120,0
59.518,-0.0008549632562401,120,0
59.52,-0.0011988815562401,120,0
59.522,-0.0011652959895734,120,0
59.524,-0.0011317104229067,120,0
59.526,-0.0010981248562401,120,0
59.528,-0.0009081306562401,120,0
59.53,-0.0007014989562401,120,0
59.532,-0.0005434729562401,120,0
59.534,-0.0007743167562401,120,0
59.536,-0.0011873502562401,120,0
59.538,-0.0011254910229067,120,0
59.54,-0.0010636317895734,120,0
59.542,-0.0010017725562401,120,0
59.544,-0.0007823753562401,120,0
59.546,-0.0005665355562401,120,0
59.548,-0.0005519429562401,120,0
59.55,-0.0005373503562401,120,0
59.552,-0.0006910566562401,120,0
59.554,-0.0011332995562401,120,0
59.556,-0.0008420646562401,120,0
59.558,-0.0006318271562401,120,0
59.56,-0.0005232054562401,120,0
59.562,-0.0006254383562401,120,0
59.564,-0.0006985465562401,120,0
59.566,-0.0007716547562401,120,0
59.568,-0.0008447629562401,120,0
59.57,-0.0009541288062401,120,0
59.572,-0.0010634946562401,120,0
59.574,-0.0011899033562401,120,0
59.576,-0.0009292572562401,120,0
59.578,-0.0005348214562401,120,0
59.58,-0.0005536006562401,120,0
59.582,-0.0005723798562401,120,0
59.584,-0.0006689136562401,120,0
59.586,-0.0007654474562401,120,0
59.588,-0.0009859215562401,120,0
59.59,-0.0011402812562401,120,0
59.592,-0.0009865991562401,120,0
59.594,-0.0008806213062401,120,0
59.596,-0.0007746434562401,120,0
59.598,-0.0005660878562401,120,0
59.6,-0.0005323409562401,120,0
59.602,-0.0009038109562401,120,0
59.604,-0.0011724551562401,120,0
59.606,-0.0011103035062401,120,0
59.608,-0.0010481518562401,120,0
59.61,-0.0008461786562401,120,0
59.612,-0.0005138037562401,120,0
59.614,-0.0006144999562401,120,0
59.616,-0.0007613052229067,120,0
59.618,-0.0009081104895734,120,0
59.62,-0.0010549157562401,120,0
59.622,-0.0011228330562401,120,0
59.624,-0.0011907503562401,120,0
59.626,-0.0011013434562401,120,0
59.628,-0.0009202306562401,120,0
59.63,-0.0007105739562401,120,0
59.632,-0.0005445861562401,120,0
59.634,-0.0007677827562401,120,0
59.636,-0.0009866838562401,120,0
59.638,-0.0010668887062401,120,0
59.64,-0.0011470935562401,120,0
59.642,-0.0009999575562401,120,0
59.644,-0.0007921642562401,120,0
59.646,-0.0005329580562401,120,0
59.648,-0.0006052676562401,120,0
59.65,-0.0006775772562401,120,0
59.652,-0.0007914080062401,120,0
59.654,-0.0009052387562401,120,0
59.656,-0.0011802959562401,120,0
59.658,-0.0008560159562401,120,0
59.66,-0.0007479871562401,120,0
59.662,-0.0006399583562401,120,0
59.664,-0.0005187768562401,120,0
59.666,-0.0008275325562401,120,0
59.668,-0.0009398750062401,120,0
59.67,-0.0010522174562401,120,0
59.672,-0.0011213326562401,120,0
59.674,-0.0011904478562401,120,0
59.676,-0.0011036424562401,120,0
59.678,-0.0009244535562401,120,0
59.68,-0.0005322925562401,120,0
59.682,-0.0005463285562401,120,0
59.684,-0.0005603645562401,120,0
59.686,-0.0009725026562401,120,0
59.688,-0.0011698415562401,120,0
59.69,-0.0007988434562401,120,0
59.692,-0.0009066181562401,120,0
59.694,-0.0009802869895734,120,0
59.696,-0.0010539558229067,120,0
59.698,-0.0011276246562401,120,0
59.7,-0.0011403949962401,120,0
59.702,-0.0011531653362401,120,0
59.704,-0.0011659356762401,120,0
59.706,-0.0011787060162401,120,0
59.708,-0.0011914763562401,120,0
59.71,-0.0010706699562401,120,0
59.712,-0.0008741175562401,120,0
59.714,-0.0005111780562401,120,0
59.716,-0.0006014803562401,120,0
59.718,-0.0007074763562401,120,0
59.72,-0.0008134723562401,120,0
59.722,-0.0010343699562401,120,0
59.724,-0.0011056631562401,120,0
59.726,-0.0009334317562401,120,0
59.728,-0.0008273147562401,120,0
59.73,-0.0007211977562401,120,0
59.732,-0.0005400849562401,120,0
59.734,-0.0005634863562401,120,0
59.736,-0.0007471764562401,120,0
59.738,-0.0009695018562401,120,0
59.74,-0.0011664172562401,120,0
59.742,-0.0011556724562401,120,0
59.744,-0.0010077257562401,120,0
59.746,-0.0008005858562401,120,0
59.748,-0.0006679819562401,120,0
59.75,-0.0008962605562401,120,0
59.752,-0.0011202194562401,120,0
59.754,-0.0011026986562401,120,0
59.756,-0.0010851778562401,120,0
59.758,-0.0010676570562401,120,0
59.76,-0.0008728107562401,120,0
59.762,-0.0007652417562401,120,0
59.764,-0.0006576727562401,120,0
59.766,-0.0005256738562401,120,0
59.768,-0.0006114749562401,120,0
59.77,-0.0008210953562401,120,0
59.772,-0.0010388953562401,120,0
59.774,-0.0011953241562401,120,0
59.776,-0.0011236679562401,120,0
59.778,-0.0009547156562401,120,0
59.78,-0.0007474789562401,120,0
59.782,-0.0005656764562401,120,0
59.784,-0.0007509516562401,120,0
59.786,-0.0009734101562401,120,0
59.788,-0.0011841921562401,120,0
59.79,-0.0011791888062401,120,0
59.792,-0.0011741854562401,120,0
59.794,-0.0010267469562401,120,0
59.796,-0.0008232612562401,120,0
59.798,-0.0006201264562401,120,0
59.8,-0.0005437875562401,120,0
59.802,-0.0006816549562401,120,0
59.804,-0.0011185254562401,120,0
59.806,-0.0011001153062401,120,0
59.808,-0.0010817051562401,120,0
59.81,-0.0008897628562401,120,0
59.812,-0.0007833615062401,120,0
59.814,-0.0006769601562401,120,0
59.816,-0.0005333331562401,120,0
59.818,-0.0006099140562401,120,0
59.82,-0.0008183486562401,120,0
59.822,-0.0010387138562401,120,0
59.824,-0.0011910407562401,120,0
59.826,-0.0011259548562401,120,0
59.828,-0.0009551149562401,120,0
59.83,-0.0007458817562401,120,0
59.832,-0.0005615866562401,120,0
59.834,-0.0009611407562401,120,0
59.836,-0.0011625089562401,120,0
59.838,-0.0008200063562401,120,0
59.84,-0.0006074819562401,120,0
59.842,-0.0005704862062401,120,0
59.844,-0.0005334904562401,120,0
59.846,-0.0006641462562401,120,0
59.848,-0.0008927878562401,120,0
59.85,-0.0009475222062401,120,0
59.852,-0.0010022565562401,120,0
59.854,-0.0010569909062401,120,0
59.856,-0.0011117252562401,120,0
59.858,-0.0011898670562401,120,0
59.86,-0.0010806040562401,120,0
59.862,-0.0006745643562401,120,0
59.864,-0.0005392621562401,120,0
59.866,-0.0005733055062401,120,0
59.868,-0.0006073488562401,120,0
59.87,-0.0008114637562401,120,0
59.872,-0.0010409765562401,120,0
59.874,-0.0011970060562401,120,0
59.876,-0.0009692356562401,120,0
59.878,-0.0005537216562401,120,0
59.88,-0.0005548429229067,120,0
59.882,-0.0005559641895734,120,0
59.884,-0.0005570854562401,120,0
59.886,-0.0009525739562401,120,0
59.888,-0.0010521327562401,120,0
59.89,-0.0011516915562401,120,0
59.892,-0.0011630655562401,120,0
59.894,-0.0010280295562401,120,0
59.896,-0.0006182509562401,120,0
59.898,-0.0005369026562401,120,0
59.9,-0.0007107675562401,120,0
59.902,-0.0008846324562401,120,0
59.904,-0.0011082646562401,120,0
59.906,-0.0011485395062401,120,0
59.908,-0.0011888143562401,120,0
59.91,-0.0010847059562401,120,0
59.912,-0.0006828407562401,120,0
59.914,-0.0006086798562401,120,0
59.916,-0.0005345189562401,120,0
59.918,-0.0005948011562401,120,0
59.92,-0.0007962056562401,120,0
59.922,-0.0010163893562401,120,0
59.924,-0.0011814454562401,120,0
59.926,-0.0011277698562401,120,0
59.928,-0.0009631372562401,120,0
59.93,-0.0007223956562401,120,0
59.932,-0.0007785547812401,120,0
59.934,-0.0008347139062401,120,0
59.936,-0.0008908730312401,120,0
59.938,-0.0009470321562401,120,0
59.94,-0.0011574874562401,120,0
59.942,-0.0011652072562401,120,0
59.944,-0.0008305817562401,120,0
59.946,-0.0007239928562401,120,0
59.948,-0.0006174039562401,120,0
59.95,-0.0006449072562401,120,0
59.952,-0.0008664945562401,120,0
59.954,-0.0010813300562401,120,0
59.956,-0.0011293791562401,120,0
59.958,-0.0011774282562401,120,0
59.96,-0.0008911664562401,120,0
59.962,-0.0006836756562401,120,0
59.964,-0.0006017707562401,120,0
59.966,-0.0005198658562401,120,0
59.968,-0.0005844072562401,120,0
59.97,-0.0007912325562401,120,0
59.972,-0.0010062132562401,120,0
59.974,-0.0011811308562401,120,0
59.976,-0.0007563724562401,120,0
59.978,-0.0007103561562401,120,0
59.98,-0.0009365777562401,120,0
59.982,-0.0010423136062401,120,0
59.984,-0.0011480494562401,120,0
59.986,-0.0011554022229067,120,0
59.988,-0.0011627549895734,120,0
59.99,-0.0011701077562401,120,0
59.992,-0.0010036904062401,120,0
59.994,-0.0008372730562401,120,0
59.996,-0.0005318932562401,120,0
59.998,-0.0006494084562401,120,0
60.0,-0.0007236016229067,121,0
60.002,-0.0007977947895734,121,0
60.004,-0.0008719879562401,121,0
60.006,-0.0010959589562401,121,0
60.008,-0.0011016943562401,121,0
60.01,-0.0006985223562401,121,0
60.012,-0.0006210884062401,121,0
60.014,-0.0005436544562401,121,0
60.016,-0.0005691794062401,121,0
60.018,-0.0005947043562401,121,0
60.02,-0.0007888004562401,121,0
60.022,-0.0010085485562401,121,0
60.024,-0.0011847850562401,121,0
60.026,-0.0011374982562401,121,0
60.028,-0.0009793270562401,121,0
60.03,-0.0005736382562401,121,0
60.032,-0.0005513742562401,121,0
60.034,-0.0007097148562401,121,0
60.036,-0.0009323064562401,121,0
60.038,-0.0011478437562401,121,0
60.04,-0.0011811429562401,121,0
60.042,-0.0010452478562401,121,0
60.044,-0.0008376965562401,121,0
60.046,-0.0006301452562401,121,0
60.048,-0.0006345920062401,121,0
60.05,-0.0006390387562401,121,0
60.052,-0.0008619328562401,121,0
60.054,-0.0009707542062401,121,0
60.056,-0.0010795755562401,121,0
60.058,-0.0009193836562401,121,0
60.06,-0.0007034107562401,121,0
60.062,-0.0005386329562401,121,0
60.064,-0.0005591908562401,121,0
60.066,-0.0005797487562401,121,0
60.068,-0.0007741352562401,121,0
60.07,-0.0009999817562401,121,0
60.072,-0.0010926012062401,121,0
60.074,-0.0011852206562401,121,0
60.076,-0.0011370021562401,121,0
60.078,-0.0009830780562401,121,0
60.08,-0.0007741836562401,121,0
60.082,-0.0005703712562401,121,0
60.084,-0.0005431583562401,121,0
60.086,-0.0006966710562401,121,0
60.088,-0.0011386235562401,121,0
60.09,-0.0011787592562401,121,0
60.092,-0.0006312463562401,121,0
60.094,-0.0005255649562401,121,0
60.096,-0.0005609009895734,121,0
60.098,-0.0005962370229067,121,0
60.1,-0.0006315730562401,121,0
60.102,-0.0008549148562401,121,0
60.104,-0.0010782566562401,121,0
60.106,-0.0011864911562401,121,0
60.108,-0.0009204605562401,121,0
60.11,-0.0008161585562401,121,0
60.112,-0.0007118565562401,121,0
60.114,-0.0005428316562401,121,0
60.116,-0.0006595966562401,121,0
60.118,-0.0007763616562401,121,0
60.12,-0.0009781352062401,121,0
60.122,-0.0011799087562401,121,0
60.124,-0.0011387324562401,121,0
60.126,-0.0009841912562401,121,0
60.128,-0.0007766883562401,121,0
60.13,-0.0005746546562401,121,0
60.132,-0.0006962112562401,121,0
60.134,-0.0009239090562401,121,0
60.136,-0.0011412976562401,121,0
60.138,-0.0010551093562401,121,0
60.14,-0.0008548301562401,121,0
60.142,-0.0007809031895734,121,0
60.144,-0.0007069762229067,121,0
60.146,-0.0006330492562401,121,0
60.148,-0.0006273864562401,121,0
60.15,-0.0007372302562401,121,0
60.152,-0.0008470740562401,121,0
60.154,-0.0010655879562401,121,0
60.156,-0.0009307818562401,121,0
60.158,-0.0007230490562401,121,0
60.16,-0.0006629201229067,121,0
60.162,-0.0006027911895734,121,0
60.164,-0.0005426622562401,121,0
60.166,-0.0005814911562401,121,0
60.168,-0.0009918868562401,121,0
60.17,-0.0011792674562401,121,0
60.172,-0.0011672037562401,121,0
60.174,-0.0011551400562401,121,0
60.176,-0.0010052815562401,121,0
60.178,-0.0007933500562401,121,0
60.18,-0.0005492567562401,121,0
60.182,-0.0007017651562401,121,0
60.184,-0.0008175924062401,121,0
60.186,-0.0009334196562401,121,0
60.188,-0.0011422535562401,121,0
60.19,-0.0011870356562401,121,0
60.192,-0.0008640503562401,121,0
60.194,-0.0006463108562401,121,0
60.196,-0.0006351849062401,121,0
60.198,-0.0006240589562401,121,0
60.2,-0.0007317368562401,121,0
60.202,-0.0008394147562401,121,0
60.204,-0.0010603849562401,121,0
60.206,-0.0012047621562401,121,0
60.208,-0.0011226031562401,121,0
60.21,-0.0007308898562401,121,0
60.212,-0.0006547748062401,121,0
60.214,-0.0005786597562401,121,0
60.216,-0.0007655805562401,121,0
60.218,-0.0009905074562401,121,0
60.22,-0.0010729326562401,121,0
60.222,-0.0011553578562401,121,0
60.224,-0.0010034544562401,121,0
60.226,-0.0007965807562401,121,0
60.228,-0.0005893924562401,121,0
60.23,-0.0005492083562401,121,0
60.232,-0.0006879953562401,121,0
60.234,-0.0009139265562401,121,0
60.236,-0.0011820383562401,121,0
60.238,-0.0011212600562401,121,0
60.24,-0.0010604817562401,121,0
60.242,-0.0005371204562401,121,0
60.244,-0.0006231756562401,121,0
60.246,-0.0010538751562401,121,0
60.248,-0.0011027510895734,121,0
60.25,-0.0011516270229067,121,0
60.252,-0.0012005029562401,121,0
60.254,-0.0010720130562401,121,0
60.256,-0.0009435231562401,121,0
60.258,-0.0007359476562401,121,0
60.26,-0.0005595538562401,121,0
60.262,-0.0007545211562401,121,0
60.264,-0.0011735078562401,121,0
60.266,-0.0011648321562401,121,0
60.268,-0.0011561564562401,121,0
60.27,-0.0011081194562401,121,0
60.272,-0.0010600824562401,121,0
60.274,-0.0010120454562401,121,0
60.276,-0.0008038770562401,121,0
60.278,-0.0005929861562401,121,0
60.28,-0.0005361161562401,121,0
60.282,-0.0006719144562401,121,0
60.284,-0.0008966598562401,121,0
60.286,-0.0011159602562401,121,0
60.288,-0.0011876527562401,121,0
60.29,-0.0006519252562401,121,0
60.292,-0.0006277071062401,121,0
60.294,-0.0006034889562401,121,0
60.296,-0.0006740884229067,121,0
60.298,-0.0007446878895734,121,0
60.3,-0.0008152873562401,121,0
60.302,-0.0010407103562401,121,0
60.304,-0.0011849786562401,121,0
60.306,-0.0011165652562401,121,0
60.308,-0.0009472741562401,121,0
60.31,-0.0005570007562401,121,0
60.312,-0.0005702865562401,121,0
60.314,-0.0007607647562401,121,0
60.316,-0.0008710804562401,121,0
60.318,-0.0009813961562401,121,0
60.32,-0.0011783115562401,121,0
60.322,-0.0011591330562401,121,0
60.324,-0.0010150583562401,121,0
60.326,-0.0008139442562401,121,0
60.328,-0.0006087766562401,121,0
60.33,-0.0005461107562401,121,0
60.332,-0.0006740077562401,121,0
60.334,-0.0008950263562401,121,0
60.336,-0.0011143267562401,121,0
60.338,-0.0006668566562401,121,0
60.34,-0.0006013654062401,121,0
60.342,-0.0005358741562401,121,0
60.344,-0.0005754895562401,121,0
60.346,-0.0006151049562401,121,0
60.348,-0.0007220326562401,121,0
60.35,-0.0008289603562401,121,0
60.352,-0.0010431303562401,121,0
60.354,-0.0012004303562401,121,0
60.356,-0.0011293428562401,121,0
60.358,-0.0007437037562401,121,0
60.36,-0.0005621311562401,121,0
60.362,-0.0005704499062401,121,0
60.364,-0.0005787686562401,121,0
60.366,-0.0007477209562401,121,0
60.368,-0.0009745354562401,121,0
60.37,-0.0011748025562401,121,0
60.372,-0.0011665019562401,121,0
60.374,-0.0008098544562401,121,0
60.376,-0.0006051466562401,121,0
60.378,-0.0005702200062401,121,0
60.38,-0.0005352933562401,121,0
60.382,-0.0006614842562401,121,0
60.384,-0.0011908592562401,121,0
60.386,-0.0010771313562401,121,0
60.388,-0.0010148486229067,121,0
60.39,-0.0009525658895734,121,0
60.392,-0.0008902831562401,121,0
60.394,-0.0006750967562401,121,0
60.396,-0.0006031501562401,121,0
60.398,-0.0010246536562401,121,0
60.4,-0.0010768853229067,121,0
60.402,-0.0011291169895734,121,0
60.404,-0.0011813486562401,121,0
60.406,-0.0011263662562401,121,0
60.408,-0.0009862119562401,121,0
60.41,-0.0007426147562401,121,0
60.412,-0.0005392742562401,121,0
60.414,-0.0007196973562401,121,0
60.416,-0.0008319793062401,121,0
60.418,-0.0009442612562401,121,0
60.42,-0.0010179865562401,121,0
60.422,-0.0009156326562401,121,0
60.424,-0.0008132787562401,121,0
60.426,-0.0006707044562401,121,0
60.428,-0.0005281301562401,121,0
60.43,-0.0008138898062401,121,0
60.432,-0.0010996494562401,121,0
60.434,-0.0011277174229067,121,0
60.436,-0.0011557853895734,121,0
60.438,-0.0011838533562401,121,0
60.44,-0.0008914568562401,121,0
60.442,-0.0006797310562401,121,0
60.444,-0.0005384998562401,121,0
60.446,-0.0006020611562401,121,0
60.448,-0.0010330147562401,121,0
60.45,-0.0010651241229067,121,0
60.452,-0.0010972334895734,121,0
60.454,-0.0011293428562401,121,0
60.456,-0.0009646255562401,121,0
60.458,-0.0005590456562401,121,0
60.46,-0.0005589367562401,121,0
60.462,-0.0011451817562401,121,0
60.464,-0.0011505541562401,121,0
60.466,-0.0011559265562401,121,0
60.468,-0.0011612989562401,121,0
60.47,-0.0010301954562401,121,0
60.472,-0.0008271332562401,121,0
60.474,-0.0006746793062401,121,0
60.476,-0.0005222253562401,121,0
60.478,-0.0008649215562401,121,0
60.48,-0.0010887473562401,121,0
60.482,-0.0011378128562401,121,0
60.484,-0.0011868783562401,121,0
60.486,-0.0011338682562401,121,0
60.488,-0.0010808581562401,121,0
60.49,-0.0008941430562401,121,0
60.492,-0.0007440123062401,121,0
60.494,-0.0005938815562401,121,0
60.496,-0.0010262145562401,121,0
60.498,-0.0010837863562401,121,0
60.5,-0.0011413581562401,122,0
60.502,-0.0009529853562401,122,0
60.504,-0.0007646125562401,122,0
60.506,-0.0005693185562401,122,0
60.508,-0.0007211856562401,122,0
60.51,-0.0008338245562401,122,0
60.512,-0.0009464634562401,122,0
60.514,-0.0011548012562401,122,0
60.516,-0.0010944343562401,122,0
60.518,-0.0010340674562401,122,0
60.52,-0.0008311262562401,122,0
60.522,-0.0006861198562401,122,0
60.524,-0.0005411134562401,122,0
60.526,-0.0005963076062401,122,0
60.528,-0.0006515017562401,122,0
60.53,-0.0008722178562401,122,0
60.532,-0.0010937688562401,122,0
60.534,-0.0011941867562401,122,0
60.536,-0.0010890982562401,122,0
60.538,-0.0006784726562401,122,0
60.54,-0.0006048925562401,122,0
60.542,-0.0005313124562401,122,0
60.544,-0.0005880856562401,122,0
60.546,-0.0007865135562401,122,0
60.548,-0.0011884513562401,122,0
60.55,-0.0010822678062401,122,0
60.552,-0.0009760842562401,122,0
60.554,-0.0008708445062401,122,0
60.556,-0.0007656047562401,122,0
60.558,-0.0005667654562401,122,0
60.56,-0.0005533828562401,122,0
60.562,-0.0009422042562401,122,0
60.564,-0.0011512559562401,122,0
60.566,-0.0011685952562401,122,0
60.568,-0.0010385807562401,122,0
60.57,-0.0009366624562401,122,0
60.572,-0.0008347441562401,122,0
60.574,-0.0006219051562401,122,0
60.576,-0.0005219954562401,122,0
60.578,-0.0006337147562401,122,0
60.58,-0.0008527489562401,122,0
60.582,-0.0010805072562401,122,0
60.584,-0.0010940350562401,122,0
60.586,-0.0009120147562401,122,0
60.588,-0.0008050507562401,122,0
60.59,-0.0006980867562401,122,0
60.592,-0.0005344221562401,122,0
60.594,-0.0007756235562401,122,0
60.596,-0.0011704707562401,122,0
60.598,-0.0011514072062401,122,0
60.6,-0.0011323436562401,122,0
60.602,-0.0010558777062401,122,0
60.604,-0.0009794117562401,122,0
60.606,-0.0007711707562401,122,0
60.608,-0.0005674793562401,122,0
60.61,-0.0007040036562401,122,0
60.612,-0.0008194860562401,122,0
60.614,-0.0009349684562401,122,0
60.616,-0.0011734836562401,122,0
60.618,-0.0011095049062401,122,0
60.62,-0.0010455261562401,122,0
60.622,-0.0008483445562401,122,0
60.624,-0.0006416402562401,122,0
60.626,-0.0005424928562401,122,0
60.628,-0.0006455243562401,122,0
60.63,-0.0008573590562401,122,0
60.632,-0.0010760423562401,122,0
60.634,-0.0011089180562401,122,0
60.636,-0.0010194325062401,122,0
60.638,-0.0009299469562401,122,0
60.64,-0.0007144943562401,122,0
60.642,-0.0005411860562401,122,0
60.644,-0.0005870087562401,122,0
60.646,-0.0007771239562401,122,0
60.648,-0.0011892015562401,122,0
60.65,-0.0011703921062401,122,0
60.652,-0.0011515826562401,122,0
60.654,-0.0007857149562401,122,0
60.656,-0.0005872991562401,122,0
60.658,-0.0005714602562401,122,0
60.66,-0.0005556213562401,122,0
60.662,-0.0011356348562401,122,0
60.664,-0.0011492554229067,122,0
60.666,-0.0011628759895734,122,0
60.668,-0.0011764965562401,122,0
60.67,-0.0010582674562401,122,0
60.672,-0.0008566330562401,122,0
60.674,-0.0005174216562401,122,0
60.676,-0.0006185534562401,122,0
60.678,-0.0007291474562401,122,0
60.68,-0.0008397414562401,122,0
60.682,-0.0010643295562401,122,0
60.684,-0.0011837444562401,122,0
60.686,-0.0010913367562401,122,0
60.688,-0.0009144347562401,122,0
60.69,-0.0007080087562401,122,0
60.692,-0.0005408593562401,122,0
60.694,-0.0005814669562401,122,0
60.696,-0.0011796304562401,122,0
60.698,-0.0009922740562401,122,0
60.7,-0.0009232395229067,122,0
60.702,-0.0008542049895734,122,0
60.704,-0.0007851704562401,122,0
60.706,-0.0007362562062401,122,0
60.708,-0.0006873419562401,122,0
60.71,-0.0007993637562401,122,0
60.712,-0.0009113855562401,122,0
60.714,-0.0010191723562401,122,0
60.716,-0.0011269591562401,122,0
60.718,-0.0011740402562401,122,0
60.72,-0.0008521802562401,122,0
60.722,-0.0006295523562401,122,0
60.724,-0.0005129930562401,122,0
60.726,-0.0008338608562401,122,0
60.728,-0.0009593096229067,122,0
60.73,-0.0010847583895734,122,0
60.732,-0.0012102071562401,122,0
60.734,-0.0009312174562401,122,0
60.736,-0.0008244349562401,122,0
60.738,-0.0007176524562401,122,0
60.74,-0.0005395404562401,122,0
60.742,-0.0006468493062401,122,0
60.744,-0.0007541581562401,122,0
60.746,-0.0008679889062401,122,0
60.748,-0.0009818196562401,122,0
60.75,-0.0007847953562401,122,0
60.752,-0.0007327381312401,122,0
60.754,-0.0006806809062401,122,0
60.756,-0.0006286236812401,122,0
60.758,-0.0005765664562401,122,0
60.76,-0.0006833852562401,122,0
60.762,-0.0009240542562401,122,0
60.764,-0.0011560838562401,122,0
60.766,-0.0011706280562401,122,0
60.768,-0.0011851722562401,122,0
60.77,-0.0010618611562401,122,0
60.772,-0.0008637599562401,122,0
60.774,-0.0006508725562401,122,0
60.776,-0.0005247300562401,122,0
60.778,-0.0006139554562401,122,0
60.78,-0.0008278229562401,122,0
60.782,-0.0010546858562401,122,0
60.784,-0.0011947312562401,122,0
60.786,-0.0011157303562401,122,0
60.788,-0.0009367229562401,122,0
60.79,-0.0005363218562401,122,0
60.792,-0.0005501098062401,122,0
60.794,-0.0005638977562401,122,0
60.796,-0.0007546300562401,122,0
60.798,-0.0011527684562401,122,0
60.8,-0.0010817898562401,122,0
60.802,-0.0010108112562401,122,0
60.804,-0.0008041069562401,122,0
60.806,-0.0005962047562401,122,0
60.808,-0.0005475627562401,122,0
60.81,-0.0009071868562401,122,0
60.812,-0.0011335294562401,122,0
60.814,-0.0011658969562401,122,0
60.816,-0.0011982644562401,122,0
60.818,-0.0011379580562401,122,0
60.82,-0.0010776516562401,122,0
60.822,-0.0008809782562401,122,0
60.824,-0.0006666993562401,122,0
60.826,-0.0006197997562401,122,0
60.828,-0.0008334010562401,122,0
60.83,-0.0010130921062401,122,0
60.832,-0.0011927831562401,122,0
60.834,-0.0011193845562401,122,0
60.836,-0.0005523059562401,122,0
60.838,-0.0005593300062401,122,0
60.84,-0.0005663540562401,122,0
60.842,-0.0007469102562401,122,0
60.844,-0.0008605292562401,122,0
60.846,-0.0009741482562401,122,0
60.848,-0.0011798361562401,122,0
60.85,-0.0010197773562401,122,0
60.852,-0.0006044327562401,122,0
60.854,-0.0005354748562401,122,0
60.856,-0.0006684538562401,122,0
60.858,-0.0009000115562401,122,0
60.86,-0.0011105757562401,122,0
60.862,-0.0011845793562401,122,0
60.864,-0.0010718678562401,122,0
60.866,-0.0009354080895734,122,0
60.868,-0.0007989483229067,122,0
60.87,-0.0006624885562401,122,0
60.872,-0.0005294611562401,122,0
60.874,-0.0006075666562401,122,0
60.876,-0.0007124615562401,122,0
60.878,-0.0008173564562401,122,0
60.88,-0.0010451873562401,122,0
60.882,-0.0011873381562401,122,0
60.884,-0.0011208244562401,122,0
60.886,-0.0009529369562401,122,0
60.888,-0.0007397349562401,122,0
60.89,-0.0005565046562401,122,0
60.892,-0.0005681569562401,122,0
60.894,-0.0007410901562401,122,0
60.896,-0.0009627984562401,122,0
60.898,-0.0011622306562401,122,0
60.9,-0.0009908220562401,122,0
60.902,-0.0008194134562401,122,0
60.904,-0.0006017102562401,122,0
60.906,-0.0005656946062401,122,0
60.908,-0.0005296789562401,122,0
60.91,-0.0006603468562401,122,0
60.912,-0.0008815227562401,122,0
60.914,-0.0011076354562401,122,0
60.916,-0.0011911375562401,122,0
60.918,-0.0010751227562401,122,0
60.92,-0.0008806999562401,122,0
60.922,-0.0006734753562401,122,0
60.924,-0.0005329217562401,122,0
60.926,-0.0008147065562401,122,0
60.928,-0.0010358703562401,122,0
60.93,-0.0011129655062401,122,0
60.932,-0.0011900606562401,122,0
60.934,-0.0011204493562401,122,0
60.936,-0.0007392388562401,122,0
60.938,-0.0006516469562401,122,0
60.94,-0.0005640550562401,122,0
60.942,-0.0006503764562401,122,0
60.944,-0.0007366978562401,122,0
60.946,-0.0011610932562401,122,0
60.948,-0.0006178637562401,122,0
60.95,-0.0005782483562401,122,0
60.952,-0.0005386329562401,122,0
60.954,-0.0006619924562401,122,0
60.956,-0.0008872823562401,122,0
60.958,-0.0011008473562401,122,0
60.96,-0.0011416848562401,122,0
60.962,-0.0011825223562401,122,0
60.964,-0.0011466740895734,122,0
60.966,-0.0011108258229067,122,0
60.968,-0.0010749775562401,122,0
60.97,-0.0008846687562401,122,0
60.972,-0.0006737657562401,122,0
60.974,-0.0005348456562401,122,0
60.976,-0.0008021951562401,122,0
60.978,-0.0009133094562401,122,0
60.98,-0.0010244237562401,122,0
60.982,-0.0011878221562401,122,0
60.984,-0.0011188763562401,122,0
60.986,-0.0009555505562401,122,0
60.988,-0.0007457123562401,122,0
60.99,-0.0005507571562401,122,0
60.992,-0.0005532255562401,122,0
60.994,-0.0007228070562401,122,0
60.996,-0.0009482058562401,122,0
60.998,-0.0011522965562401,122,0
